ISO-10303-21;
HEADER;
/* Generated by software containing ST-Developer
 * from STEP Tools, Inc. (www.steptools.com) 
 */

FILE_DESCRIPTION(
/* description */ (''),
/* implementation_level */ '2;1');

FILE_NAME(
/* name */ 'BodyMain.stp',
/* time_stamp */ '2026-09-26T13:38:18+02:00',
/* author */ ('Vadim'),
/* organization */ (''),
/* preprocessor_version */ 'ST-DEVELOPER v20.2',
/* originating_system */ 'Autodesk Inventor 2027',
/* authorisation */ '');

FILE_SCHEMA (('AUTOMOTIVE_DESIGN { 1 0 10303 214 3 1 1 }'));
ENDSEC;

DATA;
#10=MECHANICAL_DESIGN_GEOMETRIC_PRESENTATION_REPRESENTATION('',(#13),#16690);
#11=SHAPE_REPRESENTATION_RELATIONSHIP('SRR','None',#16697,#12);
#12=ADVANCED_BREP_SHAPE_REPRESENTATION('',(#14),#16689);
#13=STYLED_ITEM('',(#16707),#14);
#14=MANIFOLD_SOLID_BREP('T\X2\011B\X0\leso1',#8789);
#15=(
BOUNDED_SURFACE()
B_SPLINE_SURFACE(2,2,((#13618,#13619,#13620),(#13621,#13622,#13623),(#13624,
#13625,#13626)),.UNSPECIFIED.,.F.,.F.,.F.)
B_SPLINE_SURFACE_WITH_KNOTS((3,3),(3,3),(-1.57079632679492,0.),(-1.5707963267949,
0.),.UNSPECIFIED.)
GEOMETRIC_REPRESENTATION_ITEM()
RATIONAL_B_SPLINE_SURFACE(((1.,0.707106781186548,1.),(0.707106781186562,
0.50000000000001,0.707106781186562),(1.,0.707106781186548,1.)))
REPRESENTATION_ITEM('')
SURFACE()
);
#16=(
BOUNDED_SURFACE()
B_SPLINE_SURFACE(2,2,((#13657,#13658,#13659),(#13660,#13661,#13662),(#13663,
#13664,#13665)),.UNSPECIFIED.,.F.,.F.,.F.)
B_SPLINE_SURFACE_WITH_KNOTS((3,3),(3,3),(0.,1.57079632679493),(-1.5707963267949,
0.),.UNSPECIFIED.)
GEOMETRIC_REPRESENTATION_ITEM()
RATIONAL_B_SPLINE_SURFACE(((1.,0.707106781186548,1.),(0.707106781186525,
0.499999999999984,0.707106781186525),(1.,0.707106781186548,1.)))
REPRESENTATION_ITEM('')
SURFACE()
);
#17=(
BOUNDED_SURFACE()
B_SPLINE_SURFACE(2,2,((#13711,#13712,#13713),(#13714,#13715,#13716),(#13717,
#13718,#13719)),.UNSPECIFIED.,.F.,.F.,.F.)
B_SPLINE_SURFACE_WITH_KNOTS((3,3),(3,3),(-2.22044604925042E-15,1.57079632679493),
(-1.5707963267949,0.),.UNSPECIFIED.)
GEOMETRIC_REPRESENTATION_ITEM()
RATIONAL_B_SPLINE_SURFACE(((1.,0.707106781186548,1.),(0.707106781186578,
0.500000000000022,0.707106781186578),(1.,0.707106781186548,1.)))
REPRESENTATION_ITEM('')
SURFACE()
);
#18=(
BOUNDED_SURFACE()
B_SPLINE_SURFACE(2,2,((#15786,#15787,#15788),(#15789,#15790,#15791),(#15792,
#15793,#15794)),.UNSPECIFIED.,.F.,.F.,.F.)
B_SPLINE_SURFACE_WITH_KNOTS((3,3),(3,3),(-1.5707963267949,0.),(-1.5707963267949,
0.),.UNSPECIFIED.)
GEOMETRIC_REPRESENTATION_ITEM()
RATIONAL_B_SPLINE_SURFACE(((1.,0.707106781186548,1.),(0.707106781186552,
0.500000000000004,0.707106781186552),(1.,0.707106781186548,1.)))
REPRESENTATION_ITEM('')
SURFACE()
);
#19=(
BOUNDED_SURFACE()
B_SPLINE_SURFACE(2,2,((#15825,#15826,#15827),(#15828,#15829,#15830),(#15831,
#15832,#15833)),.UNSPECIFIED.,.F.,.F.,.F.)
B_SPLINE_SURFACE_WITH_KNOTS((3,3),(3,3),(0.,1.57079632679491),(-1.5707963267949,
0.),.UNSPECIFIED.)
GEOMETRIC_REPRESENTATION_ITEM()
RATIONAL_B_SPLINE_SURFACE(((1.,0.707106781186548,1.),(0.707106781186562,
0.500000000000011,0.707106781186562),(1.,0.707106781186548,1.)))
REPRESENTATION_ITEM('')
SURFACE()
);
#20=(
BOUNDED_SURFACE()
B_SPLINE_SURFACE(2,2,((#15879,#15880,#15881),(#15882,#15883,#15884),(#15885,
#15886,#15887)),.UNSPECIFIED.,.F.,.F.,.F.)
B_SPLINE_SURFACE_WITH_KNOTS((3,3),(3,3),(-2.22044604925033E-15,1.57079632679491),
(-1.5707963267949,0.),.UNSPECIFIED.)
GEOMETRIC_REPRESENTATION_ITEM()
RATIONAL_B_SPLINE_SURFACE(((1.,0.707106781186548,1.),(0.707106781186564,
0.500000000000012,0.707106781186564),(1.,0.707106781186548,1.)))
REPRESENTATION_ITEM('')
SURFACE()
);
#21=CONICAL_SURFACE('',#9014,1.075,0.785398163397446);
#22=CONICAL_SURFACE('',#9024,1.775,0.785398163397498);
#23=CONICAL_SURFACE('',#9291,2.4625,0.785398163397448);
#24=CONICAL_SURFACE('',#9530,1.075,0.785398163397446);
#25=CONICAL_SURFACE('',#9540,1.775,0.785398163397498);
#26=CONICAL_SURFACE('',#9803,2.4625,0.785398163397448);
#27=FACE_BOUND('',#2672,.T.);
#28=FACE_BOUND('',#2690,.T.);
#29=FACE_BOUND('',#2695,.T.);
#30=FACE_BOUND('',#2698,.T.);
#31=FACE_BOUND('',#2699,.T.);
#32=FACE_BOUND('',#2700,.T.);
#33=FACE_BOUND('',#2711,.T.);
#34=FACE_BOUND('',#2787,.T.);
#35=FACE_BOUND('',#2804,.T.);
#36=FACE_BOUND('',#2820,.T.);
#37=FACE_BOUND('',#2841,.T.);
#38=FACE_BOUND('',#2846,.T.);
#39=FACE_BOUND('',#2888,.T.);
#40=FACE_BOUND('',#2906,.T.);
#41=FACE_BOUND('',#2907,.T.);
#42=FACE_BOUND('',#2908,.T.);
#43=FACE_BOUND('',#2909,.T.);
#44=FACE_BOUND('',#2930,.T.);
#45=FACE_BOUND('',#2947,.T.);
#46=FACE_BOUND('',#2960,.T.);
#47=FACE_BOUND('',#2968,.T.);
#48=FACE_BOUND('',#2973,.T.);
#49=FACE_BOUND('',#2976,.T.);
#50=FACE_BOUND('',#2977,.T.);
#51=FACE_BOUND('',#2978,.T.);
#52=FACE_BOUND('',#2989,.T.);
#53=FACE_BOUND('',#3065,.T.);
#54=FACE_BOUND('',#3082,.T.);
#55=FACE_BOUND('',#3097,.T.);
#56=FACE_BOUND('',#3106,.T.);
#57=FACE_BOUND('',#3127,.T.);
#58=FACE_BOUND('',#3132,.T.);
#59=PLANE('',#8882);
#60=PLANE('',#8884);
#61=PLANE('',#8887);
#62=PLANE('',#8903);
#63=PLANE('',#8937);
#64=PLANE('',#8940);
#65=PLANE('',#8945);
#66=PLANE('',#8954);
#67=PLANE('',#8982);
#68=PLANE('',#8983);
#69=PLANE('',#8984);
#70=PLANE('',#9010);
#71=PLANE('',#9011);
#72=PLANE('',#9013);
#73=PLANE('',#9018);
#74=PLANE('',#9030);
#75=PLANE('',#9032);
#76=PLANE('',#9033);
#77=PLANE('',#9045);
#78=PLANE('',#9046);
#79=PLANE('',#9052);
#80=PLANE('',#9063);
#81=PLANE('',#9152);
#82=PLANE('',#9153);
#83=PLANE('',#9155);
#84=PLANE('',#9156);
#85=PLANE('',#9158);
#86=PLANE('',#9159);
#87=PLANE('',#9160);
#88=PLANE('',#9165);
#89=PLANE('',#9166);
#90=PLANE('',#9167);
#91=PLANE('',#9169);
#92=PLANE('',#9173);
#93=PLANE('',#9179);
#94=PLANE('',#9190);
#95=PLANE('',#9191);
#96=PLANE('',#9192);
#97=PLANE('',#9202);
#98=PLANE('',#9204);
#99=PLANE('',#9207);
#100=PLANE('',#9212);
#101=PLANE('',#9213);
#102=PLANE('',#9214);
#103=PLANE('',#9215);
#104=PLANE('',#9216);
#105=PLANE('',#9217);
#106=PLANE('',#9222);
#107=PLANE('',#9225);
#108=PLANE('',#9226);
#109=PLANE('',#9227);
#110=PLANE('',#9228);
#111=PLANE('',#9229);
#112=PLANE('',#9230);
#113=PLANE('',#9231);
#114=PLANE('',#9232);
#115=PLANE('',#9233);
#116=PLANE('',#9236);
#117=PLANE('',#9237);
#118=PLANE('',#9240);
#119=PLANE('',#9271);
#120=PLANE('',#9275);
#121=PLANE('',#9276);
#122=PLANE('',#9277);
#123=PLANE('',#9278);
#124=PLANE('',#9279);
#125=PLANE('',#9281);
#126=PLANE('',#9282);
#127=PLANE('',#9283);
#128=PLANE('',#9284);
#129=PLANE('',#9288);
#130=PLANE('',#9293);
#131=PLANE('',#9294);
#132=PLANE('',#9295);
#133=PLANE('',#9296);
#134=PLANE('',#9297);
#135=PLANE('',#9298);
#136=PLANE('',#9299);
#137=PLANE('',#9372);
#138=PLANE('',#9374);
#139=PLANE('',#9376);
#140=PLANE('',#9379);
#141=PLANE('',#9381);
#142=PLANE('',#9396);
#143=PLANE('',#9401);
#144=PLANE('',#9435);
#145=PLANE('',#9438);
#146=PLANE('',#9443);
#147=PLANE('',#9453);
#148=PLANE('',#9455);
#149=PLANE('',#9458);
#150=PLANE('',#9484);
#151=PLANE('',#9485);
#152=PLANE('',#9486);
#153=PLANE('',#9487);
#154=PLANE('',#9513);
#155=PLANE('',#9526);
#156=PLANE('',#9527);
#157=PLANE('',#9529);
#158=PLANE('',#9534);
#159=PLANE('',#9546);
#160=PLANE('',#9548);
#161=PLANE('',#9549);
#162=PLANE('',#9561);
#163=PLANE('',#9562);
#164=PLANE('',#9568);
#165=PLANE('',#9579);
#166=PLANE('',#9668);
#167=PLANE('',#9669);
#168=PLANE('',#9671);
#169=PLANE('',#9672);
#170=PLANE('',#9674);
#171=PLANE('',#9675);
#172=PLANE('',#9676);
#173=PLANE('',#9681);
#174=PLANE('',#9682);
#175=PLANE('',#9683);
#176=PLANE('',#9685);
#177=PLANE('',#9688);
#178=PLANE('',#9692);
#179=PLANE('',#9703);
#180=PLANE('',#9704);
#181=PLANE('',#9705);
#182=PLANE('',#9715);
#183=PLANE('',#9717);
#184=PLANE('',#9720);
#185=PLANE('',#9725);
#186=PLANE('',#9726);
#187=PLANE('',#9727);
#188=PLANE('',#9728);
#189=PLANE('',#9729);
#190=PLANE('',#9730);
#191=PLANE('',#9733);
#192=PLANE('',#9735);
#193=PLANE('',#9736);
#194=PLANE('',#9737);
#195=PLANE('',#9738);
#196=PLANE('',#9739);
#197=PLANE('',#9740);
#198=PLANE('',#9741);
#199=PLANE('',#9742);
#200=PLANE('',#9743);
#201=PLANE('',#9744);
#202=PLANE('',#9746);
#203=PLANE('',#9751);
#204=PLANE('',#9752);
#205=PLANE('',#9753);
#206=PLANE('',#9754);
#207=PLANE('',#9757);
#208=PLANE('',#9783);
#209=PLANE('',#9787);
#210=PLANE('',#9788);
#211=PLANE('',#9789);
#212=PLANE('',#9790);
#213=PLANE('',#9791);
#214=PLANE('',#9793);
#215=PLANE('',#9794);
#216=PLANE('',#9795);
#217=PLANE('',#9796);
#218=PLANE('',#9800);
#219=PLANE('',#9805);
#220=PLANE('',#9806);
#221=PLANE('',#9807);
#222=PLANE('',#9808);
#223=PLANE('',#9809);
#224=PLANE('',#9810);
#225=PLANE('',#9811);
#226=ELLIPSE('',#8851,0.353553390593273,0.25);
#227=ELLIPSE('',#8859,27.3650324319194,19.35);
#228=ELLIPSE('',#8860,27.5423764406777,19.6);
#229=ELLIPSE('',#8870,1.76776695296637,1.25);
#230=ELLIPSE('',#8871,1.95256241897666,1.5);
#231=ELLIPSE('',#8875,2.47487373415292,1.75);
#232=ELLIPSE('',#8876,2.30488611432322,1.5);
#233=ELLIPSE('',#8902,0.353553390593274,0.25);
#234=ELLIPSE('',#8944,1.4142135623731,1.);
#235=ELLIPSE('',#8946,0.707106781186554,0.500000000000005);
#236=ELLIPSE('',#8953,0.270598050073097,0.25);
#237=ELLIPSE('',#8958,0.270598050073102,0.25);
#238=ELLIPSE('',#8960,0.559016994374952,0.25);
#239=ELLIPSE('',#8964,0.353553390593273,0.25);
#240=ELLIPSE('',#8974,0.270598050073097,0.25);
#241=ELLIPSE('',#8986,0.270598050073097,0.25);
#242=ELLIPSE('',#8989,0.270598050073099,0.25);
#243=ELLIPSE('',#8992,0.270598050073098,0.25);
#244=ELLIPSE('',#8993,0.2705980500731,0.25);
#245=ELLIPSE('',#9000,0.353553390593273,0.25);
#246=ELLIPSE('',#9012,0.353553390593274,0.25);
#247=ELLIPSE('',#9038,2.12132034355964,1.5);
#248=ELLIPSE('',#9039,2.12132034355964,1.5);
#249=ELLIPSE('',#9041,2.12132034355964,1.5);
#250=ELLIPSE('',#9043,2.12132034355964,1.5);
#251=ELLIPSE('',#9048,0.353553390593273,0.25);
#252=ELLIPSE('',#9051,0.353553390593274,0.25);
#253=ELLIPSE('',#9062,0.353553390593274,0.25);
#254=ELLIPSE('',#9064,0.353553390593274,0.25);
#255=ELLIPSE('',#9066,0.353553390593273,0.25);
#256=ELLIPSE('',#9067,0.353553390593275,0.25);
#257=ELLIPSE('',#9091,0.270598050073097,0.25);
#258=ELLIPSE('',#9133,0.707106781186548,0.5);
#259=ELLIPSE('',#9142,0.707106781186548,0.5);
#260=ELLIPSE('',#9144,0.707106781186548,0.5);
#261=ELLIPSE('',#9180,21.0792156716831,18.);
#262=ELLIPSE('',#9181,21.9393102292057,19.);
#263=ELLIPSE('',#9182,21.0792156716832,18.);
#264=ELLIPSE('',#9183,21.9393102292058,19.);
#265=ELLIPSE('',#9186,21.0792156716832,18.);
#266=ELLIPSE('',#9187,21.9393102292058,19.);
#267=ELLIPSE('',#9188,21.9393102292058,19.);
#268=ELLIPSE('',#9189,21.0792156716832,18.);
#269=ELLIPSE('',#9340,0.353553390593273,0.25);
#270=ELLIPSE('',#9348,27.5423764406777,19.6);
#271=ELLIPSE('',#9349,27.3650324319194,19.35);
#272=ELLIPSE('',#9359,1.95256241897666,1.5);
#273=ELLIPSE('',#9360,1.76776695296637,1.25);
#274=ELLIPSE('',#9364,2.30488611432322,1.5);
#275=ELLIPSE('',#9365,2.47487373415292,1.75);
#276=ELLIPSE('',#9395,0.353553390593274,0.25);
#277=ELLIPSE('',#9442,1.4142135623731,1.);
#278=ELLIPSE('',#9444,0.707106781186554,0.500000000000005);
#279=ELLIPSE('',#9446,0.270598050073097,0.25);
#280=ELLIPSE('',#9461,0.270598050073102,0.25);
#281=ELLIPSE('',#9462,0.559016994374952,0.25);
#282=ELLIPSE('',#9466,0.353553390593273,0.25);
#283=ELLIPSE('',#9476,0.270598050073097,0.25);
#284=ELLIPSE('',#9496,0.270598050073097,0.25);
#285=ELLIPSE('',#9499,0.270598050073099,0.25);
#286=ELLIPSE('',#9501,0.2705980500731,0.25);
#287=ELLIPSE('',#9502,0.270598050073098,0.25);
#288=ELLIPSE('',#9509,0.353553390593273,0.25);
#289=ELLIPSE('',#9528,0.353553390593274,0.25);
#290=ELLIPSE('',#9554,2.12132034355964,1.5);
#291=ELLIPSE('',#9555,2.12132034355964,1.5);
#292=ELLIPSE('',#9557,2.12132034355964,1.5);
#293=ELLIPSE('',#9559,2.12132034355964,1.5);
#294=ELLIPSE('',#9564,0.353553390593273,0.25);
#295=ELLIPSE('',#9567,0.353553390593274,0.25);
#296=ELLIPSE('',#9578,0.353553390593274,0.25);
#297=ELLIPSE('',#9580,0.353553390593274,0.25);
#298=ELLIPSE('',#9582,0.353553390593273,0.25);
#299=ELLIPSE('',#9583,0.353553390593275,0.25);
#300=ELLIPSE('',#9607,0.270598050073097,0.25);
#301=ELLIPSE('',#9649,0.707106781186548,0.5);
#302=ELLIPSE('',#9658,0.707106781186548,0.5);
#303=ELLIPSE('',#9660,0.707106781186548,0.5);
#304=ELLIPSE('',#9693,21.0792156716831,18.);
#305=ELLIPSE('',#9694,21.9393102292057,19.);
#306=ELLIPSE('',#9695,21.0792156716832,18.);
#307=ELLIPSE('',#9696,21.9393102292058,19.);
#308=ELLIPSE('',#9699,21.0792156716832,18.);
#309=ELLIPSE('',#9700,21.9393102292058,19.);
#310=ELLIPSE('',#9701,21.9393102292058,19.);
#311=ELLIPSE('',#9702,21.0792156716832,18.);
#312=B_SPLINE_CURVE_WITH_KNOTS('',3,(#12572,#12573,#12574,#12575),
 .UNSPECIFIED.,.F.,.F.,(4,4),(1.00115254181012E-16,0.0727692348174541),
 .UNSPECIFIED.);
#313=B_SPLINE_CURVE_WITH_KNOTS('',3,(#12576,#12577,#12578,#12579),
 .UNSPECIFIED.,.F.,.F.,(4,4),(-0.0727692348174541,-1.00115254181012E-16),
 .UNSPECIFIED.);
#314=B_SPLINE_CURVE_WITH_KNOTS('',3,(#12634,#12635,#12636,#12637),
 .UNSPECIFIED.,.F.,.F.,(4,4),(0.,0.141483194423084),.UNSPECIFIED.);
#315=B_SPLINE_CURVE_WITH_KNOTS('',3,(#12640,#12641,#12642,#12643),
 .UNSPECIFIED.,.F.,.F.,(4,4),(-0.141483194423084,0.),.UNSPECIFIED.);
#316=B_SPLINE_CURVE_WITH_KNOTS('',3,(#12704,#12705,#12706,#12707),
 .UNSPECIFIED.,.F.,.F.,(4,4),(0.,0.0226819428273667),.UNSPECIFIED.);
#317=B_SPLINE_CURVE_WITH_KNOTS('',3,(#12708,#12709,#12710,#12711),
 .UNSPECIFIED.,.F.,.F.,(4,4),(-0.0226819428273667,0.),.UNSPECIFIED.);
#318=B_SPLINE_CURVE_WITH_KNOTS('',3,(#12733,#12734,#12735,#12736),
 .UNSPECIFIED.,.F.,.F.,(4,4),(0.,0.0727150374571069),.UNSPECIFIED.);
#319=B_SPLINE_CURVE_WITH_KNOTS('',3,(#12739,#12740,#12741,#12742),
 .UNSPECIFIED.,.F.,.F.,(4,4),(-0.0727150374571069,0.),.UNSPECIFIED.);
#320=B_SPLINE_CURVE_WITH_KNOTS('',3,(#12822,#12823,#12824,#12825),
 .UNSPECIFIED.,.F.,.F.,(4,4),(1.0883986297558E-16,0.0661144886096351),
 .UNSPECIFIED.);
#321=B_SPLINE_CURVE_WITH_KNOTS('',3,(#12826,#12827,#12828,#12829),
 .UNSPECIFIED.,.F.,.F.,(4,4),(-0.0661144886096351,-1.0883986297558E-16),
 .UNSPECIFIED.);
#322=B_SPLINE_CURVE_WITH_KNOTS('',3,(#12857,#12858,#12859,#12860,#12861,
#12862,#12863,#12864,#12865,#12866),.UNSPECIFIED.,.F.,.F.,(4,2,2,2,4),(0.0381871697070802,
0.0478499047605959,0.0575126398141116,0.0669162612084694,0.0763198826028273),
 .UNSPECIFIED.);
#323=B_SPLINE_CURVE_WITH_KNOTS('',3,(#12938,#12939,#12940,#12941,#12942,
#12943,#12944,#12945),.UNSPECIFIED.,.F.,.F.,(4,2,1,1,4),(-0.000387301884855827,
0.,0.0512498892739855,0.0768748339109782,0.128124723184964),
 .UNSPECIFIED.);
#324=B_SPLINE_CURVE_WITH_KNOTS('',3,(#12946,#12947,#12948,#12949,#12950,
#12951,#12952,#12953),.UNSPECIFIED.,.F.,.F.,(4,1,1,2,4),(-0.128124723184964,
-0.0768748339109782,-0.0512498892739855,0.,0.000387301884855827),
 .UNSPECIFIED.);
#325=B_SPLINE_CURVE_WITH_KNOTS('',3,(#13274,#13275,#13276,#13277,#13278,
#13279,#13280,#13281),.UNSPECIFIED.,.F.,.F.,(4,1,1,2,4),(0.,0.0768748339108869,
0.102499778547849,0.128124723184812,0.128512025069682),.UNSPECIFIED.);
#326=B_SPLINE_CURVE_WITH_KNOTS('',3,(#13282,#13283,#13284,#13285,#13286,
#13287,#13288,#13289),.UNSPECIFIED.,.F.,.F.,(4,2,1,1,4),(-0.128512025069682,
-0.128124723184812,-0.102499778547849,-0.0768748339108869,0.),
 .UNSPECIFIED.);
#327=B_SPLINE_CURVE_WITH_KNOTS('',3,(#13499,#13500,#13501,#13502,#13503,
#13504,#13505,#13506,#13507,#13508,#13509,#13510,#13511,#13512),
 .UNSPECIFIED.,.F.,.F.,(4,2,2,2,2,2,4),(-0.000232856372825813,0.,0.0065746406997248,
0.0123127675339331,0.0229539860566248,0.0300200933848674,0.0412169799609592),
 .UNSPECIFIED.);
#328=B_SPLINE_CURVE_WITH_KNOTS('',3,(#13513,#13514,#13515,#13516,#13517,
#13518,#13519,#13520,#13521,#13522),.UNSPECIFIED.,.F.,.F.,(4,1,1,1,1,1,
1,4),(0.124026883932516,0.136026625972128,0.14802636801174,0.172025852090965,
0.181025658620674,0.190025465150383,0.196025336170189,0.208025078209802),
 .UNSPECIFIED.);
#329=B_SPLINE_CURVE_WITH_KNOTS('',3,(#13523,#13524,#13525,#13526,#13527,
#13528),.UNSPECIFIED.,.F.,.F.,(4,1,1,4),(-0.150069379787312,-0.14802636801174,
-0.136026625972128,-0.124026883932516),.UNSPECIFIED.);
#330=B_SPLINE_CURVE_WITH_KNOTS('',3,(#13570,#13571,#13572,#13573,#13574,
#13575,#13576,#13577,#13578,#13579,#13580,#13581,#13582,#13583),
 .UNSPECIFIED.,.F.,.F.,(4,2,2,2,2,2,4),(-0.0437202096227022,-0.0434450918088517,
-0.0351323557261583,-0.0265272152466334,-0.016669569764335,-0.00813394739168284,
0.),.UNSPECIFIED.);
#331=B_SPLINE_CURVE_WITH_KNOTS('',3,(#13587,#13588,#13589,#13590,#13591,
#13592,#13593,#13594,#13595,#13596),.UNSPECIFIED.,.F.,.F.,(4,2,2,2,4),(-0.000223606970791301,
0.,0.0234725213633916,0.0374368458712685,0.0464833539071369),
 .UNSPECIFIED.);
#332=B_SPLINE_CURVE_WITH_KNOTS('',3,(#13612,#13613,#13614,#13615,#13616,
#13617),.UNSPECIFIED.,.F.,.F.,(4,2,4),(0.159541019917782,0.164519777484813,
0.164746997634149),.UNSPECIFIED.);
#333=B_SPLINE_CURVE_WITH_KNOTS('',3,(#13646,#13647,#13648,#13649,#13650,
#13651,#13652,#13653,#13654,#13655),.UNSPECIFIED.,.F.,.F.,(4,2,2,2,4),(0.0385385317604348,
0.0484467375885993,0.0583549434167637,0.067751857688754,0.0771487719607442),
 .UNSPECIFIED.);
#334=B_SPLINE_CURVE_WITH_KNOTS('',3,(#13682,#13683,#13684,#13685,#13686,
#13687),.UNSPECIFIED.,.F.,.F.,(4,2,4),(0.0987692040198177,0.0989964241691536,
0.103975181736203),.UNSPECIFIED.);
#335=B_SPLINE_CURVE_WITH_KNOTS('',3,(#13749,#13750,#13751,#13752,#13753,
#13754,#13755,#13756,#13757,#13758,#13759,#13760,#13761,#13762),
 .UNSPECIFIED.,.F.,.F.,(4,2,2,2,2,2,4),(0.,0.00820544599288869,0.01712867027906,
0.0277094037074748,0.0351410706059483,0.0426690198853766,0.0429297016532025),
 .UNSPECIFIED.);
#336=B_SPLINE_CURVE_WITH_KNOTS('',3,(#13767,#13768,#13769,#13770,#13771,
#13772,#13773,#13774,#13775,#13776,#13777,#13778,#13779,#13780,#13781,#13782),
 .UNSPECIFIED.,.F.,.F.,(4,2,2,2,2,2,2,4),(-0.000309551486607601,0.,0.0105833985099166,
0.0207235614818811,0.0315851497094158,0.0397909942446104,0.0469776118389154,
0.0471007401252573),.UNSPECIFIED.);
#337=B_SPLINE_CURVE_WITH_KNOTS('',3,(#13786,#13787,#13788,#13789,#13790,
#13791,#13792,#13793,#13794,#13795,#13796,#13797,#13798,#13799),
 .UNSPECIFIED.,.F.,.F.,(4,2,2,2,2,2,4),(-0.0428888834217896,-0.0346411566739446,
-0.025671953088198,-0.0150366996010668,-0.00756673905136286,0.,0.000262025000353829),
 .UNSPECIFIED.);
#338=B_SPLINE_CURVE_WITH_KNOTS('',3,(#13818,#13819,#13820,#13821,#13822,
#13823),.UNSPECIFIED.,.F.,.F.,(4,2,4),(0.159541019917765,0.164519777484814,
0.16474699763415),.UNSPECIFIED.);
#339=B_SPLINE_CURVE_WITH_KNOTS('',3,(#13828,#13829,#13830,#13831,#13832,
#13833,#13834,#13835,#13836,#13837),.UNSPECIFIED.,.F.,.F.,(4,2,2,2,4),(0.0376702800605311,
0.0470899709883192,0.0565096619161072,0.0659269430776236,0.0753442242391399),
 .UNSPECIFIED.);
#340=B_SPLINE_CURVE_WITH_KNOTS('',3,(#13846,#13847,#13848,#13849,#13850,
#13851,#13852,#13853),.UNSPECIFIED.,.F.,.F.,(4,2,2,4),(-0.000386496161569181,
0.,0.0164324676148725,0.0322223864516196),.UNSPECIFIED.);
#341=B_SPLINE_CURVE_WITH_KNOTS('',3,(#13860,#13861,#13862,#13863,#13864,
#13865,#13866,#13867,#13868,#13869,#13870,#13871,#13872,#13873),
 .UNSPECIFIED.,.F.,.F.,(4,2,2,2,2,2,4),(-0.000276583851194904,0.,0.00809416390416698,
0.0159502456094381,0.0265264622889414,0.0354581223136691,0.0437136248901346),
 .UNSPECIFIED.);
#342=B_SPLINE_CURVE_WITH_KNOTS('',3,(#13890,#13891,#13892,#13893,#13894,
#13895,#13896,#13897),.UNSPECIFIED.,.F.,.F.,(4,2,2,4),(-0.000386496161568958,
0.,0.0164324676148553,0.0322223864515844),.UNSPECIFIED.);
#343=B_SPLINE_CURVE_WITH_KNOTS('',3,(#13903,#13904,#13905,#13906,#13907,
#13908,#13909,#13910),.UNSPECIFIED.,.F.,.F.,(4,2,2,4),(-0.000386849338618709,
0.,0.0165979790852504,0.0322220778040827),.UNSPECIFIED.);
#344=B_SPLINE_CURVE_WITH_KNOTS('',3,(#13927,#13928,#13929,#13930,#13931,
#13932,#13933,#13934,#13935),.UNSPECIFIED.,.F.,.F.,(4,1,1,1,1,1,4),(-1.98849465880423,
-1.70442399326077,-1.42035332771731,-1.13628266217385,-0.852211996630386,
-0.284070665543462,0.),.UNSPECIFIED.);
#345=B_SPLINE_CURVE_WITH_KNOTS('',3,(#14028,#14029,#14030,#14031,#14032,
#14033,#14034,#14035,#14036,#14037,#14038,#14039,#14040,#14041,#14042,#14043,
#14044,#14045,#14046,#14047,#14048,#14049,#14050,#14051,#14052,#14053,#14054,
#14055,#14056,#14057,#14058,#14059,#14060,#14061,#14062,#14063,#14064),
 .UNSPECIFIED.,.F.,.F.,(4,3,3,3,3,3,3,3,3,3,3,3,4),(-0.000509512774233725,
0.,0.0151451167622599,0.0300918204892887,0.0387715768978468,0.05272612632115,
0.0666806757444532,0.0767743822624553,0.0904543153036728,0.103451950978209,
0.115795852002288,0.128864796996416,0.130886050862885),.UNSPECIFIED.);
#346=B_SPLINE_CURVE_WITH_KNOTS('',3,(#14066,#14067,#14068,#14069,#14070,
#14071,#14072),.UNSPECIFIED.,.F.,.F.,(4,3,4),(-0.146432097618479,-0.132868918469364,
-0.126296895344956),.UNSPECIFIED.);
#347=B_SPLINE_CURVE_WITH_KNOTS('',3,(#14075,#14076,#14077,#14078,#14079,
#14080,#14081,#14082,#14083,#14084,#14085,#14086),.UNSPECIFIED.,.F.,.F.,
(4,2,2,2,2,4),(-0.000517709873633895,0.,0.0442786531515347,0.0877426489276224,
0.125245754311485,0.159806907099416),.UNSPECIFIED.);
#348=B_SPLINE_CURVE_WITH_KNOTS('',3,(#14110,#14111,#14112,#14113,#14114,
#14115,#14116),.UNSPECIFIED.,.F.,.F.,(4,3,4),(-0.175443067248419,-0.16189872810136,
-0.157047528422617),.UNSPECIFIED.);
#349=B_SPLINE_CURVE_WITH_KNOTS('',3,(#14121,#14122,#14123,#14124,#14125,
#14126,#14127,#14128,#14129,#14130,#14131,#14132,#14133,#14134),
 .UNSPECIFIED.,.F.,.F.,(4,2,2,2,2,2,4),(-0.167889426019675,-0.167387663789269,
-0.124632690896837,-0.0811834804048126,-0.0436847316140924,-0.00936365231852849,
-0.000271500012213221),.UNSPECIFIED.);
#350=B_SPLINE_CURVE_WITH_KNOTS('',3,(#14140,#14141,#14142,#14143,#14144,
#14145,#14146,#14147,#14148,#14149),.UNSPECIFIED.,.F.,.F.,(4,2,2,2,4),(0.,
0.03665815718325,0.0792390650626722,0.130313505129214,0.13082041657753),
 .UNSPECIFIED.);
#351=B_SPLINE_CURVE_WITH_KNOTS('',3,(#14155,#14156,#14157,#14158,#14159,
#14160,#14161,#14162,#14163,#14164,#14165,#14166,#14167,#14168),
 .UNSPECIFIED.,.F.,.F.,(4,2,2,2,2,2,4),(-0.000504365363287693,0.,0.0279983823746115,
0.0557275632496549,0.0975367295016593,0.133988183900888,0.167926775165152),
 .UNSPECIFIED.);
#352=B_SPLINE_CURVE_WITH_KNOTS('',3,(#14196,#14197,#14198,#14199,#14200,
#14201,#14202),.UNSPECIFIED.,.F.,.F.,(4,3,4),(-0.0183471291458396,-0.005060500556756,
0.),.UNSPECIFIED.);
#353=B_SPLINE_CURVE_WITH_KNOTS('',3,(#14203,#14204,#14205,#14206,#14207,
#14208,#14209,#14210,#14211,#14212,#14213,#14214),.UNSPECIFIED.,.F.,.F.,
(4,2,2,2,2,4),(-0.159505942451765,-0.158990874462953,-0.11493918249324,
-0.071696634077266,-0.0343847476576752,0.),.UNSPECIFIED.);
#354=B_SPLINE_CURVE_WITH_KNOTS('',3,(#14237,#14238,#14239,#14240,#14241,
#14242,#14243),.UNSPECIFIED.,.F.,.F.,(4,3,4),(-0.020072731162495,-0.00654649311546029,
0.),.UNSPECIFIED.);
#355=B_SPLINE_CURVE_WITH_KNOTS('',3,(#14284,#14285,#14286,#14287,#14288,
#14289,#14290,#14291,#14292),.UNSPECIFIED.,.F.,.F.,(4,1,1,1,1,1,4),(0.,
0.284070665543462,0.852211996630386,1.13628266217385,1.42035332771731,1.70442399326077,
1.98849465880423),.UNSPECIFIED.);
#356=B_SPLINE_CURVE_WITH_KNOTS('',3,(#14645,#14646,#14647,#14648),
 .UNSPECIFIED.,.F.,.F.,(4,4),(-0.0727692348174541,-1.00115254181012E-16),
 .UNSPECIFIED.);
#357=B_SPLINE_CURVE_WITH_KNOTS('',3,(#14649,#14650,#14651,#14652),
 .UNSPECIFIED.,.F.,.F.,(4,4),(1.00115254181012E-16,0.0727692348174541),
 .UNSPECIFIED.);
#358=B_SPLINE_CURVE_WITH_KNOTS('',3,(#14707,#14708,#14709,#14710),
 .UNSPECIFIED.,.F.,.F.,(4,4),(-0.141483194423084,0.),.UNSPECIFIED.);
#359=B_SPLINE_CURVE_WITH_KNOTS('',3,(#14713,#14714,#14715,#14716),
 .UNSPECIFIED.,.F.,.F.,(4,4),(0.,0.141483194423084),.UNSPECIFIED.);
#360=B_SPLINE_CURVE_WITH_KNOTS('',3,(#14777,#14778,#14779,#14780),
 .UNSPECIFIED.,.F.,.F.,(4,4),(-0.0226819428273667,0.),.UNSPECIFIED.);
#361=B_SPLINE_CURVE_WITH_KNOTS('',3,(#14781,#14782,#14783,#14784),
 .UNSPECIFIED.,.F.,.F.,(4,4),(0.,0.0226819428273667),.UNSPECIFIED.);
#362=B_SPLINE_CURVE_WITH_KNOTS('',3,(#14806,#14807,#14808,#14809),
 .UNSPECIFIED.,.F.,.F.,(4,4),(-0.0727150374571069,0.),.UNSPECIFIED.);
#363=B_SPLINE_CURVE_WITH_KNOTS('',3,(#14812,#14813,#14814,#14815),
 .UNSPECIFIED.,.F.,.F.,(4,4),(0.,0.0727150374571069),.UNSPECIFIED.);
#364=B_SPLINE_CURVE_WITH_KNOTS('',3,(#14895,#14896,#14897,#14898),
 .UNSPECIFIED.,.F.,.F.,(4,4),(-0.0661144886096351,-1.0883986297558E-16),
 .UNSPECIFIED.);
#365=B_SPLINE_CURVE_WITH_KNOTS('',3,(#14899,#14900,#14901,#14902),
 .UNSPECIFIED.,.F.,.F.,(4,4),(1.0883986297558E-16,0.0661144886096351),
 .UNSPECIFIED.);
#366=B_SPLINE_CURVE_WITH_KNOTS('',3,(#14952,#14953,#14954,#14955,#14956,
#14957,#14958,#14959,#14960,#14961),.UNSPECIFIED.,.F.,.F.,(4,2,2,2,4),(0.0381871697070802,
0.0478499047605959,0.0575126398141116,0.0669162612084694,0.0763198826028273),
 .UNSPECIFIED.);
#367=B_SPLINE_CURVE_WITH_KNOTS('',3,(#15033,#15034,#15035,#15036,#15037,
#15038,#15039,#15040),.UNSPECIFIED.,.F.,.F.,(4,1,1,2,4),(-0.128124723184964,
-0.0768748339109782,-0.0512498892739855,0.,0.000387301884855827),
 .UNSPECIFIED.);
#368=B_SPLINE_CURVE_WITH_KNOTS('',3,(#15041,#15042,#15043,#15044,#15045,
#15046,#15047,#15048),.UNSPECIFIED.,.F.,.F.,(4,2,1,1,4),(-0.000387301884855827,
0.,0.0512498892739855,0.0768748339109782,0.128124723184964),
 .UNSPECIFIED.);
#369=B_SPLINE_CURVE_WITH_KNOTS('',3,(#15060,#15061,#15062,#15063,#15064,
#15065,#15066,#15067),.UNSPECIFIED.,.F.,.F.,(4,1,1,2,4),(0.,0.0768748339108869,
0.102499778547849,0.128124723184812,0.128512025069682),.UNSPECIFIED.);
#370=B_SPLINE_CURVE_WITH_KNOTS('',3,(#15437,#15438,#15439,#15440,#15441,
#15442,#15443,#15444),.UNSPECIFIED.,.F.,.F.,(4,2,1,1,4),(-0.128512025069682,
-0.128124723184812,-0.102499778547849,-0.0768748339108869,0.),
 .UNSPECIFIED.);
#371=B_SPLINE_CURVE_WITH_KNOTS('',3,(#15667,#15668,#15669,#15670,#15671,
#15672,#15673,#15674,#15675,#15676,#15677,#15678,#15679,#15680),
 .UNSPECIFIED.,.F.,.F.,(4,2,2,2,2,2,4),(-0.000232856372825813,0.,0.0065746406997248,
0.0123127675339331,0.0229539860566248,0.0300200933848674,0.0412169799609592),
 .UNSPECIFIED.);
#372=B_SPLINE_CURVE_WITH_KNOTS('',3,(#15681,#15682,#15683,#15684,#15685,
#15686),.UNSPECIFIED.,.F.,.F.,(4,1,1,4),(-0.150069385437376,-0.14802636801174,
-0.136026625972128,-0.124026883932516),.UNSPECIFIED.);
#373=B_SPLINE_CURVE_WITH_KNOTS('',3,(#15687,#15688,#15689,#15690,#15691,
#15692,#15693,#15694,#15695,#15696),.UNSPECIFIED.,.F.,.F.,(4,1,1,1,1,1,
1,4),(0.124026883932516,0.136026625972128,0.14802636801174,0.172025852090965,
0.181025658620674,0.190025465150383,0.196025336170189,0.208025078209802),
 .UNSPECIFIED.);
#374=B_SPLINE_CURVE_WITH_KNOTS('',3,(#15739,#15740,#15741,#15742,#15743,
#15744,#15745,#15746,#15747,#15748,#15749,#15750,#15751,#15752),
 .UNSPECIFIED.,.F.,.F.,(4,2,2,2,2,2,4),(-0.0437202096227022,-0.0434450918088517,
-0.0351323557261583,-0.0265272152466334,-0.016669569764335,-0.00813394739168284,
0.),.UNSPECIFIED.);
#375=B_SPLINE_CURVE_WITH_KNOTS('',3,(#15755,#15756,#15757,#15758,#15759,
#15760,#15761,#15762,#15763,#15764),.UNSPECIFIED.,.F.,.F.,(4,2,2,2,4),(-0.000223606970791301,
0.,0.0234725213633916,0.0374368458712685,0.0464833539071369),
 .UNSPECIFIED.);
#376=B_SPLINE_CURVE_WITH_KNOTS('',3,(#15780,#15781,#15782,#15783,#15784,
#15785),.UNSPECIFIED.,.F.,.F.,(4,2,4),(0.159541019917782,0.164519777484813,
0.164746997634149),.UNSPECIFIED.);
#377=B_SPLINE_CURVE_WITH_KNOTS('',3,(#15814,#15815,#15816,#15817,#15818,
#15819,#15820,#15821,#15822,#15823),.UNSPECIFIED.,.F.,.F.,(4,2,2,2,4),(0.0385385317604348,
0.0484467375885993,0.0583549434167637,0.067751857688754,0.0771487719607442),
 .UNSPECIFIED.);
#378=B_SPLINE_CURVE_WITH_KNOTS('',3,(#15850,#15851,#15852,#15853,#15854,
#15855),.UNSPECIFIED.,.F.,.F.,(4,2,4),(0.0987692040198177,0.0989964241691536,
0.103975181736203),.UNSPECIFIED.);
#379=B_SPLINE_CURVE_WITH_KNOTS('',3,(#15918,#15919,#15920,#15921,#15922,
#15923,#15924,#15925,#15926,#15927,#15928,#15929,#15930,#15931),
 .UNSPECIFIED.,.F.,.F.,(4,2,2,2,2,2,4),(0.,0.00820544599288869,0.01712867027906,
0.0277094037074748,0.0351410706059483,0.0426690198853766,0.0429297016532025),
 .UNSPECIFIED.);
#380=B_SPLINE_CURVE_WITH_KNOTS('',3,(#15935,#15936,#15937,#15938,#15939,
#15940,#15941,#15942,#15943,#15944,#15945,#15946,#15947,#15948,#15949,#15950),
 .UNSPECIFIED.,.F.,.F.,(4,2,2,2,2,2,2,4),(-0.000309551486607601,0.,0.0105833985099166,
0.0207235614818811,0.0315851497094158,0.0397909942446104,0.0469776118389154,
0.0471007401252573),.UNSPECIFIED.);
#381=B_SPLINE_CURVE_WITH_KNOTS('',3,(#15954,#15955,#15956,#15957,#15958,
#15959,#15960,#15961,#15962,#15963,#15964,#15965,#15966,#15967),
 .UNSPECIFIED.,.F.,.F.,(4,2,2,2,2,2,4),(-0.0428888834217896,-0.0346411566739446,
-0.025671953088198,-0.0150366996010668,-0.00756673905136286,0.,0.000262025000353829),
 .UNSPECIFIED.);
#382=B_SPLINE_CURVE_WITH_KNOTS('',3,(#15987,#15988,#15989,#15990,#15991,
#15992),.UNSPECIFIED.,.F.,.F.,(4,2,4),(0.159541019917765,0.164519777484814,
0.16474699763415),.UNSPECIFIED.);
#383=B_SPLINE_CURVE_WITH_KNOTS('',3,(#15996,#15997,#15998,#15999,#16000,
#16001,#16002,#16003,#16004,#16005),.UNSPECIFIED.,.F.,.F.,(4,2,2,2,4),(0.0376702800605311,
0.0470899709883192,0.0565096619161072,0.0659269430776236,0.0753442242391399),
 .UNSPECIFIED.);
#384=B_SPLINE_CURVE_WITH_KNOTS('',3,(#16014,#16015,#16016,#16017,#16018,
#16019,#16020,#16021),.UNSPECIFIED.,.F.,.F.,(4,2,2,4),(-0.000386496161569181,
0.,0.0164324676148725,0.0322223864516196),.UNSPECIFIED.);
#385=B_SPLINE_CURVE_WITH_KNOTS('',3,(#16028,#16029,#16030,#16031,#16032,
#16033,#16034,#16035,#16036,#16037,#16038,#16039,#16040,#16041),
 .UNSPECIFIED.,.F.,.F.,(4,2,2,2,2,2,4),(-0.000276583851194904,0.,0.00809416390416698,
0.0159502456094381,0.0265264622889414,0.0354581223136691,0.0437136248901346),
 .UNSPECIFIED.);
#386=B_SPLINE_CURVE_WITH_KNOTS('',3,(#16058,#16059,#16060,#16061,#16062,
#16063,#16064,#16065),.UNSPECIFIED.,.F.,.F.,(4,2,2,4),(-0.000386496161568958,
0.,0.0164324676148553,0.0322223864515844),.UNSPECIFIED.);
#387=B_SPLINE_CURVE_WITH_KNOTS('',3,(#16074,#16075,#16076,#16077,#16078,
#16079,#16080,#16081),.UNSPECIFIED.,.F.,.F.,(4,2,2,4),(-0.000386849338618709,
0.,0.0165979790852504,0.0322220778040827),.UNSPECIFIED.);
#388=B_SPLINE_CURVE_WITH_KNOTS('',3,(#16096,#16097,#16098,#16099,#16100,
#16101,#16102,#16103,#16104),.UNSPECIFIED.,.F.,.F.,(4,1,1,1,1,1,4),(-1.98849465880423,
-1.70442399326077,-1.42035332771731,-1.13628266217385,-0.852211996630386,
-0.284070665543462,0.),.UNSPECIFIED.);
#389=B_SPLINE_CURVE_WITH_KNOTS('',3,(#16180,#16181,#16182,#16183,#16184,
#16185,#16186,#16187,#16188,#16189,#16190,#16191),.UNSPECIFIED.,.F.,.F.,
(4,2,2,2,2,4),(-0.000517709873633895,0.,0.0442786531515347,0.0877426489276224,
0.125245754311485,0.159806907099416),.UNSPECIFIED.);
#390=B_SPLINE_CURVE_WITH_KNOTS('',3,(#16195,#16196,#16197,#16198,#16199,
#16200,#16201),.UNSPECIFIED.,.F.,.F.,(4,3,4),(-0.146432097618479,-0.132870489000583,
-0.126296895344956),.UNSPECIFIED.);
#391=B_SPLINE_CURVE_WITH_KNOTS('',3,(#16202,#16203,#16204,#16205,#16206,
#16207,#16208,#16209,#16210,#16211,#16212,#16213,#16214,#16215,#16216,#16217,
#16218,#16219,#16220,#16221,#16222,#16223,#16224,#16225,#16226,#16227,#16228,
#16229,#16230,#16231,#16232,#16233,#16234,#16235,#16236,#16237,#16238),
 .UNSPECIFIED.,.F.,.F.,(4,3,3,3,3,3,3,3,3,3,3,3,4),(-0.000509512774233725,
0.,0.0151467741801338,0.0300920634626178,0.0387715768978468,0.05272612632115,
0.0666806757444532,0.0767743822624553,0.0904553946680285,0.103454247856146,
0.115795852002288,0.128866042814043,0.130886050862885),.UNSPECIFIED.);
#392=B_SPLINE_CURVE_WITH_KNOTS('',3,(#16262,#16263,#16264,#16265,#16266,
#16267,#16268,#16269,#16270,#16271,#16272,#16273,#16274,#16275),
 .UNSPECIFIED.,.F.,.F.,(4,2,2,2,2,2,4),(-0.167889426019675,-0.167387663789269,
-0.124632690896837,-0.0811834804048126,-0.0436847316140924,-0.00936365231852849,
-0.000271500012213221),.UNSPECIFIED.);
#393=B_SPLINE_CURVE_WITH_KNOTS('',3,(#16280,#16281,#16282,#16283,#16284,
#16285,#16286),.UNSPECIFIED.,.F.,.F.,(4,3,4),(-0.175443067248419,-0.161898114809189,
-0.157047528422617),.UNSPECIFIED.);
#394=B_SPLINE_CURVE_WITH_KNOTS('',3,(#16291,#16292,#16293,#16294,#16295,
#16296,#16297,#16298,#16299,#16300),.UNSPECIFIED.,.F.,.F.,(4,2,2,2,4),(0.,
0.03665815718325,0.0792390650626722,0.130313505129214,0.13082041657753),
 .UNSPECIFIED.);
#395=B_SPLINE_CURVE_WITH_KNOTS('',3,(#16306,#16307,#16308,#16309,#16310,
#16311,#16312,#16313,#16314,#16315,#16316,#16317,#16318,#16319),
 .UNSPECIFIED.,.F.,.F.,(4,2,2,2,2,2,4),(-0.000504365363287693,0.,0.0279983823746115,
0.0557275632496549,0.0975367295016593,0.133988183900888,0.167926775165152),
 .UNSPECIFIED.);
#396=B_SPLINE_CURVE_WITH_KNOTS('',3,(#16344,#16345,#16346,#16347,#16348,
#16349,#16350,#16351,#16352,#16353,#16354,#16355),.UNSPECIFIED.,.F.,.F.,
(4,2,2,2,2,4),(-0.159505942451765,-0.158990874462953,-0.11493918249324,
-0.071696634077266,-0.0343847476576752,0.),.UNSPECIFIED.);
#397=B_SPLINE_CURVE_WITH_KNOTS('',3,(#16357,#16358,#16359,#16360,#16361,
#16362,#16363),.UNSPECIFIED.,.F.,.F.,(4,3,4),(-0.0183471291458396,-0.00505901238194795,
0.),.UNSPECIFIED.);
#398=B_SPLINE_CURVE_WITH_KNOTS('',3,(#16390,#16391,#16392,#16393,#16394,
#16395,#16396),.UNSPECIFIED.,.F.,.F.,(4,3,4),(-0.020072731162495,-0.00654847681071397,
0.),.UNSPECIFIED.);
#399=B_SPLINE_CURVE_WITH_KNOTS('',3,(#16437,#16438,#16439,#16440,#16441,
#16442,#16443,#16444,#16445),.UNSPECIFIED.,.F.,.F.,(4,1,1,1,1,1,4),(0.,
0.284070665543462,0.852211996630386,1.13628266217385,1.42035332771731,1.70442399326077,
1.98849465880423),.UNSPECIFIED.);
#400=B_SPLINE_SURFACE_WITH_KNOTS('',3,3,((#12549,#12550,#12551,#12552),
(#12553,#12554,#12555,#12556),(#12557,#12558,#12559,#12560),(#12561,#12562,
#12563,#12564),(#12565,#12566,#12567,#12568)),.UNSPECIFIED.,.F.,.F.,.F.,
(4,1,4),(4,4),(0.,0.5,1.),(1.00115254181012E-16,0.0727692348174541),
 .UNSPECIFIED.);
#401=B_SPLINE_SURFACE_WITH_KNOTS('',3,3,((#12613,#12614,#12615,#12616),
(#12617,#12618,#12619,#12620),(#12621,#12622,#12623,#12624),(#12625,#12626,
#12627,#12628),(#12629,#12630,#12631,#12632)),.UNSPECIFIED.,.F.,.F.,.F.,
(4,1,4),(4,4),(0.,0.5,1.),(0.,0.141483194423084),.UNSPECIFIED.);
#402=B_SPLINE_SURFACE_WITH_KNOTS('',3,3,((#12644,#12645,#12646,#12647),
(#12648,#12649,#12650,#12651),(#12652,#12653,#12654,#12655),(#12656,#12657,
#12658,#12659),(#12660,#12661,#12662,#12663)),.UNSPECIFIED.,.F.,.F.,.F.,
(4,1,4),(4,4),(0.,0.5,1.),(-1.5707963267949,-1.34225472773492),
 .UNSPECIFIED.);
#403=B_SPLINE_SURFACE_WITH_KNOTS('',3,3,((#12681,#12682,#12683,#12684),
(#12685,#12686,#12687,#12688),(#12689,#12690,#12691,#12692),(#12693,#12694,
#12695,#12696),(#12697,#12698,#12699,#12700)),.UNSPECIFIED.,.F.,.F.,.F.,
(4,1,4),(4,4),(0.,0.5,1.),(0.,0.0226819428273667),.UNSPECIFIED.);
#404=B_SPLINE_SURFACE_WITH_KNOTS('',3,3,((#12712,#12713,#12714,#12715),
(#12716,#12717,#12718,#12719),(#12720,#12721,#12722,#12723),(#12724,#12725,
#12726,#12727),(#12728,#12729,#12730,#12731)),.UNSPECIFIED.,.F.,.F.,.F.,
(4,1,4),(4,4),(0.,0.5,1.),(0.,0.0727150374571069),.UNSPECIFIED.);
#405=B_SPLINE_SURFACE_WITH_KNOTS('',3,3,((#12743,#12744,#12745,#12746),
(#12747,#12748,#12749,#12750),(#12751,#12752,#12753,#12754),(#12755,#12756,
#12757,#12758),(#12759,#12760,#12761,#12762)),.UNSPECIFIED.,.F.,.F.,.F.,
(4,1,4),(4,4),(0.,0.571428571428571,1.),(-0.883646988743129,-0.785398163397446),
 .UNSPECIFIED.);
#406=B_SPLINE_SURFACE_WITH_KNOTS('',3,3,((#12774,#12775,#12776,#12777),
(#12778,#12779,#12780,#12781),(#12782,#12783,#12784,#12785),(#12786,#12787,
#12788,#12789),(#12790,#12791,#12792,#12793)),.UNSPECIFIED.,.F.,.F.,.F.,
(4,1,4),(4,4),(0.,0.571428571428571,1.),(0.78539816339745,1.25864492483372),
 .UNSPECIFIED.);
#407=B_SPLINE_SURFACE_WITH_KNOTS('',3,3,((#12799,#12800,#12801,#12802),
(#12803,#12804,#12805,#12806),(#12807,#12808,#12809,#12810),(#12811,#12812,
#12813,#12814),(#12815,#12816,#12817,#12818)),.UNSPECIFIED.,.F.,.F.,.F.,
(4,1,4),(4,4),(0.,0.5,1.),(1.0883986297558E-16,0.0661144886096351),
 .UNSPECIFIED.);
#408=B_SPLINE_SURFACE_WITH_KNOTS('',3,3,((#12902,#12903,#12904,#12905,#12906,
#12907,#12908,#12909),(#12910,#12911,#12912,#12913,#12914,#12915,#12916,
#12917),(#12918,#12919,#12920,#12921,#12922,#12923,#12924,#12925),(#12926,
#12927,#12928,#12929,#12930,#12931,#12932,#12933)),.UNSPECIFIED.,.F.,.F.,
 .F.,(4,4),(4,2,1,1,4),(0.,1.),(-0.000387301884855827,0.,0.0512498892739855,
0.0768748339109782,0.128124723184964),.UNSPECIFIED.);
#409=B_SPLINE_SURFACE_WITH_KNOTS('',3,3,((#13095,#13096,#13097,#13098,#13099),
(#13100,#13101,#13102,#13103,#13104),(#13105,#13106,#13107,#13108,#13109),
(#13110,#13111,#13112,#13113,#13114),(#13115,#13116,#13117,#13118,#13119)),
 .UNSPECIFIED.,.F.,.F.,.F.,(4,1,4),(4,1,4),(0.,0.5,1.),(-6.28318530717959,
-5.49778714378214,-4.71238898038469),.UNSPECIFIED.);
#410=B_SPLINE_SURFACE_WITH_KNOTS('',3,3,((#13233,#13234,#13235,#13236,#13237,
#13238,#13239,#13240),(#13241,#13242,#13243,#13244,#13245,#13246,#13247,
#13248),(#13249,#13250,#13251,#13252,#13253,#13254,#13255,#13256),(#13257,
#13258,#13259,#13260,#13261,#13262,#13263,#13264),(#13265,#13266,#13267,
#13268,#13269,#13270,#13271,#13272)),.UNSPECIFIED.,.F.,.F.,.F.,(4,1,4),
(4,1,1,2,4),(0.,0.5,1.),(0.,0.0768748339108869,0.102499778547849,0.128124723184812,
0.128512025069682),.UNSPECIFIED.);
#411=B_SPLINE_SURFACE_WITH_KNOTS('',3,3,((#13447,#13448,#13449,#13450,#13451,
#13452,#13453,#13454,#13455,#13456),(#13457,#13458,#13459,#13460,#13461,
#13462,#13463,#13464,#13465,#13466),(#13467,#13468,#13469,#13470,#13471,
#13472,#13473,#13474,#13475,#13476),(#13477,#13478,#13479,#13480,#13481,
#13482,#13483,#13484,#13485,#13486),(#13487,#13488,#13489,#13490,#13491,
#13492,#13493,#13494,#13495,#13496)),.UNSPECIFIED.,.F.,.F.,.F.,(4,1,4),
(4,1,1,1,1,1,1,4),(0.,0.5,1.),(0.124026883932516,0.136026625972128,0.14802636801174,
0.172025852090965,0.181025658620674,0.190025465150383,0.196025336170189,
0.208025078209802),.UNSPECIFIED.);
#412=B_SPLINE_SURFACE_WITH_KNOTS('',3,3,((#14004,#14005,#14006,#14007),
(#14008,#14009,#14010,#14011),(#14012,#14013,#14014,#14015),(#14016,#14017,
#14018,#14019),(#14020,#14021,#14022,#14023)),.UNSPECIFIED.,.F.,.F.,.F.,
(4,1,4),(4,4),(0.,0.571428571428571,1.),(-1.3883732934479,-1.17947203418527),
 .UNSPECIFIED.);
#413=B_SPLINE_SURFACE_WITH_KNOTS('',3,3,((#14087,#14088,#14089,#14090),
(#14091,#14092,#14093,#14094),(#14095,#14096,#14097,#14098),(#14099,#14100,
#14101,#14102),(#14103,#14104,#14105,#14106)),.UNSPECIFIED.,.F.,.F.,.F.,
(4,1,4),(4,4),(0.,0.571428571428571,1.),(-1.58938446558213,-1.3883732934479),
 .UNSPECIFIED.);
#414=B_SPLINE_SURFACE_WITH_KNOTS('',3,3,((#14169,#14170,#14171,#14172),
(#14173,#14174,#14175,#14176),(#14177,#14178,#14179,#14180),(#14181,#14182,
#14183,#14184),(#14185,#14186,#14187,#14188)),.UNSPECIFIED.,.F.,.F.,.F.,
(4,1,4),(4,4),(0.,0.571428571428571,1.),(1.38837329344742,1.58938446558213),
 .UNSPECIFIED.);
#415=B_SPLINE_SURFACE_WITH_KNOTS('',3,3,((#14215,#14216,#14217,#14218),
(#14219,#14220,#14221,#14222),(#14223,#14224,#14225,#14226),(#14227,#14228,
#14229,#14230),(#14231,#14232,#14233,#14234)),.UNSPECIFIED.,.F.,.F.,.F.,
(4,1,4),(4,4),(0.,0.571428571428571,1.),(1.17947203418527,1.38837329344767),
 .UNSPECIFIED.);
#416=B_SPLINE_SURFACE_WITH_KNOTS('',3,3,((#14306,#14307,#14308,#14309,#14310,
#14311,#14312,#14313,#14314),(#14315,#14316,#14317,#14318,#14319,#14320,
#14321,#14322,#14323),(#14324,#14325,#14326,#14327,#14328,#14329,#14330,
#14331,#14332),(#14333,#14334,#14335,#14336,#14337,#14338,#14339,#14340,
#14341),(#14342,#14343,#14344,#14345,#14346,#14347,#14348,#14349,#14350)),
 .UNSPECIFIED.,.F.,.F.,.F.,(4,1,4),(4,1,1,1,1,1,4),(0.,0.571428571428571,
1.),(0.,0.284070665543462,0.852211996630386,1.13628266217385,1.42035332771731,
1.70442399326077,1.98849465880423),.UNSPECIFIED.);
#417=B_SPLINE_SURFACE_WITH_KNOTS('',3,3,((#14622,#14623,#14624,#14625),
(#14626,#14627,#14628,#14629),(#14630,#14631,#14632,#14633),(#14634,#14635,
#14636,#14637),(#14638,#14639,#14640,#14641)),.UNSPECIFIED.,.F.,.F.,.F.,
(4,1,4),(4,4),(0.,0.5,1.),(1.00115254181012E-16,0.0727692348174541),
 .UNSPECIFIED.);
#418=B_SPLINE_SURFACE_WITH_KNOTS('',3,3,((#14686,#14687,#14688,#14689),
(#14690,#14691,#14692,#14693),(#14694,#14695,#14696,#14697),(#14698,#14699,
#14700,#14701),(#14702,#14703,#14704,#14705)),.UNSPECIFIED.,.F.,.F.,.F.,
(4,1,4),(4,4),(0.,0.5,1.),(0.,0.141483194423084),.UNSPECIFIED.);
#419=B_SPLINE_SURFACE_WITH_KNOTS('',3,3,((#14717,#14718,#14719,#14720),
(#14721,#14722,#14723,#14724),(#14725,#14726,#14727,#14728),(#14729,#14730,
#14731,#14732),(#14733,#14734,#14735,#14736)),.UNSPECIFIED.,.F.,.F.,.F.,
(4,1,4),(4,4),(0.,0.5,1.),(-1.5707963267949,-1.34225472773492),
 .UNSPECIFIED.);
#420=B_SPLINE_SURFACE_WITH_KNOTS('',3,3,((#14754,#14755,#14756,#14757),
(#14758,#14759,#14760,#14761),(#14762,#14763,#14764,#14765),(#14766,#14767,
#14768,#14769),(#14770,#14771,#14772,#14773)),.UNSPECIFIED.,.F.,.F.,.F.,
(4,1,4),(4,4),(0.,0.5,1.),(0.,0.0226819428273667),.UNSPECIFIED.);
#421=B_SPLINE_SURFACE_WITH_KNOTS('',3,3,((#14785,#14786,#14787,#14788),
(#14789,#14790,#14791,#14792),(#14793,#14794,#14795,#14796),(#14797,#14798,
#14799,#14800),(#14801,#14802,#14803,#14804)),.UNSPECIFIED.,.F.,.F.,.F.,
(4,1,4),(4,4),(0.,0.5,1.),(0.,0.0727150374571069),.UNSPECIFIED.);
#422=B_SPLINE_SURFACE_WITH_KNOTS('',3,3,((#14816,#14817,#14818,#14819),
(#14820,#14821,#14822,#14823),(#14824,#14825,#14826,#14827),(#14828,#14829,
#14830,#14831),(#14832,#14833,#14834,#14835)),.UNSPECIFIED.,.F.,.F.,.F.,
(4,1,4),(4,4),(0.,0.571428571428571,1.),(-0.883646988743129,-0.785398163397446),
 .UNSPECIFIED.);
#423=B_SPLINE_SURFACE_WITH_KNOTS('',3,3,((#14847,#14848,#14849,#14850),
(#14851,#14852,#14853,#14854),(#14855,#14856,#14857,#14858),(#14859,#14860,
#14861,#14862),(#14863,#14864,#14865,#14866)),.UNSPECIFIED.,.F.,.F.,.F.,
(4,1,4),(4,4),(0.,0.571428571428571,1.),(0.78539816339745,1.25864492483372),
 .UNSPECIFIED.);
#424=B_SPLINE_SURFACE_WITH_KNOTS('',3,3,((#14872,#14873,#14874,#14875),
(#14876,#14877,#14878,#14879),(#14880,#14881,#14882,#14883),(#14884,#14885,
#14886,#14887),(#14888,#14889,#14890,#14891)),.UNSPECIFIED.,.F.,.F.,.F.,
(4,1,4),(4,4),(0.,0.5,1.),(1.0883986297558E-16,0.0661144886096351),
 .UNSPECIFIED.);
#425=B_SPLINE_SURFACE_WITH_KNOTS('',3,3,((#14997,#14998,#14999,#15000,#15001,
#15002,#15003,#15004),(#15005,#15006,#15007,#15008,#15009,#15010,#15011,
#15012),(#15013,#15014,#15015,#15016,#15017,#15018,#15019,#15020),(#15021,
#15022,#15023,#15024,#15025,#15026,#15027,#15028)),.UNSPECIFIED.,.F.,.F.,
 .F.,(4,4),(4,2,1,1,4),(0.,1.),(-0.000387301884855827,0.,0.0512498892739855,
0.0768748339109782,0.128124723184964),.UNSPECIFIED.);
#426=B_SPLINE_SURFACE_WITH_KNOTS('',3,3,((#15247,#15248,#15249,#15250,#15251),
(#15252,#15253,#15254,#15255,#15256),(#15257,#15258,#15259,#15260,#15261),
(#15262,#15263,#15264,#15265,#15266),(#15267,#15268,#15269,#15270,#15271)),
 .UNSPECIFIED.,.F.,.F.,.F.,(4,1,4),(4,1,4),(0.,0.5,1.),(-6.28318530717959,
-5.49778714378214,-4.71238898038469),.UNSPECIFIED.);
#427=B_SPLINE_SURFACE_WITH_KNOTS('',3,3,((#15397,#15398,#15399,#15400,#15401,
#15402,#15403,#15404),(#15405,#15406,#15407,#15408,#15409,#15410,#15411,
#15412),(#15413,#15414,#15415,#15416,#15417,#15418,#15419,#15420),(#15421,
#15422,#15423,#15424,#15425,#15426,#15427,#15428),(#15429,#15430,#15431,
#15432,#15433,#15434,#15435,#15436)),.UNSPECIFIED.,.F.,.F.,.F.,(4,1,4),
(4,1,1,2,4),(0.,0.5,1.),(0.,0.0768748339108869,0.102499778547849,0.128124723184812,
0.128512025069682),.UNSPECIFIED.);
#428=B_SPLINE_SURFACE_WITH_KNOTS('',3,3,((#15615,#15616,#15617,#15618,#15619,
#15620,#15621,#15622,#15623,#15624),(#15625,#15626,#15627,#15628,#15629,
#15630,#15631,#15632,#15633,#15634),(#15635,#15636,#15637,#15638,#15639,
#15640,#15641,#15642,#15643,#15644),(#15645,#15646,#15647,#15648,#15649,
#15650,#15651,#15652,#15653,#15654),(#15655,#15656,#15657,#15658,#15659,
#15660,#15661,#15662,#15663,#15664)),.UNSPECIFIED.,.F.,.F.,.F.,(4,1,4),
(4,1,1,1,1,1,1,4),(0.,0.5,1.),(0.124026883932516,0.136026625972128,0.14802636801174,
0.172025852090965,0.181025658620674,0.190025465150383,0.196025336170189,
0.208025078209802),.UNSPECIFIED.);
#429=B_SPLINE_SURFACE_WITH_KNOTS('',3,3,((#16156,#16157,#16158,#16159),
(#16160,#16161,#16162,#16163),(#16164,#16165,#16166,#16167),(#16168,#16169,
#16170,#16171),(#16172,#16173,#16174,#16175)),.UNSPECIFIED.,.F.,.F.,.F.,
(4,1,4),(4,4),(0.,0.571428571428571,1.),(-1.3883732934479,-1.17947203418527),
 .UNSPECIFIED.);
#430=B_SPLINE_SURFACE_WITH_KNOTS('',3,3,((#16239,#16240,#16241,#16242),
(#16243,#16244,#16245,#16246),(#16247,#16248,#16249,#16250),(#16251,#16252,
#16253,#16254),(#16255,#16256,#16257,#16258)),.UNSPECIFIED.,.F.,.F.,.F.,
(4,1,4),(4,4),(0.,0.571428571428571,1.),(-1.58938446558213,-1.3883732934479),
 .UNSPECIFIED.);
#431=B_SPLINE_SURFACE_WITH_KNOTS('',3,3,((#16321,#16322,#16323,#16324),
(#16325,#16326,#16327,#16328),(#16329,#16330,#16331,#16332),(#16333,#16334,
#16335,#16336),(#16337,#16338,#16339,#16340)),.UNSPECIFIED.,.F.,.F.,.F.,
(4,1,4),(4,4),(0.,0.571428571428571,1.),(1.38837329344742,1.58938446558213),
 .UNSPECIFIED.);
#432=B_SPLINE_SURFACE_WITH_KNOTS('',3,3,((#16367,#16368,#16369,#16370),
(#16371,#16372,#16373,#16374),(#16375,#16376,#16377,#16378),(#16379,#16380,
#16381,#16382),(#16383,#16384,#16385,#16386)),.UNSPECIFIED.,.F.,.F.,.F.,
(4,1,4),(4,4),(0.,0.571428571428571,1.),(1.17947203418527,1.38837329344767),
 .UNSPECIFIED.);
#433=B_SPLINE_SURFACE_WITH_KNOTS('',3,3,((#16458,#16459,#16460,#16461,#16462,
#16463,#16464,#16465,#16466),(#16467,#16468,#16469,#16470,#16471,#16472,
#16473,#16474,#16475),(#16476,#16477,#16478,#16479,#16480,#16481,#16482,
#16483,#16484),(#16485,#16486,#16487,#16488,#16489,#16490,#16491,#16492,
#16493),(#16494,#16495,#16496,#16497,#16498,#16499,#16500,#16501,#16502)),
 .UNSPECIFIED.,.F.,.F.,.F.,(4,1,4),(4,1,1,1,1,1,4),(0.,0.571428571428571,
1.),(0.,0.284070665543462,0.852211996630386,1.13628266217385,1.42035332771731,
1.70442399326077,1.98849465880423),.UNSPECIFIED.);
#434=TOROIDAL_SURFACE('',#8818,1.75,0.25);
#435=TOROIDAL_SURFACE('',#8825,1.25,0.25);
#436=TOROIDAL_SURFACE('',#8829,1.75,0.25);
#437=TOROIDAL_SURFACE('',#8835,1.75,0.25);
#438=TOROIDAL_SURFACE('',#8840,2.25,0.25);
#439=TOROIDAL_SURFACE('',#8846,0.75,0.25);
#440=TOROIDAL_SURFACE('',#8853,19.35,0.25);
#441=TOROIDAL_SURFACE('',#8863,1.75,0.25);
#442=TOROIDAL_SURFACE('',#8878,1.75,0.25);
#443=TOROIDAL_SURFACE('',#8891,0.75,0.25);
#444=TOROIDAL_SURFACE('',#8897,2.25,0.25);
#445=TOROIDAL_SURFACE('',#8910,1.25,0.25);
#446=TOROIDAL_SURFACE('',#8916,2.25,0.25);
#447=TOROIDAL_SURFACE('',#8922,2.25,0.25);
#448=TOROIDAL_SURFACE('',#8928,2.25,0.25);
#449=TOROIDAL_SURFACE('',#8934,1.25,0.25);
#450=TOROIDAL_SURFACE('',#8947,2.25,0.25);
#451=TOROIDAL_SURFACE('',#8969,4.75,0.25);
#452=TOROIDAL_SURFACE('',#8976,2.25,0.25);
#453=TOROIDAL_SURFACE('',#8995,4.75,0.25);
#454=TOROIDAL_SURFACE('',#9004,1.,0.5);
#455=TOROIDAL_SURFACE('',#9059,0.5,0.25);
#456=TOROIDAL_SURFACE('',#9084,0.5,0.250000000000001);
#457=TOROIDAL_SURFACE('',#9092,0.5,0.25);
#458=TOROIDAL_SURFACE('',#9106,0.5,0.25);
#459=TOROIDAL_SURFACE('',#9113,0.499999999999998,0.250000000000001);
#460=TOROIDAL_SURFACE('',#9119,2.2,0.25);
#461=TOROIDAL_SURFACE('',#9126,19.85,0.25);
#462=TOROIDAL_SURFACE('',#9138,1.7,0.25);
#463=TOROIDAL_SURFACE('',#9197,3.75,0.5);
#464=TOROIDAL_SURFACE('',#9247,1.,0.5);
#465=TOROIDAL_SURFACE('',#9251,9.5,0.5);
#466=TOROIDAL_SURFACE('',#9255,1.5,0.5);
#467=TOROIDAL_SURFACE('',#9261,1.5,0.5);
#468=TOROIDAL_SURFACE('',#9265,15.5,0.5);
#469=TOROIDAL_SURFACE('',#9308,1.75,0.25);
#470=TOROIDAL_SURFACE('',#9314,1.25,0.25);
#471=TOROIDAL_SURFACE('',#9318,1.75,0.25);
#472=TOROIDAL_SURFACE('',#9324,1.75,0.25);
#473=TOROIDAL_SURFACE('',#9329,2.25,0.25);
#474=TOROIDAL_SURFACE('',#9335,0.75,0.25);
#475=TOROIDAL_SURFACE('',#9342,19.35,0.25);
#476=TOROIDAL_SURFACE('',#9352,1.75,0.25);
#477=TOROIDAL_SURFACE('',#9367,1.75,0.25);
#478=TOROIDAL_SURFACE('',#9384,0.75,0.25);
#479=TOROIDAL_SURFACE('',#9390,2.25,0.25);
#480=TOROIDAL_SURFACE('',#9413,1.25,0.25);
#481=TOROIDAL_SURFACE('',#9418,2.25,0.25);
#482=TOROIDAL_SURFACE('',#9423,2.25,0.25);
#483=TOROIDAL_SURFACE('',#9428,2.25,0.25);
#484=TOROIDAL_SURFACE('',#9433,1.25,0.25);
#485=TOROIDAL_SURFACE('',#9449,2.25,0.25);
#486=TOROIDAL_SURFACE('',#9471,4.75,0.25);
#487=TOROIDAL_SURFACE('',#9478,2.25,0.25);
#488=TOROIDAL_SURFACE('',#9504,4.75,0.25);
#489=TOROIDAL_SURFACE('',#9521,1.,0.5);
#490=TOROIDAL_SURFACE('',#9575,0.5,0.25);
#491=TOROIDAL_SURFACE('',#9600,0.5,0.250000000000001);
#492=TOROIDAL_SURFACE('',#9608,0.5,0.25);
#493=TOROIDAL_SURFACE('',#9622,0.5,0.25);
#494=TOROIDAL_SURFACE('',#9629,0.499999999999998,0.250000000000001);
#495=TOROIDAL_SURFACE('',#9635,2.2,0.25);
#496=TOROIDAL_SURFACE('',#9642,19.85,0.25);
#497=TOROIDAL_SURFACE('',#9654,1.7,0.25);
#498=TOROIDAL_SURFACE('',#9710,3.75,0.5);
#499=TOROIDAL_SURFACE('',#9764,1.,0.5);
#500=TOROIDAL_SURFACE('',#9767,9.5,0.5);
#501=TOROIDAL_SURFACE('',#9770,1.5,0.5);
#502=TOROIDAL_SURFACE('',#9775,1.5,0.5);
#503=TOROIDAL_SURFACE('',#9778,15.5,0.5);
#504=LINE('',#12508,#1186);
#505=LINE('',#12509,#1187);
#506=LINE('',#12523,#1188);
#507=LINE('',#12524,#1189);
#508=LINE('',#12541,#1190);
#509=LINE('',#12542,#1191);
#510=LINE('',#12590,#1192);
#511=LINE('',#12591,#1193);
#512=LINE('',#12600,#1194);
#513=LINE('',#12603,#1195);
#514=LINE('',#12605,#1196);
#515=LINE('',#12606,#1197);
#516=LINE('',#12673,#1198);
#517=LINE('',#12674,#1199);
#518=LINE('',#12772,#1200);
#519=LINE('',#12773,#1201);
#520=LINE('',#12837,#1202);
#521=LINE('',#12839,#1203);
#522=LINE('',#12841,#1204);
#523=LINE('',#12843,#1205);
#524=LINE('',#12845,#1206);
#525=LINE('',#12847,#1207);
#526=LINE('',#12849,#1208);
#527=LINE('',#12855,#1209);
#528=LINE('',#12867,#1210);
#529=LINE('',#12878,#1211);
#530=LINE('',#12879,#1212);
#531=LINE('',#12890,#1213);
#532=LINE('',#12891,#1214);
#533=LINE('',#12894,#1215);
#534=LINE('',#12896,#1216);
#535=LINE('',#12900,#1217);
#536=LINE('',#12959,#1218);
#537=LINE('',#12962,#1219);
#538=LINE('',#12973,#1220);
#539=LINE('',#12974,#1221);
#540=LINE('',#12985,#1222);
#541=LINE('',#12986,#1223);
#542=LINE('',#12997,#1224);
#543=LINE('',#12998,#1225);
#544=LINE('',#13009,#1226);
#545=LINE('',#13010,#1227);
#546=LINE('',#13016,#1228);
#547=LINE('',#13018,#1229);
#548=LINE('',#13019,#1230);
#549=LINE('',#13023,#1231);
#550=LINE('',#13026,#1232);
#551=LINE('',#13028,#1233);
#552=LINE('',#13032,#1234);
#553=LINE('',#13036,#1235);
#554=LINE('',#13037,#1236);
#555=LINE('',#13039,#1237);
#556=LINE('',#13040,#1238);
#557=LINE('',#13044,#1239);
#558=LINE('',#13047,#1240);
#559=LINE('',#13049,#1241);
#560=LINE('',#13051,#1242);
#561=LINE('',#13053,#1243);
#562=LINE('',#13057,#1244);
#563=LINE('',#13059,#1245);
#564=LINE('',#13060,#1246);
#565=LINE('',#13072,#1247);
#566=LINE('',#13075,#1248);
#567=LINE('',#13078,#1249);
#568=LINE('',#13080,#1250);
#569=LINE('',#13081,#1251);
#570=LINE('',#13085,#1252);
#571=LINE('',#13089,#1253);
#572=LINE('',#13093,#1254);
#573=LINE('',#13128,#1255);
#574=LINE('',#13132,#1256);
#575=LINE('',#13135,#1257);
#576=LINE('',#13137,#1258);
#577=LINE('',#13147,#1259);
#578=LINE('',#13150,#1260);
#579=LINE('',#13152,#1261);
#580=LINE('',#13153,#1262);
#581=LINE('',#13162,#1263);
#582=LINE('',#13165,#1264);
#583=LINE('',#13168,#1265);
#584=LINE('',#13169,#1266);
#585=LINE('',#13171,#1267);
#586=LINE('',#13174,#1268);
#587=LINE('',#13176,#1269);
#588=LINE('',#13178,#1270);
#589=LINE('',#13179,#1271);
#590=LINE('',#13181,#1272);
#591=LINE('',#13185,#1273);
#592=LINE('',#13189,#1274);
#593=LINE('',#13194,#1275);
#594=LINE('',#13198,#1276);
#595=LINE('',#13203,#1277);
#596=LINE('',#13207,#1278);
#597=LINE('',#13210,#1279);
#598=LINE('',#13211,#1280);
#599=LINE('',#13220,#1281);
#600=LINE('',#13223,#1282);
#601=LINE('',#13225,#1283);
#602=LINE('',#13226,#1284);
#603=LINE('',#13229,#1285);
#604=LINE('',#13231,#1286);
#605=LINE('',#13298,#1287);
#606=LINE('',#13301,#1288);
#607=LINE('',#13304,#1289);
#608=LINE('',#13306,#1290);
#609=LINE('',#13307,#1291);
#610=LINE('',#13309,#1292);
#611=LINE('',#13313,#1293);
#612=LINE('',#13315,#1294);
#613=LINE('',#13317,#1295);
#614=LINE('',#13319,#1296);
#615=LINE('',#13320,#1297);
#616=LINE('',#13323,#1298);
#617=LINE('',#13325,#1299);
#618=LINE('',#13327,#1300);
#619=LINE('',#13329,#1301);
#620=LINE('',#13331,#1302);
#621=LINE('',#13332,#1303);
#622=LINE('',#13337,#1304);
#623=LINE('',#13348,#1305);
#624=LINE('',#13350,#1306);
#625=LINE('',#13352,#1307);
#626=LINE('',#13354,#1308);
#627=LINE('',#13357,#1309);
#628=LINE('',#13360,#1310);
#629=LINE('',#13366,#1311);
#630=LINE('',#13372,#1312);
#631=LINE('',#13377,#1313);
#632=LINE('',#13381,#1314);
#633=LINE('',#13382,#1315);
#634=LINE('',#13386,#1316);
#635=LINE('',#13387,#1317);
#636=LINE('',#13388,#1318);
#637=LINE('',#13391,#1319);
#638=LINE('',#13393,#1320);
#639=LINE('',#13397,#1321);
#640=LINE('',#13400,#1322);
#641=LINE('',#13401,#1323);
#642=LINE('',#13404,#1324);
#643=LINE('',#13406,#1325);
#644=LINE('',#13408,#1326);
#645=LINE('',#13409,#1327);
#646=LINE('',#13416,#1328);
#647=LINE('',#13420,#1329);
#648=LINE('',#13425,#1330);
#649=LINE('',#13427,#1331);
#650=LINE('',#13430,#1332);
#651=LINE('',#13432,#1333);
#652=LINE('',#13433,#1334);
#653=LINE('',#13436,#1335);
#654=LINE('',#13437,#1336);
#655=LINE('',#13443,#1337);
#656=LINE('',#13446,#1338);
#657=LINE('',#13531,#1339);
#658=LINE('',#13534,#1340);
#659=LINE('',#13537,#1341);
#660=LINE('',#13539,#1342);
#661=LINE('',#13541,#1343);
#662=LINE('',#13543,#1344);
#663=LINE('',#13547,#1345);
#664=LINE('',#13551,#1346);
#665=LINE('',#13555,#1347);
#666=LINE('',#13557,#1348);
#667=LINE('',#13559,#1349);
#668=LINE('',#13562,#1350);
#669=LINE('',#13564,#1351);
#670=LINE('',#13565,#1352);
#671=LINE('',#13584,#1353);
#672=LINE('',#13601,#1354);
#673=LINE('',#13603,#1355);
#674=LINE('',#13610,#1356);
#675=LINE('',#13643,#1357);
#676=LINE('',#13656,#1358);
#677=LINE('',#13688,#1359);
#678=LINE('',#13690,#1360);
#679=LINE('',#13691,#1361);
#680=LINE('',#13703,#1362);
#681=LINE('',#13704,#1363);
#682=LINE('',#13737,#1364);
#683=LINE('',#13739,#1365);
#684=LINE('',#13740,#1366);
#685=LINE('',#13763,#1367);
#686=LINE('',#13766,#1368);
#687=LINE('',#13807,#1369);
#688=LINE('',#13808,#1370);
#689=LINE('',#13812,#1371);
#690=LINE('',#13814,#1372);
#691=LINE('',#13815,#1373);
#692=LINE('',#13824,#1374);
#693=LINE('',#13838,#1375);
#694=LINE('',#13839,#1376);
#695=LINE('',#13842,#1377);
#696=LINE('',#13854,#1378);
#697=LINE('',#13856,#1379);
#698=LINE('',#13859,#1380);
#699=LINE('',#13875,#1381);
#700=LINE('',#13877,#1382);
#701=LINE('',#13878,#1383);
#702=LINE('',#13882,#1384);
#703=LINE('',#13883,#1385);
#704=LINE('',#13886,#1386);
#705=LINE('',#13898,#1387);
#706=LINE('',#13901,#1388);
#707=LINE('',#13913,#1389);
#708=LINE('',#13915,#1390);
#709=LINE('',#13916,#1391);
#710=LINE('',#13921,#1392);
#711=LINE('',#13925,#1393);
#712=LINE('',#13937,#1394);
#713=LINE('',#13941,#1395);
#714=LINE('',#13942,#1396);
#715=LINE('',#13945,#1397);
#716=LINE('',#13947,#1398);
#717=LINE('',#13950,#1399);
#718=LINE('',#13954,#1400);
#719=LINE('',#13957,#1401);
#720=LINE('',#13958,#1402);
#721=LINE('',#13965,#1403);
#722=LINE('',#13968,#1404);
#723=LINE('',#13972,#1405);
#724=LINE('',#13973,#1406);
#725=LINE('',#13975,#1407);
#726=LINE('',#13977,#1408);
#727=LINE('',#13981,#1409);
#728=LINE('',#13984,#1410);
#729=LINE('',#13985,#1411);
#730=LINE('',#13989,#1412);
#731=LINE('',#13995,#1413);
#732=LINE('',#13998,#1414);
#733=LINE('',#14000,#1415);
#734=LINE('',#14002,#1416);
#735=LINE('',#14003,#1417);
#736=LINE('',#14120,#1418);
#737=LINE('',#14137,#1419);
#738=LINE('',#14139,#1420);
#739=LINE('',#14152,#1421);
#740=LINE('',#14154,#1422);
#741=LINE('',#14192,#1423);
#742=LINE('',#14247,#1424);
#743=LINE('',#14249,#1425);
#744=LINE('',#14250,#1426);
#745=LINE('',#14253,#1427);
#746=LINE('',#14254,#1428);
#747=LINE('',#14257,#1429);
#748=LINE('',#14258,#1430);
#749=LINE('',#14260,#1431);
#750=LINE('',#14261,#1432);
#751=LINE('',#14267,#1433);
#752=LINE('',#14275,#1434);
#753=LINE('',#14278,#1435);
#754=LINE('',#14280,#1436);
#755=LINE('',#14281,#1437);
#756=LINE('',#14293,#1438);
#757=LINE('',#14296,#1439);
#758=LINE('',#14299,#1440);
#759=LINE('',#14300,#1441);
#760=LINE('',#14303,#1442);
#761=LINE('',#14355,#1443);
#762=LINE('',#14356,#1444);
#763=LINE('',#14358,#1445);
#764=LINE('',#14361,#1446);
#765=LINE('',#14362,#1447);
#766=LINE('',#14365,#1448);
#767=LINE('',#14366,#1449);
#768=LINE('',#14368,#1450);
#769=LINE('',#14373,#1451);
#770=LINE('',#14376,#1452);
#771=LINE('',#14379,#1453);
#772=LINE('',#14382,#1454);
#773=LINE('',#14383,#1455);
#774=LINE('',#14387,#1456);
#775=LINE('',#14392,#1457);
#776=LINE('',#14397,#1458);
#777=LINE('',#14399,#1459);
#778=LINE('',#14401,#1460);
#779=LINE('',#14402,#1461);
#780=LINE('',#14405,#1462);
#781=LINE('',#14407,#1463);
#782=LINE('',#14408,#1464);
#783=LINE('',#14413,#1465);
#784=LINE('',#14415,#1466);
#785=LINE('',#14418,#1467);
#786=LINE('',#14421,#1468);
#787=LINE('',#14422,#1469);
#788=LINE('',#14426,#1470);
#789=LINE('',#14430,#1471);
#790=LINE('',#14438,#1472);
#791=LINE('',#14466,#1473);
#792=LINE('',#14467,#1474);
#793=LINE('',#14478,#1475);
#794=LINE('',#14479,#1476);
#795=LINE('',#14481,#1477);
#796=LINE('',#14482,#1478);
#797=LINE('',#14484,#1479);
#798=LINE('',#14485,#1480);
#799=LINE('',#14487,#1481);
#800=LINE('',#14489,#1482);
#801=LINE('',#14494,#1483);
#802=LINE('',#14496,#1484);
#803=LINE('',#14497,#1485);
#804=LINE('',#14500,#1486);
#805=LINE('',#14501,#1487);
#806=LINE('',#14504,#1488);
#807=LINE('',#14505,#1489);
#808=LINE('',#14507,#1490);
#809=LINE('',#14513,#1491);
#810=LINE('',#14514,#1492);
#811=LINE('',#14517,#1493);
#812=LINE('',#14519,#1494);
#813=LINE('',#14520,#1495);
#814=LINE('',#14523,#1496);
#815=LINE('',#14525,#1497);
#816=LINE('',#14526,#1498);
#817=LINE('',#14529,#1499);
#818=LINE('',#14532,#1500);
#819=LINE('',#14536,#1501);
#820=LINE('',#14537,#1502);
#821=LINE('',#14542,#1503);
#822=LINE('',#14544,#1504);
#823=LINE('',#14546,#1505);
#824=LINE('',#14550,#1506);
#825=LINE('',#14551,#1507);
#826=LINE('',#14554,#1508);
#827=LINE('',#14555,#1509);
#828=LINE('',#14558,#1510);
#829=LINE('',#14559,#1511);
#830=LINE('',#14562,#1512);
#831=LINE('',#14563,#1513);
#832=LINE('',#14565,#1514);
#833=LINE('',#14578,#1515);
#834=LINE('',#14579,#1516);
#835=LINE('',#14582,#1517);
#836=LINE('',#14585,#1518);
#837=LINE('',#14596,#1519);
#838=LINE('',#14597,#1520);
#839=LINE('',#14614,#1521);
#840=LINE('',#14615,#1522);
#841=LINE('',#14663,#1523);
#842=LINE('',#14664,#1524);
#843=LINE('',#14673,#1525);
#844=LINE('',#14675,#1526);
#845=LINE('',#14678,#1527);
#846=LINE('',#14679,#1528);
#847=LINE('',#14746,#1529);
#848=LINE('',#14747,#1530);
#849=LINE('',#14845,#1531);
#850=LINE('',#14846,#1532);
#851=LINE('',#14910,#1533);
#852=LINE('',#14911,#1534);
#853=LINE('',#14913,#1535);
#854=LINE('',#14914,#1536);
#855=LINE('',#14916,#1537);
#856=LINE('',#14918,#1538);
#857=LINE('',#14920,#1539);
#858=LINE('',#14922,#1540);
#859=LINE('',#14924,#1541);
#860=LINE('',#14926,#1542);
#861=LINE('',#14927,#1543);
#862=LINE('',#14931,#1544);
#863=LINE('',#14933,#1545);
#864=LINE('',#14935,#1546);
#865=LINE('',#14937,#1547);
#866=LINE('',#14939,#1548);
#867=LINE('',#14941,#1549);
#868=LINE('',#14943,#1550);
#869=LINE('',#14950,#1551);
#870=LINE('',#14962,#1552);
#871=LINE('',#14973,#1553);
#872=LINE('',#14974,#1554);
#873=LINE('',#14985,#1555);
#874=LINE('',#14986,#1556);
#875=LINE('',#14991,#1557);
#876=LINE('',#14995,#1558);
#877=LINE('',#14996,#1559);
#878=LINE('',#15050,#1560);
#879=LINE('',#15051,#1561);
#880=LINE('',#15054,#1562);
#881=LINE('',#15056,#1563);
#882=LINE('',#15058,#1564);
#883=LINE('',#15069,#1565);
#884=LINE('',#15071,#1566);
#885=LINE('',#15073,#1567);
#886=LINE('',#15075,#1568);
#887=LINE('',#15077,#1569);
#888=LINE('',#15079,#1570);
#889=LINE('',#15081,#1571);
#890=LINE('',#15083,#1572);
#891=LINE('',#15085,#1573);
#892=LINE('',#15087,#1574);
#893=LINE('',#15089,#1575);
#894=LINE('',#15092,#1576);
#895=LINE('',#15094,#1577);
#896=LINE('',#15098,#1578);
#897=LINE('',#15099,#1579);
#898=LINE('',#15102,#1580);
#899=LINE('',#15106,#1581);
#900=LINE('',#15110,#1582);
#901=LINE('',#15114,#1583);
#902=LINE('',#15118,#1584);
#903=LINE('',#15127,#1585);
#904=LINE('',#15135,#1586);
#905=LINE('',#15143,#1587);
#906=LINE('',#15151,#1588);
#907=LINE('',#15159,#1589);
#908=LINE('',#15164,#1590);
#909=LINE('',#15166,#1591);
#910=LINE('',#15167,#1592);
#911=LINE('',#15170,#1593);
#912=LINE('',#15174,#1594);
#913=LINE('',#15175,#1595);
#914=LINE('',#15177,#1596);
#915=LINE('',#15179,#1597);
#916=LINE('',#15183,#1598);
#917=LINE('',#15187,#1599);
#918=LINE('',#15188,#1600);
#919=LINE('',#15191,#1601);
#920=LINE('',#15195,#1602);
#921=LINE('',#15197,#1603);
#922=LINE('',#15199,#1604);
#923=LINE('',#15203,#1605);
#924=LINE('',#15205,#1606);
#925=LINE('',#15207,#1607);
#926=LINE('',#15208,#1608);
#927=LINE('',#15211,#1609);
#928=LINE('',#15215,#1610);
#929=LINE('',#15222,#1611);
#930=LINE('',#15225,#1612);
#931=LINE('',#15227,#1613);
#932=LINE('',#15228,#1614);
#933=LINE('',#15233,#1615);
#934=LINE('',#15234,#1616);
#935=LINE('',#15237,#1617);
#936=LINE('',#15240,#1618);
#937=LINE('',#15244,#1619);
#938=LINE('',#15280,#1620);
#939=LINE('',#15284,#1621);
#940=LINE('',#15288,#1622);
#941=LINE('',#15297,#1623);
#942=LINE('',#15299,#1624);
#943=LINE('',#15302,#1625);
#944=LINE('',#15303,#1626);
#945=LINE('',#15309,#1627);
#946=LINE('',#15312,#1628);
#947=LINE('',#15315,#1629);
#948=LINE('',#15318,#1630);
#949=LINE('',#15319,#1631);
#950=LINE('',#15321,#1632);
#951=LINE('',#15324,#1633);
#952=LINE('',#15326,#1634);
#953=LINE('',#15328,#1635);
#954=LINE('',#15329,#1636);
#955=LINE('',#15331,#1637);
#956=LINE('',#15336,#1638);
#957=LINE('',#15340,#1639);
#958=LINE('',#15345,#1640);
#959=LINE('',#15349,#1641);
#960=LINE('',#15350,#1642);
#961=LINE('',#15354,#1643);
#962=LINE('',#15358,#1644);
#963=LINE('',#15363,#1645);
#964=LINE('',#15367,#1646);
#965=LINE('',#15372,#1647);
#966=LINE('',#15376,#1648);
#967=LINE('',#15379,#1649);
#968=LINE('',#15380,#1650);
#969=LINE('',#15388,#1651);
#970=LINE('',#15391,#1652);
#971=LINE('',#15392,#1653);
#972=LINE('',#15396,#1654);
#973=LINE('',#15446,#1655);
#974=LINE('',#15448,#1656);
#975=LINE('',#15449,#1657);
#976=LINE('',#15457,#1658);
#977=LINE('',#15471,#1659);
#978=LINE('',#15475,#1660);
#979=LINE('',#15477,#1661);
#980=LINE('',#15478,#1662);
#981=LINE('',#15481,#1663);
#982=LINE('',#15483,#1664);
#983=LINE('',#15485,#1665);
#984=LINE('',#15487,#1666);
#985=LINE('',#15489,#1667);
#986=LINE('',#15491,#1668);
#987=LINE('',#15494,#1669);
#988=LINE('',#15496,#1670);
#989=LINE('',#15498,#1671);
#990=LINE('',#15500,#1672);
#991=LINE('',#15502,#1673);
#992=LINE('',#15503,#1674);
#993=LINE('',#15508,#1675);
#994=LINE('',#15517,#1676);
#995=LINE('',#15521,#1677);
#996=LINE('',#15523,#1678);
#997=LINE('',#15525,#1679);
#998=LINE('',#15527,#1680);
#999=LINE('',#15531,#1681);
#1000=LINE('',#15537,#1682);
#1001=LINE('',#15543,#1683);
#1002=LINE('',#15548,#1684);
#1003=LINE('',#15550,#1685);
#1004=LINE('',#15552,#1686);
#1005=LINE('',#15556,#1687);
#1006=LINE('',#15557,#1688);
#1007=LINE('',#15560,#1689);
#1008=LINE('',#15564,#1690);
#1009=LINE('',#15568,#1691);
#1010=LINE('',#15569,#1692);
#1011=LINE('',#15572,#1693);
#1012=LINE('',#15574,#1694);
#1013=LINE('',#15576,#1695);
#1014=LINE('',#15577,#1696);
#1015=LINE('',#15584,#1697);
#1016=LINE('',#15588,#1698);
#1017=LINE('',#15592,#1699);
#1018=LINE('',#15595,#1700);
#1019=LINE('',#15598,#1701);
#1020=LINE('',#15600,#1702);
#1021=LINE('',#15601,#1703);
#1022=LINE('',#15604,#1704);
#1023=LINE('',#15605,#1705);
#1024=LINE('',#15611,#1706);
#1025=LINE('',#15614,#1707);
#1026=LINE('',#15699,#1708);
#1027=LINE('',#15702,#1709);
#1028=LINE('',#15705,#1710);
#1029=LINE('',#15709,#1711);
#1030=LINE('',#15711,#1712);
#1031=LINE('',#15713,#1713);
#1032=LINE('',#15717,#1714);
#1033=LINE('',#15721,#1715);
#1034=LINE('',#15725,#1716);
#1035=LINE('',#15727,#1717);
#1036=LINE('',#15729,#1718);
#1037=LINE('',#15730,#1719);
#1038=LINE('',#15732,#1720);
#1039=LINE('',#15733,#1721);
#1040=LINE('',#15738,#1722);
#1041=LINE('',#15769,#1723);
#1042=LINE('',#15772,#1724);
#1043=LINE('',#15777,#1725);
#1044=LINE('',#15811,#1726);
#1045=LINE('',#15824,#1727);
#1046=LINE('',#15856,#1728);
#1047=LINE('',#15858,#1729);
#1048=LINE('',#15859,#1730);
#1049=LINE('',#15871,#1731);
#1050=LINE('',#15872,#1732);
#1051=LINE('',#15905,#1733);
#1052=LINE('',#15907,#1734);
#1053=LINE('',#15908,#1735);
#1054=LINE('',#15917,#1736);
#1055=LINE('',#15934,#1737);
#1056=LINE('',#15975,#1738);
#1057=LINE('',#15976,#1739);
#1058=LINE('',#15980,#1740);
#1059=LINE('',#15982,#1741);
#1060=LINE('',#15983,#1742);
#1061=LINE('',#15986,#1743);
#1062=LINE('',#16006,#1744);
#1063=LINE('',#16007,#1745);
#1064=LINE('',#16010,#1746);
#1065=LINE('',#16012,#1747);
#1066=LINE('',#16024,#1748);
#1067=LINE('',#16027,#1749);
#1068=LINE('',#16043,#1750);
#1069=LINE('',#16045,#1751);
#1070=LINE('',#16046,#1752);
#1071=LINE('',#16050,#1753);
#1072=LINE('',#16051,#1754);
#1073=LINE('',#16054,#1755);
#1074=LINE('',#16056,#1756);
#1075=LINE('',#16069,#1757);
#1076=LINE('',#16071,#1758);
#1077=LINE('',#16083,#1759);
#1078=LINE('',#16084,#1760);
#1079=LINE('',#16087,#1761);
#1080=LINE('',#16089,#1762);
#1081=LINE('',#16094,#1763);
#1082=LINE('',#16106,#1764);
#1083=LINE('',#16110,#1765);
#1084=LINE('',#16113,#1766);
#1085=LINE('',#16115,#1767);
#1086=LINE('',#16118,#1768);
#1087=LINE('',#16121,#1769);
#1088=LINE('',#16125,#1770);
#1089=LINE('',#16126,#1771);
#1090=LINE('',#16134,#1772);
#1091=LINE('',#16136,#1773);
#1092=LINE('',#16140,#1774);
#1093=LINE('',#16141,#1775);
#1094=LINE('',#16143,#1776);
#1095=LINE('',#16146,#1777);
#1096=LINE('',#16148,#1778);
#1097=LINE('',#16153,#1779);
#1098=LINE('',#16155,#1780);
#1099=LINE('',#16277,#1781);
#1100=LINE('',#16289,#1782);
#1101=LINE('',#16301,#1783);
#1102=LINE('',#16304,#1784);
#1103=LINE('',#16320,#1785);
#1104=LINE('',#16366,#1786);
#1105=LINE('',#16399,#1787);
#1106=LINE('',#16401,#1788);
#1107=LINE('',#16402,#1789);
#1108=LINE('',#16405,#1790);
#1109=LINE('',#16406,#1791);
#1110=LINE('',#16409,#1792);
#1111=LINE('',#16410,#1793);
#1112=LINE('',#16412,#1794);
#1113=LINE('',#16413,#1795);
#1114=LINE('',#16418,#1796);
#1115=LINE('',#16427,#1797);
#1116=LINE('',#16430,#1798);
#1117=LINE('',#16432,#1799);
#1118=LINE('',#16433,#1800);
#1119=LINE('',#16436,#1801);
#1120=LINE('',#16449,#1802);
#1121=LINE('',#16450,#1803);
#1122=LINE('',#16453,#1804);
#1123=LINE('',#16455,#1805);
#1124=LINE('',#16507,#1806);
#1125=LINE('',#16508,#1807);
#1126=LINE('',#16510,#1808);
#1127=LINE('',#16513,#1809);
#1128=LINE('',#16514,#1810);
#1129=LINE('',#16517,#1811);
#1130=LINE('',#16518,#1812);
#1131=LINE('',#16520,#1813);
#1132=LINE('',#16523,#1814);
#1133=LINE('',#16525,#1815);
#1134=LINE('',#16526,#1816);
#1135=LINE('',#16528,#1817);
#1136=LINE('',#16536,#1818);
#1137=LINE('',#16540,#1819);
#1138=LINE('',#16542,#1820);
#1139=LINE('',#16543,#1821);
#1140=LINE('',#16545,#1822);
#1141=LINE('',#16546,#1823);
#1142=LINE('',#16549,#1824);
#1143=LINE('',#16550,#1825);
#1144=LINE('',#16554,#1826);
#1145=LINE('',#16556,#1827);
#1146=LINE('',#16559,#1828);
#1147=LINE('',#16561,#1829);
#1148=LINE('',#16565,#1830);
#1149=LINE('',#16567,#1831);
#1150=LINE('',#16571,#1832);
#1151=LINE('',#16580,#1833);
#1152=LINE('',#16601,#1834);
#1153=LINE('',#16609,#1835);
#1154=LINE('',#16611,#1836);
#1155=LINE('',#16613,#1837);
#1156=LINE('',#16614,#1838);
#1157=LINE('',#16616,#1839);
#1158=LINE('',#16618,#1840);
#1159=LINE('',#16623,#1841);
#1160=LINE('',#16625,#1842);
#1161=LINE('',#16626,#1843);
#1162=LINE('',#16629,#1844);
#1163=LINE('',#16630,#1845);
#1164=LINE('',#16633,#1846);
#1165=LINE('',#16634,#1847);
#1166=LINE('',#16636,#1848);
#1167=LINE('',#16641,#1849);
#1168=LINE('',#16644,#1850);
#1169=LINE('',#16645,#1851);
#1170=LINE('',#16648,#1852);
#1171=LINE('',#16649,#1853);
#1172=LINE('',#16652,#1854);
#1173=LINE('',#16657,#1855);
#1174=LINE('',#16662,#1856);
#1175=LINE('',#16664,#1857);
#1176=LINE('',#16666,#1858);
#1177=LINE('',#16670,#1859);
#1178=LINE('',#16671,#1860);
#1179=LINE('',#16674,#1861);
#1180=LINE('',#16675,#1862);
#1181=LINE('',#16678,#1863);
#1182=LINE('',#16679,#1864);
#1183=LINE('',#16682,#1865);
#1184=LINE('',#16683,#1866);
#1185=LINE('',#16685,#1867);
#1186=VECTOR('',#9826,10.);
#1187=VECTOR('',#9827,10.);
#1188=VECTOR('',#9842,10.);
#1189=VECTOR('',#9843,10.);
#1190=VECTOR('',#9864,10.);
#1191=VECTOR('',#9865,10.);
#1192=VECTOR('',#9888,10.);
#1193=VECTOR('',#9889,10.);
#1194=VECTOR('',#9900,10.);
#1195=VECTOR('',#9903,10.);
#1196=VECTOR('',#9906,10.);
#1197=VECTOR('',#9907,10.);
#1198=VECTOR('',#9928,10.);
#1199=VECTOR('',#9929,10.);
#1200=VECTOR('',#9952,10.);
#1201=VECTOR('',#9953,10.);
#1202=VECTOR('',#9972,10.);
#1203=VECTOR('',#9975,10.);
#1204=VECTOR('',#9978,1.5);
#1205=VECTOR('',#9981,10.);
#1206=VECTOR('',#9984,10.);
#1207=VECTOR('',#9987,10.);
#1208=VECTOR('',#9990,10.);
#1209=VECTOR('',#9995,10.);
#1210=VECTOR('',#9996,10.);
#1211=VECTOR('',#10009,10.);
#1212=VECTOR('',#10010,10.);
#1213=VECTOR('',#10023,10.);
#1214=VECTOR('',#10024,10.);
#1215=VECTOR('',#10027,10.);
#1216=VECTOR('',#10028,10.);
#1217=VECTOR('',#10031,10.);
#1218=VECTOR('',#10040,10.);
#1219=VECTOR('',#10043,10.);
#1220=VECTOR('',#10056,10.);
#1221=VECTOR('',#10057,10.);
#1222=VECTOR('',#10070,10.);
#1223=VECTOR('',#10071,10.);
#1224=VECTOR('',#10084,10.);
#1225=VECTOR('',#10085,10.);
#1226=VECTOR('',#10098,10.);
#1227=VECTOR('',#10099,10.);
#1228=VECTOR('',#10108,10.);
#1229=VECTOR('',#10109,10.);
#1230=VECTOR('',#10110,10.);
#1231=VECTOR('',#10115,10.);
#1232=VECTOR('',#10118,10.);
#1233=VECTOR('',#10119,10.);
#1234=VECTOR('',#10122,10.);
#1235=VECTOR('',#10125,10.);
#1236=VECTOR('',#10126,10.);
#1237=VECTOR('',#10127,10.);
#1238=VECTOR('',#10128,10.);
#1239=VECTOR('',#10133,10.);
#1240=VECTOR('',#10136,10.);
#1241=VECTOR('',#10137,10.);
#1242=VECTOR('',#10138,10.);
#1243=VECTOR('',#10139,10.);
#1244=VECTOR('',#10142,10.);
#1245=VECTOR('',#10143,10.);
#1246=VECTOR('',#10144,10.);
#1247=VECTOR('',#10157,10.);
#1248=VECTOR('',#10160,10.);
#1249=VECTOR('',#10163,10.);
#1250=VECTOR('',#10164,10.);
#1251=VECTOR('',#10165,10.);
#1252=VECTOR('',#10170,10.);
#1253=VECTOR('',#10173,10.);
#1254=VECTOR('',#10176,10.);
#1255=VECTOR('',#10189,10.);
#1256=VECTOR('',#10194,10.);
#1257=VECTOR('',#10197,10.);
#1258=VECTOR('',#10198,10.);
#1259=VECTOR('',#10211,10.);
#1260=VECTOR('',#10214,10.);
#1261=VECTOR('',#10217,10.);
#1262=VECTOR('',#10218,10.);
#1263=VECTOR('',#10229,10.);
#1264=VECTOR('',#10232,10.);
#1265=VECTOR('',#10235,10.);
#1266=VECTOR('',#10236,10.);
#1267=VECTOR('',#10239,10.);
#1268=VECTOR('',#10240,10.);
#1269=VECTOR('',#10241,10.);
#1270=VECTOR('',#10242,10.);
#1271=VECTOR('',#10243,10.);
#1272=VECTOR('',#10246,10.);
#1273=VECTOR('',#10249,10.);
#1274=VECTOR('',#10252,10.);
#1275=VECTOR('',#10257,10.);
#1276=VECTOR('',#10260,10.);
#1277=VECTOR('',#10265,10.);
#1278=VECTOR('',#10268,10.);
#1279=VECTOR('',#10273,10.);
#1280=VECTOR('',#10274,10.);
#1281=VECTOR('',#10285,10.);
#1282=VECTOR('',#10288,10.);
#1283=VECTOR('',#10291,10.);
#1284=VECTOR('',#10292,10.);
#1285=VECTOR('',#10295,10.);
#1286=VECTOR('',#10296,10.);
#1287=VECTOR('',#10309,10.);
#1288=VECTOR('',#10312,10.);
#1289=VECTOR('',#10315,10.);
#1290=VECTOR('',#10316,10.);
#1291=VECTOR('',#10317,10.);
#1292=VECTOR('',#10320,10.);
#1293=VECTOR('',#10323,10.);
#1294=VECTOR('',#10324,10.);
#1295=VECTOR('',#10325,10.);
#1296=VECTOR('',#10326,10.);
#1297=VECTOR('',#10327,10.);
#1298=VECTOR('',#10330,10.);
#1299=VECTOR('',#10331,10.);
#1300=VECTOR('',#10332,10.);
#1301=VECTOR('',#10333,10.);
#1302=VECTOR('',#10334,10.);
#1303=VECTOR('',#10335,10.);
#1304=VECTOR('',#10340,1.075);
#1305=VECTOR('',#10351,10.);
#1306=VECTOR('',#10352,10.);
#1307=VECTOR('',#10353,10.);
#1308=VECTOR('',#10354,10.);
#1309=VECTOR('',#10357,10.);
#1310=VECTOR('',#10360,0.95);
#1311=VECTOR('',#10367,1.775);
#1312=VECTOR('',#10374,1.65);
#1313=VECTOR('',#10379,10.);
#1314=VECTOR('',#10382,10.);
#1315=VECTOR('',#10383,10.);
#1316=VECTOR('',#10386,10.);
#1317=VECTOR('',#10387,10.);
#1318=VECTOR('',#10388,10.);
#1319=VECTOR('',#10391,10.);
#1320=VECTOR('',#10392,10.);
#1321=VECTOR('',#10395,10.);
#1322=VECTOR('',#10398,10.);
#1323=VECTOR('',#10399,10.);
#1324=VECTOR('',#10400,10.);
#1325=VECTOR('',#10401,10.);
#1326=VECTOR('',#10402,10.);
#1327=VECTOR('',#10403,10.);
#1328=VECTOR('',#10410,10.);
#1329=VECTOR('',#10415,10.);
#1330=VECTOR('',#10422,10.);
#1331=VECTOR('',#10425,10.);
#1332=VECTOR('',#10428,10.);
#1333=VECTOR('',#10429,10.);
#1334=VECTOR('',#10430,10.);
#1335=VECTOR('',#10433,10.);
#1336=VECTOR('',#10434,10.);
#1337=VECTOR('',#10439,0.25);
#1338=VECTOR('',#10442,0.25);
#1339=VECTOR('',#10445,10.);
#1340=VECTOR('',#10448,10.);
#1341=VECTOR('',#10451,10.);
#1342=VECTOR('',#10452,10.);
#1343=VECTOR('',#10453,0.25);
#1344=VECTOR('',#10454,10.);
#1345=VECTOR('',#10457,10.);
#1346=VECTOR('',#10460,10.);
#1347=VECTOR('',#10463,10.);
#1348=VECTOR('',#10464,10.);
#1349=VECTOR('',#10465,10.);
#1350=VECTOR('',#10468,10.);
#1351=VECTOR('',#10469,10.);
#1352=VECTOR('',#10470,10.);
#1353=VECTOR('',#10475,10.);
#1354=VECTOR('',#10484,10.);
#1355=VECTOR('',#10487,10.);
#1356=VECTOR('',#10496,0.25);
#1357=VECTOR('',#10519,10.);
#1358=VECTOR('',#10522,10.);
#1359=VECTOR('',#10541,10.);
#1360=VECTOR('',#10544,10.);
#1361=VECTOR('',#10545,10.);
#1362=VECTOR('',#10562,10.);
#1363=VECTOR('',#10563,10.);
#1364=VECTOR('',#10592,10.);
#1365=VECTOR('',#10595,10.);
#1366=VECTOR('',#10596,10.);
#1367=VECTOR('',#10607,10.);
#1368=VECTOR('',#10610,10.);
#1369=VECTOR('',#10625,10.);
#1370=VECTOR('',#10626,10.);
#1371=VECTOR('',#10633,10.);
#1372=VECTOR('',#10636,10.);
#1373=VECTOR('',#10637,10.);
#1374=VECTOR('',#10640,10.);
#1375=VECTOR('',#10643,10.);
#1376=VECTOR('',#10644,10.);
#1377=VECTOR('',#10647,10.);
#1378=VECTOR('',#10650,10.);
#1379=VECTOR('',#10653,10.);
#1380=VECTOR('',#10656,10.);
#1381=VECTOR('',#10659,10.);
#1382=VECTOR('',#10662,10.);
#1383=VECTOR('',#10663,10.);
#1384=VECTOR('',#10670,10.);
#1385=VECTOR('',#10671,10.);
#1386=VECTOR('',#10674,10.);
#1387=VECTOR('',#10677,10.);
#1388=VECTOR('',#10680,10.);
#1389=VECTOR('',#10683,10.);
#1390=VECTOR('',#10686,10.);
#1391=VECTOR('',#10687,10.);
#1392=VECTOR('',#10692,10.);
#1393=VECTOR('',#10695,10.);
#1394=VECTOR('',#10696,10.);
#1395=VECTOR('',#10701,10.);
#1396=VECTOR('',#10702,10.);
#1397=VECTOR('',#10707,10.);
#1398=VECTOR('',#10710,10.);
#1399=VECTOR('',#10715,10.);
#1400=VECTOR('',#10720,10.);
#1401=VECTOR('',#10723,10.);
#1402=VECTOR('',#10724,10.);
#1403=VECTOR('',#10735,10.);
#1404=VECTOR('',#10740,10.);
#1405=VECTOR('',#10747,10.);
#1406=VECTOR('',#10748,10.);
#1407=VECTOR('',#10751,10.);
#1408=VECTOR('',#10754,10.);
#1409=VECTOR('',#10759,10.);
#1410=VECTOR('',#10762,10.);
#1411=VECTOR('',#10763,10.);
#1412=VECTOR('',#10768,10.);
#1413=VECTOR('',#10773,10.);
#1414=VECTOR('',#10776,10.);
#1415=VECTOR('',#10779,10.);
#1416=VECTOR('',#10780,10.);
#1417=VECTOR('',#10781,10.);
#1418=VECTOR('',#10790,10.);
#1419=VECTOR('',#10793,10.);
#1420=VECTOR('',#10794,10.);
#1421=VECTOR('',#10797,10.);
#1422=VECTOR('',#10798,10.);
#1423=VECTOR('',#10801,10.);
#1424=VECTOR('',#10810,10.);
#1425=VECTOR('',#10811,10.);
#1426=VECTOR('',#10812,10.);
#1427=VECTOR('',#10815,10.);
#1428=VECTOR('',#10816,10.);
#1429=VECTOR('',#10819,10.);
#1430=VECTOR('',#10820,10.);
#1431=VECTOR('',#10823,10.);
#1432=VECTOR('',#10824,10.);
#1433=VECTOR('',#10831,10.);
#1434=VECTOR('',#10842,10.);
#1435=VECTOR('',#10845,10.);
#1436=VECTOR('',#10846,10.);
#1437=VECTOR('',#10847,10.);
#1438=VECTOR('',#10850,10.);
#1439=VECTOR('',#10853,10.);
#1440=VECTOR('',#10856,10.);
#1441=VECTOR('',#10857,10.);
#1442=VECTOR('',#10862,10.);
#1443=VECTOR('',#10873,10.);
#1444=VECTOR('',#10874,10.);
#1445=VECTOR('',#10877,10.);
#1446=VECTOR('',#10880,10.);
#1447=VECTOR('',#10881,10.);
#1448=VECTOR('',#10884,10.);
#1449=VECTOR('',#10885,10.);
#1450=VECTOR('',#10888,10.);
#1451=VECTOR('',#10895,10.);
#1452=VECTOR('',#10898,10.);
#1453=VECTOR('',#10901,10.);
#1454=VECTOR('',#10904,10.);
#1455=VECTOR('',#10905,10.);
#1456=VECTOR('',#10912,10.);
#1457=VECTOR('',#10921,10.);
#1458=VECTOR('',#10926,10.);
#1459=VECTOR('',#10927,10.);
#1460=VECTOR('',#10928,10.);
#1461=VECTOR('',#10929,10.);
#1462=VECTOR('',#10932,10.);
#1463=VECTOR('',#10933,10.);
#1464=VECTOR('',#10934,10.);
#1465=VECTOR('',#10939,10.);
#1466=VECTOR('',#10940,10.);
#1467=VECTOR('',#10945,10.);
#1468=VECTOR('',#10948,10.);
#1469=VECTOR('',#10949,10.);
#1470=VECTOR('',#10954,10.);
#1471=VECTOR('',#10957,10.);
#1472=VECTOR('',#10964,10.);
#1473=VECTOR('',#10999,10.);
#1474=VECTOR('',#11000,10.);
#1475=VECTOR('',#11017,10.);
#1476=VECTOR('',#11018,10.);
#1477=VECTOR('',#11021,10.);
#1478=VECTOR('',#11022,10.);
#1479=VECTOR('',#11025,10.);
#1480=VECTOR('',#11026,10.);
#1481=VECTOR('',#11029,10.);
#1482=VECTOR('',#11032,10.);
#1483=VECTOR('',#11039,10.);
#1484=VECTOR('',#11040,10.);
#1485=VECTOR('',#11041,10.);
#1486=VECTOR('',#11044,10.);
#1487=VECTOR('',#11045,10.);
#1488=VECTOR('',#11048,10.);
#1489=VECTOR('',#11049,10.);
#1490=VECTOR('',#11052,10.);
#1491=VECTOR('',#11059,10.);
#1492=VECTOR('',#11060,10.);
#1493=VECTOR('',#11063,10.);
#1494=VECTOR('',#11064,10.);
#1495=VECTOR('',#11065,10.);
#1496=VECTOR('',#11068,10.);
#1497=VECTOR('',#11069,10.);
#1498=VECTOR('',#11070,10.);
#1499=VECTOR('',#11073,10.);
#1500=VECTOR('',#11076,10.);
#1501=VECTOR('',#11081,10.);
#1502=VECTOR('',#11082,10.);
#1503=VECTOR('',#11089,1.675);
#1504=VECTOR('',#11092,2.4625);
#1505=VECTOR('',#11095,1.675);
#1506=VECTOR('',#11100,10.);
#1507=VECTOR('',#11101,10.);
#1508=VECTOR('',#11104,10.);
#1509=VECTOR('',#11105,10.);
#1510=VECTOR('',#11108,10.);
#1511=VECTOR('',#11109,10.);
#1512=VECTOR('',#11112,10.);
#1513=VECTOR('',#11113,10.);
#1514=VECTOR('',#11116,10.);
#1515=VECTOR('',#11131,10.);
#1516=VECTOR('',#11132,10.);
#1517=VECTOR('',#11135,10.);
#1518=VECTOR('',#11138,10.);
#1519=VECTOR('',#11151,10.);
#1520=VECTOR('',#11152,10.);
#1521=VECTOR('',#11173,10.);
#1522=VECTOR('',#11174,10.);
#1523=VECTOR('',#11197,10.);
#1524=VECTOR('',#11198,10.);
#1525=VECTOR('',#11209,10.);
#1526=VECTOR('',#11210,10.);
#1527=VECTOR('',#11215,10.);
#1528=VECTOR('',#11216,10.);
#1529=VECTOR('',#11237,10.);
#1530=VECTOR('',#11238,10.);
#1531=VECTOR('',#11261,10.);
#1532=VECTOR('',#11262,10.);
#1533=VECTOR('',#11281,10.);
#1534=VECTOR('',#11282,10.);
#1535=VECTOR('',#11285,10.);
#1536=VECTOR('',#11286,10.);
#1537=VECTOR('',#11287,10.);
#1538=VECTOR('',#11288,10.);
#1539=VECTOR('',#11289,10.);
#1540=VECTOR('',#11290,10.);
#1541=VECTOR('',#11291,10.);
#1542=VECTOR('',#11292,10.);
#1543=VECTOR('',#11293,10.);
#1544=VECTOR('',#11298,10.);
#1545=VECTOR('',#11301,10.);
#1546=VECTOR('',#11304,1.5);
#1547=VECTOR('',#11307,10.);
#1548=VECTOR('',#11310,10.);
#1549=VECTOR('',#11313,10.);
#1550=VECTOR('',#11316,10.);
#1551=VECTOR('',#11323,10.);
#1552=VECTOR('',#11324,10.);
#1553=VECTOR('',#11337,10.);
#1554=VECTOR('',#11338,10.);
#1555=VECTOR('',#11351,10.);
#1556=VECTOR('',#11352,10.);
#1557=VECTOR('',#11357,10.);
#1558=VECTOR('',#11360,10.);
#1559=VECTOR('',#11361,10.);
#1560=VECTOR('',#11366,10.);
#1561=VECTOR('',#11367,10.);
#1562=VECTOR('',#11370,10.);
#1563=VECTOR('',#11371,10.);
#1564=VECTOR('',#11372,10.);
#1565=VECTOR('',#11373,10.);
#1566=VECTOR('',#11374,10.);
#1567=VECTOR('',#11375,10.);
#1568=VECTOR('',#11376,10.);
#1569=VECTOR('',#11377,10.);
#1570=VECTOR('',#11378,10.);
#1571=VECTOR('',#11379,10.);
#1572=VECTOR('',#11380,10.);
#1573=VECTOR('',#11381,10.);
#1574=VECTOR('',#11382,10.);
#1575=VECTOR('',#11383,10.);
#1576=VECTOR('',#11386,10.);
#1577=VECTOR('',#11387,10.);
#1578=VECTOR('',#11390,10.);
#1579=VECTOR('',#11391,10.);
#1580=VECTOR('',#11392,10.);
#1581=VECTOR('',#11395,10.);
#1582=VECTOR('',#11398,10.);
#1583=VECTOR('',#11401,10.);
#1584=VECTOR('',#11404,10.);
#1585=VECTOR('',#11415,10.);
#1586=VECTOR('',#11426,10.);
#1587=VECTOR('',#11437,10.);
#1588=VECTOR('',#11448,10.);
#1589=VECTOR('',#11459,10.);
#1590=VECTOR('',#11466,10.);
#1591=VECTOR('',#11467,10.);
#1592=VECTOR('',#11468,10.);
#1593=VECTOR('',#11471,10.);
#1594=VECTOR('',#11476,10.);
#1595=VECTOR('',#11477,10.);
#1596=VECTOR('',#11478,10.);
#1597=VECTOR('',#11479,10.);
#1598=VECTOR('',#11482,10.);
#1599=VECTOR('',#11485,10.);
#1600=VECTOR('',#11486,10.);
#1601=VECTOR('',#11489,10.);
#1602=VECTOR('',#11494,10.);
#1603=VECTOR('',#11495,10.);
#1604=VECTOR('',#11496,10.);
#1605=VECTOR('',#11499,10.);
#1606=VECTOR('',#11500,10.);
#1607=VECTOR('',#11501,10.);
#1608=VECTOR('',#11502,10.);
#1609=VECTOR('',#11505,10.);
#1610=VECTOR('',#11510,10.);
#1611=VECTOR('',#11521,10.);
#1612=VECTOR('',#11524,10.);
#1613=VECTOR('',#11525,10.);
#1614=VECTOR('',#11526,10.);
#1615=VECTOR('',#11531,10.);
#1616=VECTOR('',#11532,10.);
#1617=VECTOR('',#11535,10.);
#1618=VECTOR('',#11540,10.);
#1619=VECTOR('',#11543,10.);
#1620=VECTOR('',#11558,10.);
#1621=VECTOR('',#11563,10.);
#1622=VECTOR('',#11568,10.);
#1623=VECTOR('',#11579,10.);
#1624=VECTOR('',#11580,10.);
#1625=VECTOR('',#11585,10.);
#1626=VECTOR('',#11586,10.);
#1627=VECTOR('',#11595,10.);
#1628=VECTOR('',#11598,10.);
#1629=VECTOR('',#11601,10.);
#1630=VECTOR('',#11604,10.);
#1631=VECTOR('',#11605,10.);
#1632=VECTOR('',#11608,10.);
#1633=VECTOR('',#11609,10.);
#1634=VECTOR('',#11610,10.);
#1635=VECTOR('',#11611,10.);
#1636=VECTOR('',#11612,10.);
#1637=VECTOR('',#11615,10.);
#1638=VECTOR('',#11620,10.);
#1639=VECTOR('',#11623,10.);
#1640=VECTOR('',#11628,10.);
#1641=VECTOR('',#11633,10.);
#1642=VECTOR('',#11634,10.);
#1643=VECTOR('',#11637,10.);
#1644=VECTOR('',#11640,10.);
#1645=VECTOR('',#11645,10.);
#1646=VECTOR('',#11648,10.);
#1647=VECTOR('',#11653,10.);
#1648=VECTOR('',#11656,10.);
#1649=VECTOR('',#11661,10.);
#1650=VECTOR('',#11662,10.);
#1651=VECTOR('',#11673,10.);
#1652=VECTOR('',#11678,10.);
#1653=VECTOR('',#11679,10.);
#1654=VECTOR('',#11684,10.);
#1655=VECTOR('',#11687,10.);
#1656=VECTOR('',#11688,10.);
#1657=VECTOR('',#11689,10.);
#1658=VECTOR('',#11696,10.);
#1659=VECTOR('',#11713,10.);
#1660=VECTOR('',#11718,10.);
#1661=VECTOR('',#11719,10.);
#1662=VECTOR('',#11720,10.);
#1663=VECTOR('',#11723,10.);
#1664=VECTOR('',#11724,10.);
#1665=VECTOR('',#11725,10.);
#1666=VECTOR('',#11726,10.);
#1667=VECTOR('',#11727,10.);
#1668=VECTOR('',#11730,10.);
#1669=VECTOR('',#11733,10.);
#1670=VECTOR('',#11734,10.);
#1671=VECTOR('',#11735,10.);
#1672=VECTOR('',#11736,10.);
#1673=VECTOR('',#11737,10.);
#1674=VECTOR('',#11738,10.);
#1675=VECTOR('',#11743,1.075);
#1676=VECTOR('',#11752,10.);
#1677=VECTOR('',#11755,10.);
#1678=VECTOR('',#11756,10.);
#1679=VECTOR('',#11757,10.);
#1680=VECTOR('',#11758,10.);
#1681=VECTOR('',#11763,0.95);
#1682=VECTOR('',#11770,1.775);
#1683=VECTOR('',#11777,1.65);
#1684=VECTOR('',#11782,10.);
#1685=VECTOR('',#11783,10.);
#1686=VECTOR('',#11784,10.);
#1687=VECTOR('',#11789,10.);
#1688=VECTOR('',#11790,10.);
#1689=VECTOR('',#11793,10.);
#1690=VECTOR('',#11796,10.);
#1691=VECTOR('',#11799,10.);
#1692=VECTOR('',#11800,10.);
#1693=VECTOR('',#11801,10.);
#1694=VECTOR('',#11802,10.);
#1695=VECTOR('',#11803,10.);
#1696=VECTOR('',#11804,10.);
#1697=VECTOR('',#11811,10.);
#1698=VECTOR('',#11816,10.);
#1699=VECTOR('',#11821,10.);
#1700=VECTOR('',#11826,10.);
#1701=VECTOR('',#11829,10.);
#1702=VECTOR('',#11830,10.);
#1703=VECTOR('',#11831,10.);
#1704=VECTOR('',#11834,10.);
#1705=VECTOR('',#11835,10.);
#1706=VECTOR('',#11840,0.25);
#1707=VECTOR('',#11843,0.25);
#1708=VECTOR('',#11846,10.);
#1709=VECTOR('',#11849,10.);
#1710=VECTOR('',#11852,10.);
#1711=VECTOR('',#11855,10.);
#1712=VECTOR('',#11856,10.);
#1713=VECTOR('',#11857,10.);
#1714=VECTOR('',#11860,10.);
#1715=VECTOR('',#11863,10.);
#1716=VECTOR('',#11866,10.);
#1717=VECTOR('',#11867,0.25);
#1718=VECTOR('',#11868,10.);
#1719=VECTOR('',#11869,10.);
#1720=VECTOR('',#11870,10.);
#1721=VECTOR('',#11871,10.);
#1722=VECTOR('',#11876,10.);
#1723=VECTOR('',#11885,10.);
#1724=VECTOR('',#11890,10.);
#1725=VECTOR('',#11895,0.25);
#1726=VECTOR('',#11920,10.);
#1727=VECTOR('',#11923,10.);
#1728=VECTOR('',#11942,10.);
#1729=VECTOR('',#11945,10.);
#1730=VECTOR('',#11946,10.);
#1731=VECTOR('',#11963,10.);
#1732=VECTOR('',#11964,10.);
#1733=VECTOR('',#11993,10.);
#1734=VECTOR('',#11996,10.);
#1735=VECTOR('',#11997,10.);
#1736=VECTOR('',#12008,10.);
#1737=VECTOR('',#12011,10.);
#1738=VECTOR('',#12026,10.);
#1739=VECTOR('',#12027,10.);
#1740=VECTOR('',#12034,10.);
#1741=VECTOR('',#12037,10.);
#1742=VECTOR('',#12038,10.);
#1743=VECTOR('',#12041,10.);
#1744=VECTOR('',#12044,10.);
#1745=VECTOR('',#12045,10.);
#1746=VECTOR('',#12048,10.);
#1747=VECTOR('',#12049,10.);
#1748=VECTOR('',#12054,10.);
#1749=VECTOR('',#12057,10.);
#1750=VECTOR('',#12060,10.);
#1751=VECTOR('',#12063,10.);
#1752=VECTOR('',#12064,10.);
#1753=VECTOR('',#12071,10.);
#1754=VECTOR('',#12072,10.);
#1755=VECTOR('',#12075,10.);
#1756=VECTOR('',#12076,10.);
#1757=VECTOR('',#12081,10.);
#1758=VECTOR('',#12082,10.);
#1759=VECTOR('',#12087,10.);
#1760=VECTOR('',#12088,10.);
#1761=VECTOR('',#12093,10.);
#1762=VECTOR('',#12094,10.);
#1763=VECTOR('',#12099,10.);
#1764=VECTOR('',#12100,10.);
#1765=VECTOR('',#12103,10.);
#1766=VECTOR('',#12108,10.);
#1767=VECTOR('',#12111,10.);
#1768=VECTOR('',#12116,10.);
#1769=VECTOR('',#12119,10.);
#1770=VECTOR('',#12124,10.);
#1771=VECTOR('',#12125,10.);
#1772=VECTOR('',#12138,10.);
#1773=VECTOR('',#12141,10.);
#1774=VECTOR('',#12148,10.);
#1775=VECTOR('',#12149,10.);
#1776=VECTOR('',#12152,10.);
#1777=VECTOR('',#12157,10.);
#1778=VECTOR('',#12160,10.);
#1779=VECTOR('',#12167,10.);
#1780=VECTOR('',#12170,10.);
#1781=VECTOR('',#12177,10.);
#1782=VECTOR('',#12182,10.);
#1783=VECTOR('',#12183,10.);
#1784=VECTOR('',#12186,10.);
#1785=VECTOR('',#12187,10.);
#1786=VECTOR('',#12192,10.);
#1787=VECTOR('',#12199,10.);
#1788=VECTOR('',#12200,10.);
#1789=VECTOR('',#12201,10.);
#1790=VECTOR('',#12204,10.);
#1791=VECTOR('',#12205,10.);
#1792=VECTOR('',#12208,10.);
#1793=VECTOR('',#12209,10.);
#1794=VECTOR('',#12212,10.);
#1795=VECTOR('',#12213,10.);
#1796=VECTOR('',#12218,10.);
#1797=VECTOR('',#12231,10.);
#1798=VECTOR('',#12234,10.);
#1799=VECTOR('',#12235,10.);
#1800=VECTOR('',#12236,10.);
#1801=VECTOR('',#12239,10.);
#1802=VECTOR('',#12244,10.);
#1803=VECTOR('',#12245,10.);
#1804=VECTOR('',#12248,10.);
#1805=VECTOR('',#12251,10.);
#1806=VECTOR('',#12262,10.);
#1807=VECTOR('',#12263,10.);
#1808=VECTOR('',#12266,10.);
#1809=VECTOR('',#12269,10.);
#1810=VECTOR('',#12270,10.);
#1811=VECTOR('',#12273,10.);
#1812=VECTOR('',#12274,10.);
#1813=VECTOR('',#12277,10.);
#1814=VECTOR('',#12282,10.);
#1815=VECTOR('',#12285,10.);
#1816=VECTOR('',#12286,10.);
#1817=VECTOR('',#12289,10.);
#1818=VECTOR('',#12304,10.);
#1819=VECTOR('',#12309,10.);
#1820=VECTOR('',#12310,10.);
#1821=VECTOR('',#12311,10.);
#1822=VECTOR('',#12314,10.);
#1823=VECTOR('',#12315,10.);
#1824=VECTOR('',#12318,10.);
#1825=VECTOR('',#12319,10.);
#1826=VECTOR('',#12324,10.);
#1827=VECTOR('',#12327,1.05);
#1828=VECTOR('',#12332,1.6);
#1829=VECTOR('',#12335,1.6);
#1830=VECTOR('',#12342,10.);
#1831=VECTOR('',#12345,10.);
#1832=VECTOR('',#12350,10.);
#1833=VECTOR('',#12359,10.);
#1834=VECTOR('',#12388,10.);
#1835=VECTOR('',#12401,10.);
#1836=VECTOR('',#12404,10.);
#1837=VECTOR('',#12407,10.);
#1838=VECTOR('',#12408,10.);
#1839=VECTOR('',#12411,10.);
#1840=VECTOR('',#12414,10.);
#1841=VECTOR('',#12421,10.);
#1842=VECTOR('',#12422,10.);
#1843=VECTOR('',#12423,10.);
#1844=VECTOR('',#12426,10.);
#1845=VECTOR('',#12427,10.);
#1846=VECTOR('',#12430,10.);
#1847=VECTOR('',#12431,10.);
#1848=VECTOR('',#12434,10.);
#1849=VECTOR('',#12441,10.);
#1850=VECTOR('',#12444,10.);
#1851=VECTOR('',#12445,10.);
#1852=VECTOR('',#12448,10.);
#1853=VECTOR('',#12449,10.);
#1854=VECTOR('',#12452,10.);
#1855=VECTOR('',#12459,10.);
#1856=VECTOR('',#12466,1.675);
#1857=VECTOR('',#12469,2.4625);
#1858=VECTOR('',#12472,1.675);
#1859=VECTOR('',#12477,10.);
#1860=VECTOR('',#12478,10.);
#1861=VECTOR('',#12481,10.);
#1862=VECTOR('',#12482,10.);
#1863=VECTOR('',#12485,10.);
#1864=VECTOR('',#12486,10.);
#1865=VECTOR('',#12489,10.);
#1866=VECTOR('',#12490,10.);
#1867=VECTOR('',#12493,10.);
#1868=CYLINDRICAL_SURFACE('',#8816,0.25);
#1869=CYLINDRICAL_SURFACE('',#8823,0.25);
#1870=CYLINDRICAL_SURFACE('',#8833,0.25);
#1871=CYLINDRICAL_SURFACE('',#8844,0.25);
#1872=CYLINDRICAL_SURFACE('',#8850,0.25);
#1873=CYLINDRICAL_SURFACE('',#8852,0.25);
#1874=CYLINDRICAL_SURFACE('',#8861,0.25);
#1875=CYLINDRICAL_SURFACE('',#8872,0.25);
#1876=CYLINDRICAL_SURFACE('',#8883,1.5);
#1877=CYLINDRICAL_SURFACE('',#8885,1.5);
#1878=CYLINDRICAL_SURFACE('',#8886,1.5);
#1879=CYLINDRICAL_SURFACE('',#8888,1.5);
#1880=CYLINDRICAL_SURFACE('',#8889,0.25);
#1881=CYLINDRICAL_SURFACE('',#8895,0.25);
#1882=CYLINDRICAL_SURFACE('',#8901,0.25);
#1883=CYLINDRICAL_SURFACE('',#8907,0.25);
#1884=CYLINDRICAL_SURFACE('',#8914,0.25);
#1885=CYLINDRICAL_SURFACE('',#8920,0.25);
#1886=CYLINDRICAL_SURFACE('',#8926,0.25);
#1887=CYLINDRICAL_SURFACE('',#8932,0.25);
#1888=CYLINDRICAL_SURFACE('',#8938,2.);
#1889=CYLINDRICAL_SURFACE('',#8943,1.);
#1890=CYLINDRICAL_SURFACE('',#8952,0.25);
#1891=CYLINDRICAL_SURFACE('',#8955,2.);
#1892=CYLINDRICAL_SURFACE('',#8957,0.25);
#1893=CYLINDRICAL_SURFACE('',#8963,0.25);
#1894=CYLINDRICAL_SURFACE('',#8965,0.25);
#1895=CYLINDRICAL_SURFACE('',#8967,0.25);
#1896=CYLINDRICAL_SURFACE('',#8973,0.25);
#1897=CYLINDRICAL_SURFACE('',#8975,0.25);
#1898=CYLINDRICAL_SURFACE('',#8980,2.);
#1899=CYLINDRICAL_SURFACE('',#8985,0.25);
#1900=CYLINDRICAL_SURFACE('',#8988,0.25);
#1901=CYLINDRICAL_SURFACE('',#8991,0.25);
#1902=CYLINDRICAL_SURFACE('',#8994,0.25);
#1903=CYLINDRICAL_SURFACE('',#8999,0.25);
#1904=CYLINDRICAL_SURFACE('',#9001,0.25);
#1905=CYLINDRICAL_SURFACE('',#9002,0.25);
#1906=CYLINDRICAL_SURFACE('',#9008,5.);
#1907=CYLINDRICAL_SURFACE('',#9022,0.95);
#1908=CYLINDRICAL_SURFACE('',#9028,1.65);
#1909=CYLINDRICAL_SURFACE('',#9037,1.5);
#1910=CYLINDRICAL_SURFACE('',#9040,1.5);
#1911=CYLINDRICAL_SURFACE('',#9042,1.5);
#1912=CYLINDRICAL_SURFACE('',#9044,1.5);
#1913=CYLINDRICAL_SURFACE('',#9047,0.25);
#1914=CYLINDRICAL_SURFACE('',#9050,0.25);
#1915=CYLINDRICAL_SURFACE('',#9057,0.25);
#1916=CYLINDRICAL_SURFACE('',#9061,0.25);
#1917=CYLINDRICAL_SURFACE('',#9065,0.25);
#1918=CYLINDRICAL_SURFACE('',#9068,0.25);
#1919=CYLINDRICAL_SURFACE('',#9077,0.25);
#1920=CYLINDRICAL_SURFACE('',#9079,0.25);
#1921=CYLINDRICAL_SURFACE('',#9088,0.25);
#1922=CYLINDRICAL_SURFACE('',#9089,0.25);
#1923=CYLINDRICAL_SURFACE('',#9090,0.25);
#1924=CYLINDRICAL_SURFACE('',#9097,0.25);
#1925=CYLINDRICAL_SURFACE('',#9111,0.25);
#1926=CYLINDRICAL_SURFACE('',#9112,0.25);
#1927=CYLINDRICAL_SURFACE('',#9117,0.25);
#1928=CYLINDRICAL_SURFACE('',#9118,0.25);
#1929=CYLINDRICAL_SURFACE('',#9125,0.25);
#1930=CYLINDRICAL_SURFACE('',#9128,0.25);
#1931=CYLINDRICAL_SURFACE('',#9129,0.25);
#1932=CYLINDRICAL_SURFACE('',#9130,0.25);
#1933=CYLINDRICAL_SURFACE('',#9131,0.25);
#1934=CYLINDRICAL_SURFACE('',#9132,0.5);
#1935=CYLINDRICAL_SURFACE('',#9134,0.25);
#1936=CYLINDRICAL_SURFACE('',#9135,0.25);
#1937=CYLINDRICAL_SURFACE('',#9136,0.25);
#1938=CYLINDRICAL_SURFACE('',#9137,0.25);
#1939=CYLINDRICAL_SURFACE('',#9140,0.25);
#1940=CYLINDRICAL_SURFACE('',#9141,0.5);
#1941=CYLINDRICAL_SURFACE('',#9143,0.5);
#1942=CYLINDRICAL_SURFACE('',#9145,0.25);
#1943=CYLINDRICAL_SURFACE('',#9146,19.6);
#1944=CYLINDRICAL_SURFACE('',#9154,1.95);
#1945=CYLINDRICAL_SURFACE('',#9161,0.25);
#1946=CYLINDRICAL_SURFACE('',#9163,0.25);
#1947=CYLINDRICAL_SURFACE('',#9168,1.);
#1948=CYLINDRICAL_SURFACE('',#9170,2.);
#1949=CYLINDRICAL_SURFACE('',#9171,1.5);
#1950=CYLINDRICAL_SURFACE('',#9174,1.5);
#1951=CYLINDRICAL_SURFACE('',#9176,1.5);
#1952=CYLINDRICAL_SURFACE('',#9184,1.);
#1953=CYLINDRICAL_SURFACE('',#9185,1.);
#1954=CYLINDRICAL_SURFACE('',#9193,18.);
#1955=CYLINDRICAL_SURFACE('',#9194,0.5);
#1956=CYLINDRICAL_SURFACE('',#9200,0.5);
#1957=CYLINDRICAL_SURFACE('',#9203,4.25);
#1958=CYLINDRICAL_SURFACE('',#9208,2.);
#1959=CYLINDRICAL_SURFACE('',#9211,2.);
#1960=CYLINDRICAL_SURFACE('',#9218,1.);
#1961=CYLINDRICAL_SURFACE('',#9220,2.);
#1962=CYLINDRICAL_SURFACE('',#9223,2.);
#1963=CYLINDRICAL_SURFACE('',#9239,18.);
#1964=CYLINDRICAL_SURFACE('',#9259,0.5);
#1965=CYLINDRICAL_SURFACE('',#9268,0.5);
#1966=CYLINDRICAL_SURFACE('',#9269,0.5);
#1967=CYLINDRICAL_SURFACE('',#9270,1.);
#1968=CYLINDRICAL_SURFACE('',#9272,1.);
#1969=CYLINDRICAL_SURFACE('',#9273,10.);
#1970=CYLINDRICAL_SURFACE('',#9274,15.);
#1971=CYLINDRICAL_SURFACE('',#9287,5.);
#1972=CYLINDRICAL_SURFACE('',#9289,1.675);
#1973=CYLINDRICAL_SURFACE('',#9292,1.675);
#1974=CYLINDRICAL_SURFACE('',#9304,0.25);
#1975=CYLINDRICAL_SURFACE('',#9306,0.25);
#1976=CYLINDRICAL_SURFACE('',#9312,0.25);
#1977=CYLINDRICAL_SURFACE('',#9322,0.25);
#1978=CYLINDRICAL_SURFACE('',#9333,0.25);
#1979=CYLINDRICAL_SURFACE('',#9339,0.25);
#1980=CYLINDRICAL_SURFACE('',#9341,0.25);
#1981=CYLINDRICAL_SURFACE('',#9350,0.25);
#1982=CYLINDRICAL_SURFACE('',#9361,0.25);
#1983=CYLINDRICAL_SURFACE('',#9371,0.25);
#1984=CYLINDRICAL_SURFACE('',#9375,1.5);
#1985=CYLINDRICAL_SURFACE('',#9377,1.5);
#1986=CYLINDRICAL_SURFACE('',#9378,1.5);
#1987=CYLINDRICAL_SURFACE('',#9380,1.5);
#1988=CYLINDRICAL_SURFACE('',#9382,0.25);
#1989=CYLINDRICAL_SURFACE('',#9388,0.25);
#1990=CYLINDRICAL_SURFACE('',#9394,0.25);
#1991=CYLINDRICAL_SURFACE('',#9400,0.25);
#1992=CYLINDRICAL_SURFACE('',#9410,0.25);
#1993=CYLINDRICAL_SURFACE('',#9416,0.25);
#1994=CYLINDRICAL_SURFACE('',#9421,0.25);
#1995=CYLINDRICAL_SURFACE('',#9426,0.25);
#1996=CYLINDRICAL_SURFACE('',#9431,0.25);
#1997=CYLINDRICAL_SURFACE('',#9436,2.);
#1998=CYLINDRICAL_SURFACE('',#9441,1.);
#1999=CYLINDRICAL_SURFACE('',#9445,0.25);
#2000=CYLINDRICAL_SURFACE('',#9447,0.25);
#2001=CYLINDRICAL_SURFACE('',#9452,0.25);
#2002=CYLINDRICAL_SURFACE('',#9456,2.);
#2003=CYLINDRICAL_SURFACE('',#9459,0.25);
#2004=CYLINDRICAL_SURFACE('',#9465,0.25);
#2005=CYLINDRICAL_SURFACE('',#9467,0.25);
#2006=CYLINDRICAL_SURFACE('',#9469,0.25);
#2007=CYLINDRICAL_SURFACE('',#9475,0.25);
#2008=CYLINDRICAL_SURFACE('',#9477,0.25);
#2009=CYLINDRICAL_SURFACE('',#9481,0.25);
#2010=CYLINDRICAL_SURFACE('',#9482,2.);
#2011=CYLINDRICAL_SURFACE('',#9494,0.25);
#2012=CYLINDRICAL_SURFACE('',#9497,0.25);
#2013=CYLINDRICAL_SURFACE('',#9500,0.25);
#2014=CYLINDRICAL_SURFACE('',#9503,0.25);
#2015=CYLINDRICAL_SURFACE('',#9508,0.25);
#2016=CYLINDRICAL_SURFACE('',#9510,0.25);
#2017=CYLINDRICAL_SURFACE('',#9511,0.25);
#2018=CYLINDRICAL_SURFACE('',#9524,5.);
#2019=CYLINDRICAL_SURFACE('',#9538,0.95);
#2020=CYLINDRICAL_SURFACE('',#9544,1.65);
#2021=CYLINDRICAL_SURFACE('',#9553,1.5);
#2022=CYLINDRICAL_SURFACE('',#9556,1.5);
#2023=CYLINDRICAL_SURFACE('',#9558,1.5);
#2024=CYLINDRICAL_SURFACE('',#9560,1.5);
#2025=CYLINDRICAL_SURFACE('',#9563,0.25);
#2026=CYLINDRICAL_SURFACE('',#9566,0.25);
#2027=CYLINDRICAL_SURFACE('',#9573,0.25);
#2028=CYLINDRICAL_SURFACE('',#9577,0.25);
#2029=CYLINDRICAL_SURFACE('',#9581,0.25);
#2030=CYLINDRICAL_SURFACE('',#9584,0.25);
#2031=CYLINDRICAL_SURFACE('',#9593,0.25);
#2032=CYLINDRICAL_SURFACE('',#9595,0.25);
#2033=CYLINDRICAL_SURFACE('',#9604,0.25);
#2034=CYLINDRICAL_SURFACE('',#9605,0.25);
#2035=CYLINDRICAL_SURFACE('',#9606,0.25);
#2036=CYLINDRICAL_SURFACE('',#9613,0.25);
#2037=CYLINDRICAL_SURFACE('',#9627,0.25);
#2038=CYLINDRICAL_SURFACE('',#9628,0.25);
#2039=CYLINDRICAL_SURFACE('',#9633,0.25);
#2040=CYLINDRICAL_SURFACE('',#9634,0.25);
#2041=CYLINDRICAL_SURFACE('',#9641,0.25);
#2042=CYLINDRICAL_SURFACE('',#9644,0.25);
#2043=CYLINDRICAL_SURFACE('',#9645,0.25);
#2044=CYLINDRICAL_SURFACE('',#9646,0.25);
#2045=CYLINDRICAL_SURFACE('',#9647,0.25);
#2046=CYLINDRICAL_SURFACE('',#9648,0.5);
#2047=CYLINDRICAL_SURFACE('',#9650,0.25);
#2048=CYLINDRICAL_SURFACE('',#9651,0.25);
#2049=CYLINDRICAL_SURFACE('',#9652,0.25);
#2050=CYLINDRICAL_SURFACE('',#9653,0.25);
#2051=CYLINDRICAL_SURFACE('',#9656,0.25);
#2052=CYLINDRICAL_SURFACE('',#9657,0.5);
#2053=CYLINDRICAL_SURFACE('',#9659,0.5);
#2054=CYLINDRICAL_SURFACE('',#9661,0.25);
#2055=CYLINDRICAL_SURFACE('',#9662,19.6);
#2056=CYLINDRICAL_SURFACE('',#9670,1.95);
#2057=CYLINDRICAL_SURFACE('',#9677,0.25);
#2058=CYLINDRICAL_SURFACE('',#9679,0.25);
#2059=CYLINDRICAL_SURFACE('',#9684,1.);
#2060=CYLINDRICAL_SURFACE('',#9686,2.);
#2061=CYLINDRICAL_SURFACE('',#9687,1.5);
#2062=CYLINDRICAL_SURFACE('',#9689,1.5);
#2063=CYLINDRICAL_SURFACE('',#9690,1.5);
#2064=CYLINDRICAL_SURFACE('',#9697,1.);
#2065=CYLINDRICAL_SURFACE('',#9698,1.);
#2066=CYLINDRICAL_SURFACE('',#9706,18.);
#2067=CYLINDRICAL_SURFACE('',#9707,0.5);
#2068=CYLINDRICAL_SURFACE('',#9713,0.5);
#2069=CYLINDRICAL_SURFACE('',#9716,4.25);
#2070=CYLINDRICAL_SURFACE('',#9721,2.);
#2071=CYLINDRICAL_SURFACE('',#9724,2.);
#2072=CYLINDRICAL_SURFACE('',#9731,1.);
#2073=CYLINDRICAL_SURFACE('',#9732,2.);
#2074=CYLINDRICAL_SURFACE('',#9734,2.);
#2075=CYLINDRICAL_SURFACE('',#9747,1.05);
#2076=CYLINDRICAL_SURFACE('',#9749,1.6);
#2077=CYLINDRICAL_SURFACE('',#9750,1.6);
#2078=CYLINDRICAL_SURFACE('',#9756,18.);
#2079=CYLINDRICAL_SURFACE('',#9773,0.5);
#2080=CYLINDRICAL_SURFACE('',#9780,0.5);
#2081=CYLINDRICAL_SURFACE('',#9781,0.5);
#2082=CYLINDRICAL_SURFACE('',#9782,1.);
#2083=CYLINDRICAL_SURFACE('',#9784,1.);
#2084=CYLINDRICAL_SURFACE('',#9785,10.);
#2085=CYLINDRICAL_SURFACE('',#9786,15.);
#2086=CYLINDRICAL_SURFACE('',#9799,5.);
#2087=CYLINDRICAL_SURFACE('',#9801,1.675);
#2088=CYLINDRICAL_SURFACE('',#9804,1.675);
#2089=FACE_OUTER_BOUND('',#2601,.T.);
#2090=FACE_OUTER_BOUND('',#2602,.T.);
#2091=FACE_OUTER_BOUND('',#2603,.T.);
#2092=FACE_OUTER_BOUND('',#2604,.T.);
#2093=FACE_OUTER_BOUND('',#2605,.T.);
#2094=FACE_OUTER_BOUND('',#2606,.T.);
#2095=FACE_OUTER_BOUND('',#2607,.T.);
#2096=FACE_OUTER_BOUND('',#2608,.T.);
#2097=FACE_OUTER_BOUND('',#2609,.T.);
#2098=FACE_OUTER_BOUND('',#2610,.T.);
#2099=FACE_OUTER_BOUND('',#2611,.T.);
#2100=FACE_OUTER_BOUND('',#2612,.T.);
#2101=FACE_OUTER_BOUND('',#2613,.T.);
#2102=FACE_OUTER_BOUND('',#2614,.T.);
#2103=FACE_OUTER_BOUND('',#2615,.T.);
#2104=FACE_OUTER_BOUND('',#2616,.T.);
#2105=FACE_OUTER_BOUND('',#2617,.T.);
#2106=FACE_OUTER_BOUND('',#2618,.T.);
#2107=FACE_OUTER_BOUND('',#2619,.T.);
#2108=FACE_OUTER_BOUND('',#2620,.T.);
#2109=FACE_OUTER_BOUND('',#2621,.T.);
#2110=FACE_OUTER_BOUND('',#2622,.T.);
#2111=FACE_OUTER_BOUND('',#2623,.T.);
#2112=FACE_OUTER_BOUND('',#2624,.T.);
#2113=FACE_OUTER_BOUND('',#2625,.T.);
#2114=FACE_OUTER_BOUND('',#2626,.T.);
#2115=FACE_OUTER_BOUND('',#2627,.T.);
#2116=FACE_OUTER_BOUND('',#2628,.T.);
#2117=FACE_OUTER_BOUND('',#2629,.T.);
#2118=FACE_OUTER_BOUND('',#2630,.T.);
#2119=FACE_OUTER_BOUND('',#2631,.T.);
#2120=FACE_OUTER_BOUND('',#2632,.T.);
#2121=FACE_OUTER_BOUND('',#2633,.T.);
#2122=FACE_OUTER_BOUND('',#2634,.T.);
#2123=FACE_OUTER_BOUND('',#2635,.T.);
#2124=FACE_OUTER_BOUND('',#2636,.T.);
#2125=FACE_OUTER_BOUND('',#2637,.T.);
#2126=FACE_OUTER_BOUND('',#2638,.T.);
#2127=FACE_OUTER_BOUND('',#2639,.T.);
#2128=FACE_OUTER_BOUND('',#2640,.T.);
#2129=FACE_OUTER_BOUND('',#2641,.T.);
#2130=FACE_OUTER_BOUND('',#2642,.T.);
#2131=FACE_OUTER_BOUND('',#2643,.T.);
#2132=FACE_OUTER_BOUND('',#2644,.T.);
#2133=FACE_OUTER_BOUND('',#2645,.T.);
#2134=FACE_OUTER_BOUND('',#2646,.T.);
#2135=FACE_OUTER_BOUND('',#2647,.T.);
#2136=FACE_OUTER_BOUND('',#2648,.T.);
#2137=FACE_OUTER_BOUND('',#2649,.T.);
#2138=FACE_OUTER_BOUND('',#2650,.T.);
#2139=FACE_OUTER_BOUND('',#2651,.T.);
#2140=FACE_OUTER_BOUND('',#2652,.T.);
#2141=FACE_OUTER_BOUND('',#2653,.T.);
#2142=FACE_OUTER_BOUND('',#2654,.T.);
#2143=FACE_OUTER_BOUND('',#2655,.T.);
#2144=FACE_OUTER_BOUND('',#2656,.T.);
#2145=FACE_OUTER_BOUND('',#2657,.T.);
#2146=FACE_OUTER_BOUND('',#2658,.T.);
#2147=FACE_OUTER_BOUND('',#2659,.T.);
#2148=FACE_OUTER_BOUND('',#2660,.T.);
#2149=FACE_OUTER_BOUND('',#2661,.T.);
#2150=FACE_OUTER_BOUND('',#2662,.T.);
#2151=FACE_OUTER_BOUND('',#2663,.T.);
#2152=FACE_OUTER_BOUND('',#2664,.T.);
#2153=FACE_OUTER_BOUND('',#2665,.T.);
#2154=FACE_OUTER_BOUND('',#2666,.T.);
#2155=FACE_OUTER_BOUND('',#2667,.T.);
#2156=FACE_OUTER_BOUND('',#2668,.T.);
#2157=FACE_OUTER_BOUND('',#2669,.T.);
#2158=FACE_OUTER_BOUND('',#2670,.T.);
#2159=FACE_OUTER_BOUND('',#2671,.T.);
#2160=FACE_OUTER_BOUND('',#2673,.T.);
#2161=FACE_OUTER_BOUND('',#2674,.T.);
#2162=FACE_OUTER_BOUND('',#2675,.T.);
#2163=FACE_OUTER_BOUND('',#2676,.T.);
#2164=FACE_OUTER_BOUND('',#2677,.T.);
#2165=FACE_OUTER_BOUND('',#2678,.T.);
#2166=FACE_OUTER_BOUND('',#2679,.T.);
#2167=FACE_OUTER_BOUND('',#2680,.T.);
#2168=FACE_OUTER_BOUND('',#2681,.T.);
#2169=FACE_OUTER_BOUND('',#2682,.T.);
#2170=FACE_OUTER_BOUND('',#2683,.T.);
#2171=FACE_OUTER_BOUND('',#2684,.T.);
#2172=FACE_OUTER_BOUND('',#2685,.T.);
#2173=FACE_OUTER_BOUND('',#2686,.T.);
#2174=FACE_OUTER_BOUND('',#2687,.T.);
#2175=FACE_OUTER_BOUND('',#2688,.T.);
#2176=FACE_OUTER_BOUND('',#2689,.T.);
#2177=FACE_OUTER_BOUND('',#2691,.T.);
#2178=FACE_OUTER_BOUND('',#2692,.T.);
#2179=FACE_OUTER_BOUND('',#2693,.T.);
#2180=FACE_OUTER_BOUND('',#2694,.T.);
#2181=FACE_OUTER_BOUND('',#2696,.T.);
#2182=FACE_OUTER_BOUND('',#2697,.T.);
#2183=FACE_OUTER_BOUND('',#2701,.T.);
#2184=FACE_OUTER_BOUND('',#2702,.T.);
#2185=FACE_OUTER_BOUND('',#2703,.T.);
#2186=FACE_OUTER_BOUND('',#2704,.T.);
#2187=FACE_OUTER_BOUND('',#2705,.T.);
#2188=FACE_OUTER_BOUND('',#2706,.T.);
#2189=FACE_OUTER_BOUND('',#2707,.T.);
#2190=FACE_OUTER_BOUND('',#2708,.T.);
#2191=FACE_OUTER_BOUND('',#2709,.T.);
#2192=FACE_OUTER_BOUND('',#2710,.T.);
#2193=FACE_OUTER_BOUND('',#2712,.T.);
#2194=FACE_OUTER_BOUND('',#2713,.T.);
#2195=FACE_OUTER_BOUND('',#2714,.T.);
#2196=FACE_OUTER_BOUND('',#2715,.T.);
#2197=FACE_OUTER_BOUND('',#2716,.T.);
#2198=FACE_OUTER_BOUND('',#2717,.T.);
#2199=FACE_OUTER_BOUND('',#2718,.T.);
#2200=FACE_OUTER_BOUND('',#2719,.T.);
#2201=FACE_OUTER_BOUND('',#2720,.T.);
#2202=FACE_OUTER_BOUND('',#2721,.T.);
#2203=FACE_OUTER_BOUND('',#2722,.T.);
#2204=FACE_OUTER_BOUND('',#2723,.T.);
#2205=FACE_OUTER_BOUND('',#2724,.T.);
#2206=FACE_OUTER_BOUND('',#2725,.T.);
#2207=FACE_OUTER_BOUND('',#2726,.T.);
#2208=FACE_OUTER_BOUND('',#2727,.T.);
#2209=FACE_OUTER_BOUND('',#2728,.T.);
#2210=FACE_OUTER_BOUND('',#2729,.T.);
#2211=FACE_OUTER_BOUND('',#2730,.T.);
#2212=FACE_OUTER_BOUND('',#2731,.T.);
#2213=FACE_OUTER_BOUND('',#2732,.T.);
#2214=FACE_OUTER_BOUND('',#2733,.T.);
#2215=FACE_OUTER_BOUND('',#2734,.T.);
#2216=FACE_OUTER_BOUND('',#2735,.T.);
#2217=FACE_OUTER_BOUND('',#2736,.T.);
#2218=FACE_OUTER_BOUND('',#2737,.T.);
#2219=FACE_OUTER_BOUND('',#2738,.T.);
#2220=FACE_OUTER_BOUND('',#2739,.T.);
#2221=FACE_OUTER_BOUND('',#2740,.T.);
#2222=FACE_OUTER_BOUND('',#2741,.T.);
#2223=FACE_OUTER_BOUND('',#2742,.T.);
#2224=FACE_OUTER_BOUND('',#2743,.T.);
#2225=FACE_OUTER_BOUND('',#2744,.T.);
#2226=FACE_OUTER_BOUND('',#2745,.T.);
#2227=FACE_OUTER_BOUND('',#2746,.T.);
#2228=FACE_OUTER_BOUND('',#2747,.T.);
#2229=FACE_OUTER_BOUND('',#2748,.T.);
#2230=FACE_OUTER_BOUND('',#2749,.T.);
#2231=FACE_OUTER_BOUND('',#2750,.T.);
#2232=FACE_OUTER_BOUND('',#2751,.T.);
#2233=FACE_OUTER_BOUND('',#2752,.T.);
#2234=FACE_OUTER_BOUND('',#2753,.T.);
#2235=FACE_OUTER_BOUND('',#2754,.T.);
#2236=FACE_OUTER_BOUND('',#2755,.T.);
#2237=FACE_OUTER_BOUND('',#2756,.T.);
#2238=FACE_OUTER_BOUND('',#2757,.T.);
#2239=FACE_OUTER_BOUND('',#2758,.T.);
#2240=FACE_OUTER_BOUND('',#2759,.T.);
#2241=FACE_OUTER_BOUND('',#2760,.T.);
#2242=FACE_OUTER_BOUND('',#2761,.T.);
#2243=FACE_OUTER_BOUND('',#2762,.T.);
#2244=FACE_OUTER_BOUND('',#2763,.T.);
#2245=FACE_OUTER_BOUND('',#2764,.T.);
#2246=FACE_OUTER_BOUND('',#2765,.T.);
#2247=FACE_OUTER_BOUND('',#2766,.T.);
#2248=FACE_OUTER_BOUND('',#2767,.T.);
#2249=FACE_OUTER_BOUND('',#2768,.T.);
#2250=FACE_OUTER_BOUND('',#2769,.T.);
#2251=FACE_OUTER_BOUND('',#2770,.T.);
#2252=FACE_OUTER_BOUND('',#2771,.T.);
#2253=FACE_OUTER_BOUND('',#2772,.T.);
#2254=FACE_OUTER_BOUND('',#2773,.T.);
#2255=FACE_OUTER_BOUND('',#2774,.T.);
#2256=FACE_OUTER_BOUND('',#2775,.T.);
#2257=FACE_OUTER_BOUND('',#2776,.T.);
#2258=FACE_OUTER_BOUND('',#2777,.T.);
#2259=FACE_OUTER_BOUND('',#2778,.T.);
#2260=FACE_OUTER_BOUND('',#2779,.T.);
#2261=FACE_OUTER_BOUND('',#2780,.T.);
#2262=FACE_OUTER_BOUND('',#2781,.T.);
#2263=FACE_OUTER_BOUND('',#2782,.T.);
#2264=FACE_OUTER_BOUND('',#2783,.T.);
#2265=FACE_OUTER_BOUND('',#2784,.T.);
#2266=FACE_OUTER_BOUND('',#2785,.T.);
#2267=FACE_OUTER_BOUND('',#2786,.T.);
#2268=FACE_OUTER_BOUND('',#2788,.T.);
#2269=FACE_OUTER_BOUND('',#2789,.T.);
#2270=FACE_OUTER_BOUND('',#2790,.T.);
#2271=FACE_OUTER_BOUND('',#2791,.T.);
#2272=FACE_OUTER_BOUND('',#2792,.T.);
#2273=FACE_OUTER_BOUND('',#2793,.T.);
#2274=FACE_OUTER_BOUND('',#2794,.T.);
#2275=FACE_OUTER_BOUND('',#2795,.T.);
#2276=FACE_OUTER_BOUND('',#2796,.T.);
#2277=FACE_OUTER_BOUND('',#2797,.T.);
#2278=FACE_OUTER_BOUND('',#2798,.T.);
#2279=FACE_OUTER_BOUND('',#2799,.T.);
#2280=FACE_OUTER_BOUND('',#2800,.T.);
#2281=FACE_OUTER_BOUND('',#2801,.T.);
#2282=FACE_OUTER_BOUND('',#2802,.T.);
#2283=FACE_OUTER_BOUND('',#2803,.T.);
#2284=FACE_OUTER_BOUND('',#2805,.T.);
#2285=FACE_OUTER_BOUND('',#2806,.T.);
#2286=FACE_OUTER_BOUND('',#2807,.T.);
#2287=FACE_OUTER_BOUND('',#2808,.T.);
#2288=FACE_OUTER_BOUND('',#2809,.T.);
#2289=FACE_OUTER_BOUND('',#2810,.T.);
#2290=FACE_OUTER_BOUND('',#2811,.T.);
#2291=FACE_OUTER_BOUND('',#2812,.T.);
#2292=FACE_OUTER_BOUND('',#2813,.T.);
#2293=FACE_OUTER_BOUND('',#2814,.T.);
#2294=FACE_OUTER_BOUND('',#2815,.T.);
#2295=FACE_OUTER_BOUND('',#2816,.T.);
#2296=FACE_OUTER_BOUND('',#2817,.T.);
#2297=FACE_OUTER_BOUND('',#2818,.T.);
#2298=FACE_OUTER_BOUND('',#2819,.T.);
#2299=FACE_OUTER_BOUND('',#2821,.T.);
#2300=FACE_OUTER_BOUND('',#2822,.T.);
#2301=FACE_OUTER_BOUND('',#2823,.T.);
#2302=FACE_OUTER_BOUND('',#2824,.T.);
#2303=FACE_OUTER_BOUND('',#2825,.T.);
#2304=FACE_OUTER_BOUND('',#2826,.T.);
#2305=FACE_OUTER_BOUND('',#2827,.T.);
#2306=FACE_OUTER_BOUND('',#2828,.T.);
#2307=FACE_OUTER_BOUND('',#2829,.T.);
#2308=FACE_OUTER_BOUND('',#2830,.T.);
#2309=FACE_OUTER_BOUND('',#2831,.T.);
#2310=FACE_OUTER_BOUND('',#2832,.T.);
#2311=FACE_OUTER_BOUND('',#2833,.T.);
#2312=FACE_OUTER_BOUND('',#2834,.T.);
#2313=FACE_OUTER_BOUND('',#2835,.T.);
#2314=FACE_OUTER_BOUND('',#2836,.T.);
#2315=FACE_OUTER_BOUND('',#2837,.T.);
#2316=FACE_OUTER_BOUND('',#2838,.T.);
#2317=FACE_OUTER_BOUND('',#2839,.T.);
#2318=FACE_OUTER_BOUND('',#2840,.T.);
#2319=FACE_OUTER_BOUND('',#2842,.T.);
#2320=FACE_OUTER_BOUND('',#2843,.T.);
#2321=FACE_OUTER_BOUND('',#2844,.T.);
#2322=FACE_OUTER_BOUND('',#2845,.T.);
#2323=FACE_OUTER_BOUND('',#2847,.T.);
#2324=FACE_OUTER_BOUND('',#2848,.T.);
#2325=FACE_OUTER_BOUND('',#2849,.T.);
#2326=FACE_OUTER_BOUND('',#2850,.T.);
#2327=FACE_OUTER_BOUND('',#2851,.T.);
#2328=FACE_OUTER_BOUND('',#2852,.T.);
#2329=FACE_OUTER_BOUND('',#2853,.T.);
#2330=FACE_OUTER_BOUND('',#2854,.T.);
#2331=FACE_OUTER_BOUND('',#2855,.T.);
#2332=FACE_OUTER_BOUND('',#2856,.T.);
#2333=FACE_OUTER_BOUND('',#2857,.T.);
#2334=FACE_OUTER_BOUND('',#2858,.T.);
#2335=FACE_OUTER_BOUND('',#2859,.T.);
#2336=FACE_OUTER_BOUND('',#2860,.T.);
#2337=FACE_OUTER_BOUND('',#2861,.T.);
#2338=FACE_OUTER_BOUND('',#2862,.T.);
#2339=FACE_OUTER_BOUND('',#2863,.T.);
#2340=FACE_OUTER_BOUND('',#2864,.T.);
#2341=FACE_OUTER_BOUND('',#2865,.T.);
#2342=FACE_OUTER_BOUND('',#2866,.T.);
#2343=FACE_OUTER_BOUND('',#2867,.T.);
#2344=FACE_OUTER_BOUND('',#2868,.T.);
#2345=FACE_OUTER_BOUND('',#2869,.T.);
#2346=FACE_OUTER_BOUND('',#2870,.T.);
#2347=FACE_OUTER_BOUND('',#2871,.T.);
#2348=FACE_OUTER_BOUND('',#2872,.T.);
#2349=FACE_OUTER_BOUND('',#2873,.T.);
#2350=FACE_OUTER_BOUND('',#2874,.T.);
#2351=FACE_OUTER_BOUND('',#2875,.T.);
#2352=FACE_OUTER_BOUND('',#2876,.T.);
#2353=FACE_OUTER_BOUND('',#2877,.T.);
#2354=FACE_OUTER_BOUND('',#2878,.T.);
#2355=FACE_OUTER_BOUND('',#2879,.T.);
#2356=FACE_OUTER_BOUND('',#2880,.T.);
#2357=FACE_OUTER_BOUND('',#2881,.T.);
#2358=FACE_OUTER_BOUND('',#2882,.T.);
#2359=FACE_OUTER_BOUND('',#2883,.T.);
#2360=FACE_OUTER_BOUND('',#2884,.T.);
#2361=FACE_OUTER_BOUND('',#2885,.T.);
#2362=FACE_OUTER_BOUND('',#2886,.T.);
#2363=FACE_OUTER_BOUND('',#2887,.T.);
#2364=FACE_OUTER_BOUND('',#2889,.T.);
#2365=FACE_OUTER_BOUND('',#2890,.T.);
#2366=FACE_OUTER_BOUND('',#2891,.T.);
#2367=FACE_OUTER_BOUND('',#2892,.T.);
#2368=FACE_OUTER_BOUND('',#2893,.T.);
#2369=FACE_OUTER_BOUND('',#2894,.T.);
#2370=FACE_OUTER_BOUND('',#2895,.T.);
#2371=FACE_OUTER_BOUND('',#2896,.T.);
#2372=FACE_OUTER_BOUND('',#2897,.T.);
#2373=FACE_OUTER_BOUND('',#2898,.T.);
#2374=FACE_OUTER_BOUND('',#2899,.T.);
#2375=FACE_OUTER_BOUND('',#2900,.T.);
#2376=FACE_OUTER_BOUND('',#2901,.T.);
#2377=FACE_OUTER_BOUND('',#2902,.T.);
#2378=FACE_OUTER_BOUND('',#2903,.T.);
#2379=FACE_OUTER_BOUND('',#2904,.T.);
#2380=FACE_OUTER_BOUND('',#2905,.T.);
#2381=FACE_OUTER_BOUND('',#2910,.T.);
#2382=FACE_OUTER_BOUND('',#2911,.T.);
#2383=FACE_OUTER_BOUND('',#2912,.T.);
#2384=FACE_OUTER_BOUND('',#2913,.T.);
#2385=FACE_OUTER_BOUND('',#2914,.T.);
#2386=FACE_OUTER_BOUND('',#2915,.T.);
#2387=FACE_OUTER_BOUND('',#2916,.T.);
#2388=FACE_OUTER_BOUND('',#2917,.T.);
#2389=FACE_OUTER_BOUND('',#2918,.T.);
#2390=FACE_OUTER_BOUND('',#2919,.T.);
#2391=FACE_OUTER_BOUND('',#2920,.T.);
#2392=FACE_OUTER_BOUND('',#2921,.T.);
#2393=FACE_OUTER_BOUND('',#2922,.T.);
#2394=FACE_OUTER_BOUND('',#2923,.T.);
#2395=FACE_OUTER_BOUND('',#2924,.T.);
#2396=FACE_OUTER_BOUND('',#2925,.T.);
#2397=FACE_OUTER_BOUND('',#2926,.T.);
#2398=FACE_OUTER_BOUND('',#2927,.T.);
#2399=FACE_OUTER_BOUND('',#2928,.T.);
#2400=FACE_OUTER_BOUND('',#2929,.T.);
#2401=FACE_OUTER_BOUND('',#2931,.T.);
#2402=FACE_OUTER_BOUND('',#2932,.T.);
#2403=FACE_OUTER_BOUND('',#2933,.T.);
#2404=FACE_OUTER_BOUND('',#2934,.T.);
#2405=FACE_OUTER_BOUND('',#2935,.T.);
#2406=FACE_OUTER_BOUND('',#2936,.T.);
#2407=FACE_OUTER_BOUND('',#2937,.T.);
#2408=FACE_OUTER_BOUND('',#2938,.T.);
#2409=FACE_OUTER_BOUND('',#2939,.T.);
#2410=FACE_OUTER_BOUND('',#2940,.T.);
#2411=FACE_OUTER_BOUND('',#2941,.T.);
#2412=FACE_OUTER_BOUND('',#2942,.T.);
#2413=FACE_OUTER_BOUND('',#2943,.T.);
#2414=FACE_OUTER_BOUND('',#2944,.T.);
#2415=FACE_OUTER_BOUND('',#2945,.T.);
#2416=FACE_OUTER_BOUND('',#2946,.T.);
#2417=FACE_OUTER_BOUND('',#2948,.T.);
#2418=FACE_OUTER_BOUND('',#2949,.T.);
#2419=FACE_OUTER_BOUND('',#2950,.T.);
#2420=FACE_OUTER_BOUND('',#2951,.T.);
#2421=FACE_OUTER_BOUND('',#2952,.T.);
#2422=FACE_OUTER_BOUND('',#2953,.T.);
#2423=FACE_OUTER_BOUND('',#2954,.T.);
#2424=FACE_OUTER_BOUND('',#2955,.T.);
#2425=FACE_OUTER_BOUND('',#2956,.T.);
#2426=FACE_OUTER_BOUND('',#2957,.T.);
#2427=FACE_OUTER_BOUND('',#2958,.T.);
#2428=FACE_OUTER_BOUND('',#2959,.T.);
#2429=FACE_OUTER_BOUND('',#2961,.T.);
#2430=FACE_OUTER_BOUND('',#2962,.T.);
#2431=FACE_OUTER_BOUND('',#2963,.T.);
#2432=FACE_OUTER_BOUND('',#2964,.T.);
#2433=FACE_OUTER_BOUND('',#2965,.T.);
#2434=FACE_OUTER_BOUND('',#2966,.T.);
#2435=FACE_OUTER_BOUND('',#2967,.T.);
#2436=FACE_OUTER_BOUND('',#2969,.T.);
#2437=FACE_OUTER_BOUND('',#2970,.T.);
#2438=FACE_OUTER_BOUND('',#2971,.T.);
#2439=FACE_OUTER_BOUND('',#2972,.T.);
#2440=FACE_OUTER_BOUND('',#2974,.T.);
#2441=FACE_OUTER_BOUND('',#2975,.T.);
#2442=FACE_OUTER_BOUND('',#2979,.T.);
#2443=FACE_OUTER_BOUND('',#2980,.T.);
#2444=FACE_OUTER_BOUND('',#2981,.T.);
#2445=FACE_OUTER_BOUND('',#2982,.T.);
#2446=FACE_OUTER_BOUND('',#2983,.T.);
#2447=FACE_OUTER_BOUND('',#2984,.T.);
#2448=FACE_OUTER_BOUND('',#2985,.T.);
#2449=FACE_OUTER_BOUND('',#2986,.T.);
#2450=FACE_OUTER_BOUND('',#2987,.T.);
#2451=FACE_OUTER_BOUND('',#2988,.T.);
#2452=FACE_OUTER_BOUND('',#2990,.T.);
#2453=FACE_OUTER_BOUND('',#2991,.T.);
#2454=FACE_OUTER_BOUND('',#2992,.T.);
#2455=FACE_OUTER_BOUND('',#2993,.T.);
#2456=FACE_OUTER_BOUND('',#2994,.T.);
#2457=FACE_OUTER_BOUND('',#2995,.T.);
#2458=FACE_OUTER_BOUND('',#2996,.T.);
#2459=FACE_OUTER_BOUND('',#2997,.T.);
#2460=FACE_OUTER_BOUND('',#2998,.T.);
#2461=FACE_OUTER_BOUND('',#2999,.T.);
#2462=FACE_OUTER_BOUND('',#3000,.T.);
#2463=FACE_OUTER_BOUND('',#3001,.T.);
#2464=FACE_OUTER_BOUND('',#3002,.T.);
#2465=FACE_OUTER_BOUND('',#3003,.T.);
#2466=FACE_OUTER_BOUND('',#3004,.T.);
#2467=FACE_OUTER_BOUND('',#3005,.T.);
#2468=FACE_OUTER_BOUND('',#3006,.T.);
#2469=FACE_OUTER_BOUND('',#3007,.T.);
#2470=FACE_OUTER_BOUND('',#3008,.T.);
#2471=FACE_OUTER_BOUND('',#3009,.T.);
#2472=FACE_OUTER_BOUND('',#3010,.T.);
#2473=FACE_OUTER_BOUND('',#3011,.T.);
#2474=FACE_OUTER_BOUND('',#3012,.T.);
#2475=FACE_OUTER_BOUND('',#3013,.T.);
#2476=FACE_OUTER_BOUND('',#3014,.T.);
#2477=FACE_OUTER_BOUND('',#3015,.T.);
#2478=FACE_OUTER_BOUND('',#3016,.T.);
#2479=FACE_OUTER_BOUND('',#3017,.T.);
#2480=FACE_OUTER_BOUND('',#3018,.T.);
#2481=FACE_OUTER_BOUND('',#3019,.T.);
#2482=FACE_OUTER_BOUND('',#3020,.T.);
#2483=FACE_OUTER_BOUND('',#3021,.T.);
#2484=FACE_OUTER_BOUND('',#3022,.T.);
#2485=FACE_OUTER_BOUND('',#3023,.T.);
#2486=FACE_OUTER_BOUND('',#3024,.T.);
#2487=FACE_OUTER_BOUND('',#3025,.T.);
#2488=FACE_OUTER_BOUND('',#3026,.T.);
#2489=FACE_OUTER_BOUND('',#3027,.T.);
#2490=FACE_OUTER_BOUND('',#3028,.T.);
#2491=FACE_OUTER_BOUND('',#3029,.T.);
#2492=FACE_OUTER_BOUND('',#3030,.T.);
#2493=FACE_OUTER_BOUND('',#3031,.T.);
#2494=FACE_OUTER_BOUND('',#3032,.T.);
#2495=FACE_OUTER_BOUND('',#3033,.T.);
#2496=FACE_OUTER_BOUND('',#3034,.T.);
#2497=FACE_OUTER_BOUND('',#3035,.T.);
#2498=FACE_OUTER_BOUND('',#3036,.T.);
#2499=FACE_OUTER_BOUND('',#3037,.T.);
#2500=FACE_OUTER_BOUND('',#3038,.T.);
#2501=FACE_OUTER_BOUND('',#3039,.T.);
#2502=FACE_OUTER_BOUND('',#3040,.T.);
#2503=FACE_OUTER_BOUND('',#3041,.T.);
#2504=FACE_OUTER_BOUND('',#3042,.T.);
#2505=FACE_OUTER_BOUND('',#3043,.T.);
#2506=FACE_OUTER_BOUND('',#3044,.T.);
#2507=FACE_OUTER_BOUND('',#3045,.T.);
#2508=FACE_OUTER_BOUND('',#3046,.T.);
#2509=FACE_OUTER_BOUND('',#3047,.T.);
#2510=FACE_OUTER_BOUND('',#3048,.T.);
#2511=FACE_OUTER_BOUND('',#3049,.T.);
#2512=FACE_OUTER_BOUND('',#3050,.T.);
#2513=FACE_OUTER_BOUND('',#3051,.T.);
#2514=FACE_OUTER_BOUND('',#3052,.T.);
#2515=FACE_OUTER_BOUND('',#3053,.T.);
#2516=FACE_OUTER_BOUND('',#3054,.T.);
#2517=FACE_OUTER_BOUND('',#3055,.T.);
#2518=FACE_OUTER_BOUND('',#3056,.T.);
#2519=FACE_OUTER_BOUND('',#3057,.T.);
#2520=FACE_OUTER_BOUND('',#3058,.T.);
#2521=FACE_OUTER_BOUND('',#3059,.T.);
#2522=FACE_OUTER_BOUND('',#3060,.T.);
#2523=FACE_OUTER_BOUND('',#3061,.T.);
#2524=FACE_OUTER_BOUND('',#3062,.T.);
#2525=FACE_OUTER_BOUND('',#3063,.T.);
#2526=FACE_OUTER_BOUND('',#3064,.T.);
#2527=FACE_OUTER_BOUND('',#3066,.T.);
#2528=FACE_OUTER_BOUND('',#3067,.T.);
#2529=FACE_OUTER_BOUND('',#3068,.T.);
#2530=FACE_OUTER_BOUND('',#3069,.T.);
#2531=FACE_OUTER_BOUND('',#3070,.T.);
#2532=FACE_OUTER_BOUND('',#3071,.T.);
#2533=FACE_OUTER_BOUND('',#3072,.T.);
#2534=FACE_OUTER_BOUND('',#3073,.T.);
#2535=FACE_OUTER_BOUND('',#3074,.T.);
#2536=FACE_OUTER_BOUND('',#3075,.T.);
#2537=FACE_OUTER_BOUND('',#3076,.T.);
#2538=FACE_OUTER_BOUND('',#3077,.T.);
#2539=FACE_OUTER_BOUND('',#3078,.T.);
#2540=FACE_OUTER_BOUND('',#3079,.T.);
#2541=FACE_OUTER_BOUND('',#3080,.T.);
#2542=FACE_OUTER_BOUND('',#3081,.T.);
#2543=FACE_OUTER_BOUND('',#3083,.T.);
#2544=FACE_OUTER_BOUND('',#3084,.T.);
#2545=FACE_OUTER_BOUND('',#3085,.T.);
#2546=FACE_OUTER_BOUND('',#3086,.T.);
#2547=FACE_OUTER_BOUND('',#3087,.T.);
#2548=FACE_OUTER_BOUND('',#3088,.T.);
#2549=FACE_OUTER_BOUND('',#3089,.T.);
#2550=FACE_OUTER_BOUND('',#3090,.T.);
#2551=FACE_OUTER_BOUND('',#3091,.T.);
#2552=FACE_OUTER_BOUND('',#3092,.T.);
#2553=FACE_OUTER_BOUND('',#3093,.T.);
#2554=FACE_OUTER_BOUND('',#3094,.T.);
#2555=FACE_OUTER_BOUND('',#3095,.T.);
#2556=FACE_OUTER_BOUND('',#3096,.T.);
#2557=FACE_OUTER_BOUND('',#3098,.T.);
#2558=FACE_OUTER_BOUND('',#3099,.T.);
#2559=FACE_OUTER_BOUND('',#3100,.T.);
#2560=FACE_OUTER_BOUND('',#3101,.T.);
#2561=FACE_OUTER_BOUND('',#3102,.T.);
#2562=FACE_OUTER_BOUND('',#3103,.T.);
#2563=FACE_OUTER_BOUND('',#3104,.T.);
#2564=FACE_OUTER_BOUND('',#3105,.T.);
#2565=FACE_OUTER_BOUND('',#3107,.T.);
#2566=FACE_OUTER_BOUND('',#3108,.T.);
#2567=FACE_OUTER_BOUND('',#3109,.T.);
#2568=FACE_OUTER_BOUND('',#3110,.T.);
#2569=FACE_OUTER_BOUND('',#3111,.T.);
#2570=FACE_OUTER_BOUND('',#3112,.T.);
#2571=FACE_OUTER_BOUND('',#3113,.T.);
#2572=FACE_OUTER_BOUND('',#3114,.T.);
#2573=FACE_OUTER_BOUND('',#3115,.T.);
#2574=FACE_OUTER_BOUND('',#3116,.T.);
#2575=FACE_OUTER_BOUND('',#3117,.T.);
#2576=FACE_OUTER_BOUND('',#3118,.T.);
#2577=FACE_OUTER_BOUND('',#3119,.T.);
#2578=FACE_OUTER_BOUND('',#3120,.T.);
#2579=FACE_OUTER_BOUND('',#3121,.T.);
#2580=FACE_OUTER_BOUND('',#3122,.T.);
#2581=FACE_OUTER_BOUND('',#3123,.T.);
#2582=FACE_OUTER_BOUND('',#3124,.T.);
#2583=FACE_OUTER_BOUND('',#3125,.T.);
#2584=FACE_OUTER_BOUND('',#3126,.T.);
#2585=FACE_OUTER_BOUND('',#3128,.T.);
#2586=FACE_OUTER_BOUND('',#3129,.T.);
#2587=FACE_OUTER_BOUND('',#3130,.T.);
#2588=FACE_OUTER_BOUND('',#3131,.T.);
#2589=FACE_OUTER_BOUND('',#3133,.T.);
#2590=FACE_OUTER_BOUND('',#3134,.T.);
#2591=FACE_OUTER_BOUND('',#3135,.T.);
#2592=FACE_OUTER_BOUND('',#3136,.T.);
#2593=FACE_OUTER_BOUND('',#3137,.T.);
#2594=FACE_OUTER_BOUND('',#3138,.T.);
#2595=FACE_OUTER_BOUND('',#3139,.T.);
#2596=FACE_OUTER_BOUND('',#3140,.T.);
#2597=FACE_OUTER_BOUND('',#3141,.T.);
#2598=FACE_OUTER_BOUND('',#3142,.T.);
#2599=FACE_OUTER_BOUND('',#3143,.T.);
#2600=FACE_OUTER_BOUND('',#3144,.T.);
#2601=EDGE_LOOP('',(#5673,#5674,#5675));
#2602=EDGE_LOOP('',(#5676,#5677,#5678,#5679));
#2603=EDGE_LOOP('',(#5680,#5681,#5682,#5683));
#2604=EDGE_LOOP('',(#5684,#5685,#5686,#5687));
#2605=EDGE_LOOP('',(#5688,#5689,#5690,#5691));
#2606=EDGE_LOOP('',(#5692,#5693,#5694,#5695));
#2607=EDGE_LOOP('',(#5696,#5697,#5698,#5699));
#2608=EDGE_LOOP('',(#5700,#5701,#5702,#5703));
#2609=EDGE_LOOP('',(#5704,#5705,#5706,#5707));
#2610=EDGE_LOOP('',(#5708,#5709,#5710,#5711));
#2611=EDGE_LOOP('',(#5712,#5713,#5714,#5715));
#2612=EDGE_LOOP('',(#5716,#5717,#5718,#5719));
#2613=EDGE_LOOP('',(#5720,#5721,#5722,#5723));
#2614=EDGE_LOOP('',(#5724,#5725,#5726,#5727));
#2615=EDGE_LOOP('',(#5728,#5729,#5730,#5731));
#2616=EDGE_LOOP('',(#5732,#5733,#5734,#5735));
#2617=EDGE_LOOP('',(#5736,#5737,#5738,#5739));
#2618=EDGE_LOOP('',(#5740,#5741,#5742,#5743));
#2619=EDGE_LOOP('',(#5744,#5745,#5746,#5747));
#2620=EDGE_LOOP('',(#5748,#5749,#5750,#5751));
#2621=EDGE_LOOP('',(#5752,#5753,#5754,#5755));
#2622=EDGE_LOOP('',(#5756,#5757,#5758,#5759));
#2623=EDGE_LOOP('',(#5760,#5761,#5762,#5763));
#2624=EDGE_LOOP('',(#5764,#5765,#5766,#5767));
#2625=EDGE_LOOP('',(#5768,#5769,#5770,#5771));
#2626=EDGE_LOOP('',(#5772,#5773,#5774,#5775));
#2627=EDGE_LOOP('',(#5776,#5777,#5778,#5779,#5780,#5781,#5782));
#2628=EDGE_LOOP('',(#5783,#5784,#5785,#5786,#5787));
#2629=EDGE_LOOP('',(#5788,#5789,#5790,#5791,#5792));
#2630=EDGE_LOOP('',(#5793,#5794,#5795,#5796,#5797));
#2631=EDGE_LOOP('',(#5798,#5799,#5800,#5801));
#2632=EDGE_LOOP('',(#5802,#5803,#5804,#5805,#5806,#5807));
#2633=EDGE_LOOP('',(#5808,#5809,#5810,#5811,#5812));
#2634=EDGE_LOOP('',(#5813,#5814,#5815,#5816));
#2635=EDGE_LOOP('',(#5817,#5818,#5819,#5820));
#2636=EDGE_LOOP('',(#5821,#5822,#5823,#5824));
#2637=EDGE_LOOP('',(#5825,#5826,#5827,#5828));
#2638=EDGE_LOOP('',(#5829,#5830,#5831,#5832));
#2639=EDGE_LOOP('',(#5833,#5834,#5835,#5836,#5837,#5838,#5839,#5840,#5841,
#5842));
#2640=EDGE_LOOP('',(#5843,#5844,#5845));
#2641=EDGE_LOOP('',(#5846,#5847,#5848,#5849));
#2642=EDGE_LOOP('',(#5850,#5851,#5852,#5853));
#2643=EDGE_LOOP('',(#5854,#5855,#5856,#5857));
#2644=EDGE_LOOP('',(#5858,#5859,#5860,#5861));
#2645=EDGE_LOOP('',(#5862,#5863,#5864,#5865));
#2646=EDGE_LOOP('',(#5866,#5867,#5868,#5869));
#2647=EDGE_LOOP('',(#5870,#5871,#5872,#5873));
#2648=EDGE_LOOP('',(#5874,#5875,#5876,#5877));
#2649=EDGE_LOOP('',(#5878,#5879,#5880,#5881));
#2650=EDGE_LOOP('',(#5882,#5883,#5884,#5885));
#2651=EDGE_LOOP('',(#5886,#5887,#5888,#5889));
#2652=EDGE_LOOP('',(#5890,#5891,#5892,#5893));
#2653=EDGE_LOOP('',(#5894,#5895,#5896,#5897,#5898,#5899,#5900,#5901,#5902,
#5903,#5904,#5905,#5906));
#2654=EDGE_LOOP('',(#5907,#5908,#5909,#5910));
#2655=EDGE_LOOP('',(#5911,#5912,#5913,#5914,#5915,#5916,#5917,#5918,#5919,
#5920));
#2656=EDGE_LOOP('',(#5921,#5922,#5923,#5924));
#2657=EDGE_LOOP('',(#5925,#5926,#5927,#5928));
#2658=EDGE_LOOP('',(#5929,#5930,#5931,#5932));
#2659=EDGE_LOOP('',(#5933,#5934,#5935,#5936));
#2660=EDGE_LOOP('',(#5937,#5938,#5939,#5940));
#2661=EDGE_LOOP('',(#5941,#5942,#5943,#5944));
#2662=EDGE_LOOP('',(#5945,#5946,#5947,#5948));
#2663=EDGE_LOOP('',(#5949,#5950,#5951,#5952));
#2664=EDGE_LOOP('',(#5953,#5954,#5955,#5956));
#2665=EDGE_LOOP('',(#5957,#5958,#5959,#5960));
#2666=EDGE_LOOP('',(#5961,#5962,#5963,#5964));
#2667=EDGE_LOOP('',(#5965,#5966,#5967,#5968));
#2668=EDGE_LOOP('',(#5969,#5970,#5971,#5972));
#2669=EDGE_LOOP('',(#5973,#5974,#5975,#5976));
#2670=EDGE_LOOP('',(#5977,#5978,#5979,#5980));
#2671=EDGE_LOOP('',(#5981,#5982,#5983,#5984,#5985));
#2672=EDGE_LOOP('',(#5986,#5987,#5988,#5989));
#2673=EDGE_LOOP('',(#5990,#5991,#5992,#5993));
#2674=EDGE_LOOP('',(#5994,#5995,#5996,#5997));
#2675=EDGE_LOOP('',(#5998,#5999,#6000,#6001));
#2676=EDGE_LOOP('',(#6002,#6003,#6004,#6005));
#2677=EDGE_LOOP('',(#6006,#6007,#6008,#6009));
#2678=EDGE_LOOP('',(#6010,#6011,#6012,#6013));
#2679=EDGE_LOOP('',(#6014,#6015,#6016,#6017));
#2680=EDGE_LOOP('',(#6018,#6019,#6020,#6021));
#2681=EDGE_LOOP('',(#6022,#6023,#6024,#6025));
#2682=EDGE_LOOP('',(#6026,#6027,#6028));
#2683=EDGE_LOOP('',(#6029,#6030,#6031,#6032));
#2684=EDGE_LOOP('',(#6033,#6034,#6035,#6036));
#2685=EDGE_LOOP('',(#6037,#6038,#6039,#6040,#6041));
#2686=EDGE_LOOP('',(#6042,#6043,#6044,#6045,#6046,#6047,#6048,#6049,#6050,
#6051,#6052));
#2687=EDGE_LOOP('',(#6053,#6054,#6055,#6056,#6057,#6058,#6059,#6060));
#2688=EDGE_LOOP('',(#6061,#6062,#6063,#6064,#6065));
#2689=EDGE_LOOP('',(#6066,#6067,#6068,#6069,#6070,#6071,#6072,#6073));
#2690=EDGE_LOOP('',(#6074));
#2691=EDGE_LOOP('',(#6075,#6076,#6077,#6078,#6079));
#2692=EDGE_LOOP('',(#6080,#6081,#6082,#6083,#6084));
#2693=EDGE_LOOP('',(#6085,#6086,#6087,#6088,#6089));
#2694=EDGE_LOOP('',(#6090,#6091,#6092,#6093));
#2695=EDGE_LOOP('',(#6094));
#2696=EDGE_LOOP('',(#6095,#6096,#6097,#6098,#6099));
#2697=EDGE_LOOP('',(#6100,#6101,#6102,#6103,#6104,#6105,#6106,#6107,#6108,
#6109,#6110,#6111,#6112,#6113,#6114));
#2698=EDGE_LOOP('',(#6115,#6116,#6117,#6118));
#2699=EDGE_LOOP('',(#6119));
#2700=EDGE_LOOP('',(#6120));
#2701=EDGE_LOOP('',(#6121,#6122,#6123,#6124));
#2702=EDGE_LOOP('',(#6125,#6126,#6127,#6128));
#2703=EDGE_LOOP('',(#6129,#6130,#6131,#6132));
#2704=EDGE_LOOP('',(#6133,#6134,#6135,#6136));
#2705=EDGE_LOOP('',(#6137,#6138,#6139,#6140));
#2706=EDGE_LOOP('',(#6141,#6142,#6143,#6144));
#2707=EDGE_LOOP('',(#6145,#6146,#6147,#6148));
#2708=EDGE_LOOP('',(#6149,#6150,#6151,#6152));
#2709=EDGE_LOOP('',(#6153,#6154,#6155,#6156));
#2710=EDGE_LOOP('',(#6157,#6158,#6159,#6160,#6161,#6162,#6163,#6164,#6165,
#6166,#6167,#6168,#6169,#6170,#6171,#6172));
#2711=EDGE_LOOP('',(#6173,#6174,#6175,#6176));
#2712=EDGE_LOOP('',(#6177,#6178,#6179,#6180));
#2713=EDGE_LOOP('',(#6181,#6182,#6183,#6184));
#2714=EDGE_LOOP('',(#6185,#6186,#6187,#6188));
#2715=EDGE_LOOP('',(#6189,#6190,#6191,#6192,#6193,#6194,#6195));
#2716=EDGE_LOOP('',(#6196,#6197,#6198,#6199));
#2717=EDGE_LOOP('',(#6200,#6201,#6202,#6203,#6204));
#2718=EDGE_LOOP('',(#6205,#6206,#6207,#6208));
#2719=EDGE_LOOP('',(#6209,#6210,#6211));
#2720=EDGE_LOOP('',(#6212,#6213,#6214,#6215));
#2721=EDGE_LOOP('',(#6216,#6217,#6218,#6219));
#2722=EDGE_LOOP('',(#6220,#6221,#6222,#6223));
#2723=EDGE_LOOP('',(#6224,#6225,#6226,#6227));
#2724=EDGE_LOOP('',(#6228,#6229,#6230,#6231,#6232));
#2725=EDGE_LOOP('',(#6233,#6234,#6235,#6236));
#2726=EDGE_LOOP('',(#6237,#6238,#6239,#6240));
#2727=EDGE_LOOP('',(#6241,#6242,#6243,#6244));
#2728=EDGE_LOOP('',(#6245,#6246,#6247,#6248));
#2729=EDGE_LOOP('',(#6249,#6250,#6251));
#2730=EDGE_LOOP('',(#6252,#6253,#6254,#6255));
#2731=EDGE_LOOP('',(#6256,#6257,#6258,#6259));
#2732=EDGE_LOOP('',(#6260,#6261,#6262,#6263));
#2733=EDGE_LOOP('',(#6264,#6265,#6266,#6267));
#2734=EDGE_LOOP('',(#6268,#6269,#6270,#6271));
#2735=EDGE_LOOP('',(#6272,#6273,#6274,#6275));
#2736=EDGE_LOOP('',(#6276,#6277,#6278,#6279));
#2737=EDGE_LOOP('',(#6280,#6281,#6282,#6283));
#2738=EDGE_LOOP('',(#6284,#6285,#6286));
#2739=EDGE_LOOP('',(#6287,#6288,#6289,#6290));
#2740=EDGE_LOOP('',(#6291,#6292,#6293,#6294));
#2741=EDGE_LOOP('',(#6295,#6296,#6297,#6298));
#2742=EDGE_LOOP('',(#6299,#6300,#6301,#6302));
#2743=EDGE_LOOP('',(#6303,#6304,#6305,#6306,#6307));
#2744=EDGE_LOOP('',(#6308,#6309,#6310,#6311));
#2745=EDGE_LOOP('',(#6312,#6313,#6314,#6315,#6316));
#2746=EDGE_LOOP('',(#6317,#6318,#6319,#6320));
#2747=EDGE_LOOP('',(#6321,#6322,#6323,#6324));
#2748=EDGE_LOOP('',(#6325,#6326,#6327,#6328));
#2749=EDGE_LOOP('',(#6329,#6330,#6331,#6332));
#2750=EDGE_LOOP('',(#6333,#6334,#6335,#6336));
#2751=EDGE_LOOP('',(#6337,#6338,#6339,#6340));
#2752=EDGE_LOOP('',(#6341,#6342,#6343,#6344,#6345));
#2753=EDGE_LOOP('',(#6346,#6347,#6348,#6349,#6350));
#2754=EDGE_LOOP('',(#6351,#6352,#6353,#6354));
#2755=EDGE_LOOP('',(#6355,#6356,#6357,#6358,#6359,#6360,#6361,#6362,#6363,
#6364,#6365,#6366,#6367,#6368,#6369,#6370,#6371,#6372,#6373,#6374,#6375,
#6376,#6377));
#2756=EDGE_LOOP('',(#6378,#6379,#6380,#6381));
#2757=EDGE_LOOP('',(#6382,#6383,#6384,#6385));
#2758=EDGE_LOOP('',(#6386,#6387,#6388,#6389));
#2759=EDGE_LOOP('',(#6390,#6391,#6392,#6393));
#2760=EDGE_LOOP('',(#6394,#6395,#6396,#6397,#6398,#6399,#6400,#6401,#6402,
#6403,#6404,#6405,#6406,#6407));
#2761=EDGE_LOOP('',(#6408,#6409,#6410,#6411,#6412,#6413));
#2762=EDGE_LOOP('',(#6414,#6415,#6416,#6417,#6418,#6419));
#2763=EDGE_LOOP('',(#6420,#6421,#6422,#6423));
#2764=EDGE_LOOP('',(#6424,#6425,#6426,#6427,#6428,#6429));
#2765=EDGE_LOOP('',(#6430,#6431,#6432,#6433,#6434,#6435));
#2766=EDGE_LOOP('',(#6436,#6437,#6438,#6439,#6440));
#2767=EDGE_LOOP('',(#6441,#6442,#6443,#6444,#6445));
#2768=EDGE_LOOP('',(#6446,#6447,#6448,#6449,#6450));
#2769=EDGE_LOOP('',(#6451,#6452,#6453,#6454));
#2770=EDGE_LOOP('',(#6455,#6456,#6457,#6458));
#2771=EDGE_LOOP('',(#6459,#6460,#6461,#6462,#6463));
#2772=EDGE_LOOP('',(#6464,#6465,#6466,#6467,#6468,#6469));
#2773=EDGE_LOOP('',(#6470,#6471,#6472,#6473));
#2774=EDGE_LOOP('',(#6474,#6475,#6476,#6477,#6478));
#2775=EDGE_LOOP('',(#6479,#6480,#6481,#6482));
#2776=EDGE_LOOP('',(#6483,#6484,#6485,#6486));
#2777=EDGE_LOOP('',(#6487,#6488,#6489,#6490,#6491));
#2778=EDGE_LOOP('',(#6492,#6493,#6494,#6495,#6496,#6497));
#2779=EDGE_LOOP('',(#6498,#6499,#6500,#6501));
#2780=EDGE_LOOP('',(#6502,#6503,#6504,#6505));
#2781=EDGE_LOOP('',(#6506,#6507,#6508,#6509,#6510,#6511));
#2782=EDGE_LOOP('',(#6512,#6513,#6514,#6515,#6516));
#2783=EDGE_LOOP('',(#6517,#6518,#6519,#6520));
#2784=EDGE_LOOP('',(#6521,#6522,#6523,#6524,#6525,#6526));
#2785=EDGE_LOOP('',(#6527,#6528,#6529,#6530));
#2786=EDGE_LOOP('',(#6531,#6532,#6533,#6534,#6535));
#2787=EDGE_LOOP('',(#6536,#6537,#6538,#6539,#6540,#6541));
#2788=EDGE_LOOP('',(#6542,#6543,#6544,#6545));
#2789=EDGE_LOOP('',(#6546,#6547,#6548,#6549));
#2790=EDGE_LOOP('',(#6550,#6551,#6552,#6553));
#2791=EDGE_LOOP('',(#6554,#6555,#6556,#6557));
#2792=EDGE_LOOP('',(#6558,#6559,#6560,#6561));
#2793=EDGE_LOOP('',(#6562,#6563,#6564,#6565,#6566,#6567,#6568,#6569,#6570,
#6571,#6572,#6573));
#2794=EDGE_LOOP('',(#6574,#6575,#6576,#6577));
#2795=EDGE_LOOP('',(#6578,#6579,#6580,#6581));
#2796=EDGE_LOOP('',(#6582,#6583,#6584,#6585));
#2797=EDGE_LOOP('',(#6586,#6587,#6588,#6589));
#2798=EDGE_LOOP('',(#6590,#6591,#6592,#6593));
#2799=EDGE_LOOP('',(#6594,#6595,#6596,#6597));
#2800=EDGE_LOOP('',(#6598,#6599,#6600,#6601,#6602));
#2801=EDGE_LOOP('',(#6603,#6604,#6605,#6606,#6607,#6608));
#2802=EDGE_LOOP('',(#6609,#6610,#6611,#6612,#6613));
#2803=EDGE_LOOP('',(#6614,#6615,#6616,#6617,#6618,#6619));
#2804=EDGE_LOOP('',(#6620));
#2805=EDGE_LOOP('',(#6621,#6622,#6623,#6624));
#2806=EDGE_LOOP('',(#6625,#6626,#6627,#6628));
#2807=EDGE_LOOP('',(#6629,#6630,#6631,#6632));
#2808=EDGE_LOOP('',(#6633,#6634,#6635,#6636));
#2809=EDGE_LOOP('',(#6637,#6638,#6639,#6640));
#2810=EDGE_LOOP('',(#6641,#6642,#6643,#6644,#6645));
#2811=EDGE_LOOP('',(#6646,#6647,#6648,#6649,#6650));
#2812=EDGE_LOOP('',(#6651,#6652,#6653,#6654,#6655));
#2813=EDGE_LOOP('',(#6656,#6657,#6658,#6659));
#2814=EDGE_LOOP('',(#6660,#6661,#6662,#6663));
#2815=EDGE_LOOP('',(#6664,#6665,#6666,#6667));
#2816=EDGE_LOOP('',(#6668,#6669,#6670,#6671));
#2817=EDGE_LOOP('',(#6672,#6673,#6674,#6675,#6676));
#2818=EDGE_LOOP('',(#6677,#6678,#6679,#6680));
#2819=EDGE_LOOP('',(#6681,#6682,#6683,#6684));
#2820=EDGE_LOOP('',(#6685));
#2821=EDGE_LOOP('',(#6686,#6687,#6688,#6689));
#2822=EDGE_LOOP('',(#6690,#6691,#6692,#6693,#6694,#6695,#6696,#6697));
#2823=EDGE_LOOP('',(#6698,#6699,#6700,#6701));
#2824=EDGE_LOOP('',(#6702,#6703,#6704,#6705));
#2825=EDGE_LOOP('',(#6706,#6707,#6708,#6709));
#2826=EDGE_LOOP('',(#6710,#6711,#6712,#6713));
#2827=EDGE_LOOP('',(#6714,#6715,#6716,#6717));
#2828=EDGE_LOOP('',(#6718,#6719,#6720,#6721));
#2829=EDGE_LOOP('',(#6722,#6723,#6724,#6725));
#2830=EDGE_LOOP('',(#6726,#6727,#6728,#6729));
#2831=EDGE_LOOP('',(#6730,#6731,#6732,#6733));
#2832=EDGE_LOOP('',(#6734,#6735,#6736,#6737));
#2833=EDGE_LOOP('',(#6738,#6739,#6740,#6741));
#2834=EDGE_LOOP('',(#6742,#6743,#6744,#6745));
#2835=EDGE_LOOP('',(#6746,#6747,#6748,#6749));
#2836=EDGE_LOOP('',(#6750,#6751,#6752,#6753));
#2837=EDGE_LOOP('',(#6754,#6755,#6756,#6757));
#2838=EDGE_LOOP('',(#6758,#6759,#6760,#6761));
#2839=EDGE_LOOP('',(#6762,#6763,#6764,#6765));
#2840=EDGE_LOOP('',(#6766,#6767,#6768,#6769));
#2841=EDGE_LOOP('',(#6770));
#2842=EDGE_LOOP('',(#6771,#6772,#6773,#6774));
#2843=EDGE_LOOP('',(#6775,#6776,#6777,#6778,#6779));
#2844=EDGE_LOOP('',(#6780,#6781,#6782,#6783));
#2845=EDGE_LOOP('',(#6784,#6785,#6786,#6787));
#2846=EDGE_LOOP('',(#6788));
#2847=EDGE_LOOP('',(#6789,#6790,#6791,#6792));
#2848=EDGE_LOOP('',(#6793,#6794,#6795,#6796,#6797,#6798,#6799));
#2849=EDGE_LOOP('',(#6800,#6801,#6802,#6803));
#2850=EDGE_LOOP('',(#6804,#6805,#6806,#6807));
#2851=EDGE_LOOP('',(#6808,#6809,#6810,#6811));
#2852=EDGE_LOOP('',(#6812,#6813,#6814,#6815));
#2853=EDGE_LOOP('',(#6816,#6817,#6818,#6819));
#2854=EDGE_LOOP('',(#6820,#6821,#6822,#6823,#6824,#6825,#6826,#6827));
#2855=EDGE_LOOP('',(#6828,#6829,#6830,#6831,#6832));
#2856=EDGE_LOOP('',(#6833,#6834,#6835,#6836));
#2857=EDGE_LOOP('',(#6837,#6838,#6839,#6840));
#2858=EDGE_LOOP('',(#6841,#6842,#6843,#6844,#6845,#6846,#6847,#6848,#6849,
#6850));
#2859=EDGE_LOOP('',(#6851,#6852,#6853));
#2860=EDGE_LOOP('',(#6854,#6855,#6856,#6857));
#2861=EDGE_LOOP('',(#6858,#6859,#6860,#6861));
#2862=EDGE_LOOP('',(#6862,#6863,#6864,#6865));
#2863=EDGE_LOOP('',(#6866,#6867,#6868,#6869));
#2864=EDGE_LOOP('',(#6870,#6871,#6872,#6873));
#2865=EDGE_LOOP('',(#6874,#6875,#6876,#6877));
#2866=EDGE_LOOP('',(#6878,#6879,#6880,#6881));
#2867=EDGE_LOOP('',(#6882,#6883,#6884,#6885));
#2868=EDGE_LOOP('',(#6886,#6887,#6888,#6889));
#2869=EDGE_LOOP('',(#6890,#6891,#6892,#6893));
#2870=EDGE_LOOP('',(#6894,#6895,#6896,#6897));
#2871=EDGE_LOOP('',(#6898,#6899,#6900,#6901));
#2872=EDGE_LOOP('',(#6902,#6903,#6904,#6905));
#2873=EDGE_LOOP('',(#6906,#6907,#6908,#6909));
#2874=EDGE_LOOP('',(#6910,#6911,#6912,#6913));
#2875=EDGE_LOOP('',(#6914,#6915,#6916,#6917));
#2876=EDGE_LOOP('',(#6918,#6919,#6920,#6921));
#2877=EDGE_LOOP('',(#6922,#6923,#6924,#6925));
#2878=EDGE_LOOP('',(#6926,#6927,#6928,#6929));
#2879=EDGE_LOOP('',(#6930,#6931,#6932,#6933));
#2880=EDGE_LOOP('',(#6934,#6935,#6936,#6937));
#2881=EDGE_LOOP('',(#6938,#6939,#6940,#6941));
#2882=EDGE_LOOP('',(#6942,#6943,#6944,#6945));
#2883=EDGE_LOOP('',(#6946,#6947,#6948,#6949));
#2884=EDGE_LOOP('',(#6950,#6951,#6952,#6953));
#2885=EDGE_LOOP('',(#6954,#6955,#6956,#6957));
#2886=EDGE_LOOP('',(#6958,#6959,#6960,#6961));
#2887=EDGE_LOOP('',(#6962,#6963,#6964,#6965,#6966,#6967,#6968,#6969,#6970,
#6971,#6972,#6973,#6974,#6975,#6976,#6977,#6978));
#2888=EDGE_LOOP('',(#6979));
#2889=EDGE_LOOP('',(#6980,#6981,#6982,#6983,#6984,#6985,#6986));
#2890=EDGE_LOOP('',(#6987,#6988,#6989,#6990,#6991));
#2891=EDGE_LOOP('',(#6992,#6993,#6994,#6995,#6996));
#2892=EDGE_LOOP('',(#6997,#6998,#6999,#7000,#7001));
#2893=EDGE_LOOP('',(#7002,#7003,#7004,#7005));
#2894=EDGE_LOOP('',(#7006,#7007,#7008,#7009,#7010,#7011));
#2895=EDGE_LOOP('',(#7012,#7013,#7014,#7015,#7016));
#2896=EDGE_LOOP('',(#7017,#7018,#7019,#7020));
#2897=EDGE_LOOP('',(#7021,#7022,#7023,#7024));
#2898=EDGE_LOOP('',(#7025,#7026,#7027,#7028));
#2899=EDGE_LOOP('',(#7029,#7030,#7031,#7032));
#2900=EDGE_LOOP('',(#7033,#7034,#7035,#7036));
#2901=EDGE_LOOP('',(#7037,#7038,#7039,#7040));
#2902=EDGE_LOOP('',(#7041,#7042,#7043,#7044,#7045,#7046,#7047,#7048,#7049,
#7050));
#2903=EDGE_LOOP('',(#7051,#7052,#7053));
#2904=EDGE_LOOP('',(#7054,#7055,#7056,#7057));
#2905=EDGE_LOOP('',(#7058,#7059,#7060,#7061,#7062,#7063,#7064,#7065,#7066,
#7067,#7068,#7069,#7070,#7071,#7072,#7073,#7074,#7075,#7076,#7077,#7078,
#7079,#7080,#7081,#7082,#7083,#7084,#7085,#7086,#7087,#7088,#7089,#7090,
#7091,#7092,#7093));
#2906=EDGE_LOOP('',(#7094,#7095,#7096,#7097,#7098,#7099));
#2907=EDGE_LOOP('',(#7100,#7101,#7102,#7103,#7104,#7105,#7106,#7107,#7108,
#7109));
#2908=EDGE_LOOP('',(#7110,#7111,#7112,#7113,#7114,#7115,#7116,#7117,#7118,
#7119));
#2909=EDGE_LOOP('',(#7120));
#2910=EDGE_LOOP('',(#7121,#7122,#7123,#7124));
#2911=EDGE_LOOP('',(#7125,#7126,#7127,#7128));
#2912=EDGE_LOOP('',(#7129,#7130,#7131,#7132));
#2913=EDGE_LOOP('',(#7133,#7134,#7135,#7136));
#2914=EDGE_LOOP('',(#7137,#7138,#7139,#7140));
#2915=EDGE_LOOP('',(#7141,#7142,#7143,#7144));
#2916=EDGE_LOOP('',(#7145,#7146,#7147,#7148));
#2917=EDGE_LOOP('',(#7149,#7150,#7151,#7152));
#2918=EDGE_LOOP('',(#7153,#7154,#7155,#7156));
#2919=EDGE_LOOP('',(#7157,#7158,#7159,#7160));
#2920=EDGE_LOOP('',(#7161,#7162,#7163,#7164));
#2921=EDGE_LOOP('',(#7165,#7166,#7167,#7168));
#2922=EDGE_LOOP('',(#7169,#7170,#7171,#7172,#7173,#7174,#7175,#7176,#7177,
#7178,#7179,#7180,#7181));
#2923=EDGE_LOOP('',(#7182,#7183,#7184,#7185));
#2924=EDGE_LOOP('',(#7186,#7187,#7188,#7189,#7190,#7191,#7192,#7193,#7194,
#7195));
#2925=EDGE_LOOP('',(#7196,#7197,#7198,#7199));
#2926=EDGE_LOOP('',(#7200,#7201,#7202,#7203));
#2927=EDGE_LOOP('',(#7204,#7205,#7206,#7207));
#2928=EDGE_LOOP('',(#7208,#7209,#7210,#7211));
#2929=EDGE_LOOP('',(#7212,#7213,#7214,#7215,#7216,#7217));
#2930=EDGE_LOOP('',(#7218));
#2931=EDGE_LOOP('',(#7219,#7220,#7221,#7222));
#2932=EDGE_LOOP('',(#7223,#7224,#7225,#7226));
#2933=EDGE_LOOP('',(#7227,#7228,#7229,#7230));
#2934=EDGE_LOOP('',(#7231,#7232,#7233,#7234));
#2935=EDGE_LOOP('',(#7235,#7236,#7237,#7238));
#2936=EDGE_LOOP('',(#7239,#7240,#7241,#7242));
#2937=EDGE_LOOP('',(#7243,#7244,#7245,#7246));
#2938=EDGE_LOOP('',(#7247,#7248,#7249,#7250));
#2939=EDGE_LOOP('',(#7251,#7252,#7253,#7254));
#2940=EDGE_LOOP('',(#7255,#7256,#7257,#7258));
#2941=EDGE_LOOP('',(#7259,#7260,#7261,#7262));
#2942=EDGE_LOOP('',(#7263,#7264,#7265,#7266));
#2943=EDGE_LOOP('',(#7267,#7268,#7269,#7270));
#2944=EDGE_LOOP('',(#7271,#7272,#7273,#7274));
#2945=EDGE_LOOP('',(#7275,#7276,#7277,#7278));
#2946=EDGE_LOOP('',(#7279,#7280,#7281,#7282,#7283));
#2947=EDGE_LOOP('',(#7284,#7285,#7286,#7287));
#2948=EDGE_LOOP('',(#7288,#7289,#7290,#7291));
#2949=EDGE_LOOP('',(#7292,#7293,#7294,#7295,#7296,#7297,#7298,#7299,#7300,
#7301,#7302,#7303,#7304,#7305,#7306,#7307,#7308,#7309,#7310,#7311,#7312,
#7313,#7314,#7315,#7316,#7317,#7318,#7319,#7320,#7321,#7322,#7323,#7324,
#7325,#7326,#7327,#7328,#7329,#7330,#7331,#7332,#7333,#7334,#7335));
#2950=EDGE_LOOP('',(#7336,#7337,#7338,#7339));
#2951=EDGE_LOOP('',(#7340,#7341,#7342,#7343));
#2952=EDGE_LOOP('',(#7344,#7345,#7346,#7347));
#2953=EDGE_LOOP('',(#7348,#7349,#7350,#7351));
#2954=EDGE_LOOP('',(#7352,#7353,#7354,#7355));
#2955=EDGE_LOOP('',(#7356,#7357,#7358,#7359));
#2956=EDGE_LOOP('',(#7360,#7361,#7362,#7363));
#2957=EDGE_LOOP('',(#7364,#7365,#7366,#7367));
#2958=EDGE_LOOP('',(#7368,#7369,#7370));
#2959=EDGE_LOOP('',(#7371,#7372,#7373,#7374,#7375,#7376,#7377,#7378,#7379,
#7380,#7381,#7382,#7383,#7384,#7385,#7386,#7387,#7388,#7389,#7390,#7391,
#7392,#7393,#7394,#7395,#7396,#7397,#7398,#7399,#7400,#7401,#7402,#7403,
#7404,#7405,#7406,#7407,#7408));
#2960=EDGE_LOOP('',(#7409));
#2961=EDGE_LOOP('',(#7410,#7411,#7412,#7413));
#2962=EDGE_LOOP('',(#7414,#7415,#7416,#7417));
#2963=EDGE_LOOP('',(#7418,#7419,#7420,#7421,#7422));
#2964=EDGE_LOOP('',(#7423,#7424,#7425,#7426,#7427,#7428,#7429,#7430,#7431,
#7432,#7433));
#2965=EDGE_LOOP('',(#7434,#7435,#7436,#7437,#7438,#7439,#7440,#7441));
#2966=EDGE_LOOP('',(#7442,#7443,#7444,#7445,#7446));
#2967=EDGE_LOOP('',(#7447,#7448,#7449,#7450,#7451,#7452,#7453,#7454));
#2968=EDGE_LOOP('',(#7455));
#2969=EDGE_LOOP('',(#7456,#7457,#7458,#7459,#7460));
#2970=EDGE_LOOP('',(#7461,#7462,#7463,#7464,#7465));
#2971=EDGE_LOOP('',(#7466,#7467,#7468,#7469,#7470));
#2972=EDGE_LOOP('',(#7471,#7472,#7473,#7474));
#2973=EDGE_LOOP('',(#7475));
#2974=EDGE_LOOP('',(#7476,#7477,#7478,#7479,#7480));
#2975=EDGE_LOOP('',(#7481,#7482,#7483,#7484,#7485,#7486,#7487,#7488,#7489,
#7490,#7491,#7492,#7493,#7494,#7495));
#2976=EDGE_LOOP('',(#7496,#7497,#7498,#7499));
#2977=EDGE_LOOP('',(#7500));
#2978=EDGE_LOOP('',(#7501));
#2979=EDGE_LOOP('',(#7502,#7503,#7504,#7505));
#2980=EDGE_LOOP('',(#7506,#7507,#7508,#7509));
#2981=EDGE_LOOP('',(#7510,#7511,#7512,#7513));
#2982=EDGE_LOOP('',(#7514,#7515,#7516,#7517));
#2983=EDGE_LOOP('',(#7518,#7519,#7520,#7521));
#2984=EDGE_LOOP('',(#7522,#7523,#7524,#7525));
#2985=EDGE_LOOP('',(#7526,#7527,#7528,#7529));
#2986=EDGE_LOOP('',(#7530,#7531,#7532,#7533));
#2987=EDGE_LOOP('',(#7534,#7535,#7536,#7537));
#2988=EDGE_LOOP('',(#7538,#7539,#7540,#7541,#7542,#7543,#7544,#7545,#7546,
#7547,#7548,#7549,#7550,#7551,#7552,#7553));
#2989=EDGE_LOOP('',(#7554,#7555,#7556,#7557));
#2990=EDGE_LOOP('',(#7558,#7559,#7560,#7561));
#2991=EDGE_LOOP('',(#7562,#7563,#7564,#7565));
#2992=EDGE_LOOP('',(#7566,#7567,#7568,#7569));
#2993=EDGE_LOOP('',(#7570,#7571,#7572,#7573,#7574,#7575,#7576));
#2994=EDGE_LOOP('',(#7577,#7578,#7579,#7580));
#2995=EDGE_LOOP('',(#7581,#7582,#7583,#7584,#7585));
#2996=EDGE_LOOP('',(#7586,#7587,#7588,#7589));
#2997=EDGE_LOOP('',(#7590,#7591,#7592));
#2998=EDGE_LOOP('',(#7593,#7594,#7595,#7596));
#2999=EDGE_LOOP('',(#7597,#7598,#7599,#7600));
#3000=EDGE_LOOP('',(#7601,#7602,#7603,#7604));
#3001=EDGE_LOOP('',(#7605,#7606,#7607,#7608));
#3002=EDGE_LOOP('',(#7609,#7610,#7611,#7612,#7613));
#3003=EDGE_LOOP('',(#7614,#7615,#7616,#7617));
#3004=EDGE_LOOP('',(#7618,#7619,#7620,#7621));
#3005=EDGE_LOOP('',(#7622,#7623,#7624,#7625));
#3006=EDGE_LOOP('',(#7626,#7627,#7628,#7629));
#3007=EDGE_LOOP('',(#7630,#7631,#7632));
#3008=EDGE_LOOP('',(#7633,#7634,#7635,#7636));
#3009=EDGE_LOOP('',(#7637,#7638,#7639,#7640));
#3010=EDGE_LOOP('',(#7641,#7642,#7643,#7644));
#3011=EDGE_LOOP('',(#7645,#7646,#7647,#7648));
#3012=EDGE_LOOP('',(#7649,#7650,#7651,#7652));
#3013=EDGE_LOOP('',(#7653,#7654,#7655,#7656));
#3014=EDGE_LOOP('',(#7657,#7658,#7659,#7660));
#3015=EDGE_LOOP('',(#7661,#7662,#7663,#7664));
#3016=EDGE_LOOP('',(#7665,#7666,#7667));
#3017=EDGE_LOOP('',(#7668,#7669,#7670,#7671));
#3018=EDGE_LOOP('',(#7672,#7673,#7674,#7675));
#3019=EDGE_LOOP('',(#7676,#7677,#7678,#7679));
#3020=EDGE_LOOP('',(#7680,#7681,#7682,#7683));
#3021=EDGE_LOOP('',(#7684,#7685,#7686,#7687,#7688));
#3022=EDGE_LOOP('',(#7689,#7690,#7691,#7692));
#3023=EDGE_LOOP('',(#7693,#7694,#7695,#7696,#7697));
#3024=EDGE_LOOP('',(#7698,#7699,#7700,#7701));
#3025=EDGE_LOOP('',(#7702,#7703,#7704,#7705));
#3026=EDGE_LOOP('',(#7706,#7707,#7708,#7709));
#3027=EDGE_LOOP('',(#7710,#7711,#7712,#7713));
#3028=EDGE_LOOP('',(#7714,#7715,#7716,#7717));
#3029=EDGE_LOOP('',(#7718,#7719,#7720,#7721));
#3030=EDGE_LOOP('',(#7722,#7723,#7724,#7725,#7726));
#3031=EDGE_LOOP('',(#7727,#7728,#7729,#7730,#7731));
#3032=EDGE_LOOP('',(#7732,#7733,#7734,#7735));
#3033=EDGE_LOOP('',(#7736,#7737,#7738,#7739,#7740,#7741,#7742,#7743,#7744,
#7745,#7746,#7747,#7748,#7749,#7750,#7751,#7752,#7753,#7754,#7755,#7756,
#7757,#7758));
#3034=EDGE_LOOP('',(#7759,#7760,#7761,#7762));
#3035=EDGE_LOOP('',(#7763,#7764,#7765,#7766));
#3036=EDGE_LOOP('',(#7767,#7768,#7769,#7770));
#3037=EDGE_LOOP('',(#7771,#7772,#7773,#7774));
#3038=EDGE_LOOP('',(#7775,#7776,#7777,#7778,#7779,#7780,#7781,#7782,#7783,
#7784,#7785,#7786,#7787,#7788));
#3039=EDGE_LOOP('',(#7789,#7790,#7791,#7792,#7793,#7794));
#3040=EDGE_LOOP('',(#7795,#7796,#7797,#7798,#7799,#7800));
#3041=EDGE_LOOP('',(#7801,#7802,#7803,#7804));
#3042=EDGE_LOOP('',(#7805,#7806,#7807,#7808,#7809,#7810));
#3043=EDGE_LOOP('',(#7811,#7812,#7813,#7814,#7815,#7816));
#3044=EDGE_LOOP('',(#7817,#7818,#7819,#7820,#7821));
#3045=EDGE_LOOP('',(#7822,#7823,#7824,#7825,#7826));
#3046=EDGE_LOOP('',(#7827,#7828,#7829,#7830,#7831));
#3047=EDGE_LOOP('',(#7832,#7833,#7834,#7835));
#3048=EDGE_LOOP('',(#7836,#7837,#7838,#7839));
#3049=EDGE_LOOP('',(#7840,#7841,#7842,#7843,#7844));
#3050=EDGE_LOOP('',(#7845,#7846,#7847,#7848,#7849,#7850));
#3051=EDGE_LOOP('',(#7851,#7852,#7853,#7854));
#3052=EDGE_LOOP('',(#7855,#7856,#7857,#7858,#7859));
#3053=EDGE_LOOP('',(#7860,#7861,#7862,#7863));
#3054=EDGE_LOOP('',(#7864,#7865,#7866,#7867));
#3055=EDGE_LOOP('',(#7868,#7869,#7870,#7871,#7872));
#3056=EDGE_LOOP('',(#7873,#7874,#7875,#7876,#7877,#7878));
#3057=EDGE_LOOP('',(#7879,#7880,#7881,#7882));
#3058=EDGE_LOOP('',(#7883,#7884,#7885,#7886));
#3059=EDGE_LOOP('',(#7887,#7888,#7889,#7890,#7891,#7892));
#3060=EDGE_LOOP('',(#7893,#7894,#7895,#7896,#7897));
#3061=EDGE_LOOP('',(#7898,#7899,#7900,#7901));
#3062=EDGE_LOOP('',(#7902,#7903,#7904,#7905,#7906,#7907));
#3063=EDGE_LOOP('',(#7908,#7909,#7910,#7911));
#3064=EDGE_LOOP('',(#7912,#7913,#7914,#7915,#7916));
#3065=EDGE_LOOP('',(#7917,#7918,#7919,#7920,#7921,#7922));
#3066=EDGE_LOOP('',(#7923,#7924,#7925,#7926));
#3067=EDGE_LOOP('',(#7927,#7928,#7929,#7930));
#3068=EDGE_LOOP('',(#7931,#7932,#7933,#7934));
#3069=EDGE_LOOP('',(#7935,#7936,#7937,#7938));
#3070=EDGE_LOOP('',(#7939,#7940,#7941,#7942));
#3071=EDGE_LOOP('',(#7943,#7944,#7945,#7946,#7947,#7948,#7949,#7950,#7951,
#7952,#7953,#7954));
#3072=EDGE_LOOP('',(#7955,#7956,#7957,#7958));
#3073=EDGE_LOOP('',(#7959,#7960,#7961,#7962));
#3074=EDGE_LOOP('',(#7963,#7964,#7965,#7966));
#3075=EDGE_LOOP('',(#7967,#7968,#7969,#7970));
#3076=EDGE_LOOP('',(#7971,#7972,#7973,#7974));
#3077=EDGE_LOOP('',(#7975,#7976,#7977,#7978));
#3078=EDGE_LOOP('',(#7979,#7980,#7981,#7982,#7983));
#3079=EDGE_LOOP('',(#7984,#7985,#7986,#7987,#7988,#7989));
#3080=EDGE_LOOP('',(#7990,#7991,#7992,#7993,#7994));
#3081=EDGE_LOOP('',(#7995,#7996,#7997,#7998,#7999,#8000));
#3082=EDGE_LOOP('',(#8001));
#3083=EDGE_LOOP('',(#8002,#8003,#8004,#8005));
#3084=EDGE_LOOP('',(#8006,#8007,#8008,#8009));
#3085=EDGE_LOOP('',(#8010,#8011,#8012,#8013));
#3086=EDGE_LOOP('',(#8014,#8015,#8016,#8017));
#3087=EDGE_LOOP('',(#8018,#8019,#8020,#8021));
#3088=EDGE_LOOP('',(#8022,#8023,#8024,#8025));
#3089=EDGE_LOOP('',(#8026,#8027,#8028,#8029,#8030));
#3090=EDGE_LOOP('',(#8031,#8032,#8033,#8034,#8035));
#3091=EDGE_LOOP('',(#8036,#8037,#8038,#8039,#8040));
#3092=EDGE_LOOP('',(#8041,#8042,#8043,#8044));
#3093=EDGE_LOOP('',(#8045,#8046,#8047,#8048));
#3094=EDGE_LOOP('',(#8049,#8050,#8051,#8052));
#3095=EDGE_LOOP('',(#8053,#8054,#8055,#8056));
#3096=EDGE_LOOP('',(#8057,#8058,#8059,#8060,#8061));
#3097=EDGE_LOOP('',(#8062));
#3098=EDGE_LOOP('',(#8063,#8064,#8065,#8066));
#3099=EDGE_LOOP('',(#8067,#8068,#8069,#8070,#8071,#8072));
#3100=EDGE_LOOP('',(#8073,#8074,#8075,#8076));
#3101=EDGE_LOOP('',(#8077,#8078,#8079,#8080));
#3102=EDGE_LOOP('',(#8081,#8082,#8083,#8084));
#3103=EDGE_LOOP('',(#8085,#8086,#8087,#8088,#8089,#8090,#8091,#8092,#8093,
#8094));
#3104=EDGE_LOOP('',(#8095,#8096,#8097,#8098));
#3105=EDGE_LOOP('',(#8099,#8100,#8101,#8102));
#3106=EDGE_LOOP('',(#8103));
#3107=EDGE_LOOP('',(#8104,#8105,#8106,#8107));
#3108=EDGE_LOOP('',(#8108,#8109,#8110,#8111,#8112,#8113,#8114,#8115));
#3109=EDGE_LOOP('',(#8116,#8117,#8118,#8119));
#3110=EDGE_LOOP('',(#8120,#8121,#8122,#8123));
#3111=EDGE_LOOP('',(#8124,#8125,#8126,#8127));
#3112=EDGE_LOOP('',(#8128,#8129,#8130,#8131));
#3113=EDGE_LOOP('',(#8132,#8133,#8134,#8135));
#3114=EDGE_LOOP('',(#8136,#8137,#8138,#8139));
#3115=EDGE_LOOP('',(#8140,#8141,#8142,#8143));
#3116=EDGE_LOOP('',(#8144,#8145,#8146,#8147));
#3117=EDGE_LOOP('',(#8148,#8149,#8150,#8151));
#3118=EDGE_LOOP('',(#8152,#8153,#8154,#8155));
#3119=EDGE_LOOP('',(#8156,#8157,#8158,#8159));
#3120=EDGE_LOOP('',(#8160,#8161,#8162,#8163));
#3121=EDGE_LOOP('',(#8164,#8165,#8166,#8167));
#3122=EDGE_LOOP('',(#8168,#8169,#8170,#8171));
#3123=EDGE_LOOP('',(#8172,#8173,#8174,#8175));
#3124=EDGE_LOOP('',(#8176,#8177,#8178,#8179));
#3125=EDGE_LOOP('',(#8180,#8181,#8182,#8183));
#3126=EDGE_LOOP('',(#8184,#8185,#8186,#8187));
#3127=EDGE_LOOP('',(#8188));
#3128=EDGE_LOOP('',(#8189,#8190,#8191,#8192));
#3129=EDGE_LOOP('',(#8193,#8194,#8195,#8196,#8197));
#3130=EDGE_LOOP('',(#8198,#8199,#8200,#8201));
#3131=EDGE_LOOP('',(#8202,#8203,#8204,#8205));
#3132=EDGE_LOOP('',(#8206));
#3133=EDGE_LOOP('',(#8207,#8208,#8209,#8210));
#3134=EDGE_LOOP('',(#8211,#8212,#8213,#8214,#8215,#8216,#8217));
#3135=EDGE_LOOP('',(#8218,#8219,#8220,#8221));
#3136=EDGE_LOOP('',(#8222,#8223,#8224,#8225));
#3137=EDGE_LOOP('',(#8226,#8227,#8228,#8229));
#3138=EDGE_LOOP('',(#8230,#8231,#8232,#8233));
#3139=EDGE_LOOP('',(#8234,#8235,#8236,#8237));
#3140=EDGE_LOOP('',(#8238,#8239,#8240,#8241,#8242,#8243,#8244,#8245));
#3141=EDGE_LOOP('',(#8246,#8247,#8248,#8249,#8250));
#3142=EDGE_LOOP('',(#8251,#8252,#8253,#8254));
#3143=EDGE_LOOP('',(#8255,#8256,#8257,#8258));
#3144=EDGE_LOOP('',(#8259,#8260,#8261,#8262,#8263,#8264,#8265,#8266,#8267,
#8268));
#3145=CIRCLE('',#8813,0.25);
#3146=CIRCLE('',#8814,0.249999999999999);
#3147=CIRCLE('',#8815,0.249999999999999);
#3148=CIRCLE('',#8817,0.25);
#3149=CIRCLE('',#8819,0.250000000000002);
#3150=CIRCLE('',#8820,1.5);
#3151=CIRCLE('',#8821,0.250000000000001);
#3152=CIRCLE('',#8822,1.75);
#3153=CIRCLE('',#8824,0.249999999999998);
#3154=CIRCLE('',#8826,0.249999999999999);
#3155=CIRCLE('',#8827,1.5);
#3156=CIRCLE('',#8828,1.25);
#3157=CIRCLE('',#8830,0.249999999999999);
#3158=CIRCLE('',#8831,1.5);
#3159=CIRCLE('',#8832,1.75);
#3160=CIRCLE('',#8834,0.250000000000001);
#3161=CIRCLE('',#8836,0.25);
#3162=CIRCLE('',#8837,1.5);
#3163=CIRCLE('',#8838,1.75);
#3164=CIRCLE('',#8839,0.250000000000004);
#3165=CIRCLE('',#8841,0.249999999999999);
#3166=CIRCLE('',#8842,2.25);
#3167=CIRCLE('',#8843,2.);
#3168=CIRCLE('',#8845,0.249999999999999);
#3169=CIRCLE('',#8847,0.249999999999999);
#3170=CIRCLE('',#8848,0.75);
#3171=CIRCLE('',#8849,1.);
#3172=CIRCLE('',#8854,0.249999999999999);
#3173=CIRCLE('',#8855,19.35);
#3174=CIRCLE('',#8856,19.6);
#3175=CIRCLE('',#8857,0.249999999999996);
#3176=CIRCLE('',#8858,0.249999999999999);
#3177=CIRCLE('',#8862,0.249999999999997);
#3178=CIRCLE('',#8864,0.25);
#3179=CIRCLE('',#8865,1.5);
#3180=CIRCLE('',#8866,1.75);
#3181=CIRCLE('',#8867,0.249999999999999);
#3182=CIRCLE('',#8868,0.250000000000001);
#3183=CIRCLE('',#8869,0.25);
#3184=CIRCLE('',#8873,0.249999999999999);
#3185=CIRCLE('',#8874,0.25);
#3186=CIRCLE('',#8877,0.249999999999999);
#3187=CIRCLE('',#8879,0.25);
#3188=CIRCLE('',#8880,1.5);
#3189=CIRCLE('',#8881,1.75);
#3190=CIRCLE('',#8890,0.249999999999999);
#3191=CIRCLE('',#8892,0.249999999999999);
#3192=CIRCLE('',#8893,0.75);
#3193=CIRCLE('',#8894,1.);
#3194=CIRCLE('',#8896,0.249999999999999);
#3195=CIRCLE('',#8898,0.249999999999999);
#3196=CIRCLE('',#8899,2.25);
#3197=CIRCLE('',#8900,2.);
#3198=CIRCLE('',#8904,18.);
#3199=CIRCLE('',#8905,18.);
#3200=CIRCLE('',#8906,0.249999999999999);
#3201=CIRCLE('',#8908,0.25);
#3202=CIRCLE('',#8909,0.249999999999999);
#3203=CIRCLE('',#8911,0.249999999999999);
#3204=CIRCLE('',#8912,1.25);
#3205=CIRCLE('',#8913,1.);
#3206=CIRCLE('',#8915,0.249999999999999);
#3207=CIRCLE('',#8917,0.249999999999999);
#3208=CIRCLE('',#8918,2.25);
#3209=CIRCLE('',#8919,2.);
#3210=CIRCLE('',#8921,0.249999999999999);
#3211=CIRCLE('',#8923,0.249999999999999);
#3212=CIRCLE('',#8924,2.25);
#3213=CIRCLE('',#8925,2.);
#3214=CIRCLE('',#8927,0.249999999999999);
#3215=CIRCLE('',#8929,0.249999999999999);
#3216=CIRCLE('',#8930,2.25);
#3217=CIRCLE('',#8931,2.);
#3218=CIRCLE('',#8933,0.249999999999999);
#3219=CIRCLE('',#8935,1.25);
#3220=CIRCLE('',#8936,1.);
#3221=CIRCLE('',#8939,2.);
#3222=CIRCLE('',#8941,0.25);
#3223=CIRCLE('',#8942,0.25);
#3224=CIRCLE('',#8948,0.25);
#3225=CIRCLE('',#8949,2.);
#3226=CIRCLE('',#8950,0.249999999999999);
#3227=CIRCLE('',#8951,2.25);
#3228=CIRCLE('',#8956,2.);
#3229=CIRCLE('',#8959,0.249999999999998);
#3230=CIRCLE('',#8961,0.250000000000005);
#3231=CIRCLE('',#8962,0.25);
#3232=CIRCLE('',#8966,0.25);
#3233=CIRCLE('',#8968,0.249999999999999);
#3234=CIRCLE('',#8970,0.25);
#3235=CIRCLE('',#8971,5.);
#3236=CIRCLE('',#8972,4.75);
#3237=CIRCLE('',#8977,0.250000000000004);
#3238=CIRCLE('',#8978,2.);
#3239=CIRCLE('',#8979,2.25);
#3240=CIRCLE('',#8981,2.);
#3241=CIRCLE('',#8987,0.25);
#3242=CIRCLE('',#8990,0.24999999999997);
#3243=CIRCLE('',#8996,0.250000000000001);
#3244=CIRCLE('',#8997,5.);
#3245=CIRCLE('',#8998,4.75);
#3246=CIRCLE('',#9003,0.249999999999999);
#3247=CIRCLE('',#9005,1.);
#3248=CIRCLE('',#9006,0.5);
#3249=CIRCLE('',#9007,0.5);
#3250=CIRCLE('',#9009,5.);
#3251=CIRCLE('',#9015,1.2);
#3252=CIRCLE('',#9016,0.95);
#3253=CIRCLE('',#9017,0.95);
#3254=CIRCLE('',#9019,0.5);
#3255=CIRCLE('',#9020,19.6);
#3256=CIRCLE('',#9021,1.7);
#3257=CIRCLE('',#9023,0.95);
#3258=CIRCLE('',#9025,1.9);
#3259=CIRCLE('',#9026,1.65);
#3260=CIRCLE('',#9027,1.65);
#3261=CIRCLE('',#9029,1.65);
#3262=CIRCLE('',#9031,3.75);
#3263=CIRCLE('',#9034,18.);
#3264=CIRCLE('',#9035,18.);
#3265=CIRCLE('',#9036,3.25);
#3266=CIRCLE('',#9049,0.25);
#3267=CIRCLE('',#9053,0.499999999999998);
#3268=CIRCLE('',#9054,19.85);
#3269=CIRCLE('',#9055,2.2);
#3270=CIRCLE('',#9056,0.5);
#3271=CIRCLE('',#9058,0.25);
#3272=CIRCLE('',#9060,0.25);
#3273=CIRCLE('',#9069,0.25);
#3274=CIRCLE('',#9070,0.25);
#3275=CIRCLE('',#9071,0.5);
#3276=CIRCLE('',#9072,0.249999999999999);
#3277=CIRCLE('',#9074,0.25);
#3278=CIRCLE('',#9075,0.25);
#3279=CIRCLE('',#9076,0.250000000000001);
#3280=CIRCLE('',#9078,0.25);
#3281=CIRCLE('',#9080,0.499999999999998);
#3282=CIRCLE('',#9081,0.25);
#3283=CIRCLE('',#9082,0.249999999999999);
#3284=CIRCLE('',#9083,0.25);
#3285=CIRCLE('',#9085,0.250000000000001);
#3286=CIRCLE('',#9086,0.25);
#3287=CIRCLE('',#9087,0.249999999999999);
#3288=CIRCLE('',#9093,0.25);
#3289=CIRCLE('',#9094,0.25);
#3290=CIRCLE('',#9095,0.5);
#3291=CIRCLE('',#9096,0.249999999999999);
#3292=CIRCLE('',#9099,0.25);
#3293=CIRCLE('',#9100,0.25);
#3294=CIRCLE('',#9101,0.249999999999999);
#3295=CIRCLE('',#9102,0.499999999999998);
#3296=CIRCLE('',#9103,0.25);
#3297=CIRCLE('',#9104,0.249999999999999);
#3298=CIRCLE('',#9105,0.25);
#3299=CIRCLE('',#9107,0.250000000000001);
#3300=CIRCLE('',#9108,0.25);
#3301=CIRCLE('',#9109,0.5);
#3302=CIRCLE('',#9110,0.249999999999999);
#3303=CIRCLE('',#9114,0.250000000000001);
#3304=CIRCLE('',#9115,0.249999999999999);
#3305=CIRCLE('',#9116,0.25);
#3306=CIRCLE('',#9120,1.95);
#3307=CIRCLE('',#9122,0.25);
#3308=CIRCLE('',#9123,0.25);
#3309=CIRCLE('',#9124,0.25);
#3310=CIRCLE('',#9127,19.6);
#3311=CIRCLE('',#9139,1.95);
#3312=CIRCLE('',#9147,19.6);
#3313=CIRCLE('',#9148,19.6);
#3314=CIRCLE('',#9149,19.6);
#3315=CIRCLE('',#9150,19.6);
#3316=CIRCLE('',#9151,19.6);
#3317=CIRCLE('',#9157,0.25);
#3318=CIRCLE('',#9162,0.25);
#3319=CIRCLE('',#9164,0.25);
#3320=CIRCLE('',#9172,1.5);
#3321=CIRCLE('',#9175,1.5);
#3322=CIRCLE('',#9177,1.5);
#3323=CIRCLE('',#9178,1.5);
#3324=CIRCLE('',#9195,0.5);
#3325=CIRCLE('',#9196,0.499999999999999);
#3326=CIRCLE('',#9198,0.5);
#3327=CIRCLE('',#9199,4.25);
#3328=CIRCLE('',#9201,0.5);
#3329=CIRCLE('',#9205,2.);
#3330=CIRCLE('',#9206,2.);
#3331=CIRCLE('',#9209,2.);
#3332=CIRCLE('',#9210,2.);
#3333=CIRCLE('',#9219,1.);
#3334=CIRCLE('',#9221,2.);
#3335=CIRCLE('',#9224,2.);
#3336=CIRCLE('',#9234,1.05);
#3337=CIRCLE('',#9235,1.05);
#3338=CIRCLE('',#9238,1.675);
#3339=CIRCLE('',#9241,0.5);
#3340=CIRCLE('',#9242,15.);
#3341=CIRCLE('',#9243,1.);
#3342=CIRCLE('',#9244,1.);
#3343=CIRCLE('',#9245,10.);
#3344=CIRCLE('',#9246,0.5);
#3345=CIRCLE('',#9248,0.5);
#3346=CIRCLE('',#9249,0.5);
#3347=CIRCLE('',#9250,1.);
#3348=CIRCLE('',#9252,0.5);
#3349=CIRCLE('',#9253,9.5);
#3350=CIRCLE('',#9254,10.);
#3351=CIRCLE('',#9256,0.5);
#3352=CIRCLE('',#9257,1.5);
#3353=CIRCLE('',#9258,1.);
#3354=CIRCLE('',#9260,0.499999999999998);
#3355=CIRCLE('',#9262,0.5);
#3356=CIRCLE('',#9263,1.5);
#3357=CIRCLE('',#9264,1.);
#3358=CIRCLE('',#9266,15.5);
#3359=CIRCLE('',#9267,15.);
#3360=CIRCLE('',#9280,1.675);
#3361=CIRCLE('',#9285,5.);
#3362=CIRCLE('',#9286,1.675);
#3363=CIRCLE('',#9290,1.675);
#3364=CIRCLE('',#9301,0.25);
#3365=CIRCLE('',#9302,0.249999999999999);
#3366=CIRCLE('',#9303,0.249999999999999);
#3367=CIRCLE('',#9305,0.25);
#3368=CIRCLE('',#9307,0.250000000000001);
#3369=CIRCLE('',#9309,0.250000000000002);
#3370=CIRCLE('',#9310,1.75);
#3371=CIRCLE('',#9311,1.5);
#3372=CIRCLE('',#9313,0.249999999999998);
#3373=CIRCLE('',#9315,0.249999999999999);
#3374=CIRCLE('',#9316,1.25);
#3375=CIRCLE('',#9317,1.5);
#3376=CIRCLE('',#9319,0.249999999999999);
#3377=CIRCLE('',#9320,1.75);
#3378=CIRCLE('',#9321,1.5);
#3379=CIRCLE('',#9323,0.250000000000001);
#3380=CIRCLE('',#9325,0.25);
#3381=CIRCLE('',#9326,1.75);
#3382=CIRCLE('',#9327,1.5);
#3383=CIRCLE('',#9328,0.250000000000004);
#3384=CIRCLE('',#9330,0.249999999999999);
#3385=CIRCLE('',#9331,2.);
#3386=CIRCLE('',#9332,2.25);
#3387=CIRCLE('',#9334,0.249999999999999);
#3388=CIRCLE('',#9336,0.249999999999999);
#3389=CIRCLE('',#9337,1.);
#3390=CIRCLE('',#9338,0.75);
#3391=CIRCLE('',#9343,0.249999999999999);
#3392=CIRCLE('',#9344,19.6);
#3393=CIRCLE('',#9345,19.35);
#3394=CIRCLE('',#9346,0.249999999999996);
#3395=CIRCLE('',#9347,0.249999999999999);
#3396=CIRCLE('',#9351,0.249999999999997);
#3397=CIRCLE('',#9353,0.25);
#3398=CIRCLE('',#9354,1.75);
#3399=CIRCLE('',#9355,1.5);
#3400=CIRCLE('',#9356,0.249999999999999);
#3401=CIRCLE('',#9357,0.250000000000001);
#3402=CIRCLE('',#9358,0.25);
#3403=CIRCLE('',#9362,0.249999999999999);
#3404=CIRCLE('',#9363,0.25);
#3405=CIRCLE('',#9366,0.249999999999999);
#3406=CIRCLE('',#9368,0.25);
#3407=CIRCLE('',#9369,1.75);
#3408=CIRCLE('',#9370,1.5);
#3409=CIRCLE('',#9373,1.6);
#3410=CIRCLE('',#9383,0.249999999999999);
#3411=CIRCLE('',#9385,0.249999999999999);
#3412=CIRCLE('',#9386,1.);
#3413=CIRCLE('',#9387,0.75);
#3414=CIRCLE('',#9389,0.249999999999999);
#3415=CIRCLE('',#9391,0.249999999999999);
#3416=CIRCLE('',#9392,2.);
#3417=CIRCLE('',#9393,2.25);
#3418=CIRCLE('',#9397,18.);
#3419=CIRCLE('',#9398,18.);
#3420=CIRCLE('',#9399,0.249999999999999);
#3421=CIRCLE('',#9402,2.25);
#3422=CIRCLE('',#9403,2.25);
#3423=CIRCLE('',#9404,1.25);
#3424=CIRCLE('',#9405,2.25);
#3425=CIRCLE('',#9406,2.25);
#3426=CIRCLE('',#9407,2.25);
#3427=CIRCLE('',#9408,1.25);
#3428=CIRCLE('',#9409,1.05);
#3429=CIRCLE('',#9411,0.25);
#3430=CIRCLE('',#9412,0.249999999999999);
#3431=CIRCLE('',#9414,0.249999999999999);
#3432=CIRCLE('',#9415,1.);
#3433=CIRCLE('',#9417,0.249999999999999);
#3434=CIRCLE('',#9419,0.249999999999999);
#3435=CIRCLE('',#9420,2.);
#3436=CIRCLE('',#9422,0.249999999999999);
#3437=CIRCLE('',#9424,0.249999999999999);
#3438=CIRCLE('',#9425,2.);
#3439=CIRCLE('',#9427,0.249999999999999);
#3440=CIRCLE('',#9429,0.249999999999999);
#3441=CIRCLE('',#9430,2.);
#3442=CIRCLE('',#9432,0.249999999999999);
#3443=CIRCLE('',#9434,1.);
#3444=CIRCLE('',#9437,2.);
#3445=CIRCLE('',#9439,0.25);
#3446=CIRCLE('',#9440,0.25);
#3447=CIRCLE('',#9448,0.249999999999999);
#3448=CIRCLE('',#9450,0.25);
#3449=CIRCLE('',#9451,2.);
#3450=CIRCLE('',#9454,1.6);
#3451=CIRCLE('',#9457,2.);
#3452=CIRCLE('',#9460,0.249999999999998);
#3453=CIRCLE('',#9463,0.25);
#3454=CIRCLE('',#9464,0.250000000000005);
#3455=CIRCLE('',#9468,0.25);
#3456=CIRCLE('',#9470,0.249999999999999);
#3457=CIRCLE('',#9472,0.25);
#3458=CIRCLE('',#9473,4.75);
#3459=CIRCLE('',#9474,5.);
#3460=CIRCLE('',#9479,0.250000000000004);
#3461=CIRCLE('',#9480,2.);
#3462=CIRCLE('',#9483,2.);
#3463=CIRCLE('',#9488,1.);
#3464=CIRCLE('',#9489,2.);
#3465=CIRCLE('',#9490,2.);
#3466=CIRCLE('',#9491,1.5);
#3467=CIRCLE('',#9492,1.5);
#3468=CIRCLE('',#9493,1.5);
#3469=CIRCLE('',#9495,0.25);
#3470=CIRCLE('',#9498,0.24999999999997);
#3471=CIRCLE('',#9505,0.250000000000001);
#3472=CIRCLE('',#9506,4.75);
#3473=CIRCLE('',#9507,5.);
#3474=CIRCLE('',#9512,0.249999999999999);
#3475=CIRCLE('',#9514,1.);
#3476=CIRCLE('',#9515,15.5);
#3477=CIRCLE('',#9516,1.5);
#3478=CIRCLE('',#9517,1.5);
#3479=CIRCLE('',#9518,9.5);
#3480=CIRCLE('',#9519,1.);
#3481=CIRCLE('',#9520,1.6);
#3482=CIRCLE('',#9522,0.5);
#3483=CIRCLE('',#9523,0.5);
#3484=CIRCLE('',#9525,5.);
#3485=CIRCLE('',#9531,1.2);
#3486=CIRCLE('',#9532,0.95);
#3487=CIRCLE('',#9533,0.95);
#3488=CIRCLE('',#9535,0.5);
#3489=CIRCLE('',#9536,1.7);
#3490=CIRCLE('',#9537,19.6);
#3491=CIRCLE('',#9539,0.95);
#3492=CIRCLE('',#9541,1.9);
#3493=CIRCLE('',#9542,1.65);
#3494=CIRCLE('',#9543,1.65);
#3495=CIRCLE('',#9545,1.65);
#3496=CIRCLE('',#9547,3.75);
#3497=CIRCLE('',#9550,18.);
#3498=CIRCLE('',#9551,18.);
#3499=CIRCLE('',#9552,3.25);
#3500=CIRCLE('',#9565,0.25);
#3501=CIRCLE('',#9569,0.5);
#3502=CIRCLE('',#9570,2.2);
#3503=CIRCLE('',#9571,19.85);
#3504=CIRCLE('',#9572,0.499999999999998);
#3505=CIRCLE('',#9574,0.25);
#3506=CIRCLE('',#9576,0.25);
#3507=CIRCLE('',#9585,0.25);
#3508=CIRCLE('',#9586,0.249999999999999);
#3509=CIRCLE('',#9587,0.5);
#3510=CIRCLE('',#9588,0.25);
#3511=CIRCLE('',#9590,0.25);
#3512=CIRCLE('',#9591,0.250000000000001);
#3513=CIRCLE('',#9592,0.25);
#3514=CIRCLE('',#9594,0.25);
#3515=CIRCLE('',#9596,0.499999999999998);
#3516=CIRCLE('',#9597,0.25);
#3517=CIRCLE('',#9598,0.249999999999999);
#3518=CIRCLE('',#9599,0.25);
#3519=CIRCLE('',#9601,0.249999999999999);
#3520=CIRCLE('',#9602,0.25);
#3521=CIRCLE('',#9603,0.250000000000001);
#3522=CIRCLE('',#9609,0.25);
#3523=CIRCLE('',#9610,0.249999999999999);
#3524=CIRCLE('',#9611,0.5);
#3525=CIRCLE('',#9612,0.25);
#3526=CIRCLE('',#9615,0.25);
#3527=CIRCLE('',#9616,0.249999999999999);
#3528=CIRCLE('',#9617,0.25);
#3529=CIRCLE('',#9618,0.499999999999998);
#3530=CIRCLE('',#9619,0.25);
#3531=CIRCLE('',#9620,0.249999999999999);
#3532=CIRCLE('',#9621,0.25);
#3533=CIRCLE('',#9623,0.250000000000001);
#3534=CIRCLE('',#9624,0.249999999999999);
#3535=CIRCLE('',#9625,0.5);
#3536=CIRCLE('',#9626,0.25);
#3537=CIRCLE('',#9630,0.25);
#3538=CIRCLE('',#9631,0.249999999999999);
#3539=CIRCLE('',#9632,0.250000000000001);
#3540=CIRCLE('',#9636,1.95);
#3541=CIRCLE('',#9638,0.25);
#3542=CIRCLE('',#9639,0.25);
#3543=CIRCLE('',#9640,0.25);
#3544=CIRCLE('',#9643,19.6);
#3545=CIRCLE('',#9655,1.95);
#3546=CIRCLE('',#9663,19.6);
#3547=CIRCLE('',#9664,19.6);
#3548=CIRCLE('',#9665,19.6);
#3549=CIRCLE('',#9666,19.6);
#3550=CIRCLE('',#9667,19.6);
#3551=CIRCLE('',#9673,0.25);
#3552=CIRCLE('',#9678,0.25);
#3553=CIRCLE('',#9680,0.25);
#3554=CIRCLE('',#9691,1.5);
#3555=CIRCLE('',#9708,0.5);
#3556=CIRCLE('',#9709,0.499999999999999);
#3557=CIRCLE('',#9711,0.5);
#3558=CIRCLE('',#9712,4.25);
#3559=CIRCLE('',#9714,0.5);
#3560=CIRCLE('',#9718,2.);
#3561=CIRCLE('',#9719,2.);
#3562=CIRCLE('',#9722,2.);
#3563=CIRCLE('',#9723,2.);
#3564=CIRCLE('',#9745,1.6);
#3565=CIRCLE('',#9748,1.05);
#3566=CIRCLE('',#9755,1.675);
#3567=CIRCLE('',#9758,0.5);
#3568=CIRCLE('',#9759,10.);
#3569=CIRCLE('',#9760,1.);
#3570=CIRCLE('',#9761,1.);
#3571=CIRCLE('',#9762,15.);
#3572=CIRCLE('',#9763,0.5);
#3573=CIRCLE('',#9765,0.5);
#3574=CIRCLE('',#9766,0.5);
#3575=CIRCLE('',#9768,0.5);
#3576=CIRCLE('',#9769,10.);
#3577=CIRCLE('',#9771,0.5);
#3578=CIRCLE('',#9772,1.);
#3579=CIRCLE('',#9774,0.499999999999998);
#3580=CIRCLE('',#9776,0.5);
#3581=CIRCLE('',#9777,1.);
#3582=CIRCLE('',#9779,15.);
#3583=CIRCLE('',#9792,1.675);
#3584=CIRCLE('',#9797,5.);
#3585=CIRCLE('',#9798,1.675);
#3586=CIRCLE('',#9802,1.675);
#3587=VERTEX_POINT('',#12498);
#3588=VERTEX_POINT('',#12499);
#3589=VERTEX_POINT('',#12501);
#3590=VERTEX_POINT('',#12505);
#3591=VERTEX_POINT('',#12506);
#3592=VERTEX_POINT('',#12511);
#3593=VERTEX_POINT('',#12512);
#3594=VERTEX_POINT('',#12514);
#3595=VERTEX_POINT('',#12516);
#3596=VERTEX_POINT('',#12520);
#3597=VERTEX_POINT('',#12521);
#3598=VERTEX_POINT('',#12526);
#3599=VERTEX_POINT('',#12527);
#3600=VERTEX_POINT('',#12532);
#3601=VERTEX_POINT('',#12533);
#3602=VERTEX_POINT('',#12538);
#3603=VERTEX_POINT('',#12539);
#3604=VERTEX_POINT('',#12544);
#3605=VERTEX_POINT('',#12545);
#3606=VERTEX_POINT('',#12569);
#3607=VERTEX_POINT('',#12570);
#3608=VERTEX_POINT('',#12581);
#3609=VERTEX_POINT('',#12582);
#3610=VERTEX_POINT('',#12587);
#3611=VERTEX_POINT('',#12588);
#3612=VERTEX_POINT('',#12593);
#3613=VERTEX_POINT('',#12594);
#3614=VERTEX_POINT('',#12599);
#3615=VERTEX_POINT('',#12601);
#3616=VERTEX_POINT('',#12608);
#3617=VERTEX_POINT('',#12609);
#3618=VERTEX_POINT('',#12633);
#3619=VERTEX_POINT('',#12638);
#3620=VERTEX_POINT('',#12664);
#3621=VERTEX_POINT('',#12665);
#3622=VERTEX_POINT('',#12670);
#3623=VERTEX_POINT('',#12671);
#3624=VERTEX_POINT('',#12676);
#3625=VERTEX_POINT('',#12677);
#3626=VERTEX_POINT('',#12701);
#3627=VERTEX_POINT('',#12702);
#3628=VERTEX_POINT('',#12732);
#3629=VERTEX_POINT('',#12737);
#3630=VERTEX_POINT('',#12763);
#3631=VERTEX_POINT('',#12764);
#3632=VERTEX_POINT('',#12769);
#3633=VERTEX_POINT('',#12770);
#3634=VERTEX_POINT('',#12794);
#3635=VERTEX_POINT('',#12795);
#3636=VERTEX_POINT('',#12819);
#3637=VERTEX_POINT('',#12820);
#3638=VERTEX_POINT('',#12831);
#3639=VERTEX_POINT('',#12832);
#3640=VERTEX_POINT('',#12851);
#3641=VERTEX_POINT('',#12852);
#3642=VERTEX_POINT('',#12854);
#3643=VERTEX_POINT('',#12856);
#3644=VERTEX_POINT('',#12869);
#3645=VERTEX_POINT('',#12870);
#3646=VERTEX_POINT('',#12875);
#3647=VERTEX_POINT('',#12876);
#3648=VERTEX_POINT('',#12881);
#3649=VERTEX_POINT('',#12882);
#3650=VERTEX_POINT('',#12887);
#3651=VERTEX_POINT('',#12888);
#3652=VERTEX_POINT('',#12893);
#3653=VERTEX_POINT('',#12895);
#3654=VERTEX_POINT('',#12897);
#3655=VERTEX_POINT('',#12899);
#3656=VERTEX_POINT('',#12934);
#3657=VERTEX_POINT('',#12935);
#3658=VERTEX_POINT('',#12937);
#3659=VERTEX_POINT('',#12955);
#3660=VERTEX_POINT('',#12956);
#3661=VERTEX_POINT('',#12958);
#3662=VERTEX_POINT('',#12960);
#3663=VERTEX_POINT('',#12964);
#3664=VERTEX_POINT('',#12965);
#3665=VERTEX_POINT('',#12970);
#3666=VERTEX_POINT('',#12971);
#3667=VERTEX_POINT('',#12976);
#3668=VERTEX_POINT('',#12977);
#3669=VERTEX_POINT('',#12982);
#3670=VERTEX_POINT('',#12983);
#3671=VERTEX_POINT('',#12988);
#3672=VERTEX_POINT('',#12989);
#3673=VERTEX_POINT('',#12994);
#3674=VERTEX_POINT('',#12995);
#3675=VERTEX_POINT('',#13000);
#3676=VERTEX_POINT('',#13001);
#3677=VERTEX_POINT('',#13006);
#3678=VERTEX_POINT('',#13007);
#3679=VERTEX_POINT('',#13015);
#3680=VERTEX_POINT('',#13017);
#3681=VERTEX_POINT('',#13021);
#3682=VERTEX_POINT('',#13025);
#3683=VERTEX_POINT('',#13027);
#3684=VERTEX_POINT('',#13029);
#3685=VERTEX_POINT('',#13031);
#3686=VERTEX_POINT('',#13033);
#3687=VERTEX_POINT('',#13035);
#3688=VERTEX_POINT('',#13038);
#3689=VERTEX_POINT('',#13042);
#3690=VERTEX_POINT('',#13046);
#3691=VERTEX_POINT('',#13048);
#3692=VERTEX_POINT('',#13050);
#3693=VERTEX_POINT('',#13052);
#3694=VERTEX_POINT('',#13054);
#3695=VERTEX_POINT('',#13056);
#3696=VERTEX_POINT('',#13058);
#3697=VERTEX_POINT('',#13062);
#3698=VERTEX_POINT('',#13063);
#3699=VERTEX_POINT('',#13065);
#3700=VERTEX_POINT('',#13067);
#3701=VERTEX_POINT('',#13071);
#3702=VERTEX_POINT('',#13073);
#3703=VERTEX_POINT('',#13077);
#3704=VERTEX_POINT('',#13079);
#3705=VERTEX_POINT('',#13083);
#3706=VERTEX_POINT('',#13087);
#3707=VERTEX_POINT('',#13088);
#3708=VERTEX_POINT('',#13090);
#3709=VERTEX_POINT('',#13092);
#3710=VERTEX_POINT('',#13120);
#3711=VERTEX_POINT('',#13121);
#3712=VERTEX_POINT('',#13126);
#3713=VERTEX_POINT('',#13130);
#3714=VERTEX_POINT('',#13134);
#3715=VERTEX_POINT('',#13136);
#3716=VERTEX_POINT('',#13140);
#3717=VERTEX_POINT('',#13141);
#3718=VERTEX_POINT('',#13146);
#3719=VERTEX_POINT('',#13148);
#3720=VERTEX_POINT('',#13155);
#3721=VERTEX_POINT('',#13156);
#3722=VERTEX_POINT('',#13161);
#3723=VERTEX_POINT('',#13163);
#3724=VERTEX_POINT('',#13167);
#3725=VERTEX_POINT('',#13172);
#3726=VERTEX_POINT('',#13173);
#3727=VERTEX_POINT('',#13175);
#3728=VERTEX_POINT('',#13177);
#3729=VERTEX_POINT('',#13183);
#3730=VERTEX_POINT('',#13184);
#3731=VERTEX_POINT('',#13186);
#3732=VERTEX_POINT('',#13188);
#3733=VERTEX_POINT('',#13192);
#3734=VERTEX_POINT('',#13193);
#3735=VERTEX_POINT('',#13195);
#3736=VERTEX_POINT('',#13197);
#3737=VERTEX_POINT('',#13201);
#3738=VERTEX_POINT('',#13202);
#3739=VERTEX_POINT('',#13204);
#3740=VERTEX_POINT('',#13206);
#3741=VERTEX_POINT('',#13213);
#3742=VERTEX_POINT('',#13214);
#3743=VERTEX_POINT('',#13219);
#3744=VERTEX_POINT('',#13221);
#3745=VERTEX_POINT('',#13228);
#3746=VERTEX_POINT('',#13230);
#3747=VERTEX_POINT('',#13273);
#3748=VERTEX_POINT('',#13291);
#3749=VERTEX_POINT('',#13293);
#3750=VERTEX_POINT('',#13297);
#3751=VERTEX_POINT('',#13299);
#3752=VERTEX_POINT('',#13303);
#3753=VERTEX_POINT('',#13305);
#3754=VERTEX_POINT('',#13310);
#3755=VERTEX_POINT('',#13312);
#3756=VERTEX_POINT('',#13314);
#3757=VERTEX_POINT('',#13316);
#3758=VERTEX_POINT('',#13318);
#3759=VERTEX_POINT('',#13322);
#3760=VERTEX_POINT('',#13324);
#3761=VERTEX_POINT('',#13326);
#3762=VERTEX_POINT('',#13328);
#3763=VERTEX_POINT('',#13330);
#3764=VERTEX_POINT('',#13334);
#3765=VERTEX_POINT('',#13336);
#3766=VERTEX_POINT('',#13338);
#3767=VERTEX_POINT('',#13342);
#3768=VERTEX_POINT('',#13343);
#3769=VERTEX_POINT('',#13345);
#3770=VERTEX_POINT('',#13347);
#3771=VERTEX_POINT('',#13349);
#3772=VERTEX_POINT('',#13351);
#3773=VERTEX_POINT('',#13353);
#3774=VERTEX_POINT('',#13355);
#3775=VERTEX_POINT('',#13359);
#3776=VERTEX_POINT('',#13363);
#3777=VERTEX_POINT('',#13365);
#3778=VERTEX_POINT('',#13367);
#3779=VERTEX_POINT('',#13371);
#3780=VERTEX_POINT('',#13375);
#3781=VERTEX_POINT('',#13376);
#3782=VERTEX_POINT('',#13378);
#3783=VERTEX_POINT('',#13380);
#3784=VERTEX_POINT('',#13384);
#3785=VERTEX_POINT('',#13385);
#3786=VERTEX_POINT('',#13390);
#3787=VERTEX_POINT('',#13392);
#3788=VERTEX_POINT('',#13394);
#3789=VERTEX_POINT('',#13396);
#3790=VERTEX_POINT('',#13398);
#3791=VERTEX_POINT('',#13402);
#3792=VERTEX_POINT('',#13403);
#3793=VERTEX_POINT('',#13405);
#3794=VERTEX_POINT('',#13407);
#3795=VERTEX_POINT('',#13410);
#3796=VERTEX_POINT('',#13413);
#3797=VERTEX_POINT('',#13415);
#3798=VERTEX_POINT('',#13419);
#3799=VERTEX_POINT('',#13423);
#3800=VERTEX_POINT('',#13429);
#3801=VERTEX_POINT('',#13431);
#3802=VERTEX_POINT('',#13435);
#3803=VERTEX_POINT('',#13439);
#3804=VERTEX_POINT('',#13440);
#3805=VERTEX_POINT('',#13442);
#3806=VERTEX_POINT('',#13444);
#3807=VERTEX_POINT('',#13497);
#3808=VERTEX_POINT('',#13498);
#3809=VERTEX_POINT('',#13530);
#3810=VERTEX_POINT('',#13532);
#3811=VERTEX_POINT('',#13536);
#3812=VERTEX_POINT('',#13538);
#3813=VERTEX_POINT('',#13540);
#3814=VERTEX_POINT('',#13542);
#3815=VERTEX_POINT('',#13544);
#3816=VERTEX_POINT('',#13546);
#3817=VERTEX_POINT('',#13548);
#3818=VERTEX_POINT('',#13550);
#3819=VERTEX_POINT('',#13552);
#3820=VERTEX_POINT('',#13554);
#3821=VERTEX_POINT('',#13556);
#3822=VERTEX_POINT('',#13558);
#3823=VERTEX_POINT('',#13560);
#3824=VERTEX_POINT('',#13563);
#3825=VERTEX_POINT('',#13567);
#3826=VERTEX_POINT('',#13569);
#3827=VERTEX_POINT('',#13586);
#3828=VERTEX_POINT('',#13599);
#3829=VERTEX_POINT('',#13606);
#3830=VERTEX_POINT('',#13608);
#3831=VERTEX_POINT('',#13627);
#3832=VERTEX_POINT('',#13628);
#3833=VERTEX_POINT('',#13630);
#3834=VERTEX_POINT('',#13632);
#3835=VERTEX_POINT('',#13637);
#3836=VERTEX_POINT('',#13641);
#3837=VERTEX_POINT('',#13645);
#3838=VERTEX_POINT('',#13666);
#3839=VERTEX_POINT('',#13667);
#3840=VERTEX_POINT('',#13669);
#3841=VERTEX_POINT('',#13671);
#3842=VERTEX_POINT('',#13675);
#3843=VERTEX_POINT('',#13677);
#3844=VERTEX_POINT('',#13681);
#3845=VERTEX_POINT('',#13695);
#3846=VERTEX_POINT('',#13697);
#3847=VERTEX_POINT('',#13699);
#3848=VERTEX_POINT('',#13706);
#3849=VERTEX_POINT('',#13708);
#3850=VERTEX_POINT('',#13720);
#3851=VERTEX_POINT('',#13721);
#3852=VERTEX_POINT('',#13723);
#3853=VERTEX_POINT('',#13725);
#3854=VERTEX_POINT('',#13729);
#3855=VERTEX_POINT('',#13731);
#3856=VERTEX_POINT('',#13733);
#3857=VERTEX_POINT('',#13742);
#3858=VERTEX_POINT('',#13744);
#3859=VERTEX_POINT('',#13748);
#3860=VERTEX_POINT('',#13765);
#3861=VERTEX_POINT('',#13784);
#3862=VERTEX_POINT('',#13801);
#3863=VERTEX_POINT('',#13803);
#3864=VERTEX_POINT('',#13817);
#3865=VERTEX_POINT('',#13826);
#3866=VERTEX_POINT('',#13827);
#3867=VERTEX_POINT('',#13841);
#3868=VERTEX_POINT('',#13843);
#3869=VERTEX_POINT('',#13845);
#3870=VERTEX_POINT('',#13858);
#3871=VERTEX_POINT('',#13885);
#3872=VERTEX_POINT('',#13887);
#3873=VERTEX_POINT('',#13889);
#3874=VERTEX_POINT('',#13900);
#3875=VERTEX_POINT('',#13902);
#3876=VERTEX_POINT('',#13911);
#3877=VERTEX_POINT('',#13918);
#3878=VERTEX_POINT('',#13920);
#3879=VERTEX_POINT('',#13922);
#3880=VERTEX_POINT('',#13924);
#3881=VERTEX_POINT('',#13926);
#3882=VERTEX_POINT('',#13936);
#3883=VERTEX_POINT('',#13939);
#3884=VERTEX_POINT('',#13952);
#3885=VERTEX_POINT('',#13956);
#3886=VERTEX_POINT('',#13964);
#3887=VERTEX_POINT('',#13979);
#3888=VERTEX_POINT('',#13983);
#3889=VERTEX_POINT('',#13987);
#3890=VERTEX_POINT('',#13991);
#3891=VERTEX_POINT('',#13992);
#3892=VERTEX_POINT('',#13994);
#3893=VERTEX_POINT('',#13996);
#3894=VERTEX_POINT('',#14001);
#3895=VERTEX_POINT('',#14024);
#3896=VERTEX_POINT('',#14025);
#3897=VERTEX_POINT('',#14027);
#3898=VERTEX_POINT('',#14065);
#3899=VERTEX_POINT('',#14073);
#3900=VERTEX_POINT('',#14107);
#3901=VERTEX_POINT('',#14109);
#3902=VERTEX_POINT('',#14117);
#3903=VERTEX_POINT('',#14119);
#3904=VERTEX_POINT('',#14136);
#3905=VERTEX_POINT('',#14138);
#3906=VERTEX_POINT('',#14151);
#3907=VERTEX_POINT('',#14153);
#3908=VERTEX_POINT('',#14189);
#3909=VERTEX_POINT('',#14191);
#3910=VERTEX_POINT('',#14193);
#3911=VERTEX_POINT('',#14195);
#3912=VERTEX_POINT('',#14235);
#3913=VERTEX_POINT('',#14246);
#3914=VERTEX_POINT('',#14248);
#3915=VERTEX_POINT('',#14252);
#3916=VERTEX_POINT('',#14256);
#3917=VERTEX_POINT('',#14263);
#3918=VERTEX_POINT('',#14265);
#3919=VERTEX_POINT('',#14269);
#3920=VERTEX_POINT('',#14273);
#3921=VERTEX_POINT('',#14277);
#3922=VERTEX_POINT('',#14279);
#3923=VERTEX_POINT('',#14283);
#3924=VERTEX_POINT('',#14295);
#3925=VERTEX_POINT('',#14298);
#3926=VERTEX_POINT('',#14354);
#3927=VERTEX_POINT('',#14360);
#3928=VERTEX_POINT('',#14364);
#3929=VERTEX_POINT('',#14371);
#3930=VERTEX_POINT('',#14375);
#3931=VERTEX_POINT('',#14377);
#3932=VERTEX_POINT('',#14381);
#3933=VERTEX_POINT('',#14395);
#3934=VERTEX_POINT('',#14396);
#3935=VERTEX_POINT('',#14398);
#3936=VERTEX_POINT('',#14400);
#3937=VERTEX_POINT('',#14404);
#3938=VERTEX_POINT('',#14406);
#3939=VERTEX_POINT('',#14410);
#3940=VERTEX_POINT('',#14411);
#3941=VERTEX_POINT('',#14414);
#3942=VERTEX_POINT('',#14420);
#3943=VERTEX_POINT('',#14423);
#3944=VERTEX_POINT('',#14428);
#3945=VERTEX_POINT('',#14429);
#3946=VERTEX_POINT('',#14431);
#3947=VERTEX_POINT('',#14433);
#3948=VERTEX_POINT('',#14435);
#3949=VERTEX_POINT('',#14437);
#3950=VERTEX_POINT('',#14439);
#3951=VERTEX_POINT('',#14441);
#3952=VERTEX_POINT('',#14445);
#3953=VERTEX_POINT('',#14447);
#3954=VERTEX_POINT('',#14451);
#3955=VERTEX_POINT('',#14452);
#3956=VERTEX_POINT('',#14457);
#3957=VERTEX_POINT('',#14458);
#3958=VERTEX_POINT('',#14463);
#3959=VERTEX_POINT('',#14464);
#3960=VERTEX_POINT('',#14469);
#3961=VERTEX_POINT('',#14470);
#3962=VERTEX_POINT('',#14493);
#3963=VERTEX_POINT('',#14495);
#3964=VERTEX_POINT('',#14499);
#3965=VERTEX_POINT('',#14503);
#3966=VERTEX_POINT('',#14509);
#3967=VERTEX_POINT('',#14512);
#3968=VERTEX_POINT('',#14516);
#3969=VERTEX_POINT('',#14518);
#3970=VERTEX_POINT('',#14522);
#3971=VERTEX_POINT('',#14524);
#3972=VERTEX_POINT('',#14528);
#3973=VERTEX_POINT('',#14530);
#3974=VERTEX_POINT('',#14533);
#3975=VERTEX_POINT('',#14540);
#3976=VERTEX_POINT('',#14549);
#3977=VERTEX_POINT('',#14553);
#3978=VERTEX_POINT('',#14557);
#3979=VERTEX_POINT('',#14561);
#3980=VERTEX_POINT('',#14568);
#3981=VERTEX_POINT('',#14569);
#3982=VERTEX_POINT('',#14571);
#3983=VERTEX_POINT('',#14575);
#3984=VERTEX_POINT('',#14576);
#3985=VERTEX_POINT('',#14581);
#3986=VERTEX_POINT('',#14583);
#3987=VERTEX_POINT('',#14587);
#3988=VERTEX_POINT('',#14588);
#3989=VERTEX_POINT('',#14593);
#3990=VERTEX_POINT('',#14594);
#3991=VERTEX_POINT('',#14599);
#3992=VERTEX_POINT('',#14600);
#3993=VERTEX_POINT('',#14605);
#3994=VERTEX_POINT('',#14606);
#3995=VERTEX_POINT('',#14611);
#3996=VERTEX_POINT('',#14612);
#3997=VERTEX_POINT('',#14617);
#3998=VERTEX_POINT('',#14618);
#3999=VERTEX_POINT('',#14642);
#4000=VERTEX_POINT('',#14643);
#4001=VERTEX_POINT('',#14654);
#4002=VERTEX_POINT('',#14655);
#4003=VERTEX_POINT('',#14660);
#4004=VERTEX_POINT('',#14661);
#4005=VERTEX_POINT('',#14666);
#4006=VERTEX_POINT('',#14667);
#4007=VERTEX_POINT('',#14672);
#4008=VERTEX_POINT('',#14674);
#4009=VERTEX_POINT('',#14681);
#4010=VERTEX_POINT('',#14682);
#4011=VERTEX_POINT('',#14706);
#4012=VERTEX_POINT('',#14711);
#4013=VERTEX_POINT('',#14737);
#4014=VERTEX_POINT('',#14738);
#4015=VERTEX_POINT('',#14743);
#4016=VERTEX_POINT('',#14744);
#4017=VERTEX_POINT('',#14749);
#4018=VERTEX_POINT('',#14750);
#4019=VERTEX_POINT('',#14774);
#4020=VERTEX_POINT('',#14775);
#4021=VERTEX_POINT('',#14805);
#4022=VERTEX_POINT('',#14810);
#4023=VERTEX_POINT('',#14836);
#4024=VERTEX_POINT('',#14837);
#4025=VERTEX_POINT('',#14842);
#4026=VERTEX_POINT('',#14843);
#4027=VERTEX_POINT('',#14867);
#4028=VERTEX_POINT('',#14868);
#4029=VERTEX_POINT('',#14892);
#4030=VERTEX_POINT('',#14893);
#4031=VERTEX_POINT('',#14904);
#4032=VERTEX_POINT('',#14905);
#4033=VERTEX_POINT('',#14915);
#4034=VERTEX_POINT('',#14917);
#4035=VERTEX_POINT('',#14919);
#4036=VERTEX_POINT('',#14921);
#4037=VERTEX_POINT('',#14923);
#4038=VERTEX_POINT('',#14925);
#4039=VERTEX_POINT('',#14928);
#4040=VERTEX_POINT('',#14946);
#4041=VERTEX_POINT('',#14947);
#4042=VERTEX_POINT('',#14949);
#4043=VERTEX_POINT('',#14951);
#4044=VERTEX_POINT('',#14964);
#4045=VERTEX_POINT('',#14965);
#4046=VERTEX_POINT('',#14970);
#4047=VERTEX_POINT('',#14971);
#4048=VERTEX_POINT('',#14976);
#4049=VERTEX_POINT('',#14977);
#4050=VERTEX_POINT('',#14982);
#4051=VERTEX_POINT('',#14983);
#4052=VERTEX_POINT('',#14988);
#4053=VERTEX_POINT('',#14990);
#4054=VERTEX_POINT('',#14992);
#4055=VERTEX_POINT('',#14994);
#4056=VERTEX_POINT('',#15029);
#4057=VERTEX_POINT('',#15030);
#4058=VERTEX_POINT('',#15032);
#4059=VERTEX_POINT('',#15053);
#4060=VERTEX_POINT('',#15055);
#4061=VERTEX_POINT('',#15057);
#4062=VERTEX_POINT('',#15059);
#4063=VERTEX_POINT('',#15068);
#4064=VERTEX_POINT('',#15070);
#4065=VERTEX_POINT('',#15072);
#4066=VERTEX_POINT('',#15074);
#4067=VERTEX_POINT('',#15076);
#4068=VERTEX_POINT('',#15078);
#4069=VERTEX_POINT('',#15080);
#4070=VERTEX_POINT('',#15082);
#4071=VERTEX_POINT('',#15084);
#4072=VERTEX_POINT('',#15086);
#4073=VERTEX_POINT('',#15088);
#4074=VERTEX_POINT('',#15090);
#4075=VERTEX_POINT('',#15093);
#4076=VERTEX_POINT('',#15095);
#4077=VERTEX_POINT('',#15097);
#4078=VERTEX_POINT('',#15100);
#4079=VERTEX_POINT('',#15101);
#4080=VERTEX_POINT('',#15103);
#4081=VERTEX_POINT('',#15105);
#4082=VERTEX_POINT('',#15107);
#4083=VERTEX_POINT('',#15109);
#4084=VERTEX_POINT('',#15111);
#4085=VERTEX_POINT('',#15113);
#4086=VERTEX_POINT('',#15115);
#4087=VERTEX_POINT('',#15117);
#4088=VERTEX_POINT('',#15120);
#4089=VERTEX_POINT('',#15123);
#4090=VERTEX_POINT('',#15125);
#4091=VERTEX_POINT('',#15129);
#4092=VERTEX_POINT('',#15133);
#4093=VERTEX_POINT('',#15137);
#4094=VERTEX_POINT('',#15141);
#4095=VERTEX_POINT('',#15145);
#4096=VERTEX_POINT('',#15149);
#4097=VERTEX_POINT('',#15153);
#4098=VERTEX_POINT('',#15157);
#4099=VERTEX_POINT('',#15163);
#4100=VERTEX_POINT('',#15165);
#4101=VERTEX_POINT('',#15169);
#4102=VERTEX_POINT('',#15173);
#4103=VERTEX_POINT('',#15176);
#4104=VERTEX_POINT('',#15178);
#4105=VERTEX_POINT('',#15180);
#4106=VERTEX_POINT('',#15182);
#4107=VERTEX_POINT('',#15184);
#4108=VERTEX_POINT('',#15186);
#4109=VERTEX_POINT('',#15190);
#4110=VERTEX_POINT('',#15194);
#4111=VERTEX_POINT('',#15196);
#4112=VERTEX_POINT('',#15198);
#4113=VERTEX_POINT('',#15200);
#4114=VERTEX_POINT('',#15202);
#4115=VERTEX_POINT('',#15204);
#4116=VERTEX_POINT('',#15206);
#4117=VERTEX_POINT('',#15210);
#4118=VERTEX_POINT('',#15214);
#4119=VERTEX_POINT('',#15218);
#4120=VERTEX_POINT('',#15224);
#4121=VERTEX_POINT('',#15226);
#4122=VERTEX_POINT('',#15229);
#4123=VERTEX_POINT('',#15232);
#4124=VERTEX_POINT('',#15236);
#4125=VERTEX_POINT('',#15242);
#4126=VERTEX_POINT('',#15243);
#4127=VERTEX_POINT('',#15272);
#4128=VERTEX_POINT('',#15273);
#4129=VERTEX_POINT('',#15278);
#4130=VERTEX_POINT('',#15282);
#4131=VERTEX_POINT('',#15286);
#4132=VERTEX_POINT('',#15290);
#4133=VERTEX_POINT('',#15291);
#4134=VERTEX_POINT('',#15296);
#4135=VERTEX_POINT('',#15298);
#4136=VERTEX_POINT('',#15305);
#4137=VERTEX_POINT('',#15311);
#4138=VERTEX_POINT('',#15313);
#4139=VERTEX_POINT('',#15317);
#4140=VERTEX_POINT('',#15322);
#4141=VERTEX_POINT('',#15323);
#4142=VERTEX_POINT('',#15325);
#4143=VERTEX_POINT('',#15327);
#4144=VERTEX_POINT('',#15333);
#4145=VERTEX_POINT('',#15335);
#4146=VERTEX_POINT('',#15337);
#4147=VERTEX_POINT('',#15339);
#4148=VERTEX_POINT('',#15342);
#4149=VERTEX_POINT('',#15344);
#4150=VERTEX_POINT('',#15347);
#4151=VERTEX_POINT('',#15352);
#4152=VERTEX_POINT('',#15353);
#4153=VERTEX_POINT('',#15355);
#4154=VERTEX_POINT('',#15357);
#4155=VERTEX_POINT('',#15361);
#4156=VERTEX_POINT('',#15362);
#4157=VERTEX_POINT('',#15364);
#4158=VERTEX_POINT('',#15366);
#4159=VERTEX_POINT('',#15370);
#4160=VERTEX_POINT('',#15371);
#4161=VERTEX_POINT('',#15373);
#4162=VERTEX_POINT('',#15375);
#4163=VERTEX_POINT('',#15382);
#4164=VERTEX_POINT('',#15387);
#4165=VERTEX_POINT('',#15394);
#4166=VERTEX_POINT('',#15447);
#4167=VERTEX_POINT('',#15450);
#4168=VERTEX_POINT('',#15452);
#4169=VERTEX_POINT('',#15454);
#4170=VERTEX_POINT('',#15456);
#4171=VERTEX_POINT('',#15458);
#4172=VERTEX_POINT('',#15460);
#4173=VERTEX_POINT('',#15463);
#4174=VERTEX_POINT('',#15466);
#4175=VERTEX_POINT('',#15470);
#4176=VERTEX_POINT('',#15474);
#4177=VERTEX_POINT('',#15476);
#4178=VERTEX_POINT('',#15480);
#4179=VERTEX_POINT('',#15482);
#4180=VERTEX_POINT('',#15484);
#4181=VERTEX_POINT('',#15486);
#4182=VERTEX_POINT('',#15488);
#4183=VERTEX_POINT('',#15493);
#4184=VERTEX_POINT('',#15495);
#4185=VERTEX_POINT('',#15497);
#4186=VERTEX_POINT('',#15499);
#4187=VERTEX_POINT('',#15501);
#4188=VERTEX_POINT('',#15505);
#4189=VERTEX_POINT('',#15507);
#4190=VERTEX_POINT('',#15509);
#4191=VERTEX_POINT('',#15513);
#4192=VERTEX_POINT('',#15514);
#4193=VERTEX_POINT('',#15516);
#4194=VERTEX_POINT('',#15518);
#4195=VERTEX_POINT('',#15520);
#4196=VERTEX_POINT('',#15522);
#4197=VERTEX_POINT('',#15524);
#4198=VERTEX_POINT('',#15526);
#4199=VERTEX_POINT('',#15530);
#4200=VERTEX_POINT('',#15534);
#4201=VERTEX_POINT('',#15536);
#4202=VERTEX_POINT('',#15538);
#4203=VERTEX_POINT('',#15542);
#4204=VERTEX_POINT('',#15546);
#4205=VERTEX_POINT('',#15547);
#4206=VERTEX_POINT('',#15549);
#4207=VERTEX_POINT('',#15551);
#4208=VERTEX_POINT('',#15555);
#4209=VERTEX_POINT('',#15559);
#4210=VERTEX_POINT('',#15561);
#4211=VERTEX_POINT('',#15563);
#4212=VERTEX_POINT('',#15565);
#4213=VERTEX_POINT('',#15567);
#4214=VERTEX_POINT('',#15570);
#4215=VERTEX_POINT('',#15571);
#4216=VERTEX_POINT('',#15573);
#4217=VERTEX_POINT('',#15575);
#4218=VERTEX_POINT('',#15578);
#4219=VERTEX_POINT('',#15581);
#4220=VERTEX_POINT('',#15583);
#4221=VERTEX_POINT('',#15587);
#4222=VERTEX_POINT('',#15591);
#4223=VERTEX_POINT('',#15597);
#4224=VERTEX_POINT('',#15599);
#4225=VERTEX_POINT('',#15603);
#4226=VERTEX_POINT('',#15607);
#4227=VERTEX_POINT('',#15608);
#4228=VERTEX_POINT('',#15610);
#4229=VERTEX_POINT('',#15612);
#4230=VERTEX_POINT('',#15665);
#4231=VERTEX_POINT('',#15666);
#4232=VERTEX_POINT('',#15698);
#4233=VERTEX_POINT('',#15700);
#4234=VERTEX_POINT('',#15704);
#4235=VERTEX_POINT('',#15706);
#4236=VERTEX_POINT('',#15708);
#4237=VERTEX_POINT('',#15710);
#4238=VERTEX_POINT('',#15712);
#4239=VERTEX_POINT('',#15714);
#4240=VERTEX_POINT('',#15716);
#4241=VERTEX_POINT('',#15718);
#4242=VERTEX_POINT('',#15720);
#4243=VERTEX_POINT('',#15722);
#4244=VERTEX_POINT('',#15724);
#4245=VERTEX_POINT('',#15726);
#4246=VERTEX_POINT('',#15728);
#4247=VERTEX_POINT('',#15731);
#4248=VERTEX_POINT('',#15735);
#4249=VERTEX_POINT('',#15737);
#4250=VERTEX_POINT('',#15754);
#4251=VERTEX_POINT('',#15767);
#4252=VERTEX_POINT('',#15774);
#4253=VERTEX_POINT('',#15776);
#4254=VERTEX_POINT('',#15795);
#4255=VERTEX_POINT('',#15796);
#4256=VERTEX_POINT('',#15798);
#4257=VERTEX_POINT('',#15800);
#4258=VERTEX_POINT('',#15805);
#4259=VERTEX_POINT('',#15809);
#4260=VERTEX_POINT('',#15813);
#4261=VERTEX_POINT('',#15834);
#4262=VERTEX_POINT('',#15835);
#4263=VERTEX_POINT('',#15837);
#4264=VERTEX_POINT('',#15839);
#4265=VERTEX_POINT('',#15843);
#4266=VERTEX_POINT('',#15845);
#4267=VERTEX_POINT('',#15849);
#4268=VERTEX_POINT('',#15863);
#4269=VERTEX_POINT('',#15865);
#4270=VERTEX_POINT('',#15867);
#4271=VERTEX_POINT('',#15874);
#4272=VERTEX_POINT('',#15876);
#4273=VERTEX_POINT('',#15888);
#4274=VERTEX_POINT('',#15889);
#4275=VERTEX_POINT('',#15891);
#4276=VERTEX_POINT('',#15893);
#4277=VERTEX_POINT('',#15897);
#4278=VERTEX_POINT('',#15899);
#4279=VERTEX_POINT('',#15901);
#4280=VERTEX_POINT('',#15910);
#4281=VERTEX_POINT('',#15912);
#4282=VERTEX_POINT('',#15916);
#4283=VERTEX_POINT('',#15933);
#4284=VERTEX_POINT('',#15952);
#4285=VERTEX_POINT('',#15969);
#4286=VERTEX_POINT('',#15971);
#4287=VERTEX_POINT('',#15985);
#4288=VERTEX_POINT('',#15994);
#4289=VERTEX_POINT('',#15995);
#4290=VERTEX_POINT('',#16009);
#4291=VERTEX_POINT('',#16011);
#4292=VERTEX_POINT('',#16013);
#4293=VERTEX_POINT('',#16026);
#4294=VERTEX_POINT('',#16053);
#4295=VERTEX_POINT('',#16055);
#4296=VERTEX_POINT('',#16057);
#4297=VERTEX_POINT('',#16068);
#4298=VERTEX_POINT('',#16070);
#4299=VERTEX_POINT('',#16072);
#4300=VERTEX_POINT('',#16088);
#4301=VERTEX_POINT('',#16091);
#4302=VERTEX_POINT('',#16093);
#4303=VERTEX_POINT('',#16095);
#4304=VERTEX_POINT('',#16105);
#4305=VERTEX_POINT('',#16107);
#4306=VERTEX_POINT('',#16109);
#4307=VERTEX_POINT('',#16120);
#4308=VERTEX_POINT('',#16124);
#4309=VERTEX_POINT('',#16132);
#4310=VERTEX_POINT('',#16151);
#4311=VERTEX_POINT('',#16176);
#4312=VERTEX_POINT('',#16177);
#4313=VERTEX_POINT('',#16179);
#4314=VERTEX_POINT('',#16192);
#4315=VERTEX_POINT('',#16194);
#4316=VERTEX_POINT('',#16259);
#4317=VERTEX_POINT('',#16261);
#4318=VERTEX_POINT('',#16276);
#4319=VERTEX_POINT('',#16278);
#4320=VERTEX_POINT('',#16288);
#4321=VERTEX_POINT('',#16290);
#4322=VERTEX_POINT('',#16303);
#4323=VERTEX_POINT('',#16305);
#4324=VERTEX_POINT('',#16341);
#4325=VERTEX_POINT('',#16343);
#4326=VERTEX_POINT('',#16356);
#4327=VERTEX_POINT('',#16364);
#4328=VERTEX_POINT('',#16387);
#4329=VERTEX_POINT('',#16398);
#4330=VERTEX_POINT('',#16400);
#4331=VERTEX_POINT('',#16404);
#4332=VERTEX_POINT('',#16408);
#4333=VERTEX_POINT('',#16415);
#4334=VERTEX_POINT('',#16417);
#4335=VERTEX_POINT('',#16421);
#4336=VERTEX_POINT('',#16425);
#4337=VERTEX_POINT('',#16429);
#4338=VERTEX_POINT('',#16431);
#4339=VERTEX_POINT('',#16435);
#4340=VERTEX_POINT('',#16448);
#4341=VERTEX_POINT('',#16451);
#4342=VERTEX_POINT('',#16506);
#4343=VERTEX_POINT('',#16512);
#4344=VERTEX_POINT('',#16516);
#4345=VERTEX_POINT('',#16539);
#4346=VERTEX_POINT('',#16541);
#4347=VERTEX_POINT('',#16548);
#4348=VERTEX_POINT('',#16551);
#4349=VERTEX_POINT('',#16568);
#4350=VERTEX_POINT('',#16573);
#4351=VERTEX_POINT('',#16575);
#4352=VERTEX_POINT('',#16577);
#4353=VERTEX_POINT('',#16579);
#4354=VERTEX_POINT('',#16581);
#4355=VERTEX_POINT('',#16583);
#4356=VERTEX_POINT('',#16587);
#4357=VERTEX_POINT('',#16591);
#4358=VERTEX_POINT('',#16595);
#4359=VERTEX_POINT('',#16599);
#4360=VERTEX_POINT('',#16603);
#4361=VERTEX_POINT('',#16622);
#4362=VERTEX_POINT('',#16624);
#4363=VERTEX_POINT('',#16628);
#4364=VERTEX_POINT('',#16632);
#4365=VERTEX_POINT('',#16638);
#4366=VERTEX_POINT('',#16643);
#4367=VERTEX_POINT('',#16647);
#4368=VERTEX_POINT('',#16651);
#4369=VERTEX_POINT('',#16654);
#4370=VERTEX_POINT('',#16660);
#4371=VERTEX_POINT('',#16669);
#4372=VERTEX_POINT('',#16673);
#4373=VERTEX_POINT('',#16677);
#4374=VERTEX_POINT('',#16681);
#4375=EDGE_CURVE('',#3587,#3588,#3145,.F.);
#4376=EDGE_CURVE('',#3588,#3589,#3146,.F.);
#4377=EDGE_CURVE('',#3589,#3587,#3147,.F.);
#4378=EDGE_CURVE('',#3590,#3591,#3148,.F.);
#4379=EDGE_CURVE('',#3587,#3590,#504,.T.);
#4380=EDGE_CURVE('',#3591,#3589,#505,.T.);
#4381=EDGE_CURVE('',#3592,#3593,#3149,.T.);
#4382=EDGE_CURVE('',#3594,#3592,#3150,.T.);
#4383=EDGE_CURVE('',#3594,#3595,#3151,.T.);
#4384=EDGE_CURVE('',#3593,#3595,#3152,.T.);
#4385=EDGE_CURVE('',#3596,#3597,#3153,.T.);
#4386=EDGE_CURVE('',#3592,#3596,#506,.T.);
#4387=EDGE_CURVE('',#3597,#3593,#507,.T.);
#4388=EDGE_CURVE('',#3598,#3599,#3154,.T.);
#4389=EDGE_CURVE('',#3596,#3598,#3155,.T.);
#4390=EDGE_CURVE('',#3599,#3597,#3156,.T.);
#4391=EDGE_CURVE('',#3600,#3601,#3157,.T.);
#4392=EDGE_CURVE('',#3598,#3600,#3158,.T.);
#4393=EDGE_CURVE('',#3601,#3599,#3159,.T.);
#4394=EDGE_CURVE('',#3602,#3603,#3160,.T.);
#4395=EDGE_CURVE('',#3600,#3602,#508,.T.);
#4396=EDGE_CURVE('',#3603,#3601,#509,.T.);
#4397=EDGE_CURVE('',#3604,#3605,#3161,.T.);
#4398=EDGE_CURVE('',#3602,#3604,#3162,.T.);
#4399=EDGE_CURVE('',#3605,#3603,#3163,.T.);
#4400=EDGE_CURVE('',#3606,#3607,#3164,.T.);
#4401=EDGE_CURVE('',#3604,#3606,#312,.T.);
#4402=EDGE_CURVE('',#3607,#3605,#313,.T.);
#4403=EDGE_CURVE('',#3608,#3609,#3165,.T.);
#4404=EDGE_CURVE('',#3606,#3608,#3166,.T.);
#4405=EDGE_CURVE('',#3609,#3607,#3167,.T.);
#4406=EDGE_CURVE('',#3610,#3611,#3168,.T.);
#4407=EDGE_CURVE('',#3608,#3610,#510,.T.);
#4408=EDGE_CURVE('',#3611,#3609,#511,.T.);
#4409=EDGE_CURVE('',#3612,#3613,#3169,.T.);
#4410=EDGE_CURVE('',#3610,#3612,#3170,.T.);
#4411=EDGE_CURVE('',#3613,#3611,#3171,.T.);
#4412=EDGE_CURVE('',#3614,#3613,#512,.T.);
#4413=EDGE_CURVE('',#3615,#3614,#226,.T.);
#4414=EDGE_CURVE('',#3612,#3615,#513,.T.);
#4415=EDGE_CURVE('',#3615,#3588,#514,.T.);
#4416=EDGE_CURVE('',#3589,#3614,#515,.T.);
#4417=EDGE_CURVE('',#3616,#3617,#3172,.T.);
#4418=EDGE_CURVE('',#3588,#3616,#3173,.T.);
#4419=EDGE_CURVE('',#3617,#3587,#3174,.T.);
#4420=EDGE_CURVE('',#3618,#3617,#314,.T.);
#4421=EDGE_CURVE('',#3619,#3618,#3175,.T.);
#4422=EDGE_CURVE('',#3616,#3619,#315,.T.);
#4423=EDGE_CURVE('',#3620,#3621,#3176,.T.);
#4424=EDGE_CURVE('',#3619,#3620,#227,.T.);
#4425=EDGE_CURVE('',#3621,#3618,#228,.T.);
#4426=EDGE_CURVE('',#3622,#3623,#3177,.T.);
#4427=EDGE_CURVE('',#3620,#3622,#516,.T.);
#4428=EDGE_CURVE('',#3623,#3621,#517,.T.);
#4429=EDGE_CURVE('',#3624,#3625,#3178,.T.);
#4430=EDGE_CURVE('',#3622,#3624,#3179,.T.);
#4431=EDGE_CURVE('',#3625,#3623,#3180,.T.);
#4432=EDGE_CURVE('',#3626,#3627,#3181,.T.);
#4433=EDGE_CURVE('',#3624,#3626,#316,.T.);
#4434=EDGE_CURVE('',#3627,#3625,#317,.T.);
#4435=EDGE_CURVE('',#3628,#3627,#318,.T.);
#4436=EDGE_CURVE('',#3629,#3628,#3182,.T.);
#4437=EDGE_CURVE('',#3626,#3629,#319,.T.);
#4438=EDGE_CURVE('',#3630,#3631,#3183,.T.);
#4439=EDGE_CURVE('',#3629,#3630,#229,.T.);
#4440=EDGE_CURVE('',#3631,#3628,#230,.T.);
#4441=EDGE_CURVE('',#3632,#3633,#3184,.T.);
#4442=EDGE_CURVE('',#3630,#3632,#518,.T.);
#4443=EDGE_CURVE('',#3633,#3631,#519,.T.);
#4444=EDGE_CURVE('',#3634,#3635,#3185,.T.);
#4445=EDGE_CURVE('',#3632,#3634,#231,.T.);
#4446=EDGE_CURVE('',#3635,#3633,#232,.T.);
#4447=EDGE_CURVE('',#3636,#3637,#3186,.T.);
#4448=EDGE_CURVE('',#3634,#3636,#320,.T.);
#4449=EDGE_CURVE('',#3637,#3635,#321,.T.);
#4450=EDGE_CURVE('',#3638,#3639,#3187,.T.);
#4451=EDGE_CURVE('',#3636,#3638,#3188,.T.);
#4452=EDGE_CURVE('',#3639,#3637,#3189,.T.);
#4453=EDGE_CURVE('',#3616,#3606,#520,.T.);
#4454=EDGE_CURVE('',#3602,#3619,#521,.T.);
#4455=EDGE_CURVE('',#3622,#3600,#522,.T.);
#4456=EDGE_CURVE('',#3626,#3598,#523,.T.);
#4457=EDGE_CURVE('',#3596,#3629,#524,.T.);
#4458=EDGE_CURVE('',#3634,#3592,#525,.T.);
#4459=EDGE_CURVE('',#3594,#3638,#526,.T.);
#4460=EDGE_CURVE('',#3640,#3641,#3190,.T.);
#4461=EDGE_CURVE('',#3642,#3640,#527,.T.);
#4462=EDGE_CURVE('',#3643,#3642,#322,.F.);
#4463=EDGE_CURVE('',#3641,#3643,#528,.T.);
#4464=EDGE_CURVE('',#3644,#3645,#3191,.T.);
#4465=EDGE_CURVE('',#3640,#3644,#3192,.T.);
#4466=EDGE_CURVE('',#3645,#3641,#3193,.T.);
#4467=EDGE_CURVE('',#3646,#3647,#3194,.T.);
#4468=EDGE_CURVE('',#3644,#3646,#529,.T.);
#4469=EDGE_CURVE('',#3647,#3645,#530,.T.);
#4470=EDGE_CURVE('',#3648,#3649,#3195,.T.);
#4471=EDGE_CURVE('',#3646,#3648,#3196,.T.);
#4472=EDGE_CURVE('',#3649,#3647,#3197,.T.);
#4473=EDGE_CURVE('',#3650,#3651,#233,.F.);
#4474=EDGE_CURVE('',#3648,#3650,#531,.T.);
#4475=EDGE_CURVE('',#3651,#3649,#532,.T.);
#4476=EDGE_CURVE('',#3650,#3652,#533,.F.);
#4477=EDGE_CURVE('',#3653,#3652,#534,.T.);
#4478=EDGE_CURVE('',#3654,#3653,#3198,.T.);
#4479=EDGE_CURVE('',#3655,#3654,#535,.T.);
#4480=EDGE_CURVE('',#3642,#3655,#3199,.T.);
#4481=EDGE_CURVE('',#3656,#3657,#3200,.T.);
#4482=EDGE_CURVE('',#3658,#3656,#323,.T.);
#4483=EDGE_CURVE('',#3657,#3658,#324,.T.);
#4484=EDGE_CURVE('',#3659,#3660,#3201,.T.);
#4485=EDGE_CURVE('',#3661,#3659,#536,.T.);
#4486=EDGE_CURVE('',#3662,#3661,#3202,.T.);
#4487=EDGE_CURVE('',#3660,#3662,#537,.T.);
#4488=EDGE_CURVE('',#3663,#3664,#3203,.T.);
#4489=EDGE_CURVE('',#3662,#3663,#3204,.T.);
#4490=EDGE_CURVE('',#3664,#3661,#3205,.T.);
#4491=EDGE_CURVE('',#3665,#3666,#3206,.T.);
#4492=EDGE_CURVE('',#3663,#3665,#538,.T.);
#4493=EDGE_CURVE('',#3666,#3664,#539,.T.);
#4494=EDGE_CURVE('',#3667,#3668,#3207,.T.);
#4495=EDGE_CURVE('',#3665,#3667,#3208,.T.);
#4496=EDGE_CURVE('',#3668,#3666,#3209,.T.);
#4497=EDGE_CURVE('',#3669,#3670,#3210,.T.);
#4498=EDGE_CURVE('',#3667,#3669,#540,.T.);
#4499=EDGE_CURVE('',#3670,#3668,#541,.T.);
#4500=EDGE_CURVE('',#3671,#3672,#3211,.T.);
#4501=EDGE_CURVE('',#3669,#3671,#3212,.T.);
#4502=EDGE_CURVE('',#3672,#3670,#3213,.T.);
#4503=EDGE_CURVE('',#3673,#3674,#3214,.T.);
#4504=EDGE_CURVE('',#3671,#3673,#542,.T.);
#4505=EDGE_CURVE('',#3674,#3672,#543,.T.);
#4506=EDGE_CURVE('',#3675,#3676,#3215,.T.);
#4507=EDGE_CURVE('',#3673,#3675,#3216,.T.);
#4508=EDGE_CURVE('',#3676,#3674,#3217,.T.);
#4509=EDGE_CURVE('',#3677,#3678,#3218,.T.);
#4510=EDGE_CURVE('',#3675,#3677,#544,.T.);
#4511=EDGE_CURVE('',#3678,#3676,#545,.T.);
#4512=EDGE_CURVE('',#3677,#3660,#3219,.T.);
#4513=EDGE_CURVE('',#3659,#3678,#3220,.T.);
#4514=EDGE_CURVE('',#3672,#3679,#546,.T.);
#4515=EDGE_CURVE('',#3679,#3680,#547,.T.);
#4516=EDGE_CURVE('',#3680,#3674,#548,.T.);
#4517=EDGE_CURVE('',#3681,#3680,#3221,.T.);
#4518=EDGE_CURVE('',#3676,#3681,#549,.T.);
#4519=EDGE_CURVE('',#3682,#3621,#550,.T.);
#4520=EDGE_CURVE('',#3683,#3682,#551,.T.);
#4521=EDGE_CURVE('',#3683,#3684,#3222,.F.);
#4522=EDGE_CURVE('',#3684,#3685,#552,.F.);
#4523=EDGE_CURVE('',#3685,#3686,#3223,.F.);
#4524=EDGE_CURVE('',#3686,#3687,#553,.F.);
#4525=EDGE_CURVE('',#3687,#3678,#554,.F.);
#4526=EDGE_CURVE('',#3688,#3681,#555,.T.);
#4527=EDGE_CURVE('',#3688,#3625,#556,.T.);
#4528=EDGE_CURVE('',#3687,#3689,#234,.T.);
#4529=EDGE_CURVE('',#3659,#3689,#557,.T.);
#4530=EDGE_CURVE('',#3689,#3690,#558,.T.);
#4531=EDGE_CURVE('',#3690,#3691,#559,.T.);
#4532=EDGE_CURVE('',#3692,#3691,#560,.T.);
#4533=EDGE_CURVE('',#3692,#3693,#561,.T.);
#4534=EDGE_CURVE('',#3693,#3694,#235,.T.);
#4535=EDGE_CURVE('',#3694,#3695,#562,.T.);
#4536=EDGE_CURVE('',#3696,#3695,#563,.T.);
#4537=EDGE_CURVE('',#3696,#3661,#564,.T.);
#4538=EDGE_CURVE('',#3697,#3698,#3224,.T.);
#4539=EDGE_CURVE('',#3699,#3697,#3225,.T.);
#4540=EDGE_CURVE('',#3699,#3700,#3226,.T.);
#4541=EDGE_CURVE('',#3698,#3700,#3227,.T.);
#4542=EDGE_CURVE('',#3701,#3698,#565,.T.);
#4543=EDGE_CURVE('',#3701,#3702,#236,.T.);
#4544=EDGE_CURVE('',#3697,#3702,#566,.T.);
#4545=EDGE_CURVE('',#3702,#3703,#567,.T.);
#4546=EDGE_CURVE('',#3703,#3704,#568,.T.);
#4547=EDGE_CURVE('',#3704,#3697,#569,.T.);
#4548=EDGE_CURVE('',#3705,#3704,#3228,.T.);
#4549=EDGE_CURVE('',#3699,#3705,#570,.T.);
#4550=EDGE_CURVE('',#3706,#3707,#571,.T.);
#4551=EDGE_CURVE('',#3708,#3706,#237,.T.);
#4552=EDGE_CURVE('',#3709,#3708,#572,.T.);
#4553=EDGE_CURVE('',#3707,#3709,#3229,.T.);
#4554=EDGE_CURVE('',#3710,#3711,#238,.F.);
#4555=EDGE_CURVE('',#3711,#3694,#3230,.T.);
#4556=EDGE_CURVE('',#3693,#3710,#3231,.T.);
#4557=EDGE_CURVE('',#3712,#3692,#239,.T.);
#4558=EDGE_CURVE('',#3710,#3712,#573,.T.);
#4559=EDGE_CURVE('',#3713,#3695,#3232,.T.);
#4560=EDGE_CURVE('',#3713,#3711,#574,.T.);
#4561=EDGE_CURVE('',#3708,#3714,#575,.T.);
#4562=EDGE_CURVE('',#3715,#3706,#576,.T.);
#4563=EDGE_CURVE('',#3714,#3715,#3233,.T.);
#4564=EDGE_CURVE('',#3716,#3717,#3234,.T.);
#4565=EDGE_CURVE('',#3714,#3716,#3235,.T.);
#4566=EDGE_CURVE('',#3717,#3715,#3236,.T.);
#4567=EDGE_CURVE('',#3718,#3717,#577,.T.);
#4568=EDGE_CURVE('',#3719,#3718,#240,.T.);
#4569=EDGE_CURVE('',#3716,#3719,#578,.T.);
#4570=EDGE_CURVE('',#3719,#3710,#579,.T.);
#4571=EDGE_CURVE('',#3711,#3718,#580,.T.);
#4572=EDGE_CURVE('',#3720,#3721,#3237,.T.);
#4573=EDGE_CURVE('',#3707,#3720,#3238,.T.);
#4574=EDGE_CURVE('',#3721,#3709,#3239,.T.);
#4575=EDGE_CURVE('',#3722,#3720,#581,.T.);
#4576=EDGE_CURVE('',#3723,#3722,#3240,.T.);
#4577=EDGE_CURVE('',#3707,#3723,#582,.T.);
#4578=EDGE_CURVE('',#3723,#3724,#583,.T.);
#4579=EDGE_CURVE('',#3724,#3706,#584,.T.);
#4580=EDGE_CURVE('',#3718,#3724,#585,.T.);
#4581=EDGE_CURVE('',#3725,#3726,#586,.T.);
#4582=EDGE_CURVE('',#3727,#3725,#587,.T.);
#4583=EDGE_CURVE('',#3728,#3727,#588,.T.);
#4584=EDGE_CURVE('',#3726,#3728,#589,.T.);
#4585=EDGE_CURVE('',#3713,#3724,#590,.T.);
#4586=EDGE_CURVE('',#3729,#3730,#591,.T.);
#4587=EDGE_CURVE('',#3731,#3729,#241,.T.);
#4588=EDGE_CURVE('',#3732,#3731,#592,.T.);
#4589=EDGE_CURVE('',#3730,#3732,#3241,.T.);
#4590=EDGE_CURVE('',#3733,#3734,#593,.T.);
#4591=EDGE_CURVE('',#3735,#3733,#242,.T.);
#4592=EDGE_CURVE('',#3736,#3735,#594,.T.);
#4593=EDGE_CURVE('',#3734,#3736,#3242,.T.);
#4594=EDGE_CURVE('',#3737,#3738,#595,.T.);
#4595=EDGE_CURVE('',#3739,#3737,#243,.T.);
#4596=EDGE_CURVE('',#3740,#3739,#596,.T.);
#4597=EDGE_CURVE('',#3738,#3740,#244,.T.);
#4598=EDGE_CURVE('',#3735,#3740,#597,.T.);
#4599=EDGE_CURVE('',#3738,#3733,#598,.T.);
#4600=EDGE_CURVE('',#3741,#3742,#3243,.T.);
#4601=EDGE_CURVE('',#3734,#3741,#3244,.T.);
#4602=EDGE_CURVE('',#3742,#3736,#3245,.T.);
#4603=EDGE_CURVE('',#3743,#3742,#599,.T.);
#4604=EDGE_CURVE('',#3744,#3743,#245,.T.);
#4605=EDGE_CURVE('',#3741,#3744,#600,.T.);
#4606=EDGE_CURVE('',#3731,#3737,#601,.T.);
#4607=EDGE_CURVE('',#3739,#3729,#602,.T.);
#4608=EDGE_CURVE('',#3744,#3745,#603,.T.);
#4609=EDGE_CURVE('',#3746,#3743,#604,.T.);
#4610=EDGE_CURVE('',#3745,#3746,#3246,.T.);
#4611=EDGE_CURVE('',#3745,#3747,#325,.T.);
#4612=EDGE_CURVE('',#3747,#3746,#326,.T.);
#4613=EDGE_CURVE('',#3748,#3746,#3247,.T.);
#4614=EDGE_CURVE('',#3748,#3749,#3248,.T.);
#4615=EDGE_CURVE('',#3747,#3749,#3249,.T.);
#4616=EDGE_CURVE('',#3741,#3750,#605,.T.);
#4617=EDGE_CURVE('',#3751,#3750,#3250,.T.);
#4618=EDGE_CURVE('',#3734,#3751,#606,.T.);
#4619=EDGE_CURVE('',#3752,#3751,#607,.T.);
#4620=EDGE_CURVE('',#3753,#3752,#608,.F.);
#4621=EDGE_CURVE('',#3733,#3753,#609,.T.);
#4622=EDGE_CURVE('',#3753,#3712,#610,.T.);
#4623=EDGE_CURVE('',#3691,#3754,#246,.T.);
#4624=EDGE_CURVE('',#3754,#3755,#611,.T.);
#4625=EDGE_CURVE('',#3755,#3756,#612,.T.);
#4626=EDGE_CURVE('',#3756,#3757,#613,.T.);
#4627=EDGE_CURVE('',#3757,#3758,#614,.T.);
#4628=EDGE_CURVE('',#3738,#3758,#615,.T.);
#4629=EDGE_CURVE('',#3758,#3759,#616,.T.);
#4630=EDGE_CURVE('',#3759,#3760,#617,.T.);
#4631=EDGE_CURVE('',#3761,#3760,#618,.T.);
#4632=EDGE_CURVE('',#3762,#3761,#619,.T.);
#4633=EDGE_CURVE('',#3763,#3762,#620,.T.);
#4634=EDGE_CURVE('',#3737,#3763,#621,.T.);
#4635=EDGE_CURVE('',#3764,#3764,#3251,.T.);
#4636=EDGE_CURVE('',#3764,#3765,#622,.T.);
#4637=EDGE_CURVE('',#3766,#3765,#3252,.T.);
#4638=EDGE_CURVE('',#3765,#3766,#3253,.T.);
#4639=EDGE_CURVE('',#3767,#3768,#3254,.T.);
#4640=EDGE_CURVE('',#3768,#3769,#3255,.T.);
#4641=EDGE_CURVE('',#3769,#3770,#623,.T.);
#4642=EDGE_CURVE('',#3770,#3771,#624,.T.);
#4643=EDGE_CURVE('',#3771,#3772,#625,.T.);
#4644=EDGE_CURVE('',#3772,#3773,#626,.T.);
#4645=EDGE_CURVE('',#3773,#3774,#3256,.T.);
#4646=EDGE_CURVE('',#3774,#3767,#627,.T.);
#4647=EDGE_CURVE('',#3766,#3775,#628,.T.);
#4648=EDGE_CURVE('',#3775,#3775,#3257,.T.);
#4649=EDGE_CURVE('',#3776,#3776,#3258,.T.);
#4650=EDGE_CURVE('',#3776,#3777,#629,.T.);
#4651=EDGE_CURVE('',#3778,#3777,#3259,.T.);
#4652=EDGE_CURVE('',#3777,#3778,#3260,.T.);
#4653=EDGE_CURVE('',#3778,#3779,#630,.T.);
#4654=EDGE_CURVE('',#3779,#3779,#3261,.T.);
#4655=EDGE_CURVE('',#3780,#3781,#631,.T.);
#4656=EDGE_CURVE('',#3781,#3782,#3262,.T.);
#4657=EDGE_CURVE('',#3782,#3783,#632,.T.);
#4658=EDGE_CURVE('',#3780,#3783,#633,.T.);
#4659=EDGE_CURVE('',#3784,#3785,#634,.T.);
#4660=EDGE_CURVE('',#3652,#3784,#635,.T.);
#4661=EDGE_CURVE('',#3785,#3651,#636,.T.);
#4662=EDGE_CURVE('',#3786,#3730,#637,.T.);
#4663=EDGE_CURVE('',#3787,#3786,#638,.T.);
#4664=EDGE_CURVE('',#3788,#3787,#3263,.T.);
#4665=EDGE_CURVE('',#3789,#3788,#639,.T.);
#4666=EDGE_CURVE('',#3790,#3789,#3264,.T.);
#4667=EDGE_CURVE('',#3790,#3784,#640,.T.);
#4668=EDGE_CURVE('',#3743,#3785,#641,.T.);
#4669=EDGE_CURVE('',#3791,#3792,#642,.T.);
#4670=EDGE_CURVE('',#3792,#3793,#643,.T.);
#4671=EDGE_CURVE('',#3793,#3794,#644,.T.);
#4672=EDGE_CURVE('',#3794,#3791,#645,.T.);
#4673=EDGE_CURVE('',#3795,#3795,#3265,.T.);
#4674=EDGE_CURVE('',#3796,#3791,#247,.T.);
#4675=EDGE_CURVE('',#3797,#3796,#646,.T.);
#4676=EDGE_CURVE('',#3792,#3797,#248,.T.);
#4677=EDGE_CURVE('',#3796,#3798,#647,.T.);
#4678=EDGE_CURVE('',#3798,#3794,#249,.T.);
#4679=EDGE_CURVE('',#3799,#3793,#250,.T.);
#4680=EDGE_CURVE('',#3798,#3799,#648,.T.);
#4681=EDGE_CURVE('',#3799,#3797,#649,.T.);
#4682=EDGE_CURVE('',#3798,#3800,#650,.T.);
#4683=EDGE_CURVE('',#3800,#3801,#651,.T.);
#4684=EDGE_CURVE('',#3801,#3796,#652,.T.);
#4685=EDGE_CURVE('',#3801,#3802,#653,.T.);
#4686=EDGE_CURVE('',#3802,#3797,#654,.T.);
#4687=EDGE_CURVE('',#3803,#3804,#251,.F.);
#4688=EDGE_CURVE('',#3805,#3804,#655,.T.);
#4689=EDGE_CURVE('',#3806,#3805,#3266,.T.);
#4690=EDGE_CURVE('',#3803,#3806,#656,.T.);
#4691=EDGE_CURVE('',#3807,#3808,#327,.T.);
#4692=EDGE_CURVE('',#3806,#3807,#328,.T.);
#4693=EDGE_CURVE('',#3808,#3805,#329,.T.);
#4694=EDGE_CURVE('',#3809,#3807,#657,.T.);
#4695=EDGE_CURVE('',#3810,#3809,#252,.T.);
#4696=EDGE_CURVE('',#3806,#3810,#658,.T.);
#4697=EDGE_CURVE('',#3811,#3810,#659,.T.);
#4698=EDGE_CURVE('',#3811,#3812,#660,.T.);
#4699=EDGE_CURVE('',#3812,#3813,#661,.T.);
#4700=EDGE_CURVE('',#3813,#3814,#662,.T.);
#4701=EDGE_CURVE('',#3814,#3815,#3267,.T.);
#4702=EDGE_CURVE('',#3815,#3816,#663,.T.);
#4703=EDGE_CURVE('',#3816,#3817,#3268,.T.);
#4704=EDGE_CURVE('',#3817,#3818,#664,.T.);
#4705=EDGE_CURVE('',#3818,#3819,#3269,.T.);
#4706=EDGE_CURVE('',#3819,#3820,#665,.T.);
#4707=EDGE_CURVE('',#3820,#3821,#666,.T.);
#4708=EDGE_CURVE('',#3821,#3822,#667,.T.);
#4709=EDGE_CURVE('',#3822,#3823,#3270,.T.);
#4710=EDGE_CURVE('',#3823,#3803,#668,.T.);
#4711=EDGE_CURVE('',#3824,#3800,#669,.T.);
#4712=EDGE_CURVE('',#3802,#3824,#670,.T.);
#4713=EDGE_CURVE('',#3767,#3825,#3271,.T.);
#4714=EDGE_CURVE('',#3826,#3774,#330,.F.);
#4715=EDGE_CURVE('',#3825,#3826,#671,.T.);
#4716=EDGE_CURVE('',#3768,#3827,#331,.F.);
#4717=EDGE_CURVE('',#3827,#3825,#3272,.T.);
#4718=EDGE_CURVE('',#3828,#3690,#253,.T.);
#4719=EDGE_CURVE('',#3754,#3828,#672,.T.);
#4720=EDGE_CURVE('',#3828,#3809,#673,.T.);
#4721=EDGE_CURVE('',#3687,#3811,#254,.T.);
#4722=EDGE_CURVE('',#3813,#3829,#255,.T.);
#4723=EDGE_CURVE('',#3812,#3830,#256,.T.);
#4724=EDGE_CURVE('',#3829,#3830,#674,.T.);
#4725=EDGE_CURVE('',#3686,#3830,#332,.T.);
#4726=EDGE_CURVE('',#3831,#3832,#3273,.T.);
#4727=EDGE_CURVE('',#3831,#3833,#3274,.T.);
#4728=EDGE_CURVE('',#3833,#3834,#3275,.F.);
#4729=EDGE_CURVE('',#3834,#3832,#3276,.T.);
#4730=EDGE_CURVE('',#3756,#3770,#3277,.F.);
#4731=EDGE_CURVE('',#3770,#3835,#3278,.F.);
#4732=EDGE_CURVE('',#3835,#3756,#3279,.F.);
#4733=EDGE_CURVE('',#3757,#3836,#3280,.F.);
#4734=EDGE_CURVE('',#3836,#3835,#675,.T.);
#4735=EDGE_CURVE('',#3837,#3769,#333,.F.);
#4736=EDGE_CURVE('',#3835,#3837,#676,.T.);
#4737=EDGE_CURVE('',#3838,#3839,#3281,.F.);
#4738=EDGE_CURVE('',#3839,#3840,#3282,.T.);
#4739=EDGE_CURVE('',#3841,#3840,#3283,.T.);
#4740=EDGE_CURVE('',#3841,#3838,#3284,.T.);
#4741=EDGE_CURVE('',#3822,#3842,#3285,.T.);
#4742=EDGE_CURVE('',#3842,#3843,#3286,.F.);
#4743=EDGE_CURVE('',#3843,#3823,#3287,.T.);
#4744=EDGE_CURVE('',#3804,#3844,#334,.T.);
#4745=EDGE_CURVE('',#3844,#3843,#677,.T.);
#4746=EDGE_CURVE('',#3843,#3834,#678,.T.);
#4747=EDGE_CURVE('',#3832,#3842,#679,.T.);
#4748=EDGE_CURVE('',#3771,#3755,#257,.T.);
#4749=EDGE_CURVE('',#3845,#3821,#3288,.F.);
#4750=EDGE_CURVE('',#3821,#3846,#3289,.T.);
#4751=EDGE_CURVE('',#3847,#3846,#3290,.T.);
#4752=EDGE_CURVE('',#3847,#3845,#3291,.T.);
#4753=EDGE_CURVE('',#3845,#3841,#680,.T.);
#4754=EDGE_CURVE('',#3838,#3847,#681,.T.);
#4755=EDGE_CURVE('',#3848,#3772,#3292,.F.);
#4756=EDGE_CURVE('',#3772,#3849,#3293,.F.);
#4757=EDGE_CURVE('',#3849,#3848,#3294,.F.);
#4758=EDGE_CURVE('',#3850,#3851,#3295,.F.);
#4759=EDGE_CURVE('',#3851,#3852,#3296,.T.);
#4760=EDGE_CURVE('',#3853,#3852,#3297,.T.);
#4761=EDGE_CURVE('',#3853,#3850,#3298,.T.);
#4762=EDGE_CURVE('',#3820,#3854,#3299,.F.);
#4763=EDGE_CURVE('',#3854,#3855,#3300,.T.);
#4764=EDGE_CURVE('',#3856,#3855,#3301,.T.);
#4765=EDGE_CURVE('',#3856,#3820,#3302,.T.);
#4766=EDGE_CURVE('',#3846,#3856,#682,.T.);
#4767=EDGE_CURVE('',#3855,#3849,#683,.T.);
#4768=EDGE_CURVE('',#3848,#3854,#684,.T.);
#4769=EDGE_CURVE('',#3814,#3857,#3303,.T.);
#4770=EDGE_CURVE('',#3857,#3858,#3304,.F.);
#4771=EDGE_CURVE('',#3858,#3815,#3305,.T.);
#4772=EDGE_CURVE('',#3859,#3819,#335,.T.);
#4773=EDGE_CURVE('',#3854,#3859,#685,.T.);
#4774=EDGE_CURVE('',#3860,#3858,#686,.T.);
#4775=EDGE_CURVE('',#3816,#3860,#336,.T.);
#4776=EDGE_CURVE('',#3859,#3861,#3306,.T.);
#4777=EDGE_CURVE('',#3861,#3818,#337,.T.);
#4778=EDGE_CURVE('',#3862,#3817,#3307,.F.);
#4779=EDGE_CURVE('',#3817,#3863,#3308,.F.);
#4780=EDGE_CURVE('',#3863,#3862,#3309,.F.);
#4781=EDGE_CURVE('',#3862,#3825,#687,.T.);
#4782=EDGE_CURVE('',#3827,#3863,#688,.T.);
#4783=EDGE_CURVE('',#3863,#3860,#3310,.T.);
#4784=EDGE_CURVE('',#3861,#3862,#689,.T.);
#4785=EDGE_CURVE('',#3858,#3853,#690,.T.);
#4786=EDGE_CURVE('',#3850,#3857,#691,.T.);
#4787=EDGE_CURVE('',#3829,#3864,#338,.F.);
#4788=EDGE_CURVE('',#3857,#3864,#692,.T.);
#4789=EDGE_CURVE('',#3865,#3866,#339,.F.);
#4790=EDGE_CURVE('',#3852,#3865,#693,.T.);
#4791=EDGE_CURVE('',#3866,#3851,#694,.T.);
#4792=EDGE_CURVE('',#3867,#3850,#695,.T.);
#4793=EDGE_CURVE('',#3868,#3867,#258,.T.);
#4794=EDGE_CURVE('',#3869,#3868,#340,.T.);
#4795=EDGE_CURVE('',#3851,#3869,#696,.T.);
#4796=EDGE_CURVE('',#3849,#3755,#697,.T.);
#4797=EDGE_CURVE('',#3870,#3848,#698,.T.);
#4798=EDGE_CURVE('',#3773,#3870,#341,.T.);
#4799=EDGE_CURVE('',#3842,#3845,#699,.T.);
#4800=EDGE_CURVE('',#3869,#3683,#700,.T.);
#4801=EDGE_CURVE('',#3684,#3868,#701,.T.);
#4802=EDGE_CURVE('',#3826,#3870,#3311,.T.);
#4803=EDGE_CURVE('',#3840,#3831,#702,.T.);
#4804=EDGE_CURVE('',#3833,#3839,#703,.T.);
#4805=EDGE_CURVE('',#3871,#3838,#704,.T.);
#4806=EDGE_CURVE('',#3872,#3871,#259,.T.);
#4807=EDGE_CURVE('',#3873,#3872,#342,.T.);
#4808=EDGE_CURVE('',#3839,#3873,#705,.T.);
#4809=EDGE_CURVE('',#3874,#3833,#706,.T.);
#4810=EDGE_CURVE('',#3874,#3875,#343,.T.);
#4811=EDGE_CURVE('',#3876,#3875,#260,.T.);
#4812=EDGE_CURVE('',#3834,#3876,#707,.T.);
#4813=EDGE_CURVE('',#3875,#3872,#708,.T.);
#4814=EDGE_CURVE('',#3873,#3874,#709,.T.);
#4815=EDGE_CURVE('',#3590,#3877,#3312,.T.);
#4816=EDGE_CURVE('',#3878,#3877,#710,.T.);
#4817=EDGE_CURVE('',#3879,#3878,#3313,.T.);
#4818=EDGE_CURVE('',#3879,#3880,#711,.T.);
#4819=EDGE_CURVE('',#3880,#3881,#344,.T.);
#4820=EDGE_CURVE('',#3881,#3882,#712,.T.);
#4821=EDGE_CURVE('',#3760,#3882,#3314,.T.);
#4822=EDGE_CURVE('',#3759,#3883,#3315,.T.);
#4823=EDGE_CURVE('',#3837,#3883,#713,.T.);
#4824=EDGE_CURVE('',#3865,#3860,#714,.T.);
#4825=EDGE_CURVE('',#3682,#3866,#3316,.T.);
#4826=EDGE_CURVE('',#3861,#3826,#715,.T.);
#4827=EDGE_CURVE('',#3859,#3870,#716,.T.);
#4828=EDGE_CURVE('',#3883,#3836,#717,.T.);
#4829=EDGE_CURVE('',#3808,#3884,#3317,.T.);
#4830=EDGE_CURVE('',#3884,#3871,#718,.T.);
#4831=EDGE_CURVE('',#3884,#3885,#719,.T.);
#4832=EDGE_CURVE('',#3876,#3885,#720,.T.);
#4833=EDGE_CURVE('',#3885,#3844,#3318,.T.);
#4834=EDGE_CURVE('',#3886,#3685,#721,.T.);
#4835=EDGE_CURVE('',#3864,#3886,#3319,.T.);
#4836=EDGE_CURVE('',#3886,#3867,#722,.T.);
#4837=EDGE_CURVE('',#3645,#3611,#723,.T.);
#4838=EDGE_CURVE('',#3613,#3641,#724,.T.);
#4839=EDGE_CURVE('',#3609,#3647,#725,.T.);
#4840=EDGE_CURVE('',#3649,#3605,#726,.T.);
#4841=EDGE_CURVE('',#3887,#3688,#3320,.F.);
#4842=EDGE_CURVE('',#3631,#3887,#727,.T.);
#4843=EDGE_CURVE('',#3888,#3887,#728,.T.);
#4844=EDGE_CURVE('',#3888,#3633,#729,.T.);
#4845=EDGE_CURVE('',#3888,#3889,#3321,.T.);
#4846=EDGE_CURVE('',#3637,#3889,#730,.F.);
#4847=EDGE_CURVE('',#3890,#3891,#3322,.T.);
#4848=EDGE_CURVE('',#3892,#3891,#731,.T.);
#4849=EDGE_CURVE('',#3893,#3892,#3323,.T.);
#4850=EDGE_CURVE('',#3890,#3893,#732,.T.);
#4851=EDGE_CURVE('',#3703,#3891,#733,.T.);
#4852=EDGE_CURVE('',#3703,#3894,#734,.T.);
#4853=EDGE_CURVE('',#3894,#3892,#735,.T.);
#4854=EDGE_CURVE('',#3895,#3896,#261,.T.);
#4855=EDGE_CURVE('',#3895,#3897,#345,.T.);
#4856=EDGE_CURVE('',#3898,#3897,#346,.T.);
#4857=EDGE_CURVE('',#3899,#3898,#262,.T.);
#4858=EDGE_CURVE('',#3896,#3899,#347,.T.);
#4859=EDGE_CURVE('',#3896,#3900,#263,.T.);
#4860=EDGE_CURVE('',#3901,#3899,#348,.T.);
#4861=EDGE_CURVE('',#3902,#3901,#264,.T.);
#4862=EDGE_CURVE('',#3903,#3902,#736,.T.);
#4863=EDGE_CURVE('',#3900,#3903,#349,.T.);
#4864=EDGE_CURVE('',#3897,#3904,#737,.T.);
#4865=EDGE_CURVE('',#3905,#3895,#738,.T.);
#4866=EDGE_CURVE('',#3904,#3905,#350,.T.);
#4867=EDGE_CURVE('',#3900,#3906,#739,.T.);
#4868=EDGE_CURVE('',#3907,#3903,#740,.T.);
#4869=EDGE_CURVE('',#3906,#3907,#351,.T.);
#4870=EDGE_CURVE('',#3906,#3908,#265,.T.);
#4871=EDGE_CURVE('',#3907,#3909,#741,.T.);
#4872=EDGE_CURVE('',#3910,#3909,#266,.T.);
#4873=EDGE_CURVE('',#3911,#3910,#352,.T.);
#4874=EDGE_CURVE('',#3908,#3911,#353,.T.);
#4875=EDGE_CURVE('',#3912,#3911,#267,.T.);
#4876=EDGE_CURVE('',#3904,#3912,#354,.T.);
#4877=EDGE_CURVE('',#3908,#3905,#268,.T.);
#4878=EDGE_CURVE('',#3901,#3913,#742,.T.);
#4879=EDGE_CURVE('',#3914,#3913,#743,.T.);
#4880=EDGE_CURVE('',#3902,#3914,#744,.T.);
#4881=EDGE_CURVE('',#3915,#3914,#745,.T.);
#4882=EDGE_CURVE('',#3909,#3915,#746,.T.);
#4883=EDGE_CURVE('',#3916,#3915,#747,.T.);
#4884=EDGE_CURVE('',#3910,#3916,#748,.T.);
#4885=EDGE_CURVE('',#3787,#3643,#749,.T.);
#4886=EDGE_CURVE('',#3788,#3655,#750,.T.);
#4887=EDGE_CURVE('',#3783,#3917,#3324,.T.);
#4888=EDGE_CURVE('',#3918,#3782,#3325,.T.);
#4889=EDGE_CURVE('',#3917,#3918,#751,.T.);
#4890=EDGE_CURVE('',#3919,#3781,#3326,.T.);
#4891=EDGE_CURVE('',#3918,#3919,#3327,.T.);
#4892=EDGE_CURVE('',#3920,#3780,#3328,.T.);
#4893=EDGE_CURVE('',#3919,#3920,#752,.T.);
#4894=EDGE_CURVE('',#3921,#3920,#753,.T.);
#4895=EDGE_CURVE('',#3921,#3922,#754,.T.);
#4896=EDGE_CURVE('',#3922,#3919,#755,.T.);
#4897=EDGE_CURVE('',#3922,#3923,#355,.T.);
#4898=EDGE_CURVE('',#3923,#3918,#756,.T.);
#4899=EDGE_CURVE('',#3917,#3924,#757,.T.);
#4900=EDGE_CURVE('',#3924,#3879,#3329,.T.);
#4901=EDGE_CURVE('',#3878,#3925,#758,.T.);
#4902=EDGE_CURVE('',#3925,#3761,#759,.T.);
#4903=EDGE_CURVE('',#3882,#3921,#3330,.T.);
#4904=EDGE_CURVE('',#3923,#3924,#760,.T.);
#4905=EDGE_CURVE('',#3922,#3881,#3331,.T.);
#4906=EDGE_CURVE('',#3923,#3880,#3332,.T.);
#4907=EDGE_CURVE('',#3926,#3925,#761,.T.);
#4908=EDGE_CURVE('',#3762,#3926,#762,.T.);
#4909=EDGE_CURVE('',#3926,#3877,#763,.T.);
#4910=EDGE_CURVE('',#3898,#3927,#764,.T.);
#4911=EDGE_CURVE('',#3913,#3927,#765,.T.);
#4912=EDGE_CURVE('',#3928,#3912,#766,.T.);
#4913=EDGE_CURVE('',#3927,#3928,#767,.T.);
#4914=EDGE_CURVE('',#3928,#3916,#768,.T.);
#4915=EDGE_CURVE('',#3929,#3696,#3333,.T.);
#4916=EDGE_CURVE('',#3664,#3929,#769,.T.);
#4917=EDGE_CURVE('',#3930,#3666,#770,.T.);
#4918=EDGE_CURVE('',#3931,#3930,#3334,.T.);
#4919=EDGE_CURVE('',#3668,#3931,#771,.T.);
#4920=EDGE_CURVE('',#3931,#3932,#772,.T.);
#4921=EDGE_CURVE('',#3932,#3670,#773,.T.);
#4922=EDGE_CURVE('',#3679,#3932,#3335,.T.);
#4923=EDGE_CURVE('',#3929,#3930,#774,.T.);
#4924=EDGE_CURVE('',#3824,#3799,#775,.T.);
#4925=EDGE_CURVE('',#3933,#3934,#776,.T.);
#4926=EDGE_CURVE('',#3933,#3935,#777,.T.);
#4927=EDGE_CURVE('',#3936,#3935,#778,.T.);
#4928=EDGE_CURVE('',#3934,#3936,#779,.F.);
#4929=EDGE_CURVE('',#3937,#3935,#780,.T.);
#4930=EDGE_CURVE('',#3937,#3938,#781,.T.);
#4931=EDGE_CURVE('',#3938,#3936,#782,.T.);
#4932=EDGE_CURVE('',#3939,#3940,#3336,.T.);
#4933=EDGE_CURVE('',#3939,#3938,#783,.T.);
#4934=EDGE_CURVE('',#3941,#3937,#784,.T.);
#4935=EDGE_CURVE('',#3940,#3941,#3337,.T.);
#4936=EDGE_CURVE('',#3790,#3653,#785,.T.);
#4937=EDGE_CURVE('',#3942,#3752,#786,.T.);
#4938=EDGE_CURVE('',#3750,#3942,#787,.T.);
#4939=EDGE_CURVE('',#3943,#3943,#3338,.T.);
#4940=EDGE_CURVE('',#3789,#3654,#788,.T.);
#4941=EDGE_CURVE('',#3944,#3945,#789,.T.);
#4942=EDGE_CURVE('',#3944,#3946,#3339,.T.);
#4943=EDGE_CURVE('',#3947,#3946,#3340,.T.);
#4944=EDGE_CURVE('',#3947,#3948,#3341,.T.);
#4945=EDGE_CURVE('',#3949,#3948,#790,.T.);
#4946=EDGE_CURVE('',#3949,#3950,#3342,.T.);
#4947=EDGE_CURVE('',#3951,#3950,#3343,.T.);
#4948=EDGE_CURVE('',#3951,#3945,#3344,.T.);
#4949=EDGE_CURVE('',#3952,#3658,#3345,.T.);
#4950=EDGE_CURVE('',#3953,#3952,#3346,.T.);
#4951=EDGE_CURVE('',#3657,#3953,#3347,.T.);
#4952=EDGE_CURVE('',#3954,#3955,#3348,.T.);
#4953=EDGE_CURVE('',#3953,#3954,#3349,.T.);
#4954=EDGE_CURVE('',#3955,#3952,#3350,.T.);
#4955=EDGE_CURVE('',#3956,#3957,#3351,.T.);
#4956=EDGE_CURVE('',#3954,#3956,#3352,.T.);
#4957=EDGE_CURVE('',#3957,#3955,#3353,.T.);
#4958=EDGE_CURVE('',#3958,#3959,#3354,.T.);
#4959=EDGE_CURVE('',#3956,#3958,#791,.T.);
#4960=EDGE_CURVE('',#3959,#3957,#792,.T.);
#4961=EDGE_CURVE('',#3960,#3961,#3355,.T.);
#4962=EDGE_CURVE('',#3958,#3960,#3356,.T.);
#4963=EDGE_CURVE('',#3961,#3959,#3357,.T.);
#4964=EDGE_CURVE('',#3960,#3748,#3358,.T.);
#4965=EDGE_CURVE('',#3749,#3961,#3359,.T.);
#4966=EDGE_CURVE('',#3946,#3749,#793,.T.);
#4967=EDGE_CURVE('',#3747,#3944,#794,.T.);
#4968=EDGE_CURVE('',#3945,#3658,#795,.T.);
#4969=EDGE_CURVE('',#3952,#3951,#796,.T.);
#4970=EDGE_CURVE('',#3948,#3959,#797,.T.);
#4971=EDGE_CURVE('',#3961,#3947,#798,.T.);
#4972=EDGE_CURVE('',#3957,#3949,#799,.T.);
#4973=EDGE_CURVE('',#3950,#3955,#800,.T.);
#4974=EDGE_CURVE('',#3726,#3962,#801,.T.);
#4975=EDGE_CURVE('',#3963,#3962,#802,.T.);
#4976=EDGE_CURVE('',#3725,#3963,#803,.T.);
#4977=EDGE_CURVE('',#3964,#3963,#804,.T.);
#4978=EDGE_CURVE('',#3727,#3964,#805,.T.);
#4979=EDGE_CURVE('',#3965,#3964,#806,.T.);
#4980=EDGE_CURVE('',#3728,#3965,#807,.T.);
#4981=EDGE_CURVE('',#3962,#3965,#808,.T.);
#4982=EDGE_CURVE('',#3966,#3966,#3360,.T.);
#4983=EDGE_CURVE('',#3967,#3942,#809,.T.);
#4984=EDGE_CURVE('',#3753,#3967,#810,.T.);
#4985=EDGE_CURVE('',#3967,#3968,#811,.T.);
#4986=EDGE_CURVE('',#3968,#3969,#812,.T.);
#4987=EDGE_CURVE('',#3969,#3712,#813,.T.);
#4988=EDGE_CURVE('',#3970,#3968,#814,.T.);
#4989=EDGE_CURVE('',#3971,#3970,#815,.T.);
#4990=EDGE_CURVE('',#3969,#3971,#816,.T.);
#4991=EDGE_CURVE('',#3970,#3972,#817,.T.);
#4992=EDGE_CURVE('',#3972,#3973,#3361,.T.);
#4993=EDGE_CURVE('',#3973,#3971,#818,.T.);
#4994=EDGE_CURVE('',#3974,#3974,#3362,.T.);
#4995=EDGE_CURVE('',#3973,#3716,#819,.T.);
#4996=EDGE_CURVE('',#3972,#3714,#820,.T.);
#4997=EDGE_CURVE('',#3975,#3975,#3363,.T.);
#4998=EDGE_CURVE('',#3975,#3943,#821,.T.);
#4999=EDGE_CURVE('',#3795,#3975,#822,.T.);
#5000=EDGE_CURVE('',#3974,#3966,#823,.T.);
#5001=EDGE_CURVE('',#3976,#3614,#824,.T.);
#5002=EDGE_CURVE('',#3976,#3591,#825,.T.);
#5003=EDGE_CURVE('',#3786,#3977,#826,.T.);
#5004=EDGE_CURVE('',#3977,#3976,#827,.T.);
#5005=EDGE_CURVE('',#3732,#3978,#828,.T.);
#5006=EDGE_CURVE('',#3978,#3977,#829,.T.);
#5007=EDGE_CURVE('',#3731,#3979,#830,.T.);
#5008=EDGE_CURVE('',#3979,#3978,#831,.T.);
#5009=EDGE_CURVE('',#3763,#3979,#832,.T.);
#5010=EDGE_CURVE('',#3980,#3981,#3364,.F.);
#5011=EDGE_CURVE('',#3982,#3980,#3365,.F.);
#5012=EDGE_CURVE('',#3981,#3982,#3366,.F.);
#5013=EDGE_CURVE('',#3983,#3984,#3367,.F.);
#5014=EDGE_CURVE('',#3984,#3982,#833,.T.);
#5015=EDGE_CURVE('',#3980,#3983,#834,.T.);
#5016=EDGE_CURVE('',#3594,#3985,#835,.T.);
#5017=EDGE_CURVE('',#3985,#3986,#3368,.T.);
#5018=EDGE_CURVE('',#3986,#3595,#836,.T.);
#5019=EDGE_CURVE('',#3987,#3988,#3369,.T.);
#5020=EDGE_CURVE('',#3988,#3986,#3370,.T.);
#5021=EDGE_CURVE('',#3985,#3987,#3371,.T.);
#5022=EDGE_CURVE('',#3989,#3990,#3372,.T.);
#5023=EDGE_CURVE('',#3990,#3988,#837,.T.);
#5024=EDGE_CURVE('',#3987,#3989,#838,.T.);
#5025=EDGE_CURVE('',#3991,#3992,#3373,.T.);
#5026=EDGE_CURVE('',#3992,#3990,#3374,.T.);
#5027=EDGE_CURVE('',#3989,#3991,#3375,.T.);
#5028=EDGE_CURVE('',#3993,#3994,#3376,.T.);
#5029=EDGE_CURVE('',#3994,#3992,#3377,.T.);
#5030=EDGE_CURVE('',#3991,#3993,#3378,.T.);
#5031=EDGE_CURVE('',#3995,#3996,#3379,.T.);
#5032=EDGE_CURVE('',#3996,#3994,#839,.T.);
#5033=EDGE_CURVE('',#3993,#3995,#840,.T.);
#5034=EDGE_CURVE('',#3997,#3998,#3380,.T.);
#5035=EDGE_CURVE('',#3998,#3996,#3381,.T.);
#5036=EDGE_CURVE('',#3995,#3997,#3382,.T.);
#5037=EDGE_CURVE('',#3999,#4000,#3383,.T.);
#5038=EDGE_CURVE('',#4000,#3998,#356,.T.);
#5039=EDGE_CURVE('',#3997,#3999,#357,.T.);
#5040=EDGE_CURVE('',#4001,#4002,#3384,.T.);
#5041=EDGE_CURVE('',#4002,#4000,#3385,.T.);
#5042=EDGE_CURVE('',#3999,#4001,#3386,.T.);
#5043=EDGE_CURVE('',#4003,#4004,#3387,.T.);
#5044=EDGE_CURVE('',#4004,#4002,#841,.T.);
#5045=EDGE_CURVE('',#4001,#4003,#842,.T.);
#5046=EDGE_CURVE('',#4005,#4006,#3388,.T.);
#5047=EDGE_CURVE('',#4006,#4004,#3389,.T.);
#5048=EDGE_CURVE('',#4003,#4005,#3390,.T.);
#5049=EDGE_CURVE('',#4007,#4006,#843,.T.);
#5050=EDGE_CURVE('',#4005,#4008,#844,.T.);
#5051=EDGE_CURVE('',#4008,#4007,#269,.T.);
#5052=EDGE_CURVE('',#4008,#3981,#845,.T.);
#5053=EDGE_CURVE('',#3982,#4007,#846,.T.);
#5054=EDGE_CURVE('',#4009,#4010,#3391,.T.);
#5055=EDGE_CURVE('',#4010,#3980,#3392,.T.);
#5056=EDGE_CURVE('',#3981,#4009,#3393,.T.);
#5057=EDGE_CURVE('',#4009,#4011,#358,.T.);
#5058=EDGE_CURVE('',#4011,#4012,#3394,.T.);
#5059=EDGE_CURVE('',#4012,#4010,#359,.T.);
#5060=EDGE_CURVE('',#4013,#4014,#3395,.T.);
#5061=EDGE_CURVE('',#4014,#4012,#270,.T.);
#5062=EDGE_CURVE('',#4011,#4013,#271,.T.);
#5063=EDGE_CURVE('',#4015,#4016,#3396,.T.);
#5064=EDGE_CURVE('',#4016,#4014,#847,.T.);
#5065=EDGE_CURVE('',#4013,#4015,#848,.T.);
#5066=EDGE_CURVE('',#4017,#4018,#3397,.T.);
#5067=EDGE_CURVE('',#4018,#4016,#3398,.T.);
#5068=EDGE_CURVE('',#4015,#4017,#3399,.T.);
#5069=EDGE_CURVE('',#4019,#4020,#3400,.T.);
#5070=EDGE_CURVE('',#4020,#4018,#360,.T.);
#5071=EDGE_CURVE('',#4017,#4019,#361,.T.);
#5072=EDGE_CURVE('',#4019,#4021,#362,.T.);
#5073=EDGE_CURVE('',#4021,#4022,#3401,.T.);
#5074=EDGE_CURVE('',#4022,#4020,#363,.T.);
#5075=EDGE_CURVE('',#4023,#4024,#3402,.T.);
#5076=EDGE_CURVE('',#4024,#4022,#272,.T.);
#5077=EDGE_CURVE('',#4021,#4023,#273,.T.);
#5078=EDGE_CURVE('',#4025,#4026,#3403,.T.);
#5079=EDGE_CURVE('',#4026,#4024,#849,.T.);
#5080=EDGE_CURVE('',#4023,#4025,#850,.T.);
#5081=EDGE_CURVE('',#4027,#4028,#3404,.T.);
#5082=EDGE_CURVE('',#4028,#4026,#274,.T.);
#5083=EDGE_CURVE('',#4025,#4027,#275,.T.);
#5084=EDGE_CURVE('',#4029,#4030,#3405,.T.);
#5085=EDGE_CURVE('',#4030,#4028,#364,.T.);
#5086=EDGE_CURVE('',#4027,#4029,#365,.T.);
#5087=EDGE_CURVE('',#4031,#4032,#3406,.T.);
#5088=EDGE_CURVE('',#4032,#4030,#3407,.T.);
#5089=EDGE_CURVE('',#4029,#4031,#3408,.T.);
#5090=EDGE_CURVE('',#3639,#4032,#851,.T.);
#5091=EDGE_CURVE('',#4031,#3638,#852,.T.);
#5092=EDGE_CURVE('',#3890,#3889,#853,.T.);
#5093=EDGE_CURVE('',#3934,#3893,#854,.T.);
#5094=EDGE_CURVE('',#3939,#4033,#855,.T.);
#5095=EDGE_CURVE('',#4033,#4034,#856,.T.);
#5096=EDGE_CURVE('',#4035,#4034,#857,.F.);
#5097=EDGE_CURVE('',#4035,#4036,#858,.T.);
#5098=EDGE_CURVE('',#4037,#4036,#859,.T.);
#5099=EDGE_CURVE('',#4037,#4038,#860,.T.);
#5100=EDGE_CURVE('',#4030,#4038,#861,.F.);
#5101=EDGE_CURVE('',#4039,#4039,#3409,.T.);
#5102=EDGE_CURVE('',#4009,#3999,#862,.T.);
#5103=EDGE_CURVE('',#3995,#4011,#863,.T.);
#5104=EDGE_CURVE('',#4015,#3993,#864,.T.);
#5105=EDGE_CURVE('',#4019,#3991,#865,.T.);
#5106=EDGE_CURVE('',#3989,#4021,#866,.T.);
#5107=EDGE_CURVE('',#4027,#3987,#867,.T.);
#5108=EDGE_CURVE('',#3985,#4031,#868,.T.);
#5109=EDGE_CURVE('',#4040,#4041,#3410,.T.);
#5110=EDGE_CURVE('',#4041,#4042,#869,.T.);
#5111=EDGE_CURVE('',#4042,#4043,#366,.F.);
#5112=EDGE_CURVE('',#4043,#4040,#870,.T.);
#5113=EDGE_CURVE('',#4044,#4045,#3411,.T.);
#5114=EDGE_CURVE('',#4045,#4041,#3412,.T.);
#5115=EDGE_CURVE('',#4040,#4044,#3413,.T.);
#5116=EDGE_CURVE('',#4046,#4047,#3414,.T.);
#5117=EDGE_CURVE('',#4047,#4045,#871,.T.);
#5118=EDGE_CURVE('',#4044,#4046,#872,.T.);
#5119=EDGE_CURVE('',#4048,#4049,#3415,.T.);
#5120=EDGE_CURVE('',#4049,#4047,#3416,.T.);
#5121=EDGE_CURVE('',#4046,#4048,#3417,.T.);
#5122=EDGE_CURVE('',#4050,#4051,#276,.F.);
#5123=EDGE_CURVE('',#4051,#4049,#873,.T.);
#5124=EDGE_CURVE('',#4048,#4050,#874,.T.);
#5125=EDGE_CURVE('',#4043,#4052,#3418,.T.);
#5126=EDGE_CURVE('',#4052,#4053,#875,.T.);
#5127=EDGE_CURVE('',#4053,#4054,#3419,.T.);
#5128=EDGE_CURVE('',#4054,#4055,#876,.T.);
#5129=EDGE_CURVE('',#4050,#4055,#877,.F.);
#5130=EDGE_CURVE('',#4056,#4057,#3420,.T.);
#5131=EDGE_CURVE('',#4057,#4058,#367,.T.);
#5132=EDGE_CURVE('',#4058,#4056,#368,.T.);
#5133=EDGE_CURVE('',#3657,#4057,#878,.T.);
#5134=EDGE_CURVE('',#4056,#3656,#879,.T.);
#5135=EDGE_CURVE('',#4059,#4058,#880,.T.);
#5136=EDGE_CURVE('',#4060,#4059,#881,.T.);
#5137=EDGE_CURVE('',#4061,#4060,#882,.T.);
#5138=EDGE_CURVE('',#4062,#4061,#369,.T.);
#5139=EDGE_CURVE('',#4063,#4062,#883,.T.);
#5140=EDGE_CURVE('',#4064,#4063,#884,.T.);
#5141=EDGE_CURVE('',#4064,#4065,#885,.T.);
#5142=EDGE_CURVE('',#4065,#4066,#886,.T.);
#5143=EDGE_CURVE('',#4067,#4066,#887,.T.);
#5144=EDGE_CURVE('',#4067,#4068,#888,.T.);
#5145=EDGE_CURVE('',#4069,#4068,#889,.T.);
#5146=EDGE_CURVE('',#4069,#4070,#890,.T.);
#5147=EDGE_CURVE('',#4070,#4071,#891,.T.);
#5148=EDGE_CURVE('',#4072,#4071,#892,.T.);
#5149=EDGE_CURVE('',#4073,#4072,#893,.T.);
#5150=EDGE_CURVE('',#4074,#4073,#3421,.T.);
#5151=EDGE_CURVE('',#4074,#3721,#894,.T.);
#5152=EDGE_CURVE('',#3700,#4075,#895,.T.);
#5153=EDGE_CURVE('',#4076,#4075,#3422,.T.);
#5154=EDGE_CURVE('',#4077,#4076,#896,.T.);
#5155=EDGE_CURVE('',#4077,#3701,#897,.T.);
#5156=EDGE_CURVE('',#4078,#4079,#898,.T.);
#5157=EDGE_CURVE('',#4080,#4078,#3423,.T.);
#5158=EDGE_CURVE('',#4081,#4080,#899,.T.);
#5159=EDGE_CURVE('',#4082,#4081,#3424,.T.);
#5160=EDGE_CURVE('',#4083,#4082,#900,.T.);
#5161=EDGE_CURVE('',#4084,#4083,#3425,.T.);
#5162=EDGE_CURVE('',#4085,#4084,#901,.T.);
#5163=EDGE_CURVE('',#4086,#4085,#3426,.T.);
#5164=EDGE_CURVE('',#4087,#4086,#902,.T.);
#5165=EDGE_CURVE('',#4079,#4087,#3427,.T.);
#5166=EDGE_CURVE('',#4088,#4088,#3428,.T.);
#5167=EDGE_CURVE('',#4089,#4078,#3429,.T.);
#5168=EDGE_CURVE('',#4079,#4090,#3430,.T.);
#5169=EDGE_CURVE('',#4090,#4089,#903,.T.);
#5170=EDGE_CURVE('',#4087,#4091,#3431,.T.);
#5171=EDGE_CURVE('',#4091,#4090,#3432,.T.);
#5172=EDGE_CURVE('',#4086,#4092,#3433,.T.);
#5173=EDGE_CURVE('',#4092,#4091,#904,.T.);
#5174=EDGE_CURVE('',#4085,#4093,#3434,.T.);
#5175=EDGE_CURVE('',#4093,#4092,#3435,.T.);
#5176=EDGE_CURVE('',#4084,#4094,#3436,.T.);
#5177=EDGE_CURVE('',#4094,#4093,#905,.T.);
#5178=EDGE_CURVE('',#4083,#4095,#3437,.T.);
#5179=EDGE_CURVE('',#4095,#4094,#3438,.T.);
#5180=EDGE_CURVE('',#4082,#4096,#3439,.T.);
#5181=EDGE_CURVE('',#4096,#4095,#906,.T.);
#5182=EDGE_CURVE('',#4081,#4097,#3440,.T.);
#5183=EDGE_CURVE('',#4097,#4096,#3441,.T.);
#5184=EDGE_CURVE('',#4080,#4098,#3442,.T.);
#5185=EDGE_CURVE('',#4098,#4097,#907,.T.);
#5186=EDGE_CURVE('',#4089,#4098,#3443,.T.);
#5187=EDGE_CURVE('',#4099,#4096,#908,.T.);
#5188=EDGE_CURVE('',#4100,#4099,#909,.T.);
#5189=EDGE_CURVE('',#4095,#4100,#910,.T.);
#5190=EDGE_CURVE('',#4097,#4101,#911,.T.);
#5191=EDGE_CURVE('',#4101,#4099,#3444,.T.);
#5192=EDGE_CURVE('',#4102,#4018,#912,.T.);
#5193=EDGE_CURVE('',#4102,#4101,#913,.T.);
#5194=EDGE_CURVE('',#4103,#4098,#914,.F.);
#5195=EDGE_CURVE('',#4104,#4103,#915,.F.);
#5196=EDGE_CURVE('',#4105,#4104,#3445,.F.);
#5197=EDGE_CURVE('',#4106,#4105,#916,.F.);
#5198=EDGE_CURVE('',#4107,#4106,#3446,.F.);
#5199=EDGE_CURVE('',#4107,#4108,#917,.T.);
#5200=EDGE_CURVE('',#4108,#4014,#918,.T.);
#5201=EDGE_CURVE('',#4089,#4109,#919,.T.);
#5202=EDGE_CURVE('',#4103,#4109,#277,.T.);
#5203=EDGE_CURVE('',#4110,#4090,#920,.T.);
#5204=EDGE_CURVE('',#4110,#4111,#921,.T.);
#5205=EDGE_CURVE('',#4112,#4111,#922,.T.);
#5206=EDGE_CURVE('',#4113,#4112,#278,.T.);
#5207=EDGE_CURVE('',#4114,#4113,#923,.T.);
#5208=EDGE_CURVE('',#4114,#4115,#924,.T.);
#5209=EDGE_CURVE('',#4116,#4115,#925,.T.);
#5210=EDGE_CURVE('',#4109,#4116,#926,.T.);
#5211=EDGE_CURVE('',#4117,#3702,#927,.T.);
#5212=EDGE_CURVE('',#4077,#4117,#279,.T.);
#5213=EDGE_CURVE('',#4118,#3699,#928,.T.);
#5214=EDGE_CURVE('',#4118,#4075,#3447,.T.);
#5215=EDGE_CURVE('',#4119,#4076,#3448,.T.);
#5216=EDGE_CURVE('',#4118,#4119,#3449,.T.);
#5217=EDGE_CURVE('',#4119,#4117,#929,.T.);
#5218=EDGE_CURVE('',#4117,#4120,#930,.T.);
#5219=EDGE_CURVE('',#4120,#4121,#931,.T.);
#5220=EDGE_CURVE('',#4121,#3894,#932,.T.);
#5221=EDGE_CURVE('',#4122,#4122,#3450,.T.);
#5222=EDGE_CURVE('',#4123,#4119,#933,.T.);
#5223=EDGE_CURVE('',#4120,#4123,#934,.T.);
#5224=EDGE_CURVE('',#4118,#4124,#935,.T.);
#5225=EDGE_CURVE('',#4124,#4123,#3451,.T.);
#5226=EDGE_CURVE('',#4124,#3705,#936,.T.);
#5227=EDGE_CURVE('',#4125,#4126,#937,.T.);
#5228=EDGE_CURVE('',#4126,#4073,#3452,.T.);
#5229=EDGE_CURVE('',#4072,#4125,#280,.T.);
#5230=EDGE_CURVE('',#4127,#4128,#281,.F.);
#5231=EDGE_CURVE('',#4113,#4127,#3453,.T.);
#5232=EDGE_CURVE('',#4128,#4112,#3454,.T.);
#5233=EDGE_CURVE('',#4129,#4114,#282,.T.);
#5234=EDGE_CURVE('',#4127,#4129,#938,.T.);
#5235=EDGE_CURVE('',#4130,#4111,#3455,.T.);
#5236=EDGE_CURVE('',#4130,#4128,#939,.T.);
#5237=EDGE_CURVE('',#4071,#4131,#3456,.T.);
#5238=EDGE_CURVE('',#4131,#4125,#940,.T.);
#5239=EDGE_CURVE('',#4132,#4133,#3457,.T.);
#5240=EDGE_CURVE('',#4133,#4131,#3458,.T.);
#5241=EDGE_CURVE('',#4071,#4132,#3459,.T.);
#5242=EDGE_CURVE('',#4134,#4133,#941,.T.);
#5243=EDGE_CURVE('',#4132,#4135,#942,.T.);
#5244=EDGE_CURVE('',#4135,#4134,#283,.T.);
#5245=EDGE_CURVE('',#4135,#4127,#943,.T.);
#5246=EDGE_CURVE('',#4128,#4134,#944,.T.);
#5247=EDGE_CURVE('',#4136,#4074,#3460,.T.);
#5248=EDGE_CURVE('',#4126,#4136,#3461,.T.);
#5249=EDGE_CURVE('',#4136,#3720,#945,.T.);
#5250=EDGE_CURVE('',#4126,#4137,#946,.T.);
#5251=EDGE_CURVE('',#4137,#4138,#3462,.T.);
#5252=EDGE_CURVE('',#4138,#4136,#947,.T.);
#5253=EDGE_CURVE('',#4139,#4125,#948,.T.);
#5254=EDGE_CURVE('',#4137,#4139,#949,.T.);
#5255=EDGE_CURVE('',#4134,#4139,#950,.T.);
#5256=EDGE_CURVE('',#4140,#4141,#951,.T.);
#5257=EDGE_CURVE('',#4141,#4142,#952,.T.);
#5258=EDGE_CURVE('',#4142,#4143,#953,.T.);
#5259=EDGE_CURVE('',#4143,#4140,#954,.T.);
#5260=EDGE_CURVE('',#4130,#4139,#955,.T.);
#5261=EDGE_CURVE('',#4144,#4110,#3463,.T.);
#5262=EDGE_CURVE('',#4144,#4145,#956,.T.);
#5263=EDGE_CURVE('',#4146,#4145,#3464,.T.);
#5264=EDGE_CURVE('',#4146,#4147,#957,.T.);
#5265=EDGE_CURVE('',#4100,#4147,#3465,.T.);
#5266=EDGE_CURVE('',#4148,#4102,#3466,.F.);
#5267=EDGE_CURVE('',#4149,#4148,#958,.T.);
#5268=EDGE_CURVE('',#4149,#4038,#3467,.T.);
#5269=EDGE_CURVE('',#4037,#4150,#3468,.T.);
#5270=EDGE_CURVE('',#4120,#4150,#959,.T.);
#5271=EDGE_CURVE('',#4138,#3722,#960,.T.);
#5272=EDGE_CURVE('',#4151,#4152,#961,.T.);
#5273=EDGE_CURVE('',#4152,#4153,#3469,.T.);
#5274=EDGE_CURVE('',#4153,#4154,#962,.T.);
#5275=EDGE_CURVE('',#4154,#4151,#284,.T.);
#5276=EDGE_CURVE('',#4155,#4156,#963,.T.);
#5277=EDGE_CURVE('',#4156,#4157,#3470,.T.);
#5278=EDGE_CURVE('',#4157,#4158,#964,.T.);
#5279=EDGE_CURVE('',#4158,#4155,#285,.T.);
#5280=EDGE_CURVE('',#4159,#4160,#965,.T.);
#5281=EDGE_CURVE('',#4160,#4161,#286,.T.);
#5282=EDGE_CURVE('',#4161,#4162,#966,.T.);
#5283=EDGE_CURVE('',#4162,#4159,#287,.T.);
#5284=EDGE_CURVE('',#4158,#4161,#967,.T.);
#5285=EDGE_CURVE('',#4160,#4155,#968,.T.);
#5286=EDGE_CURVE('',#4064,#4163,#3471,.T.);
#5287=EDGE_CURVE('',#4163,#4157,#3472,.T.);
#5288=EDGE_CURVE('',#4156,#4064,#3473,.T.);
#5289=EDGE_CURVE('',#4164,#4163,#969,.T.);
#5290=EDGE_CURVE('',#4063,#4164,#288,.T.);
#5291=EDGE_CURVE('',#4154,#4159,#970,.T.);
#5292=EDGE_CURVE('',#4162,#4151,#971,.T.);
#5293=EDGE_CURVE('',#4062,#4165,#3474,.T.);
#5294=EDGE_CURVE('',#4165,#4164,#972,.T.);
#5295=EDGE_CURVE('',#4061,#4165,#370,.T.);
#5296=EDGE_CURVE('',#4049,#3998,#973,.T.);
#5297=EDGE_CURVE('',#4166,#4051,#974,.T.);
#5298=EDGE_CURVE('',#4164,#4166,#975,.T.);
#5299=EDGE_CURVE('',#4167,#4165,#3475,.T.);
#5300=EDGE_CURVE('',#4168,#4167,#3476,.T.);
#5301=EDGE_CURVE('',#4169,#4168,#3477,.T.);
#5302=EDGE_CURVE('',#4170,#4169,#976,.T.);
#5303=EDGE_CURVE('',#4171,#4170,#3478,.T.);
#5304=EDGE_CURVE('',#4172,#4171,#3479,.T.);
#5305=EDGE_CURVE('',#4057,#4172,#3480,.T.);
#5306=EDGE_CURVE('',#4173,#4173,#3481,.T.);
#5307=EDGE_CURVE('',#4061,#4174,#3482,.T.);
#5308=EDGE_CURVE('',#4167,#4174,#3483,.T.);
#5309=EDGE_CURVE('',#4156,#4175,#977,.T.);
#5310=EDGE_CURVE('',#4175,#4065,#3484,.T.);
#5311=EDGE_CURVE('',#4155,#4176,#978,.T.);
#5312=EDGE_CURVE('',#4176,#4177,#979,.F.);
#5313=EDGE_CURVE('',#4177,#4175,#980,.T.);
#5314=EDGE_CURVE('',#4160,#4178,#981,.T.);
#5315=EDGE_CURVE('',#4179,#4178,#982,.T.);
#5316=EDGE_CURVE('',#4180,#4179,#983,.T.);
#5317=EDGE_CURVE('',#4181,#4180,#984,.T.);
#5318=EDGE_CURVE('',#4182,#4181,#985,.T.);
#5319=EDGE_CURVE('',#4115,#4182,#289,.T.);
#5320=EDGE_CURVE('',#4176,#4129,#986,.T.);
#5321=EDGE_CURVE('',#4159,#4183,#987,.T.);
#5322=EDGE_CURVE('',#4183,#4184,#988,.T.);
#5323=EDGE_CURVE('',#4184,#4185,#989,.T.);
#5324=EDGE_CURVE('',#4185,#4186,#990,.T.);
#5325=EDGE_CURVE('',#4187,#4186,#991,.T.);
#5326=EDGE_CURVE('',#4178,#4187,#992,.T.);
#5327=EDGE_CURVE('',#4188,#4188,#3485,.T.);
#5328=EDGE_CURVE('',#4188,#4189,#993,.T.);
#5329=EDGE_CURVE('',#4189,#4190,#3486,.T.);
#5330=EDGE_CURVE('',#4190,#4189,#3487,.T.);
#5331=EDGE_CURVE('',#4191,#4192,#3488,.T.);
#5332=EDGE_CURVE('',#4193,#4191,#994,.T.);
#5333=EDGE_CURVE('',#4194,#4193,#3489,.T.);
#5334=EDGE_CURVE('',#4195,#4194,#995,.T.);
#5335=EDGE_CURVE('',#4196,#4195,#996,.T.);
#5336=EDGE_CURVE('',#4197,#4196,#997,.T.);
#5337=EDGE_CURVE('',#4198,#4197,#998,.T.);
#5338=EDGE_CURVE('',#4192,#4198,#3490,.T.);
#5339=EDGE_CURVE('',#4190,#4199,#999,.T.);
#5340=EDGE_CURVE('',#4199,#4199,#3491,.T.);
#5341=EDGE_CURVE('',#4200,#4200,#3492,.T.);
#5342=EDGE_CURVE('',#4200,#4201,#1000,.T.);
#5343=EDGE_CURVE('',#4201,#4202,#3493,.T.);
#5344=EDGE_CURVE('',#4202,#4201,#3494,.T.);
#5345=EDGE_CURVE('',#4202,#4203,#1001,.T.);
#5346=EDGE_CURVE('',#4203,#4203,#3495,.T.);
#5347=EDGE_CURVE('',#4204,#4205,#1002,.T.);
#5348=EDGE_CURVE('',#4204,#4206,#1003,.T.);
#5349=EDGE_CURVE('',#4207,#4206,#1004,.T.);
#5350=EDGE_CURVE('',#4205,#4207,#3496,.T.);
#5351=EDGE_CURVE('',#4208,#4166,#1005,.T.);
#5352=EDGE_CURVE('',#4055,#4208,#1006,.T.);
#5353=EDGE_CURVE('',#4209,#4208,#1007,.T.);
#5354=EDGE_CURVE('',#4209,#4210,#3497,.T.);
#5355=EDGE_CURVE('',#4210,#4211,#1008,.T.);
#5356=EDGE_CURVE('',#4211,#4212,#3498,.T.);
#5357=EDGE_CURVE('',#4212,#4213,#1009,.T.);
#5358=EDGE_CURVE('',#4213,#4152,#1010,.T.);
#5359=EDGE_CURVE('',#4214,#4215,#1011,.T.);
#5360=EDGE_CURVE('',#4216,#4214,#1012,.T.);
#5361=EDGE_CURVE('',#4217,#4216,#1013,.T.);
#5362=EDGE_CURVE('',#4215,#4217,#1014,.T.);
#5363=EDGE_CURVE('',#4218,#4218,#3499,.T.);
#5364=EDGE_CURVE('',#4215,#4219,#290,.T.);
#5365=EDGE_CURVE('',#4219,#4220,#1015,.T.);
#5366=EDGE_CURVE('',#4220,#4214,#291,.T.);
#5367=EDGE_CURVE('',#4220,#4221,#1016,.T.);
#5368=EDGE_CURVE('',#4221,#4216,#292,.T.);
#5369=EDGE_CURVE('',#4221,#4222,#1017,.T.);
#5370=EDGE_CURVE('',#4222,#4217,#293,.T.);
#5371=EDGE_CURVE('',#4222,#4219,#1018,.T.);
#5372=EDGE_CURVE('',#4223,#4220,#1019,.T.);
#5373=EDGE_CURVE('',#4224,#4223,#1020,.T.);
#5374=EDGE_CURVE('',#4221,#4224,#1021,.T.);
#5375=EDGE_CURVE('',#4225,#4219,#1022,.T.);
#5376=EDGE_CURVE('',#4223,#4225,#1023,.T.);
#5377=EDGE_CURVE('',#4226,#4227,#294,.F.);
#5378=EDGE_CURVE('',#4226,#4228,#1024,.T.);
#5379=EDGE_CURVE('',#4228,#4229,#3500,.T.);
#5380=EDGE_CURVE('',#4229,#4227,#1025,.T.);
#5381=EDGE_CURVE('',#4230,#4231,#371,.T.);
#5382=EDGE_CURVE('',#4231,#4229,#372,.T.);
#5383=EDGE_CURVE('',#4228,#4230,#373,.T.);
#5384=EDGE_CURVE('',#4228,#4232,#1026,.T.);
#5385=EDGE_CURVE('',#4232,#4233,#295,.T.);
#5386=EDGE_CURVE('',#4233,#4230,#1027,.T.);
#5387=EDGE_CURVE('',#4234,#4226,#1028,.T.);
#5388=EDGE_CURVE('',#4235,#4234,#3501,.T.);
#5389=EDGE_CURVE('',#4236,#4235,#1029,.T.);
#5390=EDGE_CURVE('',#4237,#4236,#1030,.T.);
#5391=EDGE_CURVE('',#4238,#4237,#1031,.T.);
#5392=EDGE_CURVE('',#4239,#4238,#3502,.T.);
#5393=EDGE_CURVE('',#4240,#4239,#1032,.T.);
#5394=EDGE_CURVE('',#4241,#4240,#3503,.T.);
#5395=EDGE_CURVE('',#4242,#4241,#1033,.T.);
#5396=EDGE_CURVE('',#4243,#4242,#3504,.T.);
#5397=EDGE_CURVE('',#4244,#4243,#1034,.T.);
#5398=EDGE_CURVE('',#4245,#4244,#1035,.T.);
#5399=EDGE_CURVE('',#4246,#4245,#1036,.T.);
#5400=EDGE_CURVE('',#4246,#4232,#1037,.T.);
#5401=EDGE_CURVE('',#4225,#4247,#1038,.T.);
#5402=EDGE_CURVE('',#4247,#4224,#1039,.T.);
#5403=EDGE_CURVE('',#4191,#4248,#3505,.T.);
#5404=EDGE_CURVE('',#4248,#4249,#1040,.T.);
#5405=EDGE_CURVE('',#4249,#4193,#374,.F.);
#5406=EDGE_CURVE('',#4192,#4250,#375,.F.);
#5407=EDGE_CURVE('',#4250,#4248,#3506,.T.);
#5408=EDGE_CURVE('',#4251,#4116,#296,.T.);
#5409=EDGE_CURVE('',#4182,#4251,#1041,.T.);
#5410=EDGE_CURVE('',#4103,#4246,#297,.T.);
#5411=EDGE_CURVE('',#4251,#4233,#1042,.T.);
#5412=EDGE_CURVE('',#4244,#4252,#298,.T.);
#5413=EDGE_CURVE('',#4252,#4253,#1043,.T.);
#5414=EDGE_CURVE('',#4245,#4253,#299,.T.);
#5415=EDGE_CURVE('',#4104,#4253,#376,.T.);
#5416=EDGE_CURVE('',#4254,#4255,#3507,.T.);
#5417=EDGE_CURVE('',#4256,#4255,#3508,.T.);
#5418=EDGE_CURVE('',#4257,#4256,#3509,.F.);
#5419=EDGE_CURVE('',#4254,#4257,#3510,.T.);
#5420=EDGE_CURVE('',#4180,#4197,#3511,.F.);
#5421=EDGE_CURVE('',#4258,#4180,#3512,.F.);
#5422=EDGE_CURVE('',#4197,#4258,#3513,.F.);
#5423=EDGE_CURVE('',#4179,#4259,#3514,.F.);
#5424=EDGE_CURVE('',#4259,#4258,#1044,.T.);
#5425=EDGE_CURVE('',#4260,#4198,#377,.F.);
#5426=EDGE_CURVE('',#4258,#4260,#1045,.T.);
#5427=EDGE_CURVE('',#4261,#4262,#3515,.F.);
#5428=EDGE_CURVE('',#4263,#4261,#3516,.T.);
#5429=EDGE_CURVE('',#4263,#4264,#3517,.T.);
#5430=EDGE_CURVE('',#4262,#4264,#3518,.T.);
#5431=EDGE_CURVE('',#4265,#4234,#3519,.T.);
#5432=EDGE_CURVE('',#4266,#4265,#3520,.F.);
#5433=EDGE_CURVE('',#4235,#4266,#3521,.T.);
#5434=EDGE_CURVE('',#4227,#4267,#378,.T.);
#5435=EDGE_CURVE('',#4267,#4265,#1046,.T.);
#5436=EDGE_CURVE('',#4255,#4266,#1047,.T.);
#5437=EDGE_CURVE('',#4265,#4256,#1048,.T.);
#5438=EDGE_CURVE('',#4196,#4181,#300,.T.);
#5439=EDGE_CURVE('',#4268,#4236,#3522,.F.);
#5440=EDGE_CURVE('',#4269,#4268,#3523,.T.);
#5441=EDGE_CURVE('',#4269,#4270,#3524,.T.);
#5442=EDGE_CURVE('',#4236,#4270,#3525,.T.);
#5443=EDGE_CURVE('',#4261,#4269,#1049,.T.);
#5444=EDGE_CURVE('',#4268,#4263,#1050,.T.);
#5445=EDGE_CURVE('',#4271,#4195,#3526,.F.);
#5446=EDGE_CURVE('',#4272,#4271,#3527,.F.);
#5447=EDGE_CURVE('',#4195,#4272,#3528,.F.);
#5448=EDGE_CURVE('',#4273,#4274,#3529,.F.);
#5449=EDGE_CURVE('',#4275,#4273,#3530,.T.);
#5450=EDGE_CURVE('',#4275,#4276,#3531,.T.);
#5451=EDGE_CURVE('',#4274,#4276,#3532,.T.);
#5452=EDGE_CURVE('',#4237,#4277,#3533,.F.);
#5453=EDGE_CURVE('',#4278,#4237,#3534,.T.);
#5454=EDGE_CURVE('',#4278,#4279,#3535,.T.);
#5455=EDGE_CURVE('',#4277,#4279,#3536,.T.);
#5456=EDGE_CURVE('',#4270,#4278,#1051,.T.);
#5457=EDGE_CURVE('',#4271,#4277,#1052,.T.);
#5458=EDGE_CURVE('',#4279,#4272,#1053,.T.);
#5459=EDGE_CURVE('',#4280,#4242,#3537,.T.);
#5460=EDGE_CURVE('',#4281,#4280,#3538,.F.);
#5461=EDGE_CURVE('',#4243,#4281,#3539,.T.);
#5462=EDGE_CURVE('',#4277,#4282,#1054,.T.);
#5463=EDGE_CURVE('',#4282,#4238,#379,.T.);
#5464=EDGE_CURVE('',#4283,#4280,#1055,.T.);
#5465=EDGE_CURVE('',#4241,#4283,#380,.T.);
#5466=EDGE_CURVE('',#4282,#4284,#3540,.T.);
#5467=EDGE_CURVE('',#4284,#4239,#381,.T.);
#5468=EDGE_CURVE('',#4285,#4240,#3541,.F.);
#5469=EDGE_CURVE('',#4286,#4285,#3542,.F.);
#5470=EDGE_CURVE('',#4240,#4286,#3543,.F.);
#5471=EDGE_CURVE('',#4250,#4286,#1056,.T.);
#5472=EDGE_CURVE('',#4285,#4248,#1057,.T.);
#5473=EDGE_CURVE('',#4286,#4283,#3544,.T.);
#5474=EDGE_CURVE('',#4284,#4285,#1058,.T.);
#5475=EDGE_CURVE('',#4273,#4281,#1059,.T.);
#5476=EDGE_CURVE('',#4280,#4275,#1060,.T.);
#5477=EDGE_CURVE('',#4281,#4287,#1061,.T.);
#5478=EDGE_CURVE('',#4252,#4287,#382,.F.);
#5479=EDGE_CURVE('',#4288,#4289,#383,.F.);
#5480=EDGE_CURVE('',#4289,#4274,#1062,.T.);
#5481=EDGE_CURVE('',#4276,#4288,#1063,.T.);
#5482=EDGE_CURVE('',#4290,#4273,#1064,.T.);
#5483=EDGE_CURVE('',#4274,#4291,#1065,.T.);
#5484=EDGE_CURVE('',#4291,#4292,#384,.T.);
#5485=EDGE_CURVE('',#4292,#4290,#301,.T.);
#5486=EDGE_CURVE('',#4272,#4181,#1066,.T.);
#5487=EDGE_CURVE('',#4293,#4271,#1067,.T.);
#5488=EDGE_CURVE('',#4194,#4293,#385,.T.);
#5489=EDGE_CURVE('',#4266,#4268,#1068,.T.);
#5490=EDGE_CURVE('',#4291,#4107,#1069,.T.);
#5491=EDGE_CURVE('',#4106,#4292,#1070,.T.);
#5492=EDGE_CURVE('',#4249,#4293,#3545,.T.);
#5493=EDGE_CURVE('',#4257,#4262,#1071,.T.);
#5494=EDGE_CURVE('',#4264,#4254,#1072,.T.);
#5495=EDGE_CURVE('',#4294,#4261,#1073,.T.);
#5496=EDGE_CURVE('',#4262,#4295,#1074,.T.);
#5497=EDGE_CURVE('',#4295,#4296,#386,.T.);
#5498=EDGE_CURVE('',#4296,#4294,#302,.T.);
#5499=EDGE_CURVE('',#4297,#4257,#1075,.T.);
#5500=EDGE_CURVE('',#4256,#4298,#1076,.T.);
#5501=EDGE_CURVE('',#4298,#4299,#303,.T.);
#5502=EDGE_CURVE('',#4297,#4299,#387,.T.);
#5503=EDGE_CURVE('',#4299,#4296,#1077,.T.);
#5504=EDGE_CURVE('',#4295,#4297,#1078,.T.);
#5505=EDGE_CURVE('',#4108,#4289,#3546,.T.);
#5506=EDGE_CURVE('',#4288,#4283,#1079,.T.);
#5507=EDGE_CURVE('',#4260,#4300,#1080,.T.);
#5508=EDGE_CURVE('',#4187,#4300,#3547,.T.);
#5509=EDGE_CURVE('',#4186,#4301,#3548,.T.);
#5510=EDGE_CURVE('',#4302,#4301,#1081,.T.);
#5511=EDGE_CURVE('',#4303,#4302,#388,.T.);
#5512=EDGE_CURVE('',#4304,#4303,#1082,.T.);
#5513=EDGE_CURVE('',#4304,#4305,#3549,.T.);
#5514=EDGE_CURVE('',#4305,#4306,#1083,.T.);
#5515=EDGE_CURVE('',#3983,#4306,#3550,.T.);
#5516=EDGE_CURVE('',#4284,#4249,#1084,.T.);
#5517=EDGE_CURVE('',#4282,#4293,#1085,.T.);
#5518=EDGE_CURVE('',#4300,#4259,#1086,.T.);
#5519=EDGE_CURVE('',#4307,#4294,#1087,.T.);
#5520=EDGE_CURVE('',#4231,#4307,#3551,.T.);
#5521=EDGE_CURVE('',#4298,#4308,#1088,.T.);
#5522=EDGE_CURVE('',#4307,#4308,#1089,.T.);
#5523=EDGE_CURVE('',#4308,#4267,#3552,.T.);
#5524=EDGE_CURVE('',#4287,#4309,#3553,.T.);
#5525=EDGE_CURVE('',#4309,#4105,#1090,.T.);
#5526=EDGE_CURVE('',#4309,#4290,#1091,.T.);
#5527=EDGE_CURVE('',#4006,#4041,#1092,.T.);
#5528=EDGE_CURVE('',#4045,#4004,#1093,.T.);
#5529=EDGE_CURVE('',#4002,#4047,#1094,.T.);
#5530=EDGE_CURVE('',#4024,#4148,#1095,.T.);
#5531=EDGE_CURVE('',#4149,#4026,#1096,.T.);
#5532=EDGE_CURVE('',#4036,#4310,#3554,.T.);
#5533=EDGE_CURVE('',#4310,#4150,#1097,.T.);
#5534=EDGE_CURVE('',#4121,#4310,#1098,.T.);
#5535=EDGE_CURVE('',#4311,#4312,#304,.T.);
#5536=EDGE_CURVE('',#4312,#4313,#389,.T.);
#5537=EDGE_CURVE('',#4313,#4314,#305,.T.);
#5538=EDGE_CURVE('',#4314,#4315,#390,.T.);
#5539=EDGE_CURVE('',#4311,#4315,#391,.T.);
#5540=EDGE_CURVE('',#4312,#4316,#306,.T.);
#5541=EDGE_CURVE('',#4316,#4317,#392,.T.);
#5542=EDGE_CURVE('',#4317,#4318,#1099,.T.);
#5543=EDGE_CURVE('',#4318,#4319,#307,.T.);
#5544=EDGE_CURVE('',#4319,#4313,#393,.T.);
#5545=EDGE_CURVE('',#4315,#4320,#1100,.T.);
#5546=EDGE_CURVE('',#4320,#4321,#394,.T.);
#5547=EDGE_CURVE('',#4321,#4311,#1101,.T.);
#5548=EDGE_CURVE('',#4316,#4322,#1102,.T.);
#5549=EDGE_CURVE('',#4322,#4323,#395,.T.);
#5550=EDGE_CURVE('',#4323,#4317,#1103,.T.);
#5551=EDGE_CURVE('',#4322,#4324,#308,.T.);
#5552=EDGE_CURVE('',#4324,#4325,#396,.T.);
#5553=EDGE_CURVE('',#4325,#4326,#397,.T.);
#5554=EDGE_CURVE('',#4326,#4327,#309,.T.);
#5555=EDGE_CURVE('',#4323,#4327,#1104,.T.);
#5556=EDGE_CURVE('',#4328,#4325,#310,.T.);
#5557=EDGE_CURVE('',#4324,#4321,#311,.T.);
#5558=EDGE_CURVE('',#4320,#4328,#398,.T.);
#5559=EDGE_CURVE('',#4318,#4329,#1105,.T.);
#5560=EDGE_CURVE('',#4329,#4330,#1106,.T.);
#5561=EDGE_CURVE('',#4319,#4330,#1107,.T.);
#5562=EDGE_CURVE('',#4327,#4331,#1108,.T.);
#5563=EDGE_CURVE('',#4331,#4329,#1109,.T.);
#5564=EDGE_CURVE('',#4326,#4332,#1110,.T.);
#5565=EDGE_CURVE('',#4332,#4331,#1111,.T.);
#5566=EDGE_CURVE('',#4211,#4052,#1112,.T.);
#5567=EDGE_CURVE('',#4212,#4042,#1113,.T.);
#5568=EDGE_CURVE('',#4206,#4333,#3555,.T.);
#5569=EDGE_CURVE('',#4333,#4334,#1114,.T.);
#5570=EDGE_CURVE('',#4334,#4207,#3556,.T.);
#5571=EDGE_CURVE('',#4335,#4205,#3557,.T.);
#5572=EDGE_CURVE('',#4334,#4335,#3558,.T.);
#5573=EDGE_CURVE('',#4336,#4204,#3559,.T.);
#5574=EDGE_CURVE('',#4335,#4336,#1115,.T.);
#5575=EDGE_CURVE('',#4337,#4335,#1116,.T.);
#5576=EDGE_CURVE('',#4338,#4337,#1117,.T.);
#5577=EDGE_CURVE('',#4338,#4336,#1118,.T.);
#5578=EDGE_CURVE('',#4339,#4334,#1119,.T.);
#5579=EDGE_CURVE('',#4337,#4339,#399,.T.);
#5580=EDGE_CURVE('',#4301,#4338,#3560,.T.);
#5581=EDGE_CURVE('',#4340,#4185,#1120,.T.);
#5582=EDGE_CURVE('',#4305,#4340,#1121,.T.);
#5583=EDGE_CURVE('',#4341,#4304,#3561,.T.);
#5584=EDGE_CURVE('',#4333,#4341,#1122,.T.);
#5585=EDGE_CURVE('',#4339,#4341,#1123,.T.);
#5586=EDGE_CURVE('',#4337,#4302,#3562,.T.);
#5587=EDGE_CURVE('',#4339,#4303,#3563,.T.);
#5588=EDGE_CURVE('',#4184,#4342,#1124,.T.);
#5589=EDGE_CURVE('',#4342,#4340,#1125,.T.);
#5590=EDGE_CURVE('',#4342,#4306,#1126,.T.);
#5591=EDGE_CURVE('',#4330,#4343,#1127,.T.);
#5592=EDGE_CURVE('',#4314,#4343,#1128,.T.);
#5593=EDGE_CURVE('',#4343,#4344,#1129,.T.);
#5594=EDGE_CURVE('',#4344,#4328,#1130,.T.);
#5595=EDGE_CURVE('',#4344,#4332,#1131,.T.);
#5596=EDGE_CURVE('',#4091,#4144,#1132,.T.);
#5597=EDGE_CURVE('',#4093,#4146,#1133,.T.);
#5598=EDGE_CURVE('',#4145,#4092,#1134,.T.);
#5599=EDGE_CURVE('',#4147,#4094,#1135,.T.);
#5600=EDGE_CURVE('',#4247,#4222,#1136,.T.);
#5601=EDGE_CURVE('',#4345,#3935,#1137,.T.);
#5602=EDGE_CURVE('',#4346,#3933,#1138,.T.);
#5603=EDGE_CURVE('',#4346,#4345,#1139,.T.);
#5604=EDGE_CURVE('',#4346,#4035,#1140,.T.);
#5605=EDGE_CURVE('',#4034,#4345,#1141,.T.);
#5606=EDGE_CURVE('',#4347,#4345,#1142,.T.);
#5607=EDGE_CURVE('',#3941,#4347,#1143,.T.);
#5608=EDGE_CURVE('',#4348,#4348,#3564,.T.);
#5609=EDGE_CURVE('',#4347,#4033,#1144,.T.);
#5610=EDGE_CURVE('',#3940,#4088,#1145,.T.);
#5611=EDGE_CURVE('',#3939,#3941,#3565,.T.);
#5612=EDGE_CURVE('',#4173,#4039,#1146,.T.);
#5613=EDGE_CURVE('',#4348,#4122,#1147,.T.);
#5614=EDGE_CURVE('',#4209,#4054,#1148,.T.);
#5615=EDGE_CURVE('',#4066,#4177,#1149,.T.);
#5616=EDGE_CURVE('',#4349,#4349,#3566,.T.);
#5617=EDGE_CURVE('',#4210,#4053,#1150,.T.);
#5618=EDGE_CURVE('',#4350,#4059,#3567,.T.);
#5619=EDGE_CURVE('',#4350,#4351,#3568,.T.);
#5620=EDGE_CURVE('',#4352,#4351,#3569,.T.);
#5621=EDGE_CURVE('',#4352,#4353,#1151,.T.);
#5622=EDGE_CURVE('',#4354,#4353,#3570,.T.);
#5623=EDGE_CURVE('',#4354,#4355,#3571,.T.);
#5624=EDGE_CURVE('',#4060,#4355,#3572,.T.);
#5625=EDGE_CURVE('',#4172,#4356,#3573,.T.);
#5626=EDGE_CURVE('',#4356,#4058,#3574,.T.);
#5627=EDGE_CURVE('',#4171,#4357,#3575,.T.);
#5628=EDGE_CURVE('',#4357,#4356,#3576,.T.);
#5629=EDGE_CURVE('',#4170,#4358,#3577,.T.);
#5630=EDGE_CURVE('',#4358,#4357,#3578,.T.);
#5631=EDGE_CURVE('',#4169,#4359,#3579,.T.);
#5632=EDGE_CURVE('',#4359,#4358,#1152,.T.);
#5633=EDGE_CURVE('',#4168,#4360,#3580,.T.);
#5634=EDGE_CURVE('',#4360,#4359,#3581,.T.);
#5635=EDGE_CURVE('',#4174,#4360,#3582,.T.);
#5636=EDGE_CURVE('',#4355,#4174,#1153,.T.);
#5637=EDGE_CURVE('',#4356,#4350,#1154,.T.);
#5638=EDGE_CURVE('',#4360,#4354,#1155,.T.);
#5639=EDGE_CURVE('',#4353,#4359,#1156,.T.);
#5640=EDGE_CURVE('',#4358,#4352,#1157,.T.);
#5641=EDGE_CURVE('',#4351,#4357,#1158,.T.);
#5642=EDGE_CURVE('',#4140,#4361,#1159,.T.);
#5643=EDGE_CURVE('',#4361,#4362,#1160,.T.);
#5644=EDGE_CURVE('',#4141,#4362,#1161,.T.);
#5645=EDGE_CURVE('',#4143,#4363,#1162,.T.);
#5646=EDGE_CURVE('',#4363,#4361,#1163,.T.);
#5647=EDGE_CURVE('',#4142,#4364,#1164,.T.);
#5648=EDGE_CURVE('',#4364,#4363,#1165,.T.);
#5649=EDGE_CURVE('',#4362,#4364,#1166,.T.);
#5650=EDGE_CURVE('',#4365,#4365,#3583,.T.);
#5651=EDGE_CURVE('',#4176,#4067,#1167,.T.);
#5652=EDGE_CURVE('',#4366,#4129,#1168,.T.);
#5653=EDGE_CURVE('',#4068,#4366,#1169,.T.);
#5654=EDGE_CURVE('',#4366,#4367,#1170,.T.);
#5655=EDGE_CURVE('',#4367,#4069,#1171,.T.);
#5656=EDGE_CURVE('',#4368,#4367,#1172,.T.);
#5657=EDGE_CURVE('',#4070,#4368,#3584,.T.);
#5658=EDGE_CURVE('',#4369,#4369,#3585,.T.);
#5659=EDGE_CURVE('',#4368,#4132,#1173,.T.);
#5660=EDGE_CURVE('',#4370,#4370,#3586,.T.);
#5661=EDGE_CURVE('',#4370,#4349,#1174,.T.);
#5662=EDGE_CURVE('',#4218,#4370,#1175,.T.);
#5663=EDGE_CURVE('',#4369,#4365,#1176,.T.);
#5664=EDGE_CURVE('',#4371,#3984,#1177,.T.);
#5665=EDGE_CURVE('',#4371,#4007,#1178,.T.);
#5666=EDGE_CURVE('',#4372,#4371,#1179,.T.);
#5667=EDGE_CURVE('',#4213,#4372,#1180,.T.);
#5668=EDGE_CURVE('',#4373,#4372,#1181,.T.);
#5669=EDGE_CURVE('',#4153,#4373,#1182,.T.);
#5670=EDGE_CURVE('',#4374,#4373,#1183,.T.);
#5671=EDGE_CURVE('',#4154,#4374,#1184,.T.);
#5672=EDGE_CURVE('',#4183,#4374,#1185,.T.);
#5673=ORIENTED_EDGE('',*,*,#4375,.T.);
#5674=ORIENTED_EDGE('',*,*,#4376,.T.);
#5675=ORIENTED_EDGE('',*,*,#4377,.T.);
#5676=ORIENTED_EDGE('',*,*,#4378,.F.);
#5677=ORIENTED_EDGE('',*,*,#4379,.F.);
#5678=ORIENTED_EDGE('',*,*,#4377,.F.);
#5679=ORIENTED_EDGE('',*,*,#4380,.F.);
#5680=ORIENTED_EDGE('',*,*,#4381,.F.);
#5681=ORIENTED_EDGE('',*,*,#4382,.F.);
#5682=ORIENTED_EDGE('',*,*,#4383,.T.);
#5683=ORIENTED_EDGE('',*,*,#4384,.F.);
#5684=ORIENTED_EDGE('',*,*,#4385,.F.);
#5685=ORIENTED_EDGE('',*,*,#4386,.F.);
#5686=ORIENTED_EDGE('',*,*,#4381,.T.);
#5687=ORIENTED_EDGE('',*,*,#4387,.F.);
#5688=ORIENTED_EDGE('',*,*,#4388,.F.);
#5689=ORIENTED_EDGE('',*,*,#4389,.F.);
#5690=ORIENTED_EDGE('',*,*,#4385,.T.);
#5691=ORIENTED_EDGE('',*,*,#4390,.F.);
#5692=ORIENTED_EDGE('',*,*,#4391,.F.);
#5693=ORIENTED_EDGE('',*,*,#4392,.F.);
#5694=ORIENTED_EDGE('',*,*,#4388,.T.);
#5695=ORIENTED_EDGE('',*,*,#4393,.F.);
#5696=ORIENTED_EDGE('',*,*,#4394,.F.);
#5697=ORIENTED_EDGE('',*,*,#4395,.F.);
#5698=ORIENTED_EDGE('',*,*,#4391,.T.);
#5699=ORIENTED_EDGE('',*,*,#4396,.F.);
#5700=ORIENTED_EDGE('',*,*,#4397,.F.);
#5701=ORIENTED_EDGE('',*,*,#4398,.F.);
#5702=ORIENTED_EDGE('',*,*,#4394,.T.);
#5703=ORIENTED_EDGE('',*,*,#4399,.F.);
#5704=ORIENTED_EDGE('',*,*,#4400,.F.);
#5705=ORIENTED_EDGE('',*,*,#4401,.F.);
#5706=ORIENTED_EDGE('',*,*,#4397,.T.);
#5707=ORIENTED_EDGE('',*,*,#4402,.F.);
#5708=ORIENTED_EDGE('',*,*,#4403,.F.);
#5709=ORIENTED_EDGE('',*,*,#4404,.F.);
#5710=ORIENTED_EDGE('',*,*,#4400,.T.);
#5711=ORIENTED_EDGE('',*,*,#4405,.F.);
#5712=ORIENTED_EDGE('',*,*,#4406,.F.);
#5713=ORIENTED_EDGE('',*,*,#4407,.F.);
#5714=ORIENTED_EDGE('',*,*,#4403,.T.);
#5715=ORIENTED_EDGE('',*,*,#4408,.F.);
#5716=ORIENTED_EDGE('',*,*,#4409,.F.);
#5717=ORIENTED_EDGE('',*,*,#4410,.F.);
#5718=ORIENTED_EDGE('',*,*,#4406,.T.);
#5719=ORIENTED_EDGE('',*,*,#4411,.F.);
#5720=ORIENTED_EDGE('',*,*,#4412,.F.);
#5721=ORIENTED_EDGE('',*,*,#4413,.F.);
#5722=ORIENTED_EDGE('',*,*,#4414,.F.);
#5723=ORIENTED_EDGE('',*,*,#4409,.T.);
#5724=ORIENTED_EDGE('',*,*,#4415,.F.);
#5725=ORIENTED_EDGE('',*,*,#4413,.T.);
#5726=ORIENTED_EDGE('',*,*,#4416,.F.);
#5727=ORIENTED_EDGE('',*,*,#4376,.F.);
#5728=ORIENTED_EDGE('',*,*,#4417,.F.);
#5729=ORIENTED_EDGE('',*,*,#4418,.F.);
#5730=ORIENTED_EDGE('',*,*,#4375,.F.);
#5731=ORIENTED_EDGE('',*,*,#4419,.F.);
#5732=ORIENTED_EDGE('',*,*,#4417,.T.);
#5733=ORIENTED_EDGE('',*,*,#4420,.F.);
#5734=ORIENTED_EDGE('',*,*,#4421,.F.);
#5735=ORIENTED_EDGE('',*,*,#4422,.F.);
#5736=ORIENTED_EDGE('',*,*,#4423,.F.);
#5737=ORIENTED_EDGE('',*,*,#4424,.F.);
#5738=ORIENTED_EDGE('',*,*,#4421,.T.);
#5739=ORIENTED_EDGE('',*,*,#4425,.F.);
#5740=ORIENTED_EDGE('',*,*,#4426,.F.);
#5741=ORIENTED_EDGE('',*,*,#4427,.F.);
#5742=ORIENTED_EDGE('',*,*,#4423,.T.);
#5743=ORIENTED_EDGE('',*,*,#4428,.F.);
#5744=ORIENTED_EDGE('',*,*,#4429,.F.);
#5745=ORIENTED_EDGE('',*,*,#4430,.F.);
#5746=ORIENTED_EDGE('',*,*,#4426,.T.);
#5747=ORIENTED_EDGE('',*,*,#4431,.F.);
#5748=ORIENTED_EDGE('',*,*,#4432,.F.);
#5749=ORIENTED_EDGE('',*,*,#4433,.F.);
#5750=ORIENTED_EDGE('',*,*,#4429,.T.);
#5751=ORIENTED_EDGE('',*,*,#4434,.F.);
#5752=ORIENTED_EDGE('',*,*,#4432,.T.);
#5753=ORIENTED_EDGE('',*,*,#4435,.F.);
#5754=ORIENTED_EDGE('',*,*,#4436,.F.);
#5755=ORIENTED_EDGE('',*,*,#4437,.F.);
#5756=ORIENTED_EDGE('',*,*,#4438,.F.);
#5757=ORIENTED_EDGE('',*,*,#4439,.F.);
#5758=ORIENTED_EDGE('',*,*,#4436,.T.);
#5759=ORIENTED_EDGE('',*,*,#4440,.F.);
#5760=ORIENTED_EDGE('',*,*,#4441,.F.);
#5761=ORIENTED_EDGE('',*,*,#4442,.F.);
#5762=ORIENTED_EDGE('',*,*,#4438,.T.);
#5763=ORIENTED_EDGE('',*,*,#4443,.F.);
#5764=ORIENTED_EDGE('',*,*,#4444,.F.);
#5765=ORIENTED_EDGE('',*,*,#4445,.F.);
#5766=ORIENTED_EDGE('',*,*,#4441,.T.);
#5767=ORIENTED_EDGE('',*,*,#4446,.F.);
#5768=ORIENTED_EDGE('',*,*,#4447,.F.);
#5769=ORIENTED_EDGE('',*,*,#4448,.F.);
#5770=ORIENTED_EDGE('',*,*,#4444,.T.);
#5771=ORIENTED_EDGE('',*,*,#4449,.F.);
#5772=ORIENTED_EDGE('',*,*,#4450,.F.);
#5773=ORIENTED_EDGE('',*,*,#4451,.F.);
#5774=ORIENTED_EDGE('',*,*,#4447,.T.);
#5775=ORIENTED_EDGE('',*,*,#4452,.F.);
#5776=ORIENTED_EDGE('',*,*,#4418,.T.);
#5777=ORIENTED_EDGE('',*,*,#4453,.T.);
#5778=ORIENTED_EDGE('',*,*,#4404,.T.);
#5779=ORIENTED_EDGE('',*,*,#4407,.T.);
#5780=ORIENTED_EDGE('',*,*,#4410,.T.);
#5781=ORIENTED_EDGE('',*,*,#4414,.T.);
#5782=ORIENTED_EDGE('',*,*,#4415,.T.);
#5783=ORIENTED_EDGE('',*,*,#4422,.T.);
#5784=ORIENTED_EDGE('',*,*,#4454,.F.);
#5785=ORIENTED_EDGE('',*,*,#4398,.T.);
#5786=ORIENTED_EDGE('',*,*,#4401,.T.);
#5787=ORIENTED_EDGE('',*,*,#4453,.F.);
#5788=ORIENTED_EDGE('',*,*,#4427,.T.);
#5789=ORIENTED_EDGE('',*,*,#4455,.T.);
#5790=ORIENTED_EDGE('',*,*,#4395,.T.);
#5791=ORIENTED_EDGE('',*,*,#4454,.T.);
#5792=ORIENTED_EDGE('',*,*,#4424,.T.);
#5793=ORIENTED_EDGE('',*,*,#4433,.T.);
#5794=ORIENTED_EDGE('',*,*,#4456,.T.);
#5795=ORIENTED_EDGE('',*,*,#4392,.T.);
#5796=ORIENTED_EDGE('',*,*,#4455,.F.);
#5797=ORIENTED_EDGE('',*,*,#4430,.T.);
#5798=ORIENTED_EDGE('',*,*,#4437,.T.);
#5799=ORIENTED_EDGE('',*,*,#4457,.F.);
#5800=ORIENTED_EDGE('',*,*,#4389,.T.);
#5801=ORIENTED_EDGE('',*,*,#4456,.F.);
#5802=ORIENTED_EDGE('',*,*,#4445,.T.);
#5803=ORIENTED_EDGE('',*,*,#4458,.T.);
#5804=ORIENTED_EDGE('',*,*,#4386,.T.);
#5805=ORIENTED_EDGE('',*,*,#4457,.T.);
#5806=ORIENTED_EDGE('',*,*,#4439,.T.);
#5807=ORIENTED_EDGE('',*,*,#4442,.T.);
#5808=ORIENTED_EDGE('',*,*,#4451,.T.);
#5809=ORIENTED_EDGE('',*,*,#4459,.F.);
#5810=ORIENTED_EDGE('',*,*,#4382,.T.);
#5811=ORIENTED_EDGE('',*,*,#4458,.F.);
#5812=ORIENTED_EDGE('',*,*,#4448,.T.);
#5813=ORIENTED_EDGE('',*,*,#4460,.F.);
#5814=ORIENTED_EDGE('',*,*,#4461,.F.);
#5815=ORIENTED_EDGE('',*,*,#4462,.F.);
#5816=ORIENTED_EDGE('',*,*,#4463,.F.);
#5817=ORIENTED_EDGE('',*,*,#4464,.F.);
#5818=ORIENTED_EDGE('',*,*,#4465,.F.);
#5819=ORIENTED_EDGE('',*,*,#4460,.T.);
#5820=ORIENTED_EDGE('',*,*,#4466,.F.);
#5821=ORIENTED_EDGE('',*,*,#4467,.F.);
#5822=ORIENTED_EDGE('',*,*,#4468,.F.);
#5823=ORIENTED_EDGE('',*,*,#4464,.T.);
#5824=ORIENTED_EDGE('',*,*,#4469,.F.);
#5825=ORIENTED_EDGE('',*,*,#4470,.F.);
#5826=ORIENTED_EDGE('',*,*,#4471,.F.);
#5827=ORIENTED_EDGE('',*,*,#4467,.T.);
#5828=ORIENTED_EDGE('',*,*,#4472,.F.);
#5829=ORIENTED_EDGE('',*,*,#4473,.F.);
#5830=ORIENTED_EDGE('',*,*,#4474,.F.);
#5831=ORIENTED_EDGE('',*,*,#4470,.T.);
#5832=ORIENTED_EDGE('',*,*,#4475,.F.);
#5833=ORIENTED_EDGE('',*,*,#4474,.T.);
#5834=ORIENTED_EDGE('',*,*,#4476,.T.);
#5835=ORIENTED_EDGE('',*,*,#4477,.F.);
#5836=ORIENTED_EDGE('',*,*,#4478,.F.);
#5837=ORIENTED_EDGE('',*,*,#4479,.F.);
#5838=ORIENTED_EDGE('',*,*,#4480,.F.);
#5839=ORIENTED_EDGE('',*,*,#4461,.T.);
#5840=ORIENTED_EDGE('',*,*,#4465,.T.);
#5841=ORIENTED_EDGE('',*,*,#4468,.T.);
#5842=ORIENTED_EDGE('',*,*,#4471,.T.);
#5843=ORIENTED_EDGE('',*,*,#4481,.F.);
#5844=ORIENTED_EDGE('',*,*,#4482,.F.);
#5845=ORIENTED_EDGE('',*,*,#4483,.F.);
#5846=ORIENTED_EDGE('',*,*,#4484,.F.);
#5847=ORIENTED_EDGE('',*,*,#4485,.F.);
#5848=ORIENTED_EDGE('',*,*,#4486,.F.);
#5849=ORIENTED_EDGE('',*,*,#4487,.F.);
#5850=ORIENTED_EDGE('',*,*,#4488,.F.);
#5851=ORIENTED_EDGE('',*,*,#4489,.F.);
#5852=ORIENTED_EDGE('',*,*,#4486,.T.);
#5853=ORIENTED_EDGE('',*,*,#4490,.F.);
#5854=ORIENTED_EDGE('',*,*,#4491,.F.);
#5855=ORIENTED_EDGE('',*,*,#4492,.F.);
#5856=ORIENTED_EDGE('',*,*,#4488,.T.);
#5857=ORIENTED_EDGE('',*,*,#4493,.F.);
#5858=ORIENTED_EDGE('',*,*,#4494,.F.);
#5859=ORIENTED_EDGE('',*,*,#4495,.F.);
#5860=ORIENTED_EDGE('',*,*,#4491,.T.);
#5861=ORIENTED_EDGE('',*,*,#4496,.F.);
#5862=ORIENTED_EDGE('',*,*,#4497,.F.);
#5863=ORIENTED_EDGE('',*,*,#4498,.F.);
#5864=ORIENTED_EDGE('',*,*,#4494,.T.);
#5865=ORIENTED_EDGE('',*,*,#4499,.F.);
#5866=ORIENTED_EDGE('',*,*,#4500,.F.);
#5867=ORIENTED_EDGE('',*,*,#4501,.F.);
#5868=ORIENTED_EDGE('',*,*,#4497,.T.);
#5869=ORIENTED_EDGE('',*,*,#4502,.F.);
#5870=ORIENTED_EDGE('',*,*,#4503,.F.);
#5871=ORIENTED_EDGE('',*,*,#4504,.F.);
#5872=ORIENTED_EDGE('',*,*,#4500,.T.);
#5873=ORIENTED_EDGE('',*,*,#4505,.F.);
#5874=ORIENTED_EDGE('',*,*,#4506,.F.);
#5875=ORIENTED_EDGE('',*,*,#4507,.F.);
#5876=ORIENTED_EDGE('',*,*,#4503,.T.);
#5877=ORIENTED_EDGE('',*,*,#4508,.F.);
#5878=ORIENTED_EDGE('',*,*,#4509,.F.);
#5879=ORIENTED_EDGE('',*,*,#4510,.F.);
#5880=ORIENTED_EDGE('',*,*,#4506,.T.);
#5881=ORIENTED_EDGE('',*,*,#4511,.F.);
#5882=ORIENTED_EDGE('',*,*,#4484,.T.);
#5883=ORIENTED_EDGE('',*,*,#4512,.F.);
#5884=ORIENTED_EDGE('',*,*,#4509,.T.);
#5885=ORIENTED_EDGE('',*,*,#4513,.F.);
#5886=ORIENTED_EDGE('',*,*,#4505,.T.);
#5887=ORIENTED_EDGE('',*,*,#4514,.T.);
#5888=ORIENTED_EDGE('',*,*,#4515,.T.);
#5889=ORIENTED_EDGE('',*,*,#4516,.T.);
#5890=ORIENTED_EDGE('',*,*,#4508,.T.);
#5891=ORIENTED_EDGE('',*,*,#4516,.F.);
#5892=ORIENTED_EDGE('',*,*,#4517,.F.);
#5893=ORIENTED_EDGE('',*,*,#4518,.F.);
#5894=ORIENTED_EDGE('',*,*,#4431,.T.);
#5895=ORIENTED_EDGE('',*,*,#4428,.T.);
#5896=ORIENTED_EDGE('',*,*,#4519,.F.);
#5897=ORIENTED_EDGE('',*,*,#4520,.F.);
#5898=ORIENTED_EDGE('',*,*,#4521,.T.);
#5899=ORIENTED_EDGE('',*,*,#4522,.T.);
#5900=ORIENTED_EDGE('',*,*,#4523,.T.);
#5901=ORIENTED_EDGE('',*,*,#4524,.T.);
#5902=ORIENTED_EDGE('',*,*,#4525,.T.);
#5903=ORIENTED_EDGE('',*,*,#4511,.T.);
#5904=ORIENTED_EDGE('',*,*,#4518,.T.);
#5905=ORIENTED_EDGE('',*,*,#4526,.F.);
#5906=ORIENTED_EDGE('',*,*,#4527,.T.);
#5907=ORIENTED_EDGE('',*,*,#4513,.T.);
#5908=ORIENTED_EDGE('',*,*,#4525,.F.);
#5909=ORIENTED_EDGE('',*,*,#4528,.T.);
#5910=ORIENTED_EDGE('',*,*,#4529,.F.);
#5911=ORIENTED_EDGE('',*,*,#4485,.T.);
#5912=ORIENTED_EDGE('',*,*,#4529,.T.);
#5913=ORIENTED_EDGE('',*,*,#4530,.T.);
#5914=ORIENTED_EDGE('',*,*,#4531,.T.);
#5915=ORIENTED_EDGE('',*,*,#4532,.F.);
#5916=ORIENTED_EDGE('',*,*,#4533,.T.);
#5917=ORIENTED_EDGE('',*,*,#4534,.T.);
#5918=ORIENTED_EDGE('',*,*,#4535,.T.);
#5919=ORIENTED_EDGE('',*,*,#4536,.F.);
#5920=ORIENTED_EDGE('',*,*,#4537,.T.);
#5921=ORIENTED_EDGE('',*,*,#4538,.F.);
#5922=ORIENTED_EDGE('',*,*,#4539,.F.);
#5923=ORIENTED_EDGE('',*,*,#4540,.T.);
#5924=ORIENTED_EDGE('',*,*,#4541,.F.);
#5925=ORIENTED_EDGE('',*,*,#4542,.F.);
#5926=ORIENTED_EDGE('',*,*,#4543,.T.);
#5927=ORIENTED_EDGE('',*,*,#4544,.F.);
#5928=ORIENTED_EDGE('',*,*,#4538,.T.);
#5929=ORIENTED_EDGE('',*,*,#4544,.T.);
#5930=ORIENTED_EDGE('',*,*,#4545,.T.);
#5931=ORIENTED_EDGE('',*,*,#4546,.T.);
#5932=ORIENTED_EDGE('',*,*,#4547,.T.);
#5933=ORIENTED_EDGE('',*,*,#4539,.T.);
#5934=ORIENTED_EDGE('',*,*,#4547,.F.);
#5935=ORIENTED_EDGE('',*,*,#4548,.F.);
#5936=ORIENTED_EDGE('',*,*,#4549,.F.);
#5937=ORIENTED_EDGE('',*,*,#4550,.F.);
#5938=ORIENTED_EDGE('',*,*,#4551,.F.);
#5939=ORIENTED_EDGE('',*,*,#4552,.F.);
#5940=ORIENTED_EDGE('',*,*,#4553,.F.);
#5941=ORIENTED_EDGE('',*,*,#4554,.T.);
#5942=ORIENTED_EDGE('',*,*,#4555,.T.);
#5943=ORIENTED_EDGE('',*,*,#4534,.F.);
#5944=ORIENTED_EDGE('',*,*,#4556,.T.);
#5945=ORIENTED_EDGE('',*,*,#4557,.F.);
#5946=ORIENTED_EDGE('',*,*,#4558,.F.);
#5947=ORIENTED_EDGE('',*,*,#4556,.F.);
#5948=ORIENTED_EDGE('',*,*,#4533,.F.);
#5949=ORIENTED_EDGE('',*,*,#4559,.T.);
#5950=ORIENTED_EDGE('',*,*,#4535,.F.);
#5951=ORIENTED_EDGE('',*,*,#4555,.F.);
#5952=ORIENTED_EDGE('',*,*,#4560,.F.);
#5953=ORIENTED_EDGE('',*,*,#4561,.F.);
#5954=ORIENTED_EDGE('',*,*,#4551,.T.);
#5955=ORIENTED_EDGE('',*,*,#4562,.F.);
#5956=ORIENTED_EDGE('',*,*,#4563,.F.);
#5957=ORIENTED_EDGE('',*,*,#4564,.F.);
#5958=ORIENTED_EDGE('',*,*,#4565,.F.);
#5959=ORIENTED_EDGE('',*,*,#4563,.T.);
#5960=ORIENTED_EDGE('',*,*,#4566,.F.);
#5961=ORIENTED_EDGE('',*,*,#4567,.F.);
#5962=ORIENTED_EDGE('',*,*,#4568,.F.);
#5963=ORIENTED_EDGE('',*,*,#4569,.F.);
#5964=ORIENTED_EDGE('',*,*,#4564,.T.);
#5965=ORIENTED_EDGE('',*,*,#4570,.F.);
#5966=ORIENTED_EDGE('',*,*,#4568,.T.);
#5967=ORIENTED_EDGE('',*,*,#4571,.F.);
#5968=ORIENTED_EDGE('',*,*,#4554,.F.);
#5969=ORIENTED_EDGE('',*,*,#4572,.F.);
#5970=ORIENTED_EDGE('',*,*,#4573,.F.);
#5971=ORIENTED_EDGE('',*,*,#4553,.T.);
#5972=ORIENTED_EDGE('',*,*,#4574,.F.);
#5973=ORIENTED_EDGE('',*,*,#4573,.T.);
#5974=ORIENTED_EDGE('',*,*,#4575,.F.);
#5975=ORIENTED_EDGE('',*,*,#4576,.F.);
#5976=ORIENTED_EDGE('',*,*,#4577,.F.);
#5977=ORIENTED_EDGE('',*,*,#4550,.T.);
#5978=ORIENTED_EDGE('',*,*,#4577,.T.);
#5979=ORIENTED_EDGE('',*,*,#4578,.T.);
#5980=ORIENTED_EDGE('',*,*,#4579,.T.);
#5981=ORIENTED_EDGE('',*,*,#4562,.T.);
#5982=ORIENTED_EDGE('',*,*,#4579,.F.);
#5983=ORIENTED_EDGE('',*,*,#4580,.F.);
#5984=ORIENTED_EDGE('',*,*,#4567,.T.);
#5985=ORIENTED_EDGE('',*,*,#4566,.T.);
#5986=ORIENTED_EDGE('',*,*,#4581,.F.);
#5987=ORIENTED_EDGE('',*,*,#4582,.F.);
#5988=ORIENTED_EDGE('',*,*,#4583,.F.);
#5989=ORIENTED_EDGE('',*,*,#4584,.F.);
#5990=ORIENTED_EDGE('',*,*,#4571,.T.);
#5991=ORIENTED_EDGE('',*,*,#4580,.T.);
#5992=ORIENTED_EDGE('',*,*,#4585,.F.);
#5993=ORIENTED_EDGE('',*,*,#4560,.T.);
#5994=ORIENTED_EDGE('',*,*,#4586,.F.);
#5995=ORIENTED_EDGE('',*,*,#4587,.F.);
#5996=ORIENTED_EDGE('',*,*,#4588,.F.);
#5997=ORIENTED_EDGE('',*,*,#4589,.F.);
#5998=ORIENTED_EDGE('',*,*,#4590,.F.);
#5999=ORIENTED_EDGE('',*,*,#4591,.F.);
#6000=ORIENTED_EDGE('',*,*,#4592,.F.);
#6001=ORIENTED_EDGE('',*,*,#4593,.F.);
#6002=ORIENTED_EDGE('',*,*,#4594,.F.);
#6003=ORIENTED_EDGE('',*,*,#4595,.F.);
#6004=ORIENTED_EDGE('',*,*,#4596,.F.);
#6005=ORIENTED_EDGE('',*,*,#4597,.F.);
#6006=ORIENTED_EDGE('',*,*,#4598,.F.);
#6007=ORIENTED_EDGE('',*,*,#4591,.T.);
#6008=ORIENTED_EDGE('',*,*,#4599,.F.);
#6009=ORIENTED_EDGE('',*,*,#4597,.T.);
#6010=ORIENTED_EDGE('',*,*,#4600,.F.);
#6011=ORIENTED_EDGE('',*,*,#4601,.F.);
#6012=ORIENTED_EDGE('',*,*,#4593,.T.);
#6013=ORIENTED_EDGE('',*,*,#4602,.F.);
#6014=ORIENTED_EDGE('',*,*,#4603,.F.);
#6015=ORIENTED_EDGE('',*,*,#4604,.F.);
#6016=ORIENTED_EDGE('',*,*,#4605,.F.);
#6017=ORIENTED_EDGE('',*,*,#4600,.T.);
#6018=ORIENTED_EDGE('',*,*,#4606,.F.);
#6019=ORIENTED_EDGE('',*,*,#4587,.T.);
#6020=ORIENTED_EDGE('',*,*,#4607,.F.);
#6021=ORIENTED_EDGE('',*,*,#4595,.T.);
#6022=ORIENTED_EDGE('',*,*,#4608,.F.);
#6023=ORIENTED_EDGE('',*,*,#4604,.T.);
#6024=ORIENTED_EDGE('',*,*,#4609,.F.);
#6025=ORIENTED_EDGE('',*,*,#4610,.F.);
#6026=ORIENTED_EDGE('',*,*,#4611,.F.);
#6027=ORIENTED_EDGE('',*,*,#4610,.T.);
#6028=ORIENTED_EDGE('',*,*,#4612,.F.);
#6029=ORIENTED_EDGE('',*,*,#4612,.T.);
#6030=ORIENTED_EDGE('',*,*,#4613,.F.);
#6031=ORIENTED_EDGE('',*,*,#4614,.T.);
#6032=ORIENTED_EDGE('',*,*,#4615,.F.);
#6033=ORIENTED_EDGE('',*,*,#4601,.T.);
#6034=ORIENTED_EDGE('',*,*,#4616,.T.);
#6035=ORIENTED_EDGE('',*,*,#4617,.F.);
#6036=ORIENTED_EDGE('',*,*,#4618,.F.);
#6037=ORIENTED_EDGE('',*,*,#4590,.T.);
#6038=ORIENTED_EDGE('',*,*,#4618,.T.);
#6039=ORIENTED_EDGE('',*,*,#4619,.F.);
#6040=ORIENTED_EDGE('',*,*,#4620,.F.);
#6041=ORIENTED_EDGE('',*,*,#4621,.F.);
#6042=ORIENTED_EDGE('',*,*,#4599,.T.);
#6043=ORIENTED_EDGE('',*,*,#4621,.T.);
#6044=ORIENTED_EDGE('',*,*,#4622,.T.);
#6045=ORIENTED_EDGE('',*,*,#4557,.T.);
#6046=ORIENTED_EDGE('',*,*,#4532,.T.);
#6047=ORIENTED_EDGE('',*,*,#4623,.T.);
#6048=ORIENTED_EDGE('',*,*,#4624,.T.);
#6049=ORIENTED_EDGE('',*,*,#4625,.T.);
#6050=ORIENTED_EDGE('',*,*,#4626,.T.);
#6051=ORIENTED_EDGE('',*,*,#4627,.T.);
#6052=ORIENTED_EDGE('',*,*,#4628,.F.);
#6053=ORIENTED_EDGE('',*,*,#4594,.T.);
#6054=ORIENTED_EDGE('',*,*,#4628,.T.);
#6055=ORIENTED_EDGE('',*,*,#4629,.T.);
#6056=ORIENTED_EDGE('',*,*,#4630,.T.);
#6057=ORIENTED_EDGE('',*,*,#4631,.F.);
#6058=ORIENTED_EDGE('',*,*,#4632,.F.);
#6059=ORIENTED_EDGE('',*,*,#4633,.F.);
#6060=ORIENTED_EDGE('',*,*,#4634,.F.);
#6061=ORIENTED_EDGE('',*,*,#4635,.F.);
#6062=ORIENTED_EDGE('',*,*,#4636,.T.);
#6063=ORIENTED_EDGE('',*,*,#4637,.F.);
#6064=ORIENTED_EDGE('',*,*,#4638,.F.);
#6065=ORIENTED_EDGE('',*,*,#4636,.F.);
#6066=ORIENTED_EDGE('',*,*,#4639,.T.);
#6067=ORIENTED_EDGE('',*,*,#4640,.T.);
#6068=ORIENTED_EDGE('',*,*,#4641,.T.);
#6069=ORIENTED_EDGE('',*,*,#4642,.T.);
#6070=ORIENTED_EDGE('',*,*,#4643,.T.);
#6071=ORIENTED_EDGE('',*,*,#4644,.T.);
#6072=ORIENTED_EDGE('',*,*,#4645,.T.);
#6073=ORIENTED_EDGE('',*,*,#4646,.T.);
#6074=ORIENTED_EDGE('',*,*,#4635,.T.);
#6075=ORIENTED_EDGE('',*,*,#4638,.T.);
#6076=ORIENTED_EDGE('',*,*,#4647,.T.);
#6077=ORIENTED_EDGE('',*,*,#4648,.T.);
#6078=ORIENTED_EDGE('',*,*,#4647,.F.);
#6079=ORIENTED_EDGE('',*,*,#4637,.T.);
#6080=ORIENTED_EDGE('',*,*,#4649,.F.);
#6081=ORIENTED_EDGE('',*,*,#4650,.T.);
#6082=ORIENTED_EDGE('',*,*,#4651,.F.);
#6083=ORIENTED_EDGE('',*,*,#4652,.F.);
#6084=ORIENTED_EDGE('',*,*,#4650,.F.);
#6085=ORIENTED_EDGE('',*,*,#4652,.T.);
#6086=ORIENTED_EDGE('',*,*,#4653,.T.);
#6087=ORIENTED_EDGE('',*,*,#4654,.T.);
#6088=ORIENTED_EDGE('',*,*,#4653,.F.);
#6089=ORIENTED_EDGE('',*,*,#4651,.T.);
#6090=ORIENTED_EDGE('',*,*,#4655,.T.);
#6091=ORIENTED_EDGE('',*,*,#4656,.T.);
#6092=ORIENTED_EDGE('',*,*,#4657,.T.);
#6093=ORIENTED_EDGE('',*,*,#4658,.F.);
#6094=ORIENTED_EDGE('',*,*,#4649,.T.);
#6095=ORIENTED_EDGE('',*,*,#4659,.F.);
#6096=ORIENTED_EDGE('',*,*,#4660,.F.);
#6097=ORIENTED_EDGE('',*,*,#4476,.F.);
#6098=ORIENTED_EDGE('',*,*,#4473,.T.);
#6099=ORIENTED_EDGE('',*,*,#4661,.F.);
#6100=ORIENTED_EDGE('',*,*,#4603,.T.);
#6101=ORIENTED_EDGE('',*,*,#4602,.T.);
#6102=ORIENTED_EDGE('',*,*,#4592,.T.);
#6103=ORIENTED_EDGE('',*,*,#4598,.T.);
#6104=ORIENTED_EDGE('',*,*,#4596,.T.);
#6105=ORIENTED_EDGE('',*,*,#4607,.T.);
#6106=ORIENTED_EDGE('',*,*,#4586,.T.);
#6107=ORIENTED_EDGE('',*,*,#4662,.F.);
#6108=ORIENTED_EDGE('',*,*,#4663,.F.);
#6109=ORIENTED_EDGE('',*,*,#4664,.F.);
#6110=ORIENTED_EDGE('',*,*,#4665,.F.);
#6111=ORIENTED_EDGE('',*,*,#4666,.F.);
#6112=ORIENTED_EDGE('',*,*,#4667,.T.);
#6113=ORIENTED_EDGE('',*,*,#4659,.T.);
#6114=ORIENTED_EDGE('',*,*,#4668,.F.);
#6115=ORIENTED_EDGE('',*,*,#4669,.T.);
#6116=ORIENTED_EDGE('',*,*,#4670,.T.);
#6117=ORIENTED_EDGE('',*,*,#4671,.T.);
#6118=ORIENTED_EDGE('',*,*,#4672,.T.);
#6119=ORIENTED_EDGE('',*,*,#4648,.F.);
#6120=ORIENTED_EDGE('',*,*,#4673,.F.);
#6121=ORIENTED_EDGE('',*,*,#4669,.F.);
#6122=ORIENTED_EDGE('',*,*,#4674,.F.);
#6123=ORIENTED_EDGE('',*,*,#4675,.F.);
#6124=ORIENTED_EDGE('',*,*,#4676,.F.);
#6125=ORIENTED_EDGE('',*,*,#4677,.F.);
#6126=ORIENTED_EDGE('',*,*,#4674,.T.);
#6127=ORIENTED_EDGE('',*,*,#4672,.F.);
#6128=ORIENTED_EDGE('',*,*,#4678,.F.);
#6129=ORIENTED_EDGE('',*,*,#4671,.F.);
#6130=ORIENTED_EDGE('',*,*,#4679,.F.);
#6131=ORIENTED_EDGE('',*,*,#4680,.F.);
#6132=ORIENTED_EDGE('',*,*,#4678,.T.);
#6133=ORIENTED_EDGE('',*,*,#4670,.F.);
#6134=ORIENTED_EDGE('',*,*,#4676,.T.);
#6135=ORIENTED_EDGE('',*,*,#4681,.F.);
#6136=ORIENTED_EDGE('',*,*,#4679,.T.);
#6137=ORIENTED_EDGE('',*,*,#4677,.T.);
#6138=ORIENTED_EDGE('',*,*,#4682,.T.);
#6139=ORIENTED_EDGE('',*,*,#4683,.T.);
#6140=ORIENTED_EDGE('',*,*,#4684,.T.);
#6141=ORIENTED_EDGE('',*,*,#4675,.T.);
#6142=ORIENTED_EDGE('',*,*,#4684,.F.);
#6143=ORIENTED_EDGE('',*,*,#4685,.T.);
#6144=ORIENTED_EDGE('',*,*,#4686,.T.);
#6145=ORIENTED_EDGE('',*,*,#4687,.T.);
#6146=ORIENTED_EDGE('',*,*,#4688,.F.);
#6147=ORIENTED_EDGE('',*,*,#4689,.F.);
#6148=ORIENTED_EDGE('',*,*,#4690,.F.);
#6149=ORIENTED_EDGE('',*,*,#4691,.F.);
#6150=ORIENTED_EDGE('',*,*,#4692,.F.);
#6151=ORIENTED_EDGE('',*,*,#4689,.T.);
#6152=ORIENTED_EDGE('',*,*,#4693,.F.);
#6153=ORIENTED_EDGE('',*,*,#4692,.T.);
#6154=ORIENTED_EDGE('',*,*,#4694,.F.);
#6155=ORIENTED_EDGE('',*,*,#4695,.F.);
#6156=ORIENTED_EDGE('',*,*,#4696,.F.);
#6157=ORIENTED_EDGE('',*,*,#4690,.T.);
#6158=ORIENTED_EDGE('',*,*,#4696,.T.);
#6159=ORIENTED_EDGE('',*,*,#4697,.F.);
#6160=ORIENTED_EDGE('',*,*,#4698,.T.);
#6161=ORIENTED_EDGE('',*,*,#4699,.T.);
#6162=ORIENTED_EDGE('',*,*,#4700,.T.);
#6163=ORIENTED_EDGE('',*,*,#4701,.T.);
#6164=ORIENTED_EDGE('',*,*,#4702,.T.);
#6165=ORIENTED_EDGE('',*,*,#4703,.T.);
#6166=ORIENTED_EDGE('',*,*,#4704,.T.);
#6167=ORIENTED_EDGE('',*,*,#4705,.T.);
#6168=ORIENTED_EDGE('',*,*,#4706,.T.);
#6169=ORIENTED_EDGE('',*,*,#4707,.T.);
#6170=ORIENTED_EDGE('',*,*,#4708,.T.);
#6171=ORIENTED_EDGE('',*,*,#4709,.T.);
#6172=ORIENTED_EDGE('',*,*,#4710,.T.);
#6173=ORIENTED_EDGE('',*,*,#4683,.F.);
#6174=ORIENTED_EDGE('',*,*,#4711,.F.);
#6175=ORIENTED_EDGE('',*,*,#4712,.F.);
#6176=ORIENTED_EDGE('',*,*,#4685,.F.);
#6177=ORIENTED_EDGE('',*,*,#4713,.F.);
#6178=ORIENTED_EDGE('',*,*,#4646,.F.);
#6179=ORIENTED_EDGE('',*,*,#4714,.F.);
#6180=ORIENTED_EDGE('',*,*,#4715,.F.);
#6181=ORIENTED_EDGE('',*,*,#4716,.F.);
#6182=ORIENTED_EDGE('',*,*,#4639,.F.);
#6183=ORIENTED_EDGE('',*,*,#4713,.T.);
#6184=ORIENTED_EDGE('',*,*,#4717,.F.);
#6185=ORIENTED_EDGE('',*,*,#4718,.F.);
#6186=ORIENTED_EDGE('',*,*,#4719,.F.);
#6187=ORIENTED_EDGE('',*,*,#4623,.F.);
#6188=ORIENTED_EDGE('',*,*,#4531,.F.);
#6189=ORIENTED_EDGE('',*,*,#4695,.T.);
#6190=ORIENTED_EDGE('',*,*,#4720,.F.);
#6191=ORIENTED_EDGE('',*,*,#4718,.T.);
#6192=ORIENTED_EDGE('',*,*,#4530,.F.);
#6193=ORIENTED_EDGE('',*,*,#4528,.F.);
#6194=ORIENTED_EDGE('',*,*,#4721,.T.);
#6195=ORIENTED_EDGE('',*,*,#4697,.T.);
#6196=ORIENTED_EDGE('',*,*,#4722,.F.);
#6197=ORIENTED_EDGE('',*,*,#4699,.F.);
#6198=ORIENTED_EDGE('',*,*,#4723,.T.);
#6199=ORIENTED_EDGE('',*,*,#4724,.F.);
#6200=ORIENTED_EDGE('',*,*,#4723,.F.);
#6201=ORIENTED_EDGE('',*,*,#4698,.F.);
#6202=ORIENTED_EDGE('',*,*,#4721,.F.);
#6203=ORIENTED_EDGE('',*,*,#4524,.F.);
#6204=ORIENTED_EDGE('',*,*,#4725,.T.);
#6205=ORIENTED_EDGE('',*,*,#4726,.F.);
#6206=ORIENTED_EDGE('',*,*,#4727,.T.);
#6207=ORIENTED_EDGE('',*,*,#4728,.T.);
#6208=ORIENTED_EDGE('',*,*,#4729,.T.);
#6209=ORIENTED_EDGE('',*,*,#4730,.T.);
#6210=ORIENTED_EDGE('',*,*,#4731,.T.);
#6211=ORIENTED_EDGE('',*,*,#4732,.T.);
#6212=ORIENTED_EDGE('',*,*,#4733,.F.);
#6213=ORIENTED_EDGE('',*,*,#4626,.F.);
#6214=ORIENTED_EDGE('',*,*,#4732,.F.);
#6215=ORIENTED_EDGE('',*,*,#4734,.F.);
#6216=ORIENTED_EDGE('',*,*,#4735,.F.);
#6217=ORIENTED_EDGE('',*,*,#4736,.F.);
#6218=ORIENTED_EDGE('',*,*,#4731,.F.);
#6219=ORIENTED_EDGE('',*,*,#4641,.F.);
#6220=ORIENTED_EDGE('',*,*,#4737,.T.);
#6221=ORIENTED_EDGE('',*,*,#4738,.T.);
#6222=ORIENTED_EDGE('',*,*,#4739,.F.);
#6223=ORIENTED_EDGE('',*,*,#4740,.T.);
#6224=ORIENTED_EDGE('',*,*,#4709,.F.);
#6225=ORIENTED_EDGE('',*,*,#4741,.T.);
#6226=ORIENTED_EDGE('',*,*,#4742,.T.);
#6227=ORIENTED_EDGE('',*,*,#4743,.T.);
#6228=ORIENTED_EDGE('',*,*,#4744,.F.);
#6229=ORIENTED_EDGE('',*,*,#4687,.F.);
#6230=ORIENTED_EDGE('',*,*,#4710,.F.);
#6231=ORIENTED_EDGE('',*,*,#4743,.F.);
#6232=ORIENTED_EDGE('',*,*,#4745,.F.);
#6233=ORIENTED_EDGE('',*,*,#4729,.F.);
#6234=ORIENTED_EDGE('',*,*,#4746,.F.);
#6235=ORIENTED_EDGE('',*,*,#4742,.F.);
#6236=ORIENTED_EDGE('',*,*,#4747,.F.);
#6237=ORIENTED_EDGE('',*,*,#4625,.F.);
#6238=ORIENTED_EDGE('',*,*,#4748,.F.);
#6239=ORIENTED_EDGE('',*,*,#4642,.F.);
#6240=ORIENTED_EDGE('',*,*,#4730,.F.);
#6241=ORIENTED_EDGE('',*,*,#4749,.T.);
#6242=ORIENTED_EDGE('',*,*,#4750,.T.);
#6243=ORIENTED_EDGE('',*,*,#4751,.F.);
#6244=ORIENTED_EDGE('',*,*,#4752,.T.);
#6245=ORIENTED_EDGE('',*,*,#4740,.F.);
#6246=ORIENTED_EDGE('',*,*,#4753,.F.);
#6247=ORIENTED_EDGE('',*,*,#4752,.F.);
#6248=ORIENTED_EDGE('',*,*,#4754,.F.);
#6249=ORIENTED_EDGE('',*,*,#4755,.T.);
#6250=ORIENTED_EDGE('',*,*,#4756,.T.);
#6251=ORIENTED_EDGE('',*,*,#4757,.T.);
#6252=ORIENTED_EDGE('',*,*,#4758,.T.);
#6253=ORIENTED_EDGE('',*,*,#4759,.T.);
#6254=ORIENTED_EDGE('',*,*,#4760,.F.);
#6255=ORIENTED_EDGE('',*,*,#4761,.T.);
#6256=ORIENTED_EDGE('',*,*,#4762,.T.);
#6257=ORIENTED_EDGE('',*,*,#4763,.T.);
#6258=ORIENTED_EDGE('',*,*,#4764,.F.);
#6259=ORIENTED_EDGE('',*,*,#4765,.T.);
#6260=ORIENTED_EDGE('',*,*,#4765,.F.);
#6261=ORIENTED_EDGE('',*,*,#4766,.F.);
#6262=ORIENTED_EDGE('',*,*,#4750,.F.);
#6263=ORIENTED_EDGE('',*,*,#4707,.F.);
#6264=ORIENTED_EDGE('',*,*,#4757,.F.);
#6265=ORIENTED_EDGE('',*,*,#4767,.F.);
#6266=ORIENTED_EDGE('',*,*,#4763,.F.);
#6267=ORIENTED_EDGE('',*,*,#4768,.F.);
#6268=ORIENTED_EDGE('',*,*,#4701,.F.);
#6269=ORIENTED_EDGE('',*,*,#4769,.T.);
#6270=ORIENTED_EDGE('',*,*,#4770,.T.);
#6271=ORIENTED_EDGE('',*,*,#4771,.T.);
#6272=ORIENTED_EDGE('',*,*,#4706,.F.);
#6273=ORIENTED_EDGE('',*,*,#4772,.F.);
#6274=ORIENTED_EDGE('',*,*,#4773,.F.);
#6275=ORIENTED_EDGE('',*,*,#4762,.F.);
#6276=ORIENTED_EDGE('',*,*,#4774,.F.);
#6277=ORIENTED_EDGE('',*,*,#4775,.F.);
#6278=ORIENTED_EDGE('',*,*,#4702,.F.);
#6279=ORIENTED_EDGE('',*,*,#4771,.F.);
#6280=ORIENTED_EDGE('',*,*,#4776,.F.);
#6281=ORIENTED_EDGE('',*,*,#4772,.T.);
#6282=ORIENTED_EDGE('',*,*,#4705,.F.);
#6283=ORIENTED_EDGE('',*,*,#4777,.F.);
#6284=ORIENTED_EDGE('',*,*,#4778,.T.);
#6285=ORIENTED_EDGE('',*,*,#4779,.T.);
#6286=ORIENTED_EDGE('',*,*,#4780,.T.);
#6287=ORIENTED_EDGE('',*,*,#4717,.T.);
#6288=ORIENTED_EDGE('',*,*,#4781,.F.);
#6289=ORIENTED_EDGE('',*,*,#4780,.F.);
#6290=ORIENTED_EDGE('',*,*,#4782,.F.);
#6291=ORIENTED_EDGE('',*,*,#4703,.F.);
#6292=ORIENTED_EDGE('',*,*,#4775,.T.);
#6293=ORIENTED_EDGE('',*,*,#4783,.F.);
#6294=ORIENTED_EDGE('',*,*,#4779,.F.);
#6295=ORIENTED_EDGE('',*,*,#4784,.F.);
#6296=ORIENTED_EDGE('',*,*,#4777,.T.);
#6297=ORIENTED_EDGE('',*,*,#4704,.F.);
#6298=ORIENTED_EDGE('',*,*,#4778,.F.);
#6299=ORIENTED_EDGE('',*,*,#4761,.F.);
#6300=ORIENTED_EDGE('',*,*,#4785,.F.);
#6301=ORIENTED_EDGE('',*,*,#4770,.F.);
#6302=ORIENTED_EDGE('',*,*,#4786,.F.);
#6303=ORIENTED_EDGE('',*,*,#4700,.F.);
#6304=ORIENTED_EDGE('',*,*,#4722,.T.);
#6305=ORIENTED_EDGE('',*,*,#4787,.T.);
#6306=ORIENTED_EDGE('',*,*,#4788,.F.);
#6307=ORIENTED_EDGE('',*,*,#4769,.F.);
#6308=ORIENTED_EDGE('',*,*,#4789,.F.);
#6309=ORIENTED_EDGE('',*,*,#4790,.F.);
#6310=ORIENTED_EDGE('',*,*,#4759,.F.);
#6311=ORIENTED_EDGE('',*,*,#4791,.F.);
#6312=ORIENTED_EDGE('',*,*,#4792,.F.);
#6313=ORIENTED_EDGE('',*,*,#4793,.F.);
#6314=ORIENTED_EDGE('',*,*,#4794,.F.);
#6315=ORIENTED_EDGE('',*,*,#4795,.F.);
#6316=ORIENTED_EDGE('',*,*,#4758,.F.);
#6317=ORIENTED_EDGE('',*,*,#4643,.F.);
#6318=ORIENTED_EDGE('',*,*,#4748,.T.);
#6319=ORIENTED_EDGE('',*,*,#4796,.F.);
#6320=ORIENTED_EDGE('',*,*,#4756,.F.);
#6321=ORIENTED_EDGE('',*,*,#4797,.F.);
#6322=ORIENTED_EDGE('',*,*,#4798,.F.);
#6323=ORIENTED_EDGE('',*,*,#4644,.F.);
#6324=ORIENTED_EDGE('',*,*,#4755,.F.);
#6325=ORIENTED_EDGE('',*,*,#4749,.F.);
#6326=ORIENTED_EDGE('',*,*,#4799,.F.);
#6327=ORIENTED_EDGE('',*,*,#4741,.F.);
#6328=ORIENTED_EDGE('',*,*,#4708,.F.);
#6329=ORIENTED_EDGE('',*,*,#4800,.F.);
#6330=ORIENTED_EDGE('',*,*,#4794,.T.);
#6331=ORIENTED_EDGE('',*,*,#4801,.F.);
#6332=ORIENTED_EDGE('',*,*,#4521,.F.);
#6333=ORIENTED_EDGE('',*,*,#4645,.F.);
#6334=ORIENTED_EDGE('',*,*,#4798,.T.);
#6335=ORIENTED_EDGE('',*,*,#4802,.F.);
#6336=ORIENTED_EDGE('',*,*,#4714,.T.);
#6337=ORIENTED_EDGE('',*,*,#4727,.F.);
#6338=ORIENTED_EDGE('',*,*,#4803,.F.);
#6339=ORIENTED_EDGE('',*,*,#4738,.F.);
#6340=ORIENTED_EDGE('',*,*,#4804,.F.);
#6341=ORIENTED_EDGE('',*,*,#4805,.F.);
#6342=ORIENTED_EDGE('',*,*,#4806,.F.);
#6343=ORIENTED_EDGE('',*,*,#4807,.F.);
#6344=ORIENTED_EDGE('',*,*,#4808,.F.);
#6345=ORIENTED_EDGE('',*,*,#4737,.F.);
#6346=ORIENTED_EDGE('',*,*,#4809,.F.);
#6347=ORIENTED_EDGE('',*,*,#4810,.T.);
#6348=ORIENTED_EDGE('',*,*,#4811,.F.);
#6349=ORIENTED_EDGE('',*,*,#4812,.F.);
#6350=ORIENTED_EDGE('',*,*,#4728,.F.);
#6351=ORIENTED_EDGE('',*,*,#4813,.F.);
#6352=ORIENTED_EDGE('',*,*,#4810,.F.);
#6353=ORIENTED_EDGE('',*,*,#4814,.F.);
#6354=ORIENTED_EDGE('',*,*,#4807,.T.);
#6355=ORIENTED_EDGE('',*,*,#4425,.T.);
#6356=ORIENTED_EDGE('',*,*,#4420,.T.);
#6357=ORIENTED_EDGE('',*,*,#4419,.T.);
#6358=ORIENTED_EDGE('',*,*,#4379,.T.);
#6359=ORIENTED_EDGE('',*,*,#4815,.T.);
#6360=ORIENTED_EDGE('',*,*,#4816,.F.);
#6361=ORIENTED_EDGE('',*,*,#4817,.F.);
#6362=ORIENTED_EDGE('',*,*,#4818,.T.);
#6363=ORIENTED_EDGE('',*,*,#4819,.T.);
#6364=ORIENTED_EDGE('',*,*,#4820,.T.);
#6365=ORIENTED_EDGE('',*,*,#4821,.F.);
#6366=ORIENTED_EDGE('',*,*,#4630,.F.);
#6367=ORIENTED_EDGE('',*,*,#4822,.T.);
#6368=ORIENTED_EDGE('',*,*,#4823,.F.);
#6369=ORIENTED_EDGE('',*,*,#4735,.T.);
#6370=ORIENTED_EDGE('',*,*,#4640,.F.);
#6371=ORIENTED_EDGE('',*,*,#4716,.T.);
#6372=ORIENTED_EDGE('',*,*,#4782,.T.);
#6373=ORIENTED_EDGE('',*,*,#4783,.T.);
#6374=ORIENTED_EDGE('',*,*,#4824,.F.);
#6375=ORIENTED_EDGE('',*,*,#4789,.T.);
#6376=ORIENTED_EDGE('',*,*,#4825,.F.);
#6377=ORIENTED_EDGE('',*,*,#4519,.T.);
#6378=ORIENTED_EDGE('',*,*,#4715,.T.);
#6379=ORIENTED_EDGE('',*,*,#4826,.F.);
#6380=ORIENTED_EDGE('',*,*,#4784,.T.);
#6381=ORIENTED_EDGE('',*,*,#4781,.T.);
#6382=ORIENTED_EDGE('',*,*,#4773,.T.);
#6383=ORIENTED_EDGE('',*,*,#4827,.T.);
#6384=ORIENTED_EDGE('',*,*,#4797,.T.);
#6385=ORIENTED_EDGE('',*,*,#4768,.T.);
#6386=ORIENTED_EDGE('',*,*,#4776,.T.);
#6387=ORIENTED_EDGE('',*,*,#4826,.T.);
#6388=ORIENTED_EDGE('',*,*,#4802,.T.);
#6389=ORIENTED_EDGE('',*,*,#4827,.F.);
#6390=ORIENTED_EDGE('',*,*,#4736,.T.);
#6391=ORIENTED_EDGE('',*,*,#4823,.T.);
#6392=ORIENTED_EDGE('',*,*,#4828,.T.);
#6393=ORIENTED_EDGE('',*,*,#4734,.T.);
#6394=ORIENTED_EDGE('',*,*,#4719,.T.);
#6395=ORIENTED_EDGE('',*,*,#4720,.T.);
#6396=ORIENTED_EDGE('',*,*,#4694,.T.);
#6397=ORIENTED_EDGE('',*,*,#4691,.T.);
#6398=ORIENTED_EDGE('',*,*,#4829,.T.);
#6399=ORIENTED_EDGE('',*,*,#4830,.T.);
#6400=ORIENTED_EDGE('',*,*,#4805,.T.);
#6401=ORIENTED_EDGE('',*,*,#4754,.T.);
#6402=ORIENTED_EDGE('',*,*,#4751,.T.);
#6403=ORIENTED_EDGE('',*,*,#4766,.T.);
#6404=ORIENTED_EDGE('',*,*,#4764,.T.);
#6405=ORIENTED_EDGE('',*,*,#4767,.T.);
#6406=ORIENTED_EDGE('',*,*,#4796,.T.);
#6407=ORIENTED_EDGE('',*,*,#4624,.F.);
#6408=ORIENTED_EDGE('',*,*,#4806,.T.);
#6409=ORIENTED_EDGE('',*,*,#4830,.F.);
#6410=ORIENTED_EDGE('',*,*,#4831,.T.);
#6411=ORIENTED_EDGE('',*,*,#4832,.F.);
#6412=ORIENTED_EDGE('',*,*,#4811,.T.);
#6413=ORIENTED_EDGE('',*,*,#4813,.T.);
#6414=ORIENTED_EDGE('',*,*,#4739,.T.);
#6415=ORIENTED_EDGE('',*,*,#4803,.T.);
#6416=ORIENTED_EDGE('',*,*,#4726,.T.);
#6417=ORIENTED_EDGE('',*,*,#4747,.T.);
#6418=ORIENTED_EDGE('',*,*,#4799,.T.);
#6419=ORIENTED_EDGE('',*,*,#4753,.T.);
#6420=ORIENTED_EDGE('',*,*,#4804,.T.);
#6421=ORIENTED_EDGE('',*,*,#4808,.T.);
#6422=ORIENTED_EDGE('',*,*,#4814,.T.);
#6423=ORIENTED_EDGE('',*,*,#4809,.T.);
#6424=ORIENTED_EDGE('',*,*,#4693,.T.);
#6425=ORIENTED_EDGE('',*,*,#4688,.T.);
#6426=ORIENTED_EDGE('',*,*,#4744,.T.);
#6427=ORIENTED_EDGE('',*,*,#4833,.F.);
#6428=ORIENTED_EDGE('',*,*,#4831,.F.);
#6429=ORIENTED_EDGE('',*,*,#4829,.F.);
#6430=ORIENTED_EDGE('',*,*,#4724,.T.);
#6431=ORIENTED_EDGE('',*,*,#4725,.F.);
#6432=ORIENTED_EDGE('',*,*,#4523,.F.);
#6433=ORIENTED_EDGE('',*,*,#4834,.F.);
#6434=ORIENTED_EDGE('',*,*,#4835,.F.);
#6435=ORIENTED_EDGE('',*,*,#4787,.F.);
#6436=ORIENTED_EDGE('',*,*,#4792,.T.);
#6437=ORIENTED_EDGE('',*,*,#4786,.T.);
#6438=ORIENTED_EDGE('',*,*,#4788,.T.);
#6439=ORIENTED_EDGE('',*,*,#4835,.T.);
#6440=ORIENTED_EDGE('',*,*,#4836,.T.);
#6441=ORIENTED_EDGE('',*,*,#4801,.T.);
#6442=ORIENTED_EDGE('',*,*,#4793,.T.);
#6443=ORIENTED_EDGE('',*,*,#4836,.F.);
#6444=ORIENTED_EDGE('',*,*,#4834,.T.);
#6445=ORIENTED_EDGE('',*,*,#4522,.F.);
#6446=ORIENTED_EDGE('',*,*,#4745,.T.);
#6447=ORIENTED_EDGE('',*,*,#4746,.T.);
#6448=ORIENTED_EDGE('',*,*,#4812,.T.);
#6449=ORIENTED_EDGE('',*,*,#4832,.T.);
#6450=ORIENTED_EDGE('',*,*,#4833,.T.);
#6451=ORIENTED_EDGE('',*,*,#4411,.T.);
#6452=ORIENTED_EDGE('',*,*,#4837,.F.);
#6453=ORIENTED_EDGE('',*,*,#4466,.T.);
#6454=ORIENTED_EDGE('',*,*,#4838,.F.);
#6455=ORIENTED_EDGE('',*,*,#4408,.T.);
#6456=ORIENTED_EDGE('',*,*,#4839,.T.);
#6457=ORIENTED_EDGE('',*,*,#4469,.T.);
#6458=ORIENTED_EDGE('',*,*,#4837,.T.);
#6459=ORIENTED_EDGE('',*,*,#4405,.T.);
#6460=ORIENTED_EDGE('',*,*,#4402,.T.);
#6461=ORIENTED_EDGE('',*,*,#4840,.F.);
#6462=ORIENTED_EDGE('',*,*,#4472,.T.);
#6463=ORIENTED_EDGE('',*,*,#4839,.F.);
#6464=ORIENTED_EDGE('',*,*,#4440,.T.);
#6465=ORIENTED_EDGE('',*,*,#4435,.T.);
#6466=ORIENTED_EDGE('',*,*,#4434,.T.);
#6467=ORIENTED_EDGE('',*,*,#4527,.F.);
#6468=ORIENTED_EDGE('',*,*,#4841,.F.);
#6469=ORIENTED_EDGE('',*,*,#4842,.F.);
#6470=ORIENTED_EDGE('',*,*,#4443,.T.);
#6471=ORIENTED_EDGE('',*,*,#4842,.T.);
#6472=ORIENTED_EDGE('',*,*,#4843,.F.);
#6473=ORIENTED_EDGE('',*,*,#4844,.T.);
#6474=ORIENTED_EDGE('',*,*,#4449,.T.);
#6475=ORIENTED_EDGE('',*,*,#4446,.T.);
#6476=ORIENTED_EDGE('',*,*,#4844,.F.);
#6477=ORIENTED_EDGE('',*,*,#4845,.T.);
#6478=ORIENTED_EDGE('',*,*,#4846,.F.);
#6479=ORIENTED_EDGE('',*,*,#4847,.T.);
#6480=ORIENTED_EDGE('',*,*,#4848,.F.);
#6481=ORIENTED_EDGE('',*,*,#4849,.F.);
#6482=ORIENTED_EDGE('',*,*,#4850,.F.);
#6483=ORIENTED_EDGE('',*,*,#4848,.T.);
#6484=ORIENTED_EDGE('',*,*,#4851,.F.);
#6485=ORIENTED_EDGE('',*,*,#4852,.T.);
#6486=ORIENTED_EDGE('',*,*,#4853,.T.);
#6487=ORIENTED_EDGE('',*,*,#4854,.F.);
#6488=ORIENTED_EDGE('',*,*,#4855,.T.);
#6489=ORIENTED_EDGE('',*,*,#4856,.F.);
#6490=ORIENTED_EDGE('',*,*,#4857,.F.);
#6491=ORIENTED_EDGE('',*,*,#4858,.F.);
#6492=ORIENTED_EDGE('',*,*,#4859,.F.);
#6493=ORIENTED_EDGE('',*,*,#4858,.T.);
#6494=ORIENTED_EDGE('',*,*,#4860,.F.);
#6495=ORIENTED_EDGE('',*,*,#4861,.F.);
#6496=ORIENTED_EDGE('',*,*,#4862,.F.);
#6497=ORIENTED_EDGE('',*,*,#4863,.F.);
#6498=ORIENTED_EDGE('',*,*,#4864,.F.);
#6499=ORIENTED_EDGE('',*,*,#4855,.F.);
#6500=ORIENTED_EDGE('',*,*,#4865,.F.);
#6501=ORIENTED_EDGE('',*,*,#4866,.F.);
#6502=ORIENTED_EDGE('',*,*,#4867,.F.);
#6503=ORIENTED_EDGE('',*,*,#4863,.T.);
#6504=ORIENTED_EDGE('',*,*,#4868,.F.);
#6505=ORIENTED_EDGE('',*,*,#4869,.F.);
#6506=ORIENTED_EDGE('',*,*,#4870,.F.);
#6507=ORIENTED_EDGE('',*,*,#4869,.T.);
#6508=ORIENTED_EDGE('',*,*,#4871,.T.);
#6509=ORIENTED_EDGE('',*,*,#4872,.F.);
#6510=ORIENTED_EDGE('',*,*,#4873,.F.);
#6511=ORIENTED_EDGE('',*,*,#4874,.F.);
#6512=ORIENTED_EDGE('',*,*,#4875,.F.);
#6513=ORIENTED_EDGE('',*,*,#4876,.F.);
#6514=ORIENTED_EDGE('',*,*,#4866,.T.);
#6515=ORIENTED_EDGE('',*,*,#4877,.F.);
#6516=ORIENTED_EDGE('',*,*,#4874,.T.);
#6517=ORIENTED_EDGE('',*,*,#4861,.T.);
#6518=ORIENTED_EDGE('',*,*,#4878,.T.);
#6519=ORIENTED_EDGE('',*,*,#4879,.F.);
#6520=ORIENTED_EDGE('',*,*,#4880,.F.);
#6521=ORIENTED_EDGE('',*,*,#4868,.T.);
#6522=ORIENTED_EDGE('',*,*,#4862,.T.);
#6523=ORIENTED_EDGE('',*,*,#4880,.T.);
#6524=ORIENTED_EDGE('',*,*,#4881,.F.);
#6525=ORIENTED_EDGE('',*,*,#4882,.F.);
#6526=ORIENTED_EDGE('',*,*,#4871,.F.);
#6527=ORIENTED_EDGE('',*,*,#4872,.T.);
#6528=ORIENTED_EDGE('',*,*,#4882,.T.);
#6529=ORIENTED_EDGE('',*,*,#4883,.F.);
#6530=ORIENTED_EDGE('',*,*,#4884,.F.);
#6531=ORIENTED_EDGE('',*,*,#4664,.T.);
#6532=ORIENTED_EDGE('',*,*,#4885,.T.);
#6533=ORIENTED_EDGE('',*,*,#4462,.T.);
#6534=ORIENTED_EDGE('',*,*,#4480,.T.);
#6535=ORIENTED_EDGE('',*,*,#4886,.F.);
#6536=ORIENTED_EDGE('',*,*,#4854,.T.);
#6537=ORIENTED_EDGE('',*,*,#4859,.T.);
#6538=ORIENTED_EDGE('',*,*,#4867,.T.);
#6539=ORIENTED_EDGE('',*,*,#4870,.T.);
#6540=ORIENTED_EDGE('',*,*,#4877,.T.);
#6541=ORIENTED_EDGE('',*,*,#4865,.T.);
#6542=ORIENTED_EDGE('',*,*,#4887,.F.);
#6543=ORIENTED_EDGE('',*,*,#4657,.F.);
#6544=ORIENTED_EDGE('',*,*,#4888,.F.);
#6545=ORIENTED_EDGE('',*,*,#4889,.F.);
#6546=ORIENTED_EDGE('',*,*,#4890,.F.);
#6547=ORIENTED_EDGE('',*,*,#4891,.F.);
#6548=ORIENTED_EDGE('',*,*,#4888,.T.);
#6549=ORIENTED_EDGE('',*,*,#4656,.F.);
#6550=ORIENTED_EDGE('',*,*,#4892,.F.);
#6551=ORIENTED_EDGE('',*,*,#4893,.F.);
#6552=ORIENTED_EDGE('',*,*,#4890,.T.);
#6553=ORIENTED_EDGE('',*,*,#4655,.F.);
#6554=ORIENTED_EDGE('',*,*,#4893,.T.);
#6555=ORIENTED_EDGE('',*,*,#4894,.F.);
#6556=ORIENTED_EDGE('',*,*,#4895,.T.);
#6557=ORIENTED_EDGE('',*,*,#4896,.T.);
#6558=ORIENTED_EDGE('',*,*,#4891,.T.);
#6559=ORIENTED_EDGE('',*,*,#4896,.F.);
#6560=ORIENTED_EDGE('',*,*,#4897,.T.);
#6561=ORIENTED_EDGE('',*,*,#4898,.T.);
#6562=ORIENTED_EDGE('',*,*,#4892,.T.);
#6563=ORIENTED_EDGE('',*,*,#4658,.T.);
#6564=ORIENTED_EDGE('',*,*,#4887,.T.);
#6565=ORIENTED_EDGE('',*,*,#4899,.T.);
#6566=ORIENTED_EDGE('',*,*,#4900,.T.);
#6567=ORIENTED_EDGE('',*,*,#4817,.T.);
#6568=ORIENTED_EDGE('',*,*,#4901,.T.);
#6569=ORIENTED_EDGE('',*,*,#4902,.T.);
#6570=ORIENTED_EDGE('',*,*,#4631,.T.);
#6571=ORIENTED_EDGE('',*,*,#4821,.T.);
#6572=ORIENTED_EDGE('',*,*,#4903,.T.);
#6573=ORIENTED_EDGE('',*,*,#4894,.T.);
#6574=ORIENTED_EDGE('',*,*,#4889,.T.);
#6575=ORIENTED_EDGE('',*,*,#4898,.F.);
#6576=ORIENTED_EDGE('',*,*,#4904,.T.);
#6577=ORIENTED_EDGE('',*,*,#4899,.F.);
#6578=ORIENTED_EDGE('',*,*,#4905,.F.);
#6579=ORIENTED_EDGE('',*,*,#4895,.F.);
#6580=ORIENTED_EDGE('',*,*,#4903,.F.);
#6581=ORIENTED_EDGE('',*,*,#4820,.F.);
#6582=ORIENTED_EDGE('',*,*,#4906,.F.);
#6583=ORIENTED_EDGE('',*,*,#4897,.F.);
#6584=ORIENTED_EDGE('',*,*,#4905,.T.);
#6585=ORIENTED_EDGE('',*,*,#4819,.F.);
#6586=ORIENTED_EDGE('',*,*,#4900,.F.);
#6587=ORIENTED_EDGE('',*,*,#4904,.F.);
#6588=ORIENTED_EDGE('',*,*,#4906,.T.);
#6589=ORIENTED_EDGE('',*,*,#4818,.F.);
#6590=ORIENTED_EDGE('',*,*,#4902,.F.);
#6591=ORIENTED_EDGE('',*,*,#4907,.F.);
#6592=ORIENTED_EDGE('',*,*,#4908,.F.);
#6593=ORIENTED_EDGE('',*,*,#4632,.T.);
#6594=ORIENTED_EDGE('',*,*,#4901,.F.);
#6595=ORIENTED_EDGE('',*,*,#4816,.T.);
#6596=ORIENTED_EDGE('',*,*,#4909,.F.);
#6597=ORIENTED_EDGE('',*,*,#4907,.T.);
#6598=ORIENTED_EDGE('',*,*,#4857,.T.);
#6599=ORIENTED_EDGE('',*,*,#4910,.T.);
#6600=ORIENTED_EDGE('',*,*,#4911,.F.);
#6601=ORIENTED_EDGE('',*,*,#4878,.F.);
#6602=ORIENTED_EDGE('',*,*,#4860,.T.);
#6603=ORIENTED_EDGE('',*,*,#4864,.T.);
#6604=ORIENTED_EDGE('',*,*,#4876,.T.);
#6605=ORIENTED_EDGE('',*,*,#4912,.F.);
#6606=ORIENTED_EDGE('',*,*,#4913,.F.);
#6607=ORIENTED_EDGE('',*,*,#4910,.F.);
#6608=ORIENTED_EDGE('',*,*,#4856,.T.);
#6609=ORIENTED_EDGE('',*,*,#4875,.T.);
#6610=ORIENTED_EDGE('',*,*,#4873,.T.);
#6611=ORIENTED_EDGE('',*,*,#4884,.T.);
#6612=ORIENTED_EDGE('',*,*,#4914,.F.);
#6613=ORIENTED_EDGE('',*,*,#4912,.T.);
#6614=ORIENTED_EDGE('',*,*,#4914,.T.);
#6615=ORIENTED_EDGE('',*,*,#4883,.T.);
#6616=ORIENTED_EDGE('',*,*,#4881,.T.);
#6617=ORIENTED_EDGE('',*,*,#4879,.T.);
#6618=ORIENTED_EDGE('',*,*,#4911,.T.);
#6619=ORIENTED_EDGE('',*,*,#4913,.T.);
#6620=ORIENTED_EDGE('',*,*,#4654,.F.);
#6621=ORIENTED_EDGE('',*,*,#4490,.T.);
#6622=ORIENTED_EDGE('',*,*,#4537,.F.);
#6623=ORIENTED_EDGE('',*,*,#4915,.F.);
#6624=ORIENTED_EDGE('',*,*,#4916,.F.);
#6625=ORIENTED_EDGE('',*,*,#4496,.T.);
#6626=ORIENTED_EDGE('',*,*,#4917,.F.);
#6627=ORIENTED_EDGE('',*,*,#4918,.F.);
#6628=ORIENTED_EDGE('',*,*,#4919,.F.);
#6629=ORIENTED_EDGE('',*,*,#4499,.T.);
#6630=ORIENTED_EDGE('',*,*,#4919,.T.);
#6631=ORIENTED_EDGE('',*,*,#4920,.T.);
#6632=ORIENTED_EDGE('',*,*,#4921,.T.);
#6633=ORIENTED_EDGE('',*,*,#4502,.T.);
#6634=ORIENTED_EDGE('',*,*,#4921,.F.);
#6635=ORIENTED_EDGE('',*,*,#4922,.F.);
#6636=ORIENTED_EDGE('',*,*,#4514,.F.);
#6637=ORIENTED_EDGE('',*,*,#4493,.T.);
#6638=ORIENTED_EDGE('',*,*,#4916,.T.);
#6639=ORIENTED_EDGE('',*,*,#4923,.T.);
#6640=ORIENTED_EDGE('',*,*,#4917,.T.);
#6641=ORIENTED_EDGE('',*,*,#4774,.T.);
#6642=ORIENTED_EDGE('',*,*,#4785,.T.);
#6643=ORIENTED_EDGE('',*,*,#4760,.T.);
#6644=ORIENTED_EDGE('',*,*,#4790,.T.);
#6645=ORIENTED_EDGE('',*,*,#4824,.T.);
#6646=ORIENTED_EDGE('',*,*,#4791,.T.);
#6647=ORIENTED_EDGE('',*,*,#4795,.T.);
#6648=ORIENTED_EDGE('',*,*,#4800,.T.);
#6649=ORIENTED_EDGE('',*,*,#4520,.T.);
#6650=ORIENTED_EDGE('',*,*,#4825,.T.);
#6651=ORIENTED_EDGE('',*,*,#4828,.F.);
#6652=ORIENTED_EDGE('',*,*,#4822,.F.);
#6653=ORIENTED_EDGE('',*,*,#4629,.F.);
#6654=ORIENTED_EDGE('',*,*,#4627,.F.);
#6655=ORIENTED_EDGE('',*,*,#4733,.T.);
#6656=ORIENTED_EDGE('',*,*,#4680,.T.);
#6657=ORIENTED_EDGE('',*,*,#4924,.F.);
#6658=ORIENTED_EDGE('',*,*,#4711,.T.);
#6659=ORIENTED_EDGE('',*,*,#4682,.F.);
#6660=ORIENTED_EDGE('',*,*,#4681,.T.);
#6661=ORIENTED_EDGE('',*,*,#4686,.F.);
#6662=ORIENTED_EDGE('',*,*,#4712,.T.);
#6663=ORIENTED_EDGE('',*,*,#4924,.T.);
#6664=ORIENTED_EDGE('',*,*,#4925,.F.);
#6665=ORIENTED_EDGE('',*,*,#4926,.T.);
#6666=ORIENTED_EDGE('',*,*,#4927,.F.);
#6667=ORIENTED_EDGE('',*,*,#4928,.F.);
#6668=ORIENTED_EDGE('',*,*,#4927,.T.);
#6669=ORIENTED_EDGE('',*,*,#4929,.F.);
#6670=ORIENTED_EDGE('',*,*,#4930,.T.);
#6671=ORIENTED_EDGE('',*,*,#4931,.T.);
#6672=ORIENTED_EDGE('',*,*,#4932,.F.);
#6673=ORIENTED_EDGE('',*,*,#4933,.T.);
#6674=ORIENTED_EDGE('',*,*,#4930,.F.);
#6675=ORIENTED_EDGE('',*,*,#4934,.F.);
#6676=ORIENTED_EDGE('',*,*,#4935,.F.);
#6677=ORIENTED_EDGE('',*,*,#4660,.T.);
#6678=ORIENTED_EDGE('',*,*,#4667,.F.);
#6679=ORIENTED_EDGE('',*,*,#4936,.T.);
#6680=ORIENTED_EDGE('',*,*,#4477,.T.);
#6681=ORIENTED_EDGE('',*,*,#4937,.T.);
#6682=ORIENTED_EDGE('',*,*,#4619,.T.);
#6683=ORIENTED_EDGE('',*,*,#4617,.T.);
#6684=ORIENTED_EDGE('',*,*,#4938,.T.);
#6685=ORIENTED_EDGE('',*,*,#4939,.T.);
#6686=ORIENTED_EDGE('',*,*,#4936,.F.);
#6687=ORIENTED_EDGE('',*,*,#4666,.T.);
#6688=ORIENTED_EDGE('',*,*,#4940,.T.);
#6689=ORIENTED_EDGE('',*,*,#4478,.T.);
#6690=ORIENTED_EDGE('',*,*,#4941,.F.);
#6691=ORIENTED_EDGE('',*,*,#4942,.T.);
#6692=ORIENTED_EDGE('',*,*,#4943,.F.);
#6693=ORIENTED_EDGE('',*,*,#4944,.T.);
#6694=ORIENTED_EDGE('',*,*,#4945,.F.);
#6695=ORIENTED_EDGE('',*,*,#4946,.T.);
#6696=ORIENTED_EDGE('',*,*,#4947,.F.);
#6697=ORIENTED_EDGE('',*,*,#4948,.T.);
#6698=ORIENTED_EDGE('',*,*,#4483,.T.);
#6699=ORIENTED_EDGE('',*,*,#4949,.F.);
#6700=ORIENTED_EDGE('',*,*,#4950,.F.);
#6701=ORIENTED_EDGE('',*,*,#4951,.F.);
#6702=ORIENTED_EDGE('',*,*,#4952,.F.);
#6703=ORIENTED_EDGE('',*,*,#4953,.F.);
#6704=ORIENTED_EDGE('',*,*,#4950,.T.);
#6705=ORIENTED_EDGE('',*,*,#4954,.F.);
#6706=ORIENTED_EDGE('',*,*,#4955,.F.);
#6707=ORIENTED_EDGE('',*,*,#4956,.F.);
#6708=ORIENTED_EDGE('',*,*,#4952,.T.);
#6709=ORIENTED_EDGE('',*,*,#4957,.F.);
#6710=ORIENTED_EDGE('',*,*,#4958,.F.);
#6711=ORIENTED_EDGE('',*,*,#4959,.F.);
#6712=ORIENTED_EDGE('',*,*,#4955,.T.);
#6713=ORIENTED_EDGE('',*,*,#4960,.F.);
#6714=ORIENTED_EDGE('',*,*,#4961,.F.);
#6715=ORIENTED_EDGE('',*,*,#4962,.F.);
#6716=ORIENTED_EDGE('',*,*,#4958,.T.);
#6717=ORIENTED_EDGE('',*,*,#4963,.F.);
#6718=ORIENTED_EDGE('',*,*,#4614,.F.);
#6719=ORIENTED_EDGE('',*,*,#4964,.F.);
#6720=ORIENTED_EDGE('',*,*,#4961,.T.);
#6721=ORIENTED_EDGE('',*,*,#4965,.F.);
#6722=ORIENTED_EDGE('',*,*,#4615,.T.);
#6723=ORIENTED_EDGE('',*,*,#4966,.F.);
#6724=ORIENTED_EDGE('',*,*,#4942,.F.);
#6725=ORIENTED_EDGE('',*,*,#4967,.F.);
#6726=ORIENTED_EDGE('',*,*,#4949,.T.);
#6727=ORIENTED_EDGE('',*,*,#4968,.F.);
#6728=ORIENTED_EDGE('',*,*,#4948,.F.);
#6729=ORIENTED_EDGE('',*,*,#4969,.F.);
#6730=ORIENTED_EDGE('',*,*,#4963,.T.);
#6731=ORIENTED_EDGE('',*,*,#4970,.F.);
#6732=ORIENTED_EDGE('',*,*,#4944,.F.);
#6733=ORIENTED_EDGE('',*,*,#4971,.F.);
#6734=ORIENTED_EDGE('',*,*,#4960,.T.);
#6735=ORIENTED_EDGE('',*,*,#4972,.T.);
#6736=ORIENTED_EDGE('',*,*,#4945,.T.);
#6737=ORIENTED_EDGE('',*,*,#4970,.T.);
#6738=ORIENTED_EDGE('',*,*,#4957,.T.);
#6739=ORIENTED_EDGE('',*,*,#4973,.F.);
#6740=ORIENTED_EDGE('',*,*,#4946,.F.);
#6741=ORIENTED_EDGE('',*,*,#4972,.F.);
#6742=ORIENTED_EDGE('',*,*,#4954,.T.);
#6743=ORIENTED_EDGE('',*,*,#4969,.T.);
#6744=ORIENTED_EDGE('',*,*,#4947,.T.);
#6745=ORIENTED_EDGE('',*,*,#4973,.T.);
#6746=ORIENTED_EDGE('',*,*,#4965,.T.);
#6747=ORIENTED_EDGE('',*,*,#4971,.T.);
#6748=ORIENTED_EDGE('',*,*,#4943,.T.);
#6749=ORIENTED_EDGE('',*,*,#4966,.T.);
#6750=ORIENTED_EDGE('',*,*,#4581,.T.);
#6751=ORIENTED_EDGE('',*,*,#4974,.T.);
#6752=ORIENTED_EDGE('',*,*,#4975,.F.);
#6753=ORIENTED_EDGE('',*,*,#4976,.F.);
#6754=ORIENTED_EDGE('',*,*,#4582,.T.);
#6755=ORIENTED_EDGE('',*,*,#4976,.T.);
#6756=ORIENTED_EDGE('',*,*,#4977,.F.);
#6757=ORIENTED_EDGE('',*,*,#4978,.F.);
#6758=ORIENTED_EDGE('',*,*,#4583,.T.);
#6759=ORIENTED_EDGE('',*,*,#4978,.T.);
#6760=ORIENTED_EDGE('',*,*,#4979,.F.);
#6761=ORIENTED_EDGE('',*,*,#4980,.F.);
#6762=ORIENTED_EDGE('',*,*,#4584,.T.);
#6763=ORIENTED_EDGE('',*,*,#4980,.T.);
#6764=ORIENTED_EDGE('',*,*,#4981,.F.);
#6765=ORIENTED_EDGE('',*,*,#4974,.F.);
#6766=ORIENTED_EDGE('',*,*,#4981,.T.);
#6767=ORIENTED_EDGE('',*,*,#4979,.T.);
#6768=ORIENTED_EDGE('',*,*,#4977,.T.);
#6769=ORIENTED_EDGE('',*,*,#4975,.T.);
#6770=ORIENTED_EDGE('',*,*,#4982,.T.);
#6771=ORIENTED_EDGE('',*,*,#4937,.F.);
#6772=ORIENTED_EDGE('',*,*,#4983,.F.);
#6773=ORIENTED_EDGE('',*,*,#4984,.F.);
#6774=ORIENTED_EDGE('',*,*,#4620,.T.);
#6775=ORIENTED_EDGE('',*,*,#4984,.T.);
#6776=ORIENTED_EDGE('',*,*,#4985,.T.);
#6777=ORIENTED_EDGE('',*,*,#4986,.T.);
#6778=ORIENTED_EDGE('',*,*,#4987,.T.);
#6779=ORIENTED_EDGE('',*,*,#4622,.F.);
#6780=ORIENTED_EDGE('',*,*,#4986,.F.);
#6781=ORIENTED_EDGE('',*,*,#4988,.F.);
#6782=ORIENTED_EDGE('',*,*,#4989,.F.);
#6783=ORIENTED_EDGE('',*,*,#4990,.F.);
#6784=ORIENTED_EDGE('',*,*,#4989,.T.);
#6785=ORIENTED_EDGE('',*,*,#4991,.T.);
#6786=ORIENTED_EDGE('',*,*,#4992,.T.);
#6787=ORIENTED_EDGE('',*,*,#4993,.T.);
#6788=ORIENTED_EDGE('',*,*,#4994,.T.);
#6789=ORIENTED_EDGE('',*,*,#4565,.T.);
#6790=ORIENTED_EDGE('',*,*,#4995,.F.);
#6791=ORIENTED_EDGE('',*,*,#4992,.F.);
#6792=ORIENTED_EDGE('',*,*,#4996,.T.);
#6793=ORIENTED_EDGE('',*,*,#4569,.T.);
#6794=ORIENTED_EDGE('',*,*,#4570,.T.);
#6795=ORIENTED_EDGE('',*,*,#4558,.T.);
#6796=ORIENTED_EDGE('',*,*,#4987,.F.);
#6797=ORIENTED_EDGE('',*,*,#4990,.T.);
#6798=ORIENTED_EDGE('',*,*,#4993,.F.);
#6799=ORIENTED_EDGE('',*,*,#4995,.T.);
#6800=ORIENTED_EDGE('',*,*,#4997,.F.);
#6801=ORIENTED_EDGE('',*,*,#4998,.T.);
#6802=ORIENTED_EDGE('',*,*,#4939,.F.);
#6803=ORIENTED_EDGE('',*,*,#4998,.F.);
#6804=ORIENTED_EDGE('',*,*,#4673,.T.);
#6805=ORIENTED_EDGE('',*,*,#4999,.T.);
#6806=ORIENTED_EDGE('',*,*,#4997,.T.);
#6807=ORIENTED_EDGE('',*,*,#4999,.F.);
#6808=ORIENTED_EDGE('',*,*,#4994,.F.);
#6809=ORIENTED_EDGE('',*,*,#5000,.T.);
#6810=ORIENTED_EDGE('',*,*,#4982,.F.);
#6811=ORIENTED_EDGE('',*,*,#5000,.F.);
#6812=ORIENTED_EDGE('',*,*,#4665,.T.);
#6813=ORIENTED_EDGE('',*,*,#4886,.T.);
#6814=ORIENTED_EDGE('',*,*,#4479,.T.);
#6815=ORIENTED_EDGE('',*,*,#4940,.F.);
#6816=ORIENTED_EDGE('',*,*,#4380,.T.);
#6817=ORIENTED_EDGE('',*,*,#4416,.T.);
#6818=ORIENTED_EDGE('',*,*,#5001,.F.);
#6819=ORIENTED_EDGE('',*,*,#5002,.T.);
#6820=ORIENTED_EDGE('',*,*,#4412,.T.);
#6821=ORIENTED_EDGE('',*,*,#4838,.T.);
#6822=ORIENTED_EDGE('',*,*,#4463,.T.);
#6823=ORIENTED_EDGE('',*,*,#4885,.F.);
#6824=ORIENTED_EDGE('',*,*,#4663,.T.);
#6825=ORIENTED_EDGE('',*,*,#5003,.T.);
#6826=ORIENTED_EDGE('',*,*,#5004,.T.);
#6827=ORIENTED_EDGE('',*,*,#5001,.T.);
#6828=ORIENTED_EDGE('',*,*,#4589,.T.);
#6829=ORIENTED_EDGE('',*,*,#5005,.T.);
#6830=ORIENTED_EDGE('',*,*,#5006,.T.);
#6831=ORIENTED_EDGE('',*,*,#5003,.F.);
#6832=ORIENTED_EDGE('',*,*,#4662,.T.);
#6833=ORIENTED_EDGE('',*,*,#4588,.T.);
#6834=ORIENTED_EDGE('',*,*,#5007,.T.);
#6835=ORIENTED_EDGE('',*,*,#5008,.T.);
#6836=ORIENTED_EDGE('',*,*,#5005,.F.);
#6837=ORIENTED_EDGE('',*,*,#4606,.T.);
#6838=ORIENTED_EDGE('',*,*,#4634,.T.);
#6839=ORIENTED_EDGE('',*,*,#5009,.T.);
#6840=ORIENTED_EDGE('',*,*,#5007,.F.);
#6841=ORIENTED_EDGE('',*,*,#4815,.F.);
#6842=ORIENTED_EDGE('',*,*,#4378,.T.);
#6843=ORIENTED_EDGE('',*,*,#5002,.F.);
#6844=ORIENTED_EDGE('',*,*,#5004,.F.);
#6845=ORIENTED_EDGE('',*,*,#5006,.F.);
#6846=ORIENTED_EDGE('',*,*,#5008,.F.);
#6847=ORIENTED_EDGE('',*,*,#5009,.F.);
#6848=ORIENTED_EDGE('',*,*,#4633,.T.);
#6849=ORIENTED_EDGE('',*,*,#4908,.T.);
#6850=ORIENTED_EDGE('',*,*,#4909,.T.);
#6851=ORIENTED_EDGE('',*,*,#5010,.F.);
#6852=ORIENTED_EDGE('',*,*,#5011,.F.);
#6853=ORIENTED_EDGE('',*,*,#5012,.F.);
#6854=ORIENTED_EDGE('',*,*,#5013,.T.);
#6855=ORIENTED_EDGE('',*,*,#5014,.T.);
#6856=ORIENTED_EDGE('',*,*,#5011,.T.);
#6857=ORIENTED_EDGE('',*,*,#5015,.T.);
#6858=ORIENTED_EDGE('',*,*,#5016,.T.);
#6859=ORIENTED_EDGE('',*,*,#5017,.T.);
#6860=ORIENTED_EDGE('',*,*,#5018,.T.);
#6861=ORIENTED_EDGE('',*,*,#4383,.F.);
#6862=ORIENTED_EDGE('',*,*,#5019,.T.);
#6863=ORIENTED_EDGE('',*,*,#5020,.T.);
#6864=ORIENTED_EDGE('',*,*,#5017,.F.);
#6865=ORIENTED_EDGE('',*,*,#5021,.T.);
#6866=ORIENTED_EDGE('',*,*,#5022,.T.);
#6867=ORIENTED_EDGE('',*,*,#5023,.T.);
#6868=ORIENTED_EDGE('',*,*,#5019,.F.);
#6869=ORIENTED_EDGE('',*,*,#5024,.T.);
#6870=ORIENTED_EDGE('',*,*,#5025,.T.);
#6871=ORIENTED_EDGE('',*,*,#5026,.T.);
#6872=ORIENTED_EDGE('',*,*,#5022,.F.);
#6873=ORIENTED_EDGE('',*,*,#5027,.T.);
#6874=ORIENTED_EDGE('',*,*,#5028,.T.);
#6875=ORIENTED_EDGE('',*,*,#5029,.T.);
#6876=ORIENTED_EDGE('',*,*,#5025,.F.);
#6877=ORIENTED_EDGE('',*,*,#5030,.T.);
#6878=ORIENTED_EDGE('',*,*,#5031,.T.);
#6879=ORIENTED_EDGE('',*,*,#5032,.T.);
#6880=ORIENTED_EDGE('',*,*,#5028,.F.);
#6881=ORIENTED_EDGE('',*,*,#5033,.T.);
#6882=ORIENTED_EDGE('',*,*,#5034,.T.);
#6883=ORIENTED_EDGE('',*,*,#5035,.T.);
#6884=ORIENTED_EDGE('',*,*,#5031,.F.);
#6885=ORIENTED_EDGE('',*,*,#5036,.T.);
#6886=ORIENTED_EDGE('',*,*,#5037,.T.);
#6887=ORIENTED_EDGE('',*,*,#5038,.T.);
#6888=ORIENTED_EDGE('',*,*,#5034,.F.);
#6889=ORIENTED_EDGE('',*,*,#5039,.T.);
#6890=ORIENTED_EDGE('',*,*,#5040,.T.);
#6891=ORIENTED_EDGE('',*,*,#5041,.T.);
#6892=ORIENTED_EDGE('',*,*,#5037,.F.);
#6893=ORIENTED_EDGE('',*,*,#5042,.T.);
#6894=ORIENTED_EDGE('',*,*,#5043,.T.);
#6895=ORIENTED_EDGE('',*,*,#5044,.T.);
#6896=ORIENTED_EDGE('',*,*,#5040,.F.);
#6897=ORIENTED_EDGE('',*,*,#5045,.T.);
#6898=ORIENTED_EDGE('',*,*,#5046,.T.);
#6899=ORIENTED_EDGE('',*,*,#5047,.T.);
#6900=ORIENTED_EDGE('',*,*,#5043,.F.);
#6901=ORIENTED_EDGE('',*,*,#5048,.T.);
#6902=ORIENTED_EDGE('',*,*,#5049,.T.);
#6903=ORIENTED_EDGE('',*,*,#5046,.F.);
#6904=ORIENTED_EDGE('',*,*,#5050,.T.);
#6905=ORIENTED_EDGE('',*,*,#5051,.T.);
#6906=ORIENTED_EDGE('',*,*,#5052,.T.);
#6907=ORIENTED_EDGE('',*,*,#5012,.T.);
#6908=ORIENTED_EDGE('',*,*,#5053,.T.);
#6909=ORIENTED_EDGE('',*,*,#5051,.F.);
#6910=ORIENTED_EDGE('',*,*,#5054,.T.);
#6911=ORIENTED_EDGE('',*,*,#5055,.T.);
#6912=ORIENTED_EDGE('',*,*,#5010,.T.);
#6913=ORIENTED_EDGE('',*,*,#5056,.T.);
#6914=ORIENTED_EDGE('',*,*,#5054,.F.);
#6915=ORIENTED_EDGE('',*,*,#5057,.T.);
#6916=ORIENTED_EDGE('',*,*,#5058,.T.);
#6917=ORIENTED_EDGE('',*,*,#5059,.T.);
#6918=ORIENTED_EDGE('',*,*,#5060,.T.);
#6919=ORIENTED_EDGE('',*,*,#5061,.T.);
#6920=ORIENTED_EDGE('',*,*,#5058,.F.);
#6921=ORIENTED_EDGE('',*,*,#5062,.T.);
#6922=ORIENTED_EDGE('',*,*,#5063,.T.);
#6923=ORIENTED_EDGE('',*,*,#5064,.T.);
#6924=ORIENTED_EDGE('',*,*,#5060,.F.);
#6925=ORIENTED_EDGE('',*,*,#5065,.T.);
#6926=ORIENTED_EDGE('',*,*,#5066,.T.);
#6927=ORIENTED_EDGE('',*,*,#5067,.T.);
#6928=ORIENTED_EDGE('',*,*,#5063,.F.);
#6929=ORIENTED_EDGE('',*,*,#5068,.T.);
#6930=ORIENTED_EDGE('',*,*,#5069,.T.);
#6931=ORIENTED_EDGE('',*,*,#5070,.T.);
#6932=ORIENTED_EDGE('',*,*,#5066,.F.);
#6933=ORIENTED_EDGE('',*,*,#5071,.T.);
#6934=ORIENTED_EDGE('',*,*,#5069,.F.);
#6935=ORIENTED_EDGE('',*,*,#5072,.T.);
#6936=ORIENTED_EDGE('',*,*,#5073,.T.);
#6937=ORIENTED_EDGE('',*,*,#5074,.T.);
#6938=ORIENTED_EDGE('',*,*,#5075,.T.);
#6939=ORIENTED_EDGE('',*,*,#5076,.T.);
#6940=ORIENTED_EDGE('',*,*,#5073,.F.);
#6941=ORIENTED_EDGE('',*,*,#5077,.T.);
#6942=ORIENTED_EDGE('',*,*,#5078,.T.);
#6943=ORIENTED_EDGE('',*,*,#5079,.T.);
#6944=ORIENTED_EDGE('',*,*,#5075,.F.);
#6945=ORIENTED_EDGE('',*,*,#5080,.T.);
#6946=ORIENTED_EDGE('',*,*,#5081,.T.);
#6947=ORIENTED_EDGE('',*,*,#5082,.T.);
#6948=ORIENTED_EDGE('',*,*,#5078,.F.);
#6949=ORIENTED_EDGE('',*,*,#5083,.T.);
#6950=ORIENTED_EDGE('',*,*,#5084,.T.);
#6951=ORIENTED_EDGE('',*,*,#5085,.T.);
#6952=ORIENTED_EDGE('',*,*,#5081,.F.);
#6953=ORIENTED_EDGE('',*,*,#5086,.T.);
#6954=ORIENTED_EDGE('',*,*,#5087,.T.);
#6955=ORIENTED_EDGE('',*,*,#5088,.T.);
#6956=ORIENTED_EDGE('',*,*,#5084,.F.);
#6957=ORIENTED_EDGE('',*,*,#5089,.T.);
#6958=ORIENTED_EDGE('',*,*,#5090,.T.);
#6959=ORIENTED_EDGE('',*,*,#5087,.F.);
#6960=ORIENTED_EDGE('',*,*,#5091,.T.);
#6961=ORIENTED_EDGE('',*,*,#4450,.T.);
#6962=ORIENTED_EDGE('',*,*,#5090,.F.);
#6963=ORIENTED_EDGE('',*,*,#4452,.T.);
#6964=ORIENTED_EDGE('',*,*,#4846,.T.);
#6965=ORIENTED_EDGE('',*,*,#5092,.F.);
#6966=ORIENTED_EDGE('',*,*,#4850,.T.);
#6967=ORIENTED_EDGE('',*,*,#5093,.F.);
#6968=ORIENTED_EDGE('',*,*,#4928,.T.);
#6969=ORIENTED_EDGE('',*,*,#4931,.F.);
#6970=ORIENTED_EDGE('',*,*,#4933,.F.);
#6971=ORIENTED_EDGE('',*,*,#5094,.T.);
#6972=ORIENTED_EDGE('',*,*,#5095,.T.);
#6973=ORIENTED_EDGE('',*,*,#5096,.F.);
#6974=ORIENTED_EDGE('',*,*,#5097,.T.);
#6975=ORIENTED_EDGE('',*,*,#5098,.F.);
#6976=ORIENTED_EDGE('',*,*,#5099,.T.);
#6977=ORIENTED_EDGE('',*,*,#5100,.F.);
#6978=ORIENTED_EDGE('',*,*,#5088,.F.);
#6979=ORIENTED_EDGE('',*,*,#5101,.T.);
#6980=ORIENTED_EDGE('',*,*,#5056,.F.);
#6981=ORIENTED_EDGE('',*,*,#5052,.F.);
#6982=ORIENTED_EDGE('',*,*,#5050,.F.);
#6983=ORIENTED_EDGE('',*,*,#5048,.F.);
#6984=ORIENTED_EDGE('',*,*,#5045,.F.);
#6985=ORIENTED_EDGE('',*,*,#5042,.F.);
#6986=ORIENTED_EDGE('',*,*,#5102,.F.);
#6987=ORIENTED_EDGE('',*,*,#5057,.F.);
#6988=ORIENTED_EDGE('',*,*,#5102,.T.);
#6989=ORIENTED_EDGE('',*,*,#5039,.F.);
#6990=ORIENTED_EDGE('',*,*,#5036,.F.);
#6991=ORIENTED_EDGE('',*,*,#5103,.T.);
#6992=ORIENTED_EDGE('',*,*,#5065,.F.);
#6993=ORIENTED_EDGE('',*,*,#5062,.F.);
#6994=ORIENTED_EDGE('',*,*,#5103,.F.);
#6995=ORIENTED_EDGE('',*,*,#5033,.F.);
#6996=ORIENTED_EDGE('',*,*,#5104,.F.);
#6997=ORIENTED_EDGE('',*,*,#5071,.F.);
#6998=ORIENTED_EDGE('',*,*,#5068,.F.);
#6999=ORIENTED_EDGE('',*,*,#5104,.T.);
#7000=ORIENTED_EDGE('',*,*,#5030,.F.);
#7001=ORIENTED_EDGE('',*,*,#5105,.F.);
#7002=ORIENTED_EDGE('',*,*,#5072,.F.);
#7003=ORIENTED_EDGE('',*,*,#5105,.T.);
#7004=ORIENTED_EDGE('',*,*,#5027,.F.);
#7005=ORIENTED_EDGE('',*,*,#5106,.T.);
#7006=ORIENTED_EDGE('',*,*,#5083,.F.);
#7007=ORIENTED_EDGE('',*,*,#5080,.F.);
#7008=ORIENTED_EDGE('',*,*,#5077,.F.);
#7009=ORIENTED_EDGE('',*,*,#5106,.F.);
#7010=ORIENTED_EDGE('',*,*,#5024,.F.);
#7011=ORIENTED_EDGE('',*,*,#5107,.F.);
#7012=ORIENTED_EDGE('',*,*,#5089,.F.);
#7013=ORIENTED_EDGE('',*,*,#5086,.F.);
#7014=ORIENTED_EDGE('',*,*,#5107,.T.);
#7015=ORIENTED_EDGE('',*,*,#5021,.F.);
#7016=ORIENTED_EDGE('',*,*,#5108,.T.);
#7017=ORIENTED_EDGE('',*,*,#5091,.F.);
#7018=ORIENTED_EDGE('',*,*,#5108,.F.);
#7019=ORIENTED_EDGE('',*,*,#5016,.F.);
#7020=ORIENTED_EDGE('',*,*,#4459,.T.);
#7021=ORIENTED_EDGE('',*,*,#5109,.T.);
#7022=ORIENTED_EDGE('',*,*,#5110,.T.);
#7023=ORIENTED_EDGE('',*,*,#5111,.T.);
#7024=ORIENTED_EDGE('',*,*,#5112,.T.);
#7025=ORIENTED_EDGE('',*,*,#5113,.T.);
#7026=ORIENTED_EDGE('',*,*,#5114,.T.);
#7027=ORIENTED_EDGE('',*,*,#5109,.F.);
#7028=ORIENTED_EDGE('',*,*,#5115,.T.);
#7029=ORIENTED_EDGE('',*,*,#5116,.T.);
#7030=ORIENTED_EDGE('',*,*,#5117,.T.);
#7031=ORIENTED_EDGE('',*,*,#5113,.F.);
#7032=ORIENTED_EDGE('',*,*,#5118,.T.);
#7033=ORIENTED_EDGE('',*,*,#5119,.T.);
#7034=ORIENTED_EDGE('',*,*,#5120,.T.);
#7035=ORIENTED_EDGE('',*,*,#5116,.F.);
#7036=ORIENTED_EDGE('',*,*,#5121,.T.);
#7037=ORIENTED_EDGE('',*,*,#5122,.T.);
#7038=ORIENTED_EDGE('',*,*,#5123,.T.);
#7039=ORIENTED_EDGE('',*,*,#5119,.F.);
#7040=ORIENTED_EDGE('',*,*,#5124,.T.);
#7041=ORIENTED_EDGE('',*,*,#5124,.F.);
#7042=ORIENTED_EDGE('',*,*,#5121,.F.);
#7043=ORIENTED_EDGE('',*,*,#5118,.F.);
#7044=ORIENTED_EDGE('',*,*,#5115,.F.);
#7045=ORIENTED_EDGE('',*,*,#5112,.F.);
#7046=ORIENTED_EDGE('',*,*,#5125,.T.);
#7047=ORIENTED_EDGE('',*,*,#5126,.T.);
#7048=ORIENTED_EDGE('',*,*,#5127,.T.);
#7049=ORIENTED_EDGE('',*,*,#5128,.T.);
#7050=ORIENTED_EDGE('',*,*,#5129,.F.);
#7051=ORIENTED_EDGE('',*,*,#5130,.T.);
#7052=ORIENTED_EDGE('',*,*,#5131,.T.);
#7053=ORIENTED_EDGE('',*,*,#5132,.T.);
#7054=ORIENTED_EDGE('',*,*,#5133,.T.);
#7055=ORIENTED_EDGE('',*,*,#5130,.F.);
#7056=ORIENTED_EDGE('',*,*,#5134,.T.);
#7057=ORIENTED_EDGE('',*,*,#4481,.T.);
#7058=ORIENTED_EDGE('',*,*,#5134,.F.);
#7059=ORIENTED_EDGE('',*,*,#5132,.F.);
#7060=ORIENTED_EDGE('',*,*,#5135,.F.);
#7061=ORIENTED_EDGE('',*,*,#5136,.F.);
#7062=ORIENTED_EDGE('',*,*,#5137,.F.);
#7063=ORIENTED_EDGE('',*,*,#5138,.F.);
#7064=ORIENTED_EDGE('',*,*,#5139,.F.);
#7065=ORIENTED_EDGE('',*,*,#5140,.F.);
#7066=ORIENTED_EDGE('',*,*,#5141,.T.);
#7067=ORIENTED_EDGE('',*,*,#5142,.T.);
#7068=ORIENTED_EDGE('',*,*,#5143,.F.);
#7069=ORIENTED_EDGE('',*,*,#5144,.T.);
#7070=ORIENTED_EDGE('',*,*,#5145,.F.);
#7071=ORIENTED_EDGE('',*,*,#5146,.T.);
#7072=ORIENTED_EDGE('',*,*,#5147,.T.);
#7073=ORIENTED_EDGE('',*,*,#5148,.F.);
#7074=ORIENTED_EDGE('',*,*,#5149,.F.);
#7075=ORIENTED_EDGE('',*,*,#5150,.F.);
#7076=ORIENTED_EDGE('',*,*,#5151,.T.);
#7077=ORIENTED_EDGE('',*,*,#4574,.T.);
#7078=ORIENTED_EDGE('',*,*,#4552,.T.);
#7079=ORIENTED_EDGE('',*,*,#4561,.T.);
#7080=ORIENTED_EDGE('',*,*,#4996,.F.);
#7081=ORIENTED_EDGE('',*,*,#4991,.F.);
#7082=ORIENTED_EDGE('',*,*,#4988,.T.);
#7083=ORIENTED_EDGE('',*,*,#4985,.F.);
#7084=ORIENTED_EDGE('',*,*,#4983,.T.);
#7085=ORIENTED_EDGE('',*,*,#4938,.F.);
#7086=ORIENTED_EDGE('',*,*,#4616,.F.);
#7087=ORIENTED_EDGE('',*,*,#4605,.T.);
#7088=ORIENTED_EDGE('',*,*,#4608,.T.);
#7089=ORIENTED_EDGE('',*,*,#4611,.T.);
#7090=ORIENTED_EDGE('',*,*,#4967,.T.);
#7091=ORIENTED_EDGE('',*,*,#4941,.T.);
#7092=ORIENTED_EDGE('',*,*,#4968,.T.);
#7093=ORIENTED_EDGE('',*,*,#4482,.T.);
#7094=ORIENTED_EDGE('',*,*,#5152,.T.);
#7095=ORIENTED_EDGE('',*,*,#5153,.F.);
#7096=ORIENTED_EDGE('',*,*,#5154,.F.);
#7097=ORIENTED_EDGE('',*,*,#5155,.T.);
#7098=ORIENTED_EDGE('',*,*,#4542,.T.);
#7099=ORIENTED_EDGE('',*,*,#4541,.T.);
#7100=ORIENTED_EDGE('',*,*,#4487,.T.);
#7101=ORIENTED_EDGE('',*,*,#4489,.T.);
#7102=ORIENTED_EDGE('',*,*,#4492,.T.);
#7103=ORIENTED_EDGE('',*,*,#4495,.T.);
#7104=ORIENTED_EDGE('',*,*,#4498,.T.);
#7105=ORIENTED_EDGE('',*,*,#4501,.T.);
#7106=ORIENTED_EDGE('',*,*,#4504,.T.);
#7107=ORIENTED_EDGE('',*,*,#4507,.T.);
#7108=ORIENTED_EDGE('',*,*,#4510,.T.);
#7109=ORIENTED_EDGE('',*,*,#4512,.T.);
#7110=ORIENTED_EDGE('',*,*,#5156,.F.);
#7111=ORIENTED_EDGE('',*,*,#5157,.F.);
#7112=ORIENTED_EDGE('',*,*,#5158,.F.);
#7113=ORIENTED_EDGE('',*,*,#5159,.F.);
#7114=ORIENTED_EDGE('',*,*,#5160,.F.);
#7115=ORIENTED_EDGE('',*,*,#5161,.F.);
#7116=ORIENTED_EDGE('',*,*,#5162,.F.);
#7117=ORIENTED_EDGE('',*,*,#5163,.F.);
#7118=ORIENTED_EDGE('',*,*,#5164,.F.);
#7119=ORIENTED_EDGE('',*,*,#5165,.F.);
#7120=ORIENTED_EDGE('',*,*,#5166,.T.);
#7121=ORIENTED_EDGE('',*,*,#5167,.T.);
#7122=ORIENTED_EDGE('',*,*,#5156,.T.);
#7123=ORIENTED_EDGE('',*,*,#5168,.T.);
#7124=ORIENTED_EDGE('',*,*,#5169,.T.);
#7125=ORIENTED_EDGE('',*,*,#5170,.T.);
#7126=ORIENTED_EDGE('',*,*,#5171,.T.);
#7127=ORIENTED_EDGE('',*,*,#5168,.F.);
#7128=ORIENTED_EDGE('',*,*,#5165,.T.);
#7129=ORIENTED_EDGE('',*,*,#5172,.T.);
#7130=ORIENTED_EDGE('',*,*,#5173,.T.);
#7131=ORIENTED_EDGE('',*,*,#5170,.F.);
#7132=ORIENTED_EDGE('',*,*,#5164,.T.);
#7133=ORIENTED_EDGE('',*,*,#5174,.T.);
#7134=ORIENTED_EDGE('',*,*,#5175,.T.);
#7135=ORIENTED_EDGE('',*,*,#5172,.F.);
#7136=ORIENTED_EDGE('',*,*,#5163,.T.);
#7137=ORIENTED_EDGE('',*,*,#5176,.T.);
#7138=ORIENTED_EDGE('',*,*,#5177,.T.);
#7139=ORIENTED_EDGE('',*,*,#5174,.F.);
#7140=ORIENTED_EDGE('',*,*,#5162,.T.);
#7141=ORIENTED_EDGE('',*,*,#5178,.T.);
#7142=ORIENTED_EDGE('',*,*,#5179,.T.);
#7143=ORIENTED_EDGE('',*,*,#5176,.F.);
#7144=ORIENTED_EDGE('',*,*,#5161,.T.);
#7145=ORIENTED_EDGE('',*,*,#5180,.T.);
#7146=ORIENTED_EDGE('',*,*,#5181,.T.);
#7147=ORIENTED_EDGE('',*,*,#5178,.F.);
#7148=ORIENTED_EDGE('',*,*,#5160,.T.);
#7149=ORIENTED_EDGE('',*,*,#5182,.T.);
#7150=ORIENTED_EDGE('',*,*,#5183,.T.);
#7151=ORIENTED_EDGE('',*,*,#5180,.F.);
#7152=ORIENTED_EDGE('',*,*,#5159,.T.);
#7153=ORIENTED_EDGE('',*,*,#5184,.T.);
#7154=ORIENTED_EDGE('',*,*,#5185,.T.);
#7155=ORIENTED_EDGE('',*,*,#5182,.F.);
#7156=ORIENTED_EDGE('',*,*,#5158,.T.);
#7157=ORIENTED_EDGE('',*,*,#5167,.F.);
#7158=ORIENTED_EDGE('',*,*,#5186,.T.);
#7159=ORIENTED_EDGE('',*,*,#5184,.F.);
#7160=ORIENTED_EDGE('',*,*,#5157,.T.);
#7161=ORIENTED_EDGE('',*,*,#5181,.F.);
#7162=ORIENTED_EDGE('',*,*,#5187,.F.);
#7163=ORIENTED_EDGE('',*,*,#5188,.F.);
#7164=ORIENTED_EDGE('',*,*,#5189,.F.);
#7165=ORIENTED_EDGE('',*,*,#5183,.F.);
#7166=ORIENTED_EDGE('',*,*,#5190,.T.);
#7167=ORIENTED_EDGE('',*,*,#5191,.T.);
#7168=ORIENTED_EDGE('',*,*,#5187,.T.);
#7169=ORIENTED_EDGE('',*,*,#5067,.F.);
#7170=ORIENTED_EDGE('',*,*,#5192,.F.);
#7171=ORIENTED_EDGE('',*,*,#5193,.T.);
#7172=ORIENTED_EDGE('',*,*,#5190,.F.);
#7173=ORIENTED_EDGE('',*,*,#5185,.F.);
#7174=ORIENTED_EDGE('',*,*,#5194,.F.);
#7175=ORIENTED_EDGE('',*,*,#5195,.F.);
#7176=ORIENTED_EDGE('',*,*,#5196,.F.);
#7177=ORIENTED_EDGE('',*,*,#5197,.F.);
#7178=ORIENTED_EDGE('',*,*,#5198,.F.);
#7179=ORIENTED_EDGE('',*,*,#5199,.T.);
#7180=ORIENTED_EDGE('',*,*,#5200,.T.);
#7181=ORIENTED_EDGE('',*,*,#5064,.F.);
#7182=ORIENTED_EDGE('',*,*,#5186,.F.);
#7183=ORIENTED_EDGE('',*,*,#5201,.T.);
#7184=ORIENTED_EDGE('',*,*,#5202,.F.);
#7185=ORIENTED_EDGE('',*,*,#5194,.T.);
#7186=ORIENTED_EDGE('',*,*,#5169,.F.);
#7187=ORIENTED_EDGE('',*,*,#5203,.F.);
#7188=ORIENTED_EDGE('',*,*,#5204,.T.);
#7189=ORIENTED_EDGE('',*,*,#5205,.F.);
#7190=ORIENTED_EDGE('',*,*,#5206,.F.);
#7191=ORIENTED_EDGE('',*,*,#5207,.F.);
#7192=ORIENTED_EDGE('',*,*,#5208,.T.);
#7193=ORIENTED_EDGE('',*,*,#5209,.F.);
#7194=ORIENTED_EDGE('',*,*,#5210,.F.);
#7195=ORIENTED_EDGE('',*,*,#5201,.F.);
#7196=ORIENTED_EDGE('',*,*,#5211,.T.);
#7197=ORIENTED_EDGE('',*,*,#4543,.F.);
#7198=ORIENTED_EDGE('',*,*,#5155,.F.);
#7199=ORIENTED_EDGE('',*,*,#5212,.T.);
#7200=ORIENTED_EDGE('',*,*,#5213,.F.);
#7201=ORIENTED_EDGE('',*,*,#5214,.T.);
#7202=ORIENTED_EDGE('',*,*,#5152,.F.);
#7203=ORIENTED_EDGE('',*,*,#4540,.F.);
#7204=ORIENTED_EDGE('',*,*,#5215,.T.);
#7205=ORIENTED_EDGE('',*,*,#5153,.T.);
#7206=ORIENTED_EDGE('',*,*,#5214,.F.);
#7207=ORIENTED_EDGE('',*,*,#5216,.T.);
#7208=ORIENTED_EDGE('',*,*,#5154,.T.);
#7209=ORIENTED_EDGE('',*,*,#5215,.F.);
#7210=ORIENTED_EDGE('',*,*,#5217,.T.);
#7211=ORIENTED_EDGE('',*,*,#5212,.F.);
#7212=ORIENTED_EDGE('',*,*,#5211,.F.);
#7213=ORIENTED_EDGE('',*,*,#5218,.T.);
#7214=ORIENTED_EDGE('',*,*,#5219,.T.);
#7215=ORIENTED_EDGE('',*,*,#5220,.T.);
#7216=ORIENTED_EDGE('',*,*,#4852,.F.);
#7217=ORIENTED_EDGE('',*,*,#4545,.F.);
#7218=ORIENTED_EDGE('',*,*,#5221,.T.);
#7219=ORIENTED_EDGE('',*,*,#5217,.F.);
#7220=ORIENTED_EDGE('',*,*,#5222,.F.);
#7221=ORIENTED_EDGE('',*,*,#5223,.F.);
#7222=ORIENTED_EDGE('',*,*,#5218,.F.);
#7223=ORIENTED_EDGE('',*,*,#5216,.F.);
#7224=ORIENTED_EDGE('',*,*,#5224,.T.);
#7225=ORIENTED_EDGE('',*,*,#5225,.T.);
#7226=ORIENTED_EDGE('',*,*,#5222,.T.);
#7227=ORIENTED_EDGE('',*,*,#5213,.T.);
#7228=ORIENTED_EDGE('',*,*,#4549,.T.);
#7229=ORIENTED_EDGE('',*,*,#5226,.F.);
#7230=ORIENTED_EDGE('',*,*,#5224,.F.);
#7231=ORIENTED_EDGE('',*,*,#5227,.T.);
#7232=ORIENTED_EDGE('',*,*,#5228,.T.);
#7233=ORIENTED_EDGE('',*,*,#5149,.T.);
#7234=ORIENTED_EDGE('',*,*,#5229,.T.);
#7235=ORIENTED_EDGE('',*,*,#5230,.F.);
#7236=ORIENTED_EDGE('',*,*,#5231,.F.);
#7237=ORIENTED_EDGE('',*,*,#5206,.T.);
#7238=ORIENTED_EDGE('',*,*,#5232,.F.);
#7239=ORIENTED_EDGE('',*,*,#5233,.T.);
#7240=ORIENTED_EDGE('',*,*,#5207,.T.);
#7241=ORIENTED_EDGE('',*,*,#5231,.T.);
#7242=ORIENTED_EDGE('',*,*,#5234,.T.);
#7243=ORIENTED_EDGE('',*,*,#5235,.F.);
#7244=ORIENTED_EDGE('',*,*,#5236,.T.);
#7245=ORIENTED_EDGE('',*,*,#5232,.T.);
#7246=ORIENTED_EDGE('',*,*,#5205,.T.);
#7247=ORIENTED_EDGE('',*,*,#5148,.T.);
#7248=ORIENTED_EDGE('',*,*,#5237,.T.);
#7249=ORIENTED_EDGE('',*,*,#5238,.T.);
#7250=ORIENTED_EDGE('',*,*,#5229,.F.);
#7251=ORIENTED_EDGE('',*,*,#5239,.T.);
#7252=ORIENTED_EDGE('',*,*,#5240,.T.);
#7253=ORIENTED_EDGE('',*,*,#5237,.F.);
#7254=ORIENTED_EDGE('',*,*,#5241,.T.);
#7255=ORIENTED_EDGE('',*,*,#5242,.T.);
#7256=ORIENTED_EDGE('',*,*,#5239,.F.);
#7257=ORIENTED_EDGE('',*,*,#5243,.T.);
#7258=ORIENTED_EDGE('',*,*,#5244,.T.);
#7259=ORIENTED_EDGE('',*,*,#5245,.T.);
#7260=ORIENTED_EDGE('',*,*,#5230,.T.);
#7261=ORIENTED_EDGE('',*,*,#5246,.T.);
#7262=ORIENTED_EDGE('',*,*,#5244,.F.);
#7263=ORIENTED_EDGE('',*,*,#5247,.T.);
#7264=ORIENTED_EDGE('',*,*,#5150,.T.);
#7265=ORIENTED_EDGE('',*,*,#5228,.F.);
#7266=ORIENTED_EDGE('',*,*,#5248,.T.);
#7267=ORIENTED_EDGE('',*,*,#5151,.F.);
#7268=ORIENTED_EDGE('',*,*,#5247,.F.);
#7269=ORIENTED_EDGE('',*,*,#5249,.T.);
#7270=ORIENTED_EDGE('',*,*,#4572,.T.);
#7271=ORIENTED_EDGE('',*,*,#5248,.F.);
#7272=ORIENTED_EDGE('',*,*,#5250,.T.);
#7273=ORIENTED_EDGE('',*,*,#5251,.T.);
#7274=ORIENTED_EDGE('',*,*,#5252,.T.);
#7275=ORIENTED_EDGE('',*,*,#5227,.F.);
#7276=ORIENTED_EDGE('',*,*,#5253,.F.);
#7277=ORIENTED_EDGE('',*,*,#5254,.F.);
#7278=ORIENTED_EDGE('',*,*,#5250,.F.);
#7279=ORIENTED_EDGE('',*,*,#5238,.F.);
#7280=ORIENTED_EDGE('',*,*,#5240,.F.);
#7281=ORIENTED_EDGE('',*,*,#5242,.F.);
#7282=ORIENTED_EDGE('',*,*,#5255,.T.);
#7283=ORIENTED_EDGE('',*,*,#5253,.T.);
#7284=ORIENTED_EDGE('',*,*,#5256,.T.);
#7285=ORIENTED_EDGE('',*,*,#5257,.T.);
#7286=ORIENTED_EDGE('',*,*,#5258,.T.);
#7287=ORIENTED_EDGE('',*,*,#5259,.T.);
#7288=ORIENTED_EDGE('',*,*,#5246,.F.);
#7289=ORIENTED_EDGE('',*,*,#5236,.F.);
#7290=ORIENTED_EDGE('',*,*,#5260,.T.);
#7291=ORIENTED_EDGE('',*,*,#5255,.F.);
#7292=ORIENTED_EDGE('',*,*,#5235,.T.);
#7293=ORIENTED_EDGE('',*,*,#5204,.F.);
#7294=ORIENTED_EDGE('',*,*,#5261,.F.);
#7295=ORIENTED_EDGE('',*,*,#5262,.T.);
#7296=ORIENTED_EDGE('',*,*,#5263,.F.);
#7297=ORIENTED_EDGE('',*,*,#5264,.T.);
#7298=ORIENTED_EDGE('',*,*,#5265,.F.);
#7299=ORIENTED_EDGE('',*,*,#5188,.T.);
#7300=ORIENTED_EDGE('',*,*,#5191,.F.);
#7301=ORIENTED_EDGE('',*,*,#5193,.F.);
#7302=ORIENTED_EDGE('',*,*,#5266,.F.);
#7303=ORIENTED_EDGE('',*,*,#5267,.F.);
#7304=ORIENTED_EDGE('',*,*,#5268,.T.);
#7305=ORIENTED_EDGE('',*,*,#5099,.F.);
#7306=ORIENTED_EDGE('',*,*,#5269,.T.);
#7307=ORIENTED_EDGE('',*,*,#5270,.F.);
#7308=ORIENTED_EDGE('',*,*,#5223,.T.);
#7309=ORIENTED_EDGE('',*,*,#5225,.F.);
#7310=ORIENTED_EDGE('',*,*,#5226,.T.);
#7311=ORIENTED_EDGE('',*,*,#4548,.T.);
#7312=ORIENTED_EDGE('',*,*,#4546,.F.);
#7313=ORIENTED_EDGE('',*,*,#4851,.T.);
#7314=ORIENTED_EDGE('',*,*,#4847,.F.);
#7315=ORIENTED_EDGE('',*,*,#5092,.T.);
#7316=ORIENTED_EDGE('',*,*,#4845,.F.);
#7317=ORIENTED_EDGE('',*,*,#4843,.T.);
#7318=ORIENTED_EDGE('',*,*,#4841,.T.);
#7319=ORIENTED_EDGE('',*,*,#4526,.T.);
#7320=ORIENTED_EDGE('',*,*,#4517,.T.);
#7321=ORIENTED_EDGE('',*,*,#4515,.F.);
#7322=ORIENTED_EDGE('',*,*,#4922,.T.);
#7323=ORIENTED_EDGE('',*,*,#4920,.F.);
#7324=ORIENTED_EDGE('',*,*,#4918,.T.);
#7325=ORIENTED_EDGE('',*,*,#4923,.F.);
#7326=ORIENTED_EDGE('',*,*,#4915,.T.);
#7327=ORIENTED_EDGE('',*,*,#4536,.T.);
#7328=ORIENTED_EDGE('',*,*,#4559,.F.);
#7329=ORIENTED_EDGE('',*,*,#4585,.T.);
#7330=ORIENTED_EDGE('',*,*,#4578,.F.);
#7331=ORIENTED_EDGE('',*,*,#4576,.T.);
#7332=ORIENTED_EDGE('',*,*,#5271,.F.);
#7333=ORIENTED_EDGE('',*,*,#5251,.F.);
#7334=ORIENTED_EDGE('',*,*,#5254,.T.);
#7335=ORIENTED_EDGE('',*,*,#5260,.F.);
#7336=ORIENTED_EDGE('',*,*,#5272,.T.);
#7337=ORIENTED_EDGE('',*,*,#5273,.T.);
#7338=ORIENTED_EDGE('',*,*,#5274,.T.);
#7339=ORIENTED_EDGE('',*,*,#5275,.T.);
#7340=ORIENTED_EDGE('',*,*,#5276,.T.);
#7341=ORIENTED_EDGE('',*,*,#5277,.T.);
#7342=ORIENTED_EDGE('',*,*,#5278,.T.);
#7343=ORIENTED_EDGE('',*,*,#5279,.T.);
#7344=ORIENTED_EDGE('',*,*,#5280,.T.);
#7345=ORIENTED_EDGE('',*,*,#5281,.T.);
#7346=ORIENTED_EDGE('',*,*,#5282,.T.);
#7347=ORIENTED_EDGE('',*,*,#5283,.T.);
#7348=ORIENTED_EDGE('',*,*,#5284,.T.);
#7349=ORIENTED_EDGE('',*,*,#5281,.F.);
#7350=ORIENTED_EDGE('',*,*,#5285,.T.);
#7351=ORIENTED_EDGE('',*,*,#5279,.F.);
#7352=ORIENTED_EDGE('',*,*,#5286,.T.);
#7353=ORIENTED_EDGE('',*,*,#5287,.T.);
#7354=ORIENTED_EDGE('',*,*,#5277,.F.);
#7355=ORIENTED_EDGE('',*,*,#5288,.T.);
#7356=ORIENTED_EDGE('',*,*,#5289,.T.);
#7357=ORIENTED_EDGE('',*,*,#5286,.F.);
#7358=ORIENTED_EDGE('',*,*,#5140,.T.);
#7359=ORIENTED_EDGE('',*,*,#5290,.T.);
#7360=ORIENTED_EDGE('',*,*,#5291,.T.);
#7361=ORIENTED_EDGE('',*,*,#5283,.F.);
#7362=ORIENTED_EDGE('',*,*,#5292,.T.);
#7363=ORIENTED_EDGE('',*,*,#5275,.F.);
#7364=ORIENTED_EDGE('',*,*,#5139,.T.);
#7365=ORIENTED_EDGE('',*,*,#5293,.T.);
#7366=ORIENTED_EDGE('',*,*,#5294,.T.);
#7367=ORIENTED_EDGE('',*,*,#5290,.F.);
#7368=ORIENTED_EDGE('',*,*,#5138,.T.);
#7369=ORIENTED_EDGE('',*,*,#5295,.T.);
#7370=ORIENTED_EDGE('',*,*,#5293,.F.);
#7371=ORIENTED_EDGE('',*,*,#5018,.F.);
#7372=ORIENTED_EDGE('',*,*,#5020,.F.);
#7373=ORIENTED_EDGE('',*,*,#5023,.F.);
#7374=ORIENTED_EDGE('',*,*,#5026,.F.);
#7375=ORIENTED_EDGE('',*,*,#5029,.F.);
#7376=ORIENTED_EDGE('',*,*,#5032,.F.);
#7377=ORIENTED_EDGE('',*,*,#5035,.F.);
#7378=ORIENTED_EDGE('',*,*,#5296,.F.);
#7379=ORIENTED_EDGE('',*,*,#5123,.F.);
#7380=ORIENTED_EDGE('',*,*,#5297,.F.);
#7381=ORIENTED_EDGE('',*,*,#5298,.F.);
#7382=ORIENTED_EDGE('',*,*,#5294,.F.);
#7383=ORIENTED_EDGE('',*,*,#5299,.F.);
#7384=ORIENTED_EDGE('',*,*,#5300,.F.);
#7385=ORIENTED_EDGE('',*,*,#5301,.F.);
#7386=ORIENTED_EDGE('',*,*,#5302,.F.);
#7387=ORIENTED_EDGE('',*,*,#5303,.F.);
#7388=ORIENTED_EDGE('',*,*,#5304,.F.);
#7389=ORIENTED_EDGE('',*,*,#5305,.F.);
#7390=ORIENTED_EDGE('',*,*,#5133,.F.);
#7391=ORIENTED_EDGE('',*,*,#4951,.T.);
#7392=ORIENTED_EDGE('',*,*,#4953,.T.);
#7393=ORIENTED_EDGE('',*,*,#4956,.T.);
#7394=ORIENTED_EDGE('',*,*,#4959,.T.);
#7395=ORIENTED_EDGE('',*,*,#4962,.T.);
#7396=ORIENTED_EDGE('',*,*,#4964,.T.);
#7397=ORIENTED_EDGE('',*,*,#4613,.T.);
#7398=ORIENTED_EDGE('',*,*,#4609,.T.);
#7399=ORIENTED_EDGE('',*,*,#4668,.T.);
#7400=ORIENTED_EDGE('',*,*,#4661,.T.);
#7401=ORIENTED_EDGE('',*,*,#4475,.T.);
#7402=ORIENTED_EDGE('',*,*,#4840,.T.);
#7403=ORIENTED_EDGE('',*,*,#4399,.T.);
#7404=ORIENTED_EDGE('',*,*,#4396,.T.);
#7405=ORIENTED_EDGE('',*,*,#4393,.T.);
#7406=ORIENTED_EDGE('',*,*,#4390,.T.);
#7407=ORIENTED_EDGE('',*,*,#4387,.T.);
#7408=ORIENTED_EDGE('',*,*,#4384,.T.);
#7409=ORIENTED_EDGE('',*,*,#5306,.T.);
#7410=ORIENTED_EDGE('',*,*,#5295,.F.);
#7411=ORIENTED_EDGE('',*,*,#5307,.T.);
#7412=ORIENTED_EDGE('',*,*,#5308,.F.);
#7413=ORIENTED_EDGE('',*,*,#5299,.T.);
#7414=ORIENTED_EDGE('',*,*,#5288,.F.);
#7415=ORIENTED_EDGE('',*,*,#5309,.T.);
#7416=ORIENTED_EDGE('',*,*,#5310,.T.);
#7417=ORIENTED_EDGE('',*,*,#5141,.F.);
#7418=ORIENTED_EDGE('',*,*,#5276,.F.);
#7419=ORIENTED_EDGE('',*,*,#5311,.T.);
#7420=ORIENTED_EDGE('',*,*,#5312,.T.);
#7421=ORIENTED_EDGE('',*,*,#5313,.T.);
#7422=ORIENTED_EDGE('',*,*,#5309,.F.);
#7423=ORIENTED_EDGE('',*,*,#5285,.F.);
#7424=ORIENTED_EDGE('',*,*,#5314,.T.);
#7425=ORIENTED_EDGE('',*,*,#5315,.F.);
#7426=ORIENTED_EDGE('',*,*,#5316,.F.);
#7427=ORIENTED_EDGE('',*,*,#5317,.F.);
#7428=ORIENTED_EDGE('',*,*,#5318,.F.);
#7429=ORIENTED_EDGE('',*,*,#5319,.F.);
#7430=ORIENTED_EDGE('',*,*,#5208,.F.);
#7431=ORIENTED_EDGE('',*,*,#5233,.F.);
#7432=ORIENTED_EDGE('',*,*,#5320,.F.);
#7433=ORIENTED_EDGE('',*,*,#5311,.F.);
#7434=ORIENTED_EDGE('',*,*,#5280,.F.);
#7435=ORIENTED_EDGE('',*,*,#5321,.T.);
#7436=ORIENTED_EDGE('',*,*,#5322,.T.);
#7437=ORIENTED_EDGE('',*,*,#5323,.T.);
#7438=ORIENTED_EDGE('',*,*,#5324,.T.);
#7439=ORIENTED_EDGE('',*,*,#5325,.F.);
#7440=ORIENTED_EDGE('',*,*,#5326,.F.);
#7441=ORIENTED_EDGE('',*,*,#5314,.F.);
#7442=ORIENTED_EDGE('',*,*,#5327,.T.);
#7443=ORIENTED_EDGE('',*,*,#5328,.T.);
#7444=ORIENTED_EDGE('',*,*,#5329,.T.);
#7445=ORIENTED_EDGE('',*,*,#5330,.T.);
#7446=ORIENTED_EDGE('',*,*,#5328,.F.);
#7447=ORIENTED_EDGE('',*,*,#5331,.F.);
#7448=ORIENTED_EDGE('',*,*,#5332,.F.);
#7449=ORIENTED_EDGE('',*,*,#5333,.F.);
#7450=ORIENTED_EDGE('',*,*,#5334,.F.);
#7451=ORIENTED_EDGE('',*,*,#5335,.F.);
#7452=ORIENTED_EDGE('',*,*,#5336,.F.);
#7453=ORIENTED_EDGE('',*,*,#5337,.F.);
#7454=ORIENTED_EDGE('',*,*,#5338,.F.);
#7455=ORIENTED_EDGE('',*,*,#5327,.F.);
#7456=ORIENTED_EDGE('',*,*,#5329,.F.);
#7457=ORIENTED_EDGE('',*,*,#5330,.F.);
#7458=ORIENTED_EDGE('',*,*,#5339,.T.);
#7459=ORIENTED_EDGE('',*,*,#5340,.F.);
#7460=ORIENTED_EDGE('',*,*,#5339,.F.);
#7461=ORIENTED_EDGE('',*,*,#5341,.T.);
#7462=ORIENTED_EDGE('',*,*,#5342,.T.);
#7463=ORIENTED_EDGE('',*,*,#5343,.T.);
#7464=ORIENTED_EDGE('',*,*,#5344,.T.);
#7465=ORIENTED_EDGE('',*,*,#5342,.F.);
#7466=ORIENTED_EDGE('',*,*,#5343,.F.);
#7467=ORIENTED_EDGE('',*,*,#5344,.F.);
#7468=ORIENTED_EDGE('',*,*,#5345,.T.);
#7469=ORIENTED_EDGE('',*,*,#5346,.F.);
#7470=ORIENTED_EDGE('',*,*,#5345,.F.);
#7471=ORIENTED_EDGE('',*,*,#5347,.F.);
#7472=ORIENTED_EDGE('',*,*,#5348,.T.);
#7473=ORIENTED_EDGE('',*,*,#5349,.F.);
#7474=ORIENTED_EDGE('',*,*,#5350,.F.);
#7475=ORIENTED_EDGE('',*,*,#5341,.F.);
#7476=ORIENTED_EDGE('',*,*,#5351,.T.);
#7477=ORIENTED_EDGE('',*,*,#5297,.T.);
#7478=ORIENTED_EDGE('',*,*,#5122,.F.);
#7479=ORIENTED_EDGE('',*,*,#5129,.T.);
#7480=ORIENTED_EDGE('',*,*,#5352,.T.);
#7481=ORIENTED_EDGE('',*,*,#5289,.F.);
#7482=ORIENTED_EDGE('',*,*,#5298,.T.);
#7483=ORIENTED_EDGE('',*,*,#5351,.F.);
#7484=ORIENTED_EDGE('',*,*,#5353,.F.);
#7485=ORIENTED_EDGE('',*,*,#5354,.T.);
#7486=ORIENTED_EDGE('',*,*,#5355,.T.);
#7487=ORIENTED_EDGE('',*,*,#5356,.T.);
#7488=ORIENTED_EDGE('',*,*,#5357,.T.);
#7489=ORIENTED_EDGE('',*,*,#5358,.T.);
#7490=ORIENTED_EDGE('',*,*,#5272,.F.);
#7491=ORIENTED_EDGE('',*,*,#5292,.F.);
#7492=ORIENTED_EDGE('',*,*,#5282,.F.);
#7493=ORIENTED_EDGE('',*,*,#5284,.F.);
#7494=ORIENTED_EDGE('',*,*,#5278,.F.);
#7495=ORIENTED_EDGE('',*,*,#5287,.F.);
#7496=ORIENTED_EDGE('',*,*,#5359,.F.);
#7497=ORIENTED_EDGE('',*,*,#5360,.F.);
#7498=ORIENTED_EDGE('',*,*,#5361,.F.);
#7499=ORIENTED_EDGE('',*,*,#5362,.F.);
#7500=ORIENTED_EDGE('',*,*,#5340,.T.);
#7501=ORIENTED_EDGE('',*,*,#5363,.T.);
#7502=ORIENTED_EDGE('',*,*,#5359,.T.);
#7503=ORIENTED_EDGE('',*,*,#5364,.T.);
#7504=ORIENTED_EDGE('',*,*,#5365,.T.);
#7505=ORIENTED_EDGE('',*,*,#5366,.T.);
#7506=ORIENTED_EDGE('',*,*,#5367,.T.);
#7507=ORIENTED_EDGE('',*,*,#5368,.T.);
#7508=ORIENTED_EDGE('',*,*,#5360,.T.);
#7509=ORIENTED_EDGE('',*,*,#5366,.F.);
#7510=ORIENTED_EDGE('',*,*,#5361,.T.);
#7511=ORIENTED_EDGE('',*,*,#5368,.F.);
#7512=ORIENTED_EDGE('',*,*,#5369,.T.);
#7513=ORIENTED_EDGE('',*,*,#5370,.T.);
#7514=ORIENTED_EDGE('',*,*,#5362,.T.);
#7515=ORIENTED_EDGE('',*,*,#5370,.F.);
#7516=ORIENTED_EDGE('',*,*,#5371,.T.);
#7517=ORIENTED_EDGE('',*,*,#5364,.F.);
#7518=ORIENTED_EDGE('',*,*,#5367,.F.);
#7519=ORIENTED_EDGE('',*,*,#5372,.F.);
#7520=ORIENTED_EDGE('',*,*,#5373,.F.);
#7521=ORIENTED_EDGE('',*,*,#5374,.F.);
#7522=ORIENTED_EDGE('',*,*,#5365,.F.);
#7523=ORIENTED_EDGE('',*,*,#5375,.F.);
#7524=ORIENTED_EDGE('',*,*,#5376,.F.);
#7525=ORIENTED_EDGE('',*,*,#5372,.T.);
#7526=ORIENTED_EDGE('',*,*,#5377,.F.);
#7527=ORIENTED_EDGE('',*,*,#5378,.T.);
#7528=ORIENTED_EDGE('',*,*,#5379,.T.);
#7529=ORIENTED_EDGE('',*,*,#5380,.T.);
#7530=ORIENTED_EDGE('',*,*,#5381,.T.);
#7531=ORIENTED_EDGE('',*,*,#5382,.T.);
#7532=ORIENTED_EDGE('',*,*,#5379,.F.);
#7533=ORIENTED_EDGE('',*,*,#5383,.T.);
#7534=ORIENTED_EDGE('',*,*,#5383,.F.);
#7535=ORIENTED_EDGE('',*,*,#5384,.T.);
#7536=ORIENTED_EDGE('',*,*,#5385,.T.);
#7537=ORIENTED_EDGE('',*,*,#5386,.T.);
#7538=ORIENTED_EDGE('',*,*,#5378,.F.);
#7539=ORIENTED_EDGE('',*,*,#5387,.F.);
#7540=ORIENTED_EDGE('',*,*,#5388,.F.);
#7541=ORIENTED_EDGE('',*,*,#5389,.F.);
#7542=ORIENTED_EDGE('',*,*,#5390,.F.);
#7543=ORIENTED_EDGE('',*,*,#5391,.F.);
#7544=ORIENTED_EDGE('',*,*,#5392,.F.);
#7545=ORIENTED_EDGE('',*,*,#5393,.F.);
#7546=ORIENTED_EDGE('',*,*,#5394,.F.);
#7547=ORIENTED_EDGE('',*,*,#5395,.F.);
#7548=ORIENTED_EDGE('',*,*,#5396,.F.);
#7549=ORIENTED_EDGE('',*,*,#5397,.F.);
#7550=ORIENTED_EDGE('',*,*,#5398,.F.);
#7551=ORIENTED_EDGE('',*,*,#5399,.F.);
#7552=ORIENTED_EDGE('',*,*,#5400,.T.);
#7553=ORIENTED_EDGE('',*,*,#5384,.F.);
#7554=ORIENTED_EDGE('',*,*,#5373,.T.);
#7555=ORIENTED_EDGE('',*,*,#5376,.T.);
#7556=ORIENTED_EDGE('',*,*,#5401,.T.);
#7557=ORIENTED_EDGE('',*,*,#5402,.T.);
#7558=ORIENTED_EDGE('',*,*,#5403,.T.);
#7559=ORIENTED_EDGE('',*,*,#5404,.T.);
#7560=ORIENTED_EDGE('',*,*,#5405,.T.);
#7561=ORIENTED_EDGE('',*,*,#5332,.T.);
#7562=ORIENTED_EDGE('',*,*,#5406,.T.);
#7563=ORIENTED_EDGE('',*,*,#5407,.T.);
#7564=ORIENTED_EDGE('',*,*,#5403,.F.);
#7565=ORIENTED_EDGE('',*,*,#5331,.T.);
#7566=ORIENTED_EDGE('',*,*,#5408,.T.);
#7567=ORIENTED_EDGE('',*,*,#5209,.T.);
#7568=ORIENTED_EDGE('',*,*,#5319,.T.);
#7569=ORIENTED_EDGE('',*,*,#5409,.T.);
#7570=ORIENTED_EDGE('',*,*,#5385,.F.);
#7571=ORIENTED_EDGE('',*,*,#5400,.F.);
#7572=ORIENTED_EDGE('',*,*,#5410,.F.);
#7573=ORIENTED_EDGE('',*,*,#5202,.T.);
#7574=ORIENTED_EDGE('',*,*,#5210,.T.);
#7575=ORIENTED_EDGE('',*,*,#5408,.F.);
#7576=ORIENTED_EDGE('',*,*,#5411,.T.);
#7577=ORIENTED_EDGE('',*,*,#5412,.T.);
#7578=ORIENTED_EDGE('',*,*,#5413,.T.);
#7579=ORIENTED_EDGE('',*,*,#5414,.F.);
#7580=ORIENTED_EDGE('',*,*,#5398,.T.);
#7581=ORIENTED_EDGE('',*,*,#5414,.T.);
#7582=ORIENTED_EDGE('',*,*,#5415,.F.);
#7583=ORIENTED_EDGE('',*,*,#5195,.T.);
#7584=ORIENTED_EDGE('',*,*,#5410,.T.);
#7585=ORIENTED_EDGE('',*,*,#5399,.T.);
#7586=ORIENTED_EDGE('',*,*,#5416,.T.);
#7587=ORIENTED_EDGE('',*,*,#5417,.F.);
#7588=ORIENTED_EDGE('',*,*,#5418,.F.);
#7589=ORIENTED_EDGE('',*,*,#5419,.F.);
#7590=ORIENTED_EDGE('',*,*,#5420,.F.);
#7591=ORIENTED_EDGE('',*,*,#5421,.F.);
#7592=ORIENTED_EDGE('',*,*,#5422,.F.);
#7593=ORIENTED_EDGE('',*,*,#5423,.T.);
#7594=ORIENTED_EDGE('',*,*,#5424,.T.);
#7595=ORIENTED_EDGE('',*,*,#5421,.T.);
#7596=ORIENTED_EDGE('',*,*,#5316,.T.);
#7597=ORIENTED_EDGE('',*,*,#5425,.T.);
#7598=ORIENTED_EDGE('',*,*,#5337,.T.);
#7599=ORIENTED_EDGE('',*,*,#5422,.T.);
#7600=ORIENTED_EDGE('',*,*,#5426,.T.);
#7601=ORIENTED_EDGE('',*,*,#5427,.F.);
#7602=ORIENTED_EDGE('',*,*,#5428,.F.);
#7603=ORIENTED_EDGE('',*,*,#5429,.T.);
#7604=ORIENTED_EDGE('',*,*,#5430,.F.);
#7605=ORIENTED_EDGE('',*,*,#5388,.T.);
#7606=ORIENTED_EDGE('',*,*,#5431,.F.);
#7607=ORIENTED_EDGE('',*,*,#5432,.F.);
#7608=ORIENTED_EDGE('',*,*,#5433,.F.);
#7609=ORIENTED_EDGE('',*,*,#5434,.T.);
#7610=ORIENTED_EDGE('',*,*,#5435,.T.);
#7611=ORIENTED_EDGE('',*,*,#5431,.T.);
#7612=ORIENTED_EDGE('',*,*,#5387,.T.);
#7613=ORIENTED_EDGE('',*,*,#5377,.T.);
#7614=ORIENTED_EDGE('',*,*,#5417,.T.);
#7615=ORIENTED_EDGE('',*,*,#5436,.T.);
#7616=ORIENTED_EDGE('',*,*,#5432,.T.);
#7617=ORIENTED_EDGE('',*,*,#5437,.T.);
#7618=ORIENTED_EDGE('',*,*,#5317,.T.);
#7619=ORIENTED_EDGE('',*,*,#5420,.T.);
#7620=ORIENTED_EDGE('',*,*,#5336,.T.);
#7621=ORIENTED_EDGE('',*,*,#5438,.T.);
#7622=ORIENTED_EDGE('',*,*,#5439,.F.);
#7623=ORIENTED_EDGE('',*,*,#5440,.F.);
#7624=ORIENTED_EDGE('',*,*,#5441,.T.);
#7625=ORIENTED_EDGE('',*,*,#5442,.F.);
#7626=ORIENTED_EDGE('',*,*,#5428,.T.);
#7627=ORIENTED_EDGE('',*,*,#5443,.T.);
#7628=ORIENTED_EDGE('',*,*,#5440,.T.);
#7629=ORIENTED_EDGE('',*,*,#5444,.T.);
#7630=ORIENTED_EDGE('',*,*,#5445,.F.);
#7631=ORIENTED_EDGE('',*,*,#5446,.F.);
#7632=ORIENTED_EDGE('',*,*,#5447,.F.);
#7633=ORIENTED_EDGE('',*,*,#5448,.F.);
#7634=ORIENTED_EDGE('',*,*,#5449,.F.);
#7635=ORIENTED_EDGE('',*,*,#5450,.T.);
#7636=ORIENTED_EDGE('',*,*,#5451,.F.);
#7637=ORIENTED_EDGE('',*,*,#5452,.F.);
#7638=ORIENTED_EDGE('',*,*,#5453,.F.);
#7639=ORIENTED_EDGE('',*,*,#5454,.T.);
#7640=ORIENTED_EDGE('',*,*,#5455,.F.);
#7641=ORIENTED_EDGE('',*,*,#5453,.T.);
#7642=ORIENTED_EDGE('',*,*,#5390,.T.);
#7643=ORIENTED_EDGE('',*,*,#5442,.T.);
#7644=ORIENTED_EDGE('',*,*,#5456,.T.);
#7645=ORIENTED_EDGE('',*,*,#5446,.T.);
#7646=ORIENTED_EDGE('',*,*,#5457,.T.);
#7647=ORIENTED_EDGE('',*,*,#5455,.T.);
#7648=ORIENTED_EDGE('',*,*,#5458,.T.);
#7649=ORIENTED_EDGE('',*,*,#5396,.T.);
#7650=ORIENTED_EDGE('',*,*,#5459,.F.);
#7651=ORIENTED_EDGE('',*,*,#5460,.F.);
#7652=ORIENTED_EDGE('',*,*,#5461,.F.);
#7653=ORIENTED_EDGE('',*,*,#5391,.T.);
#7654=ORIENTED_EDGE('',*,*,#5452,.T.);
#7655=ORIENTED_EDGE('',*,*,#5462,.T.);
#7656=ORIENTED_EDGE('',*,*,#5463,.T.);
#7657=ORIENTED_EDGE('',*,*,#5464,.T.);
#7658=ORIENTED_EDGE('',*,*,#5459,.T.);
#7659=ORIENTED_EDGE('',*,*,#5395,.T.);
#7660=ORIENTED_EDGE('',*,*,#5465,.T.);
#7661=ORIENTED_EDGE('',*,*,#5466,.T.);
#7662=ORIENTED_EDGE('',*,*,#5467,.T.);
#7663=ORIENTED_EDGE('',*,*,#5392,.T.);
#7664=ORIENTED_EDGE('',*,*,#5463,.F.);
#7665=ORIENTED_EDGE('',*,*,#5468,.F.);
#7666=ORIENTED_EDGE('',*,*,#5469,.F.);
#7667=ORIENTED_EDGE('',*,*,#5470,.F.);
#7668=ORIENTED_EDGE('',*,*,#5407,.F.);
#7669=ORIENTED_EDGE('',*,*,#5471,.T.);
#7670=ORIENTED_EDGE('',*,*,#5469,.T.);
#7671=ORIENTED_EDGE('',*,*,#5472,.T.);
#7672=ORIENTED_EDGE('',*,*,#5394,.T.);
#7673=ORIENTED_EDGE('',*,*,#5470,.T.);
#7674=ORIENTED_EDGE('',*,*,#5473,.T.);
#7675=ORIENTED_EDGE('',*,*,#5465,.F.);
#7676=ORIENTED_EDGE('',*,*,#5474,.T.);
#7677=ORIENTED_EDGE('',*,*,#5468,.T.);
#7678=ORIENTED_EDGE('',*,*,#5393,.T.);
#7679=ORIENTED_EDGE('',*,*,#5467,.F.);
#7680=ORIENTED_EDGE('',*,*,#5449,.T.);
#7681=ORIENTED_EDGE('',*,*,#5475,.T.);
#7682=ORIENTED_EDGE('',*,*,#5460,.T.);
#7683=ORIENTED_EDGE('',*,*,#5476,.T.);
#7684=ORIENTED_EDGE('',*,*,#5397,.T.);
#7685=ORIENTED_EDGE('',*,*,#5461,.T.);
#7686=ORIENTED_EDGE('',*,*,#5477,.T.);
#7687=ORIENTED_EDGE('',*,*,#5478,.F.);
#7688=ORIENTED_EDGE('',*,*,#5412,.F.);
#7689=ORIENTED_EDGE('',*,*,#5479,.T.);
#7690=ORIENTED_EDGE('',*,*,#5480,.T.);
#7691=ORIENTED_EDGE('',*,*,#5451,.T.);
#7692=ORIENTED_EDGE('',*,*,#5481,.T.);
#7693=ORIENTED_EDGE('',*,*,#5482,.T.);
#7694=ORIENTED_EDGE('',*,*,#5448,.T.);
#7695=ORIENTED_EDGE('',*,*,#5483,.T.);
#7696=ORIENTED_EDGE('',*,*,#5484,.T.);
#7697=ORIENTED_EDGE('',*,*,#5485,.T.);
#7698=ORIENTED_EDGE('',*,*,#5335,.T.);
#7699=ORIENTED_EDGE('',*,*,#5447,.T.);
#7700=ORIENTED_EDGE('',*,*,#5486,.T.);
#7701=ORIENTED_EDGE('',*,*,#5438,.F.);
#7702=ORIENTED_EDGE('',*,*,#5487,.T.);
#7703=ORIENTED_EDGE('',*,*,#5445,.T.);
#7704=ORIENTED_EDGE('',*,*,#5334,.T.);
#7705=ORIENTED_EDGE('',*,*,#5488,.T.);
#7706=ORIENTED_EDGE('',*,*,#5439,.T.);
#7707=ORIENTED_EDGE('',*,*,#5389,.T.);
#7708=ORIENTED_EDGE('',*,*,#5433,.T.);
#7709=ORIENTED_EDGE('',*,*,#5489,.T.);
#7710=ORIENTED_EDGE('',*,*,#5490,.T.);
#7711=ORIENTED_EDGE('',*,*,#5198,.T.);
#7712=ORIENTED_EDGE('',*,*,#5491,.T.);
#7713=ORIENTED_EDGE('',*,*,#5484,.F.);
#7714=ORIENTED_EDGE('',*,*,#5333,.T.);
#7715=ORIENTED_EDGE('',*,*,#5405,.F.);
#7716=ORIENTED_EDGE('',*,*,#5492,.T.);
#7717=ORIENTED_EDGE('',*,*,#5488,.F.);
#7718=ORIENTED_EDGE('',*,*,#5419,.T.);
#7719=ORIENTED_EDGE('',*,*,#5493,.T.);
#7720=ORIENTED_EDGE('',*,*,#5430,.T.);
#7721=ORIENTED_EDGE('',*,*,#5494,.T.);
#7722=ORIENTED_EDGE('',*,*,#5495,.T.);
#7723=ORIENTED_EDGE('',*,*,#5427,.T.);
#7724=ORIENTED_EDGE('',*,*,#5496,.T.);
#7725=ORIENTED_EDGE('',*,*,#5497,.T.);
#7726=ORIENTED_EDGE('',*,*,#5498,.T.);
#7727=ORIENTED_EDGE('',*,*,#5499,.T.);
#7728=ORIENTED_EDGE('',*,*,#5418,.T.);
#7729=ORIENTED_EDGE('',*,*,#5500,.T.);
#7730=ORIENTED_EDGE('',*,*,#5501,.T.);
#7731=ORIENTED_EDGE('',*,*,#5502,.F.);
#7732=ORIENTED_EDGE('',*,*,#5503,.T.);
#7733=ORIENTED_EDGE('',*,*,#5497,.F.);
#7734=ORIENTED_EDGE('',*,*,#5504,.T.);
#7735=ORIENTED_EDGE('',*,*,#5502,.T.);
#7736=ORIENTED_EDGE('',*,*,#5061,.F.);
#7737=ORIENTED_EDGE('',*,*,#5200,.F.);
#7738=ORIENTED_EDGE('',*,*,#5505,.T.);
#7739=ORIENTED_EDGE('',*,*,#5479,.F.);
#7740=ORIENTED_EDGE('',*,*,#5506,.T.);
#7741=ORIENTED_EDGE('',*,*,#5473,.F.);
#7742=ORIENTED_EDGE('',*,*,#5471,.F.);
#7743=ORIENTED_EDGE('',*,*,#5406,.F.);
#7744=ORIENTED_EDGE('',*,*,#5338,.T.);
#7745=ORIENTED_EDGE('',*,*,#5425,.F.);
#7746=ORIENTED_EDGE('',*,*,#5507,.T.);
#7747=ORIENTED_EDGE('',*,*,#5508,.F.);
#7748=ORIENTED_EDGE('',*,*,#5325,.T.);
#7749=ORIENTED_EDGE('',*,*,#5509,.T.);
#7750=ORIENTED_EDGE('',*,*,#5510,.F.);
#7751=ORIENTED_EDGE('',*,*,#5511,.F.);
#7752=ORIENTED_EDGE('',*,*,#5512,.F.);
#7753=ORIENTED_EDGE('',*,*,#5513,.T.);
#7754=ORIENTED_EDGE('',*,*,#5514,.T.);
#7755=ORIENTED_EDGE('',*,*,#5515,.F.);
#7756=ORIENTED_EDGE('',*,*,#5015,.F.);
#7757=ORIENTED_EDGE('',*,*,#5055,.F.);
#7758=ORIENTED_EDGE('',*,*,#5059,.F.);
#7759=ORIENTED_EDGE('',*,*,#5404,.F.);
#7760=ORIENTED_EDGE('',*,*,#5472,.F.);
#7761=ORIENTED_EDGE('',*,*,#5474,.F.);
#7762=ORIENTED_EDGE('',*,*,#5516,.T.);
#7763=ORIENTED_EDGE('',*,*,#5462,.F.);
#7764=ORIENTED_EDGE('',*,*,#5457,.F.);
#7765=ORIENTED_EDGE('',*,*,#5487,.F.);
#7766=ORIENTED_EDGE('',*,*,#5517,.F.);
#7767=ORIENTED_EDGE('',*,*,#5466,.F.);
#7768=ORIENTED_EDGE('',*,*,#5517,.T.);
#7769=ORIENTED_EDGE('',*,*,#5492,.F.);
#7770=ORIENTED_EDGE('',*,*,#5516,.F.);
#7771=ORIENTED_EDGE('',*,*,#5426,.F.);
#7772=ORIENTED_EDGE('',*,*,#5424,.F.);
#7773=ORIENTED_EDGE('',*,*,#5518,.F.);
#7774=ORIENTED_EDGE('',*,*,#5507,.F.);
#7775=ORIENTED_EDGE('',*,*,#5409,.F.);
#7776=ORIENTED_EDGE('',*,*,#5318,.T.);
#7777=ORIENTED_EDGE('',*,*,#5486,.F.);
#7778=ORIENTED_EDGE('',*,*,#5458,.F.);
#7779=ORIENTED_EDGE('',*,*,#5454,.F.);
#7780=ORIENTED_EDGE('',*,*,#5456,.F.);
#7781=ORIENTED_EDGE('',*,*,#5441,.F.);
#7782=ORIENTED_EDGE('',*,*,#5443,.F.);
#7783=ORIENTED_EDGE('',*,*,#5495,.F.);
#7784=ORIENTED_EDGE('',*,*,#5519,.F.);
#7785=ORIENTED_EDGE('',*,*,#5520,.F.);
#7786=ORIENTED_EDGE('',*,*,#5381,.F.);
#7787=ORIENTED_EDGE('',*,*,#5386,.F.);
#7788=ORIENTED_EDGE('',*,*,#5411,.F.);
#7789=ORIENTED_EDGE('',*,*,#5498,.F.);
#7790=ORIENTED_EDGE('',*,*,#5503,.F.);
#7791=ORIENTED_EDGE('',*,*,#5501,.F.);
#7792=ORIENTED_EDGE('',*,*,#5521,.T.);
#7793=ORIENTED_EDGE('',*,*,#5522,.F.);
#7794=ORIENTED_EDGE('',*,*,#5519,.T.);
#7795=ORIENTED_EDGE('',*,*,#5429,.F.);
#7796=ORIENTED_EDGE('',*,*,#5444,.F.);
#7797=ORIENTED_EDGE('',*,*,#5489,.F.);
#7798=ORIENTED_EDGE('',*,*,#5436,.F.);
#7799=ORIENTED_EDGE('',*,*,#5416,.F.);
#7800=ORIENTED_EDGE('',*,*,#5494,.F.);
#7801=ORIENTED_EDGE('',*,*,#5493,.F.);
#7802=ORIENTED_EDGE('',*,*,#5499,.F.);
#7803=ORIENTED_EDGE('',*,*,#5504,.F.);
#7804=ORIENTED_EDGE('',*,*,#5496,.F.);
#7805=ORIENTED_EDGE('',*,*,#5382,.F.);
#7806=ORIENTED_EDGE('',*,*,#5520,.T.);
#7807=ORIENTED_EDGE('',*,*,#5522,.T.);
#7808=ORIENTED_EDGE('',*,*,#5523,.T.);
#7809=ORIENTED_EDGE('',*,*,#5434,.F.);
#7810=ORIENTED_EDGE('',*,*,#5380,.F.);
#7811=ORIENTED_EDGE('',*,*,#5413,.F.);
#7812=ORIENTED_EDGE('',*,*,#5478,.T.);
#7813=ORIENTED_EDGE('',*,*,#5524,.T.);
#7814=ORIENTED_EDGE('',*,*,#5525,.T.);
#7815=ORIENTED_EDGE('',*,*,#5196,.T.);
#7816=ORIENTED_EDGE('',*,*,#5415,.T.);
#7817=ORIENTED_EDGE('',*,*,#5482,.F.);
#7818=ORIENTED_EDGE('',*,*,#5526,.F.);
#7819=ORIENTED_EDGE('',*,*,#5524,.F.);
#7820=ORIENTED_EDGE('',*,*,#5477,.F.);
#7821=ORIENTED_EDGE('',*,*,#5475,.F.);
#7822=ORIENTED_EDGE('',*,*,#5491,.F.);
#7823=ORIENTED_EDGE('',*,*,#5197,.T.);
#7824=ORIENTED_EDGE('',*,*,#5525,.F.);
#7825=ORIENTED_EDGE('',*,*,#5526,.T.);
#7826=ORIENTED_EDGE('',*,*,#5485,.F.);
#7827=ORIENTED_EDGE('',*,*,#5435,.F.);
#7828=ORIENTED_EDGE('',*,*,#5523,.F.);
#7829=ORIENTED_EDGE('',*,*,#5521,.F.);
#7830=ORIENTED_EDGE('',*,*,#5500,.F.);
#7831=ORIENTED_EDGE('',*,*,#5437,.F.);
#7832=ORIENTED_EDGE('',*,*,#5047,.F.);
#7833=ORIENTED_EDGE('',*,*,#5527,.T.);
#7834=ORIENTED_EDGE('',*,*,#5114,.F.);
#7835=ORIENTED_EDGE('',*,*,#5528,.T.);
#7836=ORIENTED_EDGE('',*,*,#5044,.F.);
#7837=ORIENTED_EDGE('',*,*,#5528,.F.);
#7838=ORIENTED_EDGE('',*,*,#5117,.F.);
#7839=ORIENTED_EDGE('',*,*,#5529,.F.);
#7840=ORIENTED_EDGE('',*,*,#5041,.F.);
#7841=ORIENTED_EDGE('',*,*,#5529,.T.);
#7842=ORIENTED_EDGE('',*,*,#5120,.F.);
#7843=ORIENTED_EDGE('',*,*,#5296,.T.);
#7844=ORIENTED_EDGE('',*,*,#5038,.F.);
#7845=ORIENTED_EDGE('',*,*,#5076,.F.);
#7846=ORIENTED_EDGE('',*,*,#5530,.T.);
#7847=ORIENTED_EDGE('',*,*,#5266,.T.);
#7848=ORIENTED_EDGE('',*,*,#5192,.T.);
#7849=ORIENTED_EDGE('',*,*,#5070,.F.);
#7850=ORIENTED_EDGE('',*,*,#5074,.F.);
#7851=ORIENTED_EDGE('',*,*,#5079,.F.);
#7852=ORIENTED_EDGE('',*,*,#5531,.F.);
#7853=ORIENTED_EDGE('',*,*,#5267,.T.);
#7854=ORIENTED_EDGE('',*,*,#5530,.F.);
#7855=ORIENTED_EDGE('',*,*,#5085,.F.);
#7856=ORIENTED_EDGE('',*,*,#5100,.T.);
#7857=ORIENTED_EDGE('',*,*,#5268,.F.);
#7858=ORIENTED_EDGE('',*,*,#5531,.T.);
#7859=ORIENTED_EDGE('',*,*,#5082,.F.);
#7860=ORIENTED_EDGE('',*,*,#5269,.F.);
#7861=ORIENTED_EDGE('',*,*,#5098,.T.);
#7862=ORIENTED_EDGE('',*,*,#5532,.T.);
#7863=ORIENTED_EDGE('',*,*,#5533,.T.);
#7864=ORIENTED_EDGE('',*,*,#5533,.F.);
#7865=ORIENTED_EDGE('',*,*,#5534,.F.);
#7866=ORIENTED_EDGE('',*,*,#5219,.F.);
#7867=ORIENTED_EDGE('',*,*,#5270,.T.);
#7868=ORIENTED_EDGE('',*,*,#5535,.T.);
#7869=ORIENTED_EDGE('',*,*,#5536,.T.);
#7870=ORIENTED_EDGE('',*,*,#5537,.T.);
#7871=ORIENTED_EDGE('',*,*,#5538,.T.);
#7872=ORIENTED_EDGE('',*,*,#5539,.F.);
#7873=ORIENTED_EDGE('',*,*,#5540,.T.);
#7874=ORIENTED_EDGE('',*,*,#5541,.T.);
#7875=ORIENTED_EDGE('',*,*,#5542,.T.);
#7876=ORIENTED_EDGE('',*,*,#5543,.T.);
#7877=ORIENTED_EDGE('',*,*,#5544,.T.);
#7878=ORIENTED_EDGE('',*,*,#5536,.F.);
#7879=ORIENTED_EDGE('',*,*,#5545,.T.);
#7880=ORIENTED_EDGE('',*,*,#5546,.T.);
#7881=ORIENTED_EDGE('',*,*,#5547,.T.);
#7882=ORIENTED_EDGE('',*,*,#5539,.T.);
#7883=ORIENTED_EDGE('',*,*,#5548,.T.);
#7884=ORIENTED_EDGE('',*,*,#5549,.T.);
#7885=ORIENTED_EDGE('',*,*,#5550,.T.);
#7886=ORIENTED_EDGE('',*,*,#5541,.F.);
#7887=ORIENTED_EDGE('',*,*,#5551,.T.);
#7888=ORIENTED_EDGE('',*,*,#5552,.T.);
#7889=ORIENTED_EDGE('',*,*,#5553,.T.);
#7890=ORIENTED_EDGE('',*,*,#5554,.T.);
#7891=ORIENTED_EDGE('',*,*,#5555,.F.);
#7892=ORIENTED_EDGE('',*,*,#5549,.F.);
#7893=ORIENTED_EDGE('',*,*,#5556,.T.);
#7894=ORIENTED_EDGE('',*,*,#5552,.F.);
#7895=ORIENTED_EDGE('',*,*,#5557,.T.);
#7896=ORIENTED_EDGE('',*,*,#5546,.F.);
#7897=ORIENTED_EDGE('',*,*,#5558,.T.);
#7898=ORIENTED_EDGE('',*,*,#5543,.F.);
#7899=ORIENTED_EDGE('',*,*,#5559,.T.);
#7900=ORIENTED_EDGE('',*,*,#5560,.T.);
#7901=ORIENTED_EDGE('',*,*,#5561,.F.);
#7902=ORIENTED_EDGE('',*,*,#5550,.F.);
#7903=ORIENTED_EDGE('',*,*,#5555,.T.);
#7904=ORIENTED_EDGE('',*,*,#5562,.T.);
#7905=ORIENTED_EDGE('',*,*,#5563,.T.);
#7906=ORIENTED_EDGE('',*,*,#5559,.F.);
#7907=ORIENTED_EDGE('',*,*,#5542,.F.);
#7908=ORIENTED_EDGE('',*,*,#5554,.F.);
#7909=ORIENTED_EDGE('',*,*,#5564,.T.);
#7910=ORIENTED_EDGE('',*,*,#5565,.T.);
#7911=ORIENTED_EDGE('',*,*,#5562,.F.);
#7912=ORIENTED_EDGE('',*,*,#5356,.F.);
#7913=ORIENTED_EDGE('',*,*,#5566,.T.);
#7914=ORIENTED_EDGE('',*,*,#5125,.F.);
#7915=ORIENTED_EDGE('',*,*,#5111,.F.);
#7916=ORIENTED_EDGE('',*,*,#5567,.F.);
#7917=ORIENTED_EDGE('',*,*,#5535,.F.);
#7918=ORIENTED_EDGE('',*,*,#5547,.F.);
#7919=ORIENTED_EDGE('',*,*,#5557,.F.);
#7920=ORIENTED_EDGE('',*,*,#5551,.F.);
#7921=ORIENTED_EDGE('',*,*,#5548,.F.);
#7922=ORIENTED_EDGE('',*,*,#5540,.F.);
#7923=ORIENTED_EDGE('',*,*,#5568,.T.);
#7924=ORIENTED_EDGE('',*,*,#5569,.T.);
#7925=ORIENTED_EDGE('',*,*,#5570,.T.);
#7926=ORIENTED_EDGE('',*,*,#5349,.T.);
#7927=ORIENTED_EDGE('',*,*,#5571,.T.);
#7928=ORIENTED_EDGE('',*,*,#5350,.T.);
#7929=ORIENTED_EDGE('',*,*,#5570,.F.);
#7930=ORIENTED_EDGE('',*,*,#5572,.T.);
#7931=ORIENTED_EDGE('',*,*,#5573,.T.);
#7932=ORIENTED_EDGE('',*,*,#5347,.T.);
#7933=ORIENTED_EDGE('',*,*,#5571,.F.);
#7934=ORIENTED_EDGE('',*,*,#5574,.T.);
#7935=ORIENTED_EDGE('',*,*,#5574,.F.);
#7936=ORIENTED_EDGE('',*,*,#5575,.F.);
#7937=ORIENTED_EDGE('',*,*,#5576,.F.);
#7938=ORIENTED_EDGE('',*,*,#5577,.T.);
#7939=ORIENTED_EDGE('',*,*,#5572,.F.);
#7940=ORIENTED_EDGE('',*,*,#5578,.F.);
#7941=ORIENTED_EDGE('',*,*,#5579,.F.);
#7942=ORIENTED_EDGE('',*,*,#5575,.T.);
#7943=ORIENTED_EDGE('',*,*,#5573,.F.);
#7944=ORIENTED_EDGE('',*,*,#5577,.F.);
#7945=ORIENTED_EDGE('',*,*,#5580,.F.);
#7946=ORIENTED_EDGE('',*,*,#5509,.F.);
#7947=ORIENTED_EDGE('',*,*,#5324,.F.);
#7948=ORIENTED_EDGE('',*,*,#5581,.F.);
#7949=ORIENTED_EDGE('',*,*,#5582,.F.);
#7950=ORIENTED_EDGE('',*,*,#5513,.F.);
#7951=ORIENTED_EDGE('',*,*,#5583,.F.);
#7952=ORIENTED_EDGE('',*,*,#5584,.F.);
#7953=ORIENTED_EDGE('',*,*,#5568,.F.);
#7954=ORIENTED_EDGE('',*,*,#5348,.F.);
#7955=ORIENTED_EDGE('',*,*,#5569,.F.);
#7956=ORIENTED_EDGE('',*,*,#5584,.T.);
#7957=ORIENTED_EDGE('',*,*,#5585,.F.);
#7958=ORIENTED_EDGE('',*,*,#5578,.T.);
#7959=ORIENTED_EDGE('',*,*,#5586,.T.);
#7960=ORIENTED_EDGE('',*,*,#5510,.T.);
#7961=ORIENTED_EDGE('',*,*,#5580,.T.);
#7962=ORIENTED_EDGE('',*,*,#5576,.T.);
#7963=ORIENTED_EDGE('',*,*,#5587,.T.);
#7964=ORIENTED_EDGE('',*,*,#5511,.T.);
#7965=ORIENTED_EDGE('',*,*,#5586,.F.);
#7966=ORIENTED_EDGE('',*,*,#5579,.T.);
#7967=ORIENTED_EDGE('',*,*,#5583,.T.);
#7968=ORIENTED_EDGE('',*,*,#5512,.T.);
#7969=ORIENTED_EDGE('',*,*,#5587,.F.);
#7970=ORIENTED_EDGE('',*,*,#5585,.T.);
#7971=ORIENTED_EDGE('',*,*,#5581,.T.);
#7972=ORIENTED_EDGE('',*,*,#5323,.F.);
#7973=ORIENTED_EDGE('',*,*,#5588,.T.);
#7974=ORIENTED_EDGE('',*,*,#5589,.T.);
#7975=ORIENTED_EDGE('',*,*,#5582,.T.);
#7976=ORIENTED_EDGE('',*,*,#5589,.F.);
#7977=ORIENTED_EDGE('',*,*,#5590,.T.);
#7978=ORIENTED_EDGE('',*,*,#5514,.F.);
#7979=ORIENTED_EDGE('',*,*,#5537,.F.);
#7980=ORIENTED_EDGE('',*,*,#5544,.F.);
#7981=ORIENTED_EDGE('',*,*,#5561,.T.);
#7982=ORIENTED_EDGE('',*,*,#5591,.T.);
#7983=ORIENTED_EDGE('',*,*,#5592,.F.);
#7984=ORIENTED_EDGE('',*,*,#5545,.F.);
#7985=ORIENTED_EDGE('',*,*,#5538,.F.);
#7986=ORIENTED_EDGE('',*,*,#5592,.T.);
#7987=ORIENTED_EDGE('',*,*,#5593,.T.);
#7988=ORIENTED_EDGE('',*,*,#5594,.T.);
#7989=ORIENTED_EDGE('',*,*,#5558,.F.);
#7990=ORIENTED_EDGE('',*,*,#5556,.F.);
#7991=ORIENTED_EDGE('',*,*,#5594,.F.);
#7992=ORIENTED_EDGE('',*,*,#5595,.T.);
#7993=ORIENTED_EDGE('',*,*,#5564,.F.);
#7994=ORIENTED_EDGE('',*,*,#5553,.F.);
#7995=ORIENTED_EDGE('',*,*,#5595,.F.);
#7996=ORIENTED_EDGE('',*,*,#5593,.F.);
#7997=ORIENTED_EDGE('',*,*,#5591,.F.);
#7998=ORIENTED_EDGE('',*,*,#5560,.F.);
#7999=ORIENTED_EDGE('',*,*,#5563,.F.);
#8000=ORIENTED_EDGE('',*,*,#5565,.F.);
#8001=ORIENTED_EDGE('',*,*,#5346,.T.);
#8002=ORIENTED_EDGE('',*,*,#5171,.F.);
#8003=ORIENTED_EDGE('',*,*,#5596,.T.);
#8004=ORIENTED_EDGE('',*,*,#5261,.T.);
#8005=ORIENTED_EDGE('',*,*,#5203,.T.);
#8006=ORIENTED_EDGE('',*,*,#5175,.F.);
#8007=ORIENTED_EDGE('',*,*,#5597,.T.);
#8008=ORIENTED_EDGE('',*,*,#5263,.T.);
#8009=ORIENTED_EDGE('',*,*,#5598,.T.);
#8010=ORIENTED_EDGE('',*,*,#5177,.F.);
#8011=ORIENTED_EDGE('',*,*,#5599,.F.);
#8012=ORIENTED_EDGE('',*,*,#5264,.F.);
#8013=ORIENTED_EDGE('',*,*,#5597,.F.);
#8014=ORIENTED_EDGE('',*,*,#5179,.F.);
#8015=ORIENTED_EDGE('',*,*,#5189,.T.);
#8016=ORIENTED_EDGE('',*,*,#5265,.T.);
#8017=ORIENTED_EDGE('',*,*,#5599,.T.);
#8018=ORIENTED_EDGE('',*,*,#5249,.F.);
#8019=ORIENTED_EDGE('',*,*,#5252,.F.);
#8020=ORIENTED_EDGE('',*,*,#5271,.T.);
#8021=ORIENTED_EDGE('',*,*,#4575,.T.);
#8022=ORIENTED_EDGE('',*,*,#5173,.F.);
#8023=ORIENTED_EDGE('',*,*,#5598,.F.);
#8024=ORIENTED_EDGE('',*,*,#5262,.F.);
#8025=ORIENTED_EDGE('',*,*,#5596,.F.);
#8026=ORIENTED_EDGE('',*,*,#5464,.F.);
#8027=ORIENTED_EDGE('',*,*,#5506,.F.);
#8028=ORIENTED_EDGE('',*,*,#5481,.F.);
#8029=ORIENTED_EDGE('',*,*,#5450,.F.);
#8030=ORIENTED_EDGE('',*,*,#5476,.F.);
#8031=ORIENTED_EDGE('',*,*,#5480,.F.);
#8032=ORIENTED_EDGE('',*,*,#5505,.F.);
#8033=ORIENTED_EDGE('',*,*,#5199,.F.);
#8034=ORIENTED_EDGE('',*,*,#5490,.F.);
#8035=ORIENTED_EDGE('',*,*,#5483,.F.);
#8036=ORIENTED_EDGE('',*,*,#5518,.T.);
#8037=ORIENTED_EDGE('',*,*,#5423,.F.);
#8038=ORIENTED_EDGE('',*,*,#5315,.T.);
#8039=ORIENTED_EDGE('',*,*,#5326,.T.);
#8040=ORIENTED_EDGE('',*,*,#5508,.T.);
#8041=ORIENTED_EDGE('',*,*,#5369,.F.);
#8042=ORIENTED_EDGE('',*,*,#5374,.T.);
#8043=ORIENTED_EDGE('',*,*,#5402,.F.);
#8044=ORIENTED_EDGE('',*,*,#5600,.T.);
#8045=ORIENTED_EDGE('',*,*,#5371,.F.);
#8046=ORIENTED_EDGE('',*,*,#5600,.F.);
#8047=ORIENTED_EDGE('',*,*,#5401,.F.);
#8048=ORIENTED_EDGE('',*,*,#5375,.T.);
#8049=ORIENTED_EDGE('',*,*,#5601,.T.);
#8050=ORIENTED_EDGE('',*,*,#4926,.F.);
#8051=ORIENTED_EDGE('',*,*,#5602,.F.);
#8052=ORIENTED_EDGE('',*,*,#5603,.T.);
#8053=ORIENTED_EDGE('',*,*,#5604,.T.);
#8054=ORIENTED_EDGE('',*,*,#5096,.T.);
#8055=ORIENTED_EDGE('',*,*,#5605,.T.);
#8056=ORIENTED_EDGE('',*,*,#5603,.F.);
#8057=ORIENTED_EDGE('',*,*,#4934,.T.);
#8058=ORIENTED_EDGE('',*,*,#4929,.T.);
#8059=ORIENTED_EDGE('',*,*,#5601,.F.);
#8060=ORIENTED_EDGE('',*,*,#5606,.F.);
#8061=ORIENTED_EDGE('',*,*,#5607,.F.);
#8062=ORIENTED_EDGE('',*,*,#5608,.F.);
#8063=ORIENTED_EDGE('',*,*,#5605,.F.);
#8064=ORIENTED_EDGE('',*,*,#5095,.F.);
#8065=ORIENTED_EDGE('',*,*,#5609,.F.);
#8066=ORIENTED_EDGE('',*,*,#5606,.T.);
#8067=ORIENTED_EDGE('',*,*,#4932,.T.);
#8068=ORIENTED_EDGE('',*,*,#5610,.T.);
#8069=ORIENTED_EDGE('',*,*,#5166,.F.);
#8070=ORIENTED_EDGE('',*,*,#5610,.F.);
#8071=ORIENTED_EDGE('',*,*,#4935,.T.);
#8072=ORIENTED_EDGE('',*,*,#5611,.F.);
#8073=ORIENTED_EDGE('',*,*,#5306,.F.);
#8074=ORIENTED_EDGE('',*,*,#5612,.T.);
#8075=ORIENTED_EDGE('',*,*,#5101,.F.);
#8076=ORIENTED_EDGE('',*,*,#5612,.F.);
#8077=ORIENTED_EDGE('',*,*,#5608,.T.);
#8078=ORIENTED_EDGE('',*,*,#5613,.T.);
#8079=ORIENTED_EDGE('',*,*,#5221,.F.);
#8080=ORIENTED_EDGE('',*,*,#5613,.F.);
#8081=ORIENTED_EDGE('',*,*,#5611,.T.);
#8082=ORIENTED_EDGE('',*,*,#5607,.T.);
#8083=ORIENTED_EDGE('',*,*,#5609,.T.);
#8084=ORIENTED_EDGE('',*,*,#5094,.F.);
#8085=ORIENTED_EDGE('',*,*,#5602,.T.);
#8086=ORIENTED_EDGE('',*,*,#4925,.T.);
#8087=ORIENTED_EDGE('',*,*,#5093,.T.);
#8088=ORIENTED_EDGE('',*,*,#4849,.T.);
#8089=ORIENTED_EDGE('',*,*,#4853,.F.);
#8090=ORIENTED_EDGE('',*,*,#5220,.F.);
#8091=ORIENTED_EDGE('',*,*,#5534,.T.);
#8092=ORIENTED_EDGE('',*,*,#5532,.F.);
#8093=ORIENTED_EDGE('',*,*,#5097,.F.);
#8094=ORIENTED_EDGE('',*,*,#5604,.F.);
#8095=ORIENTED_EDGE('',*,*,#5352,.F.);
#8096=ORIENTED_EDGE('',*,*,#5128,.F.);
#8097=ORIENTED_EDGE('',*,*,#5614,.F.);
#8098=ORIENTED_EDGE('',*,*,#5353,.T.);
#8099=ORIENTED_EDGE('',*,*,#5615,.F.);
#8100=ORIENTED_EDGE('',*,*,#5142,.F.);
#8101=ORIENTED_EDGE('',*,*,#5310,.F.);
#8102=ORIENTED_EDGE('',*,*,#5313,.F.);
#8103=ORIENTED_EDGE('',*,*,#5616,.F.);
#8104=ORIENTED_EDGE('',*,*,#5614,.T.);
#8105=ORIENTED_EDGE('',*,*,#5127,.F.);
#8106=ORIENTED_EDGE('',*,*,#5617,.F.);
#8107=ORIENTED_EDGE('',*,*,#5354,.F.);
#8108=ORIENTED_EDGE('',*,*,#5136,.T.);
#8109=ORIENTED_EDGE('',*,*,#5618,.F.);
#8110=ORIENTED_EDGE('',*,*,#5619,.T.);
#8111=ORIENTED_EDGE('',*,*,#5620,.F.);
#8112=ORIENTED_EDGE('',*,*,#5621,.T.);
#8113=ORIENTED_EDGE('',*,*,#5622,.F.);
#8114=ORIENTED_EDGE('',*,*,#5623,.T.);
#8115=ORIENTED_EDGE('',*,*,#5624,.F.);
#8116=ORIENTED_EDGE('',*,*,#5131,.F.);
#8117=ORIENTED_EDGE('',*,*,#5305,.T.);
#8118=ORIENTED_EDGE('',*,*,#5625,.T.);
#8119=ORIENTED_EDGE('',*,*,#5626,.T.);
#8120=ORIENTED_EDGE('',*,*,#5627,.T.);
#8121=ORIENTED_EDGE('',*,*,#5628,.T.);
#8122=ORIENTED_EDGE('',*,*,#5625,.F.);
#8123=ORIENTED_EDGE('',*,*,#5304,.T.);
#8124=ORIENTED_EDGE('',*,*,#5629,.T.);
#8125=ORIENTED_EDGE('',*,*,#5630,.T.);
#8126=ORIENTED_EDGE('',*,*,#5627,.F.);
#8127=ORIENTED_EDGE('',*,*,#5303,.T.);
#8128=ORIENTED_EDGE('',*,*,#5631,.T.);
#8129=ORIENTED_EDGE('',*,*,#5632,.T.);
#8130=ORIENTED_EDGE('',*,*,#5629,.F.);
#8131=ORIENTED_EDGE('',*,*,#5302,.T.);
#8132=ORIENTED_EDGE('',*,*,#5633,.T.);
#8133=ORIENTED_EDGE('',*,*,#5634,.T.);
#8134=ORIENTED_EDGE('',*,*,#5631,.F.);
#8135=ORIENTED_EDGE('',*,*,#5301,.T.);
#8136=ORIENTED_EDGE('',*,*,#5308,.T.);
#8137=ORIENTED_EDGE('',*,*,#5635,.T.);
#8138=ORIENTED_EDGE('',*,*,#5633,.F.);
#8139=ORIENTED_EDGE('',*,*,#5300,.T.);
#8140=ORIENTED_EDGE('',*,*,#5307,.F.);
#8141=ORIENTED_EDGE('',*,*,#5137,.T.);
#8142=ORIENTED_EDGE('',*,*,#5624,.T.);
#8143=ORIENTED_EDGE('',*,*,#5636,.T.);
#8144=ORIENTED_EDGE('',*,*,#5626,.F.);
#8145=ORIENTED_EDGE('',*,*,#5637,.T.);
#8146=ORIENTED_EDGE('',*,*,#5618,.T.);
#8147=ORIENTED_EDGE('',*,*,#5135,.T.);
#8148=ORIENTED_EDGE('',*,*,#5634,.F.);
#8149=ORIENTED_EDGE('',*,*,#5638,.T.);
#8150=ORIENTED_EDGE('',*,*,#5622,.T.);
#8151=ORIENTED_EDGE('',*,*,#5639,.T.);
#8152=ORIENTED_EDGE('',*,*,#5632,.F.);
#8153=ORIENTED_EDGE('',*,*,#5639,.F.);
#8154=ORIENTED_EDGE('',*,*,#5621,.F.);
#8155=ORIENTED_EDGE('',*,*,#5640,.F.);
#8156=ORIENTED_EDGE('',*,*,#5630,.F.);
#8157=ORIENTED_EDGE('',*,*,#5640,.T.);
#8158=ORIENTED_EDGE('',*,*,#5620,.T.);
#8159=ORIENTED_EDGE('',*,*,#5641,.T.);
#8160=ORIENTED_EDGE('',*,*,#5628,.F.);
#8161=ORIENTED_EDGE('',*,*,#5641,.F.);
#8162=ORIENTED_EDGE('',*,*,#5619,.F.);
#8163=ORIENTED_EDGE('',*,*,#5637,.F.);
#8164=ORIENTED_EDGE('',*,*,#5635,.F.);
#8165=ORIENTED_EDGE('',*,*,#5636,.F.);
#8166=ORIENTED_EDGE('',*,*,#5623,.F.);
#8167=ORIENTED_EDGE('',*,*,#5638,.F.);
#8168=ORIENTED_EDGE('',*,*,#5256,.F.);
#8169=ORIENTED_EDGE('',*,*,#5642,.T.);
#8170=ORIENTED_EDGE('',*,*,#5643,.T.);
#8171=ORIENTED_EDGE('',*,*,#5644,.F.);
#8172=ORIENTED_EDGE('',*,*,#5259,.F.);
#8173=ORIENTED_EDGE('',*,*,#5645,.T.);
#8174=ORIENTED_EDGE('',*,*,#5646,.T.);
#8175=ORIENTED_EDGE('',*,*,#5642,.F.);
#8176=ORIENTED_EDGE('',*,*,#5258,.F.);
#8177=ORIENTED_EDGE('',*,*,#5647,.T.);
#8178=ORIENTED_EDGE('',*,*,#5648,.T.);
#8179=ORIENTED_EDGE('',*,*,#5645,.F.);
#8180=ORIENTED_EDGE('',*,*,#5257,.F.);
#8181=ORIENTED_EDGE('',*,*,#5644,.T.);
#8182=ORIENTED_EDGE('',*,*,#5649,.T.);
#8183=ORIENTED_EDGE('',*,*,#5647,.F.);
#8184=ORIENTED_EDGE('',*,*,#5649,.F.);
#8185=ORIENTED_EDGE('',*,*,#5643,.F.);
#8186=ORIENTED_EDGE('',*,*,#5646,.F.);
#8187=ORIENTED_EDGE('',*,*,#5648,.F.);
#8188=ORIENTED_EDGE('',*,*,#5650,.F.);
#8189=ORIENTED_EDGE('',*,*,#5615,.T.);
#8190=ORIENTED_EDGE('',*,*,#5312,.F.);
#8191=ORIENTED_EDGE('',*,*,#5651,.T.);
#8192=ORIENTED_EDGE('',*,*,#5143,.T.);
#8193=ORIENTED_EDGE('',*,*,#5651,.F.);
#8194=ORIENTED_EDGE('',*,*,#5320,.T.);
#8195=ORIENTED_EDGE('',*,*,#5652,.F.);
#8196=ORIENTED_EDGE('',*,*,#5653,.F.);
#8197=ORIENTED_EDGE('',*,*,#5144,.F.);
#8198=ORIENTED_EDGE('',*,*,#5653,.T.);
#8199=ORIENTED_EDGE('',*,*,#5654,.T.);
#8200=ORIENTED_EDGE('',*,*,#5655,.T.);
#8201=ORIENTED_EDGE('',*,*,#5145,.T.);
#8202=ORIENTED_EDGE('',*,*,#5655,.F.);
#8203=ORIENTED_EDGE('',*,*,#5656,.F.);
#8204=ORIENTED_EDGE('',*,*,#5657,.F.);
#8205=ORIENTED_EDGE('',*,*,#5146,.F.);
#8206=ORIENTED_EDGE('',*,*,#5658,.F.);
#8207=ORIENTED_EDGE('',*,*,#5241,.F.);
#8208=ORIENTED_EDGE('',*,*,#5147,.F.);
#8209=ORIENTED_EDGE('',*,*,#5657,.T.);
#8210=ORIENTED_EDGE('',*,*,#5659,.T.);
#8211=ORIENTED_EDGE('',*,*,#5243,.F.);
#8212=ORIENTED_EDGE('',*,*,#5659,.F.);
#8213=ORIENTED_EDGE('',*,*,#5656,.T.);
#8214=ORIENTED_EDGE('',*,*,#5654,.F.);
#8215=ORIENTED_EDGE('',*,*,#5652,.T.);
#8216=ORIENTED_EDGE('',*,*,#5234,.F.);
#8217=ORIENTED_EDGE('',*,*,#5245,.F.);
#8218=ORIENTED_EDGE('',*,*,#5660,.T.);
#8219=ORIENTED_EDGE('',*,*,#5661,.T.);
#8220=ORIENTED_EDGE('',*,*,#5616,.T.);
#8221=ORIENTED_EDGE('',*,*,#5661,.F.);
#8222=ORIENTED_EDGE('',*,*,#5363,.F.);
#8223=ORIENTED_EDGE('',*,*,#5662,.T.);
#8224=ORIENTED_EDGE('',*,*,#5660,.F.);
#8225=ORIENTED_EDGE('',*,*,#5662,.F.);
#8226=ORIENTED_EDGE('',*,*,#5658,.T.);
#8227=ORIENTED_EDGE('',*,*,#5663,.T.);
#8228=ORIENTED_EDGE('',*,*,#5650,.T.);
#8229=ORIENTED_EDGE('',*,*,#5663,.F.);
#8230=ORIENTED_EDGE('',*,*,#5355,.F.);
#8231=ORIENTED_EDGE('',*,*,#5617,.T.);
#8232=ORIENTED_EDGE('',*,*,#5126,.F.);
#8233=ORIENTED_EDGE('',*,*,#5566,.F.);
#8234=ORIENTED_EDGE('',*,*,#5014,.F.);
#8235=ORIENTED_EDGE('',*,*,#5664,.F.);
#8236=ORIENTED_EDGE('',*,*,#5665,.T.);
#8237=ORIENTED_EDGE('',*,*,#5053,.F.);
#8238=ORIENTED_EDGE('',*,*,#5049,.F.);
#8239=ORIENTED_EDGE('',*,*,#5665,.F.);
#8240=ORIENTED_EDGE('',*,*,#5666,.F.);
#8241=ORIENTED_EDGE('',*,*,#5667,.F.);
#8242=ORIENTED_EDGE('',*,*,#5357,.F.);
#8243=ORIENTED_EDGE('',*,*,#5567,.T.);
#8244=ORIENTED_EDGE('',*,*,#5110,.F.);
#8245=ORIENTED_EDGE('',*,*,#5527,.F.);
#8246=ORIENTED_EDGE('',*,*,#5273,.F.);
#8247=ORIENTED_EDGE('',*,*,#5358,.F.);
#8248=ORIENTED_EDGE('',*,*,#5667,.T.);
#8249=ORIENTED_EDGE('',*,*,#5668,.F.);
#8250=ORIENTED_EDGE('',*,*,#5669,.F.);
#8251=ORIENTED_EDGE('',*,*,#5274,.F.);
#8252=ORIENTED_EDGE('',*,*,#5669,.T.);
#8253=ORIENTED_EDGE('',*,*,#5670,.F.);
#8254=ORIENTED_EDGE('',*,*,#5671,.F.);
#8255=ORIENTED_EDGE('',*,*,#5291,.F.);
#8256=ORIENTED_EDGE('',*,*,#5671,.T.);
#8257=ORIENTED_EDGE('',*,*,#5672,.F.);
#8258=ORIENTED_EDGE('',*,*,#5321,.F.);
#8259=ORIENTED_EDGE('',*,*,#5515,.T.);
#8260=ORIENTED_EDGE('',*,*,#5590,.F.);
#8261=ORIENTED_EDGE('',*,*,#5588,.F.);
#8262=ORIENTED_EDGE('',*,*,#5322,.F.);
#8263=ORIENTED_EDGE('',*,*,#5672,.T.);
#8264=ORIENTED_EDGE('',*,*,#5670,.T.);
#8265=ORIENTED_EDGE('',*,*,#5668,.T.);
#8266=ORIENTED_EDGE('',*,*,#5666,.T.);
#8267=ORIENTED_EDGE('',*,*,#5664,.T.);
#8268=ORIENTED_EDGE('',*,*,#5013,.F.);
#8269=SPHERICAL_SURFACE('',#8812,0.249999999999999);
#8270=SPHERICAL_SURFACE('',#9073,0.250000000000001);
#8271=SPHERICAL_SURFACE('',#9098,0.249999999999999);
#8272=SPHERICAL_SURFACE('',#9121,0.25);
#8273=SPHERICAL_SURFACE('',#9300,0.249999999999999);
#8274=SPHERICAL_SURFACE('',#9589,0.250000000000001);
#8275=SPHERICAL_SURFACE('',#9614,0.249999999999999);
#8276=SPHERICAL_SURFACE('',#9637,0.25);
#8277=ADVANCED_FACE('',(#2089),#8269,.T.);
#8278=ADVANCED_FACE('',(#2090),#1868,.T.);
#8279=ADVANCED_FACE('',(#2091),#434,.T.);
#8280=ADVANCED_FACE('',(#2092),#1869,.T.);
#8281=ADVANCED_FACE('',(#2093),#435,.T.);
#8282=ADVANCED_FACE('',(#2094),#436,.T.);
#8283=ADVANCED_FACE('',(#2095),#1870,.T.);
#8284=ADVANCED_FACE('',(#2096),#437,.T.);
#8285=ADVANCED_FACE('',(#2097),#400,.T.);
#8286=ADVANCED_FACE('',(#2098),#438,.T.);
#8287=ADVANCED_FACE('',(#2099),#1871,.T.);
#8288=ADVANCED_FACE('',(#2100),#439,.T.);
#8289=ADVANCED_FACE('',(#2101),#1872,.T.);
#8290=ADVANCED_FACE('',(#2102),#1873,.T.);
#8291=ADVANCED_FACE('',(#2103),#440,.T.);
#8292=ADVANCED_FACE('',(#2104),#401,.T.);
#8293=ADVANCED_FACE('',(#2105),#402,.T.);
#8294=ADVANCED_FACE('',(#2106),#1874,.T.);
#8295=ADVANCED_FACE('',(#2107),#441,.T.);
#8296=ADVANCED_FACE('',(#2108),#403,.T.);
#8297=ADVANCED_FACE('',(#2109),#404,.T.);
#8298=ADVANCED_FACE('',(#2110),#405,.T.);
#8299=ADVANCED_FACE('',(#2111),#1875,.T.);
#8300=ADVANCED_FACE('',(#2112),#406,.T.);
#8301=ADVANCED_FACE('',(#2113),#407,.T.);
#8302=ADVANCED_FACE('',(#2114),#442,.T.);
#8303=ADVANCED_FACE('',(#2115),#59,.F.);
#8304=ADVANCED_FACE('',(#2116),#1876,.F.);
#8305=ADVANCED_FACE('',(#2117),#60,.F.);
#8306=ADVANCED_FACE('',(#2118),#1877,.F.);
#8307=ADVANCED_FACE('',(#2119),#1878,.T.);
#8308=ADVANCED_FACE('',(#2120),#61,.T.);
#8309=ADVANCED_FACE('',(#2121),#1879,.F.);
#8310=ADVANCED_FACE('',(#2122),#1880,.T.);
#8311=ADVANCED_FACE('',(#2123),#443,.T.);
#8312=ADVANCED_FACE('',(#2124),#1881,.T.);
#8313=ADVANCED_FACE('',(#2125),#444,.T.);
#8314=ADVANCED_FACE('',(#2126),#1882,.T.);
#8315=ADVANCED_FACE('',(#2127),#62,.T.);
#8316=ADVANCED_FACE('',(#2128),#408,.T.);
#8317=ADVANCED_FACE('',(#2129),#1883,.T.);
#8318=ADVANCED_FACE('',(#2130),#445,.T.);
#8319=ADVANCED_FACE('',(#2131),#1884,.T.);
#8320=ADVANCED_FACE('',(#2132),#446,.T.);
#8321=ADVANCED_FACE('',(#2133),#1885,.T.);
#8322=ADVANCED_FACE('',(#2134),#447,.T.);
#8323=ADVANCED_FACE('',(#2135),#1886,.T.);
#8324=ADVANCED_FACE('',(#2136),#448,.T.);
#8325=ADVANCED_FACE('',(#2137),#1887,.T.);
#8326=ADVANCED_FACE('',(#2138),#449,.T.);
#8327=ADVANCED_FACE('',(#2139),#63,.F.);
#8328=ADVANCED_FACE('',(#2140),#1888,.F.);
#8329=ADVANCED_FACE('',(#2141),#64,.F.);
#8330=ADVANCED_FACE('',(#2142),#1889,.F.);
#8331=ADVANCED_FACE('',(#2143),#65,.T.);
#8332=ADVANCED_FACE('',(#2144),#450,.T.);
#8333=ADVANCED_FACE('',(#2145),#1890,.T.);
#8334=ADVANCED_FACE('',(#2146),#66,.F.);
#8335=ADVANCED_FACE('',(#2147),#1891,.F.);
#8336=ADVANCED_FACE('',(#2148),#1892,.T.);
#8337=ADVANCED_FACE('',(#2149),#409,.F.);
#8338=ADVANCED_FACE('',(#2150),#1893,.F.);
#8339=ADVANCED_FACE('',(#2151),#1894,.F.);
#8340=ADVANCED_FACE('',(#2152),#1895,.T.);
#8341=ADVANCED_FACE('',(#2153),#451,.T.);
#8342=ADVANCED_FACE('',(#2154),#1896,.T.);
#8343=ADVANCED_FACE('',(#2155),#1897,.T.);
#8344=ADVANCED_FACE('',(#2156),#452,.T.);
#8345=ADVANCED_FACE('',(#2157),#1898,.F.);
#8346=ADVANCED_FACE('',(#2158),#67,.F.);
#8347=ADVANCED_FACE('',(#2159,#27),#68,.T.);
#8348=ADVANCED_FACE('',(#2160),#69,.F.);
#8349=ADVANCED_FACE('',(#2161),#1899,.T.);
#8350=ADVANCED_FACE('',(#2162),#1900,.T.);
#8351=ADVANCED_FACE('',(#2163),#1901,.T.);
#8352=ADVANCED_FACE('',(#2164),#1902,.T.);
#8353=ADVANCED_FACE('',(#2165),#453,.T.);
#8354=ADVANCED_FACE('',(#2166),#1903,.T.);
#8355=ADVANCED_FACE('',(#2167),#1904,.T.);
#8356=ADVANCED_FACE('',(#2168),#1905,.T.);
#8357=ADVANCED_FACE('',(#2169),#410,.T.);
#8358=ADVANCED_FACE('',(#2170),#454,.F.);
#8359=ADVANCED_FACE('',(#2171),#1906,.T.);
#8360=ADVANCED_FACE('',(#2172),#70,.F.);
#8361=ADVANCED_FACE('',(#2173),#71,.F.);
#8362=ADVANCED_FACE('',(#2174),#72,.F.);
#8363=ADVANCED_FACE('',(#2175),#21,.F.);
#8364=ADVANCED_FACE('',(#2176,#28),#73,.F.);
#8365=ADVANCED_FACE('',(#2177),#1907,.F.);
#8366=ADVANCED_FACE('',(#2178),#22,.F.);
#8367=ADVANCED_FACE('',(#2179),#1908,.F.);
#8368=ADVANCED_FACE('',(#2180,#29),#74,.F.);
#8369=ADVANCED_FACE('',(#2181),#75,.F.);
#8370=ADVANCED_FACE('',(#2182,#30,#31,#32),#76,.F.);
#8371=ADVANCED_FACE('',(#2183),#1909,.T.);
#8372=ADVANCED_FACE('',(#2184),#1910,.T.);
#8373=ADVANCED_FACE('',(#2185),#1911,.T.);
#8374=ADVANCED_FACE('',(#2186),#1912,.T.);
#8375=ADVANCED_FACE('',(#2187),#77,.F.);
#8376=ADVANCED_FACE('',(#2188),#78,.F.);
#8377=ADVANCED_FACE('',(#2189),#1913,.F.);
#8378=ADVANCED_FACE('',(#2190),#411,.F.);
#8379=ADVANCED_FACE('',(#2191),#1914,.T.);
#8380=ADVANCED_FACE('',(#2192,#33),#79,.F.);
#8381=ADVANCED_FACE('',(#2193),#1915,.T.);
#8382=ADVANCED_FACE('',(#2194),#455,.T.);
#8383=ADVANCED_FACE('',(#2195),#1916,.F.);
#8384=ADVANCED_FACE('',(#2196),#80,.F.);
#8385=ADVANCED_FACE('',(#2197),#1917,.F.);
#8386=ADVANCED_FACE('',(#2198),#1918,.F.);
#8387=ADVANCED_FACE('',(#2199),#15,.T.);
#8388=ADVANCED_FACE('',(#2200),#8270,.T.);
#8389=ADVANCED_FACE('',(#2201),#1919,.T.);
#8390=ADVANCED_FACE('',(#2202),#1920,.T.);
#8391=ADVANCED_FACE('',(#2203),#16,.T.);
#8392=ADVANCED_FACE('',(#2204),#456,.F.);
#8393=ADVANCED_FACE('',(#2205),#1921,.F.);
#8394=ADVANCED_FACE('',(#2206),#1922,.T.);
#8395=ADVANCED_FACE('',(#2207),#1923,.T.);
#8396=ADVANCED_FACE('',(#2208),#457,.T.);
#8397=ADVANCED_FACE('',(#2209),#1924,.T.);
#8398=ADVANCED_FACE('',(#2210),#8271,.T.);
#8399=ADVANCED_FACE('',(#2211),#17,.T.);
#8400=ADVANCED_FACE('',(#2212),#458,.T.);
#8401=ADVANCED_FACE('',(#2213),#1925,.T.);
#8402=ADVANCED_FACE('',(#2214),#1926,.T.);
#8403=ADVANCED_FACE('',(#2215),#459,.F.);
#8404=ADVANCED_FACE('',(#2216),#1927,.F.);
#8405=ADVANCED_FACE('',(#2217),#1928,.F.);
#8406=ADVANCED_FACE('',(#2218),#460,.F.);
#8407=ADVANCED_FACE('',(#2219),#8272,.F.);
#8408=ADVANCED_FACE('',(#2220),#1929,.F.);
#8409=ADVANCED_FACE('',(#2221),#461,.F.);
#8410=ADVANCED_FACE('',(#2222),#1930,.F.);
#8411=ADVANCED_FACE('',(#2223),#1931,.T.);
#8412=ADVANCED_FACE('',(#2224),#1932,.F.);
#8413=ADVANCED_FACE('',(#2225),#1933,.T.);
#8414=ADVANCED_FACE('',(#2226),#1934,.T.);
#8415=ADVANCED_FACE('',(#2227),#1935,.T.);
#8416=ADVANCED_FACE('',(#2228),#1936,.T.);
#8417=ADVANCED_FACE('',(#2229),#1937,.F.);
#8418=ADVANCED_FACE('',(#2230),#1938,.T.);
#8419=ADVANCED_FACE('',(#2231),#462,.T.);
#8420=ADVANCED_FACE('',(#2232),#1939,.T.);
#8421=ADVANCED_FACE('',(#2233),#1940,.T.);
#8422=ADVANCED_FACE('',(#2234),#1941,.T.);
#8423=ADVANCED_FACE('',(#2235),#1942,.T.);
#8424=ADVANCED_FACE('',(#2236),#1943,.T.);
#8425=ADVANCED_FACE('',(#2237),#81,.F.);
#8426=ADVANCED_FACE('',(#2238),#82,.F.);
#8427=ADVANCED_FACE('',(#2239),#1944,.T.);
#8428=ADVANCED_FACE('',(#2240),#83,.F.);
#8429=ADVANCED_FACE('',(#2241),#84,.F.);
#8430=ADVANCED_FACE('',(#2242),#85,.F.);
#8431=ADVANCED_FACE('',(#2243),#86,.F.);
#8432=ADVANCED_FACE('',(#2244),#87,.F.);
#8433=ADVANCED_FACE('',(#2245),#1945,.T.);
#8434=ADVANCED_FACE('',(#2246),#1946,.T.);
#8435=ADVANCED_FACE('',(#2247),#88,.F.);
#8436=ADVANCED_FACE('',(#2248),#89,.F.);
#8437=ADVANCED_FACE('',(#2249),#90,.F.);
#8438=ADVANCED_FACE('',(#2250),#1947,.T.);
#8439=ADVANCED_FACE('',(#2251),#91,.F.);
#8440=ADVANCED_FACE('',(#2252),#1948,.F.);
#8441=ADVANCED_FACE('',(#2253),#1949,.T.);
#8442=ADVANCED_FACE('',(#2254),#92,.F.);
#8443=ADVANCED_FACE('',(#2255),#1950,.F.);
#8444=ADVANCED_FACE('',(#2256),#1951,.F.);
#8445=ADVANCED_FACE('',(#2257),#93,.F.);
#8446=ADVANCED_FACE('',(#2258),#412,.T.);
#8447=ADVANCED_FACE('',(#2259),#413,.T.);
#8448=ADVANCED_FACE('',(#2260),#1952,.T.);
#8449=ADVANCED_FACE('',(#2261),#1953,.T.);
#8450=ADVANCED_FACE('',(#2262),#414,.T.);
#8451=ADVANCED_FACE('',(#2263),#415,.T.);
#8452=ADVANCED_FACE('',(#2264),#94,.T.);
#8453=ADVANCED_FACE('',(#2265),#95,.T.);
#8454=ADVANCED_FACE('',(#2266),#96,.T.);
#8455=ADVANCED_FACE('',(#2267,#34),#1954,.F.);
#8456=ADVANCED_FACE('',(#2268),#1955,.T.);
#8457=ADVANCED_FACE('',(#2269),#463,.T.);
#8458=ADVANCED_FACE('',(#2270),#1956,.T.);
#8459=ADVANCED_FACE('',(#2271),#97,.F.);
#8460=ADVANCED_FACE('',(#2272),#1957,.T.);
#8461=ADVANCED_FACE('',(#2273),#98,.F.);
#8462=ADVANCED_FACE('',(#2274),#99,.F.);
#8463=ADVANCED_FACE('',(#2275),#1958,.F.);
#8464=ADVANCED_FACE('',(#2276),#416,.F.);
#8465=ADVANCED_FACE('',(#2277),#1959,.F.);
#8466=ADVANCED_FACE('',(#2278),#100,.T.);
#8467=ADVANCED_FACE('',(#2279),#101,.T.);
#8468=ADVANCED_FACE('',(#2280),#102,.T.);
#8469=ADVANCED_FACE('',(#2281),#103,.T.);
#8470=ADVANCED_FACE('',(#2282),#104,.T.);
#8471=ADVANCED_FACE('',(#2283,#35),#105,.T.);
#8472=ADVANCED_FACE('',(#2284),#1960,.F.);
#8473=ADVANCED_FACE('',(#2285),#1961,.F.);
#8474=ADVANCED_FACE('',(#2286),#106,.F.);
#8475=ADVANCED_FACE('',(#2287),#1962,.F.);
#8476=ADVANCED_FACE('',(#2288),#107,.F.);
#8477=ADVANCED_FACE('',(#2289),#108,.F.);
#8478=ADVANCED_FACE('',(#2290),#109,.F.);
#8479=ADVANCED_FACE('',(#2291),#110,.T.);
#8480=ADVANCED_FACE('',(#2292),#111,.F.);
#8481=ADVANCED_FACE('',(#2293),#112,.F.);
#8482=ADVANCED_FACE('',(#2294),#113,.F.);
#8483=ADVANCED_FACE('',(#2295),#114,.F.);
#8484=ADVANCED_FACE('',(#2296),#115,.T.);
#8485=ADVANCED_FACE('',(#2297),#116,.T.);
#8486=ADVANCED_FACE('',(#2298,#36),#117,.T.);
#8487=ADVANCED_FACE('',(#2299),#1963,.F.);
#8488=ADVANCED_FACE('',(#2300),#118,.F.);
#8489=ADVANCED_FACE('',(#2301),#464,.F.);
#8490=ADVANCED_FACE('',(#2302),#465,.F.);
#8491=ADVANCED_FACE('',(#2303),#466,.F.);
#8492=ADVANCED_FACE('',(#2304),#1964,.F.);
#8493=ADVANCED_FACE('',(#2305),#467,.F.);
#8494=ADVANCED_FACE('',(#2306),#468,.F.);
#8495=ADVANCED_FACE('',(#2307),#1965,.T.);
#8496=ADVANCED_FACE('',(#2308),#1966,.T.);
#8497=ADVANCED_FACE('',(#2309),#1967,.T.);
#8498=ADVANCED_FACE('',(#2310),#119,.F.);
#8499=ADVANCED_FACE('',(#2311),#1968,.T.);
#8500=ADVANCED_FACE('',(#2312),#1969,.F.);
#8501=ADVANCED_FACE('',(#2313),#1970,.T.);
#8502=ADVANCED_FACE('',(#2314),#120,.T.);
#8503=ADVANCED_FACE('',(#2315),#121,.T.);
#8504=ADVANCED_FACE('',(#2316),#122,.T.);
#8505=ADVANCED_FACE('',(#2317),#123,.T.);
#8506=ADVANCED_FACE('',(#2318,#37),#124,.F.);
#8507=ADVANCED_FACE('',(#2319),#125,.F.);
#8508=ADVANCED_FACE('',(#2320),#126,.T.);
#8509=ADVANCED_FACE('',(#2321),#127,.F.);
#8510=ADVANCED_FACE('',(#2322,#38),#128,.T.);
#8511=ADVANCED_FACE('',(#2323),#1971,.T.);
#8512=ADVANCED_FACE('',(#2324),#129,.F.);
#8513=ADVANCED_FACE('',(#2325),#1972,.F.);
#8514=ADVANCED_FACE('',(#2326),#23,.F.);
#8515=ADVANCED_FACE('',(#2327),#1973,.F.);
#8516=ADVANCED_FACE('',(#2328),#130,.F.);
#8517=ADVANCED_FACE('',(#2329),#131,.F.);
#8518=ADVANCED_FACE('',(#2330),#132,.F.);
#8519=ADVANCED_FACE('',(#2331),#133,.F.);
#8520=ADVANCED_FACE('',(#2332),#134,.F.);
#8521=ADVANCED_FACE('',(#2333),#135,.F.);
#8522=ADVANCED_FACE('',(#2334),#136,.T.);
#8523=ADVANCED_FACE('',(#2335),#8273,.T.);
#8524=ADVANCED_FACE('',(#2336),#1974,.T.);
#8525=ADVANCED_FACE('',(#2337),#1975,.T.);
#8526=ADVANCED_FACE('',(#2338),#469,.T.);
#8527=ADVANCED_FACE('',(#2339),#1976,.T.);
#8528=ADVANCED_FACE('',(#2340),#470,.T.);
#8529=ADVANCED_FACE('',(#2341),#471,.T.);
#8530=ADVANCED_FACE('',(#2342),#1977,.T.);
#8531=ADVANCED_FACE('',(#2343),#472,.T.);
#8532=ADVANCED_FACE('',(#2344),#417,.F.);
#8533=ADVANCED_FACE('',(#2345),#473,.T.);
#8534=ADVANCED_FACE('',(#2346),#1978,.T.);
#8535=ADVANCED_FACE('',(#2347),#474,.T.);
#8536=ADVANCED_FACE('',(#2348),#1979,.T.);
#8537=ADVANCED_FACE('',(#2349),#1980,.T.);
#8538=ADVANCED_FACE('',(#2350),#475,.T.);
#8539=ADVANCED_FACE('',(#2351),#418,.F.);
#8540=ADVANCED_FACE('',(#2352),#419,.F.);
#8541=ADVANCED_FACE('',(#2353),#1981,.T.);
#8542=ADVANCED_FACE('',(#2354),#476,.T.);
#8543=ADVANCED_FACE('',(#2355),#420,.F.);
#8544=ADVANCED_FACE('',(#2356),#421,.F.);
#8545=ADVANCED_FACE('',(#2357),#422,.F.);
#8546=ADVANCED_FACE('',(#2358),#1982,.T.);
#8547=ADVANCED_FACE('',(#2359),#423,.F.);
#8548=ADVANCED_FACE('',(#2360),#424,.F.);
#8549=ADVANCED_FACE('',(#2361),#477,.T.);
#8550=ADVANCED_FACE('',(#2362),#1983,.T.);
#8551=ADVANCED_FACE('',(#2363,#39),#137,.F.);
#8552=ADVANCED_FACE('',(#2364),#138,.T.);
#8553=ADVANCED_FACE('',(#2365),#1984,.F.);
#8554=ADVANCED_FACE('',(#2366),#139,.T.);
#8555=ADVANCED_FACE('',(#2367),#1985,.F.);
#8556=ADVANCED_FACE('',(#2368),#1986,.T.);
#8557=ADVANCED_FACE('',(#2369),#140,.F.);
#8558=ADVANCED_FACE('',(#2370),#1987,.F.);
#8559=ADVANCED_FACE('',(#2371),#141,.F.);
#8560=ADVANCED_FACE('',(#2372),#1988,.T.);
#8561=ADVANCED_FACE('',(#2373),#478,.T.);
#8562=ADVANCED_FACE('',(#2374),#1989,.T.);
#8563=ADVANCED_FACE('',(#2375),#479,.T.);
#8564=ADVANCED_FACE('',(#2376),#1990,.T.);
#8565=ADVANCED_FACE('',(#2377),#142,.F.);
#8566=ADVANCED_FACE('',(#2378),#425,.F.);
#8567=ADVANCED_FACE('',(#2379),#1991,.T.);
#8568=ADVANCED_FACE('',(#2380,#40,#41,#42,#43),#143,.T.);
#8569=ADVANCED_FACE('',(#2381),#1992,.T.);
#8570=ADVANCED_FACE('',(#2382),#480,.T.);
#8571=ADVANCED_FACE('',(#2383),#1993,.T.);
#8572=ADVANCED_FACE('',(#2384),#481,.T.);
#8573=ADVANCED_FACE('',(#2385),#1994,.T.);
#8574=ADVANCED_FACE('',(#2386),#482,.T.);
#8575=ADVANCED_FACE('',(#2387),#1995,.T.);
#8576=ADVANCED_FACE('',(#2388),#483,.T.);
#8577=ADVANCED_FACE('',(#2389),#1996,.T.);
#8578=ADVANCED_FACE('',(#2390),#484,.T.);
#8579=ADVANCED_FACE('',(#2391),#144,.T.);
#8580=ADVANCED_FACE('',(#2392),#1997,.F.);
#8581=ADVANCED_FACE('',(#2393),#145,.T.);
#8582=ADVANCED_FACE('',(#2394),#1998,.F.);
#8583=ADVANCED_FACE('',(#2395),#146,.F.);
#8584=ADVANCED_FACE('',(#2396),#1999,.T.);
#8585=ADVANCED_FACE('',(#2397),#2000,.T.);
#8586=ADVANCED_FACE('',(#2398),#485,.T.);
#8587=ADVANCED_FACE('',(#2399),#2001,.T.);
#8588=ADVANCED_FACE('',(#2400,#44),#147,.T.);
#8589=ADVANCED_FACE('',(#2401),#148,.T.);
#8590=ADVANCED_FACE('',(#2402),#2002,.F.);
#8591=ADVANCED_FACE('',(#2403),#149,.T.);
#8592=ADVANCED_FACE('',(#2404),#2003,.T.);
#8593=ADVANCED_FACE('',(#2405),#426,.T.);
#8594=ADVANCED_FACE('',(#2406),#2004,.F.);
#8595=ADVANCED_FACE('',(#2407),#2005,.F.);
#8596=ADVANCED_FACE('',(#2408),#2006,.T.);
#8597=ADVANCED_FACE('',(#2409),#486,.T.);
#8598=ADVANCED_FACE('',(#2410),#2007,.T.);
#8599=ADVANCED_FACE('',(#2411),#2008,.T.);
#8600=ADVANCED_FACE('',(#2412),#487,.T.);
#8601=ADVANCED_FACE('',(#2413),#2009,.T.);
#8602=ADVANCED_FACE('',(#2414),#2010,.F.);
#8603=ADVANCED_FACE('',(#2415),#150,.T.);
#8604=ADVANCED_FACE('',(#2416,#45),#151,.F.);
#8605=ADVANCED_FACE('',(#2417),#152,.T.);
#8606=ADVANCED_FACE('',(#2418),#153,.T.);
#8607=ADVANCED_FACE('',(#2419),#2011,.T.);
#8608=ADVANCED_FACE('',(#2420),#2012,.T.);
#8609=ADVANCED_FACE('',(#2421),#2013,.T.);
#8610=ADVANCED_FACE('',(#2422),#2014,.T.);
#8611=ADVANCED_FACE('',(#2423),#488,.T.);
#8612=ADVANCED_FACE('',(#2424),#2015,.T.);
#8613=ADVANCED_FACE('',(#2425),#2016,.T.);
#8614=ADVANCED_FACE('',(#2426),#2017,.T.);
#8615=ADVANCED_FACE('',(#2427),#427,.F.);
#8616=ADVANCED_FACE('',(#2428,#46),#154,.T.);
#8617=ADVANCED_FACE('',(#2429),#489,.F.);
#8618=ADVANCED_FACE('',(#2430),#2018,.T.);
#8619=ADVANCED_FACE('',(#2431),#155,.T.);
#8620=ADVANCED_FACE('',(#2432),#156,.T.);
#8621=ADVANCED_FACE('',(#2433),#157,.T.);
#8622=ADVANCED_FACE('',(#2434),#24,.F.);
#8623=ADVANCED_FACE('',(#2435,#47),#158,.T.);
#8624=ADVANCED_FACE('',(#2436),#2019,.F.);
#8625=ADVANCED_FACE('',(#2437),#25,.F.);
#8626=ADVANCED_FACE('',(#2438),#2020,.F.);
#8627=ADVANCED_FACE('',(#2439,#48),#159,.T.);
#8628=ADVANCED_FACE('',(#2440),#160,.T.);
#8629=ADVANCED_FACE('',(#2441,#49,#50,#51),#161,.T.);
#8630=ADVANCED_FACE('',(#2442),#2021,.T.);
#8631=ADVANCED_FACE('',(#2443),#2022,.T.);
#8632=ADVANCED_FACE('',(#2444),#2023,.T.);
#8633=ADVANCED_FACE('',(#2445),#2024,.T.);
#8634=ADVANCED_FACE('',(#2446),#162,.T.);
#8635=ADVANCED_FACE('',(#2447),#163,.T.);
#8636=ADVANCED_FACE('',(#2448),#2025,.F.);
#8637=ADVANCED_FACE('',(#2449),#428,.T.);
#8638=ADVANCED_FACE('',(#2450),#2026,.T.);
#8639=ADVANCED_FACE('',(#2451,#52),#164,.T.);
#8640=ADVANCED_FACE('',(#2452),#2027,.T.);
#8641=ADVANCED_FACE('',(#2453),#490,.T.);
#8642=ADVANCED_FACE('',(#2454),#2028,.F.);
#8643=ADVANCED_FACE('',(#2455),#165,.T.);
#8644=ADVANCED_FACE('',(#2456),#2029,.F.);
#8645=ADVANCED_FACE('',(#2457),#2030,.F.);
#8646=ADVANCED_FACE('',(#2458),#18,.F.);
#8647=ADVANCED_FACE('',(#2459),#8274,.T.);
#8648=ADVANCED_FACE('',(#2460),#2031,.T.);
#8649=ADVANCED_FACE('',(#2461),#2032,.T.);
#8650=ADVANCED_FACE('',(#2462),#19,.F.);
#8651=ADVANCED_FACE('',(#2463),#491,.F.);
#8652=ADVANCED_FACE('',(#2464),#2033,.F.);
#8653=ADVANCED_FACE('',(#2465),#2034,.T.);
#8654=ADVANCED_FACE('',(#2466),#2035,.T.);
#8655=ADVANCED_FACE('',(#2467),#492,.T.);
#8656=ADVANCED_FACE('',(#2468),#2036,.T.);
#8657=ADVANCED_FACE('',(#2469),#8275,.T.);
#8658=ADVANCED_FACE('',(#2470),#20,.F.);
#8659=ADVANCED_FACE('',(#2471),#493,.T.);
#8660=ADVANCED_FACE('',(#2472),#2037,.T.);
#8661=ADVANCED_FACE('',(#2473),#2038,.T.);
#8662=ADVANCED_FACE('',(#2474),#494,.F.);
#8663=ADVANCED_FACE('',(#2475),#2039,.F.);
#8664=ADVANCED_FACE('',(#2476),#2040,.F.);
#8665=ADVANCED_FACE('',(#2477),#495,.F.);
#8666=ADVANCED_FACE('',(#2478),#8276,.F.);
#8667=ADVANCED_FACE('',(#2479),#2041,.F.);
#8668=ADVANCED_FACE('',(#2480),#496,.F.);
#8669=ADVANCED_FACE('',(#2481),#2042,.F.);
#8670=ADVANCED_FACE('',(#2482),#2043,.T.);
#8671=ADVANCED_FACE('',(#2483),#2044,.F.);
#8672=ADVANCED_FACE('',(#2484),#2045,.T.);
#8673=ADVANCED_FACE('',(#2485),#2046,.T.);
#8674=ADVANCED_FACE('',(#2486),#2047,.T.);
#8675=ADVANCED_FACE('',(#2487),#2048,.T.);
#8676=ADVANCED_FACE('',(#2488),#2049,.F.);
#8677=ADVANCED_FACE('',(#2489),#2050,.T.);
#8678=ADVANCED_FACE('',(#2490),#497,.T.);
#8679=ADVANCED_FACE('',(#2491),#2051,.T.);
#8680=ADVANCED_FACE('',(#2492),#2052,.T.);
#8681=ADVANCED_FACE('',(#2493),#2053,.T.);
#8682=ADVANCED_FACE('',(#2494),#2054,.T.);
#8683=ADVANCED_FACE('',(#2495),#2055,.T.);
#8684=ADVANCED_FACE('',(#2496),#166,.T.);
#8685=ADVANCED_FACE('',(#2497),#167,.T.);
#8686=ADVANCED_FACE('',(#2498),#2056,.T.);
#8687=ADVANCED_FACE('',(#2499),#168,.T.);
#8688=ADVANCED_FACE('',(#2500),#169,.T.);
#8689=ADVANCED_FACE('',(#2501),#170,.T.);
#8690=ADVANCED_FACE('',(#2502),#171,.T.);
#8691=ADVANCED_FACE('',(#2503),#172,.T.);
#8692=ADVANCED_FACE('',(#2504),#2057,.T.);
#8693=ADVANCED_FACE('',(#2505),#2058,.T.);
#8694=ADVANCED_FACE('',(#2506),#173,.T.);
#8695=ADVANCED_FACE('',(#2507),#174,.T.);
#8696=ADVANCED_FACE('',(#2508),#175,.T.);
#8697=ADVANCED_FACE('',(#2509),#2059,.T.);
#8698=ADVANCED_FACE('',(#2510),#176,.T.);
#8699=ADVANCED_FACE('',(#2511),#2060,.F.);
#8700=ADVANCED_FACE('',(#2512),#2061,.T.);
#8701=ADVANCED_FACE('',(#2513),#177,.T.);
#8702=ADVANCED_FACE('',(#2514),#2062,.F.);
#8703=ADVANCED_FACE('',(#2515),#2063,.F.);
#8704=ADVANCED_FACE('',(#2516),#178,.T.);
#8705=ADVANCED_FACE('',(#2517),#429,.F.);
#8706=ADVANCED_FACE('',(#2518),#430,.F.);
#8707=ADVANCED_FACE('',(#2519),#2064,.T.);
#8708=ADVANCED_FACE('',(#2520),#2065,.T.);
#8709=ADVANCED_FACE('',(#2521),#431,.F.);
#8710=ADVANCED_FACE('',(#2522),#432,.F.);
#8711=ADVANCED_FACE('',(#2523),#179,.F.);
#8712=ADVANCED_FACE('',(#2524),#180,.F.);
#8713=ADVANCED_FACE('',(#2525),#181,.F.);
#8714=ADVANCED_FACE('',(#2526,#53),#2066,.F.);
#8715=ADVANCED_FACE('',(#2527),#2067,.T.);
#8716=ADVANCED_FACE('',(#2528),#498,.T.);
#8717=ADVANCED_FACE('',(#2529),#2068,.T.);
#8718=ADVANCED_FACE('',(#2530),#182,.T.);
#8719=ADVANCED_FACE('',(#2531),#2069,.T.);
#8720=ADVANCED_FACE('',(#2532),#183,.T.);
#8721=ADVANCED_FACE('',(#2533),#184,.T.);
#8722=ADVANCED_FACE('',(#2534),#2070,.F.);
#8723=ADVANCED_FACE('',(#2535),#433,.T.);
#8724=ADVANCED_FACE('',(#2536),#2071,.F.);
#8725=ADVANCED_FACE('',(#2537),#185,.F.);
#8726=ADVANCED_FACE('',(#2538),#186,.F.);
#8727=ADVANCED_FACE('',(#2539),#187,.F.);
#8728=ADVANCED_FACE('',(#2540),#188,.F.);
#8729=ADVANCED_FACE('',(#2541),#189,.F.);
#8730=ADVANCED_FACE('',(#2542,#54),#190,.F.);
#8731=ADVANCED_FACE('',(#2543),#2072,.F.);
#8732=ADVANCED_FACE('',(#2544),#2073,.F.);
#8733=ADVANCED_FACE('',(#2545),#191,.T.);
#8734=ADVANCED_FACE('',(#2546),#2074,.F.);
#8735=ADVANCED_FACE('',(#2547),#192,.T.);
#8736=ADVANCED_FACE('',(#2548),#193,.T.);
#8737=ADVANCED_FACE('',(#2549),#194,.T.);
#8738=ADVANCED_FACE('',(#2550),#195,.T.);
#8739=ADVANCED_FACE('',(#2551),#196,.F.);
#8740=ADVANCED_FACE('',(#2552),#197,.T.);
#8741=ADVANCED_FACE('',(#2553),#198,.T.);
#8742=ADVANCED_FACE('',(#2554),#199,.T.);
#8743=ADVANCED_FACE('',(#2555),#200,.T.);
#8744=ADVANCED_FACE('',(#2556,#55),#201,.T.);
#8745=ADVANCED_FACE('',(#2557),#202,.T.);
#8746=ADVANCED_FACE('',(#2558),#2075,.F.);
#8747=ADVANCED_FACE('',(#2559),#2076,.F.);
#8748=ADVANCED_FACE('',(#2560),#2077,.F.);
#8749=ADVANCED_FACE('',(#2561),#203,.F.);
#8750=ADVANCED_FACE('',(#2562),#204,.T.);
#8751=ADVANCED_FACE('',(#2563),#205,.F.);
#8752=ADVANCED_FACE('',(#2564,#56),#206,.F.);
#8753=ADVANCED_FACE('',(#2565),#2078,.F.);
#8754=ADVANCED_FACE('',(#2566),#207,.T.);
#8755=ADVANCED_FACE('',(#2567),#499,.F.);
#8756=ADVANCED_FACE('',(#2568),#500,.F.);
#8757=ADVANCED_FACE('',(#2569),#501,.F.);
#8758=ADVANCED_FACE('',(#2570),#2079,.F.);
#8759=ADVANCED_FACE('',(#2571),#502,.F.);
#8760=ADVANCED_FACE('',(#2572),#503,.F.);
#8761=ADVANCED_FACE('',(#2573),#2080,.T.);
#8762=ADVANCED_FACE('',(#2574),#2081,.T.);
#8763=ADVANCED_FACE('',(#2575),#2082,.T.);
#8764=ADVANCED_FACE('',(#2576),#208,.T.);
#8765=ADVANCED_FACE('',(#2577),#2083,.T.);
#8766=ADVANCED_FACE('',(#2578),#2084,.F.);
#8767=ADVANCED_FACE('',(#2579),#2085,.T.);
#8768=ADVANCED_FACE('',(#2580),#209,.F.);
#8769=ADVANCED_FACE('',(#2581),#210,.F.);
#8770=ADVANCED_FACE('',(#2582),#211,.F.);
#8771=ADVANCED_FACE('',(#2583),#212,.F.);
#8772=ADVANCED_FACE('',(#2584,#57),#213,.T.);
#8773=ADVANCED_FACE('',(#2585),#214,.T.);
#8774=ADVANCED_FACE('',(#2586),#215,.F.);
#8775=ADVANCED_FACE('',(#2587),#216,.T.);
#8776=ADVANCED_FACE('',(#2588,#58),#217,.F.);
#8777=ADVANCED_FACE('',(#2589),#2086,.T.);
#8778=ADVANCED_FACE('',(#2590),#218,.T.);
#8779=ADVANCED_FACE('',(#2591),#2087,.F.);
#8780=ADVANCED_FACE('',(#2592),#26,.F.);
#8781=ADVANCED_FACE('',(#2593),#2088,.F.);
#8782=ADVANCED_FACE('',(#2594),#219,.T.);
#8783=ADVANCED_FACE('',(#2595),#220,.T.);
#8784=ADVANCED_FACE('',(#2596),#221,.T.);
#8785=ADVANCED_FACE('',(#2597),#222,.T.);
#8786=ADVANCED_FACE('',(#2598),#223,.T.);
#8787=ADVANCED_FACE('',(#2599),#224,.T.);
#8788=ADVANCED_FACE('',(#2600),#225,.F.);
#8789=CLOSED_SHELL('',(#8277,#8278,#8279,#8280,#8281,#8282,#8283,#8284,
#8285,#8286,#8287,#8288,#8289,#8290,#8291,#8292,#8293,#8294,#8295,#8296,
#8297,#8298,#8299,#8300,#8301,#8302,#8303,#8304,#8305,#8306,#8307,#8308,
#8309,#8310,#8311,#8312,#8313,#8314,#8315,#8316,#8317,#8318,#8319,#8320,
#8321,#8322,#8323,#8324,#8325,#8326,#8327,#8328,#8329,#8330,#8331,#8332,
#8333,#8334,#8335,#8336,#8337,#8338,#8339,#8340,#8341,#8342,#8343,#8344,
#8345,#8346,#8347,#8348,#8349,#8350,#8351,#8352,#8353,#8354,#8355,#8356,
#8357,#8358,#8359,#8360,#8361,#8362,#8363,#8364,#8365,#8366,#8367,#8368,
#8369,#8370,#8371,#8372,#8373,#8374,#8375,#8376,#8377,#8378,#8379,#8380,
#8381,#8382,#8383,#8384,#8385,#8386,#8387,#8388,#8389,#8390,#8391,#8392,
#8393,#8394,#8395,#8396,#8397,#8398,#8399,#8400,#8401,#8402,#8403,#8404,
#8405,#8406,#8407,#8408,#8409,#8410,#8411,#8412,#8413,#8414,#8415,#8416,
#8417,#8418,#8419,#8420,#8421,#8422,#8423,#8424,#8425,#8426,#8427,#8428,
#8429,#8430,#8431,#8432,#8433,#8434,#8435,#8436,#8437,#8438,#8439,#8440,
#8441,#8442,#8443,#8444,#8445,#8446,#8447,#8448,#8449,#8450,#8451,#8452,
#8453,#8454,#8455,#8456,#8457,#8458,#8459,#8460,#8461,#8462,#8463,#8464,
#8465,#8466,#8467,#8468,#8469,#8470,#8471,#8472,#8473,#8474,#8475,#8476,
#8477,#8478,#8479,#8480,#8481,#8482,#8483,#8484,#8485,#8486,#8487,#8488,
#8489,#8490,#8491,#8492,#8493,#8494,#8495,#8496,#8497,#8498,#8499,#8500,
#8501,#8502,#8503,#8504,#8505,#8506,#8507,#8508,#8509,#8510,#8511,#8512,
#8513,#8514,#8515,#8516,#8517,#8518,#8519,#8520,#8521,#8522,#8523,#8524,
#8525,#8526,#8527,#8528,#8529,#8530,#8531,#8532,#8533,#8534,#8535,#8536,
#8537,#8538,#8539,#8540,#8541,#8542,#8543,#8544,#8545,#8546,#8547,#8548,
#8549,#8550,#8551,#8552,#8553,#8554,#8555,#8556,#8557,#8558,#8559,#8560,
#8561,#8562,#8563,#8564,#8565,#8566,#8567,#8568,#8569,#8570,#8571,#8572,
#8573,#8574,#8575,#8576,#8577,#8578,#8579,#8580,#8581,#8582,#8583,#8584,
#8585,#8586,#8587,#8588,#8589,#8590,#8591,#8592,#8593,#8594,#8595,#8596,
#8597,#8598,#8599,#8600,#8601,#8602,#8603,#8604,#8605,#8606,#8607,#8608,
#8609,#8610,#8611,#8612,#8613,#8614,#8615,#8616,#8617,#8618,#8619,#8620,
#8621,#8622,#8623,#8624,#8625,#8626,#8627,#8628,#8629,#8630,#8631,#8632,
#8633,#8634,#8635,#8636,#8637,#8638,#8639,#8640,#8641,#8642,#8643,#8644,
#8645,#8646,#8647,#8648,#8649,#8650,#8651,#8652,#8653,#8654,#8655,#8656,
#8657,#8658,#8659,#8660,#8661,#8662,#8663,#8664,#8665,#8666,#8667,#8668,
#8669,#8670,#8671,#8672,#8673,#8674,#8675,#8676,#8677,#8678,#8679,#8680,
#8681,#8682,#8683,#8684,#8685,#8686,#8687,#8688,#8689,#8690,#8691,#8692,
#8693,#8694,#8695,#8696,#8697,#8698,#8699,#8700,#8701,#8702,#8703,#8704,
#8705,#8706,#8707,#8708,#8709,#8710,#8711,#8712,#8713,#8714,#8715,#8716,
#8717,#8718,#8719,#8720,#8721,#8722,#8723,#8724,#8725,#8726,#8727,#8728,
#8729,#8730,#8731,#8732,#8733,#8734,#8735,#8736,#8737,#8738,#8739,#8740,
#8741,#8742,#8743,#8744,#8745,#8746,#8747,#8748,#8749,#8750,#8751,#8752,
#8753,#8754,#8755,#8756,#8757,#8758,#8759,#8760,#8761,#8762,#8763,#8764,
#8765,#8766,#8767,#8768,#8769,#8770,#8771,#8772,#8773,#8774,#8775,#8776,
#8777,#8778,#8779,#8780,#8781,#8782,#8783,#8784,#8785,#8786,#8787,#8788));
#8790=DERIVED_UNIT_ELEMENT(#8793,1.);
#8791=DERIVED_UNIT_ELEMENT(#16692,-3.);
#8792=DIMENSIONAL_EXPONENTS(0.,1.,0.,0.,0.,0.,0.);
#8793=(
CONVERSION_BASED_UNIT('gram',#8795)
MASS_UNIT()
NAMED_UNIT(#8792)
);
#8794=(
MASS_UNIT()
NAMED_UNIT(*)
SI_UNIT(.KILO.,.GRAM.)
);
#8795=MASS_MEASURE_WITH_UNIT(MASS_MEASURE(0.001),#8794);
#8796=DERIVED_UNIT((#8790,#8791));
#8797=MEASURE_REPRESENTATION_ITEM('density measure',
POSITIVE_RATIO_MEASURE(1.),#8796);
#8798=PROPERTY_DEFINITION_REPRESENTATION(#8803,#8800);
#8799=PROPERTY_DEFINITION_REPRESENTATION(#8804,#8801);
#8800=REPRESENTATION('material name',(#8802),#16689);
#8801=REPRESENTATION('density',(#8797),#16689);
#8802=DESCRIPTIVE_REPRESENTATION_ITEM('V\X2\0161\X0\eobecn\X\E9',
'V\X2\0161\X0\eobecn\X\E9');
#8803=PROPERTY_DEFINITION('material property','material name',#16699);
#8804=PROPERTY_DEFINITION('material property','density of part',#16699);
#8805=DATE_TIME_ROLE('creation_date');
#8806=APPLIED_DATE_AND_TIME_ASSIGNMENT(#8807,#8805,(#16699));
#8807=DATE_AND_TIME(#8808,#8809);
#8808=CALENDAR_DATE(2026,14,5);
#8809=LOCAL_TIME(0,0,0.,#8810);
#8810=COORDINATED_UNIVERSAL_TIME_OFFSET(0,0,.BEHIND.);
#8811=AXIS2_PLACEMENT_3D('',#12496,#9812,#9813);
#8812=AXIS2_PLACEMENT_3D('',#12497,#9814,#9815);
#8813=AXIS2_PLACEMENT_3D('',#12500,#9816,#9817);
#8814=AXIS2_PLACEMENT_3D('',#12502,#9818,#9819);
#8815=AXIS2_PLACEMENT_3D('',#12503,#9820,#9821);
#8816=AXIS2_PLACEMENT_3D('',#12504,#9822,#9823);
#8817=AXIS2_PLACEMENT_3D('',#12507,#9824,#9825);
#8818=AXIS2_PLACEMENT_3D('',#12510,#9828,#9829);
#8819=AXIS2_PLACEMENT_3D('',#12513,#9830,#9831);
#8820=AXIS2_PLACEMENT_3D('',#12515,#9832,#9833);
#8821=AXIS2_PLACEMENT_3D('',#12517,#9834,#9835);
#8822=AXIS2_PLACEMENT_3D('',#12518,#9836,#9837);
#8823=AXIS2_PLACEMENT_3D('',#12519,#9838,#9839);
#8824=AXIS2_PLACEMENT_3D('',#12522,#9840,#9841);
#8825=AXIS2_PLACEMENT_3D('',#12525,#9844,#9845);
#8826=AXIS2_PLACEMENT_3D('',#12528,#9846,#9847);
#8827=AXIS2_PLACEMENT_3D('',#12529,#9848,#9849);
#8828=AXIS2_PLACEMENT_3D('',#12530,#9850,#9851);
#8829=AXIS2_PLACEMENT_3D('',#12531,#9852,#9853);
#8830=AXIS2_PLACEMENT_3D('',#12534,#9854,#9855);
#8831=AXIS2_PLACEMENT_3D('',#12535,#9856,#9857);
#8832=AXIS2_PLACEMENT_3D('',#12536,#9858,#9859);
#8833=AXIS2_PLACEMENT_3D('',#12537,#9860,#9861);
#8834=AXIS2_PLACEMENT_3D('',#12540,#9862,#9863);
#8835=AXIS2_PLACEMENT_3D('',#12543,#9866,#9867);
#8836=AXIS2_PLACEMENT_3D('',#12546,#9868,#9869);
#8837=AXIS2_PLACEMENT_3D('',#12547,#9870,#9871);
#8838=AXIS2_PLACEMENT_3D('',#12548,#9872,#9873);
#8839=AXIS2_PLACEMENT_3D('',#12571,#9874,#9875);
#8840=AXIS2_PLACEMENT_3D('',#12580,#9876,#9877);
#8841=AXIS2_PLACEMENT_3D('',#12583,#9878,#9879);
#8842=AXIS2_PLACEMENT_3D('',#12584,#9880,#9881);
#8843=AXIS2_PLACEMENT_3D('',#12585,#9882,#9883);
#8844=AXIS2_PLACEMENT_3D('',#12586,#9884,#9885);
#8845=AXIS2_PLACEMENT_3D('',#12589,#9886,#9887);
#8846=AXIS2_PLACEMENT_3D('',#12592,#9890,#9891);
#8847=AXIS2_PLACEMENT_3D('',#12595,#9892,#9893);
#8848=AXIS2_PLACEMENT_3D('',#12596,#9894,#9895);
#8849=AXIS2_PLACEMENT_3D('',#12597,#9896,#9897);
#8850=AXIS2_PLACEMENT_3D('',#12598,#9898,#9899);
#8851=AXIS2_PLACEMENT_3D('',#12602,#9901,#9902);
#8852=AXIS2_PLACEMENT_3D('',#12604,#9904,#9905);
#8853=AXIS2_PLACEMENT_3D('',#12607,#9908,#9909);
#8854=AXIS2_PLACEMENT_3D('',#12610,#9910,#9911);
#8855=AXIS2_PLACEMENT_3D('',#12611,#9912,#9913);
#8856=AXIS2_PLACEMENT_3D('',#12612,#9914,#9915);
#8857=AXIS2_PLACEMENT_3D('',#12639,#9916,#9917);
#8858=AXIS2_PLACEMENT_3D('',#12666,#9918,#9919);
#8859=AXIS2_PLACEMENT_3D('',#12667,#9920,#9921);
#8860=AXIS2_PLACEMENT_3D('',#12668,#9922,#9923);
#8861=AXIS2_PLACEMENT_3D('',#12669,#9924,#9925);
#8862=AXIS2_PLACEMENT_3D('',#12672,#9926,#9927);
#8863=AXIS2_PLACEMENT_3D('',#12675,#9930,#9931);
#8864=AXIS2_PLACEMENT_3D('',#12678,#9932,#9933);
#8865=AXIS2_PLACEMENT_3D('',#12679,#9934,#9935);
#8866=AXIS2_PLACEMENT_3D('',#12680,#9936,#9937);
#8867=AXIS2_PLACEMENT_3D('',#12703,#9938,#9939);
#8868=AXIS2_PLACEMENT_3D('',#12738,#9940,#9941);
#8869=AXIS2_PLACEMENT_3D('',#12765,#9942,#9943);
#8870=AXIS2_PLACEMENT_3D('',#12766,#9944,#9945);
#8871=AXIS2_PLACEMENT_3D('',#12767,#9946,#9947);
#8872=AXIS2_PLACEMENT_3D('',#12768,#9948,#9949);
#8873=AXIS2_PLACEMENT_3D('',#12771,#9950,#9951);
#8874=AXIS2_PLACEMENT_3D('',#12796,#9954,#9955);
#8875=AXIS2_PLACEMENT_3D('',#12797,#9956,#9957);
#8876=AXIS2_PLACEMENT_3D('',#12798,#9958,#9959);
#8877=AXIS2_PLACEMENT_3D('',#12821,#9960,#9961);
#8878=AXIS2_PLACEMENT_3D('',#12830,#9962,#9963);
#8879=AXIS2_PLACEMENT_3D('',#12833,#9964,#9965);
#8880=AXIS2_PLACEMENT_3D('',#12834,#9966,#9967);
#8881=AXIS2_PLACEMENT_3D('',#12835,#9968,#9969);
#8882=AXIS2_PLACEMENT_3D('',#12836,#9970,#9971);
#8883=AXIS2_PLACEMENT_3D('',#12838,#9973,#9974);
#8884=AXIS2_PLACEMENT_3D('',#12840,#9976,#9977);
#8885=AXIS2_PLACEMENT_3D('',#12842,#9979,#9980);
#8886=AXIS2_PLACEMENT_3D('',#12844,#9982,#9983);
#8887=AXIS2_PLACEMENT_3D('',#12846,#9985,#9986);
#8888=AXIS2_PLACEMENT_3D('',#12848,#9988,#9989);
#8889=AXIS2_PLACEMENT_3D('',#12850,#9991,#9992);
#8890=AXIS2_PLACEMENT_3D('',#12853,#9993,#9994);
#8891=AXIS2_PLACEMENT_3D('',#12868,#9997,#9998);
#8892=AXIS2_PLACEMENT_3D('',#12871,#9999,#10000);
#8893=AXIS2_PLACEMENT_3D('',#12872,#10001,#10002);
#8894=AXIS2_PLACEMENT_3D('',#12873,#10003,#10004);
#8895=AXIS2_PLACEMENT_3D('',#12874,#10005,#10006);
#8896=AXIS2_PLACEMENT_3D('',#12877,#10007,#10008);
#8897=AXIS2_PLACEMENT_3D('',#12880,#10011,#10012);
#8898=AXIS2_PLACEMENT_3D('',#12883,#10013,#10014);
#8899=AXIS2_PLACEMENT_3D('',#12884,#10015,#10016);
#8900=AXIS2_PLACEMENT_3D('',#12885,#10017,#10018);
#8901=AXIS2_PLACEMENT_3D('',#12886,#10019,#10020);
#8902=AXIS2_PLACEMENT_3D('',#12889,#10021,#10022);
#8903=AXIS2_PLACEMENT_3D('',#12892,#10025,#10026);
#8904=AXIS2_PLACEMENT_3D('',#12898,#10029,#10030);
#8905=AXIS2_PLACEMENT_3D('',#12901,#10032,#10033);
#8906=AXIS2_PLACEMENT_3D('',#12936,#10034,#10035);
#8907=AXIS2_PLACEMENT_3D('',#12954,#10036,#10037);
#8908=AXIS2_PLACEMENT_3D('',#12957,#10038,#10039);
#8909=AXIS2_PLACEMENT_3D('',#12961,#10041,#10042);
#8910=AXIS2_PLACEMENT_3D('',#12963,#10044,#10045);
#8911=AXIS2_PLACEMENT_3D('',#12966,#10046,#10047);
#8912=AXIS2_PLACEMENT_3D('',#12967,#10048,#10049);
#8913=AXIS2_PLACEMENT_3D('',#12968,#10050,#10051);
#8914=AXIS2_PLACEMENT_3D('',#12969,#10052,#10053);
#8915=AXIS2_PLACEMENT_3D('',#12972,#10054,#10055);
#8916=AXIS2_PLACEMENT_3D('',#12975,#10058,#10059);
#8917=AXIS2_PLACEMENT_3D('',#12978,#10060,#10061);
#8918=AXIS2_PLACEMENT_3D('',#12979,#10062,#10063);
#8919=AXIS2_PLACEMENT_3D('',#12980,#10064,#10065);
#8920=AXIS2_PLACEMENT_3D('',#12981,#10066,#10067);
#8921=AXIS2_PLACEMENT_3D('',#12984,#10068,#10069);
#8922=AXIS2_PLACEMENT_3D('',#12987,#10072,#10073);
#8923=AXIS2_PLACEMENT_3D('',#12990,#10074,#10075);
#8924=AXIS2_PLACEMENT_3D('',#12991,#10076,#10077);
#8925=AXIS2_PLACEMENT_3D('',#12992,#10078,#10079);
#8926=AXIS2_PLACEMENT_3D('',#12993,#10080,#10081);
#8927=AXIS2_PLACEMENT_3D('',#12996,#10082,#10083);
#8928=AXIS2_PLACEMENT_3D('',#12999,#10086,#10087);
#8929=AXIS2_PLACEMENT_3D('',#13002,#10088,#10089);
#8930=AXIS2_PLACEMENT_3D('',#13003,#10090,#10091);
#8931=AXIS2_PLACEMENT_3D('',#13004,#10092,#10093);
#8932=AXIS2_PLACEMENT_3D('',#13005,#10094,#10095);
#8933=AXIS2_PLACEMENT_3D('',#13008,#10096,#10097);
#8934=AXIS2_PLACEMENT_3D('',#13011,#10100,#10101);
#8935=AXIS2_PLACEMENT_3D('',#13012,#10102,#10103);
#8936=AXIS2_PLACEMENT_3D('',#13013,#10104,#10105);
#8937=AXIS2_PLACEMENT_3D('',#13014,#10106,#10107);
#8938=AXIS2_PLACEMENT_3D('',#13020,#10111,#10112);
#8939=AXIS2_PLACEMENT_3D('',#13022,#10113,#10114);
#8940=AXIS2_PLACEMENT_3D('',#13024,#10116,#10117);
#8941=AXIS2_PLACEMENT_3D('',#13030,#10120,#10121);
#8942=AXIS2_PLACEMENT_3D('',#13034,#10123,#10124);
#8943=AXIS2_PLACEMENT_3D('',#13041,#10129,#10130);
#8944=AXIS2_PLACEMENT_3D('',#13043,#10131,#10132);
#8945=AXIS2_PLACEMENT_3D('',#13045,#10134,#10135);
#8946=AXIS2_PLACEMENT_3D('',#13055,#10140,#10141);
#8947=AXIS2_PLACEMENT_3D('',#13061,#10145,#10146);
#8948=AXIS2_PLACEMENT_3D('',#13064,#10147,#10148);
#8949=AXIS2_PLACEMENT_3D('',#13066,#10149,#10150);
#8950=AXIS2_PLACEMENT_3D('',#13068,#10151,#10152);
#8951=AXIS2_PLACEMENT_3D('',#13069,#10153,#10154);
#8952=AXIS2_PLACEMENT_3D('',#13070,#10155,#10156);
#8953=AXIS2_PLACEMENT_3D('',#13074,#10158,#10159);
#8954=AXIS2_PLACEMENT_3D('',#13076,#10161,#10162);
#8955=AXIS2_PLACEMENT_3D('',#13082,#10166,#10167);
#8956=AXIS2_PLACEMENT_3D('',#13084,#10168,#10169);
#8957=AXIS2_PLACEMENT_3D('',#13086,#10171,#10172);
#8958=AXIS2_PLACEMENT_3D('',#13091,#10174,#10175);
#8959=AXIS2_PLACEMENT_3D('',#13094,#10177,#10178);
#8960=AXIS2_PLACEMENT_3D('',#13122,#10179,#10180);
#8961=AXIS2_PLACEMENT_3D('',#13123,#10181,#10182);
#8962=AXIS2_PLACEMENT_3D('',#13124,#10183,#10184);
#8963=AXIS2_PLACEMENT_3D('',#13125,#10185,#10186);
#8964=AXIS2_PLACEMENT_3D('',#13127,#10187,#10188);
#8965=AXIS2_PLACEMENT_3D('',#13129,#10190,#10191);
#8966=AXIS2_PLACEMENT_3D('',#13131,#10192,#10193);
#8967=AXIS2_PLACEMENT_3D('',#13133,#10195,#10196);
#8968=AXIS2_PLACEMENT_3D('',#13138,#10199,#10200);
#8969=AXIS2_PLACEMENT_3D('',#13139,#10201,#10202);
#8970=AXIS2_PLACEMENT_3D('',#13142,#10203,#10204);
#8971=AXIS2_PLACEMENT_3D('',#13143,#10205,#10206);
#8972=AXIS2_PLACEMENT_3D('',#13144,#10207,#10208);
#8973=AXIS2_PLACEMENT_3D('',#13145,#10209,#10210);
#8974=AXIS2_PLACEMENT_3D('',#13149,#10212,#10213);
#8975=AXIS2_PLACEMENT_3D('',#13151,#10215,#10216);
#8976=AXIS2_PLACEMENT_3D('',#13154,#10219,#10220);
#8977=AXIS2_PLACEMENT_3D('',#13157,#10221,#10222);
#8978=AXIS2_PLACEMENT_3D('',#13158,#10223,#10224);
#8979=AXIS2_PLACEMENT_3D('',#13159,#10225,#10226);
#8980=AXIS2_PLACEMENT_3D('',#13160,#10227,#10228);
#8981=AXIS2_PLACEMENT_3D('',#13164,#10230,#10231);
#8982=AXIS2_PLACEMENT_3D('',#13166,#10233,#10234);
#8983=AXIS2_PLACEMENT_3D('',#13170,#10237,#10238);
#8984=AXIS2_PLACEMENT_3D('',#13180,#10244,#10245);
#8985=AXIS2_PLACEMENT_3D('',#13182,#10247,#10248);
#8986=AXIS2_PLACEMENT_3D('',#13187,#10250,#10251);
#8987=AXIS2_PLACEMENT_3D('',#13190,#10253,#10254);
#8988=AXIS2_PLACEMENT_3D('',#13191,#10255,#10256);
#8989=AXIS2_PLACEMENT_3D('',#13196,#10258,#10259);
#8990=AXIS2_PLACEMENT_3D('',#13199,#10261,#10262);
#8991=AXIS2_PLACEMENT_3D('',#13200,#10263,#10264);
#8992=AXIS2_PLACEMENT_3D('',#13205,#10266,#10267);
#8993=AXIS2_PLACEMENT_3D('',#13208,#10269,#10270);
#8994=AXIS2_PLACEMENT_3D('',#13209,#10271,#10272);
#8995=AXIS2_PLACEMENT_3D('',#13212,#10275,#10276);
#8996=AXIS2_PLACEMENT_3D('',#13215,#10277,#10278);
#8997=AXIS2_PLACEMENT_3D('',#13216,#10279,#10280);
#8998=AXIS2_PLACEMENT_3D('',#13217,#10281,#10282);
#8999=AXIS2_PLACEMENT_3D('',#13218,#10283,#10284);
#9000=AXIS2_PLACEMENT_3D('',#13222,#10286,#10287);
#9001=AXIS2_PLACEMENT_3D('',#13224,#10289,#10290);
#9002=AXIS2_PLACEMENT_3D('',#13227,#10293,#10294);
#9003=AXIS2_PLACEMENT_3D('',#13232,#10297,#10298);
#9004=AXIS2_PLACEMENT_3D('',#13290,#10299,#10300);
#9005=AXIS2_PLACEMENT_3D('',#13292,#10301,#10302);
#9006=AXIS2_PLACEMENT_3D('',#13294,#10303,#10304);
#9007=AXIS2_PLACEMENT_3D('',#13295,#10305,#10306);
#9008=AXIS2_PLACEMENT_3D('',#13296,#10307,#10308);
#9009=AXIS2_PLACEMENT_3D('',#13300,#10310,#10311);
#9010=AXIS2_PLACEMENT_3D('',#13302,#10313,#10314);
#9011=AXIS2_PLACEMENT_3D('',#13308,#10318,#10319);
#9012=AXIS2_PLACEMENT_3D('',#13311,#10321,#10322);
#9013=AXIS2_PLACEMENT_3D('',#13321,#10328,#10329);
#9014=AXIS2_PLACEMENT_3D('',#13333,#10336,#10337);
#9015=AXIS2_PLACEMENT_3D('',#13335,#10338,#10339);
#9016=AXIS2_PLACEMENT_3D('',#13339,#10341,#10342);
#9017=AXIS2_PLACEMENT_3D('',#13340,#10343,#10344);
#9018=AXIS2_PLACEMENT_3D('',#13341,#10345,#10346);
#9019=AXIS2_PLACEMENT_3D('',#13344,#10347,#10348);
#9020=AXIS2_PLACEMENT_3D('',#13346,#10349,#10350);
#9021=AXIS2_PLACEMENT_3D('',#13356,#10355,#10356);
#9022=AXIS2_PLACEMENT_3D('',#13358,#10358,#10359);
#9023=AXIS2_PLACEMENT_3D('',#13361,#10361,#10362);
#9024=AXIS2_PLACEMENT_3D('',#13362,#10363,#10364);
#9025=AXIS2_PLACEMENT_3D('',#13364,#10365,#10366);
#9026=AXIS2_PLACEMENT_3D('',#13368,#10368,#10369);
#9027=AXIS2_PLACEMENT_3D('',#13369,#10370,#10371);
#9028=AXIS2_PLACEMENT_3D('',#13370,#10372,#10373);
#9029=AXIS2_PLACEMENT_3D('',#13373,#10375,#10376);
#9030=AXIS2_PLACEMENT_3D('',#13374,#10377,#10378);
#9031=AXIS2_PLACEMENT_3D('',#13379,#10380,#10381);
#9032=AXIS2_PLACEMENT_3D('',#13383,#10384,#10385);
#9033=AXIS2_PLACEMENT_3D('',#13389,#10389,#10390);
#9034=AXIS2_PLACEMENT_3D('',#13395,#10393,#10394);
#9035=AXIS2_PLACEMENT_3D('',#13399,#10396,#10397);
#9036=AXIS2_PLACEMENT_3D('',#13411,#10404,#10405);
#9037=AXIS2_PLACEMENT_3D('',#13412,#10406,#10407);
#9038=AXIS2_PLACEMENT_3D('',#13414,#10408,#10409);
#9039=AXIS2_PLACEMENT_3D('',#13417,#10411,#10412);
#9040=AXIS2_PLACEMENT_3D('',#13418,#10413,#10414);
#9041=AXIS2_PLACEMENT_3D('',#13421,#10416,#10417);
#9042=AXIS2_PLACEMENT_3D('',#13422,#10418,#10419);
#9043=AXIS2_PLACEMENT_3D('',#13424,#10420,#10421);
#9044=AXIS2_PLACEMENT_3D('',#13426,#10423,#10424);
#9045=AXIS2_PLACEMENT_3D('',#13428,#10426,#10427);
#9046=AXIS2_PLACEMENT_3D('',#13434,#10431,#10432);
#9047=AXIS2_PLACEMENT_3D('',#13438,#10435,#10436);
#9048=AXIS2_PLACEMENT_3D('',#13441,#10437,#10438);
#9049=AXIS2_PLACEMENT_3D('',#13445,#10440,#10441);
#9050=AXIS2_PLACEMENT_3D('',#13529,#10443,#10444);
#9051=AXIS2_PLACEMENT_3D('',#13533,#10446,#10447);
#9052=AXIS2_PLACEMENT_3D('',#13535,#10449,#10450);
#9053=AXIS2_PLACEMENT_3D('',#13545,#10455,#10456);
#9054=AXIS2_PLACEMENT_3D('',#13549,#10458,#10459);
#9055=AXIS2_PLACEMENT_3D('',#13553,#10461,#10462);
#9056=AXIS2_PLACEMENT_3D('',#13561,#10466,#10467);
#9057=AXIS2_PLACEMENT_3D('',#13566,#10471,#10472);
#9058=AXIS2_PLACEMENT_3D('',#13568,#10473,#10474);
#9059=AXIS2_PLACEMENT_3D('',#13585,#10476,#10477);
#9060=AXIS2_PLACEMENT_3D('',#13597,#10478,#10479);
#9061=AXIS2_PLACEMENT_3D('',#13598,#10480,#10481);
#9062=AXIS2_PLACEMENT_3D('',#13600,#10482,#10483);
#9063=AXIS2_PLACEMENT_3D('',#13602,#10485,#10486);
#9064=AXIS2_PLACEMENT_3D('',#13604,#10488,#10489);
#9065=AXIS2_PLACEMENT_3D('',#13605,#10490,#10491);
#9066=AXIS2_PLACEMENT_3D('',#13607,#10492,#10493);
#9067=AXIS2_PLACEMENT_3D('',#13609,#10494,#10495);
#9068=AXIS2_PLACEMENT_3D('',#13611,#10497,#10498);
#9069=AXIS2_PLACEMENT_3D('',#13629,#10499,#10500);
#9070=AXIS2_PLACEMENT_3D('',#13631,#10501,#10502);
#9071=AXIS2_PLACEMENT_3D('',#13633,#10503,#10504);
#9072=AXIS2_PLACEMENT_3D('',#13634,#10505,#10506);
#9073=AXIS2_PLACEMENT_3D('',#13635,#10507,#10508);
#9074=AXIS2_PLACEMENT_3D('',#13636,#10509,#10510);
#9075=AXIS2_PLACEMENT_3D('',#13638,#10511,#10512);
#9076=AXIS2_PLACEMENT_3D('',#13639,#10513,#10514);
#9077=AXIS2_PLACEMENT_3D('',#13640,#10515,#10516);
#9078=AXIS2_PLACEMENT_3D('',#13642,#10517,#10518);
#9079=AXIS2_PLACEMENT_3D('',#13644,#10520,#10521);
#9080=AXIS2_PLACEMENT_3D('',#13668,#10523,#10524);
#9081=AXIS2_PLACEMENT_3D('',#13670,#10525,#10526);
#9082=AXIS2_PLACEMENT_3D('',#13672,#10527,#10528);
#9083=AXIS2_PLACEMENT_3D('',#13673,#10529,#10530);
#9084=AXIS2_PLACEMENT_3D('',#13674,#10531,#10532);
#9085=AXIS2_PLACEMENT_3D('',#13676,#10533,#10534);
#9086=AXIS2_PLACEMENT_3D('',#13678,#10535,#10536);
#9087=AXIS2_PLACEMENT_3D('',#13679,#10537,#10538);
#9088=AXIS2_PLACEMENT_3D('',#13680,#10539,#10540);
#9089=AXIS2_PLACEMENT_3D('',#13689,#10542,#10543);
#9090=AXIS2_PLACEMENT_3D('',#13692,#10546,#10547);
#9091=AXIS2_PLACEMENT_3D('',#13693,#10548,#10549);
#9092=AXIS2_PLACEMENT_3D('',#13694,#10550,#10551);
#9093=AXIS2_PLACEMENT_3D('',#13696,#10552,#10553);
#9094=AXIS2_PLACEMENT_3D('',#13698,#10554,#10555);
#9095=AXIS2_PLACEMENT_3D('',#13700,#10556,#10557);
#9096=AXIS2_PLACEMENT_3D('',#13701,#10558,#10559);
#9097=AXIS2_PLACEMENT_3D('',#13702,#10560,#10561);
#9098=AXIS2_PLACEMENT_3D('',#13705,#10564,#10565);
#9099=AXIS2_PLACEMENT_3D('',#13707,#10566,#10567);
#9100=AXIS2_PLACEMENT_3D('',#13709,#10568,#10569);
#9101=AXIS2_PLACEMENT_3D('',#13710,#10570,#10571);
#9102=AXIS2_PLACEMENT_3D('',#13722,#10572,#10573);
#9103=AXIS2_PLACEMENT_3D('',#13724,#10574,#10575);
#9104=AXIS2_PLACEMENT_3D('',#13726,#10576,#10577);
#9105=AXIS2_PLACEMENT_3D('',#13727,#10578,#10579);
#9106=AXIS2_PLACEMENT_3D('',#13728,#10580,#10581);
#9107=AXIS2_PLACEMENT_3D('',#13730,#10582,#10583);
#9108=AXIS2_PLACEMENT_3D('',#13732,#10584,#10585);
#9109=AXIS2_PLACEMENT_3D('',#13734,#10586,#10587);
#9110=AXIS2_PLACEMENT_3D('',#13735,#10588,#10589);
#9111=AXIS2_PLACEMENT_3D('',#13736,#10590,#10591);
#9112=AXIS2_PLACEMENT_3D('',#13738,#10593,#10594);
#9113=AXIS2_PLACEMENT_3D('',#13741,#10597,#10598);
#9114=AXIS2_PLACEMENT_3D('',#13743,#10599,#10600);
#9115=AXIS2_PLACEMENT_3D('',#13745,#10601,#10602);
#9116=AXIS2_PLACEMENT_3D('',#13746,#10603,#10604);
#9117=AXIS2_PLACEMENT_3D('',#13747,#10605,#10606);
#9118=AXIS2_PLACEMENT_3D('',#13764,#10608,#10609);
#9119=AXIS2_PLACEMENT_3D('',#13783,#10611,#10612);
#9120=AXIS2_PLACEMENT_3D('',#13785,#10613,#10614);
#9121=AXIS2_PLACEMENT_3D('',#13800,#10615,#10616);
#9122=AXIS2_PLACEMENT_3D('',#13802,#10617,#10618);
#9123=AXIS2_PLACEMENT_3D('',#13804,#10619,#10620);
#9124=AXIS2_PLACEMENT_3D('',#13805,#10621,#10622);
#9125=AXIS2_PLACEMENT_3D('',#13806,#10623,#10624);
#9126=AXIS2_PLACEMENT_3D('',#13809,#10627,#10628);
#9127=AXIS2_PLACEMENT_3D('',#13810,#10629,#10630);
#9128=AXIS2_PLACEMENT_3D('',#13811,#10631,#10632);
#9129=AXIS2_PLACEMENT_3D('',#13813,#10634,#10635);
#9130=AXIS2_PLACEMENT_3D('',#13816,#10638,#10639);
#9131=AXIS2_PLACEMENT_3D('',#13825,#10641,#10642);
#9132=AXIS2_PLACEMENT_3D('',#13840,#10645,#10646);
#9133=AXIS2_PLACEMENT_3D('',#13844,#10648,#10649);
#9134=AXIS2_PLACEMENT_3D('',#13855,#10651,#10652);
#9135=AXIS2_PLACEMENT_3D('',#13857,#10654,#10655);
#9136=AXIS2_PLACEMENT_3D('',#13874,#10657,#10658);
#9137=AXIS2_PLACEMENT_3D('',#13876,#10660,#10661);
#9138=AXIS2_PLACEMENT_3D('',#13879,#10664,#10665);
#9139=AXIS2_PLACEMENT_3D('',#13880,#10666,#10667);
#9140=AXIS2_PLACEMENT_3D('',#13881,#10668,#10669);
#9141=AXIS2_PLACEMENT_3D('',#13884,#10672,#10673);
#9142=AXIS2_PLACEMENT_3D('',#13888,#10675,#10676);
#9143=AXIS2_PLACEMENT_3D('',#13899,#10678,#10679);
#9144=AXIS2_PLACEMENT_3D('',#13912,#10681,#10682);
#9145=AXIS2_PLACEMENT_3D('',#13914,#10684,#10685);
#9146=AXIS2_PLACEMENT_3D('',#13917,#10688,#10689);
#9147=AXIS2_PLACEMENT_3D('',#13919,#10690,#10691);
#9148=AXIS2_PLACEMENT_3D('',#13923,#10693,#10694);
#9149=AXIS2_PLACEMENT_3D('',#13938,#10697,#10698);
#9150=AXIS2_PLACEMENT_3D('',#13940,#10699,#10700);
#9151=AXIS2_PLACEMENT_3D('',#13943,#10703,#10704);
#9152=AXIS2_PLACEMENT_3D('',#13944,#10705,#10706);
#9153=AXIS2_PLACEMENT_3D('',#13946,#10708,#10709);
#9154=AXIS2_PLACEMENT_3D('',#13948,#10711,#10712);
#9155=AXIS2_PLACEMENT_3D('',#13949,#10713,#10714);
#9156=AXIS2_PLACEMENT_3D('',#13951,#10716,#10717);
#9157=AXIS2_PLACEMENT_3D('',#13953,#10718,#10719);
#9158=AXIS2_PLACEMENT_3D('',#13955,#10721,#10722);
#9159=AXIS2_PLACEMENT_3D('',#13959,#10725,#10726);
#9160=AXIS2_PLACEMENT_3D('',#13960,#10727,#10728);
#9161=AXIS2_PLACEMENT_3D('',#13961,#10729,#10730);
#9162=AXIS2_PLACEMENT_3D('',#13962,#10731,#10732);
#9163=AXIS2_PLACEMENT_3D('',#13963,#10733,#10734);
#9164=AXIS2_PLACEMENT_3D('',#13966,#10736,#10737);
#9165=AXIS2_PLACEMENT_3D('',#13967,#10738,#10739);
#9166=AXIS2_PLACEMENT_3D('',#13969,#10741,#10742);
#9167=AXIS2_PLACEMENT_3D('',#13970,#10743,#10744);
#9168=AXIS2_PLACEMENT_3D('',#13971,#10745,#10746);
#9169=AXIS2_PLACEMENT_3D('',#13974,#10749,#10750);
#9170=AXIS2_PLACEMENT_3D('',#13976,#10752,#10753);
#9171=AXIS2_PLACEMENT_3D('',#13978,#10755,#10756);
#9172=AXIS2_PLACEMENT_3D('',#13980,#10757,#10758);
#9173=AXIS2_PLACEMENT_3D('',#13982,#10760,#10761);
#9174=AXIS2_PLACEMENT_3D('',#13986,#10764,#10765);
#9175=AXIS2_PLACEMENT_3D('',#13988,#10766,#10767);
#9176=AXIS2_PLACEMENT_3D('',#13990,#10769,#10770);
#9177=AXIS2_PLACEMENT_3D('',#13993,#10771,#10772);
#9178=AXIS2_PLACEMENT_3D('',#13997,#10774,#10775);
#9179=AXIS2_PLACEMENT_3D('',#13999,#10777,#10778);
#9180=AXIS2_PLACEMENT_3D('',#14026,#10782,#10783);
#9181=AXIS2_PLACEMENT_3D('',#14074,#10784,#10785);
#9182=AXIS2_PLACEMENT_3D('',#14108,#10786,#10787);
#9183=AXIS2_PLACEMENT_3D('',#14118,#10788,#10789);
#9184=AXIS2_PLACEMENT_3D('',#14135,#10791,#10792);
#9185=AXIS2_PLACEMENT_3D('',#14150,#10795,#10796);
#9186=AXIS2_PLACEMENT_3D('',#14190,#10799,#10800);
#9187=AXIS2_PLACEMENT_3D('',#14194,#10802,#10803);
#9188=AXIS2_PLACEMENT_3D('',#14236,#10804,#10805);
#9189=AXIS2_PLACEMENT_3D('',#14244,#10806,#10807);
#9190=AXIS2_PLACEMENT_3D('',#14245,#10808,#10809);
#9191=AXIS2_PLACEMENT_3D('',#14251,#10813,#10814);
#9192=AXIS2_PLACEMENT_3D('',#14255,#10817,#10818);
#9193=AXIS2_PLACEMENT_3D('',#14259,#10821,#10822);
#9194=AXIS2_PLACEMENT_3D('',#14262,#10825,#10826);
#9195=AXIS2_PLACEMENT_3D('',#14264,#10827,#10828);
#9196=AXIS2_PLACEMENT_3D('',#14266,#10829,#10830);
#9197=AXIS2_PLACEMENT_3D('',#14268,#10832,#10833);
#9198=AXIS2_PLACEMENT_3D('',#14270,#10834,#10835);
#9199=AXIS2_PLACEMENT_3D('',#14271,#10836,#10837);
#9200=AXIS2_PLACEMENT_3D('',#14272,#10838,#10839);
#9201=AXIS2_PLACEMENT_3D('',#14274,#10840,#10841);
#9202=AXIS2_PLACEMENT_3D('',#14276,#10843,#10844);
#9203=AXIS2_PLACEMENT_3D('',#14282,#10848,#10849);
#9204=AXIS2_PLACEMENT_3D('',#14294,#10851,#10852);
#9205=AXIS2_PLACEMENT_3D('',#14297,#10854,#10855);
#9206=AXIS2_PLACEMENT_3D('',#14301,#10858,#10859);
#9207=AXIS2_PLACEMENT_3D('',#14302,#10860,#10861);
#9208=AXIS2_PLACEMENT_3D('',#14304,#10863,#10864);
#9209=AXIS2_PLACEMENT_3D('',#14305,#10865,#10866);
#9210=AXIS2_PLACEMENT_3D('',#14351,#10867,#10868);
#9211=AXIS2_PLACEMENT_3D('',#14352,#10869,#10870);
#9212=AXIS2_PLACEMENT_3D('',#14353,#10871,#10872);
#9213=AXIS2_PLACEMENT_3D('',#14357,#10875,#10876);
#9214=AXIS2_PLACEMENT_3D('',#14359,#10878,#10879);
#9215=AXIS2_PLACEMENT_3D('',#14363,#10882,#10883);
#9216=AXIS2_PLACEMENT_3D('',#14367,#10886,#10887);
#9217=AXIS2_PLACEMENT_3D('',#14369,#10889,#10890);
#9218=AXIS2_PLACEMENT_3D('',#14370,#10891,#10892);
#9219=AXIS2_PLACEMENT_3D('',#14372,#10893,#10894);
#9220=AXIS2_PLACEMENT_3D('',#14374,#10896,#10897);
#9221=AXIS2_PLACEMENT_3D('',#14378,#10899,#10900);
#9222=AXIS2_PLACEMENT_3D('',#14380,#10902,#10903);
#9223=AXIS2_PLACEMENT_3D('',#14384,#10906,#10907);
#9224=AXIS2_PLACEMENT_3D('',#14385,#10908,#10909);
#9225=AXIS2_PLACEMENT_3D('',#14386,#10910,#10911);
#9226=AXIS2_PLACEMENT_3D('',#14388,#10913,#10914);
#9227=AXIS2_PLACEMENT_3D('',#14389,#10915,#10916);
#9228=AXIS2_PLACEMENT_3D('',#14390,#10917,#10918);
#9229=AXIS2_PLACEMENT_3D('',#14391,#10919,#10920);
#9230=AXIS2_PLACEMENT_3D('',#14393,#10922,#10923);
#9231=AXIS2_PLACEMENT_3D('',#14394,#10924,#10925);
#9232=AXIS2_PLACEMENT_3D('',#14403,#10930,#10931);
#9233=AXIS2_PLACEMENT_3D('',#14409,#10935,#10936);
#9234=AXIS2_PLACEMENT_3D('',#14412,#10937,#10938);
#9235=AXIS2_PLACEMENT_3D('',#14416,#10941,#10942);
#9236=AXIS2_PLACEMENT_3D('',#14417,#10943,#10944);
#9237=AXIS2_PLACEMENT_3D('',#14419,#10946,#10947);
#9238=AXIS2_PLACEMENT_3D('',#14424,#10950,#10951);
#9239=AXIS2_PLACEMENT_3D('',#14425,#10952,#10953);
#9240=AXIS2_PLACEMENT_3D('',#14427,#10955,#10956);
#9241=AXIS2_PLACEMENT_3D('',#14432,#10958,#10959);
#9242=AXIS2_PLACEMENT_3D('',#14434,#10960,#10961);
#9243=AXIS2_PLACEMENT_3D('',#14436,#10962,#10963);
#9244=AXIS2_PLACEMENT_3D('',#14440,#10965,#10966);
#9245=AXIS2_PLACEMENT_3D('',#14442,#10967,#10968);
#9246=AXIS2_PLACEMENT_3D('',#14443,#10969,#10970);
#9247=AXIS2_PLACEMENT_3D('',#14444,#10971,#10972);
#9248=AXIS2_PLACEMENT_3D('',#14446,#10973,#10974);
#9249=AXIS2_PLACEMENT_3D('',#14448,#10975,#10976);
#9250=AXIS2_PLACEMENT_3D('',#14449,#10977,#10978);
#9251=AXIS2_PLACEMENT_3D('',#14450,#10979,#10980);
#9252=AXIS2_PLACEMENT_3D('',#14453,#10981,#10982);
#9253=AXIS2_PLACEMENT_3D('',#14454,#10983,#10984);
#9254=AXIS2_PLACEMENT_3D('',#14455,#10985,#10986);
#9255=AXIS2_PLACEMENT_3D('',#14456,#10987,#10988);
#9256=AXIS2_PLACEMENT_3D('',#14459,#10989,#10990);
#9257=AXIS2_PLACEMENT_3D('',#14460,#10991,#10992);
#9258=AXIS2_PLACEMENT_3D('',#14461,#10993,#10994);
#9259=AXIS2_PLACEMENT_3D('',#14462,#10995,#10996);
#9260=AXIS2_PLACEMENT_3D('',#14465,#10997,#10998);
#9261=AXIS2_PLACEMENT_3D('',#14468,#11001,#11002);
#9262=AXIS2_PLACEMENT_3D('',#14471,#11003,#11004);
#9263=AXIS2_PLACEMENT_3D('',#14472,#11005,#11006);
#9264=AXIS2_PLACEMENT_3D('',#14473,#11007,#11008);
#9265=AXIS2_PLACEMENT_3D('',#14474,#11009,#11010);
#9266=AXIS2_PLACEMENT_3D('',#14475,#11011,#11012);
#9267=AXIS2_PLACEMENT_3D('',#14476,#11013,#11014);
#9268=AXIS2_PLACEMENT_3D('',#14477,#11015,#11016);
#9269=AXIS2_PLACEMENT_3D('',#14480,#11019,#11020);
#9270=AXIS2_PLACEMENT_3D('',#14483,#11023,#11024);
#9271=AXIS2_PLACEMENT_3D('',#14486,#11027,#11028);
#9272=AXIS2_PLACEMENT_3D('',#14488,#11030,#11031);
#9273=AXIS2_PLACEMENT_3D('',#14490,#11033,#11034);
#9274=AXIS2_PLACEMENT_3D('',#14491,#11035,#11036);
#9275=AXIS2_PLACEMENT_3D('',#14492,#11037,#11038);
#9276=AXIS2_PLACEMENT_3D('',#14498,#11042,#11043);
#9277=AXIS2_PLACEMENT_3D('',#14502,#11046,#11047);
#9278=AXIS2_PLACEMENT_3D('',#14506,#11050,#11051);
#9279=AXIS2_PLACEMENT_3D('',#14508,#11053,#11054);
#9280=AXIS2_PLACEMENT_3D('',#14510,#11055,#11056);
#9281=AXIS2_PLACEMENT_3D('',#14511,#11057,#11058);
#9282=AXIS2_PLACEMENT_3D('',#14515,#11061,#11062);
#9283=AXIS2_PLACEMENT_3D('',#14521,#11066,#11067);
#9284=AXIS2_PLACEMENT_3D('',#14527,#11071,#11072);
#9285=AXIS2_PLACEMENT_3D('',#14531,#11074,#11075);
#9286=AXIS2_PLACEMENT_3D('',#14534,#11077,#11078);
#9287=AXIS2_PLACEMENT_3D('',#14535,#11079,#11080);
#9288=AXIS2_PLACEMENT_3D('',#14538,#11083,#11084);
#9289=AXIS2_PLACEMENT_3D('',#14539,#11085,#11086);
#9290=AXIS2_PLACEMENT_3D('',#14541,#11087,#11088);
#9291=AXIS2_PLACEMENT_3D('',#14543,#11090,#11091);
#9292=AXIS2_PLACEMENT_3D('',#14545,#11093,#11094);
#9293=AXIS2_PLACEMENT_3D('',#14547,#11096,#11097);
#9294=AXIS2_PLACEMENT_3D('',#14548,#11098,#11099);
#9295=AXIS2_PLACEMENT_3D('',#14552,#11102,#11103);
#9296=AXIS2_PLACEMENT_3D('',#14556,#11106,#11107);
#9297=AXIS2_PLACEMENT_3D('',#14560,#11110,#11111);
#9298=AXIS2_PLACEMENT_3D('',#14564,#11114,#11115);
#9299=AXIS2_PLACEMENT_3D('',#14566,#11117,#11118);
#9300=AXIS2_PLACEMENT_3D('',#14567,#11119,#11120);
#9301=AXIS2_PLACEMENT_3D('',#14570,#11121,#11122);
#9302=AXIS2_PLACEMENT_3D('',#14572,#11123,#11124);
#9303=AXIS2_PLACEMENT_3D('',#14573,#11125,#11126);
#9304=AXIS2_PLACEMENT_3D('',#14574,#11127,#11128);
#9305=AXIS2_PLACEMENT_3D('',#14577,#11129,#11130);
#9306=AXIS2_PLACEMENT_3D('',#14580,#11133,#11134);
#9307=AXIS2_PLACEMENT_3D('',#14584,#11136,#11137);
#9308=AXIS2_PLACEMENT_3D('',#14586,#11139,#11140);
#9309=AXIS2_PLACEMENT_3D('',#14589,#11141,#11142);
#9310=AXIS2_PLACEMENT_3D('',#14590,#11143,#11144);
#9311=AXIS2_PLACEMENT_3D('',#14591,#11145,#11146);
#9312=AXIS2_PLACEMENT_3D('',#14592,#11147,#11148);
#9313=AXIS2_PLACEMENT_3D('',#14595,#11149,#11150);
#9314=AXIS2_PLACEMENT_3D('',#14598,#11153,#11154);
#9315=AXIS2_PLACEMENT_3D('',#14601,#11155,#11156);
#9316=AXIS2_PLACEMENT_3D('',#14602,#11157,#11158);
#9317=AXIS2_PLACEMENT_3D('',#14603,#11159,#11160);
#9318=AXIS2_PLACEMENT_3D('',#14604,#11161,#11162);
#9319=AXIS2_PLACEMENT_3D('',#14607,#11163,#11164);
#9320=AXIS2_PLACEMENT_3D('',#14608,#11165,#11166);
#9321=AXIS2_PLACEMENT_3D('',#14609,#11167,#11168);
#9322=AXIS2_PLACEMENT_3D('',#14610,#11169,#11170);
#9323=AXIS2_PLACEMENT_3D('',#14613,#11171,#11172);
#9324=AXIS2_PLACEMENT_3D('',#14616,#11175,#11176);
#9325=AXIS2_PLACEMENT_3D('',#14619,#11177,#11178);
#9326=AXIS2_PLACEMENT_3D('',#14620,#11179,#11180);
#9327=AXIS2_PLACEMENT_3D('',#14621,#11181,#11182);
#9328=AXIS2_PLACEMENT_3D('',#14644,#11183,#11184);
#9329=AXIS2_PLACEMENT_3D('',#14653,#11185,#11186);
#9330=AXIS2_PLACEMENT_3D('',#14656,#11187,#11188);
#9331=AXIS2_PLACEMENT_3D('',#14657,#11189,#11190);
#9332=AXIS2_PLACEMENT_3D('',#14658,#11191,#11192);
#9333=AXIS2_PLACEMENT_3D('',#14659,#11193,#11194);
#9334=AXIS2_PLACEMENT_3D('',#14662,#11195,#11196);
#9335=AXIS2_PLACEMENT_3D('',#14665,#11199,#11200);
#9336=AXIS2_PLACEMENT_3D('',#14668,#11201,#11202);
#9337=AXIS2_PLACEMENT_3D('',#14669,#11203,#11204);
#9338=AXIS2_PLACEMENT_3D('',#14670,#11205,#11206);
#9339=AXIS2_PLACEMENT_3D('',#14671,#11207,#11208);
#9340=AXIS2_PLACEMENT_3D('',#14676,#11211,#11212);
#9341=AXIS2_PLACEMENT_3D('',#14677,#11213,#11214);
#9342=AXIS2_PLACEMENT_3D('',#14680,#11217,#11218);
#9343=AXIS2_PLACEMENT_3D('',#14683,#11219,#11220);
#9344=AXIS2_PLACEMENT_3D('',#14684,#11221,#11222);
#9345=AXIS2_PLACEMENT_3D('',#14685,#11223,#11224);
#9346=AXIS2_PLACEMENT_3D('',#14712,#11225,#11226);
#9347=AXIS2_PLACEMENT_3D('',#14739,#11227,#11228);
#9348=AXIS2_PLACEMENT_3D('',#14740,#11229,#11230);
#9349=AXIS2_PLACEMENT_3D('',#14741,#11231,#11232);
#9350=AXIS2_PLACEMENT_3D('',#14742,#11233,#11234);
#9351=AXIS2_PLACEMENT_3D('',#14745,#11235,#11236);
#9352=AXIS2_PLACEMENT_3D('',#14748,#11239,#11240);
#9353=AXIS2_PLACEMENT_3D('',#14751,#11241,#11242);
#9354=AXIS2_PLACEMENT_3D('',#14752,#11243,#11244);
#9355=AXIS2_PLACEMENT_3D('',#14753,#11245,#11246);
#9356=AXIS2_PLACEMENT_3D('',#14776,#11247,#11248);
#9357=AXIS2_PLACEMENT_3D('',#14811,#11249,#11250);
#9358=AXIS2_PLACEMENT_3D('',#14838,#11251,#11252);
#9359=AXIS2_PLACEMENT_3D('',#14839,#11253,#11254);
#9360=AXIS2_PLACEMENT_3D('',#14840,#11255,#11256);
#9361=AXIS2_PLACEMENT_3D('',#14841,#11257,#11258);
#9362=AXIS2_PLACEMENT_3D('',#14844,#11259,#11260);
#9363=AXIS2_PLACEMENT_3D('',#14869,#11263,#11264);
#9364=AXIS2_PLACEMENT_3D('',#14870,#11265,#11266);
#9365=AXIS2_PLACEMENT_3D('',#14871,#11267,#11268);
#9366=AXIS2_PLACEMENT_3D('',#14894,#11269,#11270);
#9367=AXIS2_PLACEMENT_3D('',#14903,#11271,#11272);
#9368=AXIS2_PLACEMENT_3D('',#14906,#11273,#11274);
#9369=AXIS2_PLACEMENT_3D('',#14907,#11275,#11276);
#9370=AXIS2_PLACEMENT_3D('',#14908,#11277,#11278);
#9371=AXIS2_PLACEMENT_3D('',#14909,#11279,#11280);
#9372=AXIS2_PLACEMENT_3D('',#14912,#11283,#11284);
#9373=AXIS2_PLACEMENT_3D('',#14929,#11294,#11295);
#9374=AXIS2_PLACEMENT_3D('',#14930,#11296,#11297);
#9375=AXIS2_PLACEMENT_3D('',#14932,#11299,#11300);
#9376=AXIS2_PLACEMENT_3D('',#14934,#11302,#11303);
#9377=AXIS2_PLACEMENT_3D('',#14936,#11305,#11306);
#9378=AXIS2_PLACEMENT_3D('',#14938,#11308,#11309);
#9379=AXIS2_PLACEMENT_3D('',#14940,#11311,#11312);
#9380=AXIS2_PLACEMENT_3D('',#14942,#11314,#11315);
#9381=AXIS2_PLACEMENT_3D('',#14944,#11317,#11318);
#9382=AXIS2_PLACEMENT_3D('',#14945,#11319,#11320);
#9383=AXIS2_PLACEMENT_3D('',#14948,#11321,#11322);
#9384=AXIS2_PLACEMENT_3D('',#14963,#11325,#11326);
#9385=AXIS2_PLACEMENT_3D('',#14966,#11327,#11328);
#9386=AXIS2_PLACEMENT_3D('',#14967,#11329,#11330);
#9387=AXIS2_PLACEMENT_3D('',#14968,#11331,#11332);
#9388=AXIS2_PLACEMENT_3D('',#14969,#11333,#11334);
#9389=AXIS2_PLACEMENT_3D('',#14972,#11335,#11336);
#9390=AXIS2_PLACEMENT_3D('',#14975,#11339,#11340);
#9391=AXIS2_PLACEMENT_3D('',#14978,#11341,#11342);
#9392=AXIS2_PLACEMENT_3D('',#14979,#11343,#11344);
#9393=AXIS2_PLACEMENT_3D('',#14980,#11345,#11346);
#9394=AXIS2_PLACEMENT_3D('',#14981,#11347,#11348);
#9395=AXIS2_PLACEMENT_3D('',#14984,#11349,#11350);
#9396=AXIS2_PLACEMENT_3D('',#14987,#11353,#11354);
#9397=AXIS2_PLACEMENT_3D('',#14989,#11355,#11356);
#9398=AXIS2_PLACEMENT_3D('',#14993,#11358,#11359);
#9399=AXIS2_PLACEMENT_3D('',#15031,#11362,#11363);
#9400=AXIS2_PLACEMENT_3D('',#15049,#11364,#11365);
#9401=AXIS2_PLACEMENT_3D('',#15052,#11368,#11369);
#9402=AXIS2_PLACEMENT_3D('',#15091,#11384,#11385);
#9403=AXIS2_PLACEMENT_3D('',#15096,#11388,#11389);
#9404=AXIS2_PLACEMENT_3D('',#15104,#11393,#11394);
#9405=AXIS2_PLACEMENT_3D('',#15108,#11396,#11397);
#9406=AXIS2_PLACEMENT_3D('',#15112,#11399,#11400);
#9407=AXIS2_PLACEMENT_3D('',#15116,#11402,#11403);
#9408=AXIS2_PLACEMENT_3D('',#15119,#11405,#11406);
#9409=AXIS2_PLACEMENT_3D('',#15121,#11407,#11408);
#9410=AXIS2_PLACEMENT_3D('',#15122,#11409,#11410);
#9411=AXIS2_PLACEMENT_3D('',#15124,#11411,#11412);
#9412=AXIS2_PLACEMENT_3D('',#15126,#11413,#11414);
#9413=AXIS2_PLACEMENT_3D('',#15128,#11416,#11417);
#9414=AXIS2_PLACEMENT_3D('',#15130,#11418,#11419);
#9415=AXIS2_PLACEMENT_3D('',#15131,#11420,#11421);
#9416=AXIS2_PLACEMENT_3D('',#15132,#11422,#11423);
#9417=AXIS2_PLACEMENT_3D('',#15134,#11424,#11425);
#9418=AXIS2_PLACEMENT_3D('',#15136,#11427,#11428);
#9419=AXIS2_PLACEMENT_3D('',#15138,#11429,#11430);
#9420=AXIS2_PLACEMENT_3D('',#15139,#11431,#11432);
#9421=AXIS2_PLACEMENT_3D('',#15140,#11433,#11434);
#9422=AXIS2_PLACEMENT_3D('',#15142,#11435,#11436);
#9423=AXIS2_PLACEMENT_3D('',#15144,#11438,#11439);
#9424=AXIS2_PLACEMENT_3D('',#15146,#11440,#11441);
#9425=AXIS2_PLACEMENT_3D('',#15147,#11442,#11443);
#9426=AXIS2_PLACEMENT_3D('',#15148,#11444,#11445);
#9427=AXIS2_PLACEMENT_3D('',#15150,#11446,#11447);
#9428=AXIS2_PLACEMENT_3D('',#15152,#11449,#11450);
#9429=AXIS2_PLACEMENT_3D('',#15154,#11451,#11452);
#9430=AXIS2_PLACEMENT_3D('',#15155,#11453,#11454);
#9431=AXIS2_PLACEMENT_3D('',#15156,#11455,#11456);
#9432=AXIS2_PLACEMENT_3D('',#15158,#11457,#11458);
#9433=AXIS2_PLACEMENT_3D('',#15160,#11460,#11461);
#9434=AXIS2_PLACEMENT_3D('',#15161,#11462,#11463);
#9435=AXIS2_PLACEMENT_3D('',#15162,#11464,#11465);
#9436=AXIS2_PLACEMENT_3D('',#15168,#11469,#11470);
#9437=AXIS2_PLACEMENT_3D('',#15171,#11472,#11473);
#9438=AXIS2_PLACEMENT_3D('',#15172,#11474,#11475);
#9439=AXIS2_PLACEMENT_3D('',#15181,#11480,#11481);
#9440=AXIS2_PLACEMENT_3D('',#15185,#11483,#11484);
#9441=AXIS2_PLACEMENT_3D('',#15189,#11487,#11488);
#9442=AXIS2_PLACEMENT_3D('',#15192,#11490,#11491);
#9443=AXIS2_PLACEMENT_3D('',#15193,#11492,#11493);
#9444=AXIS2_PLACEMENT_3D('',#15201,#11497,#11498);
#9445=AXIS2_PLACEMENT_3D('',#15209,#11503,#11504);
#9446=AXIS2_PLACEMENT_3D('',#15212,#11506,#11507);
#9447=AXIS2_PLACEMENT_3D('',#15213,#11508,#11509);
#9448=AXIS2_PLACEMENT_3D('',#15216,#11511,#11512);
#9449=AXIS2_PLACEMENT_3D('',#15217,#11513,#11514);
#9450=AXIS2_PLACEMENT_3D('',#15219,#11515,#11516);
#9451=AXIS2_PLACEMENT_3D('',#15220,#11517,#11518);
#9452=AXIS2_PLACEMENT_3D('',#15221,#11519,#11520);
#9453=AXIS2_PLACEMENT_3D('',#15223,#11522,#11523);
#9454=AXIS2_PLACEMENT_3D('',#15230,#11527,#11528);
#9455=AXIS2_PLACEMENT_3D('',#15231,#11529,#11530);
#9456=AXIS2_PLACEMENT_3D('',#15235,#11533,#11534);
#9457=AXIS2_PLACEMENT_3D('',#15238,#11536,#11537);
#9458=AXIS2_PLACEMENT_3D('',#15239,#11538,#11539);
#9459=AXIS2_PLACEMENT_3D('',#15241,#11541,#11542);
#9460=AXIS2_PLACEMENT_3D('',#15245,#11544,#11545);
#9461=AXIS2_PLACEMENT_3D('',#15246,#11546,#11547);
#9462=AXIS2_PLACEMENT_3D('',#15274,#11548,#11549);
#9463=AXIS2_PLACEMENT_3D('',#15275,#11550,#11551);
#9464=AXIS2_PLACEMENT_3D('',#15276,#11552,#11553);
#9465=AXIS2_PLACEMENT_3D('',#15277,#11554,#11555);
#9466=AXIS2_PLACEMENT_3D('',#15279,#11556,#11557);
#9467=AXIS2_PLACEMENT_3D('',#15281,#11559,#11560);
#9468=AXIS2_PLACEMENT_3D('',#15283,#11561,#11562);
#9469=AXIS2_PLACEMENT_3D('',#15285,#11564,#11565);
#9470=AXIS2_PLACEMENT_3D('',#15287,#11566,#11567);
#9471=AXIS2_PLACEMENT_3D('',#15289,#11569,#11570);
#9472=AXIS2_PLACEMENT_3D('',#15292,#11571,#11572);
#9473=AXIS2_PLACEMENT_3D('',#15293,#11573,#11574);
#9474=AXIS2_PLACEMENT_3D('',#15294,#11575,#11576);
#9475=AXIS2_PLACEMENT_3D('',#15295,#11577,#11578);
#9476=AXIS2_PLACEMENT_3D('',#15300,#11581,#11582);
#9477=AXIS2_PLACEMENT_3D('',#15301,#11583,#11584);
#9478=AXIS2_PLACEMENT_3D('',#15304,#11587,#11588);
#9479=AXIS2_PLACEMENT_3D('',#15306,#11589,#11590);
#9480=AXIS2_PLACEMENT_3D('',#15307,#11591,#11592);
#9481=AXIS2_PLACEMENT_3D('',#15308,#11593,#11594);
#9482=AXIS2_PLACEMENT_3D('',#15310,#11596,#11597);
#9483=AXIS2_PLACEMENT_3D('',#15314,#11599,#11600);
#9484=AXIS2_PLACEMENT_3D('',#15316,#11602,#11603);
#9485=AXIS2_PLACEMENT_3D('',#15320,#11606,#11607);
#9486=AXIS2_PLACEMENT_3D('',#15330,#11613,#11614);
#9487=AXIS2_PLACEMENT_3D('',#15332,#11616,#11617);
#9488=AXIS2_PLACEMENT_3D('',#15334,#11618,#11619);
#9489=AXIS2_PLACEMENT_3D('',#15338,#11621,#11622);
#9490=AXIS2_PLACEMENT_3D('',#15341,#11624,#11625);
#9491=AXIS2_PLACEMENT_3D('',#15343,#11626,#11627);
#9492=AXIS2_PLACEMENT_3D('',#15346,#11629,#11630);
#9493=AXIS2_PLACEMENT_3D('',#15348,#11631,#11632);
#9494=AXIS2_PLACEMENT_3D('',#15351,#11635,#11636);
#9495=AXIS2_PLACEMENT_3D('',#15356,#11638,#11639);
#9496=AXIS2_PLACEMENT_3D('',#15359,#11641,#11642);
#9497=AXIS2_PLACEMENT_3D('',#15360,#11643,#11644);
#9498=AXIS2_PLACEMENT_3D('',#15365,#11646,#11647);
#9499=AXIS2_PLACEMENT_3D('',#15368,#11649,#11650);
#9500=AXIS2_PLACEMENT_3D('',#15369,#11651,#11652);
#9501=AXIS2_PLACEMENT_3D('',#15374,#11654,#11655);
#9502=AXIS2_PLACEMENT_3D('',#15377,#11657,#11658);
#9503=AXIS2_PLACEMENT_3D('',#15378,#11659,#11660);
#9504=AXIS2_PLACEMENT_3D('',#15381,#11663,#11664);
#9505=AXIS2_PLACEMENT_3D('',#15383,#11665,#11666);
#9506=AXIS2_PLACEMENT_3D('',#15384,#11667,#11668);
#9507=AXIS2_PLACEMENT_3D('',#15385,#11669,#11670);
#9508=AXIS2_PLACEMENT_3D('',#15386,#11671,#11672);
#9509=AXIS2_PLACEMENT_3D('',#15389,#11674,#11675);
#9510=AXIS2_PLACEMENT_3D('',#15390,#11676,#11677);
#9511=AXIS2_PLACEMENT_3D('',#15393,#11680,#11681);
#9512=AXIS2_PLACEMENT_3D('',#15395,#11682,#11683);
#9513=AXIS2_PLACEMENT_3D('',#15445,#11685,#11686);
#9514=AXIS2_PLACEMENT_3D('',#15451,#11690,#11691);
#9515=AXIS2_PLACEMENT_3D('',#15453,#11692,#11693);
#9516=AXIS2_PLACEMENT_3D('',#15455,#11694,#11695);
#9517=AXIS2_PLACEMENT_3D('',#15459,#11697,#11698);
#9518=AXIS2_PLACEMENT_3D('',#15461,#11699,#11700);
#9519=AXIS2_PLACEMENT_3D('',#15462,#11701,#11702);
#9520=AXIS2_PLACEMENT_3D('',#15464,#11703,#11704);
#9521=AXIS2_PLACEMENT_3D('',#15465,#11705,#11706);
#9522=AXIS2_PLACEMENT_3D('',#15467,#11707,#11708);
#9523=AXIS2_PLACEMENT_3D('',#15468,#11709,#11710);
#9524=AXIS2_PLACEMENT_3D('',#15469,#11711,#11712);
#9525=AXIS2_PLACEMENT_3D('',#15472,#11714,#11715);
#9526=AXIS2_PLACEMENT_3D('',#15473,#11716,#11717);
#9527=AXIS2_PLACEMENT_3D('',#15479,#11721,#11722);
#9528=AXIS2_PLACEMENT_3D('',#15490,#11728,#11729);
#9529=AXIS2_PLACEMENT_3D('',#15492,#11731,#11732);
#9530=AXIS2_PLACEMENT_3D('',#15504,#11739,#11740);
#9531=AXIS2_PLACEMENT_3D('',#15506,#11741,#11742);
#9532=AXIS2_PLACEMENT_3D('',#15510,#11744,#11745);
#9533=AXIS2_PLACEMENT_3D('',#15511,#11746,#11747);
#9534=AXIS2_PLACEMENT_3D('',#15512,#11748,#11749);
#9535=AXIS2_PLACEMENT_3D('',#15515,#11750,#11751);
#9536=AXIS2_PLACEMENT_3D('',#15519,#11753,#11754);
#9537=AXIS2_PLACEMENT_3D('',#15528,#11759,#11760);
#9538=AXIS2_PLACEMENT_3D('',#15529,#11761,#11762);
#9539=AXIS2_PLACEMENT_3D('',#15532,#11764,#11765);
#9540=AXIS2_PLACEMENT_3D('',#15533,#11766,#11767);
#9541=AXIS2_PLACEMENT_3D('',#15535,#11768,#11769);
#9542=AXIS2_PLACEMENT_3D('',#15539,#11771,#11772);
#9543=AXIS2_PLACEMENT_3D('',#15540,#11773,#11774);
#9544=AXIS2_PLACEMENT_3D('',#15541,#11775,#11776);
#9545=AXIS2_PLACEMENT_3D('',#15544,#11778,#11779);
#9546=AXIS2_PLACEMENT_3D('',#15545,#11780,#11781);
#9547=AXIS2_PLACEMENT_3D('',#15553,#11785,#11786);
#9548=AXIS2_PLACEMENT_3D('',#15554,#11787,#11788);
#9549=AXIS2_PLACEMENT_3D('',#15558,#11791,#11792);
#9550=AXIS2_PLACEMENT_3D('',#15562,#11794,#11795);
#9551=AXIS2_PLACEMENT_3D('',#15566,#11797,#11798);
#9552=AXIS2_PLACEMENT_3D('',#15579,#11805,#11806);
#9553=AXIS2_PLACEMENT_3D('',#15580,#11807,#11808);
#9554=AXIS2_PLACEMENT_3D('',#15582,#11809,#11810);
#9555=AXIS2_PLACEMENT_3D('',#15585,#11812,#11813);
#9556=AXIS2_PLACEMENT_3D('',#15586,#11814,#11815);
#9557=AXIS2_PLACEMENT_3D('',#15589,#11817,#11818);
#9558=AXIS2_PLACEMENT_3D('',#15590,#11819,#11820);
#9559=AXIS2_PLACEMENT_3D('',#15593,#11822,#11823);
#9560=AXIS2_PLACEMENT_3D('',#15594,#11824,#11825);
#9561=AXIS2_PLACEMENT_3D('',#15596,#11827,#11828);
#9562=AXIS2_PLACEMENT_3D('',#15602,#11832,#11833);
#9563=AXIS2_PLACEMENT_3D('',#15606,#11836,#11837);
#9564=AXIS2_PLACEMENT_3D('',#15609,#11838,#11839);
#9565=AXIS2_PLACEMENT_3D('',#15613,#11841,#11842);
#9566=AXIS2_PLACEMENT_3D('',#15697,#11844,#11845);
#9567=AXIS2_PLACEMENT_3D('',#15701,#11847,#11848);
#9568=AXIS2_PLACEMENT_3D('',#15703,#11850,#11851);
#9569=AXIS2_PLACEMENT_3D('',#15707,#11853,#11854);
#9570=AXIS2_PLACEMENT_3D('',#15715,#11858,#11859);
#9571=AXIS2_PLACEMENT_3D('',#15719,#11861,#11862);
#9572=AXIS2_PLACEMENT_3D('',#15723,#11864,#11865);
#9573=AXIS2_PLACEMENT_3D('',#15734,#11872,#11873);
#9574=AXIS2_PLACEMENT_3D('',#15736,#11874,#11875);
#9575=AXIS2_PLACEMENT_3D('',#15753,#11877,#11878);
#9576=AXIS2_PLACEMENT_3D('',#15765,#11879,#11880);
#9577=AXIS2_PLACEMENT_3D('',#15766,#11881,#11882);
#9578=AXIS2_PLACEMENT_3D('',#15768,#11883,#11884);
#9579=AXIS2_PLACEMENT_3D('',#15770,#11886,#11887);
#9580=AXIS2_PLACEMENT_3D('',#15771,#11888,#11889);
#9581=AXIS2_PLACEMENT_3D('',#15773,#11891,#11892);
#9582=AXIS2_PLACEMENT_3D('',#15775,#11893,#11894);
#9583=AXIS2_PLACEMENT_3D('',#15778,#11896,#11897);
#9584=AXIS2_PLACEMENT_3D('',#15779,#11898,#11899);
#9585=AXIS2_PLACEMENT_3D('',#15797,#11900,#11901);
#9586=AXIS2_PLACEMENT_3D('',#15799,#11902,#11903);
#9587=AXIS2_PLACEMENT_3D('',#15801,#11904,#11905);
#9588=AXIS2_PLACEMENT_3D('',#15802,#11906,#11907);
#9589=AXIS2_PLACEMENT_3D('',#15803,#11908,#11909);
#9590=AXIS2_PLACEMENT_3D('',#15804,#11910,#11911);
#9591=AXIS2_PLACEMENT_3D('',#15806,#11912,#11913);
#9592=AXIS2_PLACEMENT_3D('',#15807,#11914,#11915);
#9593=AXIS2_PLACEMENT_3D('',#15808,#11916,#11917);
#9594=AXIS2_PLACEMENT_3D('',#15810,#11918,#11919);
#9595=AXIS2_PLACEMENT_3D('',#15812,#11921,#11922);
#9596=AXIS2_PLACEMENT_3D('',#15836,#11924,#11925);
#9597=AXIS2_PLACEMENT_3D('',#15838,#11926,#11927);
#9598=AXIS2_PLACEMENT_3D('',#15840,#11928,#11929);
#9599=AXIS2_PLACEMENT_3D('',#15841,#11930,#11931);
#9600=AXIS2_PLACEMENT_3D('',#15842,#11932,#11933);
#9601=AXIS2_PLACEMENT_3D('',#15844,#11934,#11935);
#9602=AXIS2_PLACEMENT_3D('',#15846,#11936,#11937);
#9603=AXIS2_PLACEMENT_3D('',#15847,#11938,#11939);
#9604=AXIS2_PLACEMENT_3D('',#15848,#11940,#11941);
#9605=AXIS2_PLACEMENT_3D('',#15857,#11943,#11944);
#9606=AXIS2_PLACEMENT_3D('',#15860,#11947,#11948);
#9607=AXIS2_PLACEMENT_3D('',#15861,#11949,#11950);
#9608=AXIS2_PLACEMENT_3D('',#15862,#11951,#11952);
#9609=AXIS2_PLACEMENT_3D('',#15864,#11953,#11954);
#9610=AXIS2_PLACEMENT_3D('',#15866,#11955,#11956);
#9611=AXIS2_PLACEMENT_3D('',#15868,#11957,#11958);
#9612=AXIS2_PLACEMENT_3D('',#15869,#11959,#11960);
#9613=AXIS2_PLACEMENT_3D('',#15870,#11961,#11962);
#9614=AXIS2_PLACEMENT_3D('',#15873,#11965,#11966);
#9615=AXIS2_PLACEMENT_3D('',#15875,#11967,#11968);
#9616=AXIS2_PLACEMENT_3D('',#15877,#11969,#11970);
#9617=AXIS2_PLACEMENT_3D('',#15878,#11971,#11972);
#9618=AXIS2_PLACEMENT_3D('',#15890,#11973,#11974);
#9619=AXIS2_PLACEMENT_3D('',#15892,#11975,#11976);
#9620=AXIS2_PLACEMENT_3D('',#15894,#11977,#11978);
#9621=AXIS2_PLACEMENT_3D('',#15895,#11979,#11980);
#9622=AXIS2_PLACEMENT_3D('',#15896,#11981,#11982);
#9623=AXIS2_PLACEMENT_3D('',#15898,#11983,#11984);
#9624=AXIS2_PLACEMENT_3D('',#15900,#11985,#11986);
#9625=AXIS2_PLACEMENT_3D('',#15902,#11987,#11988);
#9626=AXIS2_PLACEMENT_3D('',#15903,#11989,#11990);
#9627=AXIS2_PLACEMENT_3D('',#15904,#11991,#11992);
#9628=AXIS2_PLACEMENT_3D('',#15906,#11994,#11995);
#9629=AXIS2_PLACEMENT_3D('',#15909,#11998,#11999);
#9630=AXIS2_PLACEMENT_3D('',#15911,#12000,#12001);
#9631=AXIS2_PLACEMENT_3D('',#15913,#12002,#12003);
#9632=AXIS2_PLACEMENT_3D('',#15914,#12004,#12005);
#9633=AXIS2_PLACEMENT_3D('',#15915,#12006,#12007);
#9634=AXIS2_PLACEMENT_3D('',#15932,#12009,#12010);
#9635=AXIS2_PLACEMENT_3D('',#15951,#12012,#12013);
#9636=AXIS2_PLACEMENT_3D('',#15953,#12014,#12015);
#9637=AXIS2_PLACEMENT_3D('',#15968,#12016,#12017);
#9638=AXIS2_PLACEMENT_3D('',#15970,#12018,#12019);
#9639=AXIS2_PLACEMENT_3D('',#15972,#12020,#12021);
#9640=AXIS2_PLACEMENT_3D('',#15973,#12022,#12023);
#9641=AXIS2_PLACEMENT_3D('',#15974,#12024,#12025);
#9642=AXIS2_PLACEMENT_3D('',#15977,#12028,#12029);
#9643=AXIS2_PLACEMENT_3D('',#15978,#12030,#12031);
#9644=AXIS2_PLACEMENT_3D('',#15979,#12032,#12033);
#9645=AXIS2_PLACEMENT_3D('',#15981,#12035,#12036);
#9646=AXIS2_PLACEMENT_3D('',#15984,#12039,#12040);
#9647=AXIS2_PLACEMENT_3D('',#15993,#12042,#12043);
#9648=AXIS2_PLACEMENT_3D('',#16008,#12046,#12047);
#9649=AXIS2_PLACEMENT_3D('',#16022,#12050,#12051);
#9650=AXIS2_PLACEMENT_3D('',#16023,#12052,#12053);
#9651=AXIS2_PLACEMENT_3D('',#16025,#12055,#12056);
#9652=AXIS2_PLACEMENT_3D('',#16042,#12058,#12059);
#9653=AXIS2_PLACEMENT_3D('',#16044,#12061,#12062);
#9654=AXIS2_PLACEMENT_3D('',#16047,#12065,#12066);
#9655=AXIS2_PLACEMENT_3D('',#16048,#12067,#12068);
#9656=AXIS2_PLACEMENT_3D('',#16049,#12069,#12070);
#9657=AXIS2_PLACEMENT_3D('',#16052,#12073,#12074);
#9658=AXIS2_PLACEMENT_3D('',#16066,#12077,#12078);
#9659=AXIS2_PLACEMENT_3D('',#16067,#12079,#12080);
#9660=AXIS2_PLACEMENT_3D('',#16073,#12083,#12084);
#9661=AXIS2_PLACEMENT_3D('',#16082,#12085,#12086);
#9662=AXIS2_PLACEMENT_3D('',#16085,#12089,#12090);
#9663=AXIS2_PLACEMENT_3D('',#16086,#12091,#12092);
#9664=AXIS2_PLACEMENT_3D('',#16090,#12095,#12096);
#9665=AXIS2_PLACEMENT_3D('',#16092,#12097,#12098);
#9666=AXIS2_PLACEMENT_3D('',#16108,#12101,#12102);
#9667=AXIS2_PLACEMENT_3D('',#16111,#12104,#12105);
#9668=AXIS2_PLACEMENT_3D('',#16112,#12106,#12107);
#9669=AXIS2_PLACEMENT_3D('',#16114,#12109,#12110);
#9670=AXIS2_PLACEMENT_3D('',#16116,#12112,#12113);
#9671=AXIS2_PLACEMENT_3D('',#16117,#12114,#12115);
#9672=AXIS2_PLACEMENT_3D('',#16119,#12117,#12118);
#9673=AXIS2_PLACEMENT_3D('',#16122,#12120,#12121);
#9674=AXIS2_PLACEMENT_3D('',#16123,#12122,#12123);
#9675=AXIS2_PLACEMENT_3D('',#16127,#12126,#12127);
#9676=AXIS2_PLACEMENT_3D('',#16128,#12128,#12129);
#9677=AXIS2_PLACEMENT_3D('',#16129,#12130,#12131);
#9678=AXIS2_PLACEMENT_3D('',#16130,#12132,#12133);
#9679=AXIS2_PLACEMENT_3D('',#16131,#12134,#12135);
#9680=AXIS2_PLACEMENT_3D('',#16133,#12136,#12137);
#9681=AXIS2_PLACEMENT_3D('',#16135,#12139,#12140);
#9682=AXIS2_PLACEMENT_3D('',#16137,#12142,#12143);
#9683=AXIS2_PLACEMENT_3D('',#16138,#12144,#12145);
#9684=AXIS2_PLACEMENT_3D('',#16139,#12146,#12147);
#9685=AXIS2_PLACEMENT_3D('',#16142,#12150,#12151);
#9686=AXIS2_PLACEMENT_3D('',#16144,#12153,#12154);
#9687=AXIS2_PLACEMENT_3D('',#16145,#12155,#12156);
#9688=AXIS2_PLACEMENT_3D('',#16147,#12158,#12159);
#9689=AXIS2_PLACEMENT_3D('',#16149,#12161,#12162);
#9690=AXIS2_PLACEMENT_3D('',#16150,#12163,#12164);
#9691=AXIS2_PLACEMENT_3D('',#16152,#12165,#12166);
#9692=AXIS2_PLACEMENT_3D('',#16154,#12168,#12169);
#9693=AXIS2_PLACEMENT_3D('',#16178,#12171,#12172);
#9694=AXIS2_PLACEMENT_3D('',#16193,#12173,#12174);
#9695=AXIS2_PLACEMENT_3D('',#16260,#12175,#12176);
#9696=AXIS2_PLACEMENT_3D('',#16279,#12178,#12179);
#9697=AXIS2_PLACEMENT_3D('',#16287,#12180,#12181);
#9698=AXIS2_PLACEMENT_3D('',#16302,#12184,#12185);
#9699=AXIS2_PLACEMENT_3D('',#16342,#12188,#12189);
#9700=AXIS2_PLACEMENT_3D('',#16365,#12190,#12191);
#9701=AXIS2_PLACEMENT_3D('',#16388,#12193,#12194);
#9702=AXIS2_PLACEMENT_3D('',#16389,#12195,#12196);
#9703=AXIS2_PLACEMENT_3D('',#16397,#12197,#12198);
#9704=AXIS2_PLACEMENT_3D('',#16403,#12202,#12203);
#9705=AXIS2_PLACEMENT_3D('',#16407,#12206,#12207);
#9706=AXIS2_PLACEMENT_3D('',#16411,#12210,#12211);
#9707=AXIS2_PLACEMENT_3D('',#16414,#12214,#12215);
#9708=AXIS2_PLACEMENT_3D('',#16416,#12216,#12217);
#9709=AXIS2_PLACEMENT_3D('',#16419,#12219,#12220);
#9710=AXIS2_PLACEMENT_3D('',#16420,#12221,#12222);
#9711=AXIS2_PLACEMENT_3D('',#16422,#12223,#12224);
#9712=AXIS2_PLACEMENT_3D('',#16423,#12225,#12226);
#9713=AXIS2_PLACEMENT_3D('',#16424,#12227,#12228);
#9714=AXIS2_PLACEMENT_3D('',#16426,#12229,#12230);
#9715=AXIS2_PLACEMENT_3D('',#16428,#12232,#12233);
#9716=AXIS2_PLACEMENT_3D('',#16434,#12237,#12238);
#9717=AXIS2_PLACEMENT_3D('',#16446,#12240,#12241);
#9718=AXIS2_PLACEMENT_3D('',#16447,#12242,#12243);
#9719=AXIS2_PLACEMENT_3D('',#16452,#12246,#12247);
#9720=AXIS2_PLACEMENT_3D('',#16454,#12249,#12250);
#9721=AXIS2_PLACEMENT_3D('',#16456,#12252,#12253);
#9722=AXIS2_PLACEMENT_3D('',#16457,#12254,#12255);
#9723=AXIS2_PLACEMENT_3D('',#16503,#12256,#12257);
#9724=AXIS2_PLACEMENT_3D('',#16504,#12258,#12259);
#9725=AXIS2_PLACEMENT_3D('',#16505,#12260,#12261);
#9726=AXIS2_PLACEMENT_3D('',#16509,#12264,#12265);
#9727=AXIS2_PLACEMENT_3D('',#16511,#12267,#12268);
#9728=AXIS2_PLACEMENT_3D('',#16515,#12271,#12272);
#9729=AXIS2_PLACEMENT_3D('',#16519,#12275,#12276);
#9730=AXIS2_PLACEMENT_3D('',#16521,#12278,#12279);
#9731=AXIS2_PLACEMENT_3D('',#16522,#12280,#12281);
#9732=AXIS2_PLACEMENT_3D('',#16524,#12283,#12284);
#9733=AXIS2_PLACEMENT_3D('',#16527,#12287,#12288);
#9734=AXIS2_PLACEMENT_3D('',#16529,#12290,#12291);
#9735=AXIS2_PLACEMENT_3D('',#16530,#12292,#12293);
#9736=AXIS2_PLACEMENT_3D('',#16531,#12294,#12295);
#9737=AXIS2_PLACEMENT_3D('',#16532,#12296,#12297);
#9738=AXIS2_PLACEMENT_3D('',#16533,#12298,#12299);
#9739=AXIS2_PLACEMENT_3D('',#16534,#12300,#12301);
#9740=AXIS2_PLACEMENT_3D('',#16535,#12302,#12303);
#9741=AXIS2_PLACEMENT_3D('',#16537,#12305,#12306);
#9742=AXIS2_PLACEMENT_3D('',#16538,#12307,#12308);
#9743=AXIS2_PLACEMENT_3D('',#16544,#12312,#12313);
#9744=AXIS2_PLACEMENT_3D('',#16547,#12316,#12317);
#9745=AXIS2_PLACEMENT_3D('',#16552,#12320,#12321);
#9746=AXIS2_PLACEMENT_3D('',#16553,#12322,#12323);
#9747=AXIS2_PLACEMENT_3D('',#16555,#12325,#12326);
#9748=AXIS2_PLACEMENT_3D('',#16557,#12328,#12329);
#9749=AXIS2_PLACEMENT_3D('',#16558,#12330,#12331);
#9750=AXIS2_PLACEMENT_3D('',#16560,#12333,#12334);
#9751=AXIS2_PLACEMENT_3D('',#16562,#12336,#12337);
#9752=AXIS2_PLACEMENT_3D('',#16563,#12338,#12339);
#9753=AXIS2_PLACEMENT_3D('',#16564,#12340,#12341);
#9754=AXIS2_PLACEMENT_3D('',#16566,#12343,#12344);
#9755=AXIS2_PLACEMENT_3D('',#16569,#12346,#12347);
#9756=AXIS2_PLACEMENT_3D('',#16570,#12348,#12349);
#9757=AXIS2_PLACEMENT_3D('',#16572,#12351,#12352);
#9758=AXIS2_PLACEMENT_3D('',#16574,#12353,#12354);
#9759=AXIS2_PLACEMENT_3D('',#16576,#12355,#12356);
#9760=AXIS2_PLACEMENT_3D('',#16578,#12357,#12358);
#9761=AXIS2_PLACEMENT_3D('',#16582,#12360,#12361);
#9762=AXIS2_PLACEMENT_3D('',#16584,#12362,#12363);
#9763=AXIS2_PLACEMENT_3D('',#16585,#12364,#12365);
#9764=AXIS2_PLACEMENT_3D('',#16586,#12366,#12367);
#9765=AXIS2_PLACEMENT_3D('',#16588,#12368,#12369);
#9766=AXIS2_PLACEMENT_3D('',#16589,#12370,#12371);
#9767=AXIS2_PLACEMENT_3D('',#16590,#12372,#12373);
#9768=AXIS2_PLACEMENT_3D('',#16592,#12374,#12375);
#9769=AXIS2_PLACEMENT_3D('',#16593,#12376,#12377);
#9770=AXIS2_PLACEMENT_3D('',#16594,#12378,#12379);
#9771=AXIS2_PLACEMENT_3D('',#16596,#12380,#12381);
#9772=AXIS2_PLACEMENT_3D('',#16597,#12382,#12383);
#9773=AXIS2_PLACEMENT_3D('',#16598,#12384,#12385);
#9774=AXIS2_PLACEMENT_3D('',#16600,#12386,#12387);
#9775=AXIS2_PLACEMENT_3D('',#16602,#12389,#12390);
#9776=AXIS2_PLACEMENT_3D('',#16604,#12391,#12392);
#9777=AXIS2_PLACEMENT_3D('',#16605,#12393,#12394);
#9778=AXIS2_PLACEMENT_3D('',#16606,#12395,#12396);
#9779=AXIS2_PLACEMENT_3D('',#16607,#12397,#12398);
#9780=AXIS2_PLACEMENT_3D('',#16608,#12399,#12400);
#9781=AXIS2_PLACEMENT_3D('',#16610,#12402,#12403);
#9782=AXIS2_PLACEMENT_3D('',#16612,#12405,#12406);
#9783=AXIS2_PLACEMENT_3D('',#16615,#12409,#12410);
#9784=AXIS2_PLACEMENT_3D('',#16617,#12412,#12413);
#9785=AXIS2_PLACEMENT_3D('',#16619,#12415,#12416);
#9786=AXIS2_PLACEMENT_3D('',#16620,#12417,#12418);
#9787=AXIS2_PLACEMENT_3D('',#16621,#12419,#12420);
#9788=AXIS2_PLACEMENT_3D('',#16627,#12424,#12425);
#9789=AXIS2_PLACEMENT_3D('',#16631,#12428,#12429);
#9790=AXIS2_PLACEMENT_3D('',#16635,#12432,#12433);
#9791=AXIS2_PLACEMENT_3D('',#16637,#12435,#12436);
#9792=AXIS2_PLACEMENT_3D('',#16639,#12437,#12438);
#9793=AXIS2_PLACEMENT_3D('',#16640,#12439,#12440);
#9794=AXIS2_PLACEMENT_3D('',#16642,#12442,#12443);
#9795=AXIS2_PLACEMENT_3D('',#16646,#12446,#12447);
#9796=AXIS2_PLACEMENT_3D('',#16650,#12450,#12451);
#9797=AXIS2_PLACEMENT_3D('',#16653,#12453,#12454);
#9798=AXIS2_PLACEMENT_3D('',#16655,#12455,#12456);
#9799=AXIS2_PLACEMENT_3D('',#16656,#12457,#12458);
#9800=AXIS2_PLACEMENT_3D('',#16658,#12460,#12461);
#9801=AXIS2_PLACEMENT_3D('',#16659,#12462,#12463);
#9802=AXIS2_PLACEMENT_3D('',#16661,#12464,#12465);
#9803=AXIS2_PLACEMENT_3D('',#16663,#12467,#12468);
#9804=AXIS2_PLACEMENT_3D('',#16665,#12470,#12471);
#9805=AXIS2_PLACEMENT_3D('',#16667,#12473,#12474);
#9806=AXIS2_PLACEMENT_3D('',#16668,#12475,#12476);
#9807=AXIS2_PLACEMENT_3D('',#16672,#12479,#12480);
#9808=AXIS2_PLACEMENT_3D('',#16676,#12483,#12484);
#9809=AXIS2_PLACEMENT_3D('',#16680,#12487,#12488);
#9810=AXIS2_PLACEMENT_3D('',#16684,#12491,#12492);
#9811=AXIS2_PLACEMENT_3D('',#16686,#12494,#12495);
#9812=DIRECTION('axis',(0.,0.,1.));
#9813=DIRECTION('refdir',(1.,0.,0.));
#9814=DIRECTION('center_axis',(0.,0.,1.));
#9815=DIRECTION('ref_axis',(-1.,0.,0.));
#9816=DIRECTION('center_axis',(-4.07368655030422E-15,-0.398167654454941,
0.917312661498712));
#9817=DIRECTION('ref_axis',(0.,0.917312661498712,0.398167654454941));
#9818=DIRECTION('center_axis',(0.,-1.77635683940026E-14,-1.));
#9819=DIRECTION('ref_axis',(1.,0.,0.));
#9820=DIRECTION('center_axis',(-1.,0.,0.));
#9821=DIRECTION('ref_axis',(0.,1.,0.));
#9822=DIRECTION('center_axis',(-1.,0.,0.));
#9823=DIRECTION('ref_axis',(0.,0.979109968670197,0.20333142711014));
#9824=DIRECTION('center_axis',(1.,0.,0.));
#9825=DIRECTION('ref_axis',(0.,0.979109968670197,0.20333142711014));
#9826=DIRECTION('',(-1.,0.,0.));
#9827=DIRECTION('',(1.,0.,0.));
#9828=DIRECTION('center_axis',(0.,0.,-1.));
#9829=DIRECTION('ref_axis',(1.,0.,0.));
#9830=DIRECTION('center_axis',(-0.707106781186554,0.707106781186541,0.));
#9831=DIRECTION('ref_axis',(0.707106781186541,0.707106781186554,0.));
#9832=DIRECTION('center_axis',(0.,0.,-1.));
#9833=DIRECTION('ref_axis',(-0.38268343236509,-0.923879532511287,0.));
#9834=DIRECTION('center_axis',(-1.,0.,0.));
#9835=DIRECTION('ref_axis',(0.,1.,0.));
#9836=DIRECTION('center_axis',(0.,0.,1.));
#9837=DIRECTION('ref_axis',(-0.38268343236509,-0.923879532511287,0.));
#9838=DIRECTION('center_axis',(0.707106781186547,-0.707106781186548,0.));
#9839=DIRECTION('ref_axis',(0.500000000000001,0.499999999999999,-0.707106781186548));
#9840=DIRECTION('center_axis',(-0.707106781186543,0.707106781186552,0.));
#9841=DIRECTION('ref_axis',(0.707106781186552,0.707106781186543,0.));
#9842=DIRECTION('',(-0.707106781186547,0.707106781186548,0.));
#9843=DIRECTION('',(0.707106781186547,-0.707106781186548,0.));
#9844=DIRECTION('center_axis',(0.,0.,1.));
#9845=DIRECTION('ref_axis',(-1.,0.,0.));
#9846=DIRECTION('center_axis',(-0.969627616777153,0.244585945595937,0.));
#9847=DIRECTION('ref_axis',(0.244585945595937,0.969627616777153,0.));
#9848=DIRECTION('center_axis',(0.,0.,1.));
#9849=DIRECTION('ref_axis',(0.493618333160824,0.869678642469464,0.));
#9850=DIRECTION('center_axis',(0.,0.,-1.));
#9851=DIRECTION('ref_axis',(0.493618333160824,0.869678642469464,0.));
#9852=DIRECTION('center_axis',(0.,0.,1.));
#9853=DIRECTION('ref_axis',(-1.,0.,0.));
#9854=DIRECTION('center_axis',(-0.707106781186545,0.70710678118655,0.));
#9855=DIRECTION('ref_axis',(0.70710678118655,0.707106781186545,0.));
#9856=DIRECTION('center_axis',(0.,0.,-1.));
#9857=DIRECTION('ref_axis',(-0.493618333160827,-0.869678642469462,0.));
#9858=DIRECTION('center_axis',(0.,0.,1.));
#9859=DIRECTION('ref_axis',(-0.493618333160827,-0.869678642469463,0.));
#9860=DIRECTION('center_axis',(-0.707106781186548,0.707106781186548,0.));
#9861=DIRECTION('ref_axis',(0.5,0.5,-0.707106781186547));
#9862=DIRECTION('center_axis',(-0.707106781186552,0.707106781186543,0.));
#9863=DIRECTION('ref_axis',(0.707106781186543,0.707106781186552,0.));
#9864=DIRECTION('',(-0.707106781186548,0.707106781186548,0.));
#9865=DIRECTION('',(0.707106781186547,-0.707106781186547,0.));
#9866=DIRECTION('center_axis',(0.,0.,-1.));
#9867=DIRECTION('ref_axis',(1.,0.,0.));
#9868=DIRECTION('center_axis',(-0.397912304398082,0.917423456212347,0.));
#9869=DIRECTION('ref_axis',(0.917423456212347,0.397912304398082,0.));
#9870=DIRECTION('center_axis',(0.,0.,-1.));
#9871=DIRECTION('ref_axis',(-0.805615782883282,-0.592438359974569,0.));
#9872=DIRECTION('center_axis',(0.,0.,1.));
#9873=DIRECTION('ref_axis',(-0.805615782883282,-0.592438359974569,0.));
#9874=DIRECTION('center_axis',(2.18364096214698E-11,0.950903560572057,-0.309487347869641));
#9875=DIRECTION('ref_axis',(1.,-2.29638530413464E-11,0.));
#9876=DIRECTION('center_axis',(1.,0.,0.));
#9877=DIRECTION('ref_axis',(0.,0.,1.));
#9878=DIRECTION('center_axis',(0.,0.707106781186545,-0.70710678118655));
#9879=DIRECTION('ref_axis',(1.,0.,0.));
#9880=DIRECTION('center_axis',(-1.,0.,0.));
#9881=DIRECTION('ref_axis',(0.,0.540061305588372,0.841625680576694));
#9882=DIRECTION('center_axis',(1.,0.,0.));
#9883=DIRECTION('ref_axis',(0.,0.540061305588372,0.841625680576694));
#9884=DIRECTION('center_axis',(0.,0.707106781186547,-0.707106781186548));
#9885=DIRECTION('ref_axis',(0.707106781186541,-0.500000000000005,-0.500000000000005));
#9886=DIRECTION('center_axis',(0.,0.70710678118655,-0.707106781186545));
#9887=DIRECTION('ref_axis',(1.,0.,0.));
#9888=DIRECTION('',(0.,0.707106781186547,-0.707106781186548));
#9889=DIRECTION('',(0.,-0.707106781186547,0.707106781186548));
#9890=DIRECTION('center_axis',(-1.,0.,0.));
#9891=DIRECTION('ref_axis',(0.,0.,-1.));
#9892=DIRECTION('center_axis',(0.,1.,0.));
#9893=DIRECTION('ref_axis',(1.,0.,0.));
#9894=DIRECTION('center_axis',(1.,0.,0.));
#9895=DIRECTION('ref_axis',(0.,-0.38268343236509,-0.923879532511287));
#9896=DIRECTION('center_axis',(-1.,0.,0.));
#9897=DIRECTION('ref_axis',(0.,-0.38268343236509,-0.923879532511287));
#9898=DIRECTION('center_axis',(0.,1.,0.));
#9899=DIRECTION('ref_axis',(0.70710678118654,0.,-0.707106781186555));
#9900=DIRECTION('',(0.,-1.,0.));
#9901=DIRECTION('center_axis',(0.,0.707106781186549,0.707106781186546));
#9902=DIRECTION('ref_axis',(0.,0.707106781186546,-0.707106781186549));
#9903=DIRECTION('',(0.,1.,0.));
#9904=DIRECTION('center_axis',(0.,0.,1.));
#9905=DIRECTION('ref_axis',(0.707106781186535,0.70710678118656,0.));
#9906=DIRECTION('',(0.,0.,1.));
#9907=DIRECTION('',(0.,0.,-1.));
#9908=DIRECTION('center_axis',(1.,0.,0.));
#9909=DIRECTION('ref_axis',(0.,0.,1.));
#9910=DIRECTION('center_axis',(0.,-0.956872711430908,0.290507511295082));
#9911=DIRECTION('ref_axis',(1.,0.,0.));
#9912=DIRECTION('center_axis',(1.,0.,0.));
#9913=DIRECTION('ref_axis',(0.,0.664938081805383,0.746898485314422));
#9914=DIRECTION('center_axis',(-1.,0.,0.));
#9915=DIRECTION('ref_axis',(0.,0.664938081805383,0.746898485314422));
#9916=DIRECTION('center_axis',(0.697732005588099,-0.697732005588085,0.162296323914122));
#9917=DIRECTION('ref_axis',(0.707106781186541,0.707106781186554,0.));
#9918=DIRECTION('center_axis',(0.707106781186545,-0.70710678118655,3.14018491736749E-15));
#9919=DIRECTION('ref_axis',(0.70710678118655,0.707106781186545,0.));
#9920=DIRECTION('center_axis',(0.707106781186548,0.707106781186548,-3.15291735437424E-16));
#9921=DIRECTION('ref_axis',(-0.707106781186547,0.707106781186547,0.));
#9922=DIRECTION('center_axis',(-0.711630677266195,-0.70255375536229,3.20420432279716E-16));
#9923=DIRECTION('ref_axis',(-0.70255375536229,0.711630677266195,0.));
#9924=DIRECTION('center_axis',(0.707106781186548,-0.707106781186548,0.));
#9925=DIRECTION('ref_axis',(0.500000000000002,0.499999999999996,0.707106781186549));
#9926=DIRECTION('center_axis',(0.707106781186541,-0.707106781186554,0.));
#9927=DIRECTION('ref_axis',(0.707106781186554,0.707106781186541,0.));
#9928=DIRECTION('',(0.707106781186548,-0.707106781186548,0.));
#9929=DIRECTION('',(-0.707106781186548,0.707106781186548,0.));
#9930=DIRECTION('center_axis',(0.,0.,-1.));
#9931=DIRECTION('ref_axis',(1.,0.,0.));
#9932=DIRECTION('center_axis',(0.930098147218747,-0.367311089596072,5.09746536087138E-17));
#9933=DIRECTION('ref_axis',(0.367311089596072,0.930098147218747,0.));
#9934=DIRECTION('center_axis',(0.,0.,1.));
#9935=DIRECTION('ref_axis',(-0.576248903220143,-0.817274251116222,0.));
#9936=DIRECTION('center_axis',(0.,0.,-1.));
#9937=DIRECTION('ref_axis',(-0.576248903220143,-0.817274251116222,0.));
#9938=DIRECTION('center_axis',(0.956053035406229,-0.241161794132879,-0.166744062986201));
#9939=DIRECTION('ref_axis',(0.244585945594036,0.969627616777632,0.));
#9940=DIRECTION('center_axis',(0.611611038514427,-0.611611038492818,-0.501860414020712));
#9941=DIRECTION('ref_axis',(0.707106781174056,0.707106781199039,0.));
#9942=DIRECTION('center_axis',(0.57735026918962,-0.577350269189619,-0.577350269189639));
#9943=DIRECTION('ref_axis',(0.707106781186547,0.707106781186548,0.));
#9944=DIRECTION('center_axis',(0.707106781186548,0.707106781186547,0.));
#9945=DIRECTION('ref_axis',(0.707106781186547,-0.707106781186548,-7.85046229341887E-17));
#9946=DIRECTION('center_axis',(-0.640184399664481,-0.768221279597375,0.));
#9947=DIRECTION('ref_axis',(0.768221279597375,-0.640184399664481,0.));
#9948=DIRECTION('center_axis',(-0.577350269189626,0.577350269189626,0.577350269189626));
#9949=DIRECTION('ref_axis',(0.816496580927726,0.408248290463863,0.408248290463863));
#9950=DIRECTION('center_axis',(0.577350269189625,-0.577350269189628,-0.577350269189625));
#9951=DIRECTION('ref_axis',(0.70710678118655,0.707106781186545,0.));
#9952=DIRECTION('',(0.577350269189626,-0.577350269189626,-0.577350269189626));
#9953=DIRECTION('',(-0.577350269189626,0.577350269189626,0.577350269189626));
#9954=DIRECTION('center_axis',(0.689386989937916,-0.689386989937916,-0.22246607878209));
#9955=DIRECTION('ref_axis',(0.707106781186548,0.707106781186548,0.));
#9956=DIRECTION('center_axis',(-0.707106781186548,-0.707106781186547,0.));
#9957=DIRECTION('ref_axis',(-0.707106781186547,0.707106781186548,-1.12149461334555E-16));
#9958=DIRECTION('center_axis',(0.759256602365297,0.650791373455968,0.));
#9959=DIRECTION('ref_axis',(-0.650791373455968,0.759256602365297,0.));
#9960=DIRECTION('center_axis',(0.916515138917358,-0.40000000016912,-6.20029584129056E-10));
#9961=DIRECTION('ref_axis',(0.40000000016912,0.916515138917358,0.));
#9962=DIRECTION('center_axis',(0.,0.,-1.));
#9963=DIRECTION('ref_axis',(1.,0.,0.));
#9964=DIRECTION('center_axis',(1.,0.,0.));
#9965=DIRECTION('ref_axis',(0.,1.,0.));
#9966=DIRECTION('center_axis',(0.,0.,1.));
#9967=DIRECTION('ref_axis',(-0.240381699149387,-0.970678442489609,0.));
#9968=DIRECTION('center_axis',(0.,0.,-1.));
#9969=DIRECTION('ref_axis',(-0.240381699149387,-0.970678442489609,0.));
#9970=DIRECTION('center_axis',(-1.,0.,0.));
#9971=DIRECTION('ref_axis',(0.,0.,1.));
#9972=DIRECTION('',(0.,-4.45889848359754E-16,-1.));
#9973=DIRECTION('center_axis',(0.,4.45889848359754E-16,1.));
#9974=DIRECTION('ref_axis',(-0.923879532511287,-0.38268343236509,0.));
#9975=DIRECTION('',(-3.4863055968421E-32,4.45889848359754E-16,1.));
#9976=DIRECTION('center_axis',(-0.707106781186548,-0.707106781186548,3.15291735437424E-16));
#9977=DIRECTION('ref_axis',(4.45889848359754E-16,0.,1.));
#9978=DIRECTION('',(2.22944924179877E-16,-6.68834772539631E-16,-1.));
#9979=DIRECTION('center_axis',(2.22944924179877E-16,-6.68834772539631E-16,
-1.));
#9980=DIRECTION('ref_axis',(-0.0143160421556517,-0.999897520217446,0.));
#9981=DIRECTION('',(2.22944924179877E-16,-6.68834772539631E-16,-1.));
#9982=DIRECTION('center_axis',(2.22944924179877E-16,-6.68834772539631E-16,
-1.));
#9983=DIRECTION('ref_axis',(0.493618333160824,0.869678642469464,0.));
#9984=DIRECTION('',(-4.45889848359754E-16,4.45889848359754E-16,1.));
#9985=DIRECTION('center_axis',(0.707106781186548,0.707106781186547,0.));
#9986=DIRECTION('ref_axis',(-0.707106781186547,0.707106781186548,0.));
#9987=DIRECTION('',(0.,0.,-1.));
#9988=DIRECTION('center_axis',(0.,0.,-1.));
#9989=DIRECTION('ref_axis',(-0.382683432365089,-0.923879532511287,0.));
#9990=DIRECTION('',(0.,0.,1.));
#9991=DIRECTION('center_axis',(0.,1.,0.));
#9992=DIRECTION('ref_axis',(-0.707106781186552,0.,-0.707106781186543));
#9993=DIRECTION('center_axis',(0.,-1.,0.));
#9994=DIRECTION('ref_axis',(-1.,0.,0.));
#9995=DIRECTION('',(0.,-1.,0.));
#9996=DIRECTION('',(0.,1.,0.));
#9997=DIRECTION('center_axis',(1.,0.,0.));
#9998=DIRECTION('ref_axis',(0.,0.,1.));
#9999=DIRECTION('center_axis',(0.,-0.707106781186544,0.707106781186551));
#10000=DIRECTION('ref_axis',(-1.,0.,0.));
#10001=DIRECTION('center_axis',(-1.,0.,0.));
#10002=DIRECTION('ref_axis',(0.,-0.38268343236509,-0.923879532511287));
#10003=DIRECTION('center_axis',(1.,0.,0.));
#10004=DIRECTION('ref_axis',(0.,-0.38268343236509,-0.923879532511287));
#10005=DIRECTION('center_axis',(0.,0.707106781186547,-0.707106781186548));
#10006=DIRECTION('ref_axis',(-0.707106781186553,-0.499999999999996,-0.499999999999996));
#10007=DIRECTION('center_axis',(0.,-0.707106781186548,0.707106781186548));
#10008=DIRECTION('ref_axis',(-1.,0.,0.));
#10009=DIRECTION('',(0.,-0.707106781186547,0.707106781186548));
#10010=DIRECTION('',(0.,0.707106781186547,-0.707106781186548));
#10011=DIRECTION('center_axis',(-1.,0.,0.));
#10012=DIRECTION('ref_axis',(0.,0.,-1.));
#10013=DIRECTION('center_axis',(0.,-1.,0.));
#10014=DIRECTION('ref_axis',(-1.,0.,0.));
#10015=DIRECTION('center_axis',(1.,0.,0.));
#10016=DIRECTION('ref_axis',(0.,0.38268343236509,0.923879532511287));
#10017=DIRECTION('center_axis',(-1.,0.,0.));
#10018=DIRECTION('ref_axis',(0.,0.38268343236509,0.923879532511287));
#10019=DIRECTION('center_axis',(0.,1.,0.));
#10020=DIRECTION('ref_axis',(-0.707106781186554,0.,-0.707106781186541));
#10021=DIRECTION('center_axis',(0.,0.707106781186548,-0.707106781186548));
#10022=DIRECTION('ref_axis',(4.9065389333868E-17,-0.707106781186547,-0.707106781186547));
#10023=DIRECTION('',(0.,-1.,0.));
#10024=DIRECTION('',(0.,1.,0.));
#10025=DIRECTION('center_axis',(-1.,0.,0.));
#10026=DIRECTION('ref_axis',(0.,0.,1.));
#10027=DIRECTION('',(0.,-0.707106781186548,-0.707106781186548));
#10028=DIRECTION('',(0.,0.,-1.));
#10029=DIRECTION('center_axis',(1.,0.,0.));
#10030=DIRECTION('ref_axis',(0.,-1.,0.));
#10031=DIRECTION('',(0.,-1.,0.));
#10032=DIRECTION('center_axis',(1.,0.,0.));
#10033=DIRECTION('ref_axis',(0.,-1.,0.));
#10034=DIRECTION('center_axis',(1.,0.,0.));
#10035=DIRECTION('ref_axis',(0.,-1.,0.));
#10036=DIRECTION('center_axis',(0.,0.,-1.));
#10037=DIRECTION('ref_axis',(0.707106781186548,-0.707106781186547,0.));
#10038=DIRECTION('center_axis',(0.,0.,-1.));
#10039=DIRECTION('ref_axis',(1.,0.,0.));
#10040=DIRECTION('',(0.,0.,-1.));
#10041=DIRECTION('center_axis',(0.,0.,1.));
#10042=DIRECTION('ref_axis',(0.,-1.,0.));
#10043=DIRECTION('',(0.,0.,1.));
#10044=DIRECTION('center_axis',(0.,-1.,0.));
#10045=DIRECTION('ref_axis',(0.,0.,-1.));
#10046=DIRECTION('center_axis',(1.,0.,0.));
#10047=DIRECTION('ref_axis',(0.,-1.,0.));
#10048=DIRECTION('center_axis',(0.,1.,0.));
#10049=DIRECTION('ref_axis',(-0.707106781186546,0.,0.707106781186549));
#10050=DIRECTION('center_axis',(0.,-1.,0.));
#10051=DIRECTION('ref_axis',(-0.707106781186546,0.,0.707106781186549));
#10052=DIRECTION('center_axis',(1.,0.,2.24287479722254E-16));
#10053=DIRECTION('ref_axis',(0.,-0.707106781186554,-0.707106781186541));
#10054=DIRECTION('center_axis',(1.,0.,0.));
#10055=DIRECTION('ref_axis',(0.,-1.,0.));
#10056=DIRECTION('',(1.,0.,2.24287479722254E-16));
#10057=DIRECTION('',(-1.,0.,-2.24287479722254E-16));
#10058=DIRECTION('center_axis',(0.,-1.,0.));
#10059=DIRECTION('ref_axis',(0.,0.,-1.));
#10060=DIRECTION('center_axis',(0.707106781186548,0.,-0.707106781186548));
#10061=DIRECTION('ref_axis',(0.,-1.,0.));
#10062=DIRECTION('center_axis',(0.,1.,0.));
#10063=DIRECTION('ref_axis',(0.38268343236509,0.,0.923879532511287));
#10064=DIRECTION('center_axis',(0.,-1.,0.));
#10065=DIRECTION('ref_axis',(0.38268343236509,0.,0.923879532511287));
#10066=DIRECTION('center_axis',(0.707106781186547,0.,-0.707106781186548));
#10067=DIRECTION('ref_axis',(-0.5,-0.707106781186547,-0.5));
#10068=DIRECTION('center_axis',(0.707106781186543,0.,-0.707106781186552));
#10069=DIRECTION('ref_axis',(0.,-1.,0.));
#10070=DIRECTION('',(0.707106781186547,0.,-0.707106781186548));
#10071=DIRECTION('',(-0.707106781186547,0.,0.707106781186548));
#10072=DIRECTION('center_axis',(0.,-1.,0.));
#10073=DIRECTION('ref_axis',(0.,0.,-1.));
#10074=DIRECTION('center_axis',(0.,0.,-1.));
#10075=DIRECTION('ref_axis',(0.,-1.,0.));
#10076=DIRECTION('center_axis',(0.,1.,0.));
#10077=DIRECTION('ref_axis',(0.923879532511287,0.,0.38268343236509));
#10078=DIRECTION('center_axis',(0.,-1.,0.));
#10079=DIRECTION('ref_axis',(0.923879532511287,0.,0.38268343236509));
#10080=DIRECTION('center_axis',(6.93889390390722E-16,0.,-1.));
#10081=DIRECTION('ref_axis',(-0.707106781186548,-0.707106781186548,0.));
#10082=DIRECTION('center_axis',(0.,0.,-1.));
#10083=DIRECTION('ref_axis',(0.,-1.,0.));
#10084=DIRECTION('',(6.93889390390722E-16,0.,-1.));
#10085=DIRECTION('',(-6.93889390390722E-16,0.,1.));
#10086=DIRECTION('center_axis',(0.,-1.,0.));
#10087=DIRECTION('ref_axis',(0.,0.,-1.));
#10088=DIRECTION('center_axis',(-1.,0.,0.));
#10089=DIRECTION('ref_axis',(0.,-1.,0.));
#10090=DIRECTION('center_axis',(0.,1.,0.));
#10091=DIRECTION('ref_axis',(0.707106781186547,0.,-0.707106781186548));
#10092=DIRECTION('center_axis',(0.,-1.,0.));
#10093=DIRECTION('ref_axis',(0.707106781186547,0.,-0.707106781186548));
#10094=DIRECTION('center_axis',(-1.,0.,0.));
#10095=DIRECTION('ref_axis',(0.,-0.707106781186548,0.707106781186548));
#10096=DIRECTION('center_axis',(-1.,0.,0.));
#10097=DIRECTION('ref_axis',(0.,-1.,0.));
#10098=DIRECTION('',(-1.,0.,0.));
#10099=DIRECTION('',(1.,0.,0.));
#10100=DIRECTION('center_axis',(0.,-1.,0.));
#10101=DIRECTION('ref_axis',(0.,0.,-1.));
#10102=DIRECTION('center_axis',(0.,1.,0.));
#10103=DIRECTION('ref_axis',(-0.707106781186547,0.,-0.707106781186548));
#10104=DIRECTION('center_axis',(0.,-1.,0.));
#10105=DIRECTION('ref_axis',(-0.707106781186547,0.,-0.707106781186548));
#10106=DIRECTION('center_axis',(1.,0.,6.93889390390722E-16));
#10107=DIRECTION('ref_axis',(6.93889390390722E-16,0.,-1.));
#10108=DIRECTION('',(0.,1.,0.));
#10109=DIRECTION('',(6.93889390390722E-16,0.,-1.));
#10110=DIRECTION('',(0.,-1.,0.));
#10111=DIRECTION('center_axis',(0.,1.,0.));
#10112=DIRECTION('ref_axis',(0.707106781186547,0.,-0.707106781186548));
#10113=DIRECTION('center_axis',(0.,-1.,0.));
#10114=DIRECTION('ref_axis',(0.707106781186547,0.,-0.707106781186548));
#10115=DIRECTION('',(0.,1.,0.));
#10116=DIRECTION('center_axis',(0.,0.,-1.));
#10117=DIRECTION('ref_axis',(0.,1.,0.));
#10118=DIRECTION('',(1.,0.,0.));
#10119=DIRECTION('',(0.,1.,0.));
#10120=DIRECTION('center_axis',(0.,0.,1.));
#10121=DIRECTION('ref_axis',(0.923879532511287,-0.382683432365088,0.));
#10122=DIRECTION('',(0.707106781186548,0.707106781186548,0.));
#10123=DIRECTION('center_axis',(0.,0.,1.));
#10124=DIRECTION('ref_axis',(0.382683432365088,-0.923879532511287,0.));
#10125=DIRECTION('',(0.,1.,0.));
#10126=DIRECTION('',(0.,1.,0.));
#10127=DIRECTION('',(-1.,0.,0.));
#10128=DIRECTION('',(0.,1.,0.));
#10129=DIRECTION('center_axis',(0.,1.,0.));
#10130=DIRECTION('ref_axis',(-0.707106781186546,0.,-0.707106781186549));
#10131=DIRECTION('center_axis',(-0.707106781186548,0.707106781186548,0.));
#10132=DIRECTION('ref_axis',(-0.707106781186547,-0.707106781186547,0.));
#10133=DIRECTION('',(0.,1.,0.));
#10134=DIRECTION('center_axis',(1.,0.,0.));
#10135=DIRECTION('ref_axis',(0.,0.,-1.));
#10136=DIRECTION('',(0.,0.,1.));
#10137=DIRECTION('',(0.,1.,-2.05596856412066E-16));
#10138=DIRECTION('',(0.,0.707106781186548,-0.707106781186547));
#10139=DIRECTION('',(0.,-2.96059473233376E-15,-1.));
#10140=DIRECTION('center_axis',(-1.,0.,0.));
#10141=DIRECTION('ref_axis',(0.,-3.18925030670139E-15,-1.));
#10142=DIRECTION('',(0.,-1.,-4.44089209850062E-16));
#10143=DIRECTION('',(0.,0.,1.));
#10144=DIRECTION('',(0.,-1.,0.));
#10145=DIRECTION('center_axis',(0.,-1.,0.));
#10146=DIRECTION('ref_axis',(0.,0.,-1.));
#10147=DIRECTION('center_axis',(0.707106781186548,0.,-0.707106781186548));
#10148=DIRECTION('ref_axis',(0.707106781186548,0.,0.707106781186548));
#10149=DIRECTION('center_axis',(0.,-1.,0.));
#10150=DIRECTION('ref_axis',(-0.923879532511286,0.,0.382683432365092));
#10151=DIRECTION('center_axis',(-1.,0.,0.));
#10152=DIRECTION('ref_axis',(0.,0.,-1.));
#10153=DIRECTION('center_axis',(0.,1.,0.));
#10154=DIRECTION('ref_axis',(-0.923879532511286,0.,0.382683432365092));
#10155=DIRECTION('center_axis',(-0.707106781186547,0.,0.707106781186548));
#10156=DIRECTION('ref_axis',(0.5,-0.707106781186547,0.5));
#10157=DIRECTION('',(-0.707106781186547,0.,0.707106781186548));
#10158=DIRECTION('center_axis',(-0.923879532511292,3.39891166203436E-15,
0.382683432365078));
#10159=DIRECTION('ref_axis',(-0.382683432365078,-8.20569863179173E-15,-0.923879532511292));
#10160=DIRECTION('',(0.707106781186547,0.,-0.707106781186548));
#10161=DIRECTION('center_axis',(-0.707106781186548,0.,-0.707106781186547));
#10162=DIRECTION('ref_axis',(-0.707106781186547,0.,0.707106781186548));
#10163=DIRECTION('',(0.,1.,0.));
#10164=DIRECTION('',(-0.707106781186547,0.,0.707106781186548));
#10165=DIRECTION('',(0.,-1.,0.));
#10166=DIRECTION('center_axis',(0.,-1.,0.));
#10167=DIRECTION('ref_axis',(-0.923879532511285,0.,0.382683432365093));
#10168=DIRECTION('center_axis',(0.,-1.,0.));
#10169=DIRECTION('ref_axis',(-0.923879532511285,0.,0.382683432365093));
#10170=DIRECTION('',(0.,1.,0.));
#10171=DIRECTION('center_axis',(-0.707106781186547,0.,0.707106781186548));
#10172=DIRECTION('ref_axis',(0.5,-0.707106781186547,0.5));
#10173=DIRECTION('',(0.707106781186547,0.,-0.707106781186548));
#10174=DIRECTION('center_axis',(-0.382683432365064,1.69945583101712E-15,
0.923879532511298));
#10175=DIRECTION('ref_axis',(-0.923879532511298,-4.10284931589523E-15,-0.382683432365063));
#10176=DIRECTION('',(-0.707106781186547,0.,0.707106781186548));
#10177=DIRECTION('center_axis',(0.707106781186552,0.,-0.707106781186543));
#10178=DIRECTION('ref_axis',(0.707106781186543,0.,0.707106781186552));
#10179=DIRECTION('center_axis',(0.948683298050513,0.,-0.316227766016842));
#10180=DIRECTION('ref_axis',(-0.316227766016842,-2.9790409838967E-15,-0.948683298050512));
#10181=DIRECTION('center_axis',(0.,-1.,0.));
#10182=DIRECTION('ref_axis',(-0.707106781186544,0.,0.707106781186551));
#10183=DIRECTION('center_axis',(0.,0.,1.));
#10184=DIRECTION('ref_axis',(-1.,0.,0.));
#10185=DIRECTION('center_axis',(0.,-2.96059473233376E-15,-1.));
#10186=DIRECTION('ref_axis',(-0.707106781186546,-0.707106781186549,0.));
#10187=DIRECTION('center_axis',(0.,-0.707106781186547,-0.707106781186548));
#10188=DIRECTION('ref_axis',(0.,-0.707106781186548,0.707106781186547));
#10189=DIRECTION('',(0.,2.96059473233376E-15,1.));
#10190=DIRECTION('center_axis',(0.,1.,4.44089209850062E-16));
#10191=DIRECTION('ref_axis',(-0.923879532511281,0.,0.382683432365103));
#10192=DIRECTION('center_axis',(0.,-1.,0.));
#10193=DIRECTION('ref_axis',(-0.923879532511281,0.,0.382683432365103));
#10194=DIRECTION('',(0.,1.,4.44089209850062E-16));
#10195=DIRECTION('center_axis',(0.,0.,-1.));
#10196=DIRECTION('ref_axis',(0.707106781186551,-0.707106781186544,0.));
#10197=DIRECTION('',(0.,0.,1.));
#10198=DIRECTION('',(0.,0.,-1.));
#10199=DIRECTION('center_axis',(0.,0.,1.));
#10200=DIRECTION('ref_axis',(0.,-1.,0.));
#10201=DIRECTION('center_axis',(1.,0.,0.));
#10202=DIRECTION('ref_axis',(0.,0.,1.));
#10203=DIRECTION('center_axis',(0.,0.,-1.));
#10204=DIRECTION('ref_axis',(0.,1.,0.));
#10205=DIRECTION('center_axis',(-1.,0.,0.));
#10206=DIRECTION('ref_axis',(0.,0.,1.));
#10207=DIRECTION('center_axis',(1.,0.,0.));
#10208=DIRECTION('ref_axis',(0.,0.,1.));
#10209=DIRECTION('center_axis',(0.,2.96059473233376E-15,1.));
#10210=DIRECTION('ref_axis',(0.707106781186549,0.707106781186546,0.));
#10211=DIRECTION('',(0.,2.96059473233376E-15,1.));
#10212=DIRECTION('center_axis',(-0.382683432365076,0.,-0.923879532511293));
#10213=DIRECTION('ref_axis',(-0.923879532511292,7.73640686255104E-15,0.382683432365076));
#10214=DIRECTION('',(0.,-2.96059473233376E-15,-1.));
#10215=DIRECTION('center_axis',(0.707106781186547,2.09345661157837E-15,
0.707106781186548));
#10216=DIRECTION('ref_axis',(0.499999999999999,0.707106781186549,-0.499999999999999));
#10217=DIRECTION('',(-0.707106781186547,-2.09345661157837E-15,-0.707106781186548));
#10218=DIRECTION('',(0.707106781186547,2.09345661157837E-15,0.707106781186548));
#10219=DIRECTION('center_axis',(0.,-1.,0.));
#10220=DIRECTION('ref_axis',(0.,0.,-1.));
#10221=DIRECTION('center_axis',(1.,0.,0.));
#10222=DIRECTION('ref_axis',(0.,0.,1.));
#10223=DIRECTION('center_axis',(0.,-1.,0.));
#10224=DIRECTION('ref_axis',(-0.38268343236509,0.,-0.923879532511287));
#10225=DIRECTION('center_axis',(0.,1.,0.));
#10226=DIRECTION('ref_axis',(-0.38268343236509,0.,-0.923879532511287));
#10227=DIRECTION('center_axis',(0.,-1.,0.));
#10228=DIRECTION('ref_axis',(-0.382683432365089,0.,-0.923879532511287));
#10229=DIRECTION('',(0.,-1.,0.));
#10230=DIRECTION('center_axis',(0.,-1.,0.));
#10231=DIRECTION('ref_axis',(-0.382683432365089,0.,-0.923879532511287));
#10232=DIRECTION('',(0.,1.,0.));
#10233=DIRECTION('center_axis',(-0.707106781186548,0.,-0.707106781186547));
#10234=DIRECTION('ref_axis',(-0.707106781186547,0.,0.707106781186548));
#10235=DIRECTION('',(-0.707106781186547,0.,0.707106781186548));
#10236=DIRECTION('',(0.,-1.,-4.44089209850062E-16));
#10237=DIRECTION('center_axis',(1.,0.,0.));
#10238=DIRECTION('ref_axis',(0.,0.,-1.));
#10239=DIRECTION('',(0.,-1.,-4.44089209850062E-16));
#10240=DIRECTION('',(0.,-0.707106781186547,0.707106781186548));
#10241=DIRECTION('',(0.,0.707106781186548,0.707106781186547));
#10242=DIRECTION('',(0.,0.707106781186547,-0.707106781186548));
#10243=DIRECTION('',(0.,-0.707106781186547,-0.707106781186548));
#10244=DIRECTION('center_axis',(-0.707106781186548,-3.14018491736755E-16,
0.707106781186547));
#10245=DIRECTION('ref_axis',(0.707106781186547,0.,0.707106781186548));
#10246=DIRECTION('',(0.707106781186547,0.,0.707106781186548));
#10247=DIRECTION('center_axis',(0.,1.,0.));
#10248=DIRECTION('ref_axis',(-0.707106781186549,0.,0.707106781186546));
#10249=DIRECTION('',(0.,1.,0.));
#10250=DIRECTION('center_axis',(0.,-0.923879532511292,0.382683432365078));
#10251=DIRECTION('ref_axis',(0.,0.382683432365077,0.923879532511292));
#10252=DIRECTION('',(0.,-1.,0.));
#10253=DIRECTION('center_axis',(0.,1.,0.));
#10254=DIRECTION('ref_axis',(-0.707106781186549,0.,0.707106781186546));
#10255=DIRECTION('center_axis',(0.,-2.96059473233376E-15,-1.));
#10256=DIRECTION('ref_axis',(-0.707106781186549,0.707106781186546,0.));
#10257=DIRECTION('',(0.,2.96059473233376E-15,1.));
#10258=DIRECTION('center_axis',(0.,0.38268343236509,-0.923879532511287));
#10259=DIRECTION('ref_axis',(0.,-0.923879532511287,-0.38268343236509));
#10260=DIRECTION('',(0.,-2.96059473233376E-15,-1.));
#10261=DIRECTION('center_axis',(0.,0.,1.));
#10262=DIRECTION('ref_axis',(0.,1.,0.));
#10263=DIRECTION('center_axis',(0.,0.,-1.));
#10264=DIRECTION('ref_axis',(-0.707106781186549,0.707106781186546,0.));
#10265=DIRECTION('',(0.,0.,1.));
#10266=DIRECTION('center_axis',(8.20569863179167E-15,0.382683432365085,
-0.923879532511289));
#10267=DIRECTION('ref_axis',(-1.98103089256181E-14,-0.923879532511289,-0.382683432365085));
#10268=DIRECTION('',(0.,0.,-1.));
#10269=DIRECTION('center_axis',(3.39891166203459E-15,-0.382683432365106,
0.92387953251128));
#10270=DIRECTION('ref_axis',(8.20569863179159E-15,-0.92387953251128,-0.382683432365106));
#10271=DIRECTION('center_axis',(0.,0.707106781186548,-0.707106781186547));
#10272=DIRECTION('ref_axis',(-0.707106781186548,0.499999999999999,0.5));
#10273=DIRECTION('',(0.,0.707106781186548,-0.707106781186547));
#10274=DIRECTION('',(0.,-0.707106781186548,0.707106781186547));
#10275=DIRECTION('center_axis',(-1.,0.,0.));
#10276=DIRECTION('ref_axis',(0.,1.77635683940025E-16,1.));
#10277=DIRECTION('center_axis',(0.,0.,-1.));
#10278=DIRECTION('ref_axis',(0.,-1.,0.));
#10279=DIRECTION('center_axis',(1.,0.,0.));
#10280=DIRECTION('ref_axis',(0.,0.,1.));
#10281=DIRECTION('center_axis',(-1.,0.,0.));
#10282=DIRECTION('ref_axis',(0.,0.,1.));
#10283=DIRECTION('center_axis',(0.,0.,1.));
#10284=DIRECTION('ref_axis',(-0.707106781186549,-0.707106781186546,0.));
#10285=DIRECTION('',(0.,0.,1.));
#10286=DIRECTION('center_axis',(0.707106781186546,-2.55140024536114E-15,
-0.707106781186549));
#10287=DIRECTION('ref_axis',(0.707106781186549,-2.55140024536115E-15,0.707106781186546));
#10288=DIRECTION('',(0.,0.,-1.));
#10289=DIRECTION('center_axis',(0.,0.707106781186548,-0.707106781186547));
#10290=DIRECTION('ref_axis',(-0.707106781186548,0.5,0.5));
#10291=DIRECTION('',(0.,-0.707106781186548,0.707106781186547));
#10292=DIRECTION('',(0.,0.707106781186548,-0.707106781186547));
#10293=DIRECTION('center_axis',(-1.,0.,0.));
#10294=DIRECTION('ref_axis',(0.,-0.707106781186548,-0.707106781186548));
#10295=DIRECTION('',(1.,0.,0.));
#10296=DIRECTION('',(-1.,0.,0.));
#10297=DIRECTION('center_axis',(1.,0.,1.77635683940026E-14));
#10298=DIRECTION('ref_axis',(0.,-1.,0.));
#10299=DIRECTION('center_axis',(0.,0.,-1.));
#10300=DIRECTION('ref_axis',(1.,0.,0.));
#10301=DIRECTION('center_axis',(0.,0.,1.));
#10302=DIRECTION('ref_axis',(-0.615881762051441,-0.787838597158335,0.));
#10303=DIRECTION('center_axis',(-0.241379310344828,0.97043084686002,0.));
#10304=DIRECTION('ref_axis',(0.,0.,1.));
#10305=DIRECTION('center_axis',(0.,0.,-1.));
#10306=DIRECTION('ref_axis',(-0.615881762051441,-0.787838597158335,0.));
#10307=DIRECTION('center_axis',(-1.,0.,0.));
#10308=DIRECTION('ref_axis',(0.,1.,0.));
#10309=DIRECTION('',(1.,0.,0.));
#10310=DIRECTION('center_axis',(1.,1.36955018267536E-31,4.62592926927149E-17));
#10311=DIRECTION('ref_axis',(0.,1.,0.));
#10312=DIRECTION('',(1.,0.,0.));
#10313=DIRECTION('center_axis',(0.,-1.,2.96059473233376E-15));
#10314=DIRECTION('ref_axis',(0.,-2.96059473233376E-15,-1.));
#10315=DIRECTION('',(-4.62592926927149E-17,2.96059473233376E-15,1.));
#10316=DIRECTION('',(0.707106781186545,-2.09345661157838E-15,-0.70710678118655));
#10317=DIRECTION('',(1.,0.,0.));
#10318=DIRECTION('center_axis',(0.,-0.707106781186547,-0.707106781186548));
#10319=DIRECTION('ref_axis',(0.,0.707106781186548,-0.707106781186547));
#10320=DIRECTION('',(1.,0.,0.));
#10321=DIRECTION('center_axis',(0.,-0.707106781186547,-0.707106781186548));
#10322=DIRECTION('ref_axis',(0.,0.707106781186548,-0.707106781186547));
#10323=DIRECTION('',(1.,0.,0.));
#10324=DIRECTION('',(0.,0.707106781186548,-0.707106781186547));
#10325=DIRECTION('',(-1.,0.,0.));
#10326=DIRECTION('',(0.,0.707106781186548,-0.707106781186547));
#10327=DIRECTION('',(1.,0.,0.));
#10328=DIRECTION('center_axis',(0.,-1.,0.));
#10329=DIRECTION('ref_axis',(0.,0.,-1.));
#10330=DIRECTION('',(0.,0.,-1.));
#10331=DIRECTION('',(1.,0.,0.));
#10332=DIRECTION('',(0.,0.,1.));
#10333=DIRECTION('',(1.,0.,0.));
#10334=DIRECTION('',(0.,0.,-1.));
#10335=DIRECTION('',(1.,0.,0.));
#10336=DIRECTION('center_axis',(1.,0.,0.));
#10337=DIRECTION('ref_axis',(0.,0.,-1.));
#10338=DIRECTION('center_axis',(-1.,0.,0.));
#10339=DIRECTION('ref_axis',(0.,0.,-1.));
#10340=DIRECTION('',(-0.707106781186549,-8.65956056235491E-17,-0.707106781186546));
#10341=DIRECTION('center_axis',(1.,0.,0.));
#10342=DIRECTION('ref_axis',(0.,0.,-1.));
#10343=DIRECTION('center_axis',(1.,0.,0.));
#10344=DIRECTION('ref_axis',(0.,0.,-1.));
#10345=DIRECTION('center_axis',(-1.,0.,0.));
#10346=DIRECTION('ref_axis',(0.,0.,1.));
#10347=DIRECTION('center_axis',(-1.,0.,0.));
#10348=DIRECTION('ref_axis',(0.,0.659172827201564,-0.751991478594736));
#10349=DIRECTION('center_axis',(-1.,0.,0.));
#10350=DIRECTION('ref_axis',(0.,1.,0.));
#10351=DIRECTION('',(0.,-1.48029736616688E-15,1.));
#10352=DIRECTION('',(0.,-0.707106781186548,0.707106781186547));
#10353=DIRECTION('',(0.,-1.,2.05596856412066E-16));
#10354=DIRECTION('',(0.,0.,-1.));
#10355=DIRECTION('center_axis',(1.,0.,0.));
#10356=DIRECTION('ref_axis',(0.,-1.,0.));
#10357=DIRECTION('',(0.,0.,-1.));
#10358=DIRECTION('center_axis',(1.,0.,0.));
#10359=DIRECTION('ref_axis',(0.,0.,1.));
#10360=DIRECTION('',(-1.,0.,0.));
#10361=DIRECTION('center_axis',(-1.,0.,0.));
#10362=DIRECTION('ref_axis',(0.,0.,1.));
#10363=DIRECTION('center_axis',(0.,0.642787609686537,0.76604444311898));
#10364=DIRECTION('ref_axis',(1.,0.,0.));
#10365=DIRECTION('center_axis',(0.,-0.64278760968654,-0.766044443118977));
#10366=DIRECTION('ref_axis',(1.,0.,0.));
#10367=DIRECTION('',(0.707106781186583,-0.454519477672019,-0.541675220419676));
#10368=DIRECTION('center_axis',(0.,0.64278760968654,0.766044443118977));
#10369=DIRECTION('ref_axis',(1.,0.,0.));
#10370=DIRECTION('center_axis',(0.,0.64278760968654,0.766044443118977));
#10371=DIRECTION('ref_axis',(1.,0.,0.));
#10372=DIRECTION('center_axis',(0.,-0.64278760968654,-0.766044443118977));
#10373=DIRECTION('ref_axis',(-1.,0.,0.));
#10374=DIRECTION('',(0.,-0.64278760968654,-0.766044443118977));
#10375=DIRECTION('center_axis',(0.,-0.64278760968654,-0.766044443118977));
#10376=DIRECTION('ref_axis',(-1.,0.,0.));
#10377=DIRECTION('center_axis',(0.,-0.64278760968654,-0.766044443118977));
#10378=DIRECTION('ref_axis',(-1.,0.,0.));
#10379=DIRECTION('',(1.,-1.75098860307586E-16,1.46925389103658E-16));
#10380=DIRECTION('center_axis',(0.,0.64278760968654,0.766044443118977));
#10381=DIRECTION('ref_axis',(1.,-8.8101745289658E-17,7.39261419786269E-17));
#10382=DIRECTION('',(-1.,2.00112983208669E-16,-1.6791473040418E-16));
#10383=DIRECTION('',(0.,0.766044443118977,-0.64278760968654));
#10384=DIRECTION('center_axis',(0.,-0.707106781186548,0.707106781186548));
#10385=DIRECTION('ref_axis',(1.,0.,0.));
#10386=DIRECTION('',(0.,-0.707106781186548,-0.707106781186548));
#10387=DIRECTION('',(-1.,0.,0.));
#10388=DIRECTION('',(1.,0.,0.));
#10389=DIRECTION('center_axis',(1.,0.,0.));
#10390=DIRECTION('ref_axis',(0.,0.,-1.));
#10391=DIRECTION('',(0.,0.,1.));
#10392=DIRECTION('',(0.,1.,0.));
#10393=DIRECTION('center_axis',(-1.,0.,0.));
#10394=DIRECTION('ref_axis',(0.,-1.,0.));
#10395=DIRECTION('',(0.,1.,0.));
#10396=DIRECTION('center_axis',(-1.,0.,0.));
#10397=DIRECTION('ref_axis',(0.,-1.,0.));
#10398=DIRECTION('',(0.,0.,-1.));
#10399=DIRECTION('',(0.,1.,0.));
#10400=DIRECTION('',(0.,1.,0.));
#10401=DIRECTION('',(0.,0.,1.));
#10402=DIRECTION('',(0.,-1.,0.));
#10403=DIRECTION('',(0.,0.,-1.));
#10404=DIRECTION('center_axis',(-1.,0.,0.));
#10405=DIRECTION('ref_axis',(0.,1.,0.));
#10406=DIRECTION('center_axis',(0.,1.,0.));
#10407=DIRECTION('ref_axis',(-0.707106781186547,0.,0.707106781186548));
#10408=DIRECTION('center_axis',(0.,-0.707106781186547,0.707106781186548));
#10409=DIRECTION('ref_axis',(0.,0.707106781186548,0.707106781186547));
#10410=DIRECTION('',(0.,-1.,0.));
#10411=DIRECTION('center_axis',(2.61682076447296E-16,0.707106781186547,
0.707106781186548));
#10412=DIRECTION('ref_axis',(-2.61682076447296E-16,0.707106781186548,-0.707106781186547));
#10413=DIRECTION('center_axis',(0.,0.,-1.));
#10414=DIRECTION('ref_axis',(-0.707106781186547,0.707106781186548,0.));
#10415=DIRECTION('',(0.,0.,1.));
#10416=DIRECTION('center_axis',(0.,0.707106781186547,0.707106781186548));
#10417=DIRECTION('ref_axis',(0.,0.707106781186548,-0.707106781186547));
#10418=DIRECTION('center_axis',(0.,-1.,0.));
#10419=DIRECTION('ref_axis',(-0.707106781186547,0.,-0.707106781186548));
#10420=DIRECTION('center_axis',(0.,0.707106781186547,-0.707106781186548));
#10421=DIRECTION('ref_axis',(0.,-0.707106781186548,-0.707106781186547));
#10422=DIRECTION('',(0.,1.,0.));
#10423=DIRECTION('center_axis',(0.,0.,1.));
#10424=DIRECTION('ref_axis',(-0.707106781186548,-0.707106781186548,0.));
#10425=DIRECTION('',(0.,0.,-1.));
#10426=DIRECTION('center_axis',(0.,-1.,0.));
#10427=DIRECTION('ref_axis',(0.,0.,-1.));
#10428=DIRECTION('',(1.,0.,0.));
#10429=DIRECTION('',(0.,0.,-1.));
#10430=DIRECTION('',(-1.,0.,0.));
#10431=DIRECTION('center_axis',(0.,0.,-1.));
#10432=DIRECTION('ref_axis',(0.,1.,0.));
#10433=DIRECTION('',(0.,1.,0.));
#10434=DIRECTION('',(-1.,0.,0.));
#10435=DIRECTION('center_axis',(0.,0.,-1.));
#10436=DIRECTION('ref_axis',(1.,0.,0.));
#10437=DIRECTION('center_axis',(0.,-0.707106781186546,0.707106781186549));
#10438=DIRECTION('ref_axis',(0.,-0.707106781186549,-0.707106781186546));
#10439=DIRECTION('',(0.,0.,-1.));
#10440=DIRECTION('center_axis',(0.,0.,-1.));
#10441=DIRECTION('ref_axis',(-1.,0.,0.));
#10442=DIRECTION('',(0.,0.,1.));
#10443=DIRECTION('center_axis',(0.,-1.,2.05596856412066E-16));
#10444=DIRECTION('ref_axis',(0.707106781186554,0.,0.707106781186541));
#10445=DIRECTION('',(0.,1.,-2.05596856412066E-16));
#10446=DIRECTION('center_axis',(0.707106781186548,-0.707106781186548,0.));
#10447=DIRECTION('ref_axis',(0.707106781186547,0.707106781186547,-2.4532694666934E-16));
#10448=DIRECTION('',(0.,-1.,2.05596856412066E-16));
#10449=DIRECTION('center_axis',(-1.,0.,0.));
#10450=DIRECTION('ref_axis',(0.,0.,1.));
#10451=DIRECTION('',(0.,0.,1.));
#10452=DIRECTION('',(0.,1.,0.));
#10453=DIRECTION('',(0.,0.,1.));
#10454=DIRECTION('',(0.,1.,0.));
#10455=DIRECTION('center_axis',(-1.,0.,0.));
#10456=DIRECTION('ref_axis',(0.,0.707106781186549,0.707106781186546));
#10457=DIRECTION('',(0.,-3.70074341541719E-16,-1.));
#10458=DIRECTION('center_axis',(-1.,0.,0.));
#10459=DIRECTION('ref_axis',(0.,0.0881566804053127,0.996106620648571));
#10460=DIRECTION('',(0.,0.,1.));
#10461=DIRECTION('center_axis',(-1.,0.,0.));
#10462=DIRECTION('ref_axis',(0.,-1.,0.));
#10463=DIRECTION('',(0.,0.,1.));
#10464=DIRECTION('',(0.,-1.,2.05596856412066E-16));
#10465=DIRECTION('',(0.,0.,-1.));
#10466=DIRECTION('center_axis',(-1.,0.,0.));
#10467=DIRECTION('ref_axis',(0.,0.707106781186548,-0.707106781186547));
#10468=DIRECTION('',(0.,-1.,5.92118946466749E-16));
#10469=DIRECTION('',(0.,-1.,0.));
#10470=DIRECTION('',(0.,0.,1.));
#10471=DIRECTION('center_axis',(0.,0.,-1.));
#10472=DIRECTION('ref_axis',(0.707106781186546,-0.707106781186549,0.));
#10473=DIRECTION('center_axis',(0.,0.,-1.));
#10474=DIRECTION('ref_axis',(1.,0.,0.));
#10475=DIRECTION('',(0.,0.,1.));
#10476=DIRECTION('center_axis',(1.,0.,0.));
#10477=DIRECTION('ref_axis',(0.,-0.659172827201567,-0.751991478594733));
#10478=DIRECTION('center_axis',(1.,0.,0.));
#10479=DIRECTION('ref_axis',(0.,0.659172827201564,-0.751991478594736));
#10480=DIRECTION('center_axis',(0.,1.,-2.05596856412066E-16));
#10481=DIRECTION('ref_axis',(-0.707106781186555,0.,-0.70710678118654));
#10482=DIRECTION('center_axis',(-0.707106781186548,0.707106781186548,0.));
#10483=DIRECTION('ref_axis',(-0.707106781186547,-0.707106781186547,2.94392336003208E-16));
#10484=DIRECTION('',(0.,-1.,2.05596856412066E-16));
#10485=DIRECTION('center_axis',(-0.707106781186548,0.707106781186548,0.));
#10486=DIRECTION('ref_axis',(0.,0.,1.));
#10487=DIRECTION('',(0.707106781186548,0.707106781186548,-1.45378931359609E-16));
#10488=DIRECTION('center_axis',(-0.707106781186548,0.707106781186548,0.));
#10489=DIRECTION('ref_axis',(-0.707106781186547,-0.707106781186547,0.));
#10490=DIRECTION('center_axis',(0.,0.,-1.));
#10491=DIRECTION('ref_axis',(1.,0.,0.));
#10492=DIRECTION('center_axis',(0.,-0.707106781186546,-0.707106781186549));
#10493=DIRECTION('ref_axis',(0.,-0.707106781186549,0.707106781186546));
#10494=DIRECTION('center_axis',(0.,-0.707106781186549,-0.707106781186546));
#10495=DIRECTION('ref_axis',(0.,-0.707106781186546,0.707106781186549));
#10496=DIRECTION('',(0.,0.,-1.));
#10497=DIRECTION('center_axis',(0.,1.,0.));
#10498=DIRECTION('ref_axis',(-0.707106781186549,0.,-0.707106781186546));
#10499=DIRECTION('center_axis',(0.,1.,0.));
#10500=DIRECTION('ref_axis',(0.707106781186555,0.,-0.70710678118654));
#10501=DIRECTION('center_axis',(0.,0.,-1.));
#10502=DIRECTION('ref_axis',(0.,1.,0.));
#10503=DIRECTION('center_axis',(0.,-1.,0.));
#10504=DIRECTION('ref_axis',(1.,0.,0.));
#10505=DIRECTION('center_axis',(1.,0.,0.));
#10506=DIRECTION('ref_axis',(0.,0.,-1.));
#10507=DIRECTION('center_axis',(0.,0.,1.));
#10508=DIRECTION('ref_axis',(-1.,0.,0.));
#10509=DIRECTION('center_axis',(2.82616642563079E-14,-0.707106781186548,
0.707106781186548));
#10510=DIRECTION('ref_axis',(0.,0.707106781186548,0.707106781186548));
#10511=DIRECTION('center_axis',(0.,1.77635683940025E-14,-1.));
#10512=DIRECTION('ref_axis',(1.,0.,0.));
#10513=DIRECTION('center_axis',(-1.,0.,0.));
#10514=DIRECTION('ref_axis',(0.,1.,0.));
#10515=DIRECTION('center_axis',(-1.,0.,0.));
#10516=DIRECTION('ref_axis',(0.,0.923879532511287,0.382683432365088));
#10517=DIRECTION('center_axis',(1.,0.,0.));
#10518=DIRECTION('ref_axis',(0.,0.923879532511287,0.382683432365088));
#10519=DIRECTION('',(1.,0.,0.));
#10520=DIRECTION('center_axis',(0.,-1.48029736616688E-15,1.));
#10521=DIRECTION('ref_axis',(0.707106781186549,0.707106781186546,0.));
#10522=DIRECTION('',(0.,1.48029736616688E-15,-1.));
#10523=DIRECTION('center_axis',(0.,-1.,0.));
#10524=DIRECTION('ref_axis',(0.,0.,1.));
#10525=DIRECTION('center_axis',(0.,0.,1.));
#10526=DIRECTION('ref_axis',(1.,0.,0.));
#10527=DIRECTION('center_axis',(0.,1.,0.));
#10528=DIRECTION('ref_axis',(0.707106781186543,0.,0.707106781186552));
#10529=DIRECTION('center_axis',(1.,0.,0.));
#10530=DIRECTION('ref_axis',(0.,1.,0.));
#10531=DIRECTION('center_axis',(1.,0.,0.));
#10532=DIRECTION('ref_axis',(0.,0.,1.));
#10533=DIRECTION('center_axis',(0.,0.,1.));
#10534=DIRECTION('ref_axis',(-1.,0.,0.));
#10535=DIRECTION('center_axis',(1.,0.,0.));
#10536=DIRECTION('ref_axis',(0.,1.,0.));
#10537=DIRECTION('center_axis',(0.,-1.,0.));
#10538=DIRECTION('ref_axis',(0.,0.,1.));
#10539=DIRECTION('center_axis',(0.,-1.,5.92118946466749E-16));
#10540=DIRECTION('ref_axis',(-0.707106781186544,3.9252311467094E-16,0.707106781186551));
#10541=DIRECTION('',(0.,1.,-5.92118946466749E-16));
#10542=DIRECTION('center_axis',(-1.,0.,0.));
#10543=DIRECTION('ref_axis',(0.,0.707106781186543,-0.707106781186552));
#10544=DIRECTION('',(1.,0.,0.));
#10545=DIRECTION('',(-1.,0.,0.));
#10546=DIRECTION('center_axis',(0.,-0.707106781186548,0.707106781186547));
#10547=DIRECTION('ref_axis',(0.707106781186549,0.499999999999999,0.499999999999999));
#10548=DIRECTION('center_axis',(0.,-0.923879532511283,0.382683432365099));
#10549=DIRECTION('ref_axis',(0.,0.382683432365099,0.923879532511283));
#10550=DIRECTION('center_axis',(0.,0.,-1.));
#10551=DIRECTION('ref_axis',(1.,0.,0.));
#10552=DIRECTION('center_axis',(0.,0.,1.));
#10553=DIRECTION('ref_axis',(0.,-1.,0.));
#10554=DIRECTION('center_axis',(0.,-1.,0.));
#10555=DIRECTION('ref_axis',(1.,0.,0.));
#10556=DIRECTION('center_axis',(0.,-2.05596856412066E-16,-1.));
#10557=DIRECTION('ref_axis',(-0.707106781186547,-0.707106781186547,0.));
#10558=DIRECTION('center_axis',(-1.,0.,0.));
#10559=DIRECTION('ref_axis',(0.,0.,1.));
#10560=DIRECTION('center_axis',(-1.,0.,0.));
#10561=DIRECTION('ref_axis',(0.,0.707106781186555,0.70710678118654));
#10562=DIRECTION('',(1.,0.,0.));
#10563=DIRECTION('',(-1.,0.,0.));
#10564=DIRECTION('center_axis',(0.816496580927725,0.408248290463866,-0.408248290463862));
#10565=DIRECTION('ref_axis',(0.577350269189644,-0.577350269189619,0.577350269189615));
#10566=DIRECTION('center_axis',(0.,0.,-1.));
#10567=DIRECTION('ref_axis',(0.,-1.,0.));
#10568=DIRECTION('center_axis',(0.,1.,0.));
#10569=DIRECTION('ref_axis',(1.,0.,0.));
#10570=DIRECTION('center_axis',(-1.,0.,0.));
#10571=DIRECTION('ref_axis',(0.,0.,1.));
#10572=DIRECTION('center_axis',(0.,-1.,0.));
#10573=DIRECTION('ref_axis',(0.,0.,1.));
#10574=DIRECTION('center_axis',(0.,0.,1.));
#10575=DIRECTION('ref_axis',(1.,0.,0.));
#10576=DIRECTION('center_axis',(0.,1.,-3.70074341541719E-16));
#10577=DIRECTION('ref_axis',(0.707106781186555,0.,0.70710678118654));
#10578=DIRECTION('center_axis',(1.,0.,0.));
#10579=DIRECTION('ref_axis',(0.,1.,0.));
#10580=DIRECTION('center_axis',(0.,0.,-1.));
#10581=DIRECTION('ref_axis',(1.,0.,0.));
#10582=DIRECTION('center_axis',(0.,0.,1.));
#10583=DIRECTION('ref_axis',(-1.,0.,0.));
#10584=DIRECTION('center_axis',(-1.,0.,0.));
#10585=DIRECTION('ref_axis',(0.,-1.,0.));
#10586=DIRECTION('center_axis',(0.,-2.05596856412066E-16,-1.));
#10587=DIRECTION('ref_axis',(-0.707106781186547,0.707106781186547,0.));
#10588=DIRECTION('center_axis',(0.,1.,0.));
#10589=DIRECTION('ref_axis',(0.,0.,1.));
#10590=DIRECTION('center_axis',(0.,-1.,2.05596856412066E-16));
#10591=DIRECTION('ref_axis',(0.707106781186554,0.,0.707106781186541));
#10592=DIRECTION('',(0.,1.,-2.05596856412066E-16));
#10593=DIRECTION('center_axis',(-1.,0.,0.));
#10594=DIRECTION('ref_axis',(0.,-0.707106781186557,0.707106781186538));
#10595=DIRECTION('',(1.,0.,0.));
#10596=DIRECTION('',(-1.,0.,0.));
#10597=DIRECTION('center_axis',(1.,0.,0.));
#10598=DIRECTION('ref_axis',(0.,0.,1.));
#10599=DIRECTION('center_axis',(0.,-1.,0.));
#10600=DIRECTION('ref_axis',(-1.,0.,0.));
#10601=DIRECTION('center_axis',(1.,0.,0.));
#10602=DIRECTION('ref_axis',(0.,0.,1.));
#10603=DIRECTION('center_axis',(0.,0.,-1.));
#10604=DIRECTION('ref_axis',(0.,-1.,0.));
#10605=DIRECTION('center_axis',(0.,0.,1.));
#10606=DIRECTION('ref_axis',(-0.707106781186548,0.707106781186548,0.));
#10607=DIRECTION('',(0.,0.,-1.));
#10608=DIRECTION('center_axis',(0.,-3.70074341541719E-16,-1.));
#10609=DIRECTION('ref_axis',(-0.707106781186549,-0.707106781186546,0.));
#10610=DIRECTION('',(0.,3.70074341541719E-16,1.));
#10611=DIRECTION('center_axis',(-1.,0.,0.));
#10612=DIRECTION('ref_axis',(0.,0.,-1.));
#10613=DIRECTION('center_axis',(1.,0.,0.));
#10614=DIRECTION('ref_axis',(0.,-1.,0.));
#10615=DIRECTION('center_axis',(0.452231095419962,-0.392996795767982,-0.800650082652441));
#10616=DIRECTION('ref_axis',(-0.604338804797747,0.525181077217182,-0.59913224345601));
#10617=DIRECTION('center_axis',(0.,0.,-1.));
#10618=DIRECTION('ref_axis',(0.,1.,0.));
#10619=DIRECTION('center_axis',(0.,0.991384697953553,-0.130982367758192));
#10620=DIRECTION('ref_axis',(-1.,0.,0.));
#10621=DIRECTION('center_axis',(-1.,2.2204460492503E-15,-2.933667239473E-16));
#10622=DIRECTION('ref_axis',(0.,-0.130982367758188,-0.991384697953554));
#10623=DIRECTION('center_axis',(-1.,0.,0.));
#10624=DIRECTION('ref_axis',(0.,0.659172827201565,-0.751991478594735));
#10625=DIRECTION('',(1.,0.,0.));
#10626=DIRECTION('',(-1.,0.,0.));
#10627=DIRECTION('center_axis',(1.,0.,0.));
#10628=DIRECTION('ref_axis',(0.,0.,1.));
#10629=DIRECTION('center_axis',(1.,0.,0.));
#10630=DIRECTION('ref_axis',(0.,0.0881566804053127,0.996106620648571));
#10631=DIRECTION('center_axis',(0.,0.,1.));
#10632=DIRECTION('ref_axis',(-0.707106781186548,0.707106781186548,0.));
#10633=DIRECTION('',(0.,0.,-1.));
#10634=DIRECTION('center_axis',(-1.,0.,0.));
#10635=DIRECTION('ref_axis',(0.,0.707106781186543,0.707106781186552));
#10636=DIRECTION('',(1.,0.,0.));
#10637=DIRECTION('',(-1.,0.,0.));
#10638=DIRECTION('center_axis',(0.,1.,0.));
#10639=DIRECTION('ref_axis',(-0.707106781186544,0.,-0.707106781186551));
#10640=DIRECTION('',(0.,-1.,0.));
#10641=DIRECTION('center_axis',(0.,3.70074341541719E-16,1.));
#10642=DIRECTION('ref_axis',(0.707106781186548,0.707106781186548,0.));
#10643=DIRECTION('',(0.,-3.70074341541719E-16,-1.));
#10644=DIRECTION('',(0.,3.70074341541719E-16,1.));
#10645=DIRECTION('center_axis',(0.,-1.,0.));
#10646=DIRECTION('ref_axis',(0.707106781186549,0.,0.707106781186546));
#10647=DIRECTION('',(0.,1.,0.));
#10648=DIRECTION('center_axis',(0.707106781186548,-0.707106781186548,0.));
#10649=DIRECTION('ref_axis',(0.707106781186547,0.707106781186547,0.));
#10650=DIRECTION('',(0.,-1.,0.));
#10651=DIRECTION('center_axis',(0.,-1.,2.05596856412066E-16));
#10652=DIRECTION('ref_axis',(0.707106781186555,0.,0.70710678118654));
#10653=DIRECTION('',(0.,1.,-2.05596856412066E-16));
#10654=DIRECTION('center_axis',(0.,0.,-1.));
#10655=DIRECTION('ref_axis',(0.707106781186546,-0.707106781186549,0.));
#10656=DIRECTION('',(0.,0.,1.));
#10657=DIRECTION('center_axis',(0.,0.,-1.));
#10658=DIRECTION('ref_axis',(-0.707106781186549,-0.707106781186546,0.));
#10659=DIRECTION('',(0.,0.,1.));
#10660=DIRECTION('center_axis',(0.,0.,1.));
#10661=DIRECTION('ref_axis',(0.923879532511287,-0.382683432365088,0.));
#10662=DIRECTION('',(0.,0.,-1.));
#10663=DIRECTION('',(0.,0.,1.));
#10664=DIRECTION('center_axis',(1.,0.,0.));
#10665=DIRECTION('ref_axis',(0.,0.,1.));
#10666=DIRECTION('center_axis',(-1.,0.,0.));
#10667=DIRECTION('ref_axis',(0.,-1.,0.));
#10668=DIRECTION('center_axis',(0.,0.,1.));
#10669=DIRECTION('ref_axis',(0.707106781186548,0.707106781186548,0.));
#10670=DIRECTION('',(0.,0.,-1.));
#10671=DIRECTION('',(0.,0.,1.));
#10672=DIRECTION('center_axis',(0.,-1.,2.05596856412066E-16));
#10673=DIRECTION('ref_axis',(0.707106781186549,0.,0.707106781186546));
#10674=DIRECTION('',(0.,1.,-2.05596856412066E-16));
#10675=DIRECTION('center_axis',(0.707106781186548,-0.707106781186548,0.));
#10676=DIRECTION('ref_axis',(0.707106781186547,0.707106781186547,-2.4532694666934E-16));
#10677=DIRECTION('',(0.,-1.,2.05596856412066E-16));
#10678=DIRECTION('center_axis',(0.,1.,-5.92118946466749E-16));
#10679=DIRECTION('ref_axis',(0.707106781186549,-3.92523114670944E-16,-0.707106781186546));
#10680=DIRECTION('',(0.,1.,-5.92118946466749E-16));
#10681=DIRECTION('center_axis',(0.707106781186548,-0.707106781186548,0.));
#10682=DIRECTION('ref_axis',(0.707106781186547,0.707106781186547,-7.85046229341887E-16));
#10683=DIRECTION('',(0.,-1.,5.92118946466749E-16));
#10684=DIRECTION('center_axis',(0.,0.,1.));
#10685=DIRECTION('ref_axis',(0.923879532511287,-0.382683432365088,0.));
#10686=DIRECTION('',(0.,0.,1.));
#10687=DIRECTION('',(0.,0.,-1.));
#10688=DIRECTION('center_axis',(-1.,0.,0.));
#10689=DIRECTION('ref_axis',(0.,1.,0.));
#10690=DIRECTION('center_axis',(1.,0.,0.));
#10691=DIRECTION('ref_axis',(0.,-1.,0.));
#10692=DIRECTION('',(-1.,0.,0.));
#10693=DIRECTION('center_axis',(-1.,0.,0.));
#10694=DIRECTION('ref_axis',(0.,1.,0.));
#10695=DIRECTION('',(1.,0.,0.));
#10696=DIRECTION('',(-1.,0.,0.));
#10697=DIRECTION('center_axis',(1.,0.,0.));
#10698=DIRECTION('ref_axis',(0.,1.,0.));
#10699=DIRECTION('center_axis',(1.,0.,0.));
#10700=DIRECTION('ref_axis',(0.,-1.,0.));
#10701=DIRECTION('',(-1.,0.,0.));
#10702=DIRECTION('',(-1.,0.,0.));
#10703=DIRECTION('center_axis',(-1.,0.,0.));
#10704=DIRECTION('ref_axis',(0.,1.,0.));
#10705=DIRECTION('center_axis',(0.,1.,0.));
#10706=DIRECTION('ref_axis',(0.,0.,1.));
#10707=DIRECTION('',(1.,0.,0.));
#10708=DIRECTION('center_axis',(0.,1.,0.));
#10709=DIRECTION('ref_axis',(0.,0.,1.));
#10710=DIRECTION('',(1.,0.,0.));
#10711=DIRECTION('center_axis',(-1.,0.,0.));
#10712=DIRECTION('ref_axis',(0.,0.,1.));
#10713=DIRECTION('center_axis',(0.,-1.,-1.48029736616688E-15));
#10714=DIRECTION('ref_axis',(0.,1.48029736616688E-15,-1.));
#10715=DIRECTION('',(0.,-1.48029736616688E-15,1.));
#10716=DIRECTION('center_axis',(0.,-2.05596856412066E-16,-1.));
#10717=DIRECTION('ref_axis',(0.,1.,-2.05596856412066E-16));
#10718=DIRECTION('center_axis',(0.,2.05596856412066E-16,1.));
#10719=DIRECTION('ref_axis',(0.382683432365088,-0.923879532511287,0.));
#10720=DIRECTION('',(0.707106781186548,0.707106781186548,-1.45378931359609E-16));
#10721=DIRECTION('center_axis',(-0.707106781186548,0.707106781186548,0.));
#10722=DIRECTION('ref_axis',(0.,0.,1.));
#10723=DIRECTION('',(0.,0.,-1.));
#10724=DIRECTION('',(-0.707106781186548,-0.707106781186548,4.18691322315672E-16));
#10725=DIRECTION('center_axis',(0.,-1.,0.));
#10726=DIRECTION('ref_axis',(0.,0.,-1.));
#10727=DIRECTION('center_axis',(-1.,0.,0.));
#10728=DIRECTION('ref_axis',(0.,0.,1.));
#10729=DIRECTION('center_axis',(0.,0.,-1.));
#10730=DIRECTION('ref_axis',(0.382683432365088,-0.923879532511287,0.));
#10731=DIRECTION('center_axis',(0.,-5.92118946466749E-16,-1.));
#10732=DIRECTION('ref_axis',(0.382683432365088,-0.923879532511287,0.));
#10733=DIRECTION('center_axis',(0.,0.,-1.));
#10734=DIRECTION('ref_axis',(0.382683432365088,-0.923879532511287,0.));
#10735=DIRECTION('',(0.,0.,-1.));
#10736=DIRECTION('center_axis',(0.,0.,1.));
#10737=DIRECTION('ref_axis',(0.382683432365088,-0.923879532511287,0.));
#10738=DIRECTION('center_axis',(0.,0.,-1.));
#10739=DIRECTION('ref_axis',(0.,1.,0.));
#10740=DIRECTION('',(0.707106781186548,0.707106781186548,0.));
#10741=DIRECTION('center_axis',(-0.707106781186548,0.707106781186548,0.));
#10742=DIRECTION('ref_axis',(0.,0.,1.));
#10743=DIRECTION('center_axis',(0.,5.92118946466749E-16,1.));
#10744=DIRECTION('ref_axis',(0.,-1.,5.92118946466749E-16));
#10745=DIRECTION('center_axis',(-1.,0.,0.));
#10746=DIRECTION('ref_axis',(0.,-0.382683432365089,-0.923879532511287));
#10747=DIRECTION('',(1.,0.,0.));
#10748=DIRECTION('',(-1.,0.,0.));
#10749=DIRECTION('center_axis',(0.,0.707106781186548,0.707106781186547));
#10750=DIRECTION('ref_axis',(0.,-0.707106781186547,0.707106781186548));
#10751=DIRECTION('',(-1.,0.,0.));
#10752=DIRECTION('center_axis',(-1.,0.,0.));
#10753=DIRECTION('ref_axis',(0.,0.38268343236509,0.923879532511287));
#10754=DIRECTION('',(1.,0.,0.));
#10755=DIRECTION('center_axis',(0.,-1.,0.));
#10756=DIRECTION('ref_axis',(0.382683432365092,0.,0.923879532511286));
#10757=DIRECTION('center_axis',(0.,1.,0.));
#10758=DIRECTION('ref_axis',(0.382683432365092,0.,0.923879532511286));
#10759=DIRECTION('',(0.,-1.,0.));
#10760=DIRECTION('center_axis',(-0.707106781186548,0.,-0.707106781186548));
#10761=DIRECTION('ref_axis',(-0.707106781186548,0.,0.707106781186548));
#10762=DIRECTION('',(-0.707106781186548,0.,0.707106781186548));
#10763=DIRECTION('',(0.,1.,0.));
#10764=DIRECTION('center_axis',(0.,1.,0.));
#10765=DIRECTION('ref_axis',(-0.38268343236509,0.,-0.923879532511287));
#10766=DIRECTION('center_axis',(0.,-1.,0.));
#10767=DIRECTION('ref_axis',(-0.38268343236509,0.,-0.923879532511287));
#10768=DIRECTION('',(0.,1.,0.));
#10769=DIRECTION('center_axis',(0.,1.,0.));
#10770=DIRECTION('ref_axis',(0.707106781186549,0.,-0.707106781186546));
#10771=DIRECTION('center_axis',(0.,-1.,0.));
#10772=DIRECTION('ref_axis',(0.707106781186549,0.,-0.707106781186546));
#10773=DIRECTION('',(0.,-1.,0.));
#10774=DIRECTION('center_axis',(0.,-1.,0.));
#10775=DIRECTION('ref_axis',(0.707106781186549,0.,-0.707106781186546));
#10776=DIRECTION('',(0.,1.,0.));
#10777=DIRECTION('center_axis',(1.,0.,0.));
#10778=DIRECTION('ref_axis',(0.,0.,-1.));
#10779=DIRECTION('',(0.,0.,-1.));
#10780=DIRECTION('',(0.,1.,0.));
#10781=DIRECTION('',(0.,0.,-1.));
#10782=DIRECTION('center_axis',(-0.853921715131953,0.39865066491832,-0.334507625901541));
#10783=DIRECTION('ref_axis',(-0.520401483881535,-0.654141984735459,0.548890298129099));
#10784=DIRECTION('center_axis',(0.86602540378444,-0.383022221559487,0.321393804843268));
#10785=DIRECTION('ref_axis',(-0.499999999999997,-0.663413948168939,0.556670399226421));
#10786=DIRECTION('center_axis',(-0.853921715131951,-0.398650664918322,0.334507625901542));
#10787=DIRECTION('ref_axis',(0.520401483881538,-0.654141984735458,0.548890298129098));
#10788=DIRECTION('center_axis',(0.866025403784439,0.383022221559489,-0.32139380484327));
#10789=DIRECTION('ref_axis',(0.5,-0.663413948168938,0.55667039922642));
#10790=DIRECTION('',(0.,0.64278760968654,0.766044443118977));
#10791=DIRECTION('center_axis',(1.,0.,0.));
#10792=DIRECTION('ref_axis',(0.,0.279169014939383,-0.960241980491259));
#10793=DIRECTION('',(-1.,5.26098171510454E-16,-4.41448781677464E-16));
#10794=DIRECTION('',(1.,0.,0.));
#10795=DIRECTION('center_axis',(-1.,0.,0.));
#10796=DIRECTION('ref_axis',(0.,-0.996961692748459,-0.0778934091700193));
#10797=DIRECTION('',(-1.,0.,0.));
#10798=DIRECTION('',(1.,0.,0.));
#10799=DIRECTION('center_axis',(0.853921715131951,-0.398650664918322,0.334507625901543));
#10800=DIRECTION('ref_axis',(-0.520401483881538,-0.654141984735457,0.548890298129098));
#10801=DIRECTION('',(0.,0.64278760968654,0.766044443118977));
#10802=DIRECTION('center_axis',(-0.866025403784439,0.383022221559489,-0.32139380484327));
#10803=DIRECTION('ref_axis',(-0.5,-0.663413948168938,0.55667039922642));
#10804=DIRECTION('center_axis',(-0.866025403784439,-0.383022221559488,0.32139380484327));
#10805=DIRECTION('ref_axis',(0.5,-0.663413948168938,0.55667039922642));
#10806=DIRECTION('center_axis',(0.853921715131952,0.398650664918322,-0.334507625901542));
#10807=DIRECTION('ref_axis',(0.520401483881538,-0.654141984735458,0.548890298129098));
#10808=DIRECTION('center_axis',(-0.866025403784439,-0.383022221559489,0.32139380484327));
#10809=DIRECTION('ref_axis',(0.5,-0.663413948168938,0.55667039922642));
#10810=DIRECTION('',(0.,0.64278760968654,0.766044443118977));
#10811=DIRECTION('',(0.5,-0.663413948168938,0.55667039922642));
#10812=DIRECTION('',(0.,0.64278760968654,0.766044443118977));
#10813=DIRECTION('center_axis',(0.,-0.766044443118977,0.64278760968654));
#10814=DIRECTION('ref_axis',(1.,0.,0.));
#10815=DIRECTION('',(1.,0.,0.));
#10816=DIRECTION('',(0.,0.64278760968654,0.766044443118977));
#10817=DIRECTION('center_axis',(0.866025403784439,-0.383022221559489,0.32139380484327));
#10818=DIRECTION('ref_axis',(0.5,0.663413948168938,-0.55667039922642));
#10819=DIRECTION('',(0.5,0.663413948168938,-0.55667039922642));
#10820=DIRECTION('',(0.,0.64278760968654,0.766044443118977));
#10821=DIRECTION('center_axis',(-1.,0.,0.));
#10822=DIRECTION('ref_axis',(0.,-1.,0.));
#10823=DIRECTION('',(1.,0.,0.));
#10824=DIRECTION('',(1.,0.,0.));
#10825=DIRECTION('center_axis',(-1.,2.00112983208669E-16,-1.6791473040418E-16));
#10826=DIRECTION('ref_axis',(0.,0.996194698091746,0.0871557427476582));
#10827=DIRECTION('center_axis',(-1.,0.,0.));
#10828=DIRECTION('ref_axis',(0.,0.996194698091746,0.0871557427476582));
#10829=DIRECTION('center_axis',(1.,0.,0.));
#10830=DIRECTION('ref_axis',(0.,0.766044443118978,-0.642787609686539));
#10831=DIRECTION('',(1.,-2.00112983208669E-16,1.6791473040418E-16));
#10832=DIRECTION('center_axis',(0.,0.64278760968654,0.766044443118977));
#10833=DIRECTION('ref_axis',(1.,0.,0.));
#10834=DIRECTION('center_axis',(-1.,0.,0.));
#10835=DIRECTION('ref_axis',(0.,-0.766044443118976,0.642787609686542));
#10836=DIRECTION('center_axis',(0.,-0.64278760968654,-0.766044443118977));
#10837=DIRECTION('ref_axis',(1.,-8.16340459283203E-17,8.16340459283203E-17));
#10838=DIRECTION('center_axis',(1.,-1.75098860307586E-16,1.46925389103657E-16));
#10839=DIRECTION('ref_axis',(0.,-0.0871557427476519,0.996194698091746));
#10840=DIRECTION('center_axis',(-1.,0.,0.));
#10841=DIRECTION('ref_axis',(0.,-0.0871557427476519,0.996194698091746));
#10842=DIRECTION('',(-1.,1.75098860307586E-16,-1.46925389103658E-16));
#10843=DIRECTION('center_axis',(2.28575328599297E-16,0.766044443118978,
-0.64278760968654));
#10844=DIRECTION('ref_axis',(-1.,1.75098860307586E-16,-1.46925389103658E-16));
#10845=DIRECTION('',(0.,0.64278760968654,0.766044443118978));
#10846=DIRECTION('',(1.,-1.75098860307586E-16,1.46925389103657E-16));
#10847=DIRECTION('',(0.,0.64278760968654,0.766044443118978));
#10848=DIRECTION('center_axis',(0.,-0.64278760968654,-0.766044443118978));
#10849=DIRECTION('ref_axis',(1.,0.,0.));
#10850=DIRECTION('',(0.,0.64278760968654,0.766044443118978));
#10851=DIRECTION('center_axis',(1.,0.,0.));
#10852=DIRECTION('ref_axis',(0.,0.766044443118977,-0.64278760968654));
#10853=DIRECTION('',(0.,-0.64278760968654,-0.766044443118978));
#10854=DIRECTION('center_axis',(1.,0.,0.));
#10855=DIRECTION('ref_axis',(0.,-0.999753698877499,-0.0221932778281835));
#10856=DIRECTION('',(0.,-1.,2.10240830574721E-15));
#10857=DIRECTION('',(0.,-0.766044443118977,0.64278760968654));
#10858=DIRECTION('center_axis',(1.,0.,0.));
#10859=DIRECTION('ref_axis',(0.,0.31461319803479,-0.949219961664483));
#10860=DIRECTION('center_axis',(-2.61228946970625E-16,-0.766044443118978,
0.64278760968654));
#10861=DIRECTION('ref_axis',(1.,-2.00112983208669E-16,1.6791473040418E-16));
#10862=DIRECTION('',(-1.,2.00112983208669E-16,-1.6791473040418E-16));
#10863=DIRECTION('center_axis',(-1.,0.,0.));
#10864=DIRECTION('ref_axis',(0.,0.31461319803479,-0.949219961664483));
#10865=DIRECTION('center_axis',(-1.,0.,0.));
#10866=DIRECTION('ref_axis',(0.,0.766044443118978,-0.642787609686539));
#10867=DIRECTION('center_axis',(1.,0.,0.));
#10868=DIRECTION('ref_axis',(0.,-0.766044443118978,0.64278760968654));
#10869=DIRECTION('center_axis',(1.,0.,0.));
#10870=DIRECTION('ref_axis',(0.,-0.999753698877499,-0.0221932778281835));
#10871=DIRECTION('center_axis',(0.,0.64278760968654,0.766044443118977));
#10872=DIRECTION('ref_axis',(0.,-0.766044443118977,0.64278760968654));
#10873=DIRECTION('',(1.,0.,0.));
#10874=DIRECTION('',(0.,0.766044443118977,-0.64278760968654));
#10875=DIRECTION('center_axis',(0.,2.10240830574721E-15,1.));
#10876=DIRECTION('ref_axis',(0.,-1.,2.10240830574721E-15));
#10877=DIRECTION('',(0.,1.,-2.10240830574721E-15));
#10878=DIRECTION('center_axis',(-0.86602540378444,0.383022221559487,-0.321393804843268));
#10879=DIRECTION('ref_axis',(-0.499999999999997,-0.663413948168939,0.556670399226421));
#10880=DIRECTION('',(0.,0.64278760968654,0.766044443118977));
#10881=DIRECTION('',(-0.499999999999997,-0.663413948168939,0.556670399226421));
#10882=DIRECTION('center_axis',(6.86772387994131E-16,0.766044443118977,
-0.64278760968654));
#10883=DIRECTION('ref_axis',(-1.,5.26098171510454E-16,-4.41448781677464E-16));
#10884=DIRECTION('',(0.,-0.64278760968654,-0.766044443118977));
#10885=DIRECTION('',(-1.,5.26098171510454E-16,-4.41448781677464E-16));
#10886=DIRECTION('center_axis',(0.866025403784439,0.383022221559488,-0.32139380484327));
#10887=DIRECTION('ref_axis',(-0.5,0.663413948168938,-0.55667039922642));
#10888=DIRECTION('',(-0.5,0.663413948168938,-0.55667039922642));
#10889=DIRECTION('center_axis',(0.,-0.64278760968654,-0.766044443118977));
#10890=DIRECTION('ref_axis',(-1.,0.,0.));
#10891=DIRECTION('center_axis',(0.,-1.,0.));
#10892=DIRECTION('ref_axis',(-0.707106781186546,0.,0.707106781186549));
#10893=DIRECTION('center_axis',(0.,-1.,0.));
#10894=DIRECTION('ref_axis',(-0.707106781186546,0.,0.707106781186549));
#10895=DIRECTION('',(0.,1.,0.));
#10896=DIRECTION('center_axis',(0.,-1.,0.));
#10897=DIRECTION('ref_axis',(0.382683432365089,0.,0.923879532511287));
#10898=DIRECTION('',(0.,-1.,0.));
#10899=DIRECTION('center_axis',(0.,-1.,0.));
#10900=DIRECTION('ref_axis',(0.382683432365089,0.,0.923879532511287));
#10901=DIRECTION('',(0.,1.,0.));
#10902=DIRECTION('center_axis',(0.707106781186548,0.,0.707106781186547));
#10903=DIRECTION('ref_axis',(0.707106781186547,0.,-0.707106781186548));
#10904=DIRECTION('',(0.707106781186547,0.,-0.707106781186548));
#10905=DIRECTION('',(0.,-1.,0.));
#10906=DIRECTION('center_axis',(0.,-1.,0.));
#10907=DIRECTION('ref_axis',(0.923879532511287,0.,0.382683432365089));
#10908=DIRECTION('center_axis',(0.,-1.,0.));
#10909=DIRECTION('ref_axis',(0.923879532511287,0.,0.382683432365089));
#10910=DIRECTION('center_axis',(-2.24287479722254E-16,0.,1.));
#10911=DIRECTION('ref_axis',(1.,0.,2.24287479722254E-16));
#10912=DIRECTION('',(1.,0.,2.24287479722254E-16));
#10913=DIRECTION('center_axis',(0.,-1.,3.70074341541719E-16));
#10914=DIRECTION('ref_axis',(0.,-3.70074341541719E-16,-1.));
#10915=DIRECTION('center_axis',(-1.,0.,0.));
#10916=DIRECTION('ref_axis',(0.,0.,1.));
#10917=DIRECTION('center_axis',(1.,0.,0.));
#10918=DIRECTION('ref_axis',(0.,0.,-1.));
#10919=DIRECTION('center_axis',(0.,0.,1.));
#10920=DIRECTION('ref_axis',(0.,-1.,0.));
#10921=DIRECTION('',(-1.,0.,0.));
#10922=DIRECTION('center_axis',(0.,1.,0.));
#10923=DIRECTION('ref_axis',(0.,0.,1.));
#10924=DIRECTION('center_axis',(-0.70710678118655,-0.707106781186545,0.));
#10925=DIRECTION('ref_axis',(0.,0.,1.));
#10926=DIRECTION('',(0.,0.,-1.));
#10927=DIRECTION('',(0.577350269189624,-0.577350269189628,-0.577350269189626));
#10928=DIRECTION('',(0.,0.,1.));
#10929=DIRECTION('',(-0.707106781186545,0.70710678118655,0.));
#10930=DIRECTION('center_axis',(-1.,0.,0.));
#10931=DIRECTION('ref_axis',(0.,0.,1.));
#10932=DIRECTION('',(0.,1.,0.));
#10933=DIRECTION('',(0.,0.,-1.));
#10934=DIRECTION('',(0.,1.,0.));
#10935=DIRECTION('center_axis',(0.,1.,0.));
#10936=DIRECTION('ref_axis',(0.,0.,-1.));
#10937=DIRECTION('center_axis',(0.,1.,0.));
#10938=DIRECTION('ref_axis',(-1.,0.,0.));
#10939=DIRECTION('',(-1.,0.,0.));
#10940=DIRECTION('',(-1.,0.,0.));
#10941=DIRECTION('center_axis',(0.,1.,0.));
#10942=DIRECTION('ref_axis',(-1.,0.,0.));
#10943=DIRECTION('center_axis',(0.,1.,0.));
#10944=DIRECTION('ref_axis',(0.,0.,-1.));
#10945=DIRECTION('',(1.,0.,0.));
#10946=DIRECTION('center_axis',(1.,1.36955018267536E-31,4.62592926927149E-17));
#10947=DIRECTION('ref_axis',(-4.62592926927149E-17,2.96059473233376E-15,
1.));
#10948=DIRECTION('',(0.,1.,-2.96059473233374E-15));
#10949=DIRECTION('',(4.62592926927149E-17,0.,-1.));
#10950=DIRECTION('center_axis',(-1.,-1.36955018267536E-31,-4.62592926927149E-17));
#10951=DIRECTION('ref_axis',(0.,1.,0.));
#10952=DIRECTION('center_axis',(-1.,0.,0.));
#10953=DIRECTION('ref_axis',(0.,-1.,0.));
#10954=DIRECTION('',(1.,0.,0.));
#10955=DIRECTION('center_axis',(0.,0.,1.));
#10956=DIRECTION('ref_axis',(1.,0.,0.));
#10957=DIRECTION('',(1.,0.,0.));
#10958=DIRECTION('center_axis',(0.,0.,-1.));
#10959=DIRECTION('ref_axis',(-0.615881762051439,-0.787838597158336,0.));
#10960=DIRECTION('center_axis',(0.,0.,1.));
#10961=DIRECTION('ref_axis',(-1.,-3.70074341541719E-17,0.));
#10962=DIRECTION('center_axis',(0.,0.,-1.));
#10963=DIRECTION('ref_axis',(-0.7319250547114,0.681385143869247,0.));
#10964=DIRECTION('',(-1.,0.,0.));
#10965=DIRECTION('center_axis',(0.,0.,-1.));
#10966=DIRECTION('ref_axis',(0.674199862463242,0.738548945875996,0.));
#10967=DIRECTION('center_axis',(0.,0.,-1.));
#10968=DIRECTION('ref_axis',(1.,5.55111512312578E-17,0.));
#10969=DIRECTION('center_axis',(0.,0.,-1.));
#10970=DIRECTION('ref_axis',(0.816496580927721,-0.577350269189633,0.));
#10971=DIRECTION('center_axis',(0.,0.,-1.));
#10972=DIRECTION('ref_axis',(1.,0.,0.));
#10973=DIRECTION('center_axis',(0.,0.,-1.));
#10974=DIRECTION('ref_axis',(0.816496580927728,-0.577350269189623,0.));
#10975=DIRECTION('center_axis',(0.333333333333333,-0.942809041582063,0.));
#10976=DIRECTION('ref_axis',(0.,0.,1.));
#10977=DIRECTION('center_axis',(0.,0.,1.));
#10978=DIRECTION('ref_axis',(0.816496580927728,-0.577350269189623,0.));
#10979=DIRECTION('center_axis',(0.,0.,-1.));
#10980=DIRECTION('ref_axis',(1.,0.,0.));
#10981=DIRECTION('center_axis',(0.0909090909090933,-0.995859195463938,0.));
#10982=DIRECTION('ref_axis',(0.,0.,1.));
#10983=DIRECTION('center_axis',(0.,0.,-1.));
#10984=DIRECTION('ref_axis',(-0.976883315274401,-0.213773217074766,0.));
#10985=DIRECTION('center_axis',(0.,0.,1.));
#10986=DIRECTION('ref_axis',(-0.976883315274401,-0.213773217074766,0.));
#10987=DIRECTION('center_axis',(0.,0.,-1.));
#10988=DIRECTION('ref_axis',(1.,0.,0.));
#10989=DIRECTION('center_axis',(1.,0.,0.));
#10990=DIRECTION('ref_axis',(0.,0.,1.));
#10991=DIRECTION('center_axis',(0.,0.,1.));
#10992=DIRECTION('ref_axis',(0.674199862463242,0.738548945875996,0.));
#10993=DIRECTION('center_axis',(0.,0.,-1.));
#10994=DIRECTION('ref_axis',(0.674199862463242,0.738548945875996,0.));
#10995=DIRECTION('center_axis',(-1.,0.,0.));
#10996=DIRECTION('ref_axis',(0.,-0.707106781186549,0.707106781186546));
#10997=DIRECTION('center_axis',(1.,0.,0.));
#10998=DIRECTION('ref_axis',(0.,0.,1.));
#10999=DIRECTION('',(-1.,0.,0.));
#11000=DIRECTION('',(1.,0.,0.));
#11001=DIRECTION('center_axis',(0.,0.,-1.));
#11002=DIRECTION('ref_axis',(-0.731925054711402,-0.681385143869244,0.));
#11003=DIRECTION('center_axis',(-0.0714285714285706,0.997445717412067,0.));
#11004=DIRECTION('ref_axis',(0.,0.,1.));
#11005=DIRECTION('center_axis',(0.,0.,1.));
#11006=DIRECTION('ref_axis',(-0.731925054711401,0.681385143869246,0.));
#11007=DIRECTION('center_axis',(0.,0.,-1.));
#11008=DIRECTION('ref_axis',(-0.731925054711401,0.681385143869246,0.));
#11009=DIRECTION('center_axis',(0.,0.,1.));
#11010=DIRECTION('ref_axis',(-1.,0.,0.));
#11011=DIRECTION('center_axis',(0.,0.,1.));
#11012=DIRECTION('ref_axis',(-0.987600808255731,-0.156986125287002,0.));
#11013=DIRECTION('center_axis',(0.,0.,-1.));
#11014=DIRECTION('ref_axis',(-0.987600808255731,-0.156986125287002,0.));
#11015=DIRECTION('center_axis',(0.,0.,1.));
#11016=DIRECTION('ref_axis',(-0.615881762051439,-0.787838597158336,0.));
#11017=DIRECTION('',(0.,0.,1.));
#11018=DIRECTION('',(0.,0.,-1.));
#11019=DIRECTION('center_axis',(0.,0.,1.));
#11020=DIRECTION('ref_axis',(0.816496580927721,-0.577350269189633,0.));
#11021=DIRECTION('',(0.,0.,1.));
#11022=DIRECTION('',(0.,0.,-1.));
#11023=DIRECTION('center_axis',(0.,0.,1.));
#11024=DIRECTION('ref_axis',(-0.7319250547114,0.681385143869247,0.));
#11025=DIRECTION('',(0.,0.,1.));
#11026=DIRECTION('',(0.,0.,-1.));
#11027=DIRECTION('center_axis',(0.,-1.,0.));
#11028=DIRECTION('ref_axis',(-1.,0.,0.));
#11029=DIRECTION('',(0.,0.,-1.));
#11030=DIRECTION('center_axis',(0.,0.,1.));
#11031=DIRECTION('ref_axis',(0.674199862463242,0.738548945875996,0.));
#11032=DIRECTION('',(0.,0.,1.));
#11033=DIRECTION('center_axis',(0.,0.,1.));
#11034=DIRECTION('ref_axis',(1.,5.55111512312578E-17,0.));
#11035=DIRECTION('center_axis',(0.,0.,1.));
#11036=DIRECTION('ref_axis',(-1.,-3.70074341541719E-17,0.));
#11037=DIRECTION('center_axis',(0.,-0.707106781186548,-0.707106781186547));
#11038=DIRECTION('ref_axis',(0.,-0.707106781186547,0.707106781186548));
#11039=DIRECTION('',(-1.,0.,0.));
#11040=DIRECTION('',(0.,-0.707106781186547,0.707106781186548));
#11041=DIRECTION('',(-1.,0.,0.));
#11042=DIRECTION('center_axis',(0.,-0.707106781186547,0.707106781186548));
#11043=DIRECTION('ref_axis',(0.,0.707106781186548,0.707106781186547));
#11044=DIRECTION('',(0.,0.707106781186548,0.707106781186547));
#11045=DIRECTION('',(-1.,0.,0.));
#11046=DIRECTION('center_axis',(0.,0.707106781186548,0.707106781186547));
#11047=DIRECTION('ref_axis',(0.,0.707106781186547,-0.707106781186548));
#11048=DIRECTION('',(0.,0.707106781186547,-0.707106781186548));
#11049=DIRECTION('',(-1.,0.,0.));
#11050=DIRECTION('center_axis',(0.,0.707106781186548,-0.707106781186547));
#11051=DIRECTION('ref_axis',(0.,-0.707106781186547,-0.707106781186548));
#11052=DIRECTION('',(0.,-0.707106781186547,-0.707106781186548));
#11053=DIRECTION('center_axis',(-1.,0.,0.));
#11054=DIRECTION('ref_axis',(0.,0.,1.));
#11055=DIRECTION('center_axis',(-1.,0.,0.));
#11056=DIRECTION('ref_axis',(0.,1.,0.));
#11057=DIRECTION('center_axis',(-0.70710678118655,-2.09345661157835E-15,
-0.707106781186545));
#11058=DIRECTION('ref_axis',(-0.707106781186545,0.,0.70710678118655));
#11059=DIRECTION('',(-0.707106781186545,0.,0.70710678118655));
#11060=DIRECTION('',(0.,-1.,2.96059473233374E-15));
#11061=DIRECTION('center_axis',(9.86864910777916E-15,2.96059473233374E-15,
1.));
#11062=DIRECTION('ref_axis',(-1.,2.92170705637413E-29,9.86864910777916E-15));
#11063=DIRECTION('',(1.,0.,-9.86864910777916E-15));
#11064=DIRECTION('',(0.,1.,-2.96059473233374E-15));
#11065=DIRECTION('',(-1.,2.92170705637413E-29,9.86864910777916E-15));
#11066=DIRECTION('center_axis',(0.707106781186546,-2.09345661157836E-15,
-0.707106781186549));
#11067=DIRECTION('ref_axis',(-0.707106781186549,0.,-0.707106781186546));
#11068=DIRECTION('',(-0.707106781186549,0.,-0.707106781186546));
#11069=DIRECTION('',(0.,-1.,2.96059473233374E-15));
#11070=DIRECTION('',(0.707106781186549,2.09345661157837E-15,0.707106781186546));
#11071=DIRECTION('center_axis',(-1.,-5.47820073070144E-31,-1.85037170770859E-16));
#11072=DIRECTION('ref_axis',(1.85037170770859E-16,-2.96059473233376E-15,
-1.));
#11073=DIRECTION('',(-1.85037170770859E-16,0.,1.));
#11074=DIRECTION('center_axis',(-1.,-5.47820073070144E-31,-1.85037170770859E-16));
#11075=DIRECTION('ref_axis',(0.,1.,0.));
#11076=DIRECTION('',(1.85037170770859E-16,-2.96059473233376E-15,-1.));
#11077=DIRECTION('center_axis',(1.,5.47820073070144E-31,1.85037170770859E-16));
#11078=DIRECTION('ref_axis',(0.,1.,0.));
#11079=DIRECTION('center_axis',(-1.,0.,0.));
#11080=DIRECTION('ref_axis',(0.,1.,0.));
#11081=DIRECTION('',(1.,0.,0.));
#11082=DIRECTION('',(1.,0.,0.));
#11083=DIRECTION('center_axis',(0.,-1.,2.96059473233376E-15));
#11084=DIRECTION('ref_axis',(0.,-2.96059473233376E-15,-1.));
#11085=DIRECTION('center_axis',(1.,0.,0.));
#11086=DIRECTION('ref_axis',(0.,1.,0.));
#11087=DIRECTION('center_axis',(1.,0.,0.));
#11088=DIRECTION('ref_axis',(0.,1.,0.));
#11089=DIRECTION('',(1.,0.,0.));
#11090=DIRECTION('center_axis',(-1.,0.,0.));
#11091=DIRECTION('ref_axis',(0.,1.,0.));
#11092=DIRECTION('',(0.707106781186548,0.707106781186547,8.65956056235493E-17));
#11093=DIRECTION('center_axis',(1.,0.,0.));
#11094=DIRECTION('ref_axis',(0.,1.,0.));
#11095=DIRECTION('',(1.,0.,0.));
#11096=DIRECTION('center_axis',(0.,0.,1.));
#11097=DIRECTION('ref_axis',(0.,-1.,0.));
#11098=DIRECTION('center_axis',(0.,-1.,0.));
#11099=DIRECTION('ref_axis',(0.,0.,-1.));
#11100=DIRECTION('',(1.,0.,0.));
#11101=DIRECTION('',(0.,0.,1.));
#11102=DIRECTION('center_axis',(0.,0.,1.));
#11103=DIRECTION('ref_axis',(0.,-1.,0.));
#11104=DIRECTION('',(1.,0.,0.));
#11105=DIRECTION('',(0.,-1.,0.));
#11106=DIRECTION('center_axis',(0.,-1.,0.));
#11107=DIRECTION('ref_axis',(0.,0.,-1.));
#11108=DIRECTION('',(1.,0.,0.));
#11109=DIRECTION('',(0.,0.,-1.));
#11110=DIRECTION('center_axis',(0.,0.,-1.));
#11111=DIRECTION('ref_axis',(0.,1.,0.));
#11112=DIRECTION('',(1.,0.,0.));
#11113=DIRECTION('',(0.,1.,0.));
#11114=DIRECTION('center_axis',(0.,-0.707106781186547,-0.707106781186548));
#11115=DIRECTION('ref_axis',(0.,0.707106781186548,-0.707106781186547));
#11116=DIRECTION('',(0.,0.707106781186548,-0.707106781186547));
#11117=DIRECTION('center_axis',(1.,0.,0.));
#11118=DIRECTION('ref_axis',(0.,0.,-1.));
#11119=DIRECTION('center_axis',(0.,0.,1.));
#11120=DIRECTION('ref_axis',(1.,0.,0.));
#11121=DIRECTION('center_axis',(-4.07368655030422E-15,0.398167654454941,
-0.917312661498712));
#11122=DIRECTION('ref_axis',(0.,0.917312661498712,0.398167654454941));
#11123=DIRECTION('center_axis',(-1.,0.,0.));
#11124=DIRECTION('ref_axis',(0.,1.,0.));
#11125=DIRECTION('center_axis',(0.,1.77635683940026E-14,1.));
#11126=DIRECTION('ref_axis',(-1.,0.,0.));
#11127=DIRECTION('center_axis',(-1.,0.,0.));
#11128=DIRECTION('ref_axis',(0.,0.979109968670197,0.20333142711014));
#11129=DIRECTION('center_axis',(1.,0.,0.));
#11130=DIRECTION('ref_axis',(0.,0.979109968670197,0.20333142711014));
#11131=DIRECTION('',(-1.,0.,0.));
#11132=DIRECTION('',(1.,0.,0.));
#11133=DIRECTION('center_axis',(1.,2.1350442781253E-16,0.));
#11134=DIRECTION('ref_axis',(0.,0.707106781186549,-0.707106781186546));
#11135=DIRECTION('',(1.,2.1350442781253E-16,0.));
#11136=DIRECTION('center_axis',(-1.,0.,0.));
#11137=DIRECTION('ref_axis',(0.,1.,0.));
#11138=DIRECTION('',(-1.,-2.1350442781253E-16,0.));
#11139=DIRECTION('center_axis',(0.,0.,-1.));
#11140=DIRECTION('ref_axis',(-1.,0.,0.));
#11141=DIRECTION('center_axis',(-0.707106781186554,-0.707106781186541,0.));
#11142=DIRECTION('ref_axis',(-0.707106781186541,0.707106781186554,0.));
#11143=DIRECTION('center_axis',(0.,0.,-1.));
#11144=DIRECTION('ref_axis',(0.38268343236509,-0.923879532511287,0.));
#11145=DIRECTION('center_axis',(0.,0.,1.));
#11146=DIRECTION('ref_axis',(0.38268343236509,-0.923879532511287,0.));
#11147=DIRECTION('center_axis',(0.707106781186547,0.707106781186548,0.));
#11148=DIRECTION('ref_axis',(-0.500000000000001,0.499999999999999,-0.707106781186548));
#11149=DIRECTION('center_axis',(-0.707106781186543,-0.707106781186552,0.));
#11150=DIRECTION('ref_axis',(-0.707106781186552,0.707106781186543,0.));
#11151=DIRECTION('',(-0.707106781186547,-0.707106781186548,0.));
#11152=DIRECTION('',(0.707106781186547,0.707106781186548,0.));
#11153=DIRECTION('center_axis',(0.,0.,1.));
#11154=DIRECTION('ref_axis',(1.,0.,0.));
#11155=DIRECTION('center_axis',(-0.969627616777153,-0.244585945595937,0.));
#11156=DIRECTION('ref_axis',(-0.244585945595937,0.969627616777153,0.));
#11157=DIRECTION('center_axis',(0.,0.,1.));
#11158=DIRECTION('ref_axis',(-0.493618333160824,0.869678642469464,0.));
#11159=DIRECTION('center_axis',(0.,0.,-1.));
#11160=DIRECTION('ref_axis',(-0.493618333160824,0.869678642469464,0.));
#11161=DIRECTION('center_axis',(0.,0.,1.));
#11162=DIRECTION('ref_axis',(1.,0.,0.));
#11163=DIRECTION('center_axis',(-0.707106781186545,-0.70710678118655,0.));
#11164=DIRECTION('ref_axis',(-0.70710678118655,0.707106781186545,0.));
#11165=DIRECTION('center_axis',(0.,0.,-1.));
#11166=DIRECTION('ref_axis',(0.493618333160827,-0.869678642469463,0.));
#11167=DIRECTION('center_axis',(0.,0.,1.));
#11168=DIRECTION('ref_axis',(0.493618333160827,-0.869678642469462,0.));
#11169=DIRECTION('center_axis',(-0.707106781186548,-0.707106781186548,0.));
#11170=DIRECTION('ref_axis',(-0.5,0.5,-0.707106781186547));
#11171=DIRECTION('center_axis',(-0.707106781186552,-0.707106781186543,0.));
#11172=DIRECTION('ref_axis',(-0.707106781186543,0.707106781186552,0.));
#11173=DIRECTION('',(-0.707106781186547,-0.707106781186547,0.));
#11174=DIRECTION('',(0.707106781186548,0.707106781186548,0.));
#11175=DIRECTION('center_axis',(0.,0.,-1.));
#11176=DIRECTION('ref_axis',(-1.,0.,0.));
#11177=DIRECTION('center_axis',(-0.397912304398082,-0.917423456212347,0.));
#11178=DIRECTION('ref_axis',(-0.917423456212347,0.397912304398082,0.));
#11179=DIRECTION('center_axis',(0.,0.,-1.));
#11180=DIRECTION('ref_axis',(0.805615782883282,-0.592438359974569,0.));
#11181=DIRECTION('center_axis',(0.,0.,1.));
#11182=DIRECTION('ref_axis',(0.805615782883282,-0.592438359974569,0.));
#11183=DIRECTION('center_axis',(2.18364096214698E-11,-0.950903560572057,
0.309487347869641));
#11184=DIRECTION('ref_axis',(-1.,-2.29638530413464E-11,0.));
#11185=DIRECTION('center_axis',(-1.,0.,0.));
#11186=DIRECTION('ref_axis',(0.,0.,1.));
#11187=DIRECTION('center_axis',(0.,-0.707106781186545,0.70710678118655));
#11188=DIRECTION('ref_axis',(-1.,0.,0.));
#11189=DIRECTION('center_axis',(1.,0.,0.));
#11190=DIRECTION('ref_axis',(0.,0.540061305588372,0.841625680576694));
#11191=DIRECTION('center_axis',(-1.,0.,0.));
#11192=DIRECTION('ref_axis',(0.,0.540061305588372,0.841625680576694));
#11193=DIRECTION('center_axis',(0.,-0.707106781186547,0.707106781186548));
#11194=DIRECTION('ref_axis',(-0.707106781186541,-0.500000000000005,-0.500000000000005));
#11195=DIRECTION('center_axis',(0.,-0.70710678118655,0.707106781186545));
#11196=DIRECTION('ref_axis',(-1.,0.,0.));
#11197=DIRECTION('',(0.,-0.707106781186547,0.707106781186548));
#11198=DIRECTION('',(0.,0.707106781186547,-0.707106781186548));
#11199=DIRECTION('center_axis',(1.,0.,0.));
#11200=DIRECTION('ref_axis',(0.,0.,-1.));
#11201=DIRECTION('center_axis',(0.,-1.,0.));
#11202=DIRECTION('ref_axis',(-1.,0.,0.));
#11203=DIRECTION('center_axis',(-1.,0.,0.));
#11204=DIRECTION('ref_axis',(0.,-0.38268343236509,-0.923879532511287));
#11205=DIRECTION('center_axis',(1.,0.,0.));
#11206=DIRECTION('ref_axis',(0.,-0.38268343236509,-0.923879532511287));
#11207=DIRECTION('center_axis',(0.,-1.,0.));
#11208=DIRECTION('ref_axis',(-0.70710678118654,0.,-0.707106781186555));
#11209=DIRECTION('',(0.,-1.,0.));
#11210=DIRECTION('',(0.,1.,0.));
#11211=DIRECTION('center_axis',(0.,-0.707106781186549,-0.707106781186546));
#11212=DIRECTION('ref_axis',(0.,0.707106781186546,-0.707106781186549));
#11213=DIRECTION('center_axis',(0.,0.,-1.));
#11214=DIRECTION('ref_axis',(-0.707106781186535,0.70710678118656,0.));
#11215=DIRECTION('',(0.,0.,1.));
#11216=DIRECTION('',(0.,0.,-1.));
#11217=DIRECTION('center_axis',(-1.,0.,0.));
#11218=DIRECTION('ref_axis',(0.,0.,1.));
#11219=DIRECTION('center_axis',(0.,0.956872711430908,-0.290507511295082));
#11220=DIRECTION('ref_axis',(-1.,0.,0.));
#11221=DIRECTION('center_axis',(-1.,0.,0.));
#11222=DIRECTION('ref_axis',(0.,0.664938081805383,0.746898485314422));
#11223=DIRECTION('center_axis',(1.,0.,0.));
#11224=DIRECTION('ref_axis',(0.,0.664938081805383,0.746898485314422));
#11225=DIRECTION('center_axis',(0.697732005588099,0.697732005588085,-0.162296323914122));
#11226=DIRECTION('ref_axis',(-0.707106781186541,0.707106781186554,0.));
#11227=DIRECTION('center_axis',(0.707106781186545,0.70710678118655,-3.14018491736749E-15));
#11228=DIRECTION('ref_axis',(-0.70710678118655,0.707106781186545,0.));
#11229=DIRECTION('center_axis',(-0.711630677266195,0.70255375536229,-3.20420432279716E-16));
#11230=DIRECTION('ref_axis',(0.70255375536229,0.711630677266195,0.));
#11231=DIRECTION('center_axis',(0.707106781186548,-0.707106781186548,3.15291735437424E-16));
#11232=DIRECTION('ref_axis',(0.707106781186547,0.707106781186547,0.));
#11233=DIRECTION('center_axis',(0.707106781186548,0.707106781186548,0.));
#11234=DIRECTION('ref_axis',(-0.500000000000002,0.499999999999996,0.707106781186549));
#11235=DIRECTION('center_axis',(0.707106781186541,0.707106781186554,0.));
#11236=DIRECTION('ref_axis',(-0.707106781186554,0.707106781186541,0.));
#11237=DIRECTION('',(0.707106781186548,0.707106781186548,0.));
#11238=DIRECTION('',(-0.707106781186548,-0.707106781186548,0.));
#11239=DIRECTION('center_axis',(0.,0.,-1.));
#11240=DIRECTION('ref_axis',(-1.,0.,0.));
#11241=DIRECTION('center_axis',(0.930098147218747,0.367311089596072,-5.09746536087138E-17));
#11242=DIRECTION('ref_axis',(-0.367311089596072,0.930098147218747,0.));
#11243=DIRECTION('center_axis',(0.,0.,1.));
#11244=DIRECTION('ref_axis',(0.576248903220143,-0.817274251116222,0.));
#11245=DIRECTION('center_axis',(0.,0.,-1.));
#11246=DIRECTION('ref_axis',(0.576248903220143,-0.817274251116222,0.));
#11247=DIRECTION('center_axis',(0.956053035406229,0.241161794132879,0.166744062986201));
#11248=DIRECTION('ref_axis',(-0.244585945594036,0.969627616777632,0.));
#11249=DIRECTION('center_axis',(0.611611038514427,0.611611038492818,0.501860414020712));
#11250=DIRECTION('ref_axis',(-0.707106781174056,0.707106781199039,0.));
#11251=DIRECTION('center_axis',(0.57735026918962,0.577350269189619,0.577350269189639));
#11252=DIRECTION('ref_axis',(-0.707106781186547,0.707106781186548,0.));
#11253=DIRECTION('center_axis',(-0.640184399664481,0.768221279597375,0.));
#11254=DIRECTION('ref_axis',(-0.768221279597375,-0.640184399664481,0.));
#11255=DIRECTION('center_axis',(0.707106781186548,-0.707106781186547,0.));
#11256=DIRECTION('ref_axis',(-0.707106781186547,-0.707106781186548,-7.85046229341887E-17));
#11257=DIRECTION('center_axis',(-0.577350269189626,-0.577350269189626,-0.577350269189626));
#11258=DIRECTION('ref_axis',(-0.816496580927726,0.408248290463863,0.408248290463863));
#11259=DIRECTION('center_axis',(0.577350269189625,0.577350269189628,0.577350269189625));
#11260=DIRECTION('ref_axis',(-0.70710678118655,0.707106781186545,0.));
#11261=DIRECTION('',(0.577350269189626,0.577350269189626,0.577350269189626));
#11262=DIRECTION('',(-0.577350269189626,-0.577350269189626,-0.577350269189626));
#11263=DIRECTION('center_axis',(0.689386989937916,0.689386989937916,0.22246607878209));
#11264=DIRECTION('ref_axis',(-0.707106781186548,0.707106781186548,0.));
#11265=DIRECTION('center_axis',(0.759256602365297,-0.650791373455968,0.));
#11266=DIRECTION('ref_axis',(0.650791373455968,0.759256602365297,0.));
#11267=DIRECTION('center_axis',(-0.707106781186548,0.707106781186547,0.));
#11268=DIRECTION('ref_axis',(0.707106781186547,0.707106781186548,-1.12149461334555E-16));
#11269=DIRECTION('center_axis',(0.916515138917358,0.40000000016912,6.20029584129056E-10));
#11270=DIRECTION('ref_axis',(-0.40000000016912,0.916515138917358,0.));
#11271=DIRECTION('center_axis',(0.,0.,-1.));
#11272=DIRECTION('ref_axis',(-1.,0.,0.));
#11273=DIRECTION('center_axis',(1.,0.,0.));
#11274=DIRECTION('ref_axis',(0.,1.,0.));
#11275=DIRECTION('center_axis',(0.,0.,1.));
#11276=DIRECTION('ref_axis',(0.240381699149387,-0.970678442489609,0.));
#11277=DIRECTION('center_axis',(0.,0.,-1.));
#11278=DIRECTION('ref_axis',(0.240381699149387,-0.970678442489609,0.));
#11279=DIRECTION('center_axis',(-1.,-2.1350442781253E-16,0.));
#11280=DIRECTION('ref_axis',(0.,0.707106781186549,0.707106781186546));
#11281=DIRECTION('',(1.,2.1350442781253E-16,0.));
#11282=DIRECTION('',(-1.,-2.1350442781253E-16,0.));
#11283=DIRECTION('center_axis',(0.,0.,-1.));
#11284=DIRECTION('ref_axis',(-1.,0.,0.));
#11285=DIRECTION('',(-1.,0.,0.));
#11286=DIRECTION('',(-1.,0.,0.));
#11287=DIRECTION('',(1.,0.,0.));
#11288=DIRECTION('',(0.,1.,0.));
#11289=DIRECTION('',(0.707106781186545,0.70710678118655,0.));
#11290=DIRECTION('',(1.,0.,0.));
#11291=DIRECTION('',(0.,1.,0.));
#11292=DIRECTION('',(1.,0.,0.));
#11293=DIRECTION('',(0.,1.,0.));
#11294=DIRECTION('center_axis',(0.,0.,-1.));
#11295=DIRECTION('ref_axis',(1.,0.,0.));
#11296=DIRECTION('center_axis',(-1.,0.,0.));
#11297=DIRECTION('ref_axis',(0.,0.,1.));
#11298=DIRECTION('',(0.,-4.45889848359754E-16,-1.));
#11299=DIRECTION('center_axis',(0.,-4.45889848359754E-16,-1.));
#11300=DIRECTION('ref_axis',(0.923879532511287,-0.38268343236509,0.));
#11301=DIRECTION('',(3.4863055968421E-32,4.45889848359754E-16,1.));
#11302=DIRECTION('center_axis',(-0.707106781186548,0.707106781186548,-3.15291735437424E-16));
#11303=DIRECTION('ref_axis',(-4.45889848359754E-16,0.,1.));
#11304=DIRECTION('',(-2.22944924179877E-16,-6.68834772539631E-16,-1.));
#11305=DIRECTION('center_axis',(2.22944924179877E-16,6.68834772539631E-16,
1.));
#11306=DIRECTION('ref_axis',(0.0143160421556517,-0.999897520217446,0.));
#11307=DIRECTION('',(-2.22944924179877E-16,-6.68834772539631E-16,-1.));
#11308=DIRECTION('center_axis',(2.22944924179877E-16,6.68834772539631E-16,
1.));
#11309=DIRECTION('ref_axis',(-0.493618333160824,0.869678642469464,0.));
#11310=DIRECTION('',(4.45889848359754E-16,4.45889848359754E-16,1.));
#11311=DIRECTION('center_axis',(0.707106781186548,-0.707106781186547,0.));
#11312=DIRECTION('ref_axis',(0.707106781186547,0.707106781186548,0.));
#11313=DIRECTION('',(0.,0.,-1.));
#11314=DIRECTION('center_axis',(0.,0.,1.));
#11315=DIRECTION('ref_axis',(0.382683432365089,-0.923879532511287,0.));
#11316=DIRECTION('',(0.,0.,1.));
#11317=DIRECTION('center_axis',(2.1350442781253E-16,-1.,0.));
#11318=DIRECTION('ref_axis',(1.,2.1350442781253E-16,0.));
#11319=DIRECTION('center_axis',(0.,-1.,0.));
#11320=DIRECTION('ref_axis',(0.707106781186552,0.,-0.707106781186543));
#11321=DIRECTION('center_axis',(0.,1.,0.));
#11322=DIRECTION('ref_axis',(1.,0.,0.));
#11323=DIRECTION('',(0.,1.,0.));
#11324=DIRECTION('',(0.,-1.,0.));
#11325=DIRECTION('center_axis',(-1.,0.,0.));
#11326=DIRECTION('ref_axis',(0.,0.,1.));
#11327=DIRECTION('center_axis',(0.,0.707106781186544,-0.707106781186551));
#11328=DIRECTION('ref_axis',(1.,0.,0.));
#11329=DIRECTION('center_axis',(1.,0.,0.));
#11330=DIRECTION('ref_axis',(0.,-0.38268343236509,-0.923879532511287));
#11331=DIRECTION('center_axis',(-1.,0.,0.));
#11332=DIRECTION('ref_axis',(0.,-0.38268343236509,-0.923879532511287));
#11333=DIRECTION('center_axis',(0.,-0.707106781186547,0.707106781186548));
#11334=DIRECTION('ref_axis',(0.707106781186553,-0.499999999999996,-0.499999999999996));
#11335=DIRECTION('center_axis',(0.,0.707106781186548,-0.707106781186548));
#11336=DIRECTION('ref_axis',(1.,0.,0.));
#11337=DIRECTION('',(0.,0.707106781186547,-0.707106781186548));
#11338=DIRECTION('',(0.,-0.707106781186547,0.707106781186548));
#11339=DIRECTION('center_axis',(1.,0.,0.));
#11340=DIRECTION('ref_axis',(0.,0.,-1.));
#11341=DIRECTION('center_axis',(0.,1.,0.));
#11342=DIRECTION('ref_axis',(1.,0.,0.));
#11343=DIRECTION('center_axis',(-1.,0.,0.));
#11344=DIRECTION('ref_axis',(0.,0.38268343236509,0.923879532511287));
#11345=DIRECTION('center_axis',(1.,0.,0.));
#11346=DIRECTION('ref_axis',(0.,0.38268343236509,0.923879532511287));
#11347=DIRECTION('center_axis',(0.,-1.,0.));
#11348=DIRECTION('ref_axis',(0.707106781186554,0.,-0.707106781186541));
#11349=DIRECTION('center_axis',(0.,-0.707106781186548,0.707106781186548));
#11350=DIRECTION('ref_axis',(-4.9065389333868E-17,-0.707106781186547,-0.707106781186547));
#11351=DIRECTION('',(0.,1.,0.));
#11352=DIRECTION('',(0.,-1.,0.));
#11353=DIRECTION('center_axis',(-1.,0.,0.));
#11354=DIRECTION('ref_axis',(0.,0.,1.));
#11355=DIRECTION('center_axis',(1.,0.,0.));
#11356=DIRECTION('ref_axis',(0.,-1.,0.));
#11357=DIRECTION('',(0.,-1.,0.));
#11358=DIRECTION('center_axis',(1.,0.,0.));
#11359=DIRECTION('ref_axis',(0.,-1.,0.));
#11360=DIRECTION('',(0.,0.,-1.));
#11361=DIRECTION('',(0.,-0.707106781186548,-0.707106781186548));
#11362=DIRECTION('center_axis',(1.,0.,0.));
#11363=DIRECTION('ref_axis',(0.,-1.,0.));
#11364=DIRECTION('center_axis',(-1.,0.,0.));
#11365=DIRECTION('ref_axis',(0.,-0.707106781186548,-0.707106781186548));
#11366=DIRECTION('',(1.,0.,0.));
#11367=DIRECTION('',(-1.,0.,0.));
#11368=DIRECTION('center_axis',(0.,-1.,0.));
#11369=DIRECTION('ref_axis',(0.,0.,1.));
#11370=DIRECTION('',(0.,0.,1.));
#11371=DIRECTION('',(-1.,0.,0.));
#11372=DIRECTION('',(0.,0.,-1.));
#11373=DIRECTION('',(-1.,0.,0.));
#11374=DIRECTION('',(0.,0.,-1.));
#11375=DIRECTION('',(-1.,0.,0.));
#11376=DIRECTION('',(-4.62592926927149E-17,0.,-1.));
#11377=DIRECTION('',(0.707106781186545,0.,0.70710678118655));
#11378=DIRECTION('',(-1.,0.,-9.86864910777916E-15));
#11379=DIRECTION('',(0.707106781186549,0.,-0.707106781186546));
#11380=DIRECTION('',(1.85037170770859E-16,0.,1.));
#11381=DIRECTION('',(-1.,0.,0.));
#11382=DIRECTION('',(0.,0.,1.));
#11383=DIRECTION('',(0.707106781186547,0.,0.707106781186548));
#11384=DIRECTION('center_axis',(0.,-1.,0.));
#11385=DIRECTION('ref_axis',(0.38268343236509,0.,-0.923879532511287));
#11386=DIRECTION('',(-1.,0.,1.02561018441123E-16));
#11387=DIRECTION('',(1.,0.,-5.78617862996824E-16));
#11388=DIRECTION('center_axis',(0.,-1.,0.));
#11389=DIRECTION('ref_axis',(0.923879532511286,0.,0.382683432365092));
#11390=DIRECTION('',(0.707106781186547,0.,0.707106781186548));
#11391=DIRECTION('',(-1.,0.,0.));
#11392=DIRECTION('',(0.,0.,1.));
#11393=DIRECTION('center_axis',(0.,-1.,0.));
#11394=DIRECTION('ref_axis',(0.707106781186547,0.,-0.707106781186548));
#11395=DIRECTION('',(1.,0.,0.));
#11396=DIRECTION('center_axis',(0.,-1.,0.));
#11397=DIRECTION('ref_axis',(-0.707106781186547,0.,-0.707106781186548));
#11398=DIRECTION('',(-6.93889390390722E-16,0.,-1.));
#11399=DIRECTION('center_axis',(0.,-1.,0.));
#11400=DIRECTION('ref_axis',(-0.923879532511287,0.,0.38268343236509));
#11401=DIRECTION('',(-0.707106781186547,0.,-0.707106781186548));
#11402=DIRECTION('center_axis',(0.,-1.,0.));
#11403=DIRECTION('ref_axis',(-0.38268343236509,0.,0.923879532511287));
#11404=DIRECTION('',(-1.,0.,2.24287479722254E-16));
#11405=DIRECTION('center_axis',(0.,-1.,0.));
#11406=DIRECTION('ref_axis',(0.707106781186546,0.,0.707106781186549));
#11407=DIRECTION('center_axis',(0.,1.,0.));
#11408=DIRECTION('ref_axis',(1.,0.,0.));
#11409=DIRECTION('center_axis',(0.,0.,1.));
#11410=DIRECTION('ref_axis',(-0.707106781186548,-0.707106781186547,0.));
#11411=DIRECTION('center_axis',(0.,0.,1.));
#11412=DIRECTION('ref_axis',(-1.,0.,0.));
#11413=DIRECTION('center_axis',(0.,0.,-1.));
#11414=DIRECTION('ref_axis',(0.,-1.,0.));
#11415=DIRECTION('',(0.,0.,-1.));
#11416=DIRECTION('center_axis',(0.,-1.,0.));
#11417=DIRECTION('ref_axis',(0.,0.,-1.));
#11418=DIRECTION('center_axis',(1.,0.,0.));
#11419=DIRECTION('ref_axis',(0.,-1.,0.));
#11420=DIRECTION('center_axis',(0.,1.,0.));
#11421=DIRECTION('ref_axis',(0.707106781186546,0.,0.707106781186549));
#11422=DIRECTION('center_axis',(1.,0.,-2.24287479722254E-16));
#11423=DIRECTION('ref_axis',(0.,-0.707106781186554,-0.707106781186541));
#11424=DIRECTION('center_axis',(1.,0.,0.));
#11425=DIRECTION('ref_axis',(0.,-1.,0.));
#11426=DIRECTION('',(1.,0.,-2.24287479722254E-16));
#11427=DIRECTION('center_axis',(0.,-1.,0.));
#11428=DIRECTION('ref_axis',(0.,0.,-1.));
#11429=DIRECTION('center_axis',(0.707106781186548,0.,0.707106781186548));
#11430=DIRECTION('ref_axis',(0.,-1.,0.));
#11431=DIRECTION('center_axis',(0.,1.,0.));
#11432=DIRECTION('ref_axis',(-0.38268343236509,0.,0.923879532511287));
#11433=DIRECTION('center_axis',(0.707106781186547,0.,0.707106781186548));
#11434=DIRECTION('ref_axis',(0.5,-0.707106781186547,-0.5));
#11435=DIRECTION('center_axis',(0.707106781186543,0.,0.707106781186552));
#11436=DIRECTION('ref_axis',(0.,-1.,0.));
#11437=DIRECTION('',(0.707106781186547,0.,0.707106781186548));
#11438=DIRECTION('center_axis',(0.,-1.,0.));
#11439=DIRECTION('ref_axis',(0.,0.,-1.));
#11440=DIRECTION('center_axis',(0.,0.,1.));
#11441=DIRECTION('ref_axis',(0.,-1.,0.));
#11442=DIRECTION('center_axis',(0.,1.,0.));
#11443=DIRECTION('ref_axis',(-0.923879532511287,0.,0.38268343236509));
#11444=DIRECTION('center_axis',(6.93889390390722E-16,0.,1.));
#11445=DIRECTION('ref_axis',(0.707106781186548,-0.707106781186548,0.));
#11446=DIRECTION('center_axis',(0.,0.,1.));
#11447=DIRECTION('ref_axis',(0.,-1.,0.));
#11448=DIRECTION('',(6.93889390390722E-16,0.,1.));
#11449=DIRECTION('center_axis',(0.,-1.,0.));
#11450=DIRECTION('ref_axis',(0.,0.,-1.));
#11451=DIRECTION('center_axis',(-1.,0.,0.));
#11452=DIRECTION('ref_axis',(0.,-1.,0.));
#11453=DIRECTION('center_axis',(0.,1.,0.));
#11454=DIRECTION('ref_axis',(-0.707106781186547,0.,-0.707106781186548));
#11455=DIRECTION('center_axis',(-1.,0.,0.));
#11456=DIRECTION('ref_axis',(0.,-0.707106781186548,0.707106781186548));
#11457=DIRECTION('center_axis',(-1.,0.,0.));
#11458=DIRECTION('ref_axis',(0.,-1.,0.));
#11459=DIRECTION('',(-1.,0.,0.));
#11460=DIRECTION('center_axis',(0.,-1.,0.));
#11461=DIRECTION('ref_axis',(0.,0.,-1.));
#11462=DIRECTION('center_axis',(0.,1.,0.));
#11463=DIRECTION('ref_axis',(0.707106781186547,0.,-0.707106781186548));
#11464=DIRECTION('center_axis',(1.,0.,-6.93889390390722E-16));
#11465=DIRECTION('ref_axis',(-6.93889390390722E-16,0.,-1.));
#11466=DIRECTION('',(0.,-1.,0.));
#11467=DIRECTION('',(-6.93889390390722E-16,0.,-1.));
#11468=DIRECTION('',(0.,1.,0.));
#11469=DIRECTION('center_axis',(0.,-1.,0.));
#11470=DIRECTION('ref_axis',(-0.707106781186547,0.,-0.707106781186548));
#11471=DIRECTION('',(0.,1.,0.));
#11472=DIRECTION('center_axis',(0.,1.,0.));
#11473=DIRECTION('ref_axis',(-0.707106781186547,0.,-0.707106781186548));
#11474=DIRECTION('center_axis',(0.,0.,1.));
#11475=DIRECTION('ref_axis',(0.,1.,0.));
#11476=DIRECTION('',(0.,1.,0.));
#11477=DIRECTION('',(1.,0.,0.));
#11478=DIRECTION('',(0.,1.,0.));
#11479=DIRECTION('',(0.,1.,0.));
#11480=DIRECTION('center_axis',(0.,0.,-1.));
#11481=DIRECTION('ref_axis',(-0.382683432365088,-0.923879532511287,0.));
#11482=DIRECTION('',(-0.707106781186548,0.707106781186548,0.));
#11483=DIRECTION('center_axis',(0.,0.,-1.));
#11484=DIRECTION('ref_axis',(-0.923879532511287,-0.382683432365088,0.));
#11485=DIRECTION('',(0.,1.,0.));
#11486=DIRECTION('',(-1.,0.,0.));
#11487=DIRECTION('center_axis',(0.,-1.,0.));
#11488=DIRECTION('ref_axis',(0.707106781186546,0.,-0.707106781186549));
#11489=DIRECTION('',(0.,1.,0.));
#11490=DIRECTION('center_axis',(-0.707106781186548,-0.707106781186548,0.));
#11491=DIRECTION('ref_axis',(0.707106781186547,-0.707106781186547,0.));
#11492=DIRECTION('center_axis',(1.,0.,0.));
#11493=DIRECTION('ref_axis',(0.,0.,-1.));
#11494=DIRECTION('',(0.,-1.,0.));
#11495=DIRECTION('',(0.,0.,1.));
#11496=DIRECTION('',(0.,-1.,-4.44089209850062E-16));
#11497=DIRECTION('center_axis',(-1.,0.,0.));
#11498=DIRECTION('ref_axis',(0.,-3.18925030670139E-15,-1.));
#11499=DIRECTION('',(0.,-2.96059473233376E-15,-1.));
#11500=DIRECTION('',(0.,0.707106781186548,-0.707106781186547));
#11501=DIRECTION('',(0.,1.,-2.05596856412066E-16));
#11502=DIRECTION('',(0.,0.,1.));
#11503=DIRECTION('center_axis',(-1.,0.,0.));
#11504=DIRECTION('ref_axis',(0.,-0.707106781186548,0.707106781186548));
#11505=DIRECTION('',(-1.,0.,0.));
#11506=DIRECTION('center_axis',(-0.923879532511292,-3.39891166203436E-15,
-0.382683432365078));
#11507=DIRECTION('ref_axis',(0.382683432365078,-8.20569863179173E-15,-0.923879532511292));
#11508=DIRECTION('center_axis',(1.,0.,5.78617862996824E-16));
#11509=DIRECTION('ref_axis',(0.,-0.707106781186554,-0.707106781186541));
#11510=DIRECTION('',(-1.,0.,5.78617862996824E-16));
#11511=DIRECTION('center_axis',(-1.,0.,0.));
#11512=DIRECTION('ref_axis',(0.,0.,-1.));
#11513=DIRECTION('center_axis',(0.,-1.,0.));
#11514=DIRECTION('ref_axis',(0.,0.,-1.));
#11515=DIRECTION('center_axis',(0.707106781186548,0.,0.707106781186548));
#11516=DIRECTION('ref_axis',(-0.707106781186548,0.,0.707106781186548));
#11517=DIRECTION('center_axis',(0.,1.,0.));
#11518=DIRECTION('ref_axis',(0.923879532511286,0.,0.382683432365092));
#11519=DIRECTION('center_axis',(-0.707106781186547,0.,-0.707106781186548));
#11520=DIRECTION('ref_axis',(-0.5,-0.707106781186547,0.5));
#11521=DIRECTION('',(-0.707106781186547,0.,-0.707106781186548));
#11522=DIRECTION('center_axis',(0.,0.,1.));
#11523=DIRECTION('ref_axis',(0.,1.,0.));
#11524=DIRECTION('',(0.,1.,0.));
#11525=DIRECTION('',(0.,1.,0.));
#11526=DIRECTION('',(-1.,0.,0.));
#11527=DIRECTION('center_axis',(0.,0.,-1.));
#11528=DIRECTION('ref_axis',(1.,0.,0.));
#11529=DIRECTION('center_axis',(-0.707106781186548,0.,0.707106781186547));
#11530=DIRECTION('ref_axis',(0.707106781186547,0.,0.707106781186548));
#11531=DIRECTION('',(0.,-1.,0.));
#11532=DIRECTION('',(0.707106781186547,0.,0.707106781186548));
#11533=DIRECTION('center_axis',(0.,1.,0.));
#11534=DIRECTION('ref_axis',(0.923879532511285,0.,0.382683432365093));
#11535=DIRECTION('',(0.,1.,0.));
#11536=DIRECTION('center_axis',(0.,1.,0.));
#11537=DIRECTION('ref_axis',(0.923879532511285,0.,0.382683432365093));
#11538=DIRECTION('center_axis',(5.78617862996824E-16,0.,-1.));
#11539=DIRECTION('ref_axis',(-1.,0.,-5.78617862996824E-16));
#11540=DIRECTION('',(-1.,0.,-5.78617862996824E-16));
#11541=DIRECTION('center_axis',(-0.707106781186547,0.,-0.707106781186548));
#11542=DIRECTION('ref_axis',(-0.5,-0.707106781186547,0.5));
#11543=DIRECTION('',(-0.707106781186547,0.,-0.707106781186548));
#11544=DIRECTION('center_axis',(0.707106781186552,0.,0.707106781186543));
#11545=DIRECTION('ref_axis',(-0.707106781186543,0.,0.707106781186552));
#11546=DIRECTION('center_axis',(-0.382683432365064,-1.69945583101712E-15,
-0.923879532511298));
#11547=DIRECTION('ref_axis',(0.923879532511298,-4.10284931589523E-15,-0.382683432365063));
#11548=DIRECTION('center_axis',(0.948683298050513,0.,0.316227766016842));
#11549=DIRECTION('ref_axis',(0.316227766016842,-2.9790409838967E-15,-0.948683298050512));
#11550=DIRECTION('center_axis',(0.,0.,-1.));
#11551=DIRECTION('ref_axis',(1.,0.,0.));
#11552=DIRECTION('center_axis',(0.,1.,0.));
#11553=DIRECTION('ref_axis',(0.707106781186544,0.,0.707106781186551));
#11554=DIRECTION('center_axis',(0.,2.96059473233376E-15,1.));
#11555=DIRECTION('ref_axis',(0.707106781186546,-0.707106781186549,0.));
#11556=DIRECTION('center_axis',(0.,0.707106781186547,0.707106781186548));
#11557=DIRECTION('ref_axis',(0.,-0.707106781186548,0.707106781186547));
#11558=DIRECTION('',(0.,2.96059473233376E-15,1.));
#11559=DIRECTION('center_axis',(0.,-1.,-4.44089209850062E-16));
#11560=DIRECTION('ref_axis',(0.923879532511281,0.,0.382683432365103));
#11561=DIRECTION('center_axis',(0.,1.,0.));
#11562=DIRECTION('ref_axis',(0.923879532511281,0.,0.382683432365103));
#11563=DIRECTION('',(0.,1.,4.44089209850062E-16));
#11564=DIRECTION('center_axis',(0.,0.,1.));
#11565=DIRECTION('ref_axis',(-0.707106781186551,-0.707106781186544,0.));
#11566=DIRECTION('center_axis',(0.,0.,-1.));
#11567=DIRECTION('ref_axis',(0.,-1.,0.));
#11568=DIRECTION('',(0.,0.,-1.));
#11569=DIRECTION('center_axis',(-1.,0.,0.));
#11570=DIRECTION('ref_axis',(0.,0.,1.));
#11571=DIRECTION('center_axis',(0.,0.,1.));
#11572=DIRECTION('ref_axis',(0.,1.,0.));
#11573=DIRECTION('center_axis',(1.,0.,0.));
#11574=DIRECTION('ref_axis',(0.,0.,1.));
#11575=DIRECTION('center_axis',(-1.,0.,0.));
#11576=DIRECTION('ref_axis',(0.,0.,1.));
#11577=DIRECTION('center_axis',(0.,-2.96059473233376E-15,-1.));
#11578=DIRECTION('ref_axis',(-0.707106781186549,0.707106781186546,0.));
#11579=DIRECTION('',(0.,2.96059473233376E-15,1.));
#11580=DIRECTION('',(0.,-2.96059473233376E-15,-1.));
#11581=DIRECTION('center_axis',(-0.382683432365076,0.,0.923879532511293));
#11582=DIRECTION('ref_axis',(0.923879532511292,7.73640686255104E-15,0.382683432365076));
#11583=DIRECTION('center_axis',(0.707106781186547,-2.09345661157837E-15,
-0.707106781186548));
#11584=DIRECTION('ref_axis',(-0.499999999999999,0.707106781186549,-0.499999999999999));
#11585=DIRECTION('',(0.707106781186547,-2.09345661157837E-15,-0.707106781186548));
#11586=DIRECTION('',(-0.707106781186547,2.09345661157837E-15,0.707106781186548));
#11587=DIRECTION('center_axis',(0.,-1.,0.));
#11588=DIRECTION('ref_axis',(0.,0.,-1.));
#11589=DIRECTION('center_axis',(1.,0.,0.));
#11590=DIRECTION('ref_axis',(0.,0.,1.));
#11591=DIRECTION('center_axis',(0.,1.,0.));
#11592=DIRECTION('ref_axis',(0.38268343236509,0.,-0.923879532511287));
#11593=DIRECTION('center_axis',(-1.,0.,-1.02561018441123E-16));
#11594=DIRECTION('ref_axis',(0.,-0.707106781186541,0.707106781186554));
#11595=DIRECTION('',(-1.,0.,-1.02561018441123E-16));
#11596=DIRECTION('center_axis',(0.,1.,0.));
#11597=DIRECTION('ref_axis',(0.382683432365089,0.,-0.923879532511287));
#11598=DIRECTION('',(0.,1.,0.));
#11599=DIRECTION('center_axis',(0.,1.,0.));
#11600=DIRECTION('ref_axis',(0.382683432365089,0.,-0.923879532511287));
#11601=DIRECTION('',(0.,-1.,0.));
#11602=DIRECTION('center_axis',(-0.707106781186548,0.,0.707106781186547));
#11603=DIRECTION('ref_axis',(0.707106781186547,0.,0.707106781186548));
#11604=DIRECTION('',(0.,-1.,-4.44089209850062E-16));
#11605=DIRECTION('',(0.707106781186547,0.,0.707106781186548));
#11606=DIRECTION('center_axis',(1.,0.,0.));
#11607=DIRECTION('ref_axis',(0.,0.,-1.));
#11608=DIRECTION('',(0.,-1.,-4.44089209850062E-16));
#11609=DIRECTION('',(0.,-0.707106781186547,0.707106781186548));
#11610=DIRECTION('',(0.,-0.707106781186547,-0.707106781186548));
#11611=DIRECTION('',(0.,0.707106781186547,-0.707106781186548));
#11612=DIRECTION('',(0.,0.707106781186548,0.707106781186547));
#11613=DIRECTION('center_axis',(-0.707106781186548,3.14018491736755E-16,
-0.707106781186547));
#11614=DIRECTION('ref_axis',(-0.707106781186547,0.,0.707106781186548));
#11615=DIRECTION('',(-0.707106781186547,0.,0.707106781186548));
#11616=DIRECTION('center_axis',(0.,1.,0.));
#11617=DIRECTION('ref_axis',(0.,0.,1.));
#11618=DIRECTION('center_axis',(0.,1.,0.));
#11619=DIRECTION('ref_axis',(0.707106781186546,0.,0.707106781186549));
#11620=DIRECTION('',(-1.,0.,2.24287479722254E-16));
#11621=DIRECTION('center_axis',(0.,1.,0.));
#11622=DIRECTION('ref_axis',(-0.382683432365089,0.,0.923879532511287));
#11623=DIRECTION('',(-0.707106781186547,0.,-0.707106781186548));
#11624=DIRECTION('center_axis',(0.,1.,0.));
#11625=DIRECTION('ref_axis',(-0.923879532511287,0.,0.382683432365089));
#11626=DIRECTION('center_axis',(0.,-1.,0.));
#11627=DIRECTION('ref_axis',(-0.382683432365092,0.,0.923879532511286));
#11628=DIRECTION('',(0.707106781186548,0.,0.707106781186548));
#11629=DIRECTION('center_axis',(0.,1.,0.));
#11630=DIRECTION('ref_axis',(0.38268343236509,0.,-0.923879532511287));
#11631=DIRECTION('center_axis',(0.,1.,0.));
#11632=DIRECTION('ref_axis',(-0.707106781186549,0.,-0.707106781186546));
#11633=DIRECTION('',(0.,0.,-1.));
#11634=DIRECTION('',(-1.,0.,1.02561018441123E-16));
#11635=DIRECTION('center_axis',(0.,-1.,0.));
#11636=DIRECTION('ref_axis',(0.707106781186549,0.,0.707106781186546));
#11637=DIRECTION('',(0.,1.,0.));
#11638=DIRECTION('center_axis',(0.,-1.,0.));
#11639=DIRECTION('ref_axis',(0.707106781186549,0.,0.707106781186546));
#11640=DIRECTION('',(0.,-1.,0.));
#11641=DIRECTION('center_axis',(0.,0.923879532511292,-0.382683432365078));
#11642=DIRECTION('ref_axis',(0.,0.382683432365077,0.923879532511292));
#11643=DIRECTION('center_axis',(0.,2.96059473233376E-15,1.));
#11644=DIRECTION('ref_axis',(0.707106781186549,0.707106781186546,0.));
#11645=DIRECTION('',(0.,2.96059473233376E-15,1.));
#11646=DIRECTION('center_axis',(0.,0.,-1.));
#11647=DIRECTION('ref_axis',(0.,1.,0.));
#11648=DIRECTION('',(0.,-2.96059473233376E-15,-1.));
#11649=DIRECTION('center_axis',(0.,-0.38268343236509,0.923879532511287));
#11650=DIRECTION('ref_axis',(0.,-0.923879532511287,-0.38268343236509));
#11651=DIRECTION('center_axis',(0.,0.,1.));
#11652=DIRECTION('ref_axis',(0.707106781186549,0.707106781186546,0.));
#11653=DIRECTION('',(0.,0.,1.));
#11654=DIRECTION('center_axis',(3.39891166203459E-15,0.382683432365106,
-0.92387953251128));
#11655=DIRECTION('ref_axis',(-8.20569863179159E-15,-0.92387953251128,-0.382683432365106));
#11656=DIRECTION('',(0.,0.,-1.));
#11657=DIRECTION('center_axis',(8.20569863179167E-15,-0.382683432365085,
0.923879532511289));
#11658=DIRECTION('ref_axis',(1.98103089256181E-14,-0.923879532511289,-0.382683432365085));
#11659=DIRECTION('center_axis',(0.,-0.707106781186548,0.707106781186547));
#11660=DIRECTION('ref_axis',(0.707106781186548,0.499999999999999,0.5));
#11661=DIRECTION('',(0.,0.707106781186548,-0.707106781186547));
#11662=DIRECTION('',(0.,-0.707106781186548,0.707106781186547));
#11663=DIRECTION('center_axis',(1.,0.,0.));
#11664=DIRECTION('ref_axis',(0.,0.,1.));
#11665=DIRECTION('center_axis',(0.,0.,1.));
#11666=DIRECTION('ref_axis',(0.,-1.,0.));
#11667=DIRECTION('center_axis',(-1.,0.,0.));
#11668=DIRECTION('ref_axis',(0.,0.,1.));
#11669=DIRECTION('center_axis',(1.,0.,0.));
#11670=DIRECTION('ref_axis',(0.,0.,1.));
#11671=DIRECTION('center_axis',(0.,0.,-1.));
#11672=DIRECTION('ref_axis',(0.707106781186549,-0.707106781186546,0.));
#11673=DIRECTION('',(0.,0.,1.));
#11674=DIRECTION('center_axis',(0.707106781186546,2.55140024536114E-15,
0.707106781186549));
#11675=DIRECTION('ref_axis',(-0.707106781186549,-2.55140024536115E-15,0.707106781186546));
#11676=DIRECTION('center_axis',(0.,-0.707106781186548,0.707106781186547));
#11677=DIRECTION('ref_axis',(0.707106781186548,0.5,0.5));
#11678=DIRECTION('',(0.,-0.707106781186548,0.707106781186547));
#11679=DIRECTION('',(0.,0.707106781186548,-0.707106781186547));
#11680=DIRECTION('center_axis',(-1.,0.,0.));
#11681=DIRECTION('ref_axis',(0.,-0.707106781186548,-0.707106781186548));
#11682=DIRECTION('center_axis',(1.,0.,-1.77635683940026E-14));
#11683=DIRECTION('ref_axis',(0.,-1.,0.));
#11684=DIRECTION('',(1.,0.,0.));
#11685=DIRECTION('center_axis',(0.,0.,-1.));
#11686=DIRECTION('ref_axis',(0.,-1.,0.));
#11687=DIRECTION('',(-1.,0.,0.));
#11688=DIRECTION('',(-1.,0.,0.));
#11689=DIRECTION('',(0.,1.,0.));
#11690=DIRECTION('center_axis',(0.,0.,-1.));
#11691=DIRECTION('ref_axis',(0.615881762051441,-0.787838597158335,0.));
#11692=DIRECTION('center_axis',(0.,0.,-1.));
#11693=DIRECTION('ref_axis',(0.987600808255731,-0.156986125287002,0.));
#11694=DIRECTION('center_axis',(0.,0.,-1.));
#11695=DIRECTION('ref_axis',(0.731925054711401,0.681385143869246,0.));
#11696=DIRECTION('',(1.,0.,0.));
#11697=DIRECTION('center_axis',(0.,0.,-1.));
#11698=DIRECTION('ref_axis',(-0.674199862463242,0.738548945875996,0.));
#11699=DIRECTION('center_axis',(0.,0.,1.));
#11700=DIRECTION('ref_axis',(0.976883315274401,-0.213773217074766,0.));
#11701=DIRECTION('center_axis',(0.,0.,-1.));
#11702=DIRECTION('ref_axis',(-0.816496580927728,-0.577350269189623,0.));
#11703=DIRECTION('center_axis',(0.,0.,1.));
#11704=DIRECTION('ref_axis',(1.,0.,0.));
#11705=DIRECTION('center_axis',(0.,0.,-1.));
#11706=DIRECTION('ref_axis',(-1.,0.,0.));
#11707=DIRECTION('center_axis',(0.,0.,1.));
#11708=DIRECTION('ref_axis',(0.615881762051441,-0.787838597158335,0.));
#11709=DIRECTION('center_axis',(-0.241379310344828,-0.97043084686002,0.));
#11710=DIRECTION('ref_axis',(0.,0.,1.));
#11711=DIRECTION('center_axis',(-1.,0.,0.));
#11712=DIRECTION('ref_axis',(0.,1.,0.));
#11713=DIRECTION('',(-1.,0.,0.));
#11714=DIRECTION('center_axis',(1.,-1.36955018267536E-31,-4.62592926927149E-17));
#11715=DIRECTION('ref_axis',(0.,1.,0.));
#11716=DIRECTION('center_axis',(0.,1.,-2.96059473233376E-15));
#11717=DIRECTION('ref_axis',(0.,-2.96059473233376E-15,-1.));
#11718=DIRECTION('',(-1.,0.,0.));
#11719=DIRECTION('',(-0.707106781186545,-2.09345661157838E-15,-0.70710678118655));
#11720=DIRECTION('',(4.62592926927149E-17,2.96059473233376E-15,1.));
#11721=DIRECTION('center_axis',(0.,0.707106781186547,0.707106781186548));
#11722=DIRECTION('ref_axis',(0.,0.707106781186548,-0.707106781186547));
#11723=DIRECTION('',(-1.,0.,0.));
#11724=DIRECTION('',(0.,0.707106781186548,-0.707106781186547));
#11725=DIRECTION('',(1.,0.,0.));
#11726=DIRECTION('',(0.,0.707106781186548,-0.707106781186547));
#11727=DIRECTION('',(-1.,0.,0.));
#11728=DIRECTION('center_axis',(0.,0.707106781186547,0.707106781186548));
#11729=DIRECTION('ref_axis',(0.,0.707106781186548,-0.707106781186547));
#11730=DIRECTION('',(-1.,0.,0.));
#11731=DIRECTION('center_axis',(0.,1.,0.));
#11732=DIRECTION('ref_axis',(0.,0.,-1.));
#11733=DIRECTION('',(-1.,0.,0.));
#11734=DIRECTION('',(0.,0.,-1.));
#11735=DIRECTION('',(-1.,0.,0.));
#11736=DIRECTION('',(0.,0.,1.));
#11737=DIRECTION('',(-1.,0.,0.));
#11738=DIRECTION('',(0.,0.,-1.));
#11739=DIRECTION('center_axis',(-1.,0.,0.));
#11740=DIRECTION('ref_axis',(0.,0.,-1.));
#11741=DIRECTION('center_axis',(-1.,0.,0.));
#11742=DIRECTION('ref_axis',(0.,0.,-1.));
#11743=DIRECTION('',(0.707106781186549,-8.65956056235491E-17,-0.707106781186546));
#11744=DIRECTION('center_axis',(1.,0.,0.));
#11745=DIRECTION('ref_axis',(0.,0.,-1.));
#11746=DIRECTION('center_axis',(1.,0.,0.));
#11747=DIRECTION('ref_axis',(0.,0.,-1.));
#11748=DIRECTION('center_axis',(-1.,0.,0.));
#11749=DIRECTION('ref_axis',(0.,0.,1.));
#11750=DIRECTION('center_axis',(-1.,0.,0.));
#11751=DIRECTION('ref_axis',(0.,0.659172827201564,-0.751991478594736));
#11752=DIRECTION('',(0.,0.,-1.));
#11753=DIRECTION('center_axis',(1.,0.,0.));
#11754=DIRECTION('ref_axis',(0.,-1.,0.));
#11755=DIRECTION('',(0.,0.,-1.));
#11756=DIRECTION('',(0.,-1.,2.05596856412066E-16));
#11757=DIRECTION('',(0.,-0.707106781186548,0.707106781186547));
#11758=DIRECTION('',(0.,-1.48029736616688E-15,1.));
#11759=DIRECTION('center_axis',(-1.,0.,0.));
#11760=DIRECTION('ref_axis',(0.,1.,0.));
#11761=DIRECTION('center_axis',(1.,0.,0.));
#11762=DIRECTION('ref_axis',(0.,0.,1.));
#11763=DIRECTION('',(1.,0.,0.));
#11764=DIRECTION('center_axis',(-1.,0.,0.));
#11765=DIRECTION('ref_axis',(0.,0.,1.));
#11766=DIRECTION('center_axis',(0.,0.642787609686537,0.76604444311898));
#11767=DIRECTION('ref_axis',(-1.,0.,0.));
#11768=DIRECTION('center_axis',(0.,0.64278760968654,0.766044443118977));
#11769=DIRECTION('ref_axis',(-1.,0.,0.));
#11770=DIRECTION('',(-0.707106781186583,-0.454519477672019,-0.541675220419676));
#11771=DIRECTION('center_axis',(0.,-0.64278760968654,-0.766044443118977));
#11772=DIRECTION('ref_axis',(-1.,0.,0.));
#11773=DIRECTION('center_axis',(0.,-0.64278760968654,-0.766044443118977));
#11774=DIRECTION('ref_axis',(-1.,0.,0.));
#11775=DIRECTION('center_axis',(0.,0.64278760968654,0.766044443118977));
#11776=DIRECTION('ref_axis',(1.,0.,0.));
#11777=DIRECTION('',(0.,-0.64278760968654,-0.766044443118977));
#11778=DIRECTION('center_axis',(0.,0.64278760968654,0.766044443118977));
#11779=DIRECTION('ref_axis',(1.,0.,0.));
#11780=DIRECTION('center_axis',(0.,0.64278760968654,0.766044443118977));
#11781=DIRECTION('ref_axis',(1.,0.,0.));
#11782=DIRECTION('',(-1.,-1.75098860307586E-16,1.46925389103658E-16));
#11783=DIRECTION('',(0.,0.766044443118977,-0.64278760968654));
#11784=DIRECTION('',(1.,2.00112983208669E-16,-1.6791473040418E-16));
#11785=DIRECTION('center_axis',(0.,-0.64278760968654,-0.766044443118977));
#11786=DIRECTION('ref_axis',(-1.,-8.8101745289658E-17,7.39261419786269E-17));
#11787=DIRECTION('center_axis',(0.,0.707106781186548,-0.707106781186548));
#11788=DIRECTION('ref_axis',(-1.,0.,0.));
#11789=DIRECTION('',(0.,-0.707106781186548,-0.707106781186548));
#11790=DIRECTION('',(1.,0.,0.));
#11791=DIRECTION('center_axis',(1.,0.,0.));
#11792=DIRECTION('ref_axis',(0.,0.,-1.));
#11793=DIRECTION('',(0.,0.,-1.));
#11794=DIRECTION('center_axis',(-1.,0.,0.));
#11795=DIRECTION('ref_axis',(0.,-1.,0.));
#11796=DIRECTION('',(0.,1.,0.));
#11797=DIRECTION('center_axis',(-1.,0.,0.));
#11798=DIRECTION('ref_axis',(0.,-1.,0.));
#11799=DIRECTION('',(0.,1.,0.));
#11800=DIRECTION('',(0.,0.,1.));
#11801=DIRECTION('',(0.,1.,0.));
#11802=DIRECTION('',(0.,0.,-1.));
#11803=DIRECTION('',(0.,-1.,0.));
#11804=DIRECTION('',(0.,0.,1.));
#11805=DIRECTION('center_axis',(-1.,0.,0.));
#11806=DIRECTION('ref_axis',(0.,1.,0.));
#11807=DIRECTION('center_axis',(0.,-1.,0.));
#11808=DIRECTION('ref_axis',(0.707106781186547,0.,0.707106781186548));
#11809=DIRECTION('center_axis',(2.61682076447296E-16,-0.707106781186547,
-0.707106781186548));
#11810=DIRECTION('ref_axis',(2.61682076447296E-16,0.707106781186548,-0.707106781186547));
#11811=DIRECTION('',(0.,-1.,0.));
#11812=DIRECTION('center_axis',(0.,0.707106781186547,-0.707106781186548));
#11813=DIRECTION('ref_axis',(0.,0.707106781186548,0.707106781186547));
#11814=DIRECTION('center_axis',(0.,0.,1.));
#11815=DIRECTION('ref_axis',(0.707106781186547,0.707106781186548,0.));
#11816=DIRECTION('',(0.,0.,1.));
#11817=DIRECTION('center_axis',(0.,-0.707106781186547,-0.707106781186548));
#11818=DIRECTION('ref_axis',(0.,0.707106781186548,-0.707106781186547));
#11819=DIRECTION('center_axis',(0.,1.,0.));
#11820=DIRECTION('ref_axis',(0.707106781186547,0.,-0.707106781186548));
#11821=DIRECTION('',(0.,1.,0.));
#11822=DIRECTION('center_axis',(0.,-0.707106781186547,0.707106781186548));
#11823=DIRECTION('ref_axis',(0.,-0.707106781186548,-0.707106781186547));
#11824=DIRECTION('center_axis',(0.,0.,-1.));
#11825=DIRECTION('ref_axis',(0.707106781186548,-0.707106781186548,0.));
#11826=DIRECTION('',(0.,0.,-1.));
#11827=DIRECTION('center_axis',(0.,1.,0.));
#11828=DIRECTION('ref_axis',(0.,0.,-1.));
#11829=DIRECTION('',(1.,0.,0.));
#11830=DIRECTION('',(0.,0.,-1.));
#11831=DIRECTION('',(-1.,0.,0.));
#11832=DIRECTION('center_axis',(0.,0.,1.));
#11833=DIRECTION('ref_axis',(0.,1.,0.));
#11834=DIRECTION('',(1.,0.,0.));
#11835=DIRECTION('',(0.,1.,0.));
#11836=DIRECTION('center_axis',(0.,0.,1.));
#11837=DIRECTION('ref_axis',(-1.,0.,0.));
#11838=DIRECTION('center_axis',(0.,0.707106781186546,-0.707106781186549));
#11839=DIRECTION('ref_axis',(0.,-0.707106781186549,-0.707106781186546));
#11840=DIRECTION('',(0.,0.,1.));
#11841=DIRECTION('center_axis',(0.,0.,1.));
#11842=DIRECTION('ref_axis',(1.,0.,0.));
#11843=DIRECTION('',(0.,0.,-1.));
#11844=DIRECTION('center_axis',(0.,1.,-2.05596856412066E-16));
#11845=DIRECTION('ref_axis',(-0.707106781186554,0.,0.707106781186541));
#11846=DIRECTION('',(0.,-1.,2.05596856412066E-16));
#11847=DIRECTION('center_axis',(0.707106781186548,0.707106781186548,0.));
#11848=DIRECTION('ref_axis',(-0.707106781186547,0.707106781186547,-2.4532694666934E-16));
#11849=DIRECTION('',(0.,1.,-2.05596856412066E-16));
#11850=DIRECTION('center_axis',(-1.,0.,0.));
#11851=DIRECTION('ref_axis',(0.,0.,1.));
#11852=DIRECTION('',(0.,-1.,5.92118946466749E-16));
#11853=DIRECTION('center_axis',(-1.,0.,0.));
#11854=DIRECTION('ref_axis',(0.,0.707106781186548,-0.707106781186547));
#11855=DIRECTION('',(0.,0.,-1.));
#11856=DIRECTION('',(0.,-1.,2.05596856412066E-16));
#11857=DIRECTION('',(0.,0.,1.));
#11858=DIRECTION('center_axis',(-1.,0.,0.));
#11859=DIRECTION('ref_axis',(0.,-1.,0.));
#11860=DIRECTION('',(0.,0.,1.));
#11861=DIRECTION('center_axis',(-1.,0.,0.));
#11862=DIRECTION('ref_axis',(0.,0.0881566804053127,0.996106620648571));
#11863=DIRECTION('',(0.,-3.70074341541719E-16,-1.));
#11864=DIRECTION('center_axis',(-1.,0.,0.));
#11865=DIRECTION('ref_axis',(0.,0.707106781186549,0.707106781186546));
#11866=DIRECTION('',(0.,1.,0.));
#11867=DIRECTION('',(0.,0.,1.));
#11868=DIRECTION('',(0.,1.,0.));
#11869=DIRECTION('',(0.,0.,1.));
#11870=DIRECTION('',(0.,0.,1.));
#11871=DIRECTION('',(0.,-1.,0.));
#11872=DIRECTION('center_axis',(0.,0.,1.));
#11873=DIRECTION('ref_axis',(-0.707106781186546,-0.707106781186549,0.));
#11874=DIRECTION('center_axis',(0.,0.,1.));
#11875=DIRECTION('ref_axis',(-1.,0.,0.));
#11876=DIRECTION('',(0.,0.,1.));
#11877=DIRECTION('center_axis',(-1.,0.,0.));
#11878=DIRECTION('ref_axis',(0.,0.659172827201567,-0.751991478594733));
#11879=DIRECTION('center_axis',(1.,0.,0.));
#11880=DIRECTION('ref_axis',(0.,0.659172827201564,-0.751991478594736));
#11881=DIRECTION('center_axis',(0.,-1.,2.05596856412066E-16));
#11882=DIRECTION('ref_axis',(0.707106781186555,0.,-0.70710678118654));
#11883=DIRECTION('center_axis',(-0.707106781186548,-0.707106781186548,0.));
#11884=DIRECTION('ref_axis',(0.707106781186547,-0.707106781186547,2.94392336003208E-16));
#11885=DIRECTION('',(0.,-1.,2.05596856412066E-16));
#11886=DIRECTION('center_axis',(-0.707106781186548,-0.707106781186548,0.));
#11887=DIRECTION('ref_axis',(0.,0.,1.));
#11888=DIRECTION('center_axis',(-0.707106781186548,-0.707106781186548,0.));
#11889=DIRECTION('ref_axis',(0.707106781186547,-0.707106781186547,0.));
#11890=DIRECTION('',(-0.707106781186548,0.707106781186548,-1.45378931359609E-16));
#11891=DIRECTION('center_axis',(0.,0.,1.));
#11892=DIRECTION('ref_axis',(-1.,0.,0.));
#11893=DIRECTION('center_axis',(0.,0.707106781186546,0.707106781186549));
#11894=DIRECTION('ref_axis',(0.,-0.707106781186549,0.707106781186546));
#11895=DIRECTION('',(0.,0.,-1.));
#11896=DIRECTION('center_axis',(0.,0.707106781186549,0.707106781186546));
#11897=DIRECTION('ref_axis',(0.,-0.707106781186546,0.707106781186549));
#11898=DIRECTION('center_axis',(0.,-1.,0.));
#11899=DIRECTION('ref_axis',(0.707106781186549,0.,-0.707106781186546));
#11900=DIRECTION('center_axis',(0.,-1.,0.));
#11901=DIRECTION('ref_axis',(-0.707106781186555,0.,-0.70710678118654));
#11902=DIRECTION('center_axis',(1.,0.,0.));
#11903=DIRECTION('ref_axis',(0.,0.,-1.));
#11904=DIRECTION('center_axis',(0.,1.,0.));
#11905=DIRECTION('ref_axis',(-1.,0.,0.));
#11906=DIRECTION('center_axis',(0.,0.,1.));
#11907=DIRECTION('ref_axis',(0.,1.,0.));
#11908=DIRECTION('center_axis',(0.,0.,1.));
#11909=DIRECTION('ref_axis',(1.,0.,0.));
#11910=DIRECTION('center_axis',(2.82616642563079E-14,0.707106781186548,
-0.707106781186548));
#11911=DIRECTION('ref_axis',(0.,0.707106781186548,0.707106781186548));
#11912=DIRECTION('center_axis',(-1.,0.,0.));
#11913=DIRECTION('ref_axis',(0.,1.,0.));
#11914=DIRECTION('center_axis',(0.,-1.77635683940025E-14,1.));
#11915=DIRECTION('ref_axis',(-1.,0.,0.));
#11916=DIRECTION('center_axis',(-1.,0.,0.));
#11917=DIRECTION('ref_axis',(0.,0.923879532511287,0.382683432365088));
#11918=DIRECTION('center_axis',(1.,0.,0.));
#11919=DIRECTION('ref_axis',(0.,0.923879532511287,0.382683432365088));
#11920=DIRECTION('',(-1.,0.,0.));
#11921=DIRECTION('center_axis',(0.,1.48029736616688E-15,-1.));
#11922=DIRECTION('ref_axis',(-0.707106781186549,0.707106781186546,0.));
#11923=DIRECTION('',(0.,1.48029736616688E-15,-1.));
#11924=DIRECTION('center_axis',(0.,1.,0.));
#11925=DIRECTION('ref_axis',(0.,0.,1.));
#11926=DIRECTION('center_axis',(1.,0.,0.));
#11927=DIRECTION('ref_axis',(0.,1.,0.));
#11928=DIRECTION('center_axis',(0.,-1.,0.));
#11929=DIRECTION('ref_axis',(-0.707106781186543,0.,0.707106781186552));
#11930=DIRECTION('center_axis',(0.,0.,-1.));
#11931=DIRECTION('ref_axis',(-1.,0.,0.));
#11932=DIRECTION('center_axis',(-1.,0.,0.));
#11933=DIRECTION('ref_axis',(0.,0.,1.));
#11934=DIRECTION('center_axis',(0.,1.,0.));
#11935=DIRECTION('ref_axis',(0.,0.,1.));
#11936=DIRECTION('center_axis',(1.,0.,0.));
#11937=DIRECTION('ref_axis',(0.,1.,0.));
#11938=DIRECTION('center_axis',(0.,0.,-1.));
#11939=DIRECTION('ref_axis',(1.,0.,0.));
#11940=DIRECTION('center_axis',(0.,1.,-5.92118946466749E-16));
#11941=DIRECTION('ref_axis',(0.707106781186544,3.9252311467094E-16,0.707106781186551));
#11942=DIRECTION('',(0.,1.,-5.92118946466749E-16));
#11943=DIRECTION('center_axis',(-1.,0.,0.));
#11944=DIRECTION('ref_axis',(0.,0.707106781186543,-0.707106781186552));
#11945=DIRECTION('',(1.,0.,0.));
#11946=DIRECTION('',(-1.,0.,0.));
#11947=DIRECTION('center_axis',(0.,0.707106781186548,-0.707106781186547));
#11948=DIRECTION('ref_axis',(-0.707106781186549,0.499999999999999,0.499999999999999));
#11949=DIRECTION('center_axis',(0.,0.923879532511283,-0.382683432365099));
#11950=DIRECTION('ref_axis',(0.,0.382683432365099,0.923879532511283));
#11951=DIRECTION('center_axis',(0.,0.,-1.));
#11952=DIRECTION('ref_axis',(-1.,0.,0.));
#11953=DIRECTION('center_axis',(0.,0.,-1.));
#11954=DIRECTION('ref_axis',(0.,-1.,0.));
#11955=DIRECTION('center_axis',(-1.,0.,0.));
#11956=DIRECTION('ref_axis',(0.,0.,1.));
#11957=DIRECTION('center_axis',(0.,2.05596856412066E-16,1.));
#11958=DIRECTION('ref_axis',(0.707106781186547,-0.707106781186547,0.));
#11959=DIRECTION('center_axis',(0.,1.,0.));
#11960=DIRECTION('ref_axis',(-1.,0.,0.));
#11961=DIRECTION('center_axis',(-1.,0.,0.));
#11962=DIRECTION('ref_axis',(0.,0.707106781186555,0.70710678118654));
#11963=DIRECTION('',(1.,0.,0.));
#11964=DIRECTION('',(-1.,0.,0.));
#11965=DIRECTION('center_axis',(-0.816496580927726,0.408248290463865,-0.408248290463861));
#11966=DIRECTION('ref_axis',(-0.577350269189627,-0.577350269189627,0.577350269189623));
#11967=DIRECTION('center_axis',(0.,0.,1.));
#11968=DIRECTION('ref_axis',(0.,-1.,0.));
#11969=DIRECTION('center_axis',(-1.,0.,0.));
#11970=DIRECTION('ref_axis',(0.,0.,1.));
#11971=DIRECTION('center_axis',(0.,-1.,0.));
#11972=DIRECTION('ref_axis',(-1.,0.,0.));
#11973=DIRECTION('center_axis',(0.,1.,0.));
#11974=DIRECTION('ref_axis',(0.,0.,1.));
#11975=DIRECTION('center_axis',(1.,0.,0.));
#11976=DIRECTION('ref_axis',(0.,1.,0.));
#11977=DIRECTION('center_axis',(0.,-1.,3.70074341541719E-16));
#11978=DIRECTION('ref_axis',(-0.707106781186555,0.,0.70710678118654));
#11979=DIRECTION('center_axis',(0.,0.,-1.));
#11980=DIRECTION('ref_axis',(-1.,0.,0.));
#11981=DIRECTION('center_axis',(0.,0.,-1.));
#11982=DIRECTION('ref_axis',(-1.,0.,0.));
#11983=DIRECTION('center_axis',(0.,0.,-1.));
#11984=DIRECTION('ref_axis',(1.,0.,0.));
#11985=DIRECTION('center_axis',(0.,-1.,0.));
#11986=DIRECTION('ref_axis',(0.,0.,1.));
#11987=DIRECTION('center_axis',(0.,2.05596856412066E-16,1.));
#11988=DIRECTION('ref_axis',(0.707106781186547,0.707106781186547,0.));
#11989=DIRECTION('center_axis',(-1.,0.,0.));
#11990=DIRECTION('ref_axis',(0.,-1.,0.));
#11991=DIRECTION('center_axis',(0.,1.,-2.05596856412066E-16));
#11992=DIRECTION('ref_axis',(-0.707106781186554,0.,0.707106781186541));
#11993=DIRECTION('',(0.,1.,-2.05596856412066E-16));
#11994=DIRECTION('center_axis',(-1.,0.,0.));
#11995=DIRECTION('ref_axis',(0.,-0.707106781186557,0.707106781186538));
#11996=DIRECTION('',(1.,0.,0.));
#11997=DIRECTION('',(-1.,0.,0.));
#11998=DIRECTION('center_axis',(-1.,0.,0.));
#11999=DIRECTION('ref_axis',(0.,0.,1.));
#12000=DIRECTION('center_axis',(0.,0.,1.));
#12001=DIRECTION('ref_axis',(0.,-1.,0.));
#12002=DIRECTION('center_axis',(1.,0.,0.));
#12003=DIRECTION('ref_axis',(0.,0.,1.));
#12004=DIRECTION('center_axis',(0.,1.,0.));
#12005=DIRECTION('ref_axis',(1.,0.,0.));
#12006=DIRECTION('center_axis',(0.,0.,-1.));
#12007=DIRECTION('ref_axis',(0.707106781186548,0.707106781186548,0.));
#12008=DIRECTION('',(0.,0.,-1.));
#12009=DIRECTION('center_axis',(0.,3.70074341541719E-16,1.));
#12010=DIRECTION('ref_axis',(0.707106781186549,-0.707106781186546,0.));
#12011=DIRECTION('',(0.,3.70074341541719E-16,1.));
#12012=DIRECTION('center_axis',(1.,0.,0.));
#12013=DIRECTION('ref_axis',(0.,0.,-1.));
#12014=DIRECTION('center_axis',(1.,0.,0.));
#12015=DIRECTION('ref_axis',(0.,-1.,0.));
#12016=DIRECTION('center_axis',(-0.452231095419964,-0.392996795767982,-0.80065008265244));
#12017=DIRECTION('ref_axis',(0.60433880479774,0.525181077217185,-0.599132243456014));
#12018=DIRECTION('center_axis',(0.,0.,1.));
#12019=DIRECTION('ref_axis',(0.,1.,0.));
#12020=DIRECTION('center_axis',(-1.,-2.2204460492503E-15,2.933667239473E-16));
#12021=DIRECTION('ref_axis',(0.,-0.130982367758188,-0.991384697953554));
#12022=DIRECTION('center_axis',(0.,-0.991384697953553,0.130982367758192));
#12023=DIRECTION('ref_axis',(1.,0.,0.));
#12024=DIRECTION('center_axis',(-1.,0.,0.));
#12025=DIRECTION('ref_axis',(0.,0.659172827201565,-0.751991478594735));
#12026=DIRECTION('',(1.,0.,0.));
#12027=DIRECTION('',(-1.,0.,0.));
#12028=DIRECTION('center_axis',(-1.,0.,0.));
#12029=DIRECTION('ref_axis',(0.,0.,1.));
#12030=DIRECTION('center_axis',(1.,0.,0.));
#12031=DIRECTION('ref_axis',(0.,0.0881566804053127,0.996106620648571));
#12032=DIRECTION('center_axis',(0.,0.,-1.));
#12033=DIRECTION('ref_axis',(0.707106781186548,0.707106781186548,0.));
#12034=DIRECTION('',(0.,0.,-1.));
#12035=DIRECTION('center_axis',(-1.,0.,0.));
#12036=DIRECTION('ref_axis',(0.,0.707106781186543,0.707106781186552));
#12037=DIRECTION('',(1.,0.,0.));
#12038=DIRECTION('',(-1.,0.,0.));
#12039=DIRECTION('center_axis',(0.,-1.,0.));
#12040=DIRECTION('ref_axis',(0.707106781186544,0.,-0.707106781186551));
#12041=DIRECTION('',(0.,-1.,0.));
#12042=DIRECTION('center_axis',(0.,-3.70074341541719E-16,-1.));
#12043=DIRECTION('ref_axis',(-0.707106781186548,0.707106781186548,0.));
#12044=DIRECTION('',(0.,3.70074341541719E-16,1.));
#12045=DIRECTION('',(0.,-3.70074341541719E-16,-1.));
#12046=DIRECTION('center_axis',(0.,1.,0.));
#12047=DIRECTION('ref_axis',(-0.707106781186549,0.,0.707106781186546));
#12048=DIRECTION('',(0.,1.,0.));
#12049=DIRECTION('',(0.,-1.,0.));
#12050=DIRECTION('center_axis',(0.707106781186548,0.707106781186548,0.));
#12051=DIRECTION('ref_axis',(-0.707106781186547,0.707106781186547,0.));
#12052=DIRECTION('center_axis',(0.,1.,-2.05596856412066E-16));
#12053=DIRECTION('ref_axis',(-0.707106781186555,0.,0.70710678118654));
#12054=DIRECTION('',(0.,1.,-2.05596856412066E-16));
#12055=DIRECTION('center_axis',(0.,0.,1.));
#12056=DIRECTION('ref_axis',(-0.707106781186546,-0.707106781186549,0.));
#12057=DIRECTION('',(0.,0.,1.));
#12058=DIRECTION('center_axis',(0.,0.,1.));
#12059=DIRECTION('ref_axis',(0.707106781186549,-0.707106781186546,0.));
#12060=DIRECTION('',(0.,0.,1.));
#12061=DIRECTION('center_axis',(0.,0.,-1.));
#12062=DIRECTION('ref_axis',(-0.923879532511287,-0.382683432365088,0.));
#12063=DIRECTION('',(0.,0.,-1.));
#12064=DIRECTION('',(0.,0.,1.));
#12065=DIRECTION('center_axis',(-1.,0.,0.));
#12066=DIRECTION('ref_axis',(0.,0.,1.));
#12067=DIRECTION('center_axis',(-1.,0.,0.));
#12068=DIRECTION('ref_axis',(0.,-1.,0.));
#12069=DIRECTION('center_axis',(0.,0.,-1.));
#12070=DIRECTION('ref_axis',(-0.707106781186548,0.707106781186548,0.));
#12071=DIRECTION('',(0.,0.,1.));
#12072=DIRECTION('',(0.,0.,-1.));
#12073=DIRECTION('center_axis',(0.,1.,-2.05596856412066E-16));
#12074=DIRECTION('ref_axis',(-0.707106781186549,0.,0.707106781186546));
#12075=DIRECTION('',(0.,1.,-2.05596856412066E-16));
#12076=DIRECTION('',(0.,-1.,2.05596856412066E-16));
#12077=DIRECTION('center_axis',(0.707106781186548,0.707106781186548,0.));
#12078=DIRECTION('ref_axis',(-0.707106781186547,0.707106781186547,-2.4532694666934E-16));
#12079=DIRECTION('center_axis',(0.,-1.,5.92118946466749E-16));
#12080=DIRECTION('ref_axis',(-0.707106781186549,-3.92523114670944E-16,-0.707106781186546));
#12081=DIRECTION('',(0.,1.,-5.92118946466749E-16));
#12082=DIRECTION('',(0.,-1.,5.92118946466749E-16));
#12083=DIRECTION('center_axis',(0.707106781186548,0.707106781186548,0.));
#12084=DIRECTION('ref_axis',(-0.707106781186547,0.707106781186547,-7.85046229341887E-16));
#12085=DIRECTION('center_axis',(0.,0.,-1.));
#12086=DIRECTION('ref_axis',(-0.923879532511287,-0.382683432365088,0.));
#12087=DIRECTION('',(0.,0.,1.));
#12088=DIRECTION('',(0.,0.,-1.));
#12089=DIRECTION('center_axis',(-1.,0.,0.));
#12090=DIRECTION('ref_axis',(0.,1.,0.));
#12091=DIRECTION('center_axis',(-1.,0.,0.));
#12092=DIRECTION('ref_axis',(0.,1.,0.));
#12093=DIRECTION('',(1.,0.,0.));
#12094=DIRECTION('',(1.,0.,0.));
#12095=DIRECTION('center_axis',(1.,0.,0.));
#12096=DIRECTION('ref_axis',(0.,-1.,0.));
#12097=DIRECTION('center_axis',(1.,0.,0.));
#12098=DIRECTION('ref_axis',(0.,1.,0.));
#12099=DIRECTION('',(1.,0.,0.));
#12100=DIRECTION('',(-1.,0.,0.));
#12101=DIRECTION('center_axis',(-1.,0.,0.));
#12102=DIRECTION('ref_axis',(0.,1.,0.));
#12103=DIRECTION('',(1.,0.,0.));
#12104=DIRECTION('center_axis',(1.,0.,0.));
#12105=DIRECTION('ref_axis',(0.,-1.,0.));
#12106=DIRECTION('center_axis',(0.,-1.,0.));
#12107=DIRECTION('ref_axis',(0.,0.,1.));
#12108=DIRECTION('',(-1.,0.,0.));
#12109=DIRECTION('center_axis',(0.,-1.,0.));
#12110=DIRECTION('ref_axis',(0.,0.,1.));
#12111=DIRECTION('',(-1.,0.,0.));
#12112=DIRECTION('center_axis',(-1.,0.,0.));
#12113=DIRECTION('ref_axis',(0.,0.,1.));
#12114=DIRECTION('center_axis',(0.,1.,1.48029736616688E-15));
#12115=DIRECTION('ref_axis',(0.,1.48029736616688E-15,-1.));
#12116=DIRECTION('',(0.,-1.48029736616688E-15,1.));
#12117=DIRECTION('center_axis',(0.,2.05596856412066E-16,1.));
#12118=DIRECTION('ref_axis',(0.,1.,-2.05596856412066E-16));
#12119=DIRECTION('',(-0.707106781186548,0.707106781186548,-1.45378931359609E-16));
#12120=DIRECTION('center_axis',(0.,-2.05596856412066E-16,-1.));
#12121=DIRECTION('ref_axis',(-0.382683432365088,-0.923879532511287,0.));
#12122=DIRECTION('center_axis',(-0.707106781186548,-0.707106781186548,0.));
#12123=DIRECTION('ref_axis',(0.,0.,1.));
#12124=DIRECTION('',(0.707106781186548,-0.707106781186548,4.18691322315672E-16));
#12125=DIRECTION('',(0.,0.,-1.));
#12126=DIRECTION('center_axis',(0.,1.,0.));
#12127=DIRECTION('ref_axis',(0.,0.,-1.));
#12128=DIRECTION('center_axis',(-1.,0.,0.));
#12129=DIRECTION('ref_axis',(0.,0.,1.));
#12130=DIRECTION('center_axis',(0.,0.,1.));
#12131=DIRECTION('ref_axis',(-0.382683432365088,-0.923879532511287,0.));
#12132=DIRECTION('center_axis',(0.,5.92118946466749E-16,1.));
#12133=DIRECTION('ref_axis',(-0.382683432365088,-0.923879532511287,0.));
#12134=DIRECTION('center_axis',(0.,0.,1.));
#12135=DIRECTION('ref_axis',(-0.382683432365088,-0.923879532511287,0.));
#12136=DIRECTION('center_axis',(0.,0.,-1.));
#12137=DIRECTION('ref_axis',(-0.382683432365088,-0.923879532511287,0.));
#12138=DIRECTION('',(0.,0.,-1.));
#12139=DIRECTION('center_axis',(0.,0.,1.));
#12140=DIRECTION('ref_axis',(0.,1.,0.));
#12141=DIRECTION('',(-0.707106781186548,0.707106781186548,0.));
#12142=DIRECTION('center_axis',(-0.707106781186548,-0.707106781186548,0.));
#12143=DIRECTION('ref_axis',(0.,0.,1.));
#12144=DIRECTION('center_axis',(0.,-5.92118946466749E-16,-1.));
#12145=DIRECTION('ref_axis',(0.,-1.,5.92118946466749E-16));
#12146=DIRECTION('center_axis',(-1.,0.,0.));
#12147=DIRECTION('ref_axis',(0.,-0.382683432365089,-0.923879532511287));
#12148=DIRECTION('',(1.,0.,0.));
#12149=DIRECTION('',(-1.,0.,0.));
#12150=DIRECTION('center_axis',(0.,-0.707106781186548,-0.707106781186547));
#12151=DIRECTION('ref_axis',(0.,-0.707106781186547,0.707106781186548));
#12152=DIRECTION('',(1.,0.,0.));
#12153=DIRECTION('center_axis',(-1.,0.,0.));
#12154=DIRECTION('ref_axis',(0.,0.38268343236509,0.923879532511287));
#12155=DIRECTION('center_axis',(0.,1.,0.));
#12156=DIRECTION('ref_axis',(-0.382683432365092,0.,0.923879532511286));
#12157=DIRECTION('',(0.,-1.,0.));
#12158=DIRECTION('center_axis',(-0.707106781186548,0.,0.707106781186548));
#12159=DIRECTION('ref_axis',(0.707106781186548,0.,0.707106781186548));
#12160=DIRECTION('',(0.,1.,0.));
#12161=DIRECTION('center_axis',(0.,-1.,0.));
#12162=DIRECTION('ref_axis',(0.38268343236509,0.,-0.923879532511287));
#12163=DIRECTION('center_axis',(0.,-1.,0.));
#12164=DIRECTION('ref_axis',(-0.707106781186549,0.,-0.707106781186546));
#12165=DIRECTION('center_axis',(0.,1.,0.));
#12166=DIRECTION('ref_axis',(-0.707106781186549,0.,-0.707106781186546));
#12167=DIRECTION('',(0.,-1.,0.));
#12168=DIRECTION('center_axis',(1.,0.,0.));
#12169=DIRECTION('ref_axis',(0.,0.,-1.));
#12170=DIRECTION('',(0.,0.,-1.));
#12171=DIRECTION('center_axis',(-0.853921715131953,-0.39865066491832,0.334507625901541));
#12172=DIRECTION('ref_axis',(0.520401483881535,-0.654141984735459,0.548890298129099));
#12173=DIRECTION('center_axis',(0.86602540378444,0.383022221559487,-0.321393804843268));
#12174=DIRECTION('ref_axis',(0.499999999999997,-0.663413948168939,0.556670399226421));
#12175=DIRECTION('center_axis',(-0.853921715131951,0.398650664918322,-0.334507625901542));
#12176=DIRECTION('ref_axis',(-0.520401483881538,-0.654141984735458,0.548890298129098));
#12177=DIRECTION('',(0.,0.64278760968654,0.766044443118977));
#12178=DIRECTION('center_axis',(0.866025403784439,-0.383022221559489,0.32139380484327));
#12179=DIRECTION('ref_axis',(-0.5,-0.663413948168938,0.55667039922642));
#12180=DIRECTION('center_axis',(1.,0.,0.));
#12181=DIRECTION('ref_axis',(0.,0.279169014939383,-0.960241980491259));
#12182=DIRECTION('',(1.,5.26098171510454E-16,-4.41448781677464E-16));
#12183=DIRECTION('',(-1.,0.,0.));
#12184=DIRECTION('center_axis',(-1.,0.,0.));
#12185=DIRECTION('ref_axis',(0.,-0.996961692748459,-0.0778934091700193));
#12186=DIRECTION('',(1.,0.,0.));
#12187=DIRECTION('',(-1.,0.,0.));
#12188=DIRECTION('center_axis',(0.853921715131951,0.398650664918322,-0.334507625901543));
#12189=DIRECTION('ref_axis',(0.520401483881538,-0.654141984735457,0.548890298129098));
#12190=DIRECTION('center_axis',(-0.866025403784439,-0.383022221559489,0.32139380484327));
#12191=DIRECTION('ref_axis',(0.5,-0.663413948168938,0.55667039922642));
#12192=DIRECTION('',(0.,0.64278760968654,0.766044443118977));
#12193=DIRECTION('center_axis',(-0.866025403784439,0.383022221559488,-0.32139380484327));
#12194=DIRECTION('ref_axis',(-0.5,-0.663413948168938,0.55667039922642));
#12195=DIRECTION('center_axis',(0.853921715131952,-0.398650664918322,0.334507625901542));
#12196=DIRECTION('ref_axis',(-0.520401483881538,-0.654141984735458,0.548890298129098));
#12197=DIRECTION('center_axis',(-0.866025403784439,0.383022221559489,-0.32139380484327));
#12198=DIRECTION('ref_axis',(-0.5,-0.663413948168938,0.55667039922642));
#12199=DIRECTION('',(0.,0.64278760968654,0.766044443118977));
#12200=DIRECTION('',(-0.5,-0.663413948168938,0.55667039922642));
#12201=DIRECTION('',(0.,0.64278760968654,0.766044443118977));
#12202=DIRECTION('center_axis',(0.,0.766044443118977,-0.64278760968654));
#12203=DIRECTION('ref_axis',(-1.,0.,0.));
#12204=DIRECTION('',(0.,0.64278760968654,0.766044443118977));
#12205=DIRECTION('',(-1.,0.,0.));
#12206=DIRECTION('center_axis',(0.866025403784439,0.383022221559489,-0.32139380484327));
#12207=DIRECTION('ref_axis',(-0.5,0.663413948168938,-0.55667039922642));
#12208=DIRECTION('',(0.,0.64278760968654,0.766044443118977));
#12209=DIRECTION('',(-0.5,0.663413948168938,-0.55667039922642));
#12210=DIRECTION('center_axis',(-1.,0.,0.));
#12211=DIRECTION('ref_axis',(0.,-1.,0.));
#12212=DIRECTION('',(-1.,0.,0.));
#12213=DIRECTION('',(-1.,0.,0.));
#12214=DIRECTION('center_axis',(-1.,-2.00112983208669E-16,1.6791473040418E-16));
#12215=DIRECTION('ref_axis',(0.,0.996194698091746,0.0871557427476582));
#12216=DIRECTION('center_axis',(-1.,0.,0.));
#12217=DIRECTION('ref_axis',(0.,0.996194698091746,0.0871557427476582));
#12218=DIRECTION('',(-1.,-2.00112983208669E-16,1.6791473040418E-16));
#12219=DIRECTION('center_axis',(1.,0.,0.));
#12220=DIRECTION('ref_axis',(0.,0.766044443118978,-0.642787609686539));
#12221=DIRECTION('center_axis',(0.,0.64278760968654,0.766044443118977));
#12222=DIRECTION('ref_axis',(-1.,0.,0.));
#12223=DIRECTION('center_axis',(-1.,0.,0.));
#12224=DIRECTION('ref_axis',(0.,-0.766044443118976,0.642787609686542));
#12225=DIRECTION('center_axis',(0.,0.64278760968654,0.766044443118977));
#12226=DIRECTION('ref_axis',(-1.,-8.16340459283203E-17,8.16340459283203E-17));
#12227=DIRECTION('center_axis',(1.,1.75098860307586E-16,-1.46925389103657E-16));
#12228=DIRECTION('ref_axis',(0.,-0.0871557427476519,0.996194698091746));
#12229=DIRECTION('center_axis',(-1.,0.,0.));
#12230=DIRECTION('ref_axis',(0.,-0.0871557427476519,0.996194698091746));
#12231=DIRECTION('',(1.,1.75098860307586E-16,-1.46925389103658E-16));
#12232=DIRECTION('center_axis',(2.28575328599297E-16,-0.766044443118978,
0.64278760968654));
#12233=DIRECTION('ref_axis',(1.,1.75098860307586E-16,-1.46925389103658E-16));
#12234=DIRECTION('',(0.,0.64278760968654,0.766044443118978));
#12235=DIRECTION('',(-1.,-1.75098860307586E-16,1.46925389103657E-16));
#12236=DIRECTION('',(0.,0.64278760968654,0.766044443118978));
#12237=DIRECTION('center_axis',(0.,0.64278760968654,0.766044443118978));
#12238=DIRECTION('ref_axis',(-1.,0.,0.));
#12239=DIRECTION('',(0.,0.64278760968654,0.766044443118978));
#12240=DIRECTION('center_axis',(1.,0.,0.));
#12241=DIRECTION('ref_axis',(0.,0.766044443118977,-0.64278760968654));
#12242=DIRECTION('center_axis',(1.,0.,0.));
#12243=DIRECTION('ref_axis',(0.,0.31461319803479,-0.949219961664483));
#12244=DIRECTION('',(0.,-0.766044443118977,0.64278760968654));
#12245=DIRECTION('',(0.,-1.,2.10240830574721E-15));
#12246=DIRECTION('center_axis',(1.,0.,0.));
#12247=DIRECTION('ref_axis',(0.,-0.999753698877499,-0.0221932778281835));
#12248=DIRECTION('',(0.,-0.64278760968654,-0.766044443118978));
#12249=DIRECTION('center_axis',(-2.61228946970625E-16,0.766044443118978,
-0.64278760968654));
#12250=DIRECTION('ref_axis',(-1.,-2.00112983208669E-16,1.6791473040418E-16));
#12251=DIRECTION('',(1.,2.00112983208669E-16,-1.6791473040418E-16));
#12252=DIRECTION('center_axis',(-1.,0.,0.));
#12253=DIRECTION('ref_axis',(0.,0.31461319803479,-0.949219961664483));
#12254=DIRECTION('center_axis',(-1.,0.,0.));
#12255=DIRECTION('ref_axis',(0.,0.766044443118978,-0.642787609686539));
#12256=DIRECTION('center_axis',(1.,0.,0.));
#12257=DIRECTION('ref_axis',(0.,-0.766044443118978,0.64278760968654));
#12258=DIRECTION('center_axis',(1.,0.,0.));
#12259=DIRECTION('ref_axis',(0.,-0.999753698877499,-0.0221932778281835));
#12260=DIRECTION('center_axis',(0.,-0.64278760968654,-0.766044443118977));
#12261=DIRECTION('ref_axis',(0.,-0.766044443118977,0.64278760968654));
#12262=DIRECTION('',(0.,0.766044443118977,-0.64278760968654));
#12263=DIRECTION('',(-1.,0.,0.));
#12264=DIRECTION('center_axis',(0.,-2.10240830574721E-15,-1.));
#12265=DIRECTION('ref_axis',(0.,-1.,2.10240830574721E-15));
#12266=DIRECTION('',(0.,1.,-2.10240830574721E-15));
#12267=DIRECTION('center_axis',(-0.86602540378444,-0.383022221559487,0.321393804843268));
#12268=DIRECTION('ref_axis',(0.499999999999997,-0.663413948168939,0.556670399226421));
#12269=DIRECTION('',(0.499999999999997,-0.663413948168939,0.556670399226421));
#12270=DIRECTION('',(0.,0.64278760968654,0.766044443118977));
#12271=DIRECTION('center_axis',(6.86772387994131E-16,-0.766044443118977,
0.64278760968654));
#12272=DIRECTION('ref_axis',(1.,5.26098171510454E-16,-4.41448781677464E-16));
#12273=DIRECTION('',(1.,5.26098171510454E-16,-4.41448781677464E-16));
#12274=DIRECTION('',(0.,-0.64278760968654,-0.766044443118977));
#12275=DIRECTION('center_axis',(0.866025403784439,-0.383022221559488,0.32139380484327));
#12276=DIRECTION('ref_axis',(0.5,0.663413948168938,-0.55667039922642));
#12277=DIRECTION('',(0.5,0.663413948168938,-0.55667039922642));
#12278=DIRECTION('center_axis',(0.,0.64278760968654,0.766044443118977));
#12279=DIRECTION('ref_axis',(1.,0.,0.));
#12280=DIRECTION('center_axis',(0.,1.,0.));
#12281=DIRECTION('ref_axis',(0.707106781186546,0.,0.707106781186549));
#12282=DIRECTION('',(0.,1.,0.));
#12283=DIRECTION('center_axis',(0.,1.,0.));
#12284=DIRECTION('ref_axis',(-0.382683432365089,0.,0.923879532511287));
#12285=DIRECTION('',(0.,1.,0.));
#12286=DIRECTION('',(0.,-1.,0.));
#12287=DIRECTION('center_axis',(0.707106781186548,0.,-0.707106781186547));
#12288=DIRECTION('ref_axis',(-0.707106781186547,0.,-0.707106781186548));
#12289=DIRECTION('',(0.,-1.,0.));
#12290=DIRECTION('center_axis',(0.,1.,0.));
#12291=DIRECTION('ref_axis',(-0.923879532511287,0.,0.382683432365089));
#12292=DIRECTION('center_axis',(-1.02561018441123E-16,0.,1.));
#12293=DIRECTION('ref_axis',(1.,0.,1.02561018441123E-16));
#12294=DIRECTION('center_axis',(-2.24287479722254E-16,0.,-1.));
#12295=DIRECTION('ref_axis',(-1.,0.,2.24287479722254E-16));
#12296=DIRECTION('center_axis',(0.,1.,-3.70074341541719E-16));
#12297=DIRECTION('ref_axis',(0.,-3.70074341541719E-16,-1.));
#12298=DIRECTION('center_axis',(-1.,0.,0.));
#12299=DIRECTION('ref_axis',(0.,0.,1.));
#12300=DIRECTION('center_axis',(1.,0.,0.));
#12301=DIRECTION('ref_axis',(0.,0.,-1.));
#12302=DIRECTION('center_axis',(0.,0.,-1.));
#12303=DIRECTION('ref_axis',(0.,-1.,0.));
#12304=DIRECTION('',(1.,0.,0.));
#12305=DIRECTION('center_axis',(0.,-1.,0.));
#12306=DIRECTION('ref_axis',(0.,0.,1.));
#12307=DIRECTION('center_axis',(0.,0.707106781186547,-0.707106781186548));
#12308=DIRECTION('ref_axis',(-1.,0.,0.));
#12309=DIRECTION('',(-1.,0.,0.));
#12310=DIRECTION('',(-1.,0.,0.));
#12311=DIRECTION('',(-0.577350269189624,-0.577350269189628,-0.577350269189626));
#12312=DIRECTION('center_axis',(-0.70710678118655,0.707106781186545,0.));
#12313=DIRECTION('ref_axis',(0.,0.,1.));
#12314=DIRECTION('',(0.,0.,-1.));
#12315=DIRECTION('',(0.,0.,1.));
#12316=DIRECTION('center_axis',(0.,0.,-1.));
#12317=DIRECTION('ref_axis',(-1.,0.,0.));
#12318=DIRECTION('',(0.,1.,0.));
#12319=DIRECTION('',(1.,0.,0.));
#12320=DIRECTION('center_axis',(0.,0.,-1.));
#12321=DIRECTION('ref_axis',(-1.,0.,0.));
#12322=DIRECTION('center_axis',(-1.,0.,0.));
#12323=DIRECTION('ref_axis',(0.,0.,1.));
#12324=DIRECTION('',(0.,0.,-1.));
#12325=DIRECTION('center_axis',(0.,-1.,0.));
#12326=DIRECTION('ref_axis',(1.,0.,0.));
#12327=DIRECTION('',(0.,-1.,0.));
#12328=DIRECTION('center_axis',(0.,-1.,0.));
#12329=DIRECTION('ref_axis',(1.,0.,0.));
#12330=DIRECTION('center_axis',(0.,0.,1.));
#12331=DIRECTION('ref_axis',(1.,0.,0.));
#12332=DIRECTION('',(0.,0.,1.));
#12333=DIRECTION('center_axis',(0.,0.,1.));
#12334=DIRECTION('ref_axis',(1.,0.,0.));
#12335=DIRECTION('',(0.,0.,1.));
#12336=DIRECTION('center_axis',(0.,-1.,0.));
#12337=DIRECTION('ref_axis',(0.,0.,-1.));
#12338=DIRECTION('center_axis',(0.,1.,0.));
#12339=DIRECTION('ref_axis',(0.,0.,1.));
#12340=DIRECTION('center_axis',(0.,-1.,0.));
#12341=DIRECTION('ref_axis',(0.,0.,-1.));
#12342=DIRECTION('',(-1.,0.,0.));
#12343=DIRECTION('center_axis',(1.,-1.36955018267536E-31,-4.62592926927149E-17));
#12344=DIRECTION('ref_axis',(4.62592926927149E-17,2.96059473233376E-15,
1.));
#12345=DIRECTION('',(0.,1.,-2.96059473233374E-15));
#12346=DIRECTION('center_axis',(-1.,1.36955018267536E-31,4.62592926927149E-17));
#12347=DIRECTION('ref_axis',(0.,1.,0.));
#12348=DIRECTION('center_axis',(-1.,0.,0.));
#12349=DIRECTION('ref_axis',(0.,-1.,0.));
#12350=DIRECTION('',(-1.,0.,0.));
#12351=DIRECTION('center_axis',(0.,0.,-1.));
#12352=DIRECTION('ref_axis',(-1.,0.,0.));
#12353=DIRECTION('center_axis',(0.,0.,1.));
#12354=DIRECTION('ref_axis',(-0.816496580927721,-0.577350269189633,0.));
#12355=DIRECTION('center_axis',(0.,0.,1.));
#12356=DIRECTION('ref_axis',(-1.,5.55111512312578E-17,0.));
#12357=DIRECTION('center_axis',(0.,0.,1.));
#12358=DIRECTION('ref_axis',(-0.674199862463242,0.738548945875996,0.));
#12359=DIRECTION('',(1.,0.,0.));
#12360=DIRECTION('center_axis',(0.,0.,1.));
#12361=DIRECTION('ref_axis',(0.7319250547114,0.681385143869247,0.));
#12362=DIRECTION('center_axis',(0.,0.,-1.));
#12363=DIRECTION('ref_axis',(1.,-3.70074341541719E-17,0.));
#12364=DIRECTION('center_axis',(0.,0.,1.));
#12365=DIRECTION('ref_axis',(0.615881762051439,-0.787838597158336,0.));
#12366=DIRECTION('center_axis',(0.,0.,-1.));
#12367=DIRECTION('ref_axis',(-1.,0.,0.));
#12368=DIRECTION('center_axis',(0.333333333333333,0.942809041582063,0.));
#12369=DIRECTION('ref_axis',(0.,0.,1.));
#12370=DIRECTION('center_axis',(0.,0.,1.));
#12371=DIRECTION('ref_axis',(-0.816496580927728,-0.577350269189623,0.));
#12372=DIRECTION('center_axis',(0.,0.,-1.));
#12373=DIRECTION('ref_axis',(-1.,0.,0.));
#12374=DIRECTION('center_axis',(0.0909090909090933,0.995859195463938,0.));
#12375=DIRECTION('ref_axis',(0.,0.,1.));
#12376=DIRECTION('center_axis',(0.,0.,-1.));
#12377=DIRECTION('ref_axis',(0.976883315274401,-0.213773217074766,0.));
#12378=DIRECTION('center_axis',(0.,0.,-1.));
#12379=DIRECTION('ref_axis',(-1.,0.,0.));
#12380=DIRECTION('center_axis',(1.,0.,0.));
#12381=DIRECTION('ref_axis',(0.,0.,1.));
#12382=DIRECTION('center_axis',(0.,0.,1.));
#12383=DIRECTION('ref_axis',(-0.674199862463242,0.738548945875996,0.));
#12384=DIRECTION('center_axis',(-1.,0.,0.));
#12385=DIRECTION('ref_axis',(0.,-0.707106781186549,0.707106781186546));
#12386=DIRECTION('center_axis',(1.,0.,0.));
#12387=DIRECTION('ref_axis',(0.,0.,1.));
#12388=DIRECTION('',(-1.,0.,0.));
#12389=DIRECTION('center_axis',(0.,0.,-1.));
#12390=DIRECTION('ref_axis',(0.7319250547114,0.681385143869247,0.));
#12391=DIRECTION('center_axis',(-0.0714285714285706,-0.997445717412067,
0.));
#12392=DIRECTION('ref_axis',(0.,0.,1.));
#12393=DIRECTION('center_axis',(0.,0.,1.));
#12394=DIRECTION('ref_axis',(0.731925054711401,0.681385143869246,0.));
#12395=DIRECTION('center_axis',(0.,0.,1.));
#12396=DIRECTION('ref_axis',(1.,0.,0.));
#12397=DIRECTION('center_axis',(0.,0.,1.));
#12398=DIRECTION('ref_axis',(0.987600808255731,-0.156986125287002,0.));
#12399=DIRECTION('center_axis',(0.,0.,-1.));
#12400=DIRECTION('ref_axis',(0.615881762051439,-0.787838597158336,0.));
#12401=DIRECTION('',(0.,0.,1.));
#12402=DIRECTION('center_axis',(0.,0.,-1.));
#12403=DIRECTION('ref_axis',(-0.816496580927721,-0.577350269189633,0.));
#12404=DIRECTION('',(0.,0.,-1.));
#12405=DIRECTION('center_axis',(0.,0.,-1.));
#12406=DIRECTION('ref_axis',(0.7319250547114,0.681385143869247,0.));
#12407=DIRECTION('',(0.,0.,-1.));
#12408=DIRECTION('',(0.,0.,1.));
#12409=DIRECTION('center_axis',(0.,1.,0.));
#12410=DIRECTION('ref_axis',(1.,0.,0.));
#12411=DIRECTION('',(0.,0.,-1.));
#12412=DIRECTION('center_axis',(0.,0.,-1.));
#12413=DIRECTION('ref_axis',(-0.674199862463242,0.738548945875996,0.));
#12414=DIRECTION('',(0.,0.,1.));
#12415=DIRECTION('center_axis',(0.,0.,-1.));
#12416=DIRECTION('ref_axis',(-1.,5.55111512312578E-17,0.));
#12417=DIRECTION('center_axis',(0.,0.,-1.));
#12418=DIRECTION('ref_axis',(1.,-3.70074341541719E-17,0.));
#12419=DIRECTION('center_axis',(0.,0.707106781186548,0.707106781186547));
#12420=DIRECTION('ref_axis',(0.,-0.707106781186547,0.707106781186548));
#12421=DIRECTION('',(1.,0.,0.));
#12422=DIRECTION('',(0.,-0.707106781186547,0.707106781186548));
#12423=DIRECTION('',(1.,0.,0.));
#12424=DIRECTION('center_axis',(0.,0.707106781186547,-0.707106781186548));
#12425=DIRECTION('ref_axis',(0.,0.707106781186548,0.707106781186547));
#12426=DIRECTION('',(1.,0.,0.));
#12427=DIRECTION('',(0.,0.707106781186548,0.707106781186547));
#12428=DIRECTION('center_axis',(0.,-0.707106781186548,-0.707106781186547));
#12429=DIRECTION('ref_axis',(0.,0.707106781186547,-0.707106781186548));
#12430=DIRECTION('',(1.,0.,0.));
#12431=DIRECTION('',(0.,0.707106781186547,-0.707106781186548));
#12432=DIRECTION('center_axis',(0.,-0.707106781186548,0.707106781186547));
#12433=DIRECTION('ref_axis',(0.,-0.707106781186547,-0.707106781186548));
#12434=DIRECTION('',(0.,-0.707106781186547,-0.707106781186548));
#12435=DIRECTION('center_axis',(-1.,0.,0.));
#12436=DIRECTION('ref_axis',(0.,0.,1.));
#12437=DIRECTION('center_axis',(-1.,0.,0.));
#12438=DIRECTION('ref_axis',(0.,1.,0.));
#12439=DIRECTION('center_axis',(-0.70710678118655,2.09345661157835E-15,
0.707106781186545));
#12440=DIRECTION('ref_axis',(0.707106781186545,0.,0.70710678118655));
#12441=DIRECTION('',(0.,-1.,2.96059473233374E-15));
#12442=DIRECTION('center_axis',(9.86864910777916E-15,-2.96059473233374E-15,
-1.));
#12443=DIRECTION('ref_axis',(1.,2.92170705637413E-29,9.86864910777916E-15));
#12444=DIRECTION('',(1.,2.92170705637413E-29,9.86864910777916E-15));
#12445=DIRECTION('',(0.,1.,-2.96059473233374E-15));
#12446=DIRECTION('center_axis',(0.707106781186546,2.09345661157836E-15,
0.707106781186549));
#12447=DIRECTION('ref_axis',(0.707106781186549,0.,-0.707106781186546));
#12448=DIRECTION('',(-0.707106781186549,2.09345661157837E-15,0.707106781186546));
#12449=DIRECTION('',(0.,-1.,2.96059473233374E-15));
#12450=DIRECTION('center_axis',(-1.,5.47820073070144E-31,1.85037170770859E-16));
#12451=DIRECTION('ref_axis',(-1.85037170770859E-16,-2.96059473233376E-15,
-1.));
#12452=DIRECTION('',(-1.85037170770859E-16,-2.96059473233376E-15,-1.));
#12453=DIRECTION('center_axis',(-1.,5.47820073070144E-31,1.85037170770859E-16));
#12454=DIRECTION('ref_axis',(0.,1.,0.));
#12455=DIRECTION('center_axis',(1.,-5.47820073070144E-31,-1.85037170770859E-16));
#12456=DIRECTION('ref_axis',(0.,1.,0.));
#12457=DIRECTION('center_axis',(-1.,0.,0.));
#12458=DIRECTION('ref_axis',(0.,1.,0.));
#12459=DIRECTION('',(-1.,0.,0.));
#12460=DIRECTION('center_axis',(0.,1.,-2.96059473233376E-15));
#12461=DIRECTION('ref_axis',(0.,-2.96059473233376E-15,-1.));
#12462=DIRECTION('center_axis',(1.,0.,0.));
#12463=DIRECTION('ref_axis',(0.,1.,0.));
#12464=DIRECTION('center_axis',(1.,0.,0.));
#12465=DIRECTION('ref_axis',(0.,1.,0.));
#12466=DIRECTION('',(-1.,0.,0.));
#12467=DIRECTION('center_axis',(1.,0.,0.));
#12468=DIRECTION('ref_axis',(0.,1.,0.));
#12469=DIRECTION('',(-0.707106781186548,0.707106781186547,8.65956056235493E-17));
#12470=DIRECTION('center_axis',(1.,0.,0.));
#12471=DIRECTION('ref_axis',(0.,1.,0.));
#12472=DIRECTION('',(-1.,0.,0.));
#12473=DIRECTION('center_axis',(0.,0.,-1.));
#12474=DIRECTION('ref_axis',(0.,-1.,0.));
#12475=DIRECTION('center_axis',(0.,1.,0.));
#12476=DIRECTION('ref_axis',(0.,0.,-1.));
#12477=DIRECTION('',(0.,0.,1.));
#12478=DIRECTION('',(-1.,0.,0.));
#12479=DIRECTION('center_axis',(0.,0.,-1.));
#12480=DIRECTION('ref_axis',(0.,-1.,0.));
#12481=DIRECTION('',(0.,-1.,0.));
#12482=DIRECTION('',(-1.,0.,0.));
#12483=DIRECTION('center_axis',(0.,1.,0.));
#12484=DIRECTION('ref_axis',(0.,0.,-1.));
#12485=DIRECTION('',(0.,0.,-1.));
#12486=DIRECTION('',(-1.,0.,0.));
#12487=DIRECTION('center_axis',(0.,0.,1.));
#12488=DIRECTION('ref_axis',(0.,1.,0.));
#12489=DIRECTION('',(0.,1.,0.));
#12490=DIRECTION('',(-1.,0.,0.));
#12491=DIRECTION('center_axis',(0.,0.707106781186547,0.707106781186548));
#12492=DIRECTION('ref_axis',(0.,0.707106781186548,-0.707106781186547));
#12493=DIRECTION('',(0.,0.707106781186548,-0.707106781186547));
#12494=DIRECTION('center_axis',(1.,0.,0.));
#12495=DIRECTION('ref_axis',(0.,0.,-1.));
#12496=CARTESIAN_POINT('',(0.,0.,0.));
#12497=CARTESIAN_POINT('Origin',(-72.25,20.25,7.70454411370328));
#12498=CARTESIAN_POINT('',(-72.25,20.4793281653747,7.80408602731702));
#12499=CARTESIAN_POINT('',(-72.,20.25,7.70454411370329));
#12500=CARTESIAN_POINT('Origin',(-72.25,20.25,7.70454411370329));
#12501=CARTESIAN_POINT('',(-72.25,20.5,7.70454411370328));
#12502=CARTESIAN_POINT('Origin',(-72.25,20.25,7.70454411370329));
#12503=CARTESIAN_POINT('Origin',(-72.25,20.25,7.70454411370328));
#12504=CARTESIAN_POINT('Origin',(-99.,20.25,7.70454411370328));
#12505=CARTESIAN_POINT('',(-97.4,20.4793281653747,7.80408602731702));
#12506=CARTESIAN_POINT('',(-97.4,20.5,7.70454411370328));
#12507=CARTESIAN_POINT('Origin',(-97.4,20.25,7.70454411370328));
#12508=CARTESIAN_POINT('',(-99.,20.4793281653747,7.80408602731702));
#12509=CARTESIAN_POINT('',(-99.,20.5,7.70454411370328));
#12510=CARTESIAN_POINT('Origin',(-59.2786796564404,-2.5,14.8701915172134));
#12511=CARTESIAN_POINT('',(-60.3393398282202,-3.56066017177982,14.8701915172134));
#12512=CARTESIAN_POINT('',(-60.5161165235168,-3.73743686707646,14.6201915172134));
#12513=CARTESIAN_POINT('Origin',(-60.5161165235168,-3.73743686707646,14.8701915172134));
#12514=CARTESIAN_POINT('',(-59.2786796564404,-4.,14.8701915172134));
#12515=CARTESIAN_POINT('Origin',(-59.2786796564404,-2.5,14.8701915172134));
#12516=CARTESIAN_POINT('',(-59.2786796564404,-4.25,14.6201915172134));
#12517=CARTESIAN_POINT('Origin',(-59.2786796564404,-4.25,14.8701915172134));
#12518=CARTESIAN_POINT('Origin',(-59.2786796564404,-2.5,14.6201915172134));
#12519=CARTESIAN_POINT('Origin',(-66.415126929199,2.16157353860567,14.8701915172134));
#12520=CARTESIAN_POINT('',(-63.5516236017746,-0.348376398225466,14.8701915172134));
#12521=CARTESIAN_POINT('',(-63.7284002970712,-0.5251530935221,14.6201915172134));
#12522=CARTESIAN_POINT('Origin',(-63.7284002970712,-0.5251530935221,14.8701915172134));
#12523=CARTESIAN_POINT('',(-66.2383502339023,2.3383502339023,14.8701915172134));
#12524=CARTESIAN_POINT('',(-66.415126929199,2.16157353860567,14.6201915172134));
#12525=CARTESIAN_POINT('Origin',(-64.6122837735544,-1.40903657000529,14.8701915172135));
#12526=CARTESIAN_POINT('',(-64.2454048551605,0.0454048551604415,14.8701915172135));
#12527=CARTESIAN_POINT('',(-64.3065513415594,-0.197002049033846,14.6201915172134));
#12528=CARTESIAN_POINT('Origin',(-64.3065513415594,-0.197002049033846,14.8701915172135));
#12529=CARTESIAN_POINT('Origin',(-64.6122837735544,-1.40903657000529,14.8701915172135));
#12530=CARTESIAN_POINT('Origin',(-64.6122837735544,-1.40903657000529,14.6201915172134));
#12531=CARTESIAN_POINT('Origin',(-63.8785259367666,1.49984628032617,14.8701915172135));
#12532=CARTESIAN_POINT('',(-64.9391861085464,0.439186108546347,14.8701915172135));
#12533=CARTESIAN_POINT('',(-65.115962803843,0.262409413249712,14.6201915172134));
#12534=CARTESIAN_POINT('Origin',(-65.115962803843,0.262409413249712,14.8701915172135));
#12535=CARTESIAN_POINT('Origin',(-63.8785259367666,1.49984628032617,14.8701915172135));
#12536=CARTESIAN_POINT('Origin',(-63.8785259367666,1.49984628032617,14.6201915172134));
#12537=CARTESIAN_POINT('Origin',(-70.740126929199,5.88657353860566,14.8701915172134));
#12538=CARTESIAN_POINT('',(-71.5606601717798,7.06066017177982,14.8701915172134));
#12539=CARTESIAN_POINT('',(-71.7374368670765,6.88388347648318,14.6201915172134));
#12540=CARTESIAN_POINT('Origin',(-71.7374368670765,6.88388347648318,14.8701915172134));
#12541=CARTESIAN_POINT('',(-70.5633502339023,6.0633502339023,14.8701915172134));
#12542=CARTESIAN_POINT('',(-70.740126929199,5.88657353860566,14.6201915172134));
#12543=CARTESIAN_POINT('Origin',(-70.5,8.12132034355965,14.8701915172134));
#12544=CARTESIAN_POINT('',(-71.8761351843185,7.52445188696252,14.8701915172134));
#12545=CARTESIAN_POINT('',(-72.1054910483716,7.424973810863,14.6201915172134));
#12546=CARTESIAN_POINT('Origin',(-72.1054910483716,7.424973810863,14.8701915172134));
#12547=CARTESIAN_POINT('Origin',(-70.5,8.12132034355965,14.8701915172134));
#12548=CARTESIAN_POINT('Origin',(-70.5,8.12132034355965,14.6201915172134));
#12549=CARTESIAN_POINT('Ctrl Pts',(-71.8761351843185,7.52445188696253,14.8701915172134));
#12550=CARTESIAN_POINT('Ctrl Pts',(-71.9588659669343,7.71519532385439,14.8701915172134));
#12551=CARTESIAN_POINT('Ctrl Pts',(-72.0000000000012,7.9236159878882,14.8347950534678));
#12552=CARTESIAN_POINT('Ctrl Pts',(-72.,8.12132034356826,14.7597245285006));
#12553=CARTESIAN_POINT('Ctrl Pts',(-71.8761351843185,7.52445188696253,14.8047416702637));
#12554=CARTESIAN_POINT('Ctrl Pts',(-71.9564210984895,7.70969301510701,14.8030872974753));
#12555=CARTESIAN_POINT('Ctrl Pts',(-71.9972703569656,7.90961866235523,14.7687407233564));
#12556=CARTESIAN_POINT('Ctrl Pts',(-72.0000000000001,8.10106444401732,14.6974880359972));
#12557=CARTESIAN_POINT('Ctrl Pts',(-71.9259945032561,7.50282650082287,14.6745386331499));
#12558=CARTESIAN_POINT('Ctrl Pts',(-72.0073053909602,7.683066271873,14.669718788));
#12559=CARTESIAN_POINT('Ctrl Pts',(-72.0493513771833,7.87439262632608,14.6374723850313));
#12560=CARTESIAN_POINT('Ctrl Pts',(-72.0543471159367,8.06076825137676,14.5736775044085));
#12561=CARTESIAN_POINT('Ctrl Pts',(-72.0454458235744,7.45101711028529,14.6201915172135));
#12562=CARTESIAN_POINT('Ctrl Pts',(-72.1368316039029,7.6410954249275,14.6175579814357));
#12563=CARTESIAN_POINT('Ctrl Pts',(-72.1828354062088,7.84677107477512,14.5861149438058));
#12564=CARTESIAN_POINT('Ctrl Pts',(-72.1845501530503,8.04394850660194,14.5219986383577));
#12565=CARTESIAN_POINT('Ctrl Pts',(-72.1054910483716,7.424973810863,14.6201915172135));
#12566=CARTESIAN_POINT('Ctrl Pts',(-72.2020102947566,7.62278181949165,14.6201915172135));
#12567=CARTESIAN_POINT('Ctrl Pts',(-72.2500000000014,7.83892176737854,14.5887279938839));
#12568=CARTESIAN_POINT('Ctrl Pts',(-72.25,8.04394850660228,14.5219986383576));
#12569=CARTESIAN_POINT('',(-72.,8.12132034356395,14.7597245285006));
#12570=CARTESIAN_POINT('',(-72.25,8.04394850660228,14.5219986383576));
#12571=CARTESIAN_POINT('Origin',(-72.25,8.12132034356969,14.7597245285006));
#12572=CARTESIAN_POINT('Ctrl Pts',(-71.8761351843185,7.52445188696253,14.8701915172134));
#12573=CARTESIAN_POINT('Ctrl Pts',(-71.9588659669343,7.71519532385439,14.8701915172134));
#12574=CARTESIAN_POINT('Ctrl Pts',(-72.0000000000012,7.9236159878882,14.8347950534678));
#12575=CARTESIAN_POINT('Ctrl Pts',(-72.,8.12132034356826,14.7597245285006));
#12576=CARTESIAN_POINT('Ctrl Pts',(-72.25,8.04394850660228,14.5219986383576));
#12577=CARTESIAN_POINT('Ctrl Pts',(-72.2500000000014,7.83892176737854,14.5887279938839));
#12578=CARTESIAN_POINT('Ctrl Pts',(-72.2020102947566,7.62278181949165,14.6201915172135));
#12579=CARTESIAN_POINT('Ctrl Pts',(-72.1054910483716,7.424973810863,14.6201915172135));
#12580=CARTESIAN_POINT('Origin',(-72.25,7.424973810863,12.6201915172134));
#12581=CARTESIAN_POINT('',(-72.,9.01596406853274,14.2111817748832));
#12582=CARTESIAN_POINT('',(-72.25,8.8391873732361,14.0344050795865));
#12583=CARTESIAN_POINT('Origin',(-72.25,9.01596406853274,14.2111817748832));
#12584=CARTESIAN_POINT('Origin',(-72.,7.424973810863,12.6201915172134));
#12585=CARTESIAN_POINT('Origin',(-72.25,7.424973810863,12.6201915172134));
#12586=CARTESIAN_POINT('Origin',(-72.25,13.4609757518995,9.76617009151644));
#12587=CARTESIAN_POINT('',(-72.,18.9838834764832,4.24326236693272));
#12588=CARTESIAN_POINT('',(-72.25,18.8071067811865,4.06648567163609));
#12589=CARTESIAN_POINT('Origin',(-72.25,18.9838834764832,4.24326236693272));
#12590=CARTESIAN_POINT('',(-72.,13.4609757518995,9.76617009151644));
#12591=CARTESIAN_POINT('',(-72.25,13.2841990566028,9.5893933962198));
#12592=CARTESIAN_POINT('Origin',(-72.25,19.5142135623731,4.77359245282263));
#12593=CARTESIAN_POINT('',(-72.,19.5142135623731,4.02359245282263));
#12594=CARTESIAN_POINT('',(-72.25,19.5142135623731,3.77359245282263));
#12595=CARTESIAN_POINT('Origin',(-72.25,19.5142135623731,4.02359245282263));
#12596=CARTESIAN_POINT('Origin',(-72.,19.5142135623731,4.77359245282263));
#12597=CARTESIAN_POINT('Origin',(-72.25,19.5142135623731,4.77359245282263));
#12598=CARTESIAN_POINT('Origin',(-72.25,12.625,4.02359245282263));
#12599=CARTESIAN_POINT('',(-72.25,20.5,3.77359245282263));
#12600=CARTESIAN_POINT('',(-72.25,12.625,3.77359245282263));
#12601=CARTESIAN_POINT('',(-72.,20.25,4.02359245282263));
#12602=CARTESIAN_POINT('Origin',(-72.25,20.25,4.02359245282263));
#12603=CARTESIAN_POINT('',(-72.,12.625,4.02359245282263));
#12604=CARTESIAN_POINT('Origin',(-72.25,20.25,9.72154199913872));
#12605=CARTESIAN_POINT('',(-72.,20.25,9.72154199913872));
#12606=CARTESIAN_POINT('',(-72.25,20.5,9.72154199913872));
#12607=CARTESIAN_POINT('Origin',(-72.25,2.5,0.));
#12608=CARTESIAN_POINT('',(-72.,8.12132034355965,18.5154869661881));
#12609=CARTESIAN_POINT('',(-72.25,8.19394722138342,18.7547051440459));
#12610=CARTESIAN_POINT('Origin',(-72.25,8.12132034355965,18.5154869661881));
#12611=CARTESIAN_POINT('Origin',(-72.,2.5,0.));
#12612=CARTESIAN_POINT('Origin',(-72.25,2.5,0.));
#12613=CARTESIAN_POINT('Ctrl Pts',(-71.7374368670765,6.94052279788478,19.0903577043875));
#12614=CARTESIAN_POINT('Ctrl Pts',(-72.0664947104159,7.27383203454901,19.0128281322824));
#12615=CARTESIAN_POINT('Ctrl Pts',(-72.25,7.73684548249578,18.893481688707));
#12616=CARTESIAN_POINT('Ctrl Pts',(-72.25,8.19394722138342,18.7547051440459));
#12617=CARTESIAN_POINT('Ctrl Pts',(-71.6953536820558,6.98044592861395,19.0810713633502));
#12618=CARTESIAN_POINT('Ctrl Pts',(-72.0124916332877,7.30349702087839,19.0052233265636));
#12619=CARTESIAN_POINT('Ctrl Pts',(-72.1876992731416,7.75228206668218,18.8886886122849));
#12620=CARTESIAN_POINT('Ctrl Pts',(-72.1845501530502,8.19394722138342,18.7547051440459));
#12621=CARTESIAN_POINT('Ctrl Pts',(-71.611474148641,7.05020469852187,19.0203644514219));
#12622=CARTESIAN_POINT('Ctrl Pts',(-71.9049405842692,7.35158339891161,18.9460184306772));
#12623=CARTESIAN_POINT('Ctrl Pts',(-72.0635241020159,7.77009249361179,18.8323118311429));
#12624=CARTESIAN_POINT('Ctrl Pts',(-72.054349464168,8.17815829380776,18.7026996249026));
#12625=CARTESIAN_POINT('Ctrl Pts',(-71.5674019061413,7.06740190614132,18.9048253465613));
#12626=CARTESIAN_POINT('Ctrl Pts',(-71.8499886140965,7.35362036421184,18.829037798247));
#12627=CARTESIAN_POINT('Ctrl Pts',(-72.00501296956,7.75122092561664,18.7125714374286));
#12628=CARTESIAN_POINT('Ctrl Pts',(-72.,8.14033401571167,18.5781141387017));
#12629=CARTESIAN_POINT('Ctrl Pts',(-71.5606601717798,7.06066017177982,18.8468582438723));
#12630=CARTESIAN_POINT('Ctrl Pts',(-71.8427097517852,7.34270975178514,18.7703175693706));
#12631=CARTESIAN_POINT('Ctrl Pts',(-72.,7.7345163210753,18.6524934018612));
#12632=CARTESIAN_POINT('Ctrl Pts',(-72.,8.12132034355965,18.5154869661881));
#12633=CARTESIAN_POINT('',(-71.7374368670765,6.94052279788478,19.0903577043875));
#12634=CARTESIAN_POINT('Ctrl Pts',(-71.7374368670765,6.94052279788478,19.0903577043875));
#12635=CARTESIAN_POINT('Ctrl Pts',(-72.0664947104159,7.27383203454901,19.0128281322824));
#12636=CARTESIAN_POINT('Ctrl Pts',(-72.25,7.73684548249578,18.893481688707));
#12637=CARTESIAN_POINT('Ctrl Pts',(-72.25,8.19394722138342,18.7547051440459));
#12638=CARTESIAN_POINT('',(-71.5606601717798,7.06066017177983,18.8468582438723));
#12639=CARTESIAN_POINT('Origin',(-71.7374368670765,6.88388347648319,18.8468582438723));
#12640=CARTESIAN_POINT('Ctrl Pts',(-72.,8.12132034355965,18.5154869661881));
#12641=CARTESIAN_POINT('Ctrl Pts',(-72.,7.7345163210753,18.6524934018612));
#12642=CARTESIAN_POINT('Ctrl Pts',(-71.8427097517852,7.34270975178514,18.7703175693706));
#12643=CARTESIAN_POINT('Ctrl Pts',(-71.5606601717798,7.06066017177982,18.8468582438723));
#12644=CARTESIAN_POINT('Ctrl Pts',(-67.3535533905933,2.5,19.6));
#12645=CARTESIAN_POINT('Ctrl Pts',(-68.8276467045302,3.99313844719185,19.6));
#12646=CARTESIAN_POINT('Ctrl Pts',(-70.3016731603061,5.48620917242222,19.4286390980177));
#12647=CARTESIAN_POINT('Ctrl Pts',(-71.7374368670765,6.94052279788478,19.0903577043875));
#12648=CARTESIAN_POINT('Ctrl Pts',(-67.3072733599875,2.54628003060582,19.6));
#12649=CARTESIAN_POINT('Ctrl Pts',(-68.7829678760038,4.03785705664877,19.5963953177498));
#12650=CARTESIAN_POINT('Ctrl Pts',(-70.2583581754014,5.5287039931119,19.422016815555));
#12651=CARTESIAN_POINT('Ctrl Pts',(-71.6953536820559,6.98044592861395,19.0810713633502));
#12652=CARTESIAN_POINT('Ctrl Pts',(-67.2152070334985,2.63834635709479,19.5456512945084));
#12653=CARTESIAN_POINT('Ctrl Pts',(-68.6939652851876,4.12267347096325,19.5390540762715));
#12654=CARTESIAN_POINT('Ctrl Pts',(-70.1720984762715,5.60599605220137,19.3623799921479));
#12655=CARTESIAN_POINT('Ctrl Pts',(-71.6114738194393,7.05020513319986,19.0203649048777));
#12656=CARTESIAN_POINT('Ctrl Pts',(-67.1767766952967,2.67677669529664,19.4154498469498));
#12657=CARTESIAN_POINT('Ctrl Pts',(-68.6534189044966,4.15331525959567,19.4131854052529));
#12658=CARTESIAN_POINT('Ctrl Pts',(-70.1295887570246,5.62966187138759,19.2415168767855));
#12659=CARTESIAN_POINT('Ctrl Pts',(-71.5674019061413,7.06740190614132,18.9048253465613));
#12660=CARTESIAN_POINT('Ctrl Pts',(-67.1767766952967,2.67677669529664,19.35));
#12661=CARTESIAN_POINT('Ctrl Pts',(-68.6508700092335,4.15087000923349,19.35));
#12662=CARTESIAN_POINT('Ctrl Pts',(-70.1248964650094,5.62489646500939,19.1808248238083));
#12663=CARTESIAN_POINT('Ctrl Pts',(-71.5606601717798,7.06066017177982,18.8468582438723));
#12664=CARTESIAN_POINT('',(-67.1767766952967,2.67677669529664,19.35));
#12665=CARTESIAN_POINT('',(-67.3535533905933,2.5,19.6));
#12666=CARTESIAN_POINT('Origin',(-67.3535533905933,2.5,19.35));
#12667=CARTESIAN_POINT('Origin',(-67.1767766952967,2.67677669529664,-7.88229338593552E-17));
#12668=CARTESIAN_POINT('Origin',(-67.3535533905933,2.5,0.));
#12669=CARTESIAN_POINT('Origin',(-71.9267766952967,7.07322330470337,19.35));
#12670=CARTESIAN_POINT('',(-64.9391861085464,0.43918610854635,19.35));
#12671=CARTESIAN_POINT('',(-65.115962803843,0.262409413249717,19.6));
#12672=CARTESIAN_POINT('Origin',(-65.115962803843,0.262409413249717,19.35));
#12673=CARTESIAN_POINT('',(-71.75,7.25,19.35));
#12674=CARTESIAN_POINT('',(-71.9267766952967,7.07322330470337,19.6));
#12675=CARTESIAN_POINT('Origin',(-63.8785259367666,1.49984628032617,19.35));
#12676=CARTESIAN_POINT('',(-64.4294925711607,0.10469905949805,19.35));
#12677=CARTESIAN_POINT('',(-64.5213203435597,-0.127825477306636,19.6));
#12678=CARTESIAN_POINT('Origin',(-64.5213203435597,-0.127825477306636,19.35));
#12679=CARTESIAN_POINT('Origin',(-63.8785259367666,1.49984628032617,19.35));
#12680=CARTESIAN_POINT('Origin',(-63.8785259367666,1.49984628032617,19.6));
#12681=CARTESIAN_POINT('Ctrl Pts',(-64.4294925711607,0.10469905949805,19.35));
#12682=CARTESIAN_POINT('Ctrl Pts',(-64.3692170483062,0.0808952619721175,
19.35));
#12683=CARTESIAN_POINT('Ctrl Pts',(-64.3073623988426,0.0610334780936903,
19.3440184283508));
#12684=CARTESIAN_POINT('Ctrl Pts',(-64.2454048551597,0.0454048551602624,
19.3314114973393));
#12685=CARTESIAN_POINT('Ctrl Pts',(-64.4294925711607,0.10469905949805,19.4154498469498));
#12686=CARTESIAN_POINT('Ctrl Pts',(-64.3660579041451,0.0796174374321196,
19.4145811987229));
#12687=CARTESIAN_POINT('Ctrl Pts',(-64.3006902452624,0.0588922379236569,
19.4077423275739));
#12688=CARTESIAN_POINT('Ctrl Pts',(-64.2351061285663,0.0428070292127521,
19.3942180824691));
#12689=CARTESIAN_POINT('Ctrl Pts',(-64.4494524378921,0.0541570650102844,
19.5456595041729));
#12690=CARTESIAN_POINT('Ctrl Pts',(-64.3769170426602,0.0271357145753791,
19.5431287868081));
#12691=CARTESIAN_POINT('Ctrl Pts',(-64.3022541425993,0.00490378851647534,
19.5345669106191));
#12692=CARTESIAN_POINT('Ctrl Pts',(-64.2271587279002,-0.0121291895579563,
19.5192399467488));
#12693=CARTESIAN_POINT('Ctrl Pts',(-64.4972798889627,-0.0669506959228889,
19.6));
#12694=CARTESIAN_POINT('Ctrl Pts',(-64.4158181542611,-0.0944893886015245,
19.59861723053));
#12695=CARTESIAN_POINT('Ctrl Pts',(-64.3322949132034,-0.117346514598549,
19.5906008394433));
#12696=CARTESIAN_POINT('Ctrl Pts',(-64.248464372578,-0.135183762063253,
19.5750544390294));
#12697=CARTESIAN_POINT('Ctrl Pts',(-64.5213203435597,-0.127825477306637,
19.6));
#12698=CARTESIAN_POINT('Ctrl Pts',(-64.4369346115634,-0.155596574420225,
19.6));
#12699=CARTESIAN_POINT('Ctrl Pts',(-64.3503381023144,-0.178768655611721,
19.592822114021));
#12700=CARTESIAN_POINT('Ctrl Pts',(-64.2635975411584,-0.197002049034053,
19.5776937968072));
#12701=CARTESIAN_POINT('',(-64.2454048551601,0.0454048551603548,19.3314114973393));
#12702=CARTESIAN_POINT('',(-64.2635975411584,-0.197002049034053,19.5776937968072));
#12703=CARTESIAN_POINT('Origin',(-64.3065513415586,-0.197002049034053,19.3314114973393));
#12704=CARTESIAN_POINT('Ctrl Pts',(-64.4294925711607,0.10469905949805,19.35));
#12705=CARTESIAN_POINT('Ctrl Pts',(-64.3692170483062,0.0808952619721175,
19.35));
#12706=CARTESIAN_POINT('Ctrl Pts',(-64.3073623988426,0.0610334780936903,
19.3440184283508));
#12707=CARTESIAN_POINT('Ctrl Pts',(-64.2454048551597,0.0454048551602624,
19.3314114973393));
#12708=CARTESIAN_POINT('Ctrl Pts',(-64.2635975411584,-0.197002049034053,
19.5776937968072));
#12709=CARTESIAN_POINT('Ctrl Pts',(-64.3503381023144,-0.178768655611721,
19.592822114021));
#12710=CARTESIAN_POINT('Ctrl Pts',(-64.4369346115634,-0.155596574420225,
19.6));
#12711=CARTESIAN_POINT('Ctrl Pts',(-64.5213203435597,-0.127825477306637,
19.6));
#12712=CARTESIAN_POINT('Ctrl Pts',(-63.5698162877641,-0.525153093529909,
19.2595861467802));
#12713=CARTESIAN_POINT('Ctrl Pts',(-63.7477095660596,-0.376908694947706,
19.4055573419924));
#12714=CARTESIAN_POINT('Ctrl Pts',(-63.9855198120367,-0.255455678679874,
19.5291945936642));
#12715=CARTESIAN_POINT('Ctrl Pts',(-64.2635975411587,-0.197002049033986,
19.5776937968072));
#12716=CARTESIAN_POINT('Ctrl Pts',(-63.5480342745175,-0.488705026653336,
19.2417128098098));
#12717=CARTESIAN_POINT('Ctrl Pts',(-63.7224925690463,-0.331723815639775,
19.3905644336461));
#12718=CARTESIAN_POINT('Ctrl Pts',(-63.9605461318585,-0.199570702371168,
19.5218021923256));
#12719=CARTESIAN_POINT('Ctrl Pts',(-64.2484643725782,-0.135183762063205,
19.5750544390295));
#12720=CARTESIAN_POINT('Ctrl Pts',(-63.5211354182201,-0.415898789640516,
19.1857660564672));
#12721=CARTESIAN_POINT('Ctrl Pts',(-63.6913011843009,-0.241572129047173,
19.330927025901));
#12722=CARTESIAN_POINT('Ctrl Pts',(-63.9284580217457,-0.0880977659020068,
19.4639216407223));
#12723=CARTESIAN_POINT('Ctrl Pts',(-64.227158674528,-0.0121290652755468,
19.5192400730182));
#12724=CARTESIAN_POINT('Ctrl Pts',(-63.5352750650795,-0.364724934920753,
19.1061693052304));
#12725=CARTESIAN_POINT('Ctrl Pts',(-63.7095212846079,-0.184877493079535,
19.235695947761));
#12726=CARTESIAN_POINT('Ctrl Pts',(-63.9473230625905,-0.0319824772908487,
19.3487429630235));
#12727=CARTESIAN_POINT('Ctrl Pts',(-64.2351061285663,0.0428070292127556,
19.3942180824692));
#12728=CARTESIAN_POINT('Ctrl Pts',(-63.5516236017652,-0.348376398234833,
19.0663217889835));
#12729=CARTESIAN_POINT('Ctrl Pts',(-63.7295168800606,-0.170483119936308,
19.1879644516602));
#12730=CARTESIAN_POINT('Ctrl Pts',(-63.9673271260377,-0.0247395004147925,
19.2909954947201));
#12731=CARTESIAN_POINT('Ctrl Pts',(-64.2454048551598,0.0454048551602724,
19.3314114973394));
#12732=CARTESIAN_POINT('',(-63.5698162877641,-0.525153093529907,19.2595861467802));
#12733=CARTESIAN_POINT('Ctrl Pts',(-63.5698162877641,-0.525153093529909,
19.2595861467802));
#12734=CARTESIAN_POINT('Ctrl Pts',(-63.7477095660596,-0.376908694947706,
19.4055573419924));
#12735=CARTESIAN_POINT('Ctrl Pts',(-63.9855198120367,-0.255455678679874,
19.5291945936642));
#12736=CARTESIAN_POINT('Ctrl Pts',(-64.2635975411587,-0.197002049033986,
19.5776937968072));
#12737=CARTESIAN_POINT('',(-63.5516236017699,-0.348376398230146,19.0663217889835));
#12738=CARTESIAN_POINT('Origin',(-63.7284002970634,-0.525153093529907,19.0663217889835));
#12739=CARTESIAN_POINT('Ctrl Pts',(-64.2454048551598,0.0454048551602724,
19.3314114973394));
#12740=CARTESIAN_POINT('Ctrl Pts',(-63.9673271260377,-0.0247395004147925,
19.2909954947201));
#12741=CARTESIAN_POINT('Ctrl Pts',(-63.7295168800606,-0.170483119936308,
19.1879644516602));
#12742=CARTESIAN_POINT('Ctrl Pts',(-63.5516236017652,-0.348376398234833,
19.0663217889835));
#12743=CARTESIAN_POINT('Ctrl Pts',(-63.5516236017679,-0.3483763982321,19.0663217889845));
#12744=CARTESIAN_POINT('Ctrl Pts',(-63.5199769415434,-0.380023058456655,
19.0403539679308));
#12745=CARTESIAN_POINT('Ctrl Pts',(-63.4896070095488,-0.410392990451194,
19.0128303142522));
#12746=CARTESIAN_POINT('Ctrl Pts',(-63.4606601717798,-0.439339828220172,
18.9838834764832));
#12747=CARTESIAN_POINT('Ctrl Pts',(-63.5329395598411,-0.367060440158877,
19.1118618075524));
#12748=CARTESIAN_POINT('Ctrl Pts',(-63.5007088916637,-0.399311573823337,
19.0842977815522));
#12749=CARTESIAN_POINT('Ctrl Pts',(-63.469761388292,-0.430222114003652,
19.0551741950428));
#12750=CARTESIAN_POINT('Ctrl Pts',(-63.4403022379678,-0.459697762032266,
19.0245993441074));
#12751=CARTESIAN_POINT('Ctrl Pts',(-63.5216397563987,-0.420978248657867,
19.1913416992807));
#12752=CARTESIAN_POINT('Ctrl Pts',(-63.4875525840554,-0.453464816538477,
19.161023364825));
#12753=CARTESIAN_POINT('Ctrl Pts',(-63.454898128407,-0.48462263740433,19.1290918082998));
#12754=CARTESIAN_POINT('Ctrl Pts',(-63.4238029369255,-0.514296393408603,
19.095697276526));
#12755=CARTESIAN_POINT('Ctrl Pts',(-63.5511459906971,-0.49391189334848,
19.244266143664));
#12756=CARTESIAN_POINT('Ctrl Pts',(-63.514323628695,-0.52580906991244,19.2130247700836));
#12757=CARTESIAN_POINT('Ctrl Pts',(-63.4790188508817,-0.556415887354212,
19.1800218418551));
#12758=CARTESIAN_POINT('Ctrl Pts',(-63.4453917214208,-0.585579622798673,
19.1453917214208));
#12759=CARTESIAN_POINT('Ctrl Pts',(-63.5698162877655,-0.525153093528741,
19.2595861467814));
#12760=CARTESIAN_POINT('Ctrl Pts',(-63.5318402954961,-0.556799753753296,
19.2284247615169));
#12761=CARTESIAN_POINT('Ctrl Pts',(-63.4953963771026,-0.587169685747837,
19.1953963771026));
#12762=CARTESIAN_POINT('Ctrl Pts',(-63.4606601717798,-0.616116523516814,
19.1606601717798));
#12763=CARTESIAN_POINT('',(-63.4606601717799,-0.439339828220172,18.9838834764832));
#12764=CARTESIAN_POINT('',(-63.4606601717798,-0.616116523516813,19.1606601717798));
#12765=CARTESIAN_POINT('Origin',(-63.6374368670765,-0.616116523516809,18.9838834764832));
#12766=CARTESIAN_POINT('Origin',(-64.344543648263,0.444543648263013,18.1));
#12767=CARTESIAN_POINT('Origin',(-64.5213203435597,0.267766952966376,18.1));
#12768=CARTESIAN_POINT('Origin',(-60.6190355937289,-3.63451779686442,15.9654822031356));
#12769=CARTESIAN_POINT('',(-61.0393398282202,-2.86066017177982,16.5625631329235));
#12770=CARTESIAN_POINT('',(-61.0393398282202,-3.03743686707646,16.7393398282202));
#12771=CARTESIAN_POINT('Origin',(-61.2161165235168,-3.03743686707646,16.5625631329235));
#12772=CARTESIAN_POINT('',(-60.4422588984322,-3.45774110156779,15.9654822031356));
#12773=CARTESIAN_POINT('',(-60.4422588984322,-3.63451779686442,16.1422588984322));
#12774=CARTESIAN_POINT('Ctrl Pts',(-61.0393398282202,-2.86066017177982,
16.5625631329235));
#12775=CARTESIAN_POINT('Ctrl Pts',(-60.8441354982783,-3.05586450172174,
16.3673588029816));
#12776=CARTESIAN_POINT('Ctrl Pts',(-60.602059827346,-3.29794017265403,16.2193487258963));
#12777=CARTESIAN_POINT('Ctrl Pts',(-60.3393398282202,-3.56066017177982,
16.1345686402895));
#12778=CARTESIAN_POINT('Ctrl Pts',(-61.0189818944081,-2.88101810559191,
16.6032790005477));
#12779=CARTESIAN_POINT('Ctrl Pts',(-60.8262452810703,-3.07367525248196,
16.4159165145758));
#12780=CARTESIAN_POINT('Ctrl Pts',(-60.587648612659,-3.31254938105788,16.2753220766582));
#12781=CARTESIAN_POINT('Ctrl Pts',(-60.3292130226218,-3.57078697737826,
16.1973313595986));
#12782=CARTESIAN_POINT('Ctrl Pts',(-61.0024823891905,-2.93561664522435,
16.6743770453978));
#12783=CARTESIAN_POINT('Ctrl Pts',(-60.8176262891973,-3.1273195419484,16.5005964503068));
#12784=CARTESIAN_POINT('Ctrl Pts',(-60.589175557927,-3.36460839912353,16.3730934762405));
#12785=CARTESIAN_POINT('Ctrl Pts',(-60.3439688436703,-3.62077330633546,
16.3065050994071));
#12786=CARTESIAN_POINT('Ctrl Pts',(-61.0240713778611,-3.00689996635831,
16.7240713778611));
#12787=CARTESIAN_POINT('Ctrl Pts',(-60.8514111636175,-3.20105953956015,
16.5562423891129));
#12788=CARTESIAN_POINT('Ctrl Pts',(-60.6378388159058,-3.44169458641894,
16.4309927741802));
#12789=CARTESIAN_POINT('Ctrl Pts',(-60.4076633634225,-3.70246173782621,
16.3622653695503));
#12790=CARTESIAN_POINT('Ctrl Pts',(-61.0393398282202,-3.03743686707645,
16.7393398282202));
#12791=CARTESIAN_POINT('Ctrl Pts',(-60.8720218311271,-3.23264119701838,
16.5720218311271));
#12792=CARTESIAN_POINT('Ctrl Pts',(-60.6645283988994,-3.47471686795066,
16.4451560507683));
#12793=CARTESIAN_POINT('Ctrl Pts',(-60.4393398282202,-3.73743686707645,
16.3724874059625));
#12794=CARTESIAN_POINT('',(-60.3393398282202,-3.56066017177982,16.1345686402895));
#12795=CARTESIAN_POINT('',(-60.4393398282202,-3.73743686707645,16.3724874059625));
#12796=CARTESIAN_POINT('Origin',(-60.5161165235168,-3.73743686707645,16.1345686402895));
#12797=CARTESIAN_POINT('Origin',(-59.8019029611438,-4.09809703885627,17.8));
#12798=CARTESIAN_POINT('Origin',(-59.9786796564404,-4.27487373415291,17.8));
#12799=CARTESIAN_POINT('Ctrl Pts',(-60.3393398282202,-3.56066017177981,
16.1345686402895));
#12800=CARTESIAN_POINT('Ctrl Pts',(-60.2091156330948,-3.6908843669052,16.0855412035173));
#12801=CARTESIAN_POINT('Ctrl Pts',(-60.0518080273012,-3.79921329279021,
16.0500000000342));
#12802=CARTESIAN_POINT('Ctrl Pts',(-59.8786796566941,-3.87477270837603,
16.05));
#12803=CARTESIAN_POINT('Ctrl Pts',(-60.3304788733216,-3.56952112667845,
16.189486019685));
#12804=CARTESIAN_POINT('Ctrl Pts',(-60.2001381794448,-3.69757524348375,
16.144654495817));
#12805=CARTESIAN_POINT('Ctrl Pts',(-60.0454170336324,-3.80207108434303,
16.1135090991536));
#12806=CARTESIAN_POINT('Ctrl Pts',(-59.8786796566848,-3.87477270838008,
16.115449846947));
#12807=CARTESIAN_POINT('Ctrl Pts',(-60.3408670818299,-3.61525345993876,
16.2990118400175));
#12808=CARTESIAN_POINT('Ctrl Pts',(-60.2108616138751,-3.74655689794435,
16.2623980054255));
#12809=CARTESIAN_POINT('Ctrl Pts',(-60.0595142777682,-3.85145517008858,
16.2400079704398));
#12810=CARTESIAN_POINT('Ctrl Pts',(-59.9004148007461,-3.92457417985635,
16.2456621398102));
#12811=CARTESIAN_POINT('Ctrl Pts',(-60.4023839526229,-3.69663254961783,
16.3605616968149));
#12812=CARTESIAN_POINT('Ctrl Pts',(-60.2727893806676,-3.84163134472414,
16.3225477735205));
#12813=CARTESIAN_POINT('Ctrl Pts',(-60.1187776316748,-3.96084407558899,
16.2969105942561));
#12814=CARTESIAN_POINT('Ctrl Pts',(-59.9524997179042,-4.04391571753865,
16.2999999999956));
#12815=CARTESIAN_POINT('Ctrl Pts',(-60.4393398282202,-3.73743686707645,
16.3724874059625));
#12816=CARTESIAN_POINT('Ctrl Pts',(-60.3091156330948,-3.88936509472271,
16.3304638887291));
#12817=CARTESIAN_POINT('Ctrl Pts',(-60.1518080273013,-4.01574884158855,
16.3000000000293));
#12818=CARTESIAN_POINT('Ctrl Pts',(-59.9786796566941,-4.10390149310537,
16.3));
#12819=CARTESIAN_POINT('',(-59.8786796566941,-3.87477270837603,16.05));
#12820=CARTESIAN_POINT('',(-59.9786796565672,-4.10390149310537,16.3));
#12821=CARTESIAN_POINT('Origin',(-59.9786796567364,-4.10390149310537,16.05));
#12822=CARTESIAN_POINT('Ctrl Pts',(-60.3393398282202,-3.56066017177981,
16.1345686402895));
#12823=CARTESIAN_POINT('Ctrl Pts',(-60.2091156330948,-3.6908843669052,16.0855412035173));
#12824=CARTESIAN_POINT('Ctrl Pts',(-60.0518080273012,-3.79921329279021,
16.0500000000342));
#12825=CARTESIAN_POINT('Ctrl Pts',(-59.8786796566941,-3.87477270837603,
16.05));
#12826=CARTESIAN_POINT('Ctrl Pts',(-59.9786796566941,-4.10390149310537,
16.3));
#12827=CARTESIAN_POINT('Ctrl Pts',(-60.1518080273013,-4.01574884158855,
16.3000000000293));
#12828=CARTESIAN_POINT('Ctrl Pts',(-60.3091156330948,-3.88936509472271,
16.3304638887291));
#12829=CARTESIAN_POINT('Ctrl Pts',(-60.4393398282202,-3.73743686707645,
16.3724874059625));
#12830=CARTESIAN_POINT('Origin',(-59.2786796564404,-2.5,16.05));
#12831=CARTESIAN_POINT('',(-59.2786796564404,-4.,16.05));
#12832=CARTESIAN_POINT('',(-59.2786796564404,-4.25,16.3));
#12833=CARTESIAN_POINT('Origin',(-59.2786796564404,-4.25,16.05));
#12834=CARTESIAN_POINT('Origin',(-59.2786796564404,-2.5,16.05));
#12835=CARTESIAN_POINT('Origin',(-59.2786796564404,-2.5,16.3));
#12836=CARTESIAN_POINT('Origin',(-72.,3.75,11.6867962264113));
#12837=CARTESIAN_POINT('',(-72.,8.12132034355965,13.6650971698085));
#12838=CARTESIAN_POINT('Origin',(-70.5,8.12132034355965,13.6650971698085));
#12839=CARTESIAN_POINT('',(-71.5606601717798,7.06066017177982,13.6650971698085));
#12840=CARTESIAN_POINT('Origin',(-68.25,3.75,15.6433981132057));
#12841=CARTESIAN_POINT('',(-64.9391861085464,0.439186108546349,17.95));
#12842=CARTESIAN_POINT('Origin',(-63.8785259367666,1.49984628032617,17.95));
#12843=CARTESIAN_POINT('',(-64.2454048551605,0.0454048551604436,17.95));
#12844=CARTESIAN_POINT('Origin',(-64.6122837735544,-1.40903657000528,17.95));
#12845=CARTESIAN_POINT('',(-63.5516236017746,-0.348376398225465,17.95));
#12846=CARTESIAN_POINT('Origin',(-59.9,-4.,16.3));
#12847=CARTESIAN_POINT('',(-60.3393398282202,-3.56066017177982,16.3));
#12848=CARTESIAN_POINT('Origin',(-59.2786796564404,-2.5,16.3));
#12849=CARTESIAN_POINT('',(-59.2786796564404,-4.,16.3));
#12850=CARTESIAN_POINT('Origin',(-72.75,12.625,4.02359245282263));
#12851=CARTESIAN_POINT('',(-73.,19.5142135623731,4.02359245282263));
#12852=CARTESIAN_POINT('',(-72.75,19.5142135623731,3.77359245282263));
#12853=CARTESIAN_POINT('Origin',(-72.75,19.5142135623731,4.02359245282263));
#12854=CARTESIAN_POINT('',(-73.,20.0445348691149,4.02359245282263));
#12855=CARTESIAN_POINT('',(-73.,12.625,4.02359245282263));
#12856=CARTESIAN_POINT('',(-72.75,20.1,3.77359245282263));
#12857=CARTESIAN_POINT('Ctrl Pts',(-73.,20.0445348691149,4.02359245282263));
#12858=CARTESIAN_POINT('Ctrl Pts',(-73.,20.0517346668621,3.99219834317867));
#12859=CARTESIAN_POINT('Ctrl Pts',(-72.9937287388828,20.059334633516,3.95863274728954));
#12860=CARTESIAN_POINT('Ctrl Pts',(-72.9680102079481,20.0731764299673,3.89672633897892));
#12861=CARTESIAN_POINT('Ctrl Pts',(-72.9485577681771,20.0794224993068,3.86838862252227));
#12862=CARTESIAN_POINT('Ctrl Pts',(-72.9039322441071,20.0890912962591,3.8241816754532));
#12863=CARTESIAN_POINT('Ctrl Pts',(-72.8760227311643,20.0932091140445,3.80514920645308));
#12864=CARTESIAN_POINT('Ctrl Pts',(-72.8147300262871,20.0986614011592,3.7798524178798));
#12865=CARTESIAN_POINT('Ctrl Pts',(-72.7813454046479,20.1,3.77359245282263));
#12866=CARTESIAN_POINT('Ctrl Pts',(-72.75,20.1,3.77359245282263));
#12867=CARTESIAN_POINT('',(-72.75,12.625,3.77359245282263));
#12868=CARTESIAN_POINT('Origin',(-72.75,19.5142135623731,4.77359245282263));
#12869=CARTESIAN_POINT('',(-73.,18.9838834764832,4.24326236693272));
#12870=CARTESIAN_POINT('',(-72.75,18.8071067811865,4.06648567163609));
#12871=CARTESIAN_POINT('Origin',(-72.75,18.9838834764832,4.24326236693272));
#12872=CARTESIAN_POINT('Origin',(-73.,19.5142135623731,4.77359245282263));
#12873=CARTESIAN_POINT('Origin',(-72.75,19.5142135623731,4.77359245282263));
#12874=CARTESIAN_POINT('Origin',(-72.75,13.4609757518995,9.76617009151644));
#12875=CARTESIAN_POINT('',(-73.,9.01596406853274,14.2111817748832));
#12876=CARTESIAN_POINT('',(-72.75,8.8391873732361,14.0344050795865));
#12877=CARTESIAN_POINT('Origin',(-72.75,9.01596406853274,14.2111817748832));
#12878=CARTESIAN_POINT('',(-73.,13.4609757518995,9.76617009151644));
#12879=CARTESIAN_POINT('',(-72.75,13.2841990566028,9.5893933962198));
#12880=CARTESIAN_POINT('Origin',(-72.75,7.424973810863,12.6201915172134));
#12881=CARTESIAN_POINT('',(-73.,7.424973810863,14.8701915172134));
#12882=CARTESIAN_POINT('',(-72.75,7.424973810863,14.6201915172134));
#12883=CARTESIAN_POINT('Origin',(-72.75,7.424973810863,14.8701915172134));
#12884=CARTESIAN_POINT('Origin',(-73.,7.424973810863,12.6201915172134));
#12885=CARTESIAN_POINT('Origin',(-72.75,7.424973810863,12.6201915172134));
#12886=CARTESIAN_POINT('Origin',(-72.75,6.0017004678046,14.8701915172134));
#12887=CARTESIAN_POINT('',(-73.,-12.41,14.8701915172134));
#12888=CARTESIAN_POINT('',(-72.75,-12.66,14.6201915172134));
#12889=CARTESIAN_POINT('Origin',(-72.75,-12.41,14.8701915172134));
#12890=CARTESIAN_POINT('',(-73.,6.0017004678046,14.8701915172134));
#12891=CARTESIAN_POINT('',(-72.75,6.0017004678046,14.6201915172134));
#12892=CARTESIAN_POINT('Origin',(-73.,3.75,11.6867962264113));
#12893=CARTESIAN_POINT('',(-73.,-12.,15.2801915172134));
#12894=CARTESIAN_POINT('',(-73.,-9.12584882270053,18.1543426945129));
#12895=CARTESIAN_POINT('',(-73.,-12.,15.2888848514207));
#12896=CARTESIAN_POINT('',(-73.,-12.,19.773445992509));
#12897=CARTESIAN_POINT('',(-73.,-2.5,18.));
#12898=CARTESIAN_POINT('Origin',(-73.,-2.5,0.));
#12899=CARTESIAN_POINT('',(-73.,2.5,18.));
#12900=CARTESIAN_POINT('',(-73.,-2.5,18.));
#12901=CARTESIAN_POINT('Origin',(-73.,2.5,0.));
#12902=CARTESIAN_POINT('Ctrl Pts',(-59.4994949366117,-13.,14.1201915172134));
#12903=CARTESIAN_POINT('Ctrl Pts',(-59.498849433471,-13.,14.1213095614509));
#12904=CARTESIAN_POINT('Ctrl Pts',(-59.4982021254617,-13.,14.1224291573918));
#12905=CARTESIAN_POINT('Ctrl Pts',(-59.4124787480032,-13.,14.271193832267));
#12906=CARTESIAN_POINT('Ctrl Pts',(-59.2785193854157,-13.,14.4962701877928));
#12907=CARTESIAN_POINT('Ctrl Pts',(-58.9567174405766,-13.,14.7832166197416));
#12908=CARTESIAN_POINT('Ctrl Pts',(-58.7020820643064,-13.,14.8701915172134));
#12909=CARTESIAN_POINT('Ctrl Pts',(-58.5312491000598,-13.,14.8701915172134));
#12910=CARTESIAN_POINT('Ctrl Pts',(-59.4994949366117,-13.,14.1201915172134));
#12911=CARTESIAN_POINT('Ctrl Pts',(-59.4985840489968,-13.,14.1212136384952));
#12912=CARTESIAN_POINT('Ctrl Pts',(-59.497820673236,-13.,14.1221528126105));
#12913=CARTESIAN_POINT('Ctrl Pts',(-59.3821835563028,-13.,14.2551938558116));
#12914=CARTESIAN_POINT('Ctrl Pts',(-59.2111608005371,-13.,14.4516808725727));
#12915=CARTESIAN_POINT('Ctrl Pts',(-58.8939529990145,-13.,14.6819669044599));
#12916=CARTESIAN_POINT('Ctrl Pts',(-58.6734126691516,-13.,14.7436542885049));
#12917=CARTESIAN_POINT('Ctrl Pts',(-58.5312491000598,-13.,14.7392918233139));
#12918=CARTESIAN_POINT('Ctrl Pts',(-59.4994949366117,-13.,14.1201915172134));
#12919=CARTESIAN_POINT('Ctrl Pts',(-59.4986423079342,-13.0000906778336,
14.1211198669956));
#12920=CARTESIAN_POINT('Ctrl Pts',(-59.4971356250543,-12.99991416829,14.1218743135665));
#12921=CARTESIAN_POINT('Ctrl Pts',(-59.3579485384128,-13.0004497329431,
14.2391442674714));
#12922=CARTESIAN_POINT('Ctrl Pts',(-59.1449368424393,-12.965445357604,14.4067241546603));
#12923=CARTESIAN_POINT('Ctrl Pts',(-58.8383271406925,-12.91028385053,14.5851628531963));
#12924=CARTESIAN_POINT('Ctrl Pts',(-58.6493736486168,-12.8904487129721,
14.6274604138224));
#12925=CARTESIAN_POINT('Ctrl Pts',(-58.5312491000598,-12.8808996938996,
14.6201915172134));
#12926=CARTESIAN_POINT('Ctrl Pts',(-59.4994949366117,-13.,14.1201915172134));
#12927=CARTESIAN_POINT('Ctrl Pts',(-59.4982039303299,-13.,14.1209368800391));
#12928=CARTESIAN_POINT('Ctrl Pts',(-59.4969251616837,-12.9999973258011,
14.1216832773323));
#12929=CARTESIAN_POINT('Ctrl Pts',(-59.3224680451848,-12.9989828743564,
14.2208597272501));
#12930=CARTESIAN_POINT('Ctrl Pts',(-59.1003400226665,-12.9007152001546,
14.3709106309331));
#12931=CARTESIAN_POINT('Ctrl Pts',(-58.8311301389501,-12.7950789528536,
14.5622082522327));
#12932=CARTESIAN_POINT('Ctrl Pts',(-58.6486967629798,-12.7637840255315,
14.6201915172134));
#12933=CARTESIAN_POINT('Ctrl Pts',(-58.5312491000598,-12.75,14.6201915172134));
#12934=CARTESIAN_POINT('',(-58.5312491000598,-13.,14.8701915172134));
#12935=CARTESIAN_POINT('',(-58.5312491000598,-12.75,14.6201915172134));
#12936=CARTESIAN_POINT('Origin',(-58.5312491000598,-12.75,14.8701915172134));
#12937=CARTESIAN_POINT('',(-59.4994949366117,-13.,14.1201915172134));
#12938=CARTESIAN_POINT('Ctrl Pts',(-59.4994949366117,-13.,14.1201915172134));
#12939=CARTESIAN_POINT('Ctrl Pts',(-59.498849433471,-13.,14.1213095614509));
#12940=CARTESIAN_POINT('Ctrl Pts',(-59.4982021254617,-13.,14.1224291573918));
#12941=CARTESIAN_POINT('Ctrl Pts',(-59.4124787480032,-13.,14.271193832267));
#12942=CARTESIAN_POINT('Ctrl Pts',(-59.2785193854157,-13.,14.4962701877928));
#12943=CARTESIAN_POINT('Ctrl Pts',(-58.9567174405766,-13.,14.7832166197416));
#12944=CARTESIAN_POINT('Ctrl Pts',(-58.7020820643064,-13.,14.8701915172134));
#12945=CARTESIAN_POINT('Ctrl Pts',(-58.5312491000598,-13.,14.8701915172134));
#12946=CARTESIAN_POINT('Ctrl Pts',(-58.5312491000598,-12.75,14.6201915172134));
#12947=CARTESIAN_POINT('Ctrl Pts',(-58.6486967629798,-12.7637840255315,
14.6201915172134));
#12948=CARTESIAN_POINT('Ctrl Pts',(-58.8311301389501,-12.7950789528536,
14.5622082522327));
#12949=CARTESIAN_POINT('Ctrl Pts',(-59.1003400226665,-12.9007152001546,
14.3709106309331));
#12950=CARTESIAN_POINT('Ctrl Pts',(-59.3224680451848,-12.9989828743564,
14.2208597272501));
#12951=CARTESIAN_POINT('Ctrl Pts',(-59.4969251616837,-12.9999973258011,
14.1216832773323));
#12952=CARTESIAN_POINT('Ctrl Pts',(-59.4982039303299,-13.,14.1209368800391));
#12953=CARTESIAN_POINT('Ctrl Pts',(-59.4994949366117,-13.,14.1201915172134));
#12954=CARTESIAN_POINT('Origin',(-96.75,-12.75,21.8306650426546));
#12955=CARTESIAN_POINT('',(-96.5,-12.75,20.6));
#12956=CARTESIAN_POINT('',(-96.75,-13.,20.6));
#12957=CARTESIAN_POINT('Origin',(-96.75,-12.75,20.6));
#12958=CARTESIAN_POINT('',(-96.5,-12.75,29.6));
#12959=CARTESIAN_POINT('',(-96.5,-12.75,21.8306650426546));
#12960=CARTESIAN_POINT('',(-96.75,-13.,29.6));
#12961=CARTESIAN_POINT('Origin',(-96.75,-12.75,29.6));
#12962=CARTESIAN_POINT('',(-96.75,-13.,21.8306650426546));
#12963=CARTESIAN_POINT('Origin',(-95.5,-12.75,29.6));
#12964=CARTESIAN_POINT('',(-95.5,-13.,30.85));
#12965=CARTESIAN_POINT('',(-95.5,-12.75,30.6));
#12966=CARTESIAN_POINT('Origin',(-95.5,-12.75,30.85));
#12967=CARTESIAN_POINT('Origin',(-95.5,-13.,29.6));
#12968=CARTESIAN_POINT('Origin',(-95.5,-12.75,29.6));
#12969=CARTESIAN_POINT('Origin',(-97.75,-12.75,30.85));
#12970=CARTESIAN_POINT('',(-87.4284271247462,-13.,30.85));
#12971=CARTESIAN_POINT('',(-87.4284271247462,-12.75,30.6));
#12972=CARTESIAN_POINT('Origin',(-87.4284271247462,-12.75,30.85));
#12973=CARTESIAN_POINT('',(-97.75,-13.,30.85));
#12974=CARTESIAN_POINT('',(-97.75,-12.75,30.6));
#12975=CARTESIAN_POINT('Origin',(-87.4284271247462,-12.75,28.6));
#12976=CARTESIAN_POINT('',(-85.8374368670765,-13.,30.1909902576697));
#12977=CARTESIAN_POINT('',(-86.0142135623731,-12.75,30.0142135623731));
#12978=CARTESIAN_POINT('Origin',(-85.8374368670765,-12.75,30.1909902576697));
#12979=CARTESIAN_POINT('Origin',(-87.4284271247462,-13.,28.6));
#12980=CARTESIAN_POINT('Origin',(-87.4284271247462,-12.75,28.6));
#12981=CARTESIAN_POINT('Origin',(-86.0107799508413,-12.75,30.3643333414345));
#12982=CARTESIAN_POINT('',(-82.4090097423303,-13.,26.7625631329235));
#12983=CARTESIAN_POINT('',(-82.5857864376269,-12.75,26.5857864376269));
#12984=CARTESIAN_POINT('Origin',(-82.4090097423303,-12.75,26.7625631329235));
#12985=CARTESIAN_POINT('',(-86.0107799508413,-13.,30.3643333414345));
#12986=CARTESIAN_POINT('',(-86.1875566461379,-12.75,30.1875566461379));
#12987=CARTESIAN_POINT('Origin',(-84.,-12.75,25.1715728752538));
#12988=CARTESIAN_POINT('',(-81.75,-13.,25.1715728752538));
#12989=CARTESIAN_POINT('',(-82.,-12.75,25.1715728752538));
#12990=CARTESIAN_POINT('Origin',(-81.75,-12.75,25.1715728752538));
#12991=CARTESIAN_POINT('Origin',(-84.,-13.,25.1715728752538));
#12992=CARTESIAN_POINT('Origin',(-84.,-12.75,25.1715728752538));
#12993=CARTESIAN_POINT('Origin',(-81.75,-12.75,21.2751132922758));
#12994=CARTESIAN_POINT('',(-81.75,-13.,21.6));
#12995=CARTESIAN_POINT('',(-82.,-12.75,21.6));
#12996=CARTESIAN_POINT('Origin',(-81.75,-12.75,21.6));
#12997=CARTESIAN_POINT('',(-81.75,-13.,21.2751132922758));
#12998=CARTESIAN_POINT('',(-82.,-12.75,21.2751132922758));
#12999=CARTESIAN_POINT('Origin',(-84.,-12.75,21.6));
#13000=CARTESIAN_POINT('',(-84.,-13.,19.35));
#13001=CARTESIAN_POINT('',(-84.,-12.75,19.6));
#13002=CARTESIAN_POINT('Origin',(-84.,-12.75,19.35));
#13003=CARTESIAN_POINT('Origin',(-84.,-13.,21.6));
#13004=CARTESIAN_POINT('Origin',(-84.,-12.75,21.6));
#13005=CARTESIAN_POINT('Origin',(-99.,-12.75,19.35));
#13006=CARTESIAN_POINT('',(-95.5,-13.,19.35));
#13007=CARTESIAN_POINT('',(-95.5,-12.75,19.6));
#13008=CARTESIAN_POINT('Origin',(-95.5,-12.75,19.35));
#13009=CARTESIAN_POINT('',(-99.,-13.,19.35));
#13010=CARTESIAN_POINT('',(-99.,-12.75,19.6));
#13011=CARTESIAN_POINT('Origin',(-95.5,-12.75,20.6));
#13012=CARTESIAN_POINT('Origin',(-95.5,-13.,20.6));
#13013=CARTESIAN_POINT('Origin',(-95.5,-12.75,20.6));
#13014=CARTESIAN_POINT('Origin',(-82.,-13.,26.));
#13015=CARTESIAN_POINT('',(-82.,-11.,25.1715728752538));
#13016=CARTESIAN_POINT('',(-82.,-13.,25.1715728752538));
#13017=CARTESIAN_POINT('',(-82.,-11.,21.6));
#13018=CARTESIAN_POINT('',(-82.,-11.,19.6));
#13019=CARTESIAN_POINT('',(-82.,-13.,21.6));
#13020=CARTESIAN_POINT('Origin',(-84.,-13.,21.6));
#13021=CARTESIAN_POINT('',(-84.,-11.,19.6));
#13022=CARTESIAN_POINT('Origin',(-84.,-11.,21.6));
#13023=CARTESIAN_POINT('',(-84.,-13.,19.6));
#13024=CARTESIAN_POINT('Origin',(-99.,-13.,19.6));
#13025=CARTESIAN_POINT('',(-94.,2.5,19.6));
#13026=CARTESIAN_POINT('',(-99.,2.5,19.6));
#13027=CARTESIAN_POINT('',(-94.,-2.79644660940673,19.6));
#13028=CARTESIAN_POINT('',(-94.,-6.825,19.6));
#13029=CARTESIAN_POINT('',(-94.0732233047034,-2.97322330470336,19.6));
#13030=CARTESIAN_POINT('Origin',(-94.25,-2.79644660940673,19.6));
#13031=CARTESIAN_POINT('',(-95.4267766952967,-4.32677669529664,19.6));
#13032=CARTESIAN_POINT('',(-98.15,-7.05,19.6));
#13033=CARTESIAN_POINT('',(-95.5000000000002,-4.37754493028119,19.6));
#13034=CARTESIAN_POINT('Origin',(-95.6035533905933,-4.15,19.6));
#13035=CARTESIAN_POINT('',(-95.5,-9.75,19.6));
#13036=CARTESIAN_POINT('',(-95.5,-6.375,19.6));
#13037=CARTESIAN_POINT('',(-95.5,-6.375,19.6));
#13038=CARTESIAN_POINT('',(-64.5213203435597,-11.,19.6));
#13039=CARTESIAN_POINT('',(-95.275,-11.,19.6));
#13040=CARTESIAN_POINT('',(-64.5213203435597,-9.75,19.6));
#13041=CARTESIAN_POINT('Origin',(-95.5,-6.375,20.6));
#13042=CARTESIAN_POINT('',(-96.5,-10.75,20.6));
#13043=CARTESIAN_POINT('Origin',(-95.5,-9.75,20.6));
#13044=CARTESIAN_POINT('',(-96.5,-6.375,20.6));
#13045=CARTESIAN_POINT('Origin',(-96.5,0.25,27.1111035007575));
#13046=CARTESIAN_POINT('',(-96.5,-10.75,28.85));
#13047=CARTESIAN_POINT('',(-96.5,-10.75,23.3555517503787));
#13048=CARTESIAN_POINT('',(-96.5,6.15000000000002,28.85));
#13049=CARTESIAN_POINT('',(-96.5,1.67500000000001,28.85));
#13050=CARTESIAN_POINT('',(-96.5,-2.74999999999999,37.75));
#13051=CARTESIAN_POINT('',(-96.5,13.5,21.5));
#13052=CARTESIAN_POINT('',(-96.5,-2.75000000000001,33.1035533905933));
#13053=CARTESIAN_POINT('',(-96.5,-2.75,36.0555517503787));
#13054=CARTESIAN_POINT('',(-96.5,-3.25000000000001,32.3964466094067));
#13055=CARTESIAN_POINT('Origin',(-96.5,-3.25000000000001,33.1035533905933));
#13056=CARTESIAN_POINT('',(-96.5,-11.,32.3964466094067));
#13057=CARTESIAN_POINT('',(-96.5,-0.5625,32.3964466094067));
#13058=CARTESIAN_POINT('',(-96.5,-11.,29.6));
#13059=CARTESIAN_POINT('',(-96.5,-11.,30.3305517503787));
#13060=CARTESIAN_POINT('',(-96.5,-6.375,29.6));
#13061=CARTESIAN_POINT('Origin',(-60.0215728752538,-12.75,28.5));
#13062=CARTESIAN_POINT('',(-61.4357864376269,-12.75,27.0857864376269));
#13063=CARTESIAN_POINT('',(-61.6125631329236,-13.,26.9090097423303));
#13064=CARTESIAN_POINT('Origin',(-61.6125631329236,-12.75,26.9090097423303));
#13065=CARTESIAN_POINT('',(-60.0215728752538,-12.75,30.5));
#13066=CARTESIAN_POINT('Origin',(-60.0215728752538,-12.75,28.5));
#13067=CARTESIAN_POINT('',(-60.0215728752538,-13.,30.75));
#13068=CARTESIAN_POINT('Origin',(-60.0215728752538,-12.75,30.75));
#13069=CARTESIAN_POINT('Origin',(-60.0215728752538,-13.,28.5));
#13070=CARTESIAN_POINT('Origin',(-64.6268333414345,-12.75,29.9232799508413));
#13071=CARTESIAN_POINT('',(-54.0535533905933,-13.,19.35));
#13072=CARTESIAN_POINT('',(-64.6268333414345,-13.,29.9232799508413));
#13073=CARTESIAN_POINT('',(-53.95,-12.75,19.6));
#13074=CARTESIAN_POINT('Origin',(-54.0535533905933,-12.75,19.35));
#13075=CARTESIAN_POINT('',(-64.4500566461379,-12.75,30.1000566461379));
#13076=CARTESIAN_POINT('Origin',(-53.95,-13.,19.6));
#13077=CARTESIAN_POINT('',(-53.95,-11.,19.6));
#13078=CARTESIAN_POINT('',(-53.95,-13.,19.6));
#13079=CARTESIAN_POINT('',(-61.4357864376269,-11.,27.0857864376269));
#13080=CARTESIAN_POINT('',(-68.85,-11.,34.5));
#13081=CARTESIAN_POINT('',(-61.4357864376269,-13.,27.0857864376269));
#13082=CARTESIAN_POINT('Origin',(-60.0215728752538,-13.,28.5));
#13083=CARTESIAN_POINT('',(-60.0215728752538,-11.,30.5));
#13084=CARTESIAN_POINT('Origin',(-60.0215728752538,-11.,28.5));
#13085=CARTESIAN_POINT('',(-60.0215728752538,-13.,30.5));
#13086=CARTESIAN_POINT('Origin',(-88.3143333414346,-12.75,31.9607799508413));
#13087=CARTESIAN_POINT('',(-92.5,-12.75,36.5));
#13088=CARTESIAN_POINT('',(-91.0857864376269,-12.75,35.0857864376269));
#13089=CARTESIAN_POINT('',(-88.1375566461379,-12.75,32.1375566461379));
#13090=CARTESIAN_POINT('',(-92.75,-13.,36.3964466094067));
#13091=CARTESIAN_POINT('Origin',(-92.75,-12.75,36.3964466094067));
#13092=CARTESIAN_POINT('',(-91.2625631329236,-13.,34.9090097423303));
#13093=CARTESIAN_POINT('',(-88.3143333414346,-13.,31.9607799508413));
#13094=CARTESIAN_POINT('Origin',(-91.2625631329236,-12.75,34.9090097423303));
#13095=CARTESIAN_POINT('Ctrl Pts',(-96.5,-3.25000000000001,32.3964466094067));
#13096=CARTESIAN_POINT('Ctrl Pts',(-96.5,-3.11910030610043,32.3964466094067));
#13097=CARTESIAN_POINT('Ctrl Pts',(-96.5,-2.85842231823821,32.5497789223231));
#13098=CARTESIAN_POINT('Ctrl Pts',(-96.5,-2.75,32.91843326817));
#13099=CARTESIAN_POINT('Ctrl Pts',(-96.5,-2.75,33.1035533905933));
#13100=CARTESIAN_POINT('Ctrl Pts',(-96.5,-3.25000000000001,32.4291715328816));
#13101=CARTESIAN_POINT('Ctrl Pts',(-96.5,-3.13121740657514,32.4291715328816));
#13102=CARTESIAN_POINT('Ctrl Pts',(-96.4998669636741,-2.89473004478366,
32.5777438569205));
#13103=CARTESIAN_POINT('Ctrl Pts',(-96.499748140949,-2.8076679448489,32.930569135601));
#13104=CARTESIAN_POINT('Ctrl Pts',(-96.5,-2.81544984694979,33.1035533905933));
#13105=CARTESIAN_POINT('Ctrl Pts',(-96.486964536961,-3.25000000000001,32.4946005344174));
#13106=CARTESIAN_POINT('Ctrl Pts',(-96.486964536961,-3.15543994469186,32.4946005344174));
#13107=CARTESIAN_POINT('Ctrl Pts',(-96.4800958940325,-2.96745062165654,
32.6336497901603));
#13108=CARTESIAN_POINT('Ctrl Pts',(-96.4591693762438,-2.92296516455546,
32.9546374798583));
#13109=CARTESIAN_POINT('Ctrl Pts',(-96.4456369368194,-2.94563693681942,
33.1035533905933));
#13110=CARTESIAN_POINT('Ctrl Pts',(-96.4499167105996,-3.25000000000001,
32.5500832894005));
#13111=CARTESIAN_POINT('Ctrl Pts',(-96.4499167105996,-3.17599023932338,
32.5500832894005));
#13112=CARTESIAN_POINT('Ctrl Pts',(-96.4235658513501,-3.02880872433891,
32.6746176615565));
#13113=CARTESIAN_POINT('Ctrl Pts',(-96.3540446438613,-2.98761227351797,
32.9648099671824));
#13114=CARTESIAN_POINT('Ctrl Pts',(-96.3154498469498,-3.,33.1035533905933));
#13115=CARTESIAN_POINT('Ctrl Pts',(-96.4267766952966,-3.25000000000001,
32.5732233047034));
#13116=CARTESIAN_POINT('Ctrl Pts',(-96.4267766952966,-3.18455015305022,
32.5732233047034));
#13117=CARTESIAN_POINT('Ctrl Pts',(-96.3884436170676,-3.05421115911911,
32.6882225393907));
#13118=CARTESIAN_POINT('Ctrl Pts',(-96.2962800306058,-3.00000000000001,
32.9647132987758));
#13119=CARTESIAN_POINT('Ctrl Pts',(-96.25,-3.,33.1035533905933));
#13120=CARTESIAN_POINT('',(-96.25,-3.00000000000001,33.1035533905933));
#13121=CARTESIAN_POINT('',(-96.4267766952967,-3.25000000000001,32.5732233047034));
#13122=CARTESIAN_POINT('Origin',(-96.25,-3.25000000000001,33.1035533905933));
#13123=CARTESIAN_POINT('Origin',(-96.25,-3.25000000000001,32.3964466094067));
#13124=CARTESIAN_POINT('Origin',(-96.25,-2.75000000000001,33.1035533905933));
#13125=CARTESIAN_POINT('Origin',(-96.25,-2.75,36.0555517503787));
#13126=CARTESIAN_POINT('',(-96.25,-2.99999999999999,38.));
#13127=CARTESIAN_POINT('Origin',(-96.25,-2.74999999999999,37.75));
#13128=CARTESIAN_POINT('',(-96.25,-3.,36.0555517503787));
#13129=CARTESIAN_POINT('Origin',(-96.25,-0.5625,32.3964466094067));
#13130=CARTESIAN_POINT('',(-96.4267766952967,-11.,32.5732233047034));
#13131=CARTESIAN_POINT('Origin',(-96.25,-11.,32.3964466094067));
#13132=CARTESIAN_POINT('',(-96.4267766952967,-0.5625,32.5732233047034));
#13133=CARTESIAN_POINT('Origin',(-92.75,-12.75,29.9001132922758));
#13134=CARTESIAN_POINT('',(-92.75,-13.,45.));
#13135=CARTESIAN_POINT('',(-92.75,-13.,29.9001132922758));
#13136=CARTESIAN_POINT('',(-92.5,-12.75,45.));
#13137=CARTESIAN_POINT('',(-92.5,-12.75,29.9001132922758));
#13138=CARTESIAN_POINT('Origin',(-92.75,-12.75,45.));
#13139=CARTESIAN_POINT('Origin',(-92.75,-8.,45.));
#13140=CARTESIAN_POINT('',(-92.75,-3.,45.));
#13141=CARTESIAN_POINT('',(-92.5,-3.25,45.));
#13142=CARTESIAN_POINT('Origin',(-92.75,-3.25,45.));
#13143=CARTESIAN_POINT('Origin',(-92.75,-8.,45.));
#13144=CARTESIAN_POINT('Origin',(-92.5,-8.,45.));
#13145=CARTESIAN_POINT('Origin',(-92.75,-3.24999999999997,44.125));
#13146=CARTESIAN_POINT('',(-92.5,-3.25,36.5));
#13147=CARTESIAN_POINT('',(-92.5,-3.24999999999997,44.125));
#13148=CARTESIAN_POINT('',(-92.75,-3.,36.6035533905933));
#13149=CARTESIAN_POINT('Origin',(-92.75,-3.25,36.6035533905933));
#13150=CARTESIAN_POINT('',(-92.75,-2.99999999999997,44.125));
#13151=CARTESIAN_POINT('Origin',(-93.1767766952967,-3.25,36.1767766952966));
#13152=CARTESIAN_POINT('',(-93.1767766952967,-3.,36.1767766952966));
#13153=CARTESIAN_POINT('',(-93.,-3.25,36.));
#13154=CARTESIAN_POINT('Origin',(-89.6715728752538,-12.75,36.5));
#13155=CARTESIAN_POINT('',(-89.6715728752538,-12.75,34.5));
#13156=CARTESIAN_POINT('',(-89.6715728752538,-13.,34.25));
#13157=CARTESIAN_POINT('Origin',(-89.6715728752538,-12.75,34.25));
#13158=CARTESIAN_POINT('Origin',(-89.6715728752538,-12.75,36.5));
#13159=CARTESIAN_POINT('Origin',(-89.6715728752538,-13.,36.5));
#13160=CARTESIAN_POINT('Origin',(-89.6715728752538,-13.,36.5));
#13161=CARTESIAN_POINT('',(-89.6715728752538,-11.,34.5));
#13162=CARTESIAN_POINT('',(-89.6715728752538,-13.,34.5));
#13163=CARTESIAN_POINT('',(-91.0857864376269,-11.,35.0857864376269));
#13164=CARTESIAN_POINT('Origin',(-89.6715728752538,-11.,36.5));
#13165=CARTESIAN_POINT('',(-91.0857864376269,-13.,35.0857864376269));
#13166=CARTESIAN_POINT('Origin',(-90.5,-13.,34.5));
#13167=CARTESIAN_POINT('',(-92.5,-11.,36.5));
#13168=CARTESIAN_POINT('',(-92.5,-11.,36.5));
#13169=CARTESIAN_POINT('',(-92.5,-13.,36.5));
#13170=CARTESIAN_POINT('Origin',(-92.5,-8.,43.25));
#13171=CARTESIAN_POINT('',(-92.5,-13.,36.5));
#13172=CARTESIAN_POINT('',(-92.5,-4.00484668629601,45.));
#13173=CARTESIAN_POINT('',(-92.5,-8.00000000000001,48.995153313704));
#13174=CARTESIAN_POINT('',(-92.5,-4.56613501472201,45.561288328426));
#13175=CARTESIAN_POINT('',(-92.5,-8.,41.004846686296));
#13176=CARTESIAN_POINT('',(-92.5,-7.438711671574,41.566135014722));
#13177=CARTESIAN_POINT('',(-92.5,-11.995153313704,45.));
#13178=CARTESIAN_POINT('',(-92.5,-10.558864985278,43.563711671574));
#13179=CARTESIAN_POINT('',(-92.5,-9.436288328426,47.558864985278));
#13180=CARTESIAN_POINT('Origin',(-94.5,-1.375,34.5));
#13181=CARTESIAN_POINT('',(-94.,-11.,35.));
#13182=CARTESIAN_POINT('Origin',(-98.75,10.375,10.8827993848858));
#13183=CARTESIAN_POINT('',(-99.,20.3964466094067,10.8827993848858));
#13184=CARTESIAN_POINT('',(-99.,21.5,10.8827993848858));
#13185=CARTESIAN_POINT('',(-99.,10.375,10.8827993848858));
#13186=CARTESIAN_POINT('',(-98.75,20.5,11.1327993848858));
#13187=CARTESIAN_POINT('Origin',(-98.75,20.3964466094067,10.8827993848858));
#13188=CARTESIAN_POINT('',(-98.75,21.5,11.1327993848858));
#13189=CARTESIAN_POINT('',(-98.75,10.375,11.1327993848858));
#13190=CARTESIAN_POINT('Origin',(-98.75,21.5,10.8827993848858));
#13191=CARTESIAN_POINT('Origin',(-98.75,-3.25,36.0555517503787));
#13192=CARTESIAN_POINT('',(-98.75,-2.99999999999999,38.));
#13193=CARTESIAN_POINT('',(-98.75,-3.,45.));
#13194=CARTESIAN_POINT('',(-98.75,-3.,36.0555517503787));
#13195=CARTESIAN_POINT('',(-99.,-3.24999999999999,37.8964466094067));
#13196=CARTESIAN_POINT('Origin',(-98.75,-3.24999999999999,37.8964466094067));
#13197=CARTESIAN_POINT('',(-99.,-3.24999999999997,45.));
#13198=CARTESIAN_POINT('',(-99.,-3.25,36.0555517503787));
#13199=CARTESIAN_POINT('Origin',(-98.75,-3.24999999999997,45.));
#13200=CARTESIAN_POINT('Origin',(-98.75,13.25,24.3055517503787));
#13201=CARTESIAN_POINT('',(-98.75,13.5,18.1327993848858));
#13202=CARTESIAN_POINT('',(-98.75,13.5,21.5));
#13203=CARTESIAN_POINT('',(-98.75,13.5,24.3055517503787));
#13204=CARTESIAN_POINT('',(-99.,13.25,18.0292459942925));
#13205=CARTESIAN_POINT('Origin',(-98.75,13.25,18.0292459942925));
#13206=CARTESIAN_POINT('',(-99.,13.25,21.3964466094067));
#13207=CARTESIAN_POINT('',(-99.,13.25,24.3055517503787));
#13208=CARTESIAN_POINT('Origin',(-98.75,13.25,21.3964466094067));
#13209=CARTESIAN_POINT('Origin',(-98.75,0.357947429514004,34.2884991798927));
#13210=CARTESIAN_POINT('',(-99.,0.357947429514004,34.2884991798927));
#13211=CARTESIAN_POINT('',(-98.75,0.53472412481064,34.4652758751894));
#13212=CARTESIAN_POINT('Origin',(-98.75,-8.,45.));
#13213=CARTESIAN_POINT('',(-98.75,-13.,45.));
#13214=CARTESIAN_POINT('',(-99.,-12.75,45.));
#13215=CARTESIAN_POINT('Origin',(-98.75,-12.75,45.));
#13216=CARTESIAN_POINT('Origin',(-98.75,-8.,45.));
#13217=CARTESIAN_POINT('Origin',(-99.,-8.,45.));
#13218=CARTESIAN_POINT('Origin',(-98.75,-12.75,21.8306650426546));
#13219=CARTESIAN_POINT('',(-99.,-12.75,14.6201915172134));
#13220=CARTESIAN_POINT('',(-99.,-12.75,21.8306650426546));
#13221=CARTESIAN_POINT('',(-98.75,-13.,14.8701915172134));
#13222=CARTESIAN_POINT('Origin',(-98.75,-12.75,14.8701915172134));
#13223=CARTESIAN_POINT('',(-98.75,-13.,21.8306650426546));
#13224=CARTESIAN_POINT('Origin',(-98.75,7.76614727573544,23.513098718557));
#13225=CARTESIAN_POINT('',(-98.75,7.94292397103207,23.6898754138537));
#13226=CARTESIAN_POINT('',(-99.,7.76614727573544,23.513098718557));
#13227=CARTESIAN_POINT('Origin',(-86.,-12.75,14.8701915172134));
#13228=CARTESIAN_POINT('',(-64.4394931160222,-13.,14.8701915172134));
#13229=CARTESIAN_POINT('',(-86.,-13.,14.8701915172134));
#13230=CARTESIAN_POINT('',(-64.4394931160222,-12.75,14.6201915172134));
#13231=CARTESIAN_POINT('',(-86.,-12.75,14.6201915172134));
#13232=CARTESIAN_POINT('Origin',(-64.4394931160222,-12.75,14.8701915172134));
#13233=CARTESIAN_POINT('Ctrl Pts',(-64.4394931160221,-13.,14.8701915172134));
#13234=CARTESIAN_POINT('Ctrl Pts',(-64.1832436696525,-13.,14.8701915172134));
#13235=CARTESIAN_POINT('Ctrl Pts',(-63.8556012698973,-13.,14.6931341587694));
#13236=CARTESIAN_POINT('Ctrl Pts',(-63.603941281692,-13.,14.3452272041058));
#13237=CARTESIAN_POINT('Ctrl Pts',(-63.5158816230521,-13.,14.1974802642181));
#13238=CARTESIAN_POINT('Ctrl Pts',(-63.4725384582978,-13.,14.1224279888708));
#13239=CARTESIAN_POINT('Ctrl Pts',(-63.4718927826115,-13.,14.1213095614507));
#13240=CARTESIAN_POINT('Ctrl Pts',(-63.4712472794703,-13.,14.1201915172134));
#13241=CARTESIAN_POINT('Ctrl Pts',(-64.4394931160221,-13.,14.8047416702637));
#13242=CARTESIAN_POINT('Ctrl Pts',(-64.2042422601198,-12.9998874796037,
14.8082183081085));
#13243=CARTESIAN_POINT('Ctrl Pts',(-63.8966224500767,-12.9999861767077,
14.6546598335087));
#13244=CARTESIAN_POINT('Ctrl Pts',(-63.625288556833,-12.9998712472288,14.3327537621361));
#13245=CARTESIAN_POINT('Ctrl Pts',(-63.5233182962519,-12.9999912878102,
14.1931881465109));
#13246=CARTESIAN_POINT('Ctrl Pts',(-63.472753660282,-13.0000000849873,14.1223037238397));
#13247=CARTESIAN_POINT('Ctrl Pts',(-63.4720003664683,-13.,14.121247447882));
#13248=CARTESIAN_POINT('Ctrl Pts',(-63.4712472794703,-13.,14.1201915172134));
#13249=CARTESIAN_POINT('Ctrl Pts',(-64.4394931160222,-12.9456543691554,
14.6745371480581));
#13250=CARTESIAN_POINT('Ctrl Pts',(-64.2458875159826,-12.9517001135537,
14.6846659752317));
#13251=CARTESIAN_POINT('Ctrl Pts',(-63.9785207221569,-12.9667510688999,
14.5776427791677));
#13252=CARTESIAN_POINT('Ctrl Pts',(-63.6680166294657,-12.9947154253238,
14.3077246121242));
#13253=CARTESIAN_POINT('Ctrl Pts',(-63.5381914622505,-12.9999325201756,
14.1845970589535));
#13254=CARTESIAN_POINT('Ctrl Pts',(-63.4731840666594,-12.9999993698329,
14.1220552610445));
#13255=CARTESIAN_POINT('Ctrl Pts',(-63.4722155341821,-13.,14.1211232207446));
#13256=CARTESIAN_POINT('Ctrl Pts',(-63.4712472794703,-13.,14.1201915172134));
#13257=CARTESIAN_POINT('Ctrl Pts',(-64.4394931160221,-12.8154498469498,
14.6201915172134));
#13258=CARTESIAN_POINT('Ctrl Pts',(-64.2634888861827,-12.8326924349206,
14.6257258503546));
#13259=CARTESIAN_POINT('Ctrl Pts',(-64.0320452073844,-12.8757292652472,
14.5211033839698));
#13260=CARTESIAN_POINT('Ctrl Pts',(-63.7111601534159,-12.9779503106773,
14.2828570212974));
#13261=CARTESIAN_POINT('Ctrl Pts',(-63.5530680046311,-12.9997307650187,
14.1760198088874));
#13262=CARTESIAN_POINT('Ctrl Pts',(-63.4736144576748,-12.9999974587455,
14.1218066631222));
#13263=CARTESIAN_POINT('Ctrl Pts',(-63.4724307018958,-13.,14.1209989936071));
#13264=CARTESIAN_POINT('Ctrl Pts',(-63.4712472794703,-13.,14.1201915172134));
#13265=CARTESIAN_POINT('Ctrl Pts',(-64.4394931160221,-12.75,14.6201915172134));
#13266=CARTESIAN_POINT('Ctrl Pts',(-64.2633216216428,-12.7706760382972,
14.6201915172134));
#13267=CARTESIAN_POINT('Ctrl Pts',(-64.0461326624832,-12.8214988331947,
14.5021532782514));
#13268=CARTESIAN_POINT('Ctrl Pts',(-63.7326032318558,-12.9662477156903,
14.2702153084753));
#13269=CARTESIAN_POINT('Ctrl Pts',(-63.5605104497711,-12.9996060541246,
14.171717348551));
#13270=CARTESIAN_POINT('Ctrl Pts',(-63.473829614569,-12.9999960789253,14.1216824983183));
#13271=CARTESIAN_POINT('Ctrl Pts',(-63.4725382857527,-13.,14.1209368800384));
#13272=CARTESIAN_POINT('Ctrl Pts',(-63.4712472794703,-13.,14.1201915172134));
#13273=CARTESIAN_POINT('',(-63.4712472794703,-13.,14.1201915172134));
#13274=CARTESIAN_POINT('Ctrl Pts',(-64.4394931160221,-13.,14.8701915172134));
#13275=CARTESIAN_POINT('Ctrl Pts',(-64.1832436696525,-13.,14.8701915172134));
#13276=CARTESIAN_POINT('Ctrl Pts',(-63.8556012698973,-13.,14.6931341587694));
#13277=CARTESIAN_POINT('Ctrl Pts',(-63.603941281692,-13.,14.3452272041058));
#13278=CARTESIAN_POINT('Ctrl Pts',(-63.5158816230521,-13.,14.1974802642181));
#13279=CARTESIAN_POINT('Ctrl Pts',(-63.4725384582978,-13.,14.1224279888708));
#13280=CARTESIAN_POINT('Ctrl Pts',(-63.4718927826115,-13.,14.1213095614507));
#13281=CARTESIAN_POINT('Ctrl Pts',(-63.4712472794703,-13.,14.1201915172134));
#13282=CARTESIAN_POINT('Ctrl Pts',(-63.4712472794703,-13.,14.1201915172134));
#13283=CARTESIAN_POINT('Ctrl Pts',(-63.4725382857527,-13.,14.1209368800384));
#13284=CARTESIAN_POINT('Ctrl Pts',(-63.473829614569,-12.9999960789253,14.1216824983183));
#13285=CARTESIAN_POINT('Ctrl Pts',(-63.5605104497711,-12.9996060541246,
14.171717348551));
#13286=CARTESIAN_POINT('Ctrl Pts',(-63.7326032318558,-12.9662477156903,
14.2702153084753));
#13287=CARTESIAN_POINT('Ctrl Pts',(-64.0461326624832,-12.8214988331947,
14.5021532782514));
#13288=CARTESIAN_POINT('Ctrl Pts',(-64.2633216216428,-12.7706760382972,
14.6201915172134));
#13289=CARTESIAN_POINT('Ctrl Pts',(-64.4394931160221,-12.75,14.6201915172134));
#13290=CARTESIAN_POINT('Origin',(-63.4712472794703,-12.5,14.1201915172134));
#13291=CARTESIAN_POINT('',(-64.4416781263303,-12.7413793103448,14.6201915172134));
#13292=CARTESIAN_POINT('Origin',(-63.4712472794703,-12.5,14.6201915172134));
#13293=CARTESIAN_POINT('',(-63.9564627029003,-12.6206896551724,14.1201915172134));
#13294=CARTESIAN_POINT('Origin',(-64.4416781263303,-12.7413793103448,14.1201915172134));
#13295=CARTESIAN_POINT('Origin',(-63.4712472794703,-12.5,14.1201915172134));
#13296=CARTESIAN_POINT('Origin',(-99.,-8.,45.));
#13297=CARTESIAN_POINT('',(-97.2,-13.,45.));
#13298=CARTESIAN_POINT('',(-99.,-13.,45.));
#13299=CARTESIAN_POINT('',(-97.2,-3.,45.));
#13300=CARTESIAN_POINT('Origin',(-97.2,-8.,45.));
#13301=CARTESIAN_POINT('',(-99.,-3.,45.));
#13302=CARTESIAN_POINT('Origin',(-99.,-2.99999999999997,45.));
#13303=CARTESIAN_POINT('',(-97.2,-2.99999999999999,38.5));
#13304=CARTESIAN_POINT('',(-97.2,-2.99999999999998,41.5));
#13305=CARTESIAN_POINT('',(-96.7,-2.99999999999999,38.));
#13306=CARTESIAN_POINT('',(-99.15,-2.99999999999998,40.45));
#13307=CARTESIAN_POINT('',(-99.,-2.99999999999999,38.));
#13308=CARTESIAN_POINT('Origin',(-99.,-2.99999999999999,38.));
#13309=CARTESIAN_POINT('',(-99.,-2.99999999999999,38.));
#13310=CARTESIAN_POINT('',(-96.25,6.40000000000002,28.6));
#13311=CARTESIAN_POINT('Origin',(-96.25,6.15000000000002,28.85));
#13312=CARTESIAN_POINT('',(-94.25,6.40000000000002,28.6));
#13313=CARTESIAN_POINT('',(-96.5,6.40000000000002,28.6));
#13314=CARTESIAN_POINT('',(-94.25,8.52677669529664,26.4732233047034));
#13315=CARTESIAN_POINT('',(-94.25,2.81875000000001,32.18125));
#13316=CARTESIAN_POINT('',(-96.5,8.52677669529664,26.4732233047034));
#13317=CARTESIAN_POINT('',(-97.75,8.52677669529664,26.4732233047034));
#13318=CARTESIAN_POINT('',(-96.5,13.5,21.5));
#13319=CARTESIAN_POINT('',(-96.5,13.5,21.5));
#13320=CARTESIAN_POINT('',(-99.,13.5,21.5));
#13321=CARTESIAN_POINT('Origin',(-99.,13.5,21.5));
#13322=CARTESIAN_POINT('',(-96.5,13.5,16.2222070015149));
#13323=CARTESIAN_POINT('',(-96.5,13.5,14.247806848775));
#13324=CARTESIAN_POINT('',(-89.9,13.5,16.2222070015149));
#13325=CARTESIAN_POINT('',(-99.,13.5,16.2222070015149));
#13326=CARTESIAN_POINT('',(-89.9,13.5,15.2462907320301));
#13327=CARTESIAN_POINT('',(-89.9,13.5,14.9842488667725));
#13328=CARTESIAN_POINT('',(-97.4,13.5,15.2462907320301));
#13329=CARTESIAN_POINT('',(-97.4,13.5,15.2462907320301));
#13330=CARTESIAN_POINT('',(-97.4,13.5,18.1327993848858));
#13331=CARTESIAN_POINT('',(-97.4,13.5,16.2222070015149));
#13332=CARTESIAN_POINT('',(-99.,13.5,18.1327993848858));
#13333=CARTESIAN_POINT('Origin',(-94.125,6.10000000000002,24.1));
#13334=CARTESIAN_POINT('',(-94.,6.10000000000002,25.3));
#13335=CARTESIAN_POINT('Origin',(-94.,6.10000000000002,24.1));
#13336=CARTESIAN_POINT('',(-94.25,6.10000000000002,25.05));
#13337=CARTESIAN_POINT('',(-94.125,6.10000000000002,25.175));
#13338=CARTESIAN_POINT('',(-94.25,6.10000000000002,23.15));
#13339=CARTESIAN_POINT('Origin',(-94.25,6.10000000000002,24.1));
#13340=CARTESIAN_POINT('Origin',(-94.25,6.10000000000002,24.1));
#13341=CARTESIAN_POINT('Origin',(-94.,6.37500000000002,24.1));
#13342=CARTESIAN_POINT('',(-94.,5.60000000000002,19.678986254378));
#13343=CARTESIAN_POINT('',(-94.,5.49318040345362,19.3701025054691));
#13344=CARTESIAN_POINT('Origin',(-94.,5.10000000000002,19.678986254378));
#13345=CARTESIAN_POINT('',(-94.,8.35000000000002,18.7066164765304));
#13346=CARTESIAN_POINT('Origin',(-94.,2.5,0.));
#13347=CARTESIAN_POINT('',(-94.,8.35000000000001,26.2964466094067));
#13348=CARTESIAN_POINT('',(-94.,8.35000000000001,25.25));
#13349=CARTESIAN_POINT('',(-94.,6.29644660940675,28.35));
#13350=CARTESIAN_POINT('',(-94.,2.64197330470338,32.0044733047034));
#13351=CARTESIAN_POINT('',(-94.,5.60000000000002,28.35));
#13352=CARTESIAN_POINT('',(-94.,4.73750000000002,28.35));
#13353=CARTESIAN_POINT('',(-94.,5.60000000000002,25.7248076809272));
#13354=CARTESIAN_POINT('',(-94.,5.60000000000002,25.));
#13355=CARTESIAN_POINT('',(-94.,5.60000000000002,22.4751923190728));
#13356=CARTESIAN_POINT('Origin',(-94.,6.10000000000002,24.1));
#13357=CARTESIAN_POINT('',(-94.,5.60000000000002,21.7458431814876));
#13358=CARTESIAN_POINT('Origin',(-96.5,6.10000000000002,24.1));
#13359=CARTESIAN_POINT('',(-99.,6.10000000000002,23.15));
#13360=CARTESIAN_POINT('',(-96.5,6.10000000000002,23.15));
#13361=CARTESIAN_POINT('Origin',(-99.,6.10000000000002,24.1));
#13362=CARTESIAN_POINT('Origin',(-85.65,15.5275109907405,20.887923009986));
#13363=CARTESIAN_POINT('',(-87.55,15.6078594419513,20.9836785653758));
#13364=CARTESIAN_POINT('Origin',(-85.65,15.6078594419513,20.9836785653758));
#13365=CARTESIAN_POINT('',(-87.3,15.4471625395297,20.7921674545961));
#13366=CARTESIAN_POINT('',(-87.425,15.5275109907405,20.887923009986));
#13367=CARTESIAN_POINT('',(-84.,15.4471625395298,20.7921674545961));
#13368=CARTESIAN_POINT('Origin',(-85.65,15.4471625395297,20.7921674545961));
#13369=CARTESIAN_POINT('Origin',(-85.65,15.4471625395297,20.7921674545961));
#13370=CARTESIAN_POINT('Origin',(-85.65,-33.2505857968834,-37.2435490765728));
#13371=CARTESIAN_POINT('',(-84.,14.000890417735,19.0685674575784));
#13372=CARTESIAN_POINT('',(-84.,-33.2505857968834,-37.2435490765728));
#13373=CARTESIAN_POINT('Origin',(-85.65,14.000890417735,19.0685674575784));
#13374=CARTESIAN_POINT('Origin',(-85.65,15.6078594419513,20.9836785653758));
#13375=CARTESIAN_POINT('',(-89.9,12.7351927802552,23.3941321017004));
#13376=CARTESIAN_POINT('',(-85.65,12.7351927802552,23.3941321017004));
#13377=CARTESIAN_POINT('',(-85.65,12.7351927802552,23.3941321017004));
#13378=CARTESIAN_POINT('',(-85.65,18.4805261036475,18.5732250290513));
#13379=CARTESIAN_POINT('Origin',(-85.65,15.6078594419513,20.9836785653758));
#13380=CARTESIAN_POINT('',(-89.9,18.4805261036475,18.5732250290513));
#13381=CARTESIAN_POINT('',(-87.775,18.4805261036475,18.5732250290513));
#13382=CARTESIAN_POINT('',(-89.9,12.3521705586957,23.7155259065436));
#13383=CARTESIAN_POINT('Origin',(-73.625,-12.33,14.9501915172134));
#13384=CARTESIAN_POINT('',(-99.,-12.,15.2801915172134));
#13385=CARTESIAN_POINT('',(-99.,-12.66,14.6201915172134));
#13386=CARTESIAN_POINT('',(-99.,-6.144772004114,21.1354195130994));
#13387=CARTESIAN_POINT('',(-73.625,-12.,15.2801915172134));
#13388=CARTESIAN_POINT('',(-73.625,-12.66,14.6201915172134));
#13389=CARTESIAN_POINT('Origin',(-99.,0.25,27.1111035007575));
#13390=CARTESIAN_POINT('',(-99.,21.5,3.77359245282263));
#13391=CARTESIAN_POINT('',(-99.,21.5,3.77359245282263));
#13392=CARTESIAN_POINT('',(-99.,20.1,3.77359245282263));
#13393=CARTESIAN_POINT('',(-99.,20.5,3.77359245282263));
#13394=CARTESIAN_POINT('',(-99.,2.5,18.));
#13395=CARTESIAN_POINT('Origin',(-99.,2.5,0.));
#13396=CARTESIAN_POINT('',(-99.,-2.5,18.));
#13397=CARTESIAN_POINT('',(-99.,-2.5,18.));
#13398=CARTESIAN_POINT('',(-99.,-12.,15.2888848514207));
#13399=CARTESIAN_POINT('Origin',(-99.,-2.5,0.));
#13400=CARTESIAN_POINT('',(-99.,-12.,14.6201915172134));
#13401=CARTESIAN_POINT('',(-99.,-13.,14.6201915172134));
#13402=CARTESIAN_POINT('',(-99.,-7.10000000002407,20.3999999999759));
#13403=CARTESIAN_POINT('',(-99.,2.70000000002408,20.3999999999759));
#13404=CARTESIAN_POINT('',(-99.,-2.67500000001203,20.3999999999759));
#13405=CARTESIAN_POINT('',(-99.,2.70000000002408,27.8000000000241));
#13406=CARTESIAN_POINT('',(-99.,2.70000000002408,24.5055517503667));
#13407=CARTESIAN_POINT('',(-99.,-7.10000000002407,27.8000000000241));
#13408=CARTESIAN_POINT('',(-99.,0.725000000012042,27.8000000000241));
#13409=CARTESIAN_POINT('',(-99.,-7.10000000002407,26.7055517503908));
#13410=CARTESIAN_POINT('',(-99.,-11.25,45.));
#13411=CARTESIAN_POINT('Origin',(-99.,-8.,45.));
#13412=CARTESIAN_POINT('Origin',(-97.5,-2.67500000001203,20.3999999999759));
#13413=CARTESIAN_POINT('',(-97.5,-5.60000000002407,21.8999999999759));
#13414=CARTESIAN_POINT('Origin',(-97.5,-7.10000000002407,20.3999999999759));
#13415=CARTESIAN_POINT('',(-97.5,1.20000000002408,21.8999999999759));
#13416=CARTESIAN_POINT('',(-97.5,-2.67500000001203,21.8999999999759));
#13417=CARTESIAN_POINT('Origin',(-97.5,2.70000000002408,20.3999999999759));
#13418=CARTESIAN_POINT('Origin',(-97.5,-7.10000000002407,26.7055517503908));
#13419=CARTESIAN_POINT('',(-97.5,-5.60000000002407,26.3000000000241));
#13420=CARTESIAN_POINT('',(-97.5,-5.60000000002407,26.7055517503908));
#13421=CARTESIAN_POINT('Origin',(-97.5,-7.10000000002407,27.8000000000241));
#13422=CARTESIAN_POINT('Origin',(-97.5,0.725000000012042,27.8000000000241));
#13423=CARTESIAN_POINT('',(-97.5,1.20000000002408,26.3000000000241));
#13424=CARTESIAN_POINT('Origin',(-97.5,2.70000000002408,27.8000000000241));
#13425=CARTESIAN_POINT('',(-97.5,0.725000000012042,26.3000000000241));
#13426=CARTESIAN_POINT('Origin',(-97.5,2.70000000002408,24.5055517503667));
#13427=CARTESIAN_POINT('',(-97.5,1.20000000002408,24.5055517503667));
#13428=CARTESIAN_POINT('Origin',(-96.5,-5.60000000002407,26.3000000000241));
#13429=CARTESIAN_POINT('',(-95.75,-5.60000000002407,26.3000000000241));
#13430=CARTESIAN_POINT('',(-96.5,-5.60000000002407,26.3000000000241));
#13431=CARTESIAN_POINT('',(-95.75,-5.60000000002407,21.8999999999759));
#13432=CARTESIAN_POINT('',(-95.75,-5.60000000002407,26.3000000000241));
#13433=CARTESIAN_POINT('',(-96.5,-5.60000000002407,21.8999999999759));
#13434=CARTESIAN_POINT('Origin',(-96.5,-5.60000000002407,21.8999999999759));
#13435=CARTESIAN_POINT('',(-95.75,1.20000000002408,21.8999999999759));
#13436=CARTESIAN_POINT('',(-95.75,-5.60000000002407,21.8999999999759));
#13437=CARTESIAN_POINT('',(-96.5,1.20000000002408,21.8999999999759));
#13438=CARTESIAN_POINT('Origin',(-95.5,-4.63915917173926,27.2875));
#13439=CARTESIAN_POINT('',(-95.75,-4.63915917173926,26.85));
#13440=CARTESIAN_POINT('',(-95.5517766952966,-4.39457958586962,27.0945795858696));
#13441=CARTESIAN_POINT('Origin',(-95.5,-4.63915917173926,26.85));
#13442=CARTESIAN_POINT('',(-95.5517766952967,-4.39457958586963,28.35));
#13443=CARTESIAN_POINT('',(-95.5517766952967,-4.39457958586963,27.2875));
#13444=CARTESIAN_POINT('',(-95.75,-4.63915917173926,28.35));
#13445=CARTESIAN_POINT('Origin',(-95.5,-4.63915917173926,28.35));
#13446=CARTESIAN_POINT('',(-95.75,-4.63915917173926,27.2875));
#13447=CARTESIAN_POINT('Ctrl Pts',(-95.5517766952967,-4.39457958586963,
28.35));
#13448=CARTESIAN_POINT('Ctrl Pts',(-95.5517766952967,-4.39457958586963,
28.389999140132));
#13449=CARTESIAN_POINT('Ctrl Pts',(-95.5568397870183,-4.39566403280894,
28.470929030581));
#13450=CARTESIAN_POINT('Ctrl Pts',(-95.5851362198944,-4.40041605318031,
28.6218585411808));
#13451=CARTESIAN_POINT('Ctrl Pts',(-95.6373685185981,-4.40124096629349,
28.7393592722089));
#13452=CARTESIAN_POINT('Ctrl Pts',(-95.6969983843956,-4.38315429057757,
28.8066186443063));
#13453=CARTESIAN_POINT('Ctrl Pts',(-95.7316572780172,-4.36573540276101,
28.8314331712442));
#13454=CARTESIAN_POINT('Ctrl Pts',(-95.7679924616556,-4.34014217408605,
28.8472231778807));
#13455=CARTESIAN_POINT('Ctrl Pts',(-95.7895383309377,-4.31826457375644,
28.85));
#13456=CARTESIAN_POINT('Ctrl Pts',(-95.8017766952967,-4.30234015055945,
28.85));
#13457=CARTESIAN_POINT('Ctrl Pts',(-95.6073035838586,-4.4063344458659,28.35));
#13458=CARTESIAN_POINT('Ctrl Pts',(-95.6073035838586,-4.4063344458659,28.3853533716381));
#13459=CARTESIAN_POINT('Ctrl Pts',(-95.6124336015942,-4.40614351762326,
28.4567630577945));
#13460=CARTESIAN_POINT('Ctrl Pts',(-95.6406350457003,-4.40428602887955,
28.5884271838964));
#13461=CARTESIAN_POINT('Ctrl Pts',(-95.6844149971259,-4.39268704367662,
28.684766581041));
#13462=CARTESIAN_POINT('Ctrl Pts',(-95.723266830859,-4.3713494140652,28.7394766647362));
#13463=CARTESIAN_POINT('Ctrl Pts',(-95.7462472820175,-4.35615100941849,
28.7615568863233));
#13464=CARTESIAN_POINT('Ctrl Pts',(-95.7725428744629,-4.33510077770861,
28.7778082637384));
#13465=CARTESIAN_POINT('Ctrl Pts',(-95.790714168614,-4.31664805681569,28.7829169855536));
#13466=CARTESIAN_POINT('Ctrl Pts',(-95.8017766952967,-4.30234015055945,
28.7845501530502));
#13467=CARTESIAN_POINT('Ctrl Pts',(-95.7097439413268,-4.46916895344901,
28.35));
#13468=CARTESIAN_POINT('Ctrl Pts',(-95.7097439413268,-4.46916895344901,
28.376106950247));
#13469=CARTESIAN_POINT('Ctrl Pts',(-95.7151297340103,-4.46820369371911,
28.4284457858864));
#13470=CARTESIAN_POINT('Ctrl Pts',(-95.7461874817325,-4.46246405897117,
28.5218518786798));
#13471=CARTESIAN_POINT('Ctrl Pts',(-95.7844842541668,-4.44046478093017,
28.5764517813501));
#13472=CARTESIAN_POINT('Ctrl Pts',(-95.8003031573734,-4.41206465494578,
28.6065930532105));
#13473=CARTESIAN_POINT('Ctrl Pts',(-95.8091480003316,-4.39500028345094,
28.6231603181119));
#13474=CARTESIAN_POINT('Ctrl Pts',(-95.8226770879674,-4.3722872550927,28.6400897860119));
#13475=CARTESIAN_POINT('Ctrl Pts',(-95.8356893798427,-4.35189118505749,
28.6494928862933));
#13476=CARTESIAN_POINT('Ctrl Pts',(-95.844787558687,-4.33539520134871,28.6542454675735));
#13477=CARTESIAN_POINT('Ctrl Pts',(-95.75,-4.58240168688569,28.35));
#13478=CARTESIAN_POINT('Ctrl Pts',(-95.75,-4.58240168688569,28.3709381394945));
#13479=CARTESIAN_POINT('Ctrl Pts',(-95.7555166514609,-4.58351031915137,
28.4132166969859));
#13480=CARTESIAN_POINT('Ctrl Pts',(-95.785925390138,-4.58783924993527,28.4892475786925));
#13481=CARTESIAN_POINT('Ctrl Pts',(-95.8331483652387,-4.58136284227776,
28.5389027371038));
#13482=CARTESIAN_POINT('Ctrl Pts',(-95.8731302292038,-4.5477217792087,28.566822176408));
#13483=CARTESIAN_POINT('Ctrl Pts',(-95.8957300498298,-4.51888950664601,
28.5799904680006));
#13484=CARTESIAN_POINT('Ctrl Pts',(-95.9208525169129,-4.47733609133409,
28.5917400012371));
#13485=CARTESIAN_POINT('Ctrl Pts',(-95.937807615209,-4.44147470991442,28.5974021607262));
#13486=CARTESIAN_POINT('Ctrl Pts',(-95.9481052601812,-4.41479774296522,
28.6));
#13487=CARTESIAN_POINT('Ctrl Pts',(-95.75,-4.63915917173926,28.35));
#13488=CARTESIAN_POINT('Ctrl Pts',(-95.75,-4.63915917173926,28.369999570066));
#13489=CARTESIAN_POINT('Ctrl Pts',(-95.7550630917217,-4.64132806561788,
28.4104645152905));
#13490=CARTESIAN_POINT('Ctrl Pts',(-95.7833595245977,-4.65083210636062,
28.4859292705904));
#13491=CARTESIAN_POINT('Ctrl Pts',(-95.8355918233015,-4.65248193258699,
28.5446796361045));
#13492=CARTESIAN_POINT('Ctrl Pts',(-95.895221689099,-4.61630858115515,28.5783093221532));
#13493=CARTESIAN_POINT('Ctrl Pts',(-95.9298805827205,-4.58147080552204,
28.5907165856221));
#13494=CARTESIAN_POINT('Ctrl Pts',(-95.966215766359,-4.53028434817211,28.5986115889403));
#13495=CARTESIAN_POINT('Ctrl Pts',(-95.987761635641,-4.4865291475129,28.6));
#13496=CARTESIAN_POINT('Ctrl Pts',(-96.,-4.45468030111891,28.6));
#13497=CARTESIAN_POINT('',(-95.9999999999999,-4.4546803011194,28.6));
#13498=CARTESIAN_POINT('',(-95.5852703443505,-4.39933056415146,28.5999999999999));
#13499=CARTESIAN_POINT('Ctrl Pts',(-96.,-4.45468030111891,28.6));
#13500=CARTESIAN_POINT('Ctrl Pts',(-95.9993080005536,-4.45503187534572,
28.6));
#13501=CARTESIAN_POINT('Ctrl Pts',(-95.9986145306479,-4.45538055435386,
28.6));
#13502=CARTESIAN_POINT('Ctrl Pts',(-95.9782986351339,-4.46548875314071,
28.6));
#13503=CARTESIAN_POINT('Ctrl Pts',(-95.957539547671,-4.47291389418119,28.6));
#13504=CARTESIAN_POINT('Ctrl Pts',(-95.9174207305142,-4.48140639249614,
28.6));
#13505=CARTESIAN_POINT('Ctrl Pts',(-95.898354603473,-4.48313122831985,28.6));
#13506=CARTESIAN_POINT('Ctrl Pts',(-95.8437196571548,-4.48084007067127,
28.6));
#13507=CARTESIAN_POINT('Ctrl Pts',(-95.8141116254651,-4.47095877858098,
28.6));
#13508=CARTESIAN_POINT('Ctrl Pts',(-95.7645103479555,-4.45104630291312,
28.6));
#13509=CARTESIAN_POINT('Ctrl Pts',(-95.7431047261211,-4.44153479535334,
28.6));
#13510=CARTESIAN_POINT('Ctrl Pts',(-95.6826907552952,-4.41799786298241,
28.6));
#13511=CARTESIAN_POINT('Ctrl Pts',(-95.6369657197867,-4.40312131055614,
28.6));
#13512=CARTESIAN_POINT('Ctrl Pts',(-95.5852703443506,-4.39933056415146,
28.6));
#13513=CARTESIAN_POINT('Ctrl Pts',(-95.75,-4.63915917173926,28.35));
#13514=CARTESIAN_POINT('Ctrl Pts',(-95.75,-4.63915917173926,28.369999570066));
#13515=CARTESIAN_POINT('Ctrl Pts',(-95.7550630917217,-4.64132806561788,
28.4104645152905));
#13516=CARTESIAN_POINT('Ctrl Pts',(-95.7833595245977,-4.65083210636062,
28.4859292705904));
#13517=CARTESIAN_POINT('Ctrl Pts',(-95.8355918233015,-4.65248193258699,
28.5446796361045));
#13518=CARTESIAN_POINT('Ctrl Pts',(-95.895221689099,-4.61630858115515,28.5783093221532));
#13519=CARTESIAN_POINT('Ctrl Pts',(-95.9298805827205,-4.58147080552204,
28.5907165856221));
#13520=CARTESIAN_POINT('Ctrl Pts',(-95.966215766359,-4.53028434817211,28.5986115889403));
#13521=CARTESIAN_POINT('Ctrl Pts',(-95.987761635641,-4.4865291475129,28.6));
#13522=CARTESIAN_POINT('Ctrl Pts',(-96.,-4.45468030111891,28.6));
#13523=CARTESIAN_POINT('Ctrl Pts',(-95.5853229974708,-4.39931525291605,
28.5999850270941));
#13524=CARTESIAN_POINT('Ctrl Pts',(-95.5835999833056,-4.39919067126206,
28.5940533223196));
#13525=CARTESIAN_POINT('Ctrl Pts',(-95.5721924032131,-4.39824230637546,
28.5528178982998));
#13526=CARTESIAN_POINT('Ctrl Pts',(-95.5568397870183,-4.39566403280894,
28.470929030581));
#13527=CARTESIAN_POINT('Ctrl Pts',(-95.5517766952967,-4.39457958586963,
28.389999140132));
#13528=CARTESIAN_POINT('Ctrl Pts',(-95.5517766952967,-4.39457958586963,
28.35));
#13529=CARTESIAN_POINT('Origin',(-96.,0.387500000000015,28.35));
#13530=CARTESIAN_POINT('',(-96.,-10.25,28.6));
#13531=CARTESIAN_POINT('',(-96.,0.387500000000016,28.6));
#13532=CARTESIAN_POINT('',(-95.75,-10.,28.35));
#13533=CARTESIAN_POINT('Origin',(-96.,-10.25,28.35));
#13534=CARTESIAN_POINT('',(-95.75,0.387500000000015,28.35));
#13535=CARTESIAN_POINT('Origin',(-95.75,-2.32499999999999,24.1));
#13536=CARTESIAN_POINT('',(-95.75,-10.,19.85));
#13537=CARTESIAN_POINT('',(-95.75,-10.,19.6));
#13538=CARTESIAN_POINT('',(-95.75,-4.63915917173926,19.85));
#13539=CARTESIAN_POINT('',(-95.75,-6.375,19.85));
#13540=CARTESIAN_POINT('',(-95.75,-4.63915917173926,21.35));
#13541=CARTESIAN_POINT('',(-95.75,-4.63915917173926,19.7875));
#13542=CARTESIAN_POINT('',(-95.75,2.85000000000002,21.35));
#13543=CARTESIAN_POINT('',(-95.75,-3.3625,21.35));
#13544=CARTESIAN_POINT('',(-95.75,3.35000000000002,20.85));
#13545=CARTESIAN_POINT('Origin',(-95.75,2.85000000000002,20.85));
#13546=CARTESIAN_POINT('',(-95.75,3.35000000000002,19.8317926572461));
#13547=CARTESIAN_POINT('',(-95.75,3.35000000000002,22.6));
#13548=CARTESIAN_POINT('',(-95.75,5.10000000000002,19.678986254378));
#13549=CARTESIAN_POINT('Origin',(-95.75,2.5,0.));
#13550=CARTESIAN_POINT('',(-95.75,5.10000000000002,22.1404082057735));
#13551=CARTESIAN_POINT('',(-95.75,5.10000000000002,21.7458431814876));
#13552=CARTESIAN_POINT('',(-95.75,5.10000000000002,26.0595917942265));
#13553=CARTESIAN_POINT('Origin',(-95.75,6.10000000000002,24.1));
#13554=CARTESIAN_POINT('',(-95.75,5.10000000000002,28.35));
#13555=CARTESIAN_POINT('',(-95.75,5.10000000000002,25.));
#13556=CARTESIAN_POINT('',(-95.75,3.35000000000002,28.35));
#13557=CARTESIAN_POINT('',(-95.75,0.387500000000015,28.35));
#13558=CARTESIAN_POINT('',(-95.75,3.35000000000002,27.35));
#13559=CARTESIAN_POINT('',(-95.75,3.35000000000002,26.35));
#13560=CARTESIAN_POINT('',(-95.75,2.85000000000002,26.85));
#13561=CARTESIAN_POINT('Origin',(-95.75,2.85000000000002,27.35));
#13562=CARTESIAN_POINT('',(-95.75,0.387500000000016,26.85));
#13563=CARTESIAN_POINT('',(-95.75,1.20000000002408,26.3000000000241));
#13564=CARTESIAN_POINT('',(-95.75,1.20000000002408,26.3000000000241));
#13565=CARTESIAN_POINT('',(-95.75,1.20000000002408,21.8999999999759));
#13566=CARTESIAN_POINT('Origin',(-94.25,5.60000000000002,21.7458431814876));
#13567=CARTESIAN_POINT('',(-94.25,5.35000000000002,19.678986254378));
#13568=CARTESIAN_POINT('Origin',(-94.25,5.60000000000002,19.678986254378));
#13569=CARTESIAN_POINT('',(-94.25,5.35000000000002,22.3));
#13570=CARTESIAN_POINT('Ctrl Pts',(-94.,5.60000000000002,22.4751923190728));
#13571=CARTESIAN_POINT('Ctrl Pts',(-94.,5.59925793081045,22.4746442646551));
#13572=CARTESIAN_POINT('Ctrl Pts',(-94.0000033039998,5.59851572779728,22.4740963886989));
#13573=CARTESIAN_POINT('Ctrl Pts',(-94.0002096855847,5.57534423272296,22.4570003992852));
#13574=CARTESIAN_POINT('Ctrl Pts',(-94.003429169786,5.55278089205786,22.4406099209623));
#13575=CARTESIAN_POINT('Ctrl Pts',(-94.0163727875003,5.50789756756341,22.4084583127045));
#13576=CARTESIAN_POINT('Ctrl Pts',(-94.0263312572693,5.48558674586287,22.3927202723677));
#13577=CARTESIAN_POINT('Ctrl Pts',(-94.0552037402886,5.44073436090455,22.361461510668));
#13578=CARTESIAN_POINT('Ctrl Pts',(-94.0751519834409,5.4187339867101,22.3463769174526));
#13579=CARTESIAN_POINT('Ctrl Pts',(-94.1205668866981,5.38449188809131,22.3231105705365));
#13580=CARTESIAN_POINT('Ctrl Pts',(-94.1446256102965,5.37158783201727,22.3144401667538));
#13581=CARTESIAN_POINT('Ctrl Pts',(-94.196240633651,5.35440988329889,22.3029335558679));
#13582=CARTESIAN_POINT('Ctrl Pts',(-94.2228868420277,5.35000000000002,22.3));
#13583=CARTESIAN_POINT('Ctrl Pts',(-94.25,5.35000000000002,22.3));
#13584=CARTESIAN_POINT('',(-94.25,5.35000000000002,21.7458431814876));
#13585=CARTESIAN_POINT('Origin',(-94.25,5.10000000000002,19.678986254378));
#13586=CARTESIAN_POINT('',(-94.25,5.06725440806047,19.4311400798897));
#13587=CARTESIAN_POINT('Ctrl Pts',(-94.25,5.06725440806047,19.4311400798897));
#13588=CARTESIAN_POINT('Ctrl Pts',(-94.2494712859697,5.06777525585162,19.431071265153));
#13589=CARTESIAN_POINT('Ctrl Pts',(-94.2489425678801,5.0682961048749,19.4310024289461));
#13590=CARTESIAN_POINT('Ctrl Pts',(-94.192914405862,5.12349175632341,19.4237054287909));
#13591=CARTESIAN_POINT('Ctrl Pts',(-94.1368392084691,5.17893739540236,19.4161628706796));
#13592=CARTESIAN_POINT('Ctrl Pts',(-94.0643913965357,5.27988730922604,19.4018986901649));
#13593=CARTESIAN_POINT('Ctrl Pts',(-94.0360235562849,5.32735379592818,19.3950820786293));
#13594=CARTESIAN_POINT('Ctrl Pts',(-94.0065085807734,5.41866252723249,19.3815047443573));
#13595=CARTESIAN_POINT('Ctrl Pts',(-93.9999999999999,5.45577698345762,19.3758822985147));
#13596=CARTESIAN_POINT('Ctrl Pts',(-94.,5.49318040345421,19.370102505469));
#13597=CARTESIAN_POINT('Origin',(-94.25,5.10000000000002,19.678986254378));
#13598=CARTESIAN_POINT('Origin',(-96.25,1.67500000000001,28.85));
#13599=CARTESIAN_POINT('',(-96.25,-10.5,28.6));
#13600=CARTESIAN_POINT('Origin',(-96.25,-10.5,28.85));
#13601=CARTESIAN_POINT('',(-96.25,1.67500000000001,28.6));
#13602=CARTESIAN_POINT('Origin',(-96.125,-10.375,23.3555517503787));
#13603=CARTESIAN_POINT('',(-92.85,-7.1,28.6));
#13604=CARTESIAN_POINT('Origin',(-95.5,-9.75,19.85));
#13605=CARTESIAN_POINT('Origin',(-95.5,-4.63915917173926,19.7875));
#13606=CARTESIAN_POINT('',(-95.5517766952966,-4.39457958586963,21.1054204141304));
#13607=CARTESIAN_POINT('Origin',(-95.5,-4.63915917173926,21.35));
#13608=CARTESIAN_POINT('',(-95.5517766952966,-4.39457958586963,19.6054204141304));
#13609=CARTESIAN_POINT('Origin',(-95.5,-4.63915917173926,19.85));
#13610=CARTESIAN_POINT('',(-95.5517766952967,-4.39457958586963,19.7875));
#13611=CARTESIAN_POINT('Origin',(-95.5,-6.375,19.85));
#13612=CARTESIAN_POINT('Ctrl Pts',(-95.5000000000002,-4.37754493028119,
19.6));
#13613=CARTESIAN_POINT('Ctrl Pts',(-95.5155721365102,-4.3846316517142,19.6));
#13614=CARTESIAN_POINT('Ctrl Pts',(-95.5325076921558,-4.39031121859008,
19.6015102167677));
#13615=CARTESIAN_POINT('Ctrl Pts',(-95.5502290524964,-4.39424856693112,
19.6050970369173));
#13616=CARTESIAN_POINT('Ctrl Pts',(-95.5510029680532,-4.39441579035257,
19.6052566186133));
#13617=CARTESIAN_POINT('Ctrl Pts',(-95.5517766952966,-4.39457958586962,
19.6054204141304));
#13618=CARTESIAN_POINT('Ctrl Pts',(-94.25,3.10000000000002,27.6));
#13619=CARTESIAN_POINT('Ctrl Pts',(-94.25,3.10000000000002,27.35));
#13620=CARTESIAN_POINT('Ctrl Pts',(-94.5,3.10000000000002,27.35));
#13621=CARTESIAN_POINT('Ctrl Pts',(-94.,3.10000000000003,27.6));
#13622=CARTESIAN_POINT('Ctrl Pts',(-94.,3.10000000000003,27.1));
#13623=CARTESIAN_POINT('Ctrl Pts',(-94.5,3.10000000000003,27.1));
#13624=CARTESIAN_POINT('Ctrl Pts',(-94.,2.85000000000002,27.6));
#13625=CARTESIAN_POINT('Ctrl Pts',(-94.,2.85000000000002,27.1));
#13626=CARTESIAN_POINT('Ctrl Pts',(-94.5,2.85000000000002,27.1));
#13627=CARTESIAN_POINT('',(-94.25,3.10000000000002,27.6));
#13628=CARTESIAN_POINT('',(-94.5,3.10000000000002,27.35));
#13629=CARTESIAN_POINT('Origin',(-94.5,3.10000000000002,27.6));
#13630=CARTESIAN_POINT('',(-94.,2.85000000000002,27.6));
#13631=CARTESIAN_POINT('Origin',(-94.25,2.85000000000002,27.6));
#13632=CARTESIAN_POINT('',(-94.5,2.85000000000002,27.1));
#13633=CARTESIAN_POINT('Origin',(-94.5,2.85000000000002,27.6));
#13634=CARTESIAN_POINT('Origin',(-94.5,2.85000000000002,27.35));
#13635=CARTESIAN_POINT('Origin',(-94.25,8.35000000000001,26.2964466094067));
#13636=CARTESIAN_POINT('Origin',(-94.25,8.35000000000001,26.2964466094067));
#13637=CARTESIAN_POINT('',(-94.25,8.60000000000001,26.2964466094067));
#13638=CARTESIAN_POINT('Origin',(-94.25,8.35000000000001,26.2964466094067));
#13639=CARTESIAN_POINT('Origin',(-94.25,8.35000000000001,26.2964466094067));
#13640=CARTESIAN_POINT('Origin',(-97.75,8.35000000000001,26.2964466094067));
#13641=CARTESIAN_POINT('',(-96.5,8.60000000000001,26.2964466094067));
#13642=CARTESIAN_POINT('Origin',(-96.5,8.35000000000001,26.2964466094067));
#13643=CARTESIAN_POINT('',(-97.75,8.60000000000001,26.2964466094067));
#13644=CARTESIAN_POINT('Origin',(-94.25,8.35000000000001,25.25));
#13645=CARTESIAN_POINT('',(-94.25,8.60000000000002,18.6265938915305));
#13646=CARTESIAN_POINT('Ctrl Pts',(-94.,8.35000000000002,18.7066164765304));
#13647=CARTESIAN_POINT('Ctrl Pts',(-94.,8.38152193986362,18.6967588227728));
#13648=CARTESIAN_POINT('Ctrl Pts',(-94.0063142452545,8.41521242651961,18.6861265883737));
#13649=CARTESIAN_POINT('Ctrl Pts',(-94.0322755477834,8.4774027881213,18.6663258526172));
#13650=CARTESIAN_POINT('Ctrl Pts',(-94.0519285997875,8.50590174608384,18.657162331826));
#13651=CARTESIAN_POINT('Ctrl Pts',(-94.0967309877795,8.54985474037608,18.6429547864333));
#13652=CARTESIAN_POINT('Ctrl Pts',(-94.1244164271618,8.56866717678668,18.6368305425189));
#13653=CARTESIAN_POINT('Ctrl Pts',(-94.1853866490381,8.59374511779145,18.6286458019034));
#13654=CARTESIAN_POINT('Ctrl Pts',(-94.2186769524267,8.60000000000002,18.6265938915305));
#13655=CARTESIAN_POINT('Ctrl Pts',(-94.25,8.60000000000002,18.6265938915305));
#13656=CARTESIAN_POINT('',(-94.25,8.60000000000001,25.25));
#13657=CARTESIAN_POINT('Ctrl Pts',(-94.,2.85000000000002,28.1));
#13658=CARTESIAN_POINT('Ctrl Pts',(-94.,2.85000000000002,28.6));
#13659=CARTESIAN_POINT('Ctrl Pts',(-94.5,2.85000000000002,28.6));
#13660=CARTESIAN_POINT('Ctrl Pts',(-94.,3.10000000000003,28.1));
#13661=CARTESIAN_POINT('Ctrl Pts',(-94.,3.10000000000003,28.6));
#13662=CARTESIAN_POINT('Ctrl Pts',(-94.5,3.10000000000003,28.6));
#13663=CARTESIAN_POINT('Ctrl Pts',(-94.25,3.10000000000002,28.1));
#13664=CARTESIAN_POINT('Ctrl Pts',(-94.25,3.10000000000002,28.35));
#13665=CARTESIAN_POINT('Ctrl Pts',(-94.5,3.10000000000002,28.35));
#13666=CARTESIAN_POINT('',(-94.5,2.85000000000002,28.6));
#13667=CARTESIAN_POINT('',(-94.,2.85000000000002,28.1));
#13668=CARTESIAN_POINT('Origin',(-94.5,2.85000000000002,28.1));
#13669=CARTESIAN_POINT('',(-94.25,3.10000000000002,28.1));
#13670=CARTESIAN_POINT('Origin',(-94.25,2.85000000000002,28.1));
#13671=CARTESIAN_POINT('',(-94.5,3.10000000000002,28.35));
#13672=CARTESIAN_POINT('Origin',(-94.5,3.10000000000002,28.1));
#13673=CARTESIAN_POINT('Origin',(-94.5,2.85000000000002,28.35));
#13674=CARTESIAN_POINT('Origin',(-95.5,2.85000000000002,27.35));
#13675=CARTESIAN_POINT('',(-95.5,3.10000000000002,27.35));
#13676=CARTESIAN_POINT('Origin',(-95.5,3.35000000000002,27.35));
#13677=CARTESIAN_POINT('',(-95.5,2.85000000000002,27.1));
#13678=CARTESIAN_POINT('Origin',(-95.5,2.85000000000002,27.35));
#13679=CARTESIAN_POINT('Origin',(-95.5,2.85000000000002,26.85));
#13680=CARTESIAN_POINT('Origin',(-95.5,0.387500000000016,26.85));
#13681=CARTESIAN_POINT('',(-95.5,-4.37754493028111,27.1));
#13682=CARTESIAN_POINT('Ctrl Pts',(-95.5517766952966,-4.39457958586962,
27.0945795858696));
#13683=CARTESIAN_POINT('Ctrl Pts',(-95.5510029680532,-4.39441579035257,
27.0947433813867));
#13684=CARTESIAN_POINT('Ctrl Pts',(-95.5502290524964,-4.39424856693112,
27.0949029630827));
#13685=CARTESIAN_POINT('Ctrl Pts',(-95.5325076921557,-4.39031121859006,
27.0984897832323));
#13686=CARTESIAN_POINT('Ctrl Pts',(-95.5155721365101,-4.38463165171415,
27.1));
#13687=CARTESIAN_POINT('Ctrl Pts',(-95.5,-4.37754493028111,27.1));
#13688=CARTESIAN_POINT('',(-95.5,0.387500000000016,27.1));
#13689=CARTESIAN_POINT('Origin',(-96.5,2.85000000000002,27.35));
#13690=CARTESIAN_POINT('',(-96.5,2.85000000000002,27.1));
#13691=CARTESIAN_POINT('',(-96.5,3.10000000000002,27.35));
#13692=CARTESIAN_POINT('Origin',(-94.25,2.64197330470338,32.0044733047034));
#13693=CARTESIAN_POINT('Origin',(-94.25,6.29644660940675,28.35));
#13694=CARTESIAN_POINT('Origin',(-95.5,3.35000000000002,28.35));
#13695=CARTESIAN_POINT('',(-95.5,3.10000000000002,28.35));
#13696=CARTESIAN_POINT('Origin',(-95.5,3.35000000000002,28.35));
#13697=CARTESIAN_POINT('',(-96.,3.35000000000002,28.6));
#13698=CARTESIAN_POINT('Origin',(-96.,3.35000000000002,28.35));
#13699=CARTESIAN_POINT('',(-95.5,2.85000000000002,28.6));
#13700=CARTESIAN_POINT('Origin',(-95.5,3.35000000000002,28.6));
#13701=CARTESIAN_POINT('Origin',(-95.5,2.85000000000002,28.35));
#13702=CARTESIAN_POINT('Origin',(-96.5,2.85000000000002,28.35));
#13703=CARTESIAN_POINT('',(-96.5,3.10000000000002,28.35));
#13704=CARTESIAN_POINT('',(-96.5,2.85000000000002,28.6));
#13705=CARTESIAN_POINT('Origin',(-94.25,5.60000000000002,28.35));
#13706=CARTESIAN_POINT('',(-94.25,5.35000000000002,28.35));
#13707=CARTESIAN_POINT('Origin',(-94.25,5.60000000000002,28.35));
#13708=CARTESIAN_POINT('',(-94.25,5.60000000000002,28.6));
#13709=CARTESIAN_POINT('Origin',(-94.25,5.60000000000002,28.35));
#13710=CARTESIAN_POINT('Origin',(-94.25,5.60000000000002,28.35));
#13711=CARTESIAN_POINT('Ctrl Pts',(-94.,2.85000000000002,20.6));
#13712=CARTESIAN_POINT('Ctrl Pts',(-94.,2.85000000000002,21.1));
#13713=CARTESIAN_POINT('Ctrl Pts',(-94.5,2.85000000000002,21.1));
#13714=CARTESIAN_POINT('Ctrl Pts',(-94.,3.10000000000003,20.6));
#13715=CARTESIAN_POINT('Ctrl Pts',(-94.,3.10000000000003,21.1));
#13716=CARTESIAN_POINT('Ctrl Pts',(-94.5,3.10000000000003,21.1));
#13717=CARTESIAN_POINT('Ctrl Pts',(-94.25,3.10000000000002,20.6));
#13718=CARTESIAN_POINT('Ctrl Pts',(-94.25,3.10000000000002,20.85));
#13719=CARTESIAN_POINT('Ctrl Pts',(-94.5,3.10000000000002,20.85));
#13720=CARTESIAN_POINT('',(-94.5,2.85000000000002,21.1));
#13721=CARTESIAN_POINT('',(-94.,2.85000000000002,20.6));
#13722=CARTESIAN_POINT('Origin',(-94.5,2.85000000000002,20.6));
#13723=CARTESIAN_POINT('',(-94.25,3.10000000000002,20.6));
#13724=CARTESIAN_POINT('Origin',(-94.25,2.85000000000002,20.6));
#13725=CARTESIAN_POINT('',(-94.5,3.10000000000002,20.85));
#13726=CARTESIAN_POINT('Origin',(-94.5,3.10000000000002,20.6));
#13727=CARTESIAN_POINT('Origin',(-94.5,2.85000000000002,20.85));
#13728=CARTESIAN_POINT('Origin',(-95.5,5.10000000000002,28.35));
#13729=CARTESIAN_POINT('',(-95.5,5.35000000000002,28.35));
#13730=CARTESIAN_POINT('Origin',(-95.5,5.10000000000002,28.35));
#13731=CARTESIAN_POINT('',(-95.5,5.60000000000002,28.6));
#13732=CARTESIAN_POINT('Origin',(-95.5,5.60000000000002,28.35));
#13733=CARTESIAN_POINT('',(-96.,5.10000000000002,28.6));
#13734=CARTESIAN_POINT('Origin',(-95.5,5.10000000000002,28.6));
#13735=CARTESIAN_POINT('Origin',(-96.,5.10000000000002,28.35));
#13736=CARTESIAN_POINT('Origin',(-96.,0.387500000000015,28.35));
#13737=CARTESIAN_POINT('',(-96.,0.387500000000016,28.6));
#13738=CARTESIAN_POINT('Origin',(-96.5,5.60000000000002,28.35));
#13739=CARTESIAN_POINT('',(-96.5,5.60000000000002,28.6));
#13740=CARTESIAN_POINT('',(-96.5,5.35000000000002,28.35));
#13741=CARTESIAN_POINT('Origin',(-95.5,2.85000000000002,20.85));
#13742=CARTESIAN_POINT('',(-95.5,2.85000000000002,21.1));
#13743=CARTESIAN_POINT('Origin',(-95.5,2.85000000000002,21.35));
#13744=CARTESIAN_POINT('',(-95.5,3.10000000000002,20.85));
#13745=CARTESIAN_POINT('Origin',(-95.5,2.85000000000002,20.85));
#13746=CARTESIAN_POINT('Origin',(-95.5,3.35000000000002,20.85));
#13747=CARTESIAN_POINT('Origin',(-95.5,5.10000000000002,25.));
#13748=CARTESIAN_POINT('',(-95.5,5.35000000000002,25.9));
#13749=CARTESIAN_POINT('Ctrl Pts',(-95.5,5.35000000000002,25.9));
#13750=CARTESIAN_POINT('Ctrl Pts',(-95.527351486643,5.35000000000002,25.9));
#13751=CARTESIAN_POINT('Ctrl Pts',(-95.5542039431728,5.34551760238408,25.9029946588256));
#13752=CARTESIAN_POINT('Ctrl Pts',(-95.6071904720008,5.32772369858908,25.9148005260988));
#13753=CARTESIAN_POINT('Ctrl Pts',(-95.6322368550227,5.31395758915488,25.9239040144822));
#13754=CARTESIAN_POINT('Ctrl Pts',(-95.6798394976658,5.27672735566919,25.9482501960155));
#13755=CARTESIAN_POINT('Ctrl Pts',(-95.7007168331822,5.25223313355628,25.9641173456346));
#13756=CARTESIAN_POINT('Ctrl Pts',(-95.7272039810043,5.20655057046891,25.9932572929));
#13757=CARTESIAN_POINT('Ctrl Pts',(-95.7355020699533,5.18656343894087,26.0058890602324));
#13758=CARTESIAN_POINT('Ctrl Pts',(-95.7468311672976,5.1451738926063,26.0317744003031));
#13759=CARTESIAN_POINT('Ctrl Pts',(-95.7497978107429,5.12373938658135,26.0450447655893));
#13760=CARTESIAN_POINT('Ctrl Pts',(-95.749996671171,5.10148963380301,26.0586794242865));
#13761=CARTESIAN_POINT('Ctrl Pts',(-95.75,5.10074485223705,26.0591356672479));
#13762=CARTESIAN_POINT('Ctrl Pts',(-95.75,5.10000000000002,26.0595917942265));
#13763=CARTESIAN_POINT('',(-95.5,5.35000000000002,25.));
#13764=CARTESIAN_POINT('Origin',(-95.5,3.35000000000002,22.6));
#13765=CARTESIAN_POINT('',(-95.5,3.10000000000002,19.5908141739949));
#13766=CARTESIAN_POINT('',(-95.5,3.10000000000002,22.6));
#13767=CARTESIAN_POINT('Ctrl Pts',(-95.75,3.35000000000002,19.8317926572461));
#13768=CARTESIAN_POINT('Ctrl Pts',(-95.75,3.34925492231134,19.8310788298917));
#13769=CARTESIAN_POINT('Ctrl Pts',(-95.7499966691555,3.34850986047363,19.8303649791823));
#13770=CARTESIAN_POINT('Ctrl Pts',(-95.749762262865,3.32229287957764,19.8052448883734));
#13771=CARTESIAN_POINT('Ctrl Pts',(-95.7456402629181,3.29672404356534,19.7806996642743));
#13772=CARTESIAN_POINT('Ctrl Pts',(-95.7297378183891,3.24830219072202,19.7341329280294));
#13773=CARTESIAN_POINT('Ctrl Pts',(-95.7181941864281,3.22511228023258,19.7117908440417));
#13774=CARTESIAN_POINT('Ctrl Pts',(-95.6859715255597,3.18051780114468,19.668761315234));
#13775=CARTESIAN_POINT('Ctrl Pts',(-95.6644829491221,3.15907391703233,19.6480303455748));
#13776=CARTESIAN_POINT('Ctrl Pts',(-95.6180248667989,3.12831299454426,19.6182582802649));
#13777=CARTESIAN_POINT('Ctrl Pts',(-95.5952794029184,3.11739046430513,19.6076742208987));
#13778=CARTESIAN_POINT('Ctrl Pts',(-95.5481452819435,3.10361064930148,19.5943166139605));
#13779=CARTESIAN_POINT('Ctrl Pts',(-95.5249622936436,3.10011882873405,19.5909294191092));
#13780=CARTESIAN_POINT('Ctrl Pts',(-95.5008130964138,3.10000099130779,19.5908151354072));
#13781=CARTESIAN_POINT('Ctrl Pts',(-95.5004064703226,3.10000000000002,19.5908141739949));
#13782=CARTESIAN_POINT('Ctrl Pts',(-95.5,3.10000000000002,19.5908141739949));
#13783=CARTESIAN_POINT('Origin',(-95.5,6.10000000000002,24.1));
#13784=CARTESIAN_POINT('',(-95.5,5.35000000000002,22.3));
#13785=CARTESIAN_POINT('Origin',(-95.5,6.10000000000002,24.1));
#13786=CARTESIAN_POINT('Ctrl Pts',(-95.5,5.35000000000002,22.3));
#13787=CARTESIAN_POINT('Ctrl Pts',(-95.527351486643,5.35000000000002,22.3));
#13788=CARTESIAN_POINT('Ctrl Pts',(-95.5542039431728,5.34551760238408,22.2970053411744));
#13789=CARTESIAN_POINT('Ctrl Pts',(-95.6071904720008,5.32772369858908,22.2851994739012));
#13790=CARTESIAN_POINT('Ctrl Pts',(-95.6322368550227,5.31395758915488,22.2760959855178));
#13791=CARTESIAN_POINT('Ctrl Pts',(-95.6798394976658,5.27672735566919,22.2517498039845));
#13792=CARTESIAN_POINT('Ctrl Pts',(-95.7007168331822,5.25223313355628,22.2358826543654));
#13793=CARTESIAN_POINT('Ctrl Pts',(-95.7272039810043,5.20655057046891,22.2067427071));
#13794=CARTESIAN_POINT('Ctrl Pts',(-95.7355020699533,5.18656343894087,22.1941109397675));
#13795=CARTESIAN_POINT('Ctrl Pts',(-95.7468311672976,5.14517389260633,22.1682255996969));
#13796=CARTESIAN_POINT('Ctrl Pts',(-95.7497978107429,5.12373938658155,22.1549552344108));
#13797=CARTESIAN_POINT('Ctrl Pts',(-95.749996671171,5.101489633803,22.1413205757134));
#13798=CARTESIAN_POINT('Ctrl Pts',(-95.75,5.10074485223707,22.1408643327521));
#13799=CARTESIAN_POINT('Ctrl Pts',(-95.75,5.10000000000002,22.1404082057735));
#13800=CARTESIAN_POINT('Origin',(-95.5,5.10000000000002,19.678986254378));
#13801=CARTESIAN_POINT('',(-95.5,5.35000000000002,19.678986254378));
#13802=CARTESIAN_POINT('Origin',(-95.5,5.10000000000002,19.678986254378));
#13803=CARTESIAN_POINT('',(-95.5,5.06725440806047,19.4311400798897));
#13804=CARTESIAN_POINT('Origin',(-95.5,5.10000000000002,19.678986254378));
#13805=CARTESIAN_POINT('Origin',(-95.5,5.10000000000002,19.678986254378));
#13806=CARTESIAN_POINT('Origin',(-99.,5.10000000000002,19.678986254378));
#13807=CARTESIAN_POINT('',(-99.,5.35000000000002,19.678986254378));
#13808=CARTESIAN_POINT('',(-99.,5.06725440806047,19.4311400798897));
#13809=CARTESIAN_POINT('Origin',(-95.5,2.5,0.));
#13810=CARTESIAN_POINT('Origin',(-95.5,2.5,0.));
#13811=CARTESIAN_POINT('Origin',(-95.5,5.10000000000002,21.7458431814876));
#13812=CARTESIAN_POINT('',(-95.5,5.35000000000002,21.7458431814876));
#13813=CARTESIAN_POINT('Origin',(-96.5,2.85000000000002,20.85));
#13814=CARTESIAN_POINT('',(-96.5,3.10000000000002,20.85));
#13815=CARTESIAN_POINT('',(-96.5,2.85000000000002,21.1));
#13816=CARTESIAN_POINT('Origin',(-95.5,-3.3625,21.35));
#13817=CARTESIAN_POINT('',(-95.5,-4.37754493028111,21.1));
#13818=CARTESIAN_POINT('Ctrl Pts',(-95.5,-4.37754493028112,21.1));
#13819=CARTESIAN_POINT('Ctrl Pts',(-95.5155721365101,-4.38463165171415,
21.1));
#13820=CARTESIAN_POINT('Ctrl Pts',(-95.5325076921557,-4.39031121859006,
21.1015102167677));
#13821=CARTESIAN_POINT('Ctrl Pts',(-95.5502290524964,-4.39424856693112,
21.1050970369173));
#13822=CARTESIAN_POINT('Ctrl Pts',(-95.5510029680532,-4.39441579035257,
21.1052566186133));
#13823=CARTESIAN_POINT('Ctrl Pts',(-95.5517766952966,-4.39457958586962,
21.1054204141304));
#13824=CARTESIAN_POINT('',(-95.5,-3.3625,21.1));
#13825=CARTESIAN_POINT('Origin',(-94.25,2.85000000000002,20.725));
#13826=CARTESIAN_POINT('',(-94.25,3.10000000000002,19.5908141739949));
#13827=CARTESIAN_POINT('',(-94.,2.85000000000002,19.5968747508372));
#13828=CARTESIAN_POINT('Ctrl Pts',(-94.,2.85000000000002,19.5968747508372));
#13829=CARTESIAN_POINT('Ctrl Pts',(-94.,2.88139396314686,19.5963140549486));
#13830=CARTESIAN_POINT('Ctrl Pts',(-94.0062746190657,2.91487892063133,19.5956327923634));
#13831=CARTESIAN_POINT('Ctrl Pts',(-94.0317912347692,2.97647636308657,19.5942317871192));
#13832=CARTESIAN_POINT('Ctrl Pts',(-94.0510331897633,3.0045889632144,19.5935163523814));
#13833=CARTESIAN_POINT('Ctrl Pts',(-94.0954267209058,3.04897772823207,19.5923228912371));
#13834=CARTESIAN_POINT('Ctrl Pts',(-94.1235358030148,3.06821521184354,19.5917659827088));
#13835=CARTESIAN_POINT('Ctrl Pts',(-94.1851269273786,3.09372639621913,19.591009463901));
#13836=CARTESIAN_POINT('Ctrl Pts',(-94.218609062795,3.10000000000002,19.5908141739949));
#13837=CARTESIAN_POINT('Ctrl Pts',(-94.25,3.10000000000002,19.5908141739949));
#13838=CARTESIAN_POINT('',(-94.25,3.10000000000002,20.725));
#13839=CARTESIAN_POINT('',(-94.,2.85000000000002,20.725));
#13840=CARTESIAN_POINT('Origin',(-94.5,-2.525,20.6));
#13841=CARTESIAN_POINT('',(-94.5,-3.4,21.1));
#13842=CARTESIAN_POINT('',(-94.5,-2.525,21.1));
#13843=CARTESIAN_POINT('',(-94.0732233047034,-2.97322330470336,20.86050269164));
#13844=CARTESIAN_POINT('Origin',(-94.5,-3.4,20.6));
#13845=CARTESIAN_POINT('',(-94.,-2.79644660940673,20.6));
#13846=CARTESIAN_POINT('Ctrl Pts',(-94.,-2.79644660940673,20.6));
#13847=CARTESIAN_POINT('Ctrl Pts',(-94.,-2.79719042161647,20.6010519093149));
#13848=CARTESIAN_POINT('Ctrl Pts',(-94.0000033195396,-2.79793423629561,
20.6021038221218));
#13849=CARTESIAN_POINT('Ctrl Pts',(-94.0002922319698,-2.83030159502359,
20.6478788636214));
#13850=CARTESIAN_POINT('Ctrl Pts',(-94.0065769575529,-2.86209188151824,
20.6928465297012));
#13851=CARTESIAN_POINT('Ctrl Pts',(-94.0310823593025,-2.921176544934,20.7790056364487));
#13852=CARTESIAN_POINT('Ctrl Pts',(-94.0489921404465,-2.94899214044651,
20.8208052277112));
#13853=CARTESIAN_POINT('Ctrl Pts',(-94.0732233047034,-2.97322330470336,
20.86050269164));
#13854=CARTESIAN_POINT('',(-94.,-2.525,20.6));
#13855=CARTESIAN_POINT('Origin',(-94.25,4.73750000000002,28.35));
#13856=CARTESIAN_POINT('',(-94.25,4.73750000000002,28.6));
#13857=CARTESIAN_POINT('Origin',(-94.25,5.60000000000002,25.));
#13858=CARTESIAN_POINT('',(-94.25,5.35000000000002,25.9));
#13859=CARTESIAN_POINT('',(-94.25,5.35000000000002,25.));
#13860=CARTESIAN_POINT('Ctrl Pts',(-94.,5.60000000000002,25.7248076809272));
#13861=CARTESIAN_POINT('Ctrl Pts',(-94.,5.59925838680778,25.7253553985686));
#13862=CARTESIAN_POINT('Ctrl Pts',(-94.0000032999405,5.59851663995602,25.7259029379679));
#13863=CARTESIAN_POINT('Ctrl Pts',(-94.0002031518908,5.5760644596332,25.7424682253683));
#13864=CARTESIAN_POINT('Ctrl Pts',(-94.003225659018,5.55422915101847,25.7583380160014));
#13865=CARTESIAN_POINT('Ctrl Pts',(-94.0149723709665,5.51210227438998,25.7885425258322));
#13866=CARTESIAN_POINT('Ctrl Pts',(-94.0235342113635,5.4917601768057,25.8029261068033));
#13867=CARTESIAN_POINT('Ctrl Pts',(-94.050365303554,5.44651738833715,25.834556907928));
#13868=CARTESIAN_POINT('Ctrl Pts',(-94.0709158652248,5.4225757889995,25.8510000769719));
#13869=CARTESIAN_POINT('Ctrl Pts',(-94.1181020631855,5.38586891406199,25.8759631854065));
#13870=CARTESIAN_POINT('Ctrl Pts',(-94.1429637841413,5.3722244574919,25.8851328899803));
#13871=CARTESIAN_POINT('Ctrl Pts',(-94.195784828352,5.35448620691118,25.8970157710059));
#13872=CARTESIAN_POINT('Ctrl Pts',(-94.2226529777894,5.35000000000002,25.9));
#13873=CARTESIAN_POINT('Ctrl Pts',(-94.25,5.35000000000002,25.9));
#13874=CARTESIAN_POINT('Origin',(-95.5,3.35000000000002,26.35));
#13875=CARTESIAN_POINT('',(-95.5,3.10000000000002,26.35));
#13876=CARTESIAN_POINT('Origin',(-94.25,-2.79644660940673,20.1625));
#13877=CARTESIAN_POINT('',(-94.,-2.79644660940673,20.1625));
#13878=CARTESIAN_POINT('',(-94.0732233047034,-2.97322330470336,20.1625));
#13879=CARTESIAN_POINT('Origin',(-94.25,6.10000000000002,24.1));
#13880=CARTESIAN_POINT('Origin',(-94.25,6.10000000000002,24.1));
#13881=CARTESIAN_POINT('Origin',(-94.25,2.85000000000002,28.225));
#13882=CARTESIAN_POINT('',(-94.25,3.10000000000002,28.225));
#13883=CARTESIAN_POINT('',(-94.,2.85000000000002,28.225));
#13884=CARTESIAN_POINT('Origin',(-94.5,1.22500000000002,28.1));
#13885=CARTESIAN_POINT('',(-94.5,-3.4,28.6));
#13886=CARTESIAN_POINT('',(-94.5,1.22500000000002,28.6));
#13887=CARTESIAN_POINT('',(-94.0732233047034,-2.97322330470336,28.36050269164));
#13888=CARTESIAN_POINT('Origin',(-94.5,-3.4,28.1));
#13889=CARTESIAN_POINT('',(-94.,-2.79644660940673,28.1));
#13890=CARTESIAN_POINT('Ctrl Pts',(-94.,-2.79644660940672,28.1));
#13891=CARTESIAN_POINT('Ctrl Pts',(-94.,-2.79719042161647,28.1010519093149));
#13892=CARTESIAN_POINT('Ctrl Pts',(-94.0000033195396,-2.79793423629561,
28.1021038221218));
#13893=CARTESIAN_POINT('Ctrl Pts',(-94.0002922319698,-2.83030159502355,
28.1478788636213));
#13894=CARTESIAN_POINT('Ctrl Pts',(-94.0065769575529,-2.86209188151823,
28.1928465297012));
#13895=CARTESIAN_POINT('Ctrl Pts',(-94.0310823593025,-2.921176544934,28.2790056364487));
#13896=CARTESIAN_POINT('Ctrl Pts',(-94.0489921404465,-2.9489921404465,28.3208052277112));
#13897=CARTESIAN_POINT('Ctrl Pts',(-94.0732233047034,-2.97322330470336,
28.36050269164));
#13898=CARTESIAN_POINT('',(-94.,1.22500000000002,28.1));
#13899=CARTESIAN_POINT('Origin',(-94.5,1.22500000000002,27.6));
#13900=CARTESIAN_POINT('',(-94.,-2.79644660940673,27.6));
#13901=CARTESIAN_POINT('',(-94.,1.22500000000002,27.6));
#13902=CARTESIAN_POINT('',(-94.0732233047034,-2.97322330470336,27.33949730836));
#13903=CARTESIAN_POINT('Ctrl Pts',(-94.,-2.79644660940673,27.6));
#13904=CARTESIAN_POINT('Ctrl Pts',(-94.,-2.79719110130602,27.5989471294589));
#13905=CARTESIAN_POINT('Ctrl Pts',(-94.0000033256092,-2.79793559568166,
27.597894255416));
#13906=CARTESIAN_POINT('Ctrl Pts',(-94.0002953538401,-2.83062215226602,
27.5516677919726));
#13907=CARTESIAN_POINT('Ctrl Pts',(-94.00670472784,-2.86273648103111,27.5062422629468));
#13908=CARTESIAN_POINT('Ctrl Pts',(-94.031459256203,-2.92175850284531,27.4201178022308));
#13909=CARTESIAN_POINT('Ctrl Pts',(-94.0492457979907,-2.94924579799071,
27.3787792098707));
#13910=CARTESIAN_POINT('Ctrl Pts',(-94.0732233047034,-2.97322330470336,
27.33949730836));
#13911=CARTESIAN_POINT('',(-94.5,-3.4,27.1));
#13912=CARTESIAN_POINT('Origin',(-94.5,-3.4,27.6));
#13913=CARTESIAN_POINT('',(-94.5,1.22500000000002,27.1));
#13914=CARTESIAN_POINT('Origin',(-94.25,-2.79644660940673,27.6625));
#13915=CARTESIAN_POINT('',(-94.0732233047034,-2.97322330470336,27.6625));
#13916=CARTESIAN_POINT('',(-94.,-2.79644660940673,27.6625));
#13917=CARTESIAN_POINT('Origin',(-99.,2.5,0.));
#13918=CARTESIAN_POINT('',(-97.4,16.9683531201409,13.2222070015149));
#13919=CARTESIAN_POINT('Origin',(-97.4,2.5,0.));
#13920=CARTESIAN_POINT('',(-89.9,16.9683531201409,13.2222070015149));
#13921=CARTESIAN_POINT('',(-99.,16.9683531201409,13.2222070015149));
#13922=CARTESIAN_POINT('',(-89.9,16.940608207518,13.2525029559311));
#13923=CARTESIAN_POINT('Origin',(-89.9,2.5,0.));
#13924=CARTESIAN_POINT('',(-85.65,16.940608207518,13.2525029559311));
#13925=CARTESIAN_POINT('',(-99.,16.940608207518,13.2525029559311));
#13926=CARTESIAN_POINT('',(-85.65,7.01732079071307,19.0723310812756));
#13927=CARTESIAN_POINT('Ctrl Pts',(-85.65,16.940608207518,13.2525029559311));
#13928=CARTESIAN_POINT('Ctrl Pts',(-84.7030977815218,16.940608207518,13.2525029559311));
#13929=CARTESIAN_POINT('Ctrl Pts',(-82.8116386123114,16.6730482949325,13.5523503143921));
#13930=CARTESIAN_POINT('Ctrl Pts',(-80.547975409023,15.4902264789941,14.7285368633657));
#13931=CARTESIAN_POINT('Ctrl Pts',(-79.3211677573554,13.6038150623069,16.2194459775023));
#13932=CARTESIAN_POINT('Ctrl Pts',(-79.3973315773856,10.5652375924309,18.0211122876284));
#13933=CARTESIAN_POINT('Ctrl Pts',(-81.8711777751882,7.68902516796679,18.9352642128517));
#13934=CARTESIAN_POINT('Ctrl Pts',(-84.7030977815218,7.01732079071307,19.0723310812756));
#13935=CARTESIAN_POINT('Ctrl Pts',(-85.65,7.01732079071307,19.0723310812756));
#13936=CARTESIAN_POINT('',(-89.9,7.01732079071307,19.0723310812756));
#13937=CARTESIAN_POINT('',(-99.,7.01732079071307,19.0723310812756));
#13938=CARTESIAN_POINT('Origin',(-89.9,2.5,0.));
#13939=CARTESIAN_POINT('',(-96.5,8.60000000000002,18.6265938915305));
#13940=CARTESIAN_POINT('Origin',(-96.5,2.5,0.));
#13941=CARTESIAN_POINT('',(-99.,8.60000000000002,18.6265938915305));
#13942=CARTESIAN_POINT('',(-99.,3.10000000000002,19.5908141739949));
#13943=CARTESIAN_POINT('Origin',(-94.,2.5,0.));
#13944=CARTESIAN_POINT('Origin',(-96.5,5.35000000000002,19.3916863629752));
#13945=CARTESIAN_POINT('',(-96.5,5.35000000000002,22.3));
#13946=CARTESIAN_POINT('Origin',(-96.5,5.35000000000002,25.9));
#13947=CARTESIAN_POINT('',(-96.5,5.35000000000002,25.9));
#13948=CARTESIAN_POINT('Origin',(-96.5,6.10000000000002,24.1));
#13949=CARTESIAN_POINT('Origin',(-96.5,8.60000000000001,26.4));
#13950=CARTESIAN_POINT('',(-96.5,8.60000000000001,26.7555517503787));
#13951=CARTESIAN_POINT('Origin',(-96.5,3.10000000000002,28.6));
#13952=CARTESIAN_POINT('',(-95.4267766952967,-4.32677669529664,28.6));
#13953=CARTESIAN_POINT('Origin',(-95.6035533905933,-4.15,28.6));
#13954=CARTESIAN_POINT('',(-93.5,-2.4,28.6));
#13955=CARTESIAN_POINT('Origin',(-94.75,-3.65,27.475));
#13956=CARTESIAN_POINT('',(-95.4267766952967,-4.32677669529664,27.1));
#13957=CARTESIAN_POINT('',(-95.4267766952967,-4.32677669529664,27.2875));
#13958=CARTESIAN_POINT('',(-93.5,-2.4,27.1));
#13959=CARTESIAN_POINT('Origin',(-96.5,3.10000000000002,28.6));
#13960=CARTESIAN_POINT('Origin',(-94.,-0.649999999999989,27.85));
#13961=CARTESIAN_POINT('Origin',(-95.6035533905933,-4.15,27.2875));
#13962=CARTESIAN_POINT('Origin',(-95.6035533905933,-4.15,27.1));
#13963=CARTESIAN_POINT('Origin',(-95.6035533905933,-4.15,19.7875));
#13964=CARTESIAN_POINT('',(-95.4267766952967,-4.32677669529664,21.1));
#13965=CARTESIAN_POINT('',(-95.4267766952967,-4.32677669529664,19.7875));
#13966=CARTESIAN_POINT('Origin',(-95.6035533905933,-4.15,21.1));
#13967=CARTESIAN_POINT('Origin',(-96.5,-4.4,21.1));
#13968=CARTESIAN_POINT('',(-95.375,-4.275,21.1));
#13969=CARTESIAN_POINT('Origin',(-94.75,-3.65,19.975));
#13970=CARTESIAN_POINT('Origin',(-96.5,3.10000000000002,27.1));
#13971=CARTESIAN_POINT('Origin',(-86.,19.5142135623731,4.77359245282263));
#13972=CARTESIAN_POINT('',(-86.,18.8071067811865,4.06648567163609));
#13973=CARTESIAN_POINT('',(-86.,19.5142135623731,3.77359245282263));
#13974=CARTESIAN_POINT('Origin',(-73.,19.1,3.77359245282263));
#13975=CARTESIAN_POINT('',(-73.,8.8391873732361,14.0344050795865));
#13976=CARTESIAN_POINT('Origin',(-73.,7.424973810863,12.6201915172134));
#13977=CARTESIAN_POINT('',(-73.,7.424973810863,14.6201915172134));
#13978=CARTESIAN_POINT('Origin',(-64.5213203435597,-9.75,18.1));
#13979=CARTESIAN_POINT('',(-63.4606601717798,-11.,19.1606601717798));
#13980=CARTESIAN_POINT('Origin',(-64.5213203435597,-11.,18.1));
#13981=CARTESIAN_POINT('',(-63.4606601717798,-9.75,19.1606601717798));
#13982=CARTESIAN_POINT('Origin',(-62.25,-6.5,17.95));
#13983=CARTESIAN_POINT('',(-61.0393398282202,-11.,16.7393398282202));
#13984=CARTESIAN_POINT('',(-73.475,-11.,29.175));
#13985=CARTESIAN_POINT('',(-61.0393398282202,-6.5,16.7393398282202));
#13986=CARTESIAN_POINT('Origin',(-59.9786796564404,-6.5,17.8));
#13987=CARTESIAN_POINT('',(-59.9786796564404,-11.,16.3));
#13988=CARTESIAN_POINT('Origin',(-59.9786796564404,-11.,17.8));
#13989=CARTESIAN_POINT('',(-59.9786796564404,-6.5,16.3));
#13990=CARTESIAN_POINT('Origin',(-55.45,-9.25,17.8));
#13991=CARTESIAN_POINT('',(-55.45,-11.,16.3));
#13992=CARTESIAN_POINT('',(-53.95,-11.,17.8));
#13993=CARTESIAN_POINT('Origin',(-55.45,-11.,17.8));
#13994=CARTESIAN_POINT('',(-53.95,-5.2,17.8));
#13995=CARTESIAN_POINT('',(-53.95,-9.25,17.8));
#13996=CARTESIAN_POINT('',(-55.45,-5.2,16.3));
#13997=CARTESIAN_POINT('Origin',(-55.45,-5.2,17.8));
#13998=CARTESIAN_POINT('',(-55.45,-9.25,16.3));
#13999=CARTESIAN_POINT('Origin',(-53.95,-12.,19.6));
#14000=CARTESIAN_POINT('',(-53.95,-11.,26.575));
#14001=CARTESIAN_POINT('',(-53.95,-5.2,19.6));
#14002=CARTESIAN_POINT('',(-53.95,-12.,19.6));
#14003=CARTESIAN_POINT('',(-53.95,-5.2,19.6));
#14004=CARTESIAN_POINT('Ctrl Pts',(-82.1281633579433,12.2529002167588,16.2075319423153));
#14005=CARTESIAN_POINT('Ctrl Pts',(-82.8793469216096,11.1019290824788,16.8599917130934));
#14006=CARTESIAN_POINT('Ctrl Pts',(-83.61598016701,9.88259781423582,17.391775867094));
#14007=CARTESIAN_POINT('Ctrl Pts',(-84.3220943808639,8.62133903849431,17.7913564034626));
#14008=CARTESIAN_POINT('Ctrl Pts',(-82.1059274417806,12.1034718911465,15.9695334608246));
#14009=CARTESIAN_POINT('Ctrl Pts',(-82.8489464752101,10.9689553152445,16.6203141331509));
#14010=CARTESIAN_POINT('Ctrl Pts',(-83.5786402206836,9.76603840423528,17.1516941626929));
#14011=CARTESIAN_POINT('Ctrl Pts',(-84.2779049191702,8.52098724589374,17.5526891927393));
#14012=CARTESIAN_POINT('Ctrl Pts',(-81.8755123802569,11.7593972696414,15.6278481028336));
#14013=CARTESIAN_POINT('Ctrl Pts',(-82.6143901995658,10.6573227380539,16.2714635909612));
#14014=CARTESIAN_POINT('Ctrl Pts',(-83.3397263169106,9.48673846471584,16.799333795618));
#14015=CARTESIAN_POINT('Ctrl Pts',(-84.0357617515844,8.27340605752636,17.1991103738084));
#14016=CARTESIAN_POINT('Ctrl Pts',(-81.4459940549684,11.467538209219,15.6075031740449));
#14017=CARTESIAN_POINT('Ctrl Pts',(-82.19351242505,10.3778191604572,16.2336620201335));
#14018=CARTESIAN_POINT('Ctrl Pts',(-82.9267430456609,9.22166935882272,16.7454103943695));
#14019=CARTESIAN_POINT('Ctrl Pts',(-83.629854884807,8.02471940791774,17.1314353780691));
#14020=CARTESIAN_POINT('Ctrl Pts',(-81.2621379541589,11.3767265217677,15.6589822867818));
#14021=CARTESIAN_POINT('Ctrl Pts',(-82.0133215178251,10.2863328156078,16.2771020696242));
#14022=CARTESIAN_POINT('Ctrl Pts',(-82.7499547632256,9.13117687727232,16.7808975839406));
#14023=CARTESIAN_POINT('Ctrl Pts',(-83.4560689770795,7.93630014235931,17.1594475657634));
#14024=CARTESIAN_POINT('',(-83.4560689770794,7.93630014235931,17.1594475657634));
#14025=CARTESIAN_POINT('',(-81.2621379541589,11.3767265217677,15.6589822867818));
#14026=CARTESIAN_POINT('Origin',(-79.2721006609601,2.5,0.));
#14027=CARTESIAN_POINT('',(-84.0120645593155,9.00436126005382,17.4699625986193));
#14028=CARTESIAN_POINT('Ctrl Pts',(-83.4560689770795,7.93630014235932,17.1594475657634));
#14029=CARTESIAN_POINT('Ctrl Pts',(-83.456951690499,7.93768335058055,17.1590093503127));
#14030=CARTESIAN_POINT('Ctrl Pts',(-83.4578344055401,7.93906754948855,17.1585742297052));
#14031=CARTESIAN_POINT('Ctrl Pts',(-83.4587171156167,7.94045272811051,17.1581422031856));
#14032=CARTESIAN_POINT('Ctrl Pts',(-83.4849554119928,7.98162675362475,17.1453003424607));
#14033=CARTESIAN_POINT('Ctrl Pts',(-83.5111911489594,8.02367161531835,17.1351861594718));
#14034=CARTESIAN_POINT('Ctrl Pts',(-83.5372541487602,8.06630605421871,17.1278074868311));
#14035=CARTESIAN_POINT('Ctrl Pts',(-83.5629757026033,8.10838194817283,17.1205254806511));
#14036=CARTESIAN_POINT('Ctrl Pts',(-83.5885298619709,8.15103264828288,17.1159080162843));
#14037=CARTESIAN_POINT('Ctrl Pts',(-83.6137393046633,8.19399067941247,17.1140104969829));
#14038=CARTESIAN_POINT('Ctrl Pts',(-83.6283787747272,8.21893699886897,17.112908581429));
#14039=CARTESIAN_POINT('Ctrl Pts',(-83.6429016755093,8.24398696897941,17.1127247836993));
#14040=CARTESIAN_POINT('Ctrl Pts',(-83.6572694007829,8.26908750513182,17.1134770704014));
#14041=CARTESIAN_POINT('Ctrl Pts',(-83.6803685665881,8.309441940879,17.1146865308367));
#14042=CARTESIAN_POINT('Ctrl Pts',(-83.7030555740647,8.34991117662161,17.1183118270202));
#14043=CARTESIAN_POINT('Ctrl Pts',(-83.7251655436814,8.3902611527367,17.1244569545269));
#14044=CARTESIAN_POINT('Ctrl Pts',(-83.7472755132981,8.43061112885178,17.1306020820335));
#14045=CARTESIAN_POINT('Ctrl Pts',(-83.7688092166284,8.47084234673753,17.139267117986));
#14046=CARTESIAN_POINT('Ctrl Pts',(-83.7895643452432,8.51070686762359,17.1505941759919));
#14047=CARTESIAN_POINT('Ctrl Pts',(-83.8045770963271,8.53954196377028,17.1587873462445));
#14048=CARTESIAN_POINT('Ctrl Pts',(-83.81918143211,8.5681849575393,17.1683745690905));
#14049=CARTESIAN_POINT('Ctrl Pts',(-83.8333352136096,8.59653862411908,17.1793474844736));
#14050=CARTESIAN_POINT('Ctrl Pts',(-83.8525177391615,8.63496615909768,17.1942190034185));
#14051=CARTESIAN_POINT('Ctrl Pts',(-83.8708135526413,8.67274250506986,17.2115876311311));
#14052=CARTESIAN_POINT('Ctrl Pts',(-83.8881266458384,8.70961070370783,17.2314173243934));
#14053=CARTESIAN_POINT('Ctrl Pts',(-83.9045762349626,8.74464007208478,17.250257996185));
#14054=CARTESIAN_POINT('Ctrl Pts',(-83.9201388318867,8.7788498949803,17.2713210439726));
#14055=CARTESIAN_POINT('Ctrl Pts',(-83.9346953810587,8.81199609804976,17.2945878920881));
#14056=CARTESIAN_POINT('Ctrl Pts',(-83.9485197877993,8.84347516549394,17.3166845008461));
#14057=CARTESIAN_POINT('Ctrl Pts',(-83.9614368855183,8.87399509483417,17.3407693033248));
#14058=CARTESIAN_POINT('Ctrl Pts',(-83.9733091622271,8.90332177484673,17.3668295273869));
#14059=CARTESIAN_POINT('Ctrl Pts',(-83.9858806334711,8.93437559236634,17.3944245174163));
#14060=CARTESIAN_POINT('Ctrl Pts',(-83.9971879489316,8.96384832480184,17.4240247619001));
#14061=CARTESIAN_POINT('Ctrl Pts',(-84.0070965673523,8.99150681525207,17.4555479974329));
#14062=CARTESIAN_POINT('Ctrl Pts',(-84.0086290424911,8.99578450031298,17.4604234071721));
#14063=CARTESIAN_POINT('Ctrl Pts',(-84.0101279759983,9.00001873736657,17.4653448367316));
#14064=CARTESIAN_POINT('Ctrl Pts',(-84.0115927743203,9.00420860489583,17.470312002357));
#14065=CARTESIAN_POINT('',(-84.0334192462691,9.13167700010405,17.6216915892179));
#14066=CARTESIAN_POINT('Ctrl Pts',(-84.0334156953393,9.13166902598748,17.6216725177263));
#14067=CARTESIAN_POINT('Ctrl Pts',(-84.0334220647239,9.10269975689305,17.587143665461));
#14068=CARTESIAN_POINT('Ctrl Pts',(-84.0301329759746,9.07384771413743,17.5528963364005));
#14069=CARTESIAN_POINT('Ctrl Pts',(-84.0235303193825,9.04535263924534,17.5190992107876));
#14070=CARTESIAN_POINT('Ctrl Pts',(-84.0203310095948,9.03154538291821,17.5027228517774));
#14071=CARTESIAN_POINT('Ctrl Pts',(-84.0163532748544,9.01782178989498,17.4864527888426));
#14072=CARTESIAN_POINT('Ctrl Pts',(-84.0115927743203,9.00420860489583,17.470312002357));
#14073=CARTESIAN_POINT('',(-82.4073364431004,11.8209690331473,16.4450341627719));
#14074=CARTESIAN_POINT('Origin',(-80.1381260647445,2.88302222155949,-0.321393804843268));
#14075=CARTESIAN_POINT('Ctrl Pts',(-81.2621379541589,11.3767265217677,15.6589822867818));
#14076=CARTESIAN_POINT('Ctrl Pts',(-81.2638636537376,11.3767265217677,15.6589822867818));
#14077=CARTESIAN_POINT('Ctrl Pts',(-81.2655893535322,11.3767281582694,15.6589851903102));
#14078=CARTESIAN_POINT('Ctrl Pts',(-81.4149094496218,11.3770113645427,15.6594876631256));
#14079=CARTESIAN_POINT('Ctrl Pts',(-81.562475849401,11.3892604325264,15.6812251196432));
#14080=CARTESIAN_POINT('Ctrl Pts',(-81.8378819578118,11.4372936005454,15.7664073363916));
#14081=CARTESIAN_POINT('Ctrl Pts',(-81.9656001930884,11.472577908801,15.8289653240343));
#14082=CARTESIAN_POINT('Ctrl Pts',(-82.169548110359,11.5589355006252,15.9819119781456));
#14083=CARTESIAN_POINT('Ctrl Pts',(-82.2491170930277,11.6066569573636,16.0663787303566));
#14084=CARTESIAN_POINT('Ctrl Pts',(-82.3611373853811,11.7106906015958,16.2503175583138));
#14085=CARTESIAN_POINT('Ctrl Pts',(-82.3953852969946,11.7647725242133,16.3458583001776));
#14086=CARTESIAN_POINT('Ctrl Pts',(-82.4073364431004,11.8209690331473,16.4450341627719));
#14087=CARTESIAN_POINT('Ctrl Pts',(-84.3220943808641,14.5983644066523,14.6467206017123));
#14088=CARTESIAN_POINT('Ctrl Pts',(-83.5872136125781,13.6385141631042,15.4830199870448));
#14089=CARTESIAN_POINT('Ctrl Pts',(-82.8509751263046,12.5943553531584,16.2225028324786));
#14090=CARTESIAN_POINT('Ctrl Pts',(-82.1281633579433,11.4868557736398,16.8503195520018));
#14091=CARTESIAN_POINT('Ctrl Pts',(-84.3197004383739,14.4040291034468,14.4215715059331));
#14092=CARTESIAN_POINT('Ctrl Pts',(-83.5936567965262,13.4511410434955,15.2431603670364));
#14093=CARTESIAN_POINT('Ctrl Pts',(-82.8659747607993,12.4160469715264,15.9686420292037));
#14094=CARTESIAN_POINT('Ctrl Pts',(-82.1531286865254,11.3190854321309,16.5831072523611));
#14095=CARTESIAN_POINT('Ctrl Pts',(-84.1006713634059,14.1626389778626,13.9520522971327));
#14096=CARTESIAN_POINT('Ctrl Pts',(-83.3793847478262,13.2268542710299,14.745095697143));
#14097=CARTESIAN_POINT('Ctrl Pts',(-82.6580475708377,12.2114577969575,15.4425719722791));
#14098=CARTESIAN_POINT('Ctrl Pts',(-81.9509738717717,11.1379960437551,16.0309137700347));
#14099=CARTESIAN_POINT('Ctrl Pts',(-83.6492631732746,14.2403883190929,13.6446223528234));
#14100=CARTESIAN_POINT('Ctrl Pts',(-82.918431483695,13.3242753470899,14.4328116018938));
#14101=CARTESIAN_POINT('Ctrl Pts',(-82.1866848732502,12.3288902511182,15.1283502776764));
#14102=CARTESIAN_POINT('Ctrl Pts',(-81.4685620086006,11.2747678887289,15.7167803534405));
#14103=CARTESIAN_POINT('Ctrl Pts',(-83.4560689770797,14.3244715425165,13.5713622286128));
#14104=CARTESIAN_POINT('Ctrl Pts',(-82.7211882087936,13.4151397328392,14.3636458568225));
#14105=CARTESIAN_POINT('Ctrl Pts',(-81.9849497225202,12.4259366497328,15.0642085524966));
#14106=CARTESIAN_POINT('Ctrl Pts',(-81.2621379541589,11.3767265217677,15.6589822867818));
#14107=CARTESIAN_POINT('',(-83.4560689770797,14.3244715425162,13.571362228613));
#14108=CARTESIAN_POINT('Origin',(-83.2521752473577,2.5,0.));
#14109=CARTESIAN_POINT('',(-82.4168384925381,11.9247412382066,16.5943092141139));
#14110=CARTESIAN_POINT('Ctrl Pts',(-82.4168394473595,11.9247315440929,16.5942950882644));
#14111=CARTESIAN_POINT('Ctrl Pts',(-82.4168273264955,11.8958900794696,16.5599210332879));
#14112=CARTESIAN_POINT('Ctrl Pts',(-82.4149091000387,11.8695694312776,16.5237815716898));
#14113=CARTESIAN_POINT('Ctrl Pts',(-82.4112152016892,11.8458915186395,16.4861076249087));
#14114=CARTESIAN_POINT('Ctrl Pts',(-82.4098921516466,11.8374107591918,16.4726138813943));
#14115=CARTESIAN_POINT('Ctrl Pts',(-82.4083408766351,11.8292692611939,16.4589232293805));
#14116=CARTESIAN_POINT('Ctrl Pts',(-82.4065659903391,11.8214734641259,16.4450462373974));
#14117=CARTESIAN_POINT('',(-84.0334192462691,14.2170872646623,14.9701941114024));
#14118=CARTESIAN_POINT('Origin',(-84.1182006511421,2.11697777844051,0.32139380484327));
#14119=CARTESIAN_POINT('',(-84.0334149911508,14.2153421850926,14.9681144065558));
#14120=CARTESIAN_POINT('',(-84.0334192462691,14.6031245952204,15.4302554869705));
#14121=CARTESIAN_POINT('Ctrl Pts',(-83.4560689770797,14.3244715425165,13.5713622286128));
#14122=CARTESIAN_POINT('Ctrl Pts',(-83.4569180937356,14.3233775105443,13.5723154380036));
#14123=CARTESIAN_POINT('Ctrl Pts',(-83.4577672100978,14.3222855530517,13.5732710288248));
#14124=CARTESIAN_POINT('Ctrl Pts',(-83.5309686418035,14.2283278144315,13.6558568765604));
#14125=CARTESIAN_POINT('Ctrl Pts',(-83.60328155202,14.1505634003664,13.7547397157814));
#14126=CARTESIAN_POINT('Ctrl Pts',(-83.7408863943024,14.0341592705845,13.9801954217522));
#14127=CARTESIAN_POINT('Ctrl Pts',(-83.8058238268285,13.9963706135825,14.1068575473113));
#14128=CARTESIAN_POINT('Ctrl Pts',(-83.9095025313894,13.9751723094294,14.3558091035911));
#14129=CARTESIAN_POINT('Ctrl Pts',(-83.9499972220922,13.9851957712078,14.4748985021282));
#14130=CARTESIAN_POINT('Ctrl Pts',(-84.0069068792971,14.0472683598594,14.6992173430825));
#14131=CARTESIAN_POINT('Ctrl Pts',(-84.0243990179005,14.0950101514156,14.8021755376094));
#14132=CARTESIAN_POINT('Ctrl Pts',(-84.032429846311,14.1774626699724,14.920828243343));
#14133=CARTESIAN_POINT('Ctrl Pts',(-84.0333199953354,14.1958626063245,14.9448995485767));
#14134=CARTESIAN_POINT('Ctrl Pts',(-84.0334149911508,14.2153421850926,14.9681144065558));
#14135=CARTESIAN_POINT('Origin',(-99.,8.23831681693485,18.1127502083058));
#14136=CARTESIAN_POINT('',(-87.2879354406845,9.00436126005382,17.4699625986193));
#14137=CARTESIAN_POINT('',(-99.,9.00436126005383,17.4699625986193));
#14138=CARTESIAN_POINT('',(-87.8439310229206,7.93630014235933,17.1594475657634));
#14139=CARTESIAN_POINT('',(-99.,7.93630014235933,17.1594475657634));
#14140=CARTESIAN_POINT('Ctrl Pts',(-87.2879354406845,9.00436126005383,17.4699625986193));
#14141=CARTESIAN_POINT('Ctrl Pts',(-87.3143754735921,8.92767730863666,17.3785742240236));
#14142=CARTESIAN_POINT('Ctrl Pts',(-87.3519457777819,8.83723928177012,17.3039301738229));
#14143=CARTESIAN_POINT('Ctrl Pts',(-87.4505788626479,8.62472720343363,17.1810370328301));
#14144=CARTESIAN_POINT('Ctrl Pts',(-87.5135745173947,8.50177278439585,17.1400007867544));
#14145=CARTESIAN_POINT('Ctrl Pts',(-87.6635024133316,8.2293086839293,17.1015946438662));
#14146=CARTESIAN_POINT('Ctrl Pts',(-87.7523464298231,8.08001145191176,17.1145957369483));
#14147=CARTESIAN_POINT('Ctrl Pts',(-87.8421656050097,7.93906751579186,17.1585741443112));
#14148=CARTESIAN_POINT('Ctrl Pts',(-87.8430483100196,7.93768334976798,17.1590093505701));
#14149=CARTESIAN_POINT('Ctrl Pts',(-87.8439310229206,7.93630014235934,17.1594475657634));
#14150=CARTESIAN_POINT('Origin',(-99.,14.9813866282116,14.3253267968693));
#14151=CARTESIAN_POINT('',(-87.8439310229204,14.3244715425165,13.5713622286128));
#14152=CARTESIAN_POINT('',(-99.,14.3244715425162,13.571362228613));
#14153=CARTESIAN_POINT('',(-87.266580753731,14.2153421850926,14.9681144065558));
#14154=CARTESIAN_POINT('',(-99.,14.2153421850926,14.9681144065558));
#14155=CARTESIAN_POINT('Ctrl Pts',(-87.8439310229204,14.3244715425165,13.5713622286128));
#14156=CARTESIAN_POINT('Ctrl Pts',(-87.8430819092148,14.3233775143456,13.5723154346915));
#14157=CARTESIAN_POINT('Ctrl Pts',(-87.8422327958019,14.3222855606392,13.5732710221848));
#14158=CARTESIAN_POINT('Ctrl Pts',(-87.7942479867375,14.2606946312944,13.6274074779183));
#14159=CARTESIAN_POINT('Ctrl Pts',(-87.7471253785371,14.2066002340685,13.6879124144415));
#14160=CARTESIAN_POINT('Ctrl Pts',(-87.6555491315234,14.1143725393781,13.8205976754343));
#14161=CARTESIAN_POINT('Ctrl Pts',(-87.611082521899,14.0760995513387,13.8926502164875));
#14162=CARTESIAN_POINT('Ctrl Pts',(-87.5052337558757,14.0027568286314,14.0852489641301));
#14163=CARTESIAN_POINT('Ctrl Pts',(-87.4470310461302,13.9793920529131,14.2113128137421));
#14164=CARTESIAN_POINT('Ctrl Pts',(-87.3565849423044,13.9833749981232,14.4552849497958));
#14165=CARTESIAN_POINT('Ctrl Pts',(-87.3226468316621,14.0046281069008,14.5704025396099));
#14166=CARTESIAN_POINT('Ctrl Pts',(-87.2782566178439,14.0863406208422,14.784818230721));
#14167=CARTESIAN_POINT('Ctrl Pts',(-87.266937938932,14.1429711411005,14.8818659572142));
#14168=CARTESIAN_POINT('Ctrl Pts',(-87.2665850088074,14.2153421936641,14.9681144167709));
#14169=CARTESIAN_POINT('Ctrl Pts',(-89.1718366420619,11.4868557736319,16.8503195520063));
#14170=CARTESIAN_POINT('Ctrl Pts',(-88.4490248736989,12.5943553531535,16.2225028324821));
#14171=CARTESIAN_POINT('Ctrl Pts',(-87.7127863874237,13.6385141631019,15.4830199870468));
#14172=CARTESIAN_POINT('Ctrl Pts',(-86.977905619136,14.5983644066523,14.6467206017123));
#14173=CARTESIAN_POINT('Ctrl Pts',(-89.1468713134797,11.319085432123,16.5831072523655));
#14174=CARTESIAN_POINT('Ctrl Pts',(-88.4340252392042,12.4160469715215,15.9686420292071));
#14175=CARTESIAN_POINT('Ctrl Pts',(-87.7063432034756,13.4511410434932,15.2431603670383));
#14176=CARTESIAN_POINT('Ctrl Pts',(-86.9802995616262,14.4040291034468,14.4215715059331));
#14177=CARTESIAN_POINT('Ctrl Pts',(-89.3490290349172,11.1379993056067,16.0309161776245));
#14178=CARTESIAN_POINT('Ctrl Pts',(-88.6419553358496,12.211461058812,15.4425743798681));
#14179=CARTESIAN_POINT('Ctrl Pts',(-87.9206174278421,13.2268572143825,14.7450971635149));
#14180=CARTESIAN_POINT('Ctrl Pts',(-87.1993308122607,14.1626419212174,13.9520537635027));
#14181=CARTESIAN_POINT('Ctrl Pts',(-89.8314379914046,11.2747678887213,15.7167803534447));
#14182=CARTESIAN_POINT('Ctrl Pts',(-89.1133151267533,12.3288902511134,15.1283502776797));
#14183=CARTESIAN_POINT('Ctrl Pts',(-88.3815685163068,13.3242753470877,14.4328116018957));
#14184=CARTESIAN_POINT('Ctrl Pts',(-87.6507368267254,14.2403883190929,13.6446223528234));
#14185=CARTESIAN_POINT('Ctrl Pts',(-90.0378620458463,11.3767265217602,15.658982286786));
#14186=CARTESIAN_POINT('Ctrl Pts',(-89.3150502774834,12.4259366497281,15.0642085524999));
#14187=CARTESIAN_POINT('Ctrl Pts',(-88.5788117912082,13.4151397328371,14.3636458568244));
#14188=CARTESIAN_POINT('Ctrl Pts',(-87.8439310229204,14.3244715425165,13.5713622286128));
#14189=CARTESIAN_POINT('',(-90.0378620458387,11.3767265217642,15.6589822867838));
#14190=CARTESIAN_POINT('Origin',(-88.0478247526424,2.5,0.));
#14191=CARTESIAN_POINT('',(-87.266580753731,14.2170872646623,14.9701941114024));
#14192=CARTESIAN_POINT('',(-87.266580753731,14.6031245952204,15.4302554869705));
#14193=CARTESIAN_POINT('',(-88.8831615074619,11.9247412382066,16.5943092141139));
#14194=CARTESIAN_POINT('Origin',(-87.1817993488579,2.11697777844051,0.321393804843271));
#14195=CARTESIAN_POINT('',(-88.8926635568996,11.8209690331473,16.4450341627719));
#14196=CARTESIAN_POINT('Ctrl Pts',(-88.8934341675823,11.8214736426098,16.4450463673557));
#14197=CARTESIAN_POINT('Ctrl Pts',(-88.8885765787615,11.8428089816522,16.4830244486629));
#14198=CARTESIAN_POINT('Ctrl Pts',(-88.8853787846595,11.8667838640815,16.5196998547958));
#14199=CARTESIAN_POINT('Ctrl Pts',(-88.8839743333909,11.8933120870447,16.5548344296715));
#14200=CARTESIAN_POINT('Ctrl Pts',(-88.8834394176763,11.9034159359011,16.5682161942424));
#14201=CARTESIAN_POINT('Ctrl Pts',(-88.8831651087157,11.9138904126629,16.5813743280794));
#14202=CARTESIAN_POINT('Ctrl Pts',(-88.8831605526406,11.9247315440929,16.5942950882644));
#14203=CARTESIAN_POINT('Ctrl Pts',(-90.0378620458463,11.3767265217602,15.658982286786));
#14204=CARTESIAN_POINT('Ctrl Pts',(-90.0361363404343,11.3767265217602,15.658982286786));
#14205=CARTESIAN_POINT('Ctrl Pts',(-90.0344106348144,11.3767281582789,15.6589851903307));
#14206=CARTESIAN_POINT('Ctrl Pts',(-89.8850934053414,11.3770113601066,15.6594876551772));
#14207=CARTESIAN_POINT('Ctrl Pts',(-89.7375298756265,11.3892599577653,15.6812242769371));
#14208=CARTESIAN_POINT('Ctrl Pts',(-89.4621242238131,11.4372920083351,15.7664045135083));
#14209=CARTESIAN_POINT('Ctrl Pts',(-89.3344041006287,11.4725764030835,15.8289626561216));
#14210=CARTESIAN_POINT('Ctrl Pts',(-89.1304536156514,11.5589345002604,15.9819102074129));
#14211=CARTESIAN_POINT('Ctrl Pts',(-89.0508837937186,11.606656239533,16.0663774608123));
#14212=CARTESIAN_POINT('Ctrl Pts',(-88.9388627658569,11.710690363739,16.2503171381064));
#14213=CARTESIAN_POINT('Ctrl Pts',(-88.9046147294928,11.7647723996649,16.3458580803739));
#14214=CARTESIAN_POINT('Ctrl Pts',(-88.8926635568996,11.8209690331473,16.4450341627719));
#14215=CARTESIAN_POINT('Ctrl Pts',(-86.9779056191362,8.62133903849433,17.7913564034626));
#14216=CARTESIAN_POINT('Ctrl Pts',(-87.6840198329892,9.88259781423447,17.3917758670945));
#14217=CARTESIAN_POINT('Ctrl Pts',(-88.4206530783889,11.1019290824762,16.8599917130945));
#14218=CARTESIAN_POINT('Ctrl Pts',(-89.1718366420543,12.252900216755,16.2075319423174));
#14219=CARTESIAN_POINT('Ctrl Pts',(-87.0220950808299,8.52098724589376,17.5526891927393));
#14220=CARTESIAN_POINT('Ctrl Pts',(-87.7213597793157,9.76603840423395,17.1516941626933));
#14221=CARTESIAN_POINT('Ctrl Pts',(-88.4510535247883,10.9689553152419,16.6203141331521));
#14222=CARTESIAN_POINT('Ctrl Pts',(-89.194072558217,12.1034718911429,15.9695334608267));
#14223=CARTESIAN_POINT('Ctrl Pts',(-87.2642404380082,8.27340601366375,17.1991141046716));
#14224=CARTESIAN_POINT('Ctrl Pts',(-87.9602758726813,9.48673842085191,16.7993375264816));
#14225=CARTESIAN_POINT('Ctrl Pts',(-88.6856128063536,10.6573234716508,16.271468345815));
#14226=CARTESIAN_POINT('Ctrl Pts',(-89.4244906256616,11.7593980032372,15.6278528576883));
#14227=CARTESIAN_POINT('Ctrl Pts',(-87.670145115193,8.02471940791775,17.1314353780691));
#14228=CARTESIAN_POINT('Ctrl Pts',(-88.3732569543384,9.22166935882144,16.7454103943699));
#14229=CARTESIAN_POINT('Ctrl Pts',(-89.1064875749485,10.3778191604547,16.2336620201346));
#14230=CARTESIAN_POINT('Ctrl Pts',(-89.8540059450293,11.4675382092155,15.607503174047));
#14231=CARTESIAN_POINT('Ctrl Pts',(-87.8439310229206,7.93630014235933,17.1594475657634));
#14232=CARTESIAN_POINT('Ctrl Pts',(-88.5500452367737,9.13117687727103,16.780897583941));
#14233=CARTESIAN_POINT('Ctrl Pts',(-89.2866784821733,10.2863328156053,16.2771020696253));
#14234=CARTESIAN_POINT('Ctrl Pts',(-90.0378620458387,11.3767265217642,15.6589822867838));
#14235=CARTESIAN_POINT('',(-87.266580753731,9.13167700010405,17.6216915892179));
#14236=CARTESIAN_POINT('Origin',(-91.1618739352555,2.88302222155949,-0.32139380484327));
#14237=CARTESIAN_POINT('Ctrl Pts',(-87.2884074107883,9.0042086039805,17.4703123164738));
#14238=CARTESIAN_POINT('Ctrl Pts',(-87.2785805274865,9.03230950221677,17.5036306432709));
#14239=CARTESIAN_POINT('Ctrl Pts',(-87.2720864314582,9.0608839816972,17.5375001983746));
#14240=CARTESIAN_POINT('Ctrl Pts',(-87.2688956441102,9.08969600957887,17.5717316045532));
#14241=CARTESIAN_POINT('Ctrl Pts',(-87.2673513516519,9.1036405920647,17.5882990835596));
#14242=CARTESIAN_POINT('Ctrl Pts',(-87.2665812203063,9.11764074834184,17.6049520293776));
#14243=CARTESIAN_POINT('Ctrl Pts',(-87.2665843046608,9.13166902598749,17.6216725177263));
#14244=CARTESIAN_POINT('Origin',(-92.02789933904,2.5,0.));
#14245=CARTESIAN_POINT('Origin',(-84.0334192462691,14.6031245952204,15.4302554869705));
#14246=CARTESIAN_POINT('',(-82.4168384925381,14.000890417735,19.0685674575784));
#14247=CARTESIAN_POINT('',(-82.4168384925381,12.4582001544873,17.2300607940928));
#14248=CARTESIAN_POINT('',(-84.0334192462691,16.1458148584681,17.2687621504561));
#14249=CARTESIAN_POINT('',(-84.0334192462691,16.1458148584681,17.2687621504561));
#14250=CARTESIAN_POINT('',(-84.0334192462691,14.6031245952204,15.4302554869705));
#14251=CARTESIAN_POINT('Origin',(-87.266580753731,14.6031245952204,15.4302554869705));
#14252=CARTESIAN_POINT('',(-87.266580753731,16.1458148584681,17.2687621504561));
#14253=CARTESIAN_POINT('',(-87.266580753731,16.1458148584681,17.2687621504561));
#14254=CARTESIAN_POINT('',(-87.266580753731,14.6031245952204,15.4302554869705));
#14255=CARTESIAN_POINT('Origin',(-88.8831615074619,12.4582001544873,17.2300607940928));
#14256=CARTESIAN_POINT('',(-88.8831615074619,14.000890417735,19.0685674575784));
#14257=CARTESIAN_POINT('',(-88.8831615074619,14.000890417735,19.0685674575784));
#14258=CARTESIAN_POINT('',(-88.8831615074619,12.4582001544873,17.2300607940928));
#14259=CARTESIAN_POINT('Origin',(-99.,2.5,0.));
#14260=CARTESIAN_POINT('',(-99.,20.1,3.77359245282263));
#14261=CARTESIAN_POINT('',(-99.,2.5,18.));
#14262=CARTESIAN_POINT('Origin',(-87.775,18.1591322988042,18.1902028074918));
#14263=CARTESIAN_POINT('',(-89.9,18.5421545203637,17.8688090026486));
#14264=CARTESIAN_POINT('Origin',(-89.9,18.1591322988042,18.1902028074918));
#14265=CARTESIAN_POINT('',(-85.65,18.5421545203637,17.8688090026486));
#14266=CARTESIAN_POINT('Origin',(-85.65,18.1591322988042,18.1902028074918));
#14267=CARTESIAN_POINT('',(-87.775,18.5421545203637,17.8688090026486));
#14268=CARTESIAN_POINT('Origin',(-85.65,15.2864656371081,20.6006563438163));
#14269=CARTESIAN_POINT('',(-85.65,12.0307767538524,23.3325036849841));
#14270=CARTESIAN_POINT('Origin',(-85.65,12.4137989754119,23.0111098801409));
#14271=CARTESIAN_POINT('Origin',(-85.65,15.2864656371081,20.6006563438163));
#14272=CARTESIAN_POINT('Origin',(-85.65,12.4137989754119,23.0111098801409));
#14273=CARTESIAN_POINT('',(-89.9,12.0307767538524,23.3325036849841));
#14274=CARTESIAN_POINT('Origin',(-89.9,12.4137989754119,23.0111098801409));
#14275=CARTESIAN_POINT('',(-85.65,12.0307767538524,23.3325036849841));
#14276=CARTESIAN_POINT('Origin',(-85.65,9.20251127123164,19.9619081352606));
#14277=CARTESIAN_POINT('',(-89.9,9.0103607780442,19.7329120946858));
#14278=CARTESIAN_POINT('',(-89.9,9.20251127123164,19.9619081352606));
#14279=CARTESIAN_POINT('',(-85.65,9.0103607780442,19.7329120946858));
#14280=CARTESIAN_POINT('',(-99.,9.0103607780442,19.7329120946858));
#14281=CARTESIAN_POINT('',(-85.65,9.20251127123164,19.9619081352606));
#14282=CARTESIAN_POINT('Origin',(-85.65,12.4582001544873,17.2300607940928));
#14283=CARTESIAN_POINT('',(-85.65,16.8820507710268,15.8903743952972));
#14284=CARTESIAN_POINT('Ctrl Pts',(-85.65,9.01036077804419,19.7329120946857));
#14285=CARTESIAN_POINT('Ctrl Pts',(-85.0061064914352,9.01036077804419,19.7329120946857));
#14286=CARTESIAN_POINT('Ctrl Pts',(-83.080400887128,9.587798995648,19.7184704594026));
#14287=CARTESIAN_POINT('Ctrl Pts',(-81.3981854726224,12.0035433974881,19.3436845167576));
#14288=CARTESIAN_POINT('Ctrl Pts',(-81.3463940750017,14.4105051594519,18.1483335431813));
#14289=CARTESIAN_POINT('Ctrl Pts',(-82.1806232781355,15.8401305492285,17.0500989269619));
#14290=CARTESIAN_POINT('Ctrl Pts',(-83.719914256372,16.6946269104188,16.1306671664358));
#14291=CARTESIAN_POINT('Ctrl Pts',(-85.0061064914343,16.8820507710268,15.8903743952972));
#14292=CARTESIAN_POINT('Ctrl Pts',(-85.65,16.8820507710268,15.8903743952972));
#14293=CARTESIAN_POINT('',(-85.65,15.7138890377429,14.498213452925));
#14294=CARTESIAN_POINT('Origin',(-89.9,9.20251127123164,19.9619081352606));
#14295=CARTESIAN_POINT('',(-89.9,16.8820507710268,15.8903743952972));
#14296=CARTESIAN_POINT('',(-89.9,15.7138890377429,14.498213452925));
#14297=CARTESIAN_POINT('Origin',(-89.9,18.4141396572648,14.6047991759241));
#14298=CARTESIAN_POINT('',(-89.9,15.912209057553,13.2222070015149));
#14299=CARTESIAN_POINT('',(-89.9,16.1012648401056,13.2222070015149));
#14300=CARTESIAN_POINT('',(-89.9,15.3439632489061,13.6990218499686));
#14301=CARTESIAN_POINT('Origin',(-89.9,7.47827189180624,21.0184873140588));
#14302=CARTESIAN_POINT('Origin',(-89.9,15.713889037743,14.498213452925));
#14303=CARTESIAN_POINT('',(-99.,16.8820507710268,15.8903743952972));
#14304=CARTESIAN_POINT('Origin',(-99.,7.47827189180624,21.0184873140588));
#14305=CARTESIAN_POINT('Origin',(-85.65,7.47827189180624,21.0184873140588));
#14306=CARTESIAN_POINT('Ctrl Pts',(-85.65,7.01732079071307,19.0723310812756));
#14307=CARTESIAN_POINT('Ctrl Pts',(-84.7030977815218,7.01732079071307,19.0723310812756));
#14308=CARTESIAN_POINT('Ctrl Pts',(-81.8711777751882,7.68902516796679,18.9352642128517));
#14309=CARTESIAN_POINT('Ctrl Pts',(-79.3973315773856,10.5652375924309,18.0211122876284));
#14310=CARTESIAN_POINT('Ctrl Pts',(-79.3211677573554,13.6038150623069,16.2194459775023));
#14311=CARTESIAN_POINT('Ctrl Pts',(-80.547975409023,15.4902264789941,14.7285368633657));
#14312=CARTESIAN_POINT('Ctrl Pts',(-82.8116386123114,16.6730482949325,13.5523503143921));
#14313=CARTESIAN_POINT('Ctrl Pts',(-84.7030977815218,16.940608207518,13.2525029559311));
#14314=CARTESIAN_POINT('Ctrl Pts',(-85.65,16.940608207518,13.2525029559311));
#14315=CARTESIAN_POINT('Ctrl Pts',(-85.65,7.42702596711283,18.9752915687207));
#14316=CARTESIAN_POINT('Ctrl Pts',(-84.7745633429688,7.42702596711283,18.9752915687207));
#14317=CARTESIAN_POINT('Ctrl Pts',(-82.149342969734,8.08232431840866,18.8291271195622));
#14318=CARTESIAN_POINT('Ctrl Pts',(-79.9634703390971,10.7832530253169,17.8945886325468));
#14319=CARTESIAN_POINT('Ctrl Pts',(-79.9471528418752,13.4880081655906,16.2794457766796));
#14320=CARTESIAN_POINT('Ctrl Pts',(-81.0320643279536,15.1944213075997,14.9786028342394));
#14321=CARTESIAN_POINT('Ctrl Pts',(-83.063500477874,16.3102060477869,13.9298125585237));
#14322=CARTESIAN_POINT('Ctrl Pts',(-84.7872206234487,16.5695243179972,13.6568550302911));
#14323=CARTESIAN_POINT('Ctrl Pts',(-85.65,16.5695243179972,13.6568550302911));
#14324=CARTESIAN_POINT('Ctrl Pts',(-85.65,8.19762460874526,19.0402116135001));
#14325=CARTESIAN_POINT('Ctrl Pts',(-84.8990549195468,8.19762460874526,19.0402116135001));
#14326=CARTESIAN_POINT('Ctrl Pts',(-82.6368349851411,8.83306828460323,18.9129422782316));
#14327=CARTESIAN_POINT('Ctrl Pts',(-80.9437138370383,11.3334435456393,18.1055757207065));
#14328=CARTESIAN_POINT('Ctrl Pts',(-81.0242460119325,13.5920545723391,16.8291357244509));
#14329=CARTESIAN_POINT('Ctrl Pts',(-81.8672103591942,15.0201148352085,15.7869640923895));
#14330=CARTESIAN_POINT('Ctrl Pts',(-83.5007209758274,15.9989787742052,14.8852056404794));
#14331=CARTESIAN_POINT('Ctrl Pts',(-84.9324986059282,16.2331829977703,14.6419320080226));
#14332=CARTESIAN_POINT('Ctrl Pts',(-85.65,16.2331829977703,14.6419320080226));
#14333=CARTESIAN_POINT('Ctrl Pts',(-85.65,8.80738112519465,19.4910103641788));
#14334=CARTESIAN_POINT('Ctrl Pts',(-84.9821269742336,8.80738112519465,19.4910103641788));
#14335=CARTESIAN_POINT('Ctrl Pts',(-82.9773150306901,9.40697226504281,19.4386544020311));
#14336=CARTESIAN_POINT('Ctrl Pts',(-81.3600252030931,11.8400881268003,18.9414267475306));
#14337=CARTESIAN_POINT('Ctrl Pts',(-81.3687334482082,14.1465722302259,17.7691053956111));
#14338=CARTESIAN_POINT('Ctrl Pts',(-82.1749484347427,15.5398183629156,16.7176576761264));
#14339=CARTESIAN_POINT('Ctrl Pts',(-83.6961237008123,16.4172567174366,15.8152495871662));
#14340=CARTESIAN_POINT('Ctrl Pts',(-84.9981085727452,16.6174695467228,15.5750587706999));
#14341=CARTESIAN_POINT('Ctrl Pts',(-85.65,16.6174695467228,15.5750587706999));
#14342=CARTESIAN_POINT('Ctrl Pts',(-85.65,9.01036077804419,19.7329120946857));
#14343=CARTESIAN_POINT('Ctrl Pts',(-85.0061064914352,9.01036077804419,19.7329120946857));
#14344=CARTESIAN_POINT('Ctrl Pts',(-83.080400887128,9.587798995648,19.7184704594026));
#14345=CARTESIAN_POINT('Ctrl Pts',(-81.3981854726224,12.0035433974881,19.3436845167576));
#14346=CARTESIAN_POINT('Ctrl Pts',(-81.3463940750017,14.4105051594519,18.1483335431813));
#14347=CARTESIAN_POINT('Ctrl Pts',(-82.1806232781355,15.8401305492285,17.0500989269619));
#14348=CARTESIAN_POINT('Ctrl Pts',(-83.719914256372,16.6946269104188,16.1306671664358));
#14349=CARTESIAN_POINT('Ctrl Pts',(-85.0061064914343,16.8820507710268,15.8903743952972));
#14350=CARTESIAN_POINT('Ctrl Pts',(-85.65,16.8820507710268,15.8903743952972));
#14351=CARTESIAN_POINT('Origin',(-85.65,18.4141396572648,14.6047991759241));
#14352=CARTESIAN_POINT('Origin',(-99.,18.4141396572648,14.6047991759241));
#14353=CARTESIAN_POINT('Origin',(-97.4,15.912209057553,13.2222070015149));
#14354=CARTESIAN_POINT('',(-97.4,15.912209057553,13.2222070015149));
#14355=CARTESIAN_POINT('',(-97.4,15.912209057553,13.2222070015149));
#14356=CARTESIAN_POINT('',(-97.4,13.5,15.2462907320301));
#14357=CARTESIAN_POINT('Origin',(-97.4,16.9683531201409,13.2222070015149));
#14358=CARTESIAN_POINT('',(-97.4,15.912209057553,13.2222070015149));
#14359=CARTESIAN_POINT('Origin',(-82.4168384925381,12.4582001544873,17.2300607940928));
#14360=CARTESIAN_POINT('',(-84.0334192462691,11.8559659770019,20.8683727647007));
#14361=CARTESIAN_POINT('',(-84.0334192462691,10.3132757137542,19.0298661012152));
#14362=CARTESIAN_POINT('',(-82.4168384925381,14.000890417735,19.0685674575784));
#14363=CARTESIAN_POINT('Origin',(-84.0334192462691,10.3132757137542,19.0298661012152));
#14364=CARTESIAN_POINT('',(-87.266580753731,11.8559659770019,20.8683727647007));
#14365=CARTESIAN_POINT('',(-87.266580753731,10.3132757137542,19.0298661012152));
#14366=CARTESIAN_POINT('',(-84.0334192462691,11.8559659770019,20.8683727647007));
#14367=CARTESIAN_POINT('Origin',(-87.266580753731,10.3132757137542,19.0298661012152));
#14368=CARTESIAN_POINT('',(-87.266580753731,11.8559659770019,20.8683727647007));
#14369=CARTESIAN_POINT('Origin',(-85.65,14.000890417735,19.0685674575784));
#14370=CARTESIAN_POINT('Origin',(-95.5,-6.375,29.6));
#14371=CARTESIAN_POINT('',(-95.5,-11.,30.6));
#14372=CARTESIAN_POINT('Origin',(-95.5,-11.,29.6));
#14373=CARTESIAN_POINT('',(-95.5,-6.375,30.6));
#14374=CARTESIAN_POINT('Origin',(-87.4284271247462,-13.,28.6));
#14375=CARTESIAN_POINT('',(-87.4284271247462,-11.,30.6));
#14376=CARTESIAN_POINT('',(-87.4284271247462,-13.,30.6));
#14377=CARTESIAN_POINT('',(-86.0142135623731,-11.,30.0142135623731));
#14378=CARTESIAN_POINT('Origin',(-87.4284271247462,-11.,28.6));
#14379=CARTESIAN_POINT('',(-86.0142135623731,-13.,30.0142135623731));
#14380=CARTESIAN_POINT('Origin',(-86.6,-13.,30.6));
#14381=CARTESIAN_POINT('',(-82.5857864376269,-11.,26.5857864376269));
#14382=CARTESIAN_POINT('',(-75.6,-11.,19.6));
#14383=CARTESIAN_POINT('',(-82.5857864376269,-13.,26.5857864376269));
#14384=CARTESIAN_POINT('Origin',(-84.,-13.,25.1715728752538));
#14385=CARTESIAN_POINT('Origin',(-84.,-11.,25.1715728752538));
#14386=CARTESIAN_POINT('Origin',(-96.5,-13.,30.6));
#14387=CARTESIAN_POINT('',(-86.6,-11.,30.6));
#14388=CARTESIAN_POINT('Origin',(-96.5,3.10000000000002,21.1));
#14389=CARTESIAN_POINT('Origin',(-94.,-0.649999999999992,20.35));
#14390=CARTESIAN_POINT('Origin',(-96.5,0.25,27.1111035007575));
#14391=CARTESIAN_POINT('Origin',(-96.5,1.20000000002408,26.3000000000241));
#14392=CARTESIAN_POINT('',(-96.5,1.20000000002408,26.3000000000241));
#14393=CARTESIAN_POINT('Origin',(-96.5,1.20000000002408,21.8999999999759));
#14394=CARTESIAN_POINT('Origin',(-52.6,-5.45,17.125));
#14395=CARTESIAN_POINT('',(-52.85,-5.2,18.9));
#14396=CARTESIAN_POINT('',(-52.85,-5.2,16.3));
#14397=CARTESIAN_POINT('',(-52.85,-5.2,17.125));
#14398=CARTESIAN_POINT('',(-52.35,-5.7,18.4));
#14399=CARTESIAN_POINT('',(-52.85,-5.2,18.9));
#14400=CARTESIAN_POINT('',(-52.35,-5.7,16.3));
#14401=CARTESIAN_POINT('',(-52.35,-5.7,17.125));
#14402=CARTESIAN_POINT('',(-52.95,-5.1,16.3));
#14403=CARTESIAN_POINT('Origin',(-52.35,-12.,16.3));
#14404=CARTESIAN_POINT('',(-52.35,-12.,18.4));
#14405=CARTESIAN_POINT('',(-52.35,-12.,18.4));
#14406=CARTESIAN_POINT('',(-52.35,-12.,16.3));
#14407=CARTESIAN_POINT('',(-52.35,-12.,22.0800478793034));
#14408=CARTESIAN_POINT('',(-52.35,-9.25,16.3));
#14409=CARTESIAN_POINT('Origin',(-74.25,-12.,27.8600957586067));
#14410=CARTESIAN_POINT('',(-49.5,-12.,16.3));
#14411=CARTESIAN_POINT('',(-50.55,-12.,17.35));
#14412=CARTESIAN_POINT('Origin',(-49.5,-12.,17.35));
#14413=CARTESIAN_POINT('',(-64.65,-12.,16.3));
#14414=CARTESIAN_POINT('',(-49.5,-12.,18.4));
#14415=CARTESIAN_POINT('',(-63.3,-12.,18.4));
#14416=CARTESIAN_POINT('Origin',(-49.5,-12.,17.35));
#14417=CARTESIAN_POINT('Origin',(-74.25,-12.,27.8600957586067));
#14418=CARTESIAN_POINT('',(-99.,-12.,15.2888848514207));
#14419=CARTESIAN_POINT('Origin',(-97.2,-2.99999999999999,38.));
#14420=CARTESIAN_POINT('',(-97.2,-13.,38.5));
#14421=CARTESIAN_POINT('',(-97.2,-2.99999999999999,38.5));
#14422=CARTESIAN_POINT('',(-97.2,-13.,27.2751132922758));
#14423=CARTESIAN_POINT('',(-97.2,-9.675,45.));
#14424=CARTESIAN_POINT('Origin',(-97.2,-8.,45.));
#14425=CARTESIAN_POINT('Origin',(-99.,-2.5,0.));
#14426=CARTESIAN_POINT('',(-99.,-2.5,18.));
#14427=CARTESIAN_POINT('Origin',(-61.5825756949559,-11.,10.7201915172134));
#14428=CARTESIAN_POINT('',(-63.4712472794703,-13.,10.7201915172134));
#14429=CARTESIAN_POINT('',(-59.4994949366117,-13.,10.7201915172134));
#14430=CARTESIAN_POINT('',(-73.,-13.,10.7201915172134));
#14431=CARTESIAN_POINT('',(-63.9564627029003,-12.6206896551724,10.7201915172134));
#14432=CARTESIAN_POINT('Origin',(-63.4712472794703,-12.5,10.7201915172134));
#14433=CARTESIAN_POINT('',(-64.361685761181,-10.0714285714286,10.7201915172134));
#14434=CARTESIAN_POINT('Origin',(-49.4,-9.,10.7201915172134));
#14435=CARTESIAN_POINT('',(-63.364240043769,-9.,10.7201915172134));
#14436=CARTESIAN_POINT('Origin',(-63.364240043769,-10.,10.7201915172134));
#14437=CARTESIAN_POINT('',(-60.5544511501033,-9.,10.7201915172134));
#14438=CARTESIAN_POINT('',(-59.5,-9.,10.7201915172134));
#14439=CARTESIAN_POINT('',(-59.5585919546394,-9.90909090909091,10.7201915172134));
#14440=CARTESIAN_POINT('Origin',(-60.5544511501033,-10.,10.7201915172134));
#14441=CARTESIAN_POINT('',(-59.0280904158207,-12.3333333333333,10.7201915172134));
#14442=CARTESIAN_POINT('Origin',(-49.6,-9.,10.7201915172134));
#14443=CARTESIAN_POINT('Origin',(-59.4994949366117,-12.5,10.7201915172134));
#14444=CARTESIAN_POINT('Origin',(-59.4994949366117,-12.5,14.1201915172134));
#14445=CARTESIAN_POINT('',(-59.0280904158207,-12.3333333333333,14.1201915172134));
#14446=CARTESIAN_POINT('Origin',(-59.4994949366117,-12.5,14.1201915172134));
#14447=CARTESIAN_POINT('',(-58.5566858950296,-12.1666666666667,14.6201915172134));
#14448=CARTESIAN_POINT('Origin',(-58.5566858950296,-12.1666666666667,14.1201915172134));
#14449=CARTESIAN_POINT('Origin',(-59.4994949366117,-12.5,14.6201915172134));
#14450=CARTESIAN_POINT('Origin',(-49.6,-9.,14.1201915172134));
#14451=CARTESIAN_POINT('',(-59.0606623569074,-9.86363636363636,14.6201915172134));
#14452=CARTESIAN_POINT('',(-59.5585919546394,-9.90909090909091,14.1201915172134));
#14453=CARTESIAN_POINT('Origin',(-59.0606623569074,-9.86363636363636,14.1201915172134));
#14454=CARTESIAN_POINT('Origin',(-49.6,-9.,14.6201915172134));
#14455=CARTESIAN_POINT('Origin',(-49.6,-9.,14.1201915172134));
#14456=CARTESIAN_POINT('Origin',(-60.5544511501033,-10.,14.1201915172134));
#14457=CARTESIAN_POINT('',(-60.5544511501033,-8.5,14.6201915172134));
#14458=CARTESIAN_POINT('',(-60.5544511501033,-9.,14.1201915172134));
#14459=CARTESIAN_POINT('Origin',(-60.5544511501033,-8.5,14.1201915172134));
#14460=CARTESIAN_POINT('Origin',(-60.5544511501033,-10.,14.6201915172134));
#14461=CARTESIAN_POINT('Origin',(-60.5544511501033,-10.,14.1201915172134));
#14462=CARTESIAN_POINT('Origin',(-66.25,-8.5,14.1201915172134));
#14463=CARTESIAN_POINT('',(-63.364240043769,-8.5,14.6201915172134));
#14464=CARTESIAN_POINT('',(-63.364240043769,-9.,14.1201915172134));
#14465=CARTESIAN_POINT('Origin',(-63.364240043769,-8.5,14.1201915172134));
#14466=CARTESIAN_POINT('',(-66.25,-8.5,14.6201915172134));
#14467=CARTESIAN_POINT('',(-66.25,-9.,14.1201915172134));
#14468=CARTESIAN_POINT('Origin',(-63.364240043769,-10.,14.1201915172134));
#14469=CARTESIAN_POINT('',(-64.8604086198871,-10.1071428571429,14.6201915172134));
#14470=CARTESIAN_POINT('',(-64.361685761181,-10.0714285714286,14.1201915172134));
#14471=CARTESIAN_POINT('Origin',(-64.8604086198871,-10.1071428571429,14.1201915172134));
#14472=CARTESIAN_POINT('Origin',(-63.364240043769,-10.,14.6201915172134));
#14473=CARTESIAN_POINT('Origin',(-63.364240043769,-10.,14.1201915172134));
#14474=CARTESIAN_POINT('Origin',(-49.4,-9.,14.1201915172134));
#14475=CARTESIAN_POINT('Origin',(-49.4,-9.,14.6201915172134));
#14476=CARTESIAN_POINT('Origin',(-49.4,-9.,14.1201915172134));
#14477=CARTESIAN_POINT('Origin',(-63.4712472794703,-12.5,14.6201915172134));
#14478=CARTESIAN_POINT('',(-63.9564627029003,-12.6206896551724,14.6201915172134));
#14479=CARTESIAN_POINT('',(-63.4712472794703,-13.,14.6201915172134));
#14480=CARTESIAN_POINT('Origin',(-59.4994949366117,-12.5,14.6201915172134));
#14481=CARTESIAN_POINT('',(-59.4994949366117,-13.,14.6201915172134));
#14482=CARTESIAN_POINT('',(-59.0280904158207,-12.3333333333333,14.6201915172134));
#14483=CARTESIAN_POINT('Origin',(-63.364240043769,-10.,14.6201915172134));
#14484=CARTESIAN_POINT('',(-63.364240043769,-9.,14.6201915172134));
#14485=CARTESIAN_POINT('',(-64.361685761181,-10.0714285714286,14.6201915172134));
#14486=CARTESIAN_POINT('Origin',(-59.5,-9.,14.6201915172134));
#14487=CARTESIAN_POINT('',(-60.5544511501033,-9.,14.6201915172134));
#14488=CARTESIAN_POINT('Origin',(-60.5544511501033,-10.,14.6201915172134));
#14489=CARTESIAN_POINT('',(-59.5585919546394,-9.90909090909091,14.6201915172134));
#14490=CARTESIAN_POINT('Origin',(-49.6,-9.,14.6201915172134));
#14491=CARTESIAN_POINT('Origin',(-49.4,-9.,14.6201915172134));
#14492=CARTESIAN_POINT('Origin',(-92.5,-4.00484668629601,45.));
#14493=CARTESIAN_POINT('',(-94.5,-8.00000000000001,48.995153313704));
#14494=CARTESIAN_POINT('',(-92.5,-8.00000000000001,48.995153313704));
#14495=CARTESIAN_POINT('',(-94.5,-4.00484668629601,45.));
#14496=CARTESIAN_POINT('',(-94.5,-8.00000000000001,48.995153313704));
#14497=CARTESIAN_POINT('',(-92.5,-4.00484668629601,45.));
#14498=CARTESIAN_POINT('Origin',(-92.5,-8.,41.004846686296));
#14499=CARTESIAN_POINT('',(-94.5,-8.,41.004846686296));
#14500=CARTESIAN_POINT('',(-94.5,-4.00484668629601,45.));
#14501=CARTESIAN_POINT('',(-92.5,-8.,41.004846686296));
#14502=CARTESIAN_POINT('Origin',(-92.5,-11.995153313704,45.));
#14503=CARTESIAN_POINT('',(-94.5,-11.995153313704,45.));
#14504=CARTESIAN_POINT('',(-94.5,-8.,41.004846686296));
#14505=CARTESIAN_POINT('',(-92.5,-11.995153313704,45.));
#14506=CARTESIAN_POINT('Origin',(-92.5,-8.00000000000001,48.995153313704));
#14507=CARTESIAN_POINT('',(-94.5,-11.995153313704,45.));
#14508=CARTESIAN_POINT('Origin',(-94.5,-8.,45.));
#14509=CARTESIAN_POINT('',(-94.5,-9.675,45.));
#14510=CARTESIAN_POINT('Origin',(-94.5,-8.,45.));
#14511=CARTESIAN_POINT('Origin',(-96.95,-2.99999999999999,38.25));
#14512=CARTESIAN_POINT('',(-96.7,-13.,38.));
#14513=CARTESIAN_POINT('',(-92.0375566461379,-13.,33.3375566461379));
#14514=CARTESIAN_POINT('',(-96.7,-2.99999999999999,38.));
#14515=CARTESIAN_POINT('Origin',(-95.4,-2.99999999999999,38.));
#14516=CARTESIAN_POINT('',(-95.9,-13.,38.));
#14517=CARTESIAN_POINT('',(-97.1999999999999,-13.,38.));
#14518=CARTESIAN_POINT('',(-95.9,-2.99999999999999,38.));
#14519=CARTESIAN_POINT('',(-95.9,-2.99999999999999,38.));
#14520=CARTESIAN_POINT('',(-97.2000000000001,-2.99999999999999,38.));
#14521=CARTESIAN_POINT('Origin',(-95.65,-2.99999999999999,38.25));
#14522=CARTESIAN_POINT('',(-95.4,-13.,38.5));
#14523=CARTESIAN_POINT('',(-101.912443353862,-13.,31.9875566461379));
#14524=CARTESIAN_POINT('',(-95.4,-2.99999999999999,38.5));
#14525=CARTESIAN_POINT('',(-95.4,-2.99999999999999,38.5));
#14526=CARTESIAN_POINT('',(-94.8,-2.99999999999999,39.1));
#14527=CARTESIAN_POINT('Origin',(-95.4,-2.99999999999996,50.));
#14528=CARTESIAN_POINT('',(-95.4,-13.,45.));
#14529=CARTESIAN_POINT('',(-95.4,-13.,33.2751132922758));
#14530=CARTESIAN_POINT('',(-95.4,-3.,45.));
#14531=CARTESIAN_POINT('Origin',(-95.4,-8.,45.));
#14532=CARTESIAN_POINT('',(-95.4,-2.99999999999996,47.5));
#14533=CARTESIAN_POINT('',(-95.4,-9.675,45.));
#14534=CARTESIAN_POINT('Origin',(-95.4,-8.,45.));
#14535=CARTESIAN_POINT('Origin',(-99.,-8.,45.));
#14536=CARTESIAN_POINT('',(-99.,-3.,45.));
#14537=CARTESIAN_POINT('',(-99.,-13.,45.));
#14538=CARTESIAN_POINT('Origin',(-99.,-2.99999999999997,45.));
#14539=CARTESIAN_POINT('Origin',(-35.7297008485203,-8.,45.));
#14540=CARTESIAN_POINT('',(-97.425,-9.675,45.));
#14541=CARTESIAN_POINT('Origin',(-97.425,-8.,45.));
#14542=CARTESIAN_POINT('',(-35.7297008485203,-9.675,45.));
#14543=CARTESIAN_POINT('Origin',(-98.2125,-8.,45.));
#14544=CARTESIAN_POINT('',(-98.2125,-10.4625,45.));
#14545=CARTESIAN_POINT('Origin',(-35.7297008485203,-8.,45.));
#14546=CARTESIAN_POINT('',(-35.7297008485203,-9.675,45.));
#14547=CARTESIAN_POINT('Origin',(-99.,2.5,18.));
#14548=CARTESIAN_POINT('Origin',(-99.,20.5,7.75628777186613));
#14549=CARTESIAN_POINT('',(-97.4,20.5,3.77359245282263));
#14550=CARTESIAN_POINT('',(-99.,20.5,3.77359245282263));
#14551=CARTESIAN_POINT('',(-97.4,20.5,9.71858582251266));
#14552=CARTESIAN_POINT('Origin',(-99.,21.5,3.77359245282263));
#14553=CARTESIAN_POINT('',(-97.4,21.5,3.77359245282263));
#14554=CARTESIAN_POINT('',(-99.,21.5,3.77359245282263));
#14555=CARTESIAN_POINT('',(-97.4,20.5,3.77359245282263));
#14556=CARTESIAN_POINT('Origin',(-99.,21.5,11.1327993848858));
#14557=CARTESIAN_POINT('',(-97.4,21.5,11.1327993848858));
#14558=CARTESIAN_POINT('',(-99.,21.5,11.1327993848858));
#14559=CARTESIAN_POINT('',(-97.4,21.5,3.77359245282263));
#14560=CARTESIAN_POINT('Origin',(-99.,20.5,11.1327993848858));
#14561=CARTESIAN_POINT('',(-97.4,20.5,11.1327993848858));
#14562=CARTESIAN_POINT('',(-99.,20.5,11.1327993848858));
#14563=CARTESIAN_POINT('',(-97.4,21.5,11.1327993848858));
#14564=CARTESIAN_POINT('Origin',(-99.,13.5,18.1327993848858));
#14565=CARTESIAN_POINT('',(-97.4,20.5,11.1327993848858));
#14566=CARTESIAN_POINT('Origin',(-97.4,17.,13.9256926036992));
#14567=CARTESIAN_POINT('Origin',(-26.75,20.25,7.70454411370328));
#14568=CARTESIAN_POINT('',(-26.75,20.4793281653747,7.80408602731702));
#14569=CARTESIAN_POINT('',(-27.,20.25,7.70454411370329));
#14570=CARTESIAN_POINT('Origin',(-26.75,20.25,7.70454411370329));
#14571=CARTESIAN_POINT('',(-26.75,20.5,7.70454411370328));
#14572=CARTESIAN_POINT('Origin',(-26.75,20.25,7.70454411370328));
#14573=CARTESIAN_POINT('Origin',(-26.75,20.25,7.70454411370329));
#14574=CARTESIAN_POINT('Origin',(0.,20.25,7.70454411370328));
#14575=CARTESIAN_POINT('',(-1.6,20.4793281653747,7.80408602731702));
#14576=CARTESIAN_POINT('',(-1.6,20.5,7.70454411370328));
#14577=CARTESIAN_POINT('Origin',(-1.6,20.25,7.70454411370328));
#14578=CARTESIAN_POINT('',(0.,20.5,7.70454411370328));
#14579=CARTESIAN_POINT('',(0.,20.4793281653747,7.80408602731702));
#14580=CARTESIAN_POINT('Origin',(-37.75,-4.25,14.8701915172134));
#14581=CARTESIAN_POINT('',(-39.7213203435596,-4.,14.8701915172134));
#14582=CARTESIAN_POINT('',(-37.75,-4.,14.8701915172134));
#14583=CARTESIAN_POINT('',(-39.7213203435596,-4.25,14.6201915172134));
#14584=CARTESIAN_POINT('Origin',(-39.7213203435596,-4.25,14.8701915172134));
#14585=CARTESIAN_POINT('',(-37.75,-4.25,14.6201915172134));
#14586=CARTESIAN_POINT('Origin',(-39.7213203435596,-2.5,14.8701915172134));
#14587=CARTESIAN_POINT('',(-38.6606601717798,-3.56066017177982,14.8701915172134));
#14588=CARTESIAN_POINT('',(-38.4838834764832,-3.73743686707646,14.6201915172134));
#14589=CARTESIAN_POINT('Origin',(-38.4838834764832,-3.73743686707646,14.8701915172134));
#14590=CARTESIAN_POINT('Origin',(-39.7213203435596,-2.5,14.6201915172134));
#14591=CARTESIAN_POINT('Origin',(-39.7213203435596,-2.5,14.8701915172134));
#14592=CARTESIAN_POINT('Origin',(-32.5848730708011,2.16157353860567,14.8701915172134));
#14593=CARTESIAN_POINT('',(-35.4483763982255,-0.348376398225466,14.8701915172134));
#14594=CARTESIAN_POINT('',(-35.2715997029288,-0.5251530935221,14.6201915172134));
#14595=CARTESIAN_POINT('Origin',(-35.2715997029288,-0.5251530935221,14.8701915172134));
#14596=CARTESIAN_POINT('',(-32.5848730708011,2.16157353860567,14.6201915172134));
#14597=CARTESIAN_POINT('',(-32.7616497660977,2.3383502339023,14.8701915172134));
#14598=CARTESIAN_POINT('Origin',(-34.3877162264456,-1.40903657000529,14.8701915172135));
#14599=CARTESIAN_POINT('',(-34.7545951448396,0.0454048551604415,14.8701915172135));
#14600=CARTESIAN_POINT('',(-34.6934486584406,-0.197002049033846,14.6201915172134));
#14601=CARTESIAN_POINT('Origin',(-34.6934486584406,-0.197002049033846,14.8701915172135));
#14602=CARTESIAN_POINT('Origin',(-34.3877162264456,-1.40903657000529,14.6201915172134));
#14603=CARTESIAN_POINT('Origin',(-34.3877162264456,-1.40903657000529,14.8701915172135));
#14604=CARTESIAN_POINT('Origin',(-35.1214740632335,1.49984628032617,14.8701915172135));
#14605=CARTESIAN_POINT('',(-34.0608138914536,0.439186108546347,14.8701915172135));
#14606=CARTESIAN_POINT('',(-33.884037196157,0.262409413249712,14.6201915172134));
#14607=CARTESIAN_POINT('Origin',(-33.884037196157,0.262409413249712,14.8701915172135));
#14608=CARTESIAN_POINT('Origin',(-35.1214740632335,1.49984628032617,14.6201915172134));
#14609=CARTESIAN_POINT('Origin',(-35.1214740632335,1.49984628032617,14.8701915172135));
#14610=CARTESIAN_POINT('Origin',(-28.2598730708011,5.88657353860566,14.8701915172134));
#14611=CARTESIAN_POINT('',(-27.4393398282202,7.06066017177982,14.8701915172134));
#14612=CARTESIAN_POINT('',(-27.2625631329235,6.88388347648318,14.6201915172134));
#14613=CARTESIAN_POINT('Origin',(-27.2625631329235,6.88388347648318,14.8701915172134));
#14614=CARTESIAN_POINT('',(-28.2598730708011,5.88657353860566,14.6201915172134));
#14615=CARTESIAN_POINT('',(-28.4366497660977,6.0633502339023,14.8701915172134));
#14616=CARTESIAN_POINT('Origin',(-28.5,8.12132034355965,14.8701915172134));
#14617=CARTESIAN_POINT('',(-27.1238648156815,7.52445188696252,14.8701915172134));
#14618=CARTESIAN_POINT('',(-26.8945089516284,7.424973810863,14.6201915172134));
#14619=CARTESIAN_POINT('Origin',(-26.8945089516284,7.424973810863,14.8701915172134));
#14620=CARTESIAN_POINT('Origin',(-28.5,8.12132034355965,14.6201915172134));
#14621=CARTESIAN_POINT('Origin',(-28.5,8.12132034355965,14.8701915172134));
#14622=CARTESIAN_POINT('Ctrl Pts',(-27.1238648156815,7.52445188696252,14.8701915172134));
#14623=CARTESIAN_POINT('Ctrl Pts',(-27.0411340330658,7.7151953238544,14.8701915172134));
#14624=CARTESIAN_POINT('Ctrl Pts',(-26.9999999999989,7.9236159878882,14.8347950534678));
#14625=CARTESIAN_POINT('Ctrl Pts',(-27.,8.12132034356826,14.7597245285006));
#14626=CARTESIAN_POINT('Ctrl Pts',(-27.1238648156815,7.52445188696252,14.8047416702637));
#14627=CARTESIAN_POINT('Ctrl Pts',(-27.0435789015105,7.70969301510701,14.8030872974753));
#14628=CARTESIAN_POINT('Ctrl Pts',(-27.0027296430344,7.90961866235523,14.7687407233564));
#14629=CARTESIAN_POINT('Ctrl Pts',(-26.9999999999999,8.10106444401732,14.6974880359972));
#14630=CARTESIAN_POINT('Ctrl Pts',(-27.0740440395864,7.50284321793553,14.6744966210973));
#14631=CARTESIAN_POINT('Ctrl Pts',(-26.9927331518824,7.68308298898563,14.6696767759474));
#14632=CARTESIAN_POINT('Ctrl Pts',(-26.9506906348693,7.87437962412733,14.6374324356209));
#14633=CARTESIAN_POINT('Ctrl Pts',(-26.945694896116,8.06075524917802,14.5736375549981));
#14634=CARTESIAN_POINT('Ctrl Pts',(-26.9545541764256,7.45101711028529,14.6201915172134));
#14635=CARTESIAN_POINT('Ctrl Pts',(-26.8631683960971,7.64109542492747,14.6175579814357));
#14636=CARTESIAN_POINT('Ctrl Pts',(-26.8171645937912,7.8467710747751,14.5861149438058));
#14637=CARTESIAN_POINT('Ctrl Pts',(-26.8154498469497,8.04394850660194,14.5219986383577));
#14638=CARTESIAN_POINT('Ctrl Pts',(-26.8945089516284,7.424973810863,14.6201915172134));
#14639=CARTESIAN_POINT('Ctrl Pts',(-26.7979897052434,7.62278181949163,14.6201915172134));
#14640=CARTESIAN_POINT('Ctrl Pts',(-26.7499999999987,7.83892176737853,14.5887279938839));
#14641=CARTESIAN_POINT('Ctrl Pts',(-26.75,8.04394850660228,14.5219986383576));
#14642=CARTESIAN_POINT('',(-27.,8.12132034356395,14.7597245285006));
#14643=CARTESIAN_POINT('',(-26.75,8.04394850660228,14.5219986383576));
#14644=CARTESIAN_POINT('Origin',(-26.75,8.12132034356969,14.7597245285006));
#14645=CARTESIAN_POINT('Ctrl Pts',(-26.75,8.04394850660228,14.5219986383576));
#14646=CARTESIAN_POINT('Ctrl Pts',(-26.7499999999987,7.83892176737853,14.5887279938839));
#14647=CARTESIAN_POINT('Ctrl Pts',(-26.7979897052434,7.62278181949163,14.6201915172134));
#14648=CARTESIAN_POINT('Ctrl Pts',(-26.8945089516284,7.424973810863,14.6201915172134));
#14649=CARTESIAN_POINT('Ctrl Pts',(-27.1238648156815,7.52445188696252,14.8701915172134));
#14650=CARTESIAN_POINT('Ctrl Pts',(-27.0411340330658,7.7151953238544,14.8701915172134));
#14651=CARTESIAN_POINT('Ctrl Pts',(-26.9999999999989,7.9236159878882,14.8347950534678));
#14652=CARTESIAN_POINT('Ctrl Pts',(-27.,8.12132034356826,14.7597245285006));
#14653=CARTESIAN_POINT('Origin',(-26.75,7.424973810863,12.6201915172134));
#14654=CARTESIAN_POINT('',(-27.,9.01596406853274,14.2111817748832));
#14655=CARTESIAN_POINT('',(-26.75,8.8391873732361,14.0344050795865));
#14656=CARTESIAN_POINT('Origin',(-26.75,9.01596406853274,14.2111817748832));
#14657=CARTESIAN_POINT('Origin',(-26.75,7.424973810863,12.6201915172134));
#14658=CARTESIAN_POINT('Origin',(-27.,7.424973810863,12.6201915172134));
#14659=CARTESIAN_POINT('Origin',(-26.75,13.4609757518995,9.76617009151644));
#14660=CARTESIAN_POINT('',(-27.,18.9838834764832,4.24326236693272));
#14661=CARTESIAN_POINT('',(-26.75,18.8071067811865,4.06648567163609));
#14662=CARTESIAN_POINT('Origin',(-26.75,18.9838834764832,4.24326236693272));
#14663=CARTESIAN_POINT('',(-26.75,13.2841990566028,9.5893933962198));
#14664=CARTESIAN_POINT('',(-27.,13.4609757518995,9.76617009151644));
#14665=CARTESIAN_POINT('Origin',(-26.75,19.5142135623731,4.77359245282263));
#14666=CARTESIAN_POINT('',(-27.,19.5142135623731,4.02359245282263));
#14667=CARTESIAN_POINT('',(-26.75,19.5142135623731,3.77359245282263));
#14668=CARTESIAN_POINT('Origin',(-26.75,19.5142135623731,4.02359245282263));
#14669=CARTESIAN_POINT('Origin',(-26.75,19.5142135623731,4.77359245282263));
#14670=CARTESIAN_POINT('Origin',(-27.,19.5142135623731,4.77359245282263));
#14671=CARTESIAN_POINT('Origin',(-26.75,12.625,4.02359245282263));
#14672=CARTESIAN_POINT('',(-26.75,20.5,3.77359245282263));
#14673=CARTESIAN_POINT('',(-26.75,12.625,3.77359245282263));
#14674=CARTESIAN_POINT('',(-27.,20.25,4.02359245282263));
#14675=CARTESIAN_POINT('',(-27.,12.625,4.02359245282263));
#14676=CARTESIAN_POINT('Origin',(-26.75,20.25,4.02359245282263));
#14677=CARTESIAN_POINT('Origin',(-26.75,20.25,9.72154199913872));
#14678=CARTESIAN_POINT('',(-27.,20.25,9.72154199913872));
#14679=CARTESIAN_POINT('',(-26.75,20.5,9.72154199913872));
#14680=CARTESIAN_POINT('Origin',(-26.75,2.5,0.));
#14681=CARTESIAN_POINT('',(-27.,8.12132034355965,18.5154869661881));
#14682=CARTESIAN_POINT('',(-26.75,8.19394722138342,18.7547051440459));
#14683=CARTESIAN_POINT('Origin',(-26.75,8.12132034355965,18.5154869661881));
#14684=CARTESIAN_POINT('Origin',(-26.75,2.5,0.));
#14685=CARTESIAN_POINT('Origin',(-27.,2.5,0.));
#14686=CARTESIAN_POINT('Ctrl Pts',(-27.2625631329235,6.94052279788478,19.0903577043875));
#14687=CARTESIAN_POINT('Ctrl Pts',(-26.9335052895841,7.27383203454901,19.0128281322824));
#14688=CARTESIAN_POINT('Ctrl Pts',(-26.75,7.7368454824958,18.893481688707));
#14689=CARTESIAN_POINT('Ctrl Pts',(-26.75,8.19394722138342,18.7547051440459));
#14690=CARTESIAN_POINT('Ctrl Pts',(-27.3046463179442,6.98044592861396,19.0810713633502));
#14691=CARTESIAN_POINT('Ctrl Pts',(-26.9875083667123,7.30349702087836,19.0052233265636));
#14692=CARTESIAN_POINT('Ctrl Pts',(-26.8123007268584,7.75228206668221,18.8886886122849));
#14693=CARTESIAN_POINT('Ctrl Pts',(-26.8154498469498,8.19394722138342,18.7547051440459));
#14694=CARTESIAN_POINT('Ctrl Pts',(-27.3885426239256,7.05022684502517,19.020387554642));
#14695=CARTESIAN_POINT('Ctrl Pts',(-27.0950761882974,7.35160554541481,18.9460415338973));
#14696=CARTESIAN_POINT('Ctrl Pts',(-26.9365145519494,7.77010372287908,18.8323488180674));
#14697=CARTESIAN_POINT('Ctrl Pts',(-26.9456891897972,8.178169523075,18.7027366118271));
#14698=CARTESIAN_POINT('Ctrl Pts',(-27.4325980938587,7.06740190614132,18.9048253465613));
#14699=CARTESIAN_POINT('Ctrl Pts',(-27.1500113859037,7.3536203642117,18.829037798247));
#14700=CARTESIAN_POINT('Ctrl Pts',(-26.99498703044,7.7512209256167,18.7125714374285));
#14701=CARTESIAN_POINT('Ctrl Pts',(-27.,8.14033401571168,18.5781141387017));
#14702=CARTESIAN_POINT('Ctrl Pts',(-27.4393398282202,7.06066017177983,18.8468582438723));
#14703=CARTESIAN_POINT('Ctrl Pts',(-27.157290248215,7.342709751785,18.7703175693707));
#14704=CARTESIAN_POINT('Ctrl Pts',(-27.,7.73451632107535,18.6524934018612));
#14705=CARTESIAN_POINT('Ctrl Pts',(-27.,8.12132034355965,18.5154869661881));
#14706=CARTESIAN_POINT('',(-27.4393398282202,7.06066017177983,18.8468582438723));
#14707=CARTESIAN_POINT('Ctrl Pts',(-27.,8.12132034355965,18.5154869661881));
#14708=CARTESIAN_POINT('Ctrl Pts',(-27.,7.73451632107535,18.6524934018612));
#14709=CARTESIAN_POINT('Ctrl Pts',(-27.157290248215,7.342709751785,18.7703175693707));
#14710=CARTESIAN_POINT('Ctrl Pts',(-27.4393398282202,7.06066017177983,18.8468582438723));
#14711=CARTESIAN_POINT('',(-27.2625631329235,6.94052279788478,19.0903577043875));
#14712=CARTESIAN_POINT('Origin',(-27.2625631329235,6.88388347648319,18.8468582438723));
#14713=CARTESIAN_POINT('Ctrl Pts',(-27.2625631329235,6.94052279788478,19.0903577043875));
#14714=CARTESIAN_POINT('Ctrl Pts',(-26.9335052895841,7.27383203454901,19.0128281322824));
#14715=CARTESIAN_POINT('Ctrl Pts',(-26.75,7.7368454824958,18.893481688707));
#14716=CARTESIAN_POINT('Ctrl Pts',(-26.75,8.19394722138342,18.7547051440459));
#14717=CARTESIAN_POINT('Ctrl Pts',(-31.6464466094067,2.5,19.6));
#14718=CARTESIAN_POINT('Ctrl Pts',(-30.1723532954699,3.99313844719185,19.6));
#14719=CARTESIAN_POINT('Ctrl Pts',(-28.698326839694,5.48620917242222,19.4286390980177));
#14720=CARTESIAN_POINT('Ctrl Pts',(-27.2625631329235,6.94052279788478,19.0903577043875));
#14721=CARTESIAN_POINT('Ctrl Pts',(-31.6927266400125,2.54628003060582,19.6));
#14722=CARTESIAN_POINT('Ctrl Pts',(-30.2170321239962,4.03785705664877,19.5963953177498));
#14723=CARTESIAN_POINT('Ctrl Pts',(-28.7416418245986,5.5287039931119,19.422016815555));
#14724=CARTESIAN_POINT('Ctrl Pts',(-27.3046463179442,6.98044592861395,19.0810713633502));
#14725=CARTESIAN_POINT('Ctrl Pts',(-31.7848196236379,2.63837301423118,19.5456889933922));
#14726=CARTESIAN_POINT('Ctrl Pts',(-30.3060613719488,4.12270012809965,19.5390917751554));
#14727=CARTESIAN_POINT('Ctrl Pts',(-28.8279178818701,5.60601765149785,19.3624025245222));
#14728=CARTESIAN_POINT('Ctrl Pts',(-27.3885425387023,7.05022673249634,19.020387437252));
#14729=CARTESIAN_POINT('Ctrl Pts',(-31.8232233047034,2.67677669529664,19.4154498469498));
#14730=CARTESIAN_POINT('Ctrl Pts',(-30.3465810955034,4.15331525959567,19.4131854052529));
#14731=CARTESIAN_POINT('Ctrl Pts',(-28.8704112429754,5.62966187138759,19.2415168767855));
#14732=CARTESIAN_POINT('Ctrl Pts',(-27.4325980938587,7.06740190614132,18.9048253465613));
#14733=CARTESIAN_POINT('Ctrl Pts',(-31.8232233047034,2.67677669529664,19.35));
#14734=CARTESIAN_POINT('Ctrl Pts',(-30.3491299907665,4.15087000923349,19.35));
#14735=CARTESIAN_POINT('Ctrl Pts',(-28.8751035349906,5.62489646500939,19.1808248238083));
#14736=CARTESIAN_POINT('Ctrl Pts',(-27.4393398282202,7.06066017177982,18.8468582438723));
#14737=CARTESIAN_POINT('',(-31.8232233047034,2.67677669529664,19.35));
#14738=CARTESIAN_POINT('',(-31.6464466094067,2.5,19.6));
#14739=CARTESIAN_POINT('Origin',(-31.6464466094067,2.5,19.35));
#14740=CARTESIAN_POINT('Origin',(-31.6464466094067,2.5,0.));
#14741=CARTESIAN_POINT('Origin',(-31.8232233047034,2.67677669529664,-7.88229338593552E-17));
#14742=CARTESIAN_POINT('Origin',(-27.0732233047034,7.07322330470337,19.35));
#14743=CARTESIAN_POINT('',(-34.0608138914536,0.43918610854635,19.35));
#14744=CARTESIAN_POINT('',(-33.884037196157,0.262409413249717,19.6));
#14745=CARTESIAN_POINT('Origin',(-33.884037196157,0.262409413249717,19.35));
#14746=CARTESIAN_POINT('',(-27.0732233047034,7.07322330470337,19.6));
#14747=CARTESIAN_POINT('',(-27.25,7.25,19.35));
#14748=CARTESIAN_POINT('Origin',(-35.1214740632335,1.49984628032617,19.35));
#14749=CARTESIAN_POINT('',(-34.5705074288394,0.10469905949805,19.35));
#14750=CARTESIAN_POINT('',(-34.4786796564403,-0.127825477306636,19.6));
#14751=CARTESIAN_POINT('Origin',(-34.4786796564403,-0.127825477306636,19.35));
#14752=CARTESIAN_POINT('Origin',(-35.1214740632335,1.49984628032617,19.6));
#14753=CARTESIAN_POINT('Origin',(-35.1214740632335,1.49984628032617,19.35));
#14754=CARTESIAN_POINT('Ctrl Pts',(-34.5705074288394,0.10469905949805,19.35));
#14755=CARTESIAN_POINT('Ctrl Pts',(-34.6307829516938,0.0808952619721175,
19.35));
#14756=CARTESIAN_POINT('Ctrl Pts',(-34.6926376011574,0.0610334780936915,
19.3440184283508));
#14757=CARTESIAN_POINT('Ctrl Pts',(-34.7545951448403,0.0454048551602646,
19.3314114973393));
#14758=CARTESIAN_POINT('Ctrl Pts',(-34.5705074288394,0.10469905949805,19.4154498469498));
#14759=CARTESIAN_POINT('Ctrl Pts',(-34.6339420958549,0.0796174374321196,
19.4145811987229));
#14760=CARTESIAN_POINT('Ctrl Pts',(-34.6993097547376,0.0588922379236576,
19.4077423275739));
#14761=CARTESIAN_POINT('Ctrl Pts',(-34.7648938714337,0.0428070292127539,
19.3942180824691));
#14762=CARTESIAN_POINT('Ctrl Pts',(-34.5505581015934,0.0541837528947106,
19.5456881977946));
#14763=CARTESIAN_POINT('Ctrl Pts',(-34.6230934968253,0.0271624024598053,
19.5431574804298));
#14764=CARTESIAN_POINT('Ctrl Pts',(-34.6977564108205,0.00492836310601644,
19.5345918780863));
#14765=CARTESIAN_POINT('Ctrl Pts',(-34.7728518255196,-0.0121046149684141,
19.519264914216));
#14766=CARTESIAN_POINT('Ctrl Pts',(-34.5027201110374,-0.0669506959228889,
19.6));
#14767=CARTESIAN_POINT('Ctrl Pts',(-34.5841818457389,-0.0944893886015245,
19.59861723053));
#14768=CARTESIAN_POINT('Ctrl Pts',(-34.6677050867966,-0.11734651459855,
19.5906008394433));
#14769=CARTESIAN_POINT('Ctrl Pts',(-34.7515356274221,-0.135183762063252,
19.5750544390294));
#14770=CARTESIAN_POINT('Ctrl Pts',(-34.4786796564403,-0.127825477306637,
19.6));
#14771=CARTESIAN_POINT('Ctrl Pts',(-34.5630653884366,-0.155596574420225,
19.6));
#14772=CARTESIAN_POINT('Ctrl Pts',(-34.6496618976856,-0.178768655611721,
19.592822114021));
#14773=CARTESIAN_POINT('Ctrl Pts',(-34.7364024588416,-0.197002049034053,
19.5776937968072));
#14774=CARTESIAN_POINT('',(-34.7545951448399,0.0454048551603548,19.3314114973393));
#14775=CARTESIAN_POINT('',(-34.7364024588416,-0.197002049034053,19.5776937968072));
#14776=CARTESIAN_POINT('Origin',(-34.6934486584414,-0.197002049034053,19.3314114973393));
#14777=CARTESIAN_POINT('Ctrl Pts',(-34.7364024588416,-0.197002049034053,
19.5776937968072));
#14778=CARTESIAN_POINT('Ctrl Pts',(-34.6496618976856,-0.178768655611721,
19.592822114021));
#14779=CARTESIAN_POINT('Ctrl Pts',(-34.5630653884366,-0.155596574420225,
19.6));
#14780=CARTESIAN_POINT('Ctrl Pts',(-34.4786796564403,-0.127825477306637,
19.6));
#14781=CARTESIAN_POINT('Ctrl Pts',(-34.5705074288394,0.10469905949805,19.35));
#14782=CARTESIAN_POINT('Ctrl Pts',(-34.6307829516938,0.0808952619721175,
19.35));
#14783=CARTESIAN_POINT('Ctrl Pts',(-34.6926376011574,0.0610334780936915,
19.3440184283508));
#14784=CARTESIAN_POINT('Ctrl Pts',(-34.7545951448403,0.0454048551602646,
19.3314114973393));
#14785=CARTESIAN_POINT('Ctrl Pts',(-35.4301837122359,-0.525153093529907,
19.2595861467802));
#14786=CARTESIAN_POINT('Ctrl Pts',(-35.2522904339404,-0.3769086949477,19.4055573419924));
#14787=CARTESIAN_POINT('Ctrl Pts',(-35.0144801879633,-0.255455678679875,
19.5291945936642));
#14788=CARTESIAN_POINT('Ctrl Pts',(-34.7364024588413,-0.197002049033988,
19.5776937968072));
#14789=CARTESIAN_POINT('Ctrl Pts',(-35.4519657254826,-0.488705026653334,
19.2417128098098));
#14790=CARTESIAN_POINT('Ctrl Pts',(-35.2775074309537,-0.331723815639737,
19.3905644336461));
#14791=CARTESIAN_POINT('Ctrl Pts',(-35.0394538681415,-0.199570702371176,
19.5218021923256));
#14792=CARTESIAN_POINT('Ctrl Pts',(-34.7515356274218,-0.135183762063207,
19.5750544390295));
#14793=CARTESIAN_POINT('Ctrl Pts',(-35.4788724968755,-0.415894617403214,
19.185770617842));
#14794=CARTESIAN_POINT('Ctrl Pts',(-35.3087067307946,-0.241567956809771,
19.3309315872759));
#14795=CARTESIAN_POINT('Ctrl Pts',(-35.0715521307378,-0.0880741249290381,
19.4639456596471));
#14796=CARTESIAN_POINT('Ctrl Pts',(-34.7728514779555,-0.0121054243025578,
19.5192640919429));
#14797=CARTESIAN_POINT('Ctrl Pts',(-35.4647249349205,-0.364724934920752,
19.1061693052304));
#14798=CARTESIAN_POINT('Ctrl Pts',(-35.2904787153919,-0.184877493079391,
19.2356959477612));
#14799=CARTESIAN_POINT('Ctrl Pts',(-35.0526769374096,-0.0319824772908755,
19.3487429630235));
#14800=CARTESIAN_POINT('Ctrl Pts',(-34.7648938714337,0.0428070292127531,
19.3942180824692));
#14801=CARTESIAN_POINT('Ctrl Pts',(-35.4483763982348,-0.348376398234832,
19.0663217889835));
#14802=CARTESIAN_POINT('Ctrl Pts',(-35.2704831199393,-0.17048311993615,
19.1879644516603));
#14803=CARTESIAN_POINT('Ctrl Pts',(-35.0326728739624,-0.0247395004148194,
19.2909954947201));
#14804=CARTESIAN_POINT('Ctrl Pts',(-34.7545951448402,0.0454048551602691,
19.3314114973394));
#14805=CARTESIAN_POINT('',(-35.4483763982302,-0.348376398230146,19.0663217889835));
#14806=CARTESIAN_POINT('Ctrl Pts',(-34.7545951448402,0.0454048551602691,
19.3314114973394));
#14807=CARTESIAN_POINT('Ctrl Pts',(-35.0326728739624,-0.0247395004148194,
19.2909954947201));
#14808=CARTESIAN_POINT('Ctrl Pts',(-35.2704831199393,-0.17048311993615,
19.1879644516603));
#14809=CARTESIAN_POINT('Ctrl Pts',(-35.4483763982348,-0.348376398234832,
19.0663217889835));
#14810=CARTESIAN_POINT('',(-35.4301837122359,-0.525153093529907,19.2595861467802));
#14811=CARTESIAN_POINT('Origin',(-35.2715997029366,-0.525153093529907,19.0663217889835));
#14812=CARTESIAN_POINT('Ctrl Pts',(-35.4301837122359,-0.525153093529907,
19.2595861467802));
#14813=CARTESIAN_POINT('Ctrl Pts',(-35.2522904339404,-0.3769086949477,19.4055573419924));
#14814=CARTESIAN_POINT('Ctrl Pts',(-35.0144801879633,-0.255455678679875,
19.5291945936642));
#14815=CARTESIAN_POINT('Ctrl Pts',(-34.7364024588413,-0.197002049033988,
19.5776937968072));
#14816=CARTESIAN_POINT('Ctrl Pts',(-35.4483763982321,-0.348376398232104,
19.0663217889845));
#14817=CARTESIAN_POINT('Ctrl Pts',(-35.4800230584567,-0.380023058456659,
19.0403539679308));
#14818=CARTESIAN_POINT('Ctrl Pts',(-35.5103929904512,-0.410392990451197,
19.0128303142522));
#14819=CARTESIAN_POINT('Ctrl Pts',(-35.5393398282202,-0.439339828220174,
18.9838834764832));
#14820=CARTESIAN_POINT('Ctrl Pts',(-35.4670604401589,-0.367060440158881,
19.1118618075524));
#14821=CARTESIAN_POINT('Ctrl Pts',(-35.4992911083364,-0.399311573823341,
19.0842977815522));
#14822=CARTESIAN_POINT('Ctrl Pts',(-35.530238611708,-0.430222114003654,
19.0551741950428));
#14823=CARTESIAN_POINT('Ctrl Pts',(-35.5596977620323,-0.459697762032267,
19.0245993441074));
#14824=CARTESIAN_POINT('Ctrl Pts',(-35.4783639476417,-0.420976482609779,
19.1913440610877));
#14825=CARTESIAN_POINT('Ctrl Pts',(-35.512451119985,-0.453463050490389,
19.1610257266321));
#14826=CARTESIAN_POINT('Ctrl Pts',(-35.5451049928486,-0.484621234902984,
19.129093527054));
#14827=CARTESIAN_POINT('Ctrl Pts',(-35.5762001843301,-0.514294990907257,
19.0956989952802));
#14828=CARTESIAN_POINT('Ctrl Pts',(-35.448854009303,-0.493911893348481,
19.244266143664));
#14829=CARTESIAN_POINT('Ctrl Pts',(-35.485676371305,-0.525809069912442,
19.2130247700836));
#14830=CARTESIAN_POINT('Ctrl Pts',(-35.5209811491183,-0.55641588735421,
19.1800218418551));
#14831=CARTESIAN_POINT('Ctrl Pts',(-35.5546082785792,-0.585579622798672,
19.1453917214208));
#14832=CARTESIAN_POINT('Ctrl Pts',(-35.4301837122345,-0.525153093528742,
19.2595861467814));
#14833=CARTESIAN_POINT('Ctrl Pts',(-35.468159704504,-0.556799753753297,
19.2284247615169));
#14834=CARTESIAN_POINT('Ctrl Pts',(-35.5046036228974,-0.587169685747834,
19.1953963771026));
#14835=CARTESIAN_POINT('Ctrl Pts',(-35.5393398282202,-0.616116523516811,
19.1606601717798));
#14836=CARTESIAN_POINT('',(-35.5393398282202,-0.439339828220172,18.9838834764832));
#14837=CARTESIAN_POINT('',(-35.5393398282202,-0.616116523516813,19.1606601717798));
#14838=CARTESIAN_POINT('Origin',(-35.3625631329235,-0.616116523516809,18.9838834764832));
#14839=CARTESIAN_POINT('Origin',(-34.4786796564403,0.267766952966376,18.1));
#14840=CARTESIAN_POINT('Origin',(-34.655456351737,0.444543648263013,18.1));
#14841=CARTESIAN_POINT('Origin',(-38.3809644062711,-3.63451779686442,15.9654822031356));
#14842=CARTESIAN_POINT('',(-37.9606601717798,-2.86066017177982,16.5625631329235));
#14843=CARTESIAN_POINT('',(-37.9606601717798,-3.03743686707646,16.7393398282202));
#14844=CARTESIAN_POINT('Origin',(-37.7838834764832,-3.03743686707646,16.5625631329235));
#14845=CARTESIAN_POINT('',(-38.5577411015678,-3.63451779686442,16.1422588984322));
#14846=CARTESIAN_POINT('',(-38.5577411015678,-3.45774110156779,15.9654822031356));
#14847=CARTESIAN_POINT('Ctrl Pts',(-37.9606601717798,-2.86066017177982,
16.5625631329235));
#14848=CARTESIAN_POINT('Ctrl Pts',(-38.1558645017217,-3.05586450172174,
16.3673588029816));
#14849=CARTESIAN_POINT('Ctrl Pts',(-38.397940172654,-3.29794017265402,16.2193487258963));
#14850=CARTESIAN_POINT('Ctrl Pts',(-38.6606601717798,-3.56066017177982,
16.1345686402895));
#14851=CARTESIAN_POINT('Ctrl Pts',(-37.9810181055919,-2.88101810559191,
16.6032790005477));
#14852=CARTESIAN_POINT('Ctrl Pts',(-38.1737547189298,-3.07367525248196,
16.4159165145758));
#14853=CARTESIAN_POINT('Ctrl Pts',(-38.4123513873411,-3.31254938105788,
16.2753220766582));
#14854=CARTESIAN_POINT('Ctrl Pts',(-38.6707869773783,-3.57078697737826,
16.1973313595986));
#14855=CARTESIAN_POINT('Ctrl Pts',(-37.9975200223349,-2.93561556163236,
16.6743783733311));
#14856=CARTESIAN_POINT('Ctrl Pts',(-38.182376122328,-3.12731845835641,16.5005977782401));
#14857=CARTESIAN_POINT('Ctrl Pts',(-38.4108294169096,-3.36460514005411,
16.3730987931301));
#14858=CARTESIAN_POINT('Ctrl Pts',(-38.6560361311663,-3.62077004726604,
16.3065104162966));
#14859=CARTESIAN_POINT('Ctrl Pts',(-37.9759286221389,-3.00689996635831,
16.7240713778611));
#14860=CARTESIAN_POINT('Ctrl Pts',(-38.1485888363826,-3.20105953956015,
16.5562423891129));
#14861=CARTESIAN_POINT('Ctrl Pts',(-38.3621611840942,-3.44169458641894,
16.4309927741802));
#14862=CARTESIAN_POINT('Ctrl Pts',(-38.5923366365775,-3.70246173782621,
16.3622653695503));
#14863=CARTESIAN_POINT('Ctrl Pts',(-37.9606601717798,-3.03743686707645,
16.7393398282202));
#14864=CARTESIAN_POINT('Ctrl Pts',(-38.1279781688729,-3.23264119701838,
16.5720218311271));
#14865=CARTESIAN_POINT('Ctrl Pts',(-38.3354716011006,-3.47471686795066,
16.4451560507683));
#14866=CARTESIAN_POINT('Ctrl Pts',(-38.5606601717798,-3.73743686707645,
16.3724874059625));
#14867=CARTESIAN_POINT('',(-38.6606601717798,-3.56066017177982,16.1345686402895));
#14868=CARTESIAN_POINT('',(-38.5606601717798,-3.73743686707645,16.3724874059625));
#14869=CARTESIAN_POINT('Origin',(-38.4838834764832,-3.73743686707645,16.1345686402895));
#14870=CARTESIAN_POINT('Origin',(-39.0213203435596,-4.27487373415291,17.8));
#14871=CARTESIAN_POINT('Origin',(-39.1980970388563,-4.09809703885627,17.8));
#14872=CARTESIAN_POINT('Ctrl Pts',(-38.6606601717798,-3.56066017177982,
16.1345686402895));
#14873=CARTESIAN_POINT('Ctrl Pts',(-38.7908843669052,-3.69088436690519,
16.0855412035173));
#14874=CARTESIAN_POINT('Ctrl Pts',(-38.9481919726988,-3.79921329279021,
16.0500000000342));
#14875=CARTESIAN_POINT('Ctrl Pts',(-39.1213203433059,-3.87477270837603,
16.05));
#14876=CARTESIAN_POINT('Ctrl Pts',(-38.6695211266785,-3.56952112667846,
16.189486019685));
#14877=CARTESIAN_POINT('Ctrl Pts',(-38.7998618205552,-3.69757524348375,
16.144654495817));
#14878=CARTESIAN_POINT('Ctrl Pts',(-38.9545829663677,-3.80207108434304,
16.1135090991536));
#14879=CARTESIAN_POINT('Ctrl Pts',(-39.1213203433152,-3.87477270838009,
16.115449846947));
#14880=CARTESIAN_POINT('Ctrl Pts',(-38.6591431573842,-3.61524632118813,
16.2990214478605));
#14881=CARTESIAN_POINT('Ctrl Pts',(-38.7891486253391,-3.74654975919374,
16.2624076132685));
#14882=CARTESIAN_POINT('Ctrl Pts',(-38.9404936480343,-3.85143700979382,
16.2400277849459));
#14883=CARTESIAN_POINT('Ctrl Pts',(-39.0995931250564,-3.92455601956158,
16.2456819543163));
#14884=CARTESIAN_POINT('Ctrl Pts',(-38.5976160473771,-3.69663254961784,
16.3605616968149));
#14885=CARTESIAN_POINT('Ctrl Pts',(-38.7272106193325,-3.84163134472418,
16.3225477735205));
#14886=CARTESIAN_POINT('Ctrl Pts',(-38.8812223683252,-3.96084407558901,
16.2969105942561));
#14887=CARTESIAN_POINT('Ctrl Pts',(-39.0475002820958,-4.04391571753865,
16.2999999999956));
#14888=CARTESIAN_POINT('Ctrl Pts',(-38.5606601717798,-3.73743686707646,
16.3724874059625));
#14889=CARTESIAN_POINT('Ctrl Pts',(-38.6908843669052,-3.88936509472275,
16.3304638887291));
#14890=CARTESIAN_POINT('Ctrl Pts',(-38.8481919726988,-4.01574884158858,
16.3000000000293));
#14891=CARTESIAN_POINT('Ctrl Pts',(-39.0213203433059,-4.10390149310537,
16.3));
#14892=CARTESIAN_POINT('',(-39.1213203433059,-3.87477270837603,16.05));
#14893=CARTESIAN_POINT('',(-39.0213203434328,-4.10390149310537,16.3));
#14894=CARTESIAN_POINT('Origin',(-39.0213203432637,-4.10390149310537,16.05));
#14895=CARTESIAN_POINT('Ctrl Pts',(-39.0213203433059,-4.10390149310537,
16.3));
#14896=CARTESIAN_POINT('Ctrl Pts',(-38.8481919726988,-4.01574884158858,
16.3000000000293));
#14897=CARTESIAN_POINT('Ctrl Pts',(-38.6908843669052,-3.88936509472275,
16.3304638887291));
#14898=CARTESIAN_POINT('Ctrl Pts',(-38.5606601717798,-3.73743686707646,
16.3724874059625));
#14899=CARTESIAN_POINT('Ctrl Pts',(-38.6606601717798,-3.56066017177982,
16.1345686402895));
#14900=CARTESIAN_POINT('Ctrl Pts',(-38.7908843669052,-3.69088436690519,
16.0855412035173));
#14901=CARTESIAN_POINT('Ctrl Pts',(-38.9481919726988,-3.79921329279021,
16.0500000000342));
#14902=CARTESIAN_POINT('Ctrl Pts',(-39.1213203433059,-3.87477270837603,
16.05));
#14903=CARTESIAN_POINT('Origin',(-39.7213203435596,-2.5,16.05));
#14904=CARTESIAN_POINT('',(-39.7213203435596,-4.,16.05));
#14905=CARTESIAN_POINT('',(-39.7213203435596,-4.25,16.3));
#14906=CARTESIAN_POINT('Origin',(-39.7213203435596,-4.25,16.05));
#14907=CARTESIAN_POINT('Origin',(-39.7213203435596,-2.5,16.3));
#14908=CARTESIAN_POINT('Origin',(-39.7213203435596,-2.5,16.05));
#14909=CARTESIAN_POINT('Origin',(-46.725,-4.25,16.05));
#14910=CARTESIAN_POINT('',(-46.725,-4.25,16.3));
#14911=CARTESIAN_POINT('',(-46.725,-4.,16.05));
#14912=CARTESIAN_POINT('Origin',(-43.95,-6.5,16.3));
#14913=CARTESIAN_POINT('',(-73.3,-11.,16.3));
#14914=CARTESIAN_POINT('',(-54.1,-5.2,16.3));
#14915=CARTESIAN_POINT('',(-46.65,-12.,16.3));
#14916=CARTESIAN_POINT('',(-34.35,-12.,16.3));
#14917=CARTESIAN_POINT('',(-46.65,-5.7,16.3));
#14918=CARTESIAN_POINT('',(-46.65,-9.25,16.3));
#14919=CARTESIAN_POINT('',(-46.15,-5.2,16.3));
#14920=CARTESIAN_POINT('',(-46.05,-5.1,16.3));
#14921=CARTESIAN_POINT('',(-43.55,-5.2,16.3));
#14922=CARTESIAN_POINT('',(-44.9,-5.2,16.3));
#14923=CARTESIAN_POINT('',(-43.55,-11.,16.3));
#14924=CARTESIAN_POINT('',(-43.55,-9.25,16.3));
#14925=CARTESIAN_POINT('',(-39.0213203435596,-11.,16.3));
#14926=CARTESIAN_POINT('',(-25.7,-11.,16.3));
#14927=CARTESIAN_POINT('',(-39.0213203435596,-6.5,16.3));
#14928=CARTESIAN_POINT('',(-51.1,-9.,16.3));
#14929=CARTESIAN_POINT('Origin',(-49.5,-9.,16.3));
#14930=CARTESIAN_POINT('Origin',(-27.,3.75,11.6867962264113));
#14931=CARTESIAN_POINT('',(-27.,8.12132034355965,13.6650971698085));
#14932=CARTESIAN_POINT('Origin',(-28.5,8.12132034355965,13.6650971698085));
#14933=CARTESIAN_POINT('',(-27.4393398282202,7.06066017177982,13.6650971698085));
#14934=CARTESIAN_POINT('Origin',(-30.75,3.75,15.6433981132057));
#14935=CARTESIAN_POINT('',(-34.0608138914536,0.439186108546349,17.95));
#14936=CARTESIAN_POINT('Origin',(-35.1214740632335,1.49984628032617,17.95));
#14937=CARTESIAN_POINT('',(-34.7545951448396,0.0454048551604436,17.95));
#14938=CARTESIAN_POINT('Origin',(-34.3877162264456,-1.40903657000528,17.95));
#14939=CARTESIAN_POINT('',(-35.4483763982255,-0.348376398225465,17.95));
#14940=CARTESIAN_POINT('Origin',(-39.1,-4.,16.3));
#14941=CARTESIAN_POINT('',(-38.6606601717798,-3.56066017177982,16.3));
#14942=CARTESIAN_POINT('Origin',(-39.7213203435596,-2.5,16.3));
#14943=CARTESIAN_POINT('',(-39.7213203435596,-4.,16.3));
#14944=CARTESIAN_POINT('Origin',(-49.5,-4.,16.3));
#14945=CARTESIAN_POINT('Origin',(-26.25,12.625,4.02359245282263));
#14946=CARTESIAN_POINT('',(-26.,19.5142135623731,4.02359245282263));
#14947=CARTESIAN_POINT('',(-26.25,19.5142135623731,3.77359245282263));
#14948=CARTESIAN_POINT('Origin',(-26.25,19.5142135623731,4.02359245282263));
#14949=CARTESIAN_POINT('',(-26.25,20.1,3.77359245282263));
#14950=CARTESIAN_POINT('',(-26.25,12.625,3.77359245282263));
#14951=CARTESIAN_POINT('',(-26.,20.0445348691149,4.02359245282263));
#14952=CARTESIAN_POINT('Ctrl Pts',(-26.,20.0445348691149,4.02359245282263));
#14953=CARTESIAN_POINT('Ctrl Pts',(-26.,20.0517346668621,3.99219834317867));
#14954=CARTESIAN_POINT('Ctrl Pts',(-26.0062712611173,20.059334633516,3.95863274728954));
#14955=CARTESIAN_POINT('Ctrl Pts',(-26.0319897920519,20.0731764299673,3.89672633897892));
#14956=CARTESIAN_POINT('Ctrl Pts',(-26.051442231823,20.0794224993068,3.86838862252227));
#14957=CARTESIAN_POINT('Ctrl Pts',(-26.096067755893,20.0890912962591,3.8241816754532));
#14958=CARTESIAN_POINT('Ctrl Pts',(-26.1239772688357,20.0932091140445,3.80514920645308));
#14959=CARTESIAN_POINT('Ctrl Pts',(-26.1852699737129,20.0986614011592,3.7798524178798));
#14960=CARTESIAN_POINT('Ctrl Pts',(-26.2186545953521,20.1,3.77359245282263));
#14961=CARTESIAN_POINT('Ctrl Pts',(-26.25,20.1,3.77359245282263));
#14962=CARTESIAN_POINT('',(-26.,12.625,4.02359245282263));
#14963=CARTESIAN_POINT('Origin',(-26.25,19.5142135623731,4.77359245282263));
#14964=CARTESIAN_POINT('',(-26.,18.9838834764832,4.24326236693272));
#14965=CARTESIAN_POINT('',(-26.25,18.8071067811865,4.06648567163609));
#14966=CARTESIAN_POINT('Origin',(-26.25,18.9838834764832,4.24326236693272));
#14967=CARTESIAN_POINT('Origin',(-26.25,19.5142135623731,4.77359245282263));
#14968=CARTESIAN_POINT('Origin',(-26.,19.5142135623731,4.77359245282263));
#14969=CARTESIAN_POINT('Origin',(-26.25,13.4609757518995,9.76617009151644));
#14970=CARTESIAN_POINT('',(-26.,9.01596406853274,14.2111817748832));
#14971=CARTESIAN_POINT('',(-26.25,8.8391873732361,14.0344050795865));
#14972=CARTESIAN_POINT('Origin',(-26.25,9.01596406853274,14.2111817748832));
#14973=CARTESIAN_POINT('',(-26.25,13.2841990566028,9.5893933962198));
#14974=CARTESIAN_POINT('',(-26.,13.4609757518995,9.76617009151644));
#14975=CARTESIAN_POINT('Origin',(-26.25,7.424973810863,12.6201915172134));
#14976=CARTESIAN_POINT('',(-26.,7.424973810863,14.8701915172134));
#14977=CARTESIAN_POINT('',(-26.25,7.424973810863,14.6201915172134));
#14978=CARTESIAN_POINT('Origin',(-26.25,7.424973810863,14.8701915172134));
#14979=CARTESIAN_POINT('Origin',(-26.25,7.424973810863,12.6201915172134));
#14980=CARTESIAN_POINT('Origin',(-26.,7.424973810863,12.6201915172134));
#14981=CARTESIAN_POINT('Origin',(-26.25,6.0017004678046,14.8701915172134));
#14982=CARTESIAN_POINT('',(-26.,-12.41,14.8701915172134));
#14983=CARTESIAN_POINT('',(-26.25,-12.66,14.6201915172134));
#14984=CARTESIAN_POINT('Origin',(-26.25,-12.41,14.8701915172134));
#14985=CARTESIAN_POINT('',(-26.25,6.0017004678046,14.6201915172134));
#14986=CARTESIAN_POINT('',(-26.,6.0017004678046,14.8701915172134));
#14987=CARTESIAN_POINT('Origin',(-26.,3.75,11.6867962264113));
#14988=CARTESIAN_POINT('',(-26.,2.5,18.));
#14989=CARTESIAN_POINT('Origin',(-26.,2.5,0.));
#14990=CARTESIAN_POINT('',(-26.,-2.5,18.));
#14991=CARTESIAN_POINT('',(-26.,-2.5,18.));
#14992=CARTESIAN_POINT('',(-26.,-12.,15.2888848514207));
#14993=CARTESIAN_POINT('Origin',(-26.,-2.5,0.));
#14994=CARTESIAN_POINT('',(-26.,-12.,15.2801915172134));
#14995=CARTESIAN_POINT('',(-26.,-12.,19.773445992509));
#14996=CARTESIAN_POINT('',(-26.,-9.12584882270053,18.1543426945129));
#14997=CARTESIAN_POINT('Ctrl Pts',(-39.5005050633883,-13.,14.1201915172134));
#14998=CARTESIAN_POINT('Ctrl Pts',(-39.501150566529,-13.,14.1213095614509));
#14999=CARTESIAN_POINT('Ctrl Pts',(-39.5017978772625,-13.,14.1224291572264));
#15000=CARTESIAN_POINT('Ctrl Pts',(-39.5875207175517,-13.,14.2711938643084));
#15001=CARTESIAN_POINT('Ctrl Pts',(-39.7214793534563,-13.,14.4962702193123));
#15002=CARTESIAN_POINT('Ctrl Pts',(-40.0432808446262,-13.,14.7832170210078));
#15003=CARTESIAN_POINT('Ctrl Pts',(-40.2979179356936,-13.,14.8701915172134));
#15004=CARTESIAN_POINT('Ctrl Pts',(-40.4687508999402,-13.,14.8701915172134));
#15005=CARTESIAN_POINT('Ctrl Pts',(-39.5005050633883,-13.,14.1201915172134));
#15006=CARTESIAN_POINT('Ctrl Pts',(-39.5014159510032,-13.,14.1212136384952));
#15007=CARTESIAN_POINT('Ctrl Pts',(-39.5021793294881,-13.,14.1221528124451));
#15008=CARTESIAN_POINT('Ctrl Pts',(-39.6178159092521,-13.,14.2551938878529));
#15009=CARTESIAN_POINT('Ctrl Pts',(-39.7888379383348,-13.,14.4516809040922));
#15010=CARTESIAN_POINT('Ctrl Pts',(-40.1060452861883,-13.,14.681967305726));
#15011=CARTESIAN_POINT('Ctrl Pts',(-40.3265873308484,-13.,14.7436542885049));
#15012=CARTESIAN_POINT('Ctrl Pts',(-40.4687508999402,-13.,14.7392918233139));
#15013=CARTESIAN_POINT('Ctrl Pts',(-39.5005050633883,-13.,14.1201915172134));
#15014=CARTESIAN_POINT('Ctrl Pts',(-39.5013576920658,-13.0000906778336,
14.1211198669956));
#15015=CARTESIAN_POINT('Ctrl Pts',(-39.5028643671865,-12.9999141684082,
14.1218743134562));
#15016=CARTESIAN_POINT('Ctrl Pts',(-39.642052984809,-13.0004497105097,14.2391442888322));
#15017=CARTESIAN_POINT('Ctrl Pts',(-39.8550670001844,-12.9654453374711,
14.4067241756733));
#15018=CARTESIAN_POINT('Ctrl Pts',(-40.1616759664199,-12.9102836488645,
14.585163120707));
#15019=CARTESIAN_POINT('Ctrl Pts',(-40.3506263513837,-12.8904487129721,
14.6274604138224));
#15020=CARTESIAN_POINT('Ctrl Pts',(-40.4687508999402,-12.8808996938996,
14.6201915172134));
#15021=CARTESIAN_POINT('Ctrl Pts',(-39.5005050633883,-13.,14.1201915172134));
#15022=CARTESIAN_POINT('Ctrl Pts',(-39.5017960696701,-13.,14.1209368800391));
#15023=CARTESIAN_POINT('Ctrl Pts',(-39.5030748305572,-12.9999973259192,
14.121683277222));
#15024=CARTESIAN_POINT('Ctrl Pts',(-39.677533478037,-12.998982851923,14.2208597486109));
#15025=CARTESIAN_POINT('Ctrl Pts',(-39.8996638199573,-12.9007151800217,
14.3709106519461));
#15026=CARTESIAN_POINT('Ctrl Pts',(-40.1688729681623,-12.7950787511881,
14.5622085197435));
#15027=CARTESIAN_POINT('Ctrl Pts',(-40.3513032370206,-12.7637840255315,
14.6201915172134));
#15028=CARTESIAN_POINT('Ctrl Pts',(-40.4687508999402,-12.75,14.6201915172134));
#15029=CARTESIAN_POINT('',(-40.4687508999402,-13.,14.8701915172134));
#15030=CARTESIAN_POINT('',(-40.4687508999402,-12.75,14.6201915172134));
#15031=CARTESIAN_POINT('Origin',(-40.4687508999402,-12.75,14.8701915172134));
#15032=CARTESIAN_POINT('',(-39.5005050633883,-13.,14.1201915172134));
#15033=CARTESIAN_POINT('Ctrl Pts',(-40.4687508999402,-12.75,14.6201915172134));
#15034=CARTESIAN_POINT('Ctrl Pts',(-40.3513032370206,-12.7637840255315,
14.6201915172134));
#15035=CARTESIAN_POINT('Ctrl Pts',(-40.1688729681623,-12.7950787511881,
14.5622085197435));
#15036=CARTESIAN_POINT('Ctrl Pts',(-39.8996638199573,-12.9007151800217,
14.3709106519461));
#15037=CARTESIAN_POINT('Ctrl Pts',(-39.677533478037,-12.998982851923,14.2208597486109));
#15038=CARTESIAN_POINT('Ctrl Pts',(-39.5030748305572,-12.9999973259192,
14.121683277222));
#15039=CARTESIAN_POINT('Ctrl Pts',(-39.5017960696701,-13.,14.1209368800391));
#15040=CARTESIAN_POINT('Ctrl Pts',(-39.5005050633883,-13.,14.1201915172134));
#15041=CARTESIAN_POINT('Ctrl Pts',(-39.5005050633883,-13.,14.1201915172134));
#15042=CARTESIAN_POINT('Ctrl Pts',(-39.501150566529,-13.,14.1213095614509));
#15043=CARTESIAN_POINT('Ctrl Pts',(-39.5017978772625,-13.,14.1224291572264));
#15044=CARTESIAN_POINT('Ctrl Pts',(-39.5875207175517,-13.,14.2711938643084));
#15045=CARTESIAN_POINT('Ctrl Pts',(-39.7214793534563,-13.,14.4962702193123));
#15046=CARTESIAN_POINT('Ctrl Pts',(-40.0432808446262,-13.,14.7832170210078));
#15047=CARTESIAN_POINT('Ctrl Pts',(-40.2979179356936,-13.,14.8701915172134));
#15048=CARTESIAN_POINT('Ctrl Pts',(-40.4687508999402,-13.,14.8701915172134));
#15049=CARTESIAN_POINT('Origin',(-13.,-12.75,14.8701915172134));
#15050=CARTESIAN_POINT('',(-13.,-12.75,14.6201915172134));
#15051=CARTESIAN_POINT('',(-13.,-13.,14.8701915172134));
#15052=CARTESIAN_POINT('Origin',(0.,-13.,16.5502265845516));
#15053=CARTESIAN_POINT('',(-39.5005050633883,-13.,10.7201915172134));
#15054=CARTESIAN_POINT('',(-39.5005050633883,-13.,14.6201915172134));
#15055=CARTESIAN_POINT('',(-35.5287527205297,-13.,10.7201915172134));
#15056=CARTESIAN_POINT('',(-26.,-13.,10.7201915172134));
#15057=CARTESIAN_POINT('',(-35.5287527205297,-13.,14.1201915172134));
#15058=CARTESIAN_POINT('',(-35.5287527205297,-13.,14.6201915172134));
#15059=CARTESIAN_POINT('',(-34.5605068839779,-13.,14.8701915172134));
#15060=CARTESIAN_POINT('Ctrl Pts',(-34.5605068839779,-13.,14.8701915172134));
#15061=CARTESIAN_POINT('Ctrl Pts',(-34.8167563303475,-13.,14.8701915172134));
#15062=CARTESIAN_POINT('Ctrl Pts',(-35.1444044784183,-13.,14.6931358583448));
#15063=CARTESIAN_POINT('Ctrl Pts',(-35.3960600709628,-13.,14.3452276664019));
#15064=CARTESIAN_POINT('Ctrl Pts',(-35.4841186335749,-12.9999999999999,
14.1974803359932));
#15065=CARTESIAN_POINT('Ctrl Pts',(-35.527461539148,-13.,14.1224279881582));
#15066=CARTESIAN_POINT('Ctrl Pts',(-35.5281072173886,-13.,14.1213095614507));
#15067=CARTESIAN_POINT('Ctrl Pts',(-35.5287527205297,-13.,14.1201915172134));
#15068=CARTESIAN_POINT('',(-0.249999999999999,-13.,14.8701915172134));
#15069=CARTESIAN_POINT('',(-13.,-13.,14.8701915172134));
#15070=CARTESIAN_POINT('',(-0.25,-13.,45.));
#15071=CARTESIAN_POINT('',(-0.25,-13.,21.8306650426546));
#15072=CARTESIAN_POINT('',(-1.8,-13.,45.));
#15073=CARTESIAN_POINT('',(0.,-13.,45.));
#15074=CARTESIAN_POINT('',(-1.8,-13.,38.5));
#15075=CARTESIAN_POINT('',(-1.8,-13.,27.2751132922758));
#15076=CARTESIAN_POINT('',(-2.3,-13.,38.));
#15077=CARTESIAN_POINT('',(-6.9624433538621,-13.,33.3375566461379));
#15078=CARTESIAN_POINT('',(-3.1,-13.,38.));
#15079=CARTESIAN_POINT('',(-1.80000000000011,-13.,38.));
#15080=CARTESIAN_POINT('',(-3.6,-13.,38.5));
#15081=CARTESIAN_POINT('',(2.9124433538621,-13.,31.9875566461379));
#15082=CARTESIAN_POINT('',(-3.6,-13.,45.));
#15083=CARTESIAN_POINT('',(-3.6,-13.,33.2751132922758));
#15084=CARTESIAN_POINT('',(-6.25,-13.,45.));
#15085=CARTESIAN_POINT('',(0.,-13.,45.));
#15086=CARTESIAN_POINT('',(-6.25,-13.,36.3964466094067));
#15087=CARTESIAN_POINT('',(-6.25,-13.,29.9001132922758));
#15088=CARTESIAN_POINT('',(-7.73743686707646,-13.,34.9090097423303));
#15089=CARTESIAN_POINT('',(-10.6856666585655,-13.,31.9607799508413));
#15090=CARTESIAN_POINT('',(-9.32842712474619,-13.,34.25));
#15091=CARTESIAN_POINT('Origin',(-9.32842712474619,-13.,36.5));
#15092=CARTESIAN_POINT('',(-74.25,-13.,34.25));
#15093=CARTESIAN_POINT('',(-38.9784271247462,-13.,30.75));
#15094=CARTESIAN_POINT('',(-81.925,-13.,30.75));
#15095=CARTESIAN_POINT('',(-37.3874368670765,-13.,26.9090097423303));
#15096=CARTESIAN_POINT('Origin',(-38.9784271247462,-13.,28.5));
#15097=CARTESIAN_POINT('',(-44.9464466094067,-13.,19.35));
#15098=CARTESIAN_POINT('',(-34.3731666585655,-13.,29.9232799508413));
#15099=CARTESIAN_POINT('',(-99.,-13.,19.35));
#15100=CARTESIAN_POINT('',(-2.25,-13.,20.6));
#15101=CARTESIAN_POINT('',(-2.25,-13.,29.6));
#15102=CARTESIAN_POINT('',(-2.25,-13.,21.8306650426546));
#15103=CARTESIAN_POINT('',(-3.5,-13.,19.35));
#15104=CARTESIAN_POINT('Origin',(-3.5,-13.,20.6));
#15105=CARTESIAN_POINT('',(-15.,-13.,19.35));
#15106=CARTESIAN_POINT('',(0.,-13.,19.35));
#15107=CARTESIAN_POINT('',(-17.25,-13.,21.6));
#15108=CARTESIAN_POINT('Origin',(-15.,-13.,21.6));
#15109=CARTESIAN_POINT('',(-17.25,-13.,25.1715728752538));
#15110=CARTESIAN_POINT('',(-17.25,-13.,21.2751132922758));
#15111=CARTESIAN_POINT('',(-16.5909902576697,-13.,26.7625631329235));
#15112=CARTESIAN_POINT('Origin',(-15.,-13.,25.1715728752538));
#15113=CARTESIAN_POINT('',(-13.1625631329236,-13.,30.1909902576697));
#15114=CARTESIAN_POINT('',(-12.9892200491587,-13.,30.3643333414345));
#15115=CARTESIAN_POINT('',(-11.5715728752538,-13.,30.85));
#15116=CARTESIAN_POINT('Origin',(-11.5715728752538,-13.,28.6));
#15117=CARTESIAN_POINT('',(-3.5,-13.,30.85));
#15118=CARTESIAN_POINT('',(-1.25,-13.,30.85));
#15119=CARTESIAN_POINT('Origin',(-3.5,-13.,29.6));
#15120=CARTESIAN_POINT('',(-50.55,-13.,17.35));
#15121=CARTESIAN_POINT('Origin',(-49.5,-13.,17.35));
#15122=CARTESIAN_POINT('Origin',(-2.25,-12.75,21.8306650426546));
#15123=CARTESIAN_POINT('',(-2.5,-12.75,20.6));
#15124=CARTESIAN_POINT('Origin',(-2.25,-12.75,20.6));
#15125=CARTESIAN_POINT('',(-2.5,-12.75,29.6));
#15126=CARTESIAN_POINT('Origin',(-2.25,-12.75,29.6));
#15127=CARTESIAN_POINT('',(-2.5,-12.75,21.8306650426546));
#15128=CARTESIAN_POINT('Origin',(-3.5,-12.75,29.6));
#15129=CARTESIAN_POINT('',(-3.5,-12.75,30.6));
#15130=CARTESIAN_POINT('Origin',(-3.5,-12.75,30.85));
#15131=CARTESIAN_POINT('Origin',(-3.5,-12.75,29.6));
#15132=CARTESIAN_POINT('Origin',(-1.25,-12.75,30.85));
#15133=CARTESIAN_POINT('',(-11.5715728752538,-12.75,30.6));
#15134=CARTESIAN_POINT('Origin',(-11.5715728752538,-12.75,30.85));
#15135=CARTESIAN_POINT('',(-1.25,-12.75,30.6));
#15136=CARTESIAN_POINT('Origin',(-11.5715728752538,-12.75,28.6));
#15137=CARTESIAN_POINT('',(-12.9857864376269,-12.75,30.0142135623731));
#15138=CARTESIAN_POINT('Origin',(-13.1625631329236,-12.75,30.1909902576697));
#15139=CARTESIAN_POINT('Origin',(-11.5715728752538,-12.75,28.6));
#15140=CARTESIAN_POINT('Origin',(-12.9892200491587,-12.75,30.3643333414345));
#15141=CARTESIAN_POINT('',(-16.4142135623731,-12.75,26.5857864376269));
#15142=CARTESIAN_POINT('Origin',(-16.5909902576697,-12.75,26.7625631329235));
#15143=CARTESIAN_POINT('',(-12.8124433538621,-12.75,30.1875566461379));
#15144=CARTESIAN_POINT('Origin',(-15.,-12.75,25.1715728752538));
#15145=CARTESIAN_POINT('',(-17.,-12.75,25.1715728752538));
#15146=CARTESIAN_POINT('Origin',(-17.25,-12.75,25.1715728752538));
#15147=CARTESIAN_POINT('Origin',(-15.,-12.75,25.1715728752538));
#15148=CARTESIAN_POINT('Origin',(-17.25,-12.75,21.2751132922758));
#15149=CARTESIAN_POINT('',(-17.,-12.75,21.6));
#15150=CARTESIAN_POINT('Origin',(-17.25,-12.75,21.6));
#15151=CARTESIAN_POINT('',(-17.,-12.75,21.2751132922758));
#15152=CARTESIAN_POINT('Origin',(-15.,-12.75,21.6));
#15153=CARTESIAN_POINT('',(-15.,-12.75,19.6));
#15154=CARTESIAN_POINT('Origin',(-15.,-12.75,19.35));
#15155=CARTESIAN_POINT('Origin',(-15.,-12.75,21.6));
#15156=CARTESIAN_POINT('Origin',(0.,-12.75,19.35));
#15157=CARTESIAN_POINT('',(-3.5,-12.75,19.6));
#15158=CARTESIAN_POINT('Origin',(-3.5,-12.75,19.35));
#15159=CARTESIAN_POINT('',(0.,-12.75,19.6));
#15160=CARTESIAN_POINT('Origin',(-3.5,-12.75,20.6));
#15161=CARTESIAN_POINT('Origin',(-3.5,-12.75,20.6));
#15162=CARTESIAN_POINT('Origin',(-17.,-13.,26.));
#15163=CARTESIAN_POINT('',(-17.,-11.,21.6));
#15164=CARTESIAN_POINT('',(-17.,-13.,21.6));
#15165=CARTESIAN_POINT('',(-17.,-11.,25.1715728752538));
#15166=CARTESIAN_POINT('',(-17.,-11.,19.6));
#15167=CARTESIAN_POINT('',(-17.,-13.,25.1715728752538));
#15168=CARTESIAN_POINT('Origin',(-15.,-13.,21.6));
#15169=CARTESIAN_POINT('',(-15.,-11.,19.6));
#15170=CARTESIAN_POINT('',(-15.,-13.,19.6));
#15171=CARTESIAN_POINT('Origin',(-15.,-11.,21.6));
#15172=CARTESIAN_POINT('Origin',(0.,-13.,19.6));
#15173=CARTESIAN_POINT('',(-34.4786796564404,-11.,19.6));
#15174=CARTESIAN_POINT('',(-34.4786796564403,-9.75,19.6));
#15175=CARTESIAN_POINT('',(-3.725,-11.,19.6));
#15176=CARTESIAN_POINT('',(-3.5,-9.75,19.6));
#15177=CARTESIAN_POINT('',(-3.5,-6.375,19.6));
#15178=CARTESIAN_POINT('',(-3.49999999999984,-4.37754493028119,19.6));
#15179=CARTESIAN_POINT('',(-3.5,-6.375,19.6));
#15180=CARTESIAN_POINT('',(-3.57322330470336,-4.32677669529664,19.6));
#15181=CARTESIAN_POINT('Origin',(-3.39644660940673,-4.15,19.6));
#15182=CARTESIAN_POINT('',(-4.92677669529664,-2.97322330470336,19.6));
#15183=CARTESIAN_POINT('',(-0.85,-7.05,19.6));
#15184=CARTESIAN_POINT('',(-5.,-2.79644660940673,19.6));
#15185=CARTESIAN_POINT('Origin',(-4.75,-2.79644660940673,19.6));
#15186=CARTESIAN_POINT('',(-5.,2.5,19.6));
#15187=CARTESIAN_POINT('',(-5.,-6.825,19.6));
#15188=CARTESIAN_POINT('',(0.,2.5,19.6));
#15189=CARTESIAN_POINT('Origin',(-3.5,-6.375,20.6));
#15190=CARTESIAN_POINT('',(-2.5,-10.75,20.6));
#15191=CARTESIAN_POINT('',(-2.5,-6.375,20.6));
#15192=CARTESIAN_POINT('Origin',(-3.5,-9.75,20.6));
#15193=CARTESIAN_POINT('Origin',(-2.5,0.25,27.1111035007575));
#15194=CARTESIAN_POINT('',(-2.5,-11.,29.6));
#15195=CARTESIAN_POINT('',(-2.5,-6.375,29.6));
#15196=CARTESIAN_POINT('',(-2.5,-11.,32.3964466094067));
#15197=CARTESIAN_POINT('',(-2.5,-11.,30.3305517503787));
#15198=CARTESIAN_POINT('',(-2.5,-3.25000000000001,32.3964466094067));
#15199=CARTESIAN_POINT('',(-2.5,-0.5625,32.3964466094067));
#15200=CARTESIAN_POINT('',(-2.5,-2.75000000000001,33.1035533905933));
#15201=CARTESIAN_POINT('Origin',(-2.5,-3.25000000000001,33.1035533905933));
#15202=CARTESIAN_POINT('',(-2.5,-2.74999999999999,37.75));
#15203=CARTESIAN_POINT('',(-2.5,-2.75,36.0555517503787));
#15204=CARTESIAN_POINT('',(-2.5,6.15000000000002,28.85));
#15205=CARTESIAN_POINT('',(-2.5,13.5,21.5));
#15206=CARTESIAN_POINT('',(-2.5,-10.75,28.85));
#15207=CARTESIAN_POINT('',(-2.5,1.67500000000001,28.85));
#15208=CARTESIAN_POINT('',(-2.5,-10.75,23.3555517503787));
#15209=CARTESIAN_POINT('Origin',(0.,-12.75,19.35));
#15210=CARTESIAN_POINT('',(-45.05,-12.75,19.6));
#15211=CARTESIAN_POINT('',(0.,-12.75,19.6));
#15212=CARTESIAN_POINT('Origin',(-44.9464466094067,-12.75,19.35));
#15213=CARTESIAN_POINT('Origin',(-17.075,-12.75,30.75));
#15214=CARTESIAN_POINT('',(-38.9784271247462,-12.75,30.5));
#15215=CARTESIAN_POINT('',(-81.925,-12.75,30.5));
#15216=CARTESIAN_POINT('Origin',(-38.9784271247462,-12.75,30.75));
#15217=CARTESIAN_POINT('Origin',(-38.9784271247462,-12.75,28.5));
#15218=CARTESIAN_POINT('',(-37.5642135623731,-12.75,27.0857864376269));
#15219=CARTESIAN_POINT('Origin',(-37.3874368670765,-12.75,26.9090097423303));
#15220=CARTESIAN_POINT('Origin',(-38.9784271247462,-12.75,28.5));
#15221=CARTESIAN_POINT('Origin',(-34.3731666585655,-12.75,29.9232799508413));
#15222=CARTESIAN_POINT('',(-34.5499433538621,-12.75,30.1000566461379));
#15223=CARTESIAN_POINT('Origin',(0.,-13.,19.6));
#15224=CARTESIAN_POINT('',(-45.05,-11.,19.6));
#15225=CARTESIAN_POINT('',(-45.05,-13.,19.6));
#15226=CARTESIAN_POINT('',(-45.05,-5.2,19.6));
#15227=CARTESIAN_POINT('',(-45.05,-12.,19.6));
#15228=CARTESIAN_POINT('',(-49.5,-5.2,19.6));
#15229=CARTESIAN_POINT('',(-51.1,-9.,19.6));
#15230=CARTESIAN_POINT('Origin',(-49.5,-9.,19.6));
#15231=CARTESIAN_POINT('Origin',(-45.05,-13.,19.6));
#15232=CARTESIAN_POINT('',(-37.5642135623731,-11.,27.0857864376269));
#15233=CARTESIAN_POINT('',(-37.5642135623731,-13.,27.0857864376269));
#15234=CARTESIAN_POINT('',(-30.15,-11.,34.5));
#15235=CARTESIAN_POINT('Origin',(-38.9784271247462,-13.,28.5));
#15236=CARTESIAN_POINT('',(-38.9784271247462,-11.,30.5));
#15237=CARTESIAN_POINT('',(-38.9784271247462,-13.,30.5));
#15238=CARTESIAN_POINT('Origin',(-38.9784271247462,-11.,28.5));
#15239=CARTESIAN_POINT('Origin',(-34.15,-13.,30.5));
#15240=CARTESIAN_POINT('',(-49.5,-11.,30.5));
#15241=CARTESIAN_POINT('Origin',(-10.6856666585655,-12.75,31.9607799508413));
#15242=CARTESIAN_POINT('',(-6.5,-12.75,36.5));
#15243=CARTESIAN_POINT('',(-7.9142135623731,-12.75,35.0857864376269));
#15244=CARTESIAN_POINT('',(-10.8624433538621,-12.75,32.1375566461379));
#15245=CARTESIAN_POINT('Origin',(-7.73743686707646,-12.75,34.9090097423303));
#15246=CARTESIAN_POINT('Origin',(-6.25,-12.75,36.3964466094067));
#15247=CARTESIAN_POINT('Ctrl Pts',(-2.5,-3.25000000000001,32.3964466094067));
#15248=CARTESIAN_POINT('Ctrl Pts',(-2.5,-3.11910030610043,32.3964466094067));
#15249=CARTESIAN_POINT('Ctrl Pts',(-2.5,-2.85826719939698,32.5495595511541));
#15250=CARTESIAN_POINT('Ctrl Pts',(-2.5,-2.75,32.91843326817));
#15251=CARTESIAN_POINT('Ctrl Pts',(-2.5,-2.75,33.1035533905933));
#15252=CARTESIAN_POINT('Ctrl Pts',(-2.5,-3.25000000000001,32.4291715328816));
#15253=CARTESIAN_POINT('Ctrl Pts',(-2.5,-3.13121740657514,32.4291715328816));
#15254=CARTESIAN_POINT('Ctrl Pts',(-2.50002226284369,-2.89458702711777,
32.5775127113387));
#15255=CARTESIAN_POINT('Ctrl Pts',(-2.50025185905101,-2.8076679448489,32.930569135601));
#15256=CARTESIAN_POINT('Ctrl Pts',(-2.5,-2.81544984694979,33.1035533905933));
#15257=CARTESIAN_POINT('Ctrl Pts',(-2.51302861573743,-3.25000000000001,
32.4946033706626));
#15258=CARTESIAN_POINT('Ctrl Pts',(-2.51302861573743,-3.15543994469186,
32.4946033706626));
#15259=CARTESIAN_POINT('Ctrl Pts',(-2.51989310772971,-2.96723814722536,
32.6334212846693));
#15260=CARTESIAN_POINT('Ctrl Pts',(-2.5407523889729,-2.92304339933881,32.9546374798583));
#15261=CARTESIAN_POINT('Ctrl Pts',(-2.55428482839723,-2.94571517160277,
33.1035533905933));
#15262=CARTESIAN_POINT('Ctrl Pts',(-2.55008328940046,-3.25000000000001,
32.5500832894005));
#15263=CARTESIAN_POINT('Ctrl Pts',(-2.55008328940046,-3.17599023932338,
32.5500832894005));
#15264=CARTESIAN_POINT('Ctrl Pts',(-2.57639665184802,-3.02878457826384,
32.6743999520537));
#15265=CARTESIAN_POINT('Ctrl Pts',(-2.64595535613871,-2.98761227351797,
32.9648099671824));
#15266=CARTESIAN_POINT('Ctrl Pts',(-2.68455015305021,-3.,33.1035533905933));
#15267=CARTESIAN_POINT('Ctrl Pts',(-2.57322330470337,-3.25000000000001,
32.5732233047034));
#15268=CARTESIAN_POINT('Ctrl Pts',(-2.57322330470337,-3.18455015305022,
32.5732233047034));
#15269=CARTESIAN_POINT('Ctrl Pts',(-2.6115015401402,-3.05413359969849,32.6880580110139));
#15270=CARTESIAN_POINT('Ctrl Pts',(-2.70371996939418,-3.00000000000001,
32.9647132987758));
#15271=CARTESIAN_POINT('Ctrl Pts',(-2.75,-3.00000000000001,33.1035533905933));
#15272=CARTESIAN_POINT('',(-2.75,-3.00000000000001,33.1035533905933));
#15273=CARTESIAN_POINT('',(-2.57322330470336,-3.25000000000001,32.5732233047034));
#15274=CARTESIAN_POINT('Origin',(-2.75000000000001,-3.25000000000001,33.1035533905933));
#15275=CARTESIAN_POINT('Origin',(-2.75,-2.75000000000001,33.1035533905933));
#15276=CARTESIAN_POINT('Origin',(-2.75,-3.25000000000001,32.3964466094067));
#15277=CARTESIAN_POINT('Origin',(-2.75,-2.75,36.0555517503787));
#15278=CARTESIAN_POINT('',(-2.75,-2.99999999999999,38.));
#15279=CARTESIAN_POINT('Origin',(-2.75,-2.74999999999999,37.75));
#15280=CARTESIAN_POINT('',(-2.75,-3.,36.0555517503787));
#15281=CARTESIAN_POINT('Origin',(-2.75,-0.5625,32.3964466094067));
#15282=CARTESIAN_POINT('',(-2.57322330470336,-11.,32.5732233047034));
#15283=CARTESIAN_POINT('Origin',(-2.75,-11.,32.3964466094067));
#15284=CARTESIAN_POINT('',(-2.57322330470336,-0.5625,32.5732233047034));
#15285=CARTESIAN_POINT('Origin',(-6.25,-12.75,29.9001132922758));
#15286=CARTESIAN_POINT('',(-6.5,-12.75,45.));
#15287=CARTESIAN_POINT('Origin',(-6.25,-12.75,45.));
#15288=CARTESIAN_POINT('',(-6.5,-12.75,29.9001132922758));
#15289=CARTESIAN_POINT('Origin',(-6.25,-8.,45.));
#15290=CARTESIAN_POINT('',(-6.25,-3.,45.));
#15291=CARTESIAN_POINT('',(-6.5,-3.25,45.));
#15292=CARTESIAN_POINT('Origin',(-6.25,-3.25,45.));
#15293=CARTESIAN_POINT('Origin',(-6.5,-8.,45.));
#15294=CARTESIAN_POINT('Origin',(-6.25,-8.,45.));
#15295=CARTESIAN_POINT('Origin',(-6.25,-3.24999999999997,44.125));
#15296=CARTESIAN_POINT('',(-6.5,-3.25,36.5));
#15297=CARTESIAN_POINT('',(-6.5,-3.24999999999997,44.125));
#15298=CARTESIAN_POINT('',(-6.25,-3.,36.6035533905933));
#15299=CARTESIAN_POINT('',(-6.25,-2.99999999999997,44.125));
#15300=CARTESIAN_POINT('Origin',(-6.25,-3.25,36.6035533905933));
#15301=CARTESIAN_POINT('Origin',(-5.82322330470337,-3.25,36.1767766952966));
#15302=CARTESIAN_POINT('',(-5.82322330470337,-3.,36.1767766952966));
#15303=CARTESIAN_POINT('',(-6.,-3.25,36.));
#15304=CARTESIAN_POINT('Origin',(-9.32842712474619,-12.75,36.5));
#15305=CARTESIAN_POINT('',(-9.32842712474619,-12.75,34.5));
#15306=CARTESIAN_POINT('Origin',(-9.32842712474619,-12.75,34.25));
#15307=CARTESIAN_POINT('Origin',(-9.32842712474619,-12.75,36.5));
#15308=CARTESIAN_POINT('Origin',(-24.75,-12.75,34.25));
#15309=CARTESIAN_POINT('',(-24.75,-12.75,34.5));
#15310=CARTESIAN_POINT('Origin',(-9.32842712474619,-13.,36.5));
#15311=CARTESIAN_POINT('',(-7.9142135623731,-11.,35.0857864376269));
#15312=CARTESIAN_POINT('',(-7.9142135623731,-13.,35.0857864376269));
#15313=CARTESIAN_POINT('',(-9.32842712474619,-11.,34.5));
#15314=CARTESIAN_POINT('Origin',(-9.32842712474619,-11.,36.5));
#15315=CARTESIAN_POINT('',(-9.32842712474619,-13.,34.5));
#15316=CARTESIAN_POINT('Origin',(-8.5,-13.,34.5));
#15317=CARTESIAN_POINT('',(-6.5,-11.,36.5));
#15318=CARTESIAN_POINT('',(-6.5,-13.,36.5));
#15319=CARTESIAN_POINT('',(-6.5,-11.,36.5));
#15320=CARTESIAN_POINT('Origin',(-6.5,-8.,43.25));
#15321=CARTESIAN_POINT('',(-6.5,-13.,36.5));
#15322=CARTESIAN_POINT('',(-6.5,-4.00484668629601,45.));
#15323=CARTESIAN_POINT('',(-6.5,-8.00000000000001,48.995153313704));
#15324=CARTESIAN_POINT('',(-6.5,-4.56613501472201,45.561288328426));
#15325=CARTESIAN_POINT('',(-6.5,-11.995153313704,45.));
#15326=CARTESIAN_POINT('',(-6.5,-9.436288328426,47.558864985278));
#15327=CARTESIAN_POINT('',(-6.5,-8.,41.004846686296));
#15328=CARTESIAN_POINT('',(-6.5,-10.558864985278,43.563711671574));
#15329=CARTESIAN_POINT('',(-6.5,-7.438711671574,41.566135014722));
#15330=CARTESIAN_POINT('Origin',(-4.5,-1.375,34.5));
#15331=CARTESIAN_POINT('',(-5.,-11.,35.));
#15332=CARTESIAN_POINT('Origin',(-7.45000000000001,-11.,33.55));
#15333=CARTESIAN_POINT('',(-3.5,-11.,30.6));
#15334=CARTESIAN_POINT('Origin',(-3.5,-11.,29.6));
#15335=CARTESIAN_POINT('',(-11.5715728752538,-11.,30.6));
#15336=CARTESIAN_POINT('',(-12.4,-11.,30.6));
#15337=CARTESIAN_POINT('',(-12.9857864376269,-11.,30.0142135623731));
#15338=CARTESIAN_POINT('Origin',(-11.5715728752538,-11.,28.6));
#15339=CARTESIAN_POINT('',(-16.4142135623731,-11.,26.5857864376269));
#15340=CARTESIAN_POINT('',(-23.4,-11.,19.6));
#15341=CARTESIAN_POINT('Origin',(-15.,-11.,25.1715728752538));
#15342=CARTESIAN_POINT('',(-35.5393398282202,-11.,19.1606601717798));
#15343=CARTESIAN_POINT('Origin',(-34.4786796564403,-11.,18.1));
#15344=CARTESIAN_POINT('',(-37.9606601717798,-11.,16.7393398282202));
#15345=CARTESIAN_POINT('',(-25.525,-11.,29.175));
#15346=CARTESIAN_POINT('Origin',(-39.0213203435596,-11.,17.8));
#15347=CARTESIAN_POINT('',(-45.05,-11.,17.8));
#15348=CARTESIAN_POINT('Origin',(-43.55,-11.,17.8));
#15349=CARTESIAN_POINT('',(-45.05,-11.,26.575));
#15350=CARTESIAN_POINT('',(-90.5,-11.,34.5));
#15351=CARTESIAN_POINT('Origin',(-0.25,10.375,10.8827993848858));
#15352=CARTESIAN_POINT('',(0.,20.3964466094067,10.8827993848858));
#15353=CARTESIAN_POINT('',(0.,21.5,10.8827993848858));
#15354=CARTESIAN_POINT('',(0.,10.375,10.8827993848858));
#15355=CARTESIAN_POINT('',(-0.25,21.5,11.1327993848858));
#15356=CARTESIAN_POINT('Origin',(-0.25,21.5,10.8827993848858));
#15357=CARTESIAN_POINT('',(-0.25,20.5,11.1327993848858));
#15358=CARTESIAN_POINT('',(-0.25,10.375,11.1327993848858));
#15359=CARTESIAN_POINT('Origin',(-0.25,20.3964466094067,10.8827993848858));
#15360=CARTESIAN_POINT('Origin',(-0.25,-3.25,36.0555517503787));
#15361=CARTESIAN_POINT('',(-0.25,-2.99999999999999,38.));
#15362=CARTESIAN_POINT('',(-0.25,-3.,45.));
#15363=CARTESIAN_POINT('',(-0.25,-3.,36.0555517503787));
#15364=CARTESIAN_POINT('',(0.,-3.24999999999997,45.));
#15365=CARTESIAN_POINT('Origin',(-0.25,-3.24999999999997,45.));
#15366=CARTESIAN_POINT('',(0.,-3.24999999999999,37.8964466094067));
#15367=CARTESIAN_POINT('',(0.,-3.25,36.0555517503787));
#15368=CARTESIAN_POINT('Origin',(-0.25,-3.24999999999999,37.8964466094067));
#15369=CARTESIAN_POINT('Origin',(-0.25,13.25,24.3055517503787));
#15370=CARTESIAN_POINT('',(-0.25,13.5,18.1327993848858));
#15371=CARTESIAN_POINT('',(-0.25,13.5,21.5));
#15372=CARTESIAN_POINT('',(-0.25,13.5,24.3055517503787));
#15373=CARTESIAN_POINT('',(0.,13.25,21.3964466094067));
#15374=CARTESIAN_POINT('Origin',(-0.25,13.25,21.3964466094067));
#15375=CARTESIAN_POINT('',(0.,13.25,18.0292459942925));
#15376=CARTESIAN_POINT('',(0.,13.25,24.3055517503787));
#15377=CARTESIAN_POINT('Origin',(-0.25,13.25,18.0292459942925));
#15378=CARTESIAN_POINT('Origin',(-0.25,0.357947429514004,34.2884991798927));
#15379=CARTESIAN_POINT('',(0.,0.357947429514004,34.2884991798927));
#15380=CARTESIAN_POINT('',(-0.25,0.53472412481064,34.4652758751894));
#15381=CARTESIAN_POINT('Origin',(-0.25,-8.,45.));
#15382=CARTESIAN_POINT('',(0.,-12.75,45.));
#15383=CARTESIAN_POINT('Origin',(-0.25,-12.75,45.));
#15384=CARTESIAN_POINT('Origin',(0.,-8.,45.));
#15385=CARTESIAN_POINT('Origin',(-0.25,-8.,45.));
#15386=CARTESIAN_POINT('Origin',(-0.25,-12.75,21.8306650426546));
#15387=CARTESIAN_POINT('',(0.,-12.75,14.6201915172134));
#15388=CARTESIAN_POINT('',(0.,-12.75,21.8306650426546));
#15389=CARTESIAN_POINT('Origin',(-0.25,-12.75,14.8701915172134));
#15390=CARTESIAN_POINT('Origin',(-0.25,7.76614727573544,23.513098718557));
#15391=CARTESIAN_POINT('',(-0.25,7.94292397103207,23.6898754138537));
#15392=CARTESIAN_POINT('',(0.,7.76614727573544,23.513098718557));
#15393=CARTESIAN_POINT('Origin',(-13.,-12.75,14.8701915172134));
#15394=CARTESIAN_POINT('',(-34.5605068839779,-12.75,14.6201915172134));
#15395=CARTESIAN_POINT('Origin',(-34.5605068839779,-12.75,14.8701915172134));
#15396=CARTESIAN_POINT('',(-13.,-12.75,14.6201915172134));
#15397=CARTESIAN_POINT('Ctrl Pts',(-34.5605068839779,-13.,14.8701915172134));
#15398=CARTESIAN_POINT('Ctrl Pts',(-34.8167563303475,-13.,14.8701915172134));
#15399=CARTESIAN_POINT('Ctrl Pts',(-35.1444044784183,-13.,14.6931358583448));
#15400=CARTESIAN_POINT('Ctrl Pts',(-35.3960600709628,-13.,14.3452276664019));
#15401=CARTESIAN_POINT('Ctrl Pts',(-35.4841186335749,-12.9999999999999,
14.1974803359932));
#15402=CARTESIAN_POINT('Ctrl Pts',(-35.527461539148,-13.,14.1224279881582));
#15403=CARTESIAN_POINT('Ctrl Pts',(-35.5281072173886,-13.,14.1213095614507));
#15404=CARTESIAN_POINT('Ctrl Pts',(-35.5287527205297,-13.,14.1201915172134));
#15405=CARTESIAN_POINT('Ctrl Pts',(-34.5605068839779,-13.,14.8047416702637));
#15406=CARTESIAN_POINT('Ctrl Pts',(-34.7957577398803,-12.9998874796037,
14.8082183081085));
#15407=CARTESIAN_POINT('Ctrl Pts',(-35.1033827773343,-12.9999864158125,
14.65466116906));
#15408=CARTESIAN_POINT('Ctrl Pts',(-35.3747126613624,-12.9998713558533,
14.3327541237392));
#15409=CARTESIAN_POINT('Ctrl Pts',(-35.4766819367866,-12.9999913018517,
14.1931882020136));
#15410=CARTESIAN_POINT('Ctrl Pts',(-35.5272463373984,-13.0000000848483,
14.1223037232887));
#15411=CARTESIAN_POINT('Ctrl Pts',(-35.5279996335317,-13.,14.121247447882));
#15412=CARTESIAN_POINT('Ctrl Pts',(-35.5287527205297,-13.,14.1201915172134));
#15413=CARTESIAN_POINT('Ctrl Pts',(-34.5605068839779,-12.9456781174956,
14.6745133997178));
#15414=CARTESIAN_POINT('Ctrl Pts',(-34.7541124840175,-12.951723861894,14.6846422268914));
#15415=CARTESIAN_POINT('Ctrl Pts',(-35.0214833219317,-12.9667571477914,
14.5776371273253));
#15416=CARTESIAN_POINT('Ctrl Pts',(-35.3319843010931,-12.9947206068053,
14.3077195896285));
#15417=CARTESIAN_POINT('Ctrl Pts',(-35.4618087194508,-12.999932900741,14.1845966962547));
#15418=CARTESIAN_POINT('Ctrl Pts',(-35.5268159315315,-12.999999366115,14.1220552645859));
#15419=CARTESIAN_POINT('Ctrl Pts',(-35.527784465818,-13.,14.1211232207446));
#15420=CARTESIAN_POINT('Ctrl Pts',(-35.5287527205297,-13.,14.1201915172134));
#15421=CARTESIAN_POINT('Ctrl Pts',(-34.5605068839779,-12.8154498469498,
14.6201915172134));
#15422=CARTESIAN_POINT('Ctrl Pts',(-34.7365111138175,-12.8326924349206,
14.6257258503546));
#15423=CARTESIAN_POINT('Ctrl Pts',(-34.9679611571678,-12.8757281576029,
14.5211037957495));
#15424=CARTESIAN_POINT('Ctrl Pts',(-35.2888412844679,-12.9779501346448,
14.2828571086512));
#15425=CARTESIAN_POINT('Ctrl Pts',(-35.4469322748267,-12.9997307304469,
14.1760198222605));
#15426=CARTESIAN_POINT('Ctrl Pts',(-35.5263855395429,-12.9999974590899,
14.1218066629895));
#15427=CARTESIAN_POINT('Ctrl Pts',(-35.5275692981042,-13.,14.1209989936071));
#15428=CARTESIAN_POINT('Ctrl Pts',(-35.5287527205297,-13.,14.1201915172134));
#15429=CARTESIAN_POINT('Ctrl Pts',(-34.5605068839779,-12.75,14.6201915172134));
#15430=CARTESIAN_POINT('Ctrl Pts',(-34.7366783783573,-12.7706760382972,
14.6201915172134));
#15431=CARTESIAN_POINT('Ctrl Pts',(-34.9538754198254,-12.8214981539383,
14.5021544113015));
#15432=CARTESIAN_POINT('Ctrl Pts',(-35.2673986052236,-12.9662476899823,
14.2702156166726));
#15433=CARTESIAN_POINT('Ctrl Pts',(-35.4394899051495,-12.9996060467824,
14.1717173964006));
#15434=CARTESIAN_POINT('Ctrl Pts',(-35.5261703818975,-12.9999960789989,
14.1216824978432));
#15435=CARTESIAN_POINT('Ctrl Pts',(-35.5274617142473,-13.,14.1209368800384));
#15436=CARTESIAN_POINT('Ctrl Pts',(-35.5287527205297,-13.,14.1201915172134));
#15437=CARTESIAN_POINT('Ctrl Pts',(-35.5287527205297,-13.,14.1201915172134));
#15438=CARTESIAN_POINT('Ctrl Pts',(-35.5274617142473,-13.,14.1209368800384));
#15439=CARTESIAN_POINT('Ctrl Pts',(-35.5261703818975,-12.9999960789989,
14.1216824978432));
#15440=CARTESIAN_POINT('Ctrl Pts',(-35.4394899051495,-12.9996060467824,
14.1717173964006));
#15441=CARTESIAN_POINT('Ctrl Pts',(-35.2673986052236,-12.9662476899823,
14.2702156166726));
#15442=CARTESIAN_POINT('Ctrl Pts',(-34.9538754198254,-12.8214981539383,
14.5021544113015));
#15443=CARTESIAN_POINT('Ctrl Pts',(-34.7366783783573,-12.7706760382972,
14.6201915172134));
#15444=CARTESIAN_POINT('Ctrl Pts',(-34.5605068839779,-12.75,14.6201915172134));
#15445=CARTESIAN_POINT('Origin',(-26.,8.25340093560919,14.6201915172134));
#15446=CARTESIAN_POINT('',(-26.,7.424973810863,14.6201915172134));
#15447=CARTESIAN_POINT('',(0.,-12.66,14.6201915172134));
#15448=CARTESIAN_POINT('',(-25.375,-12.66,14.6201915172134));
#15449=CARTESIAN_POINT('',(0.,-13.,14.6201915172134));
#15450=CARTESIAN_POINT('',(-34.5583218736697,-12.7413793103448,14.6201915172134));
#15451=CARTESIAN_POINT('Origin',(-35.5287527205297,-12.5,14.6201915172134));
#15452=CARTESIAN_POINT('',(-34.139591380113,-10.1071428571429,14.6201915172134));
#15453=CARTESIAN_POINT('Origin',(-49.6,-9.,14.6201915172134));
#15454=CARTESIAN_POINT('',(-35.6357599562311,-8.5,14.6201915172134));
#15455=CARTESIAN_POINT('Origin',(-35.6357599562311,-10.,14.6201915172134));
#15456=CARTESIAN_POINT('',(-38.4455488498967,-8.5,14.6201915172134));
#15457=CARTESIAN_POINT('',(-32.75,-8.5,14.6201915172134));
#15458=CARTESIAN_POINT('',(-39.9393376430926,-9.86363636363636,14.6201915172134));
#15459=CARTESIAN_POINT('Origin',(-38.4455488498967,-10.,14.6201915172134));
#15460=CARTESIAN_POINT('',(-40.4433141049704,-12.1666666666667,14.6201915172134));
#15461=CARTESIAN_POINT('Origin',(-49.4,-9.,14.6201915172134));
#15462=CARTESIAN_POINT('Origin',(-39.5005050633883,-12.5,14.6201915172134));
#15463=CARTESIAN_POINT('',(-51.1,-9.,14.6201915172134));
#15464=CARTESIAN_POINT('Origin',(-49.5,-9.,14.6201915172134));
#15465=CARTESIAN_POINT('Origin',(-35.5287527205297,-12.5,14.1201915172134));
#15466=CARTESIAN_POINT('',(-35.0435372970997,-12.6206896551724,14.1201915172134));
#15467=CARTESIAN_POINT('Origin',(-35.5287527205297,-12.5,14.1201915172134));
#15468=CARTESIAN_POINT('Origin',(-34.5583218736697,-12.7413793103448,14.1201915172134));
#15469=CARTESIAN_POINT('Origin',(0.,-8.,45.));
#15470=CARTESIAN_POINT('',(-1.8,-3.,45.));
#15471=CARTESIAN_POINT('',(0.,-3.,45.));
#15472=CARTESIAN_POINT('Origin',(-1.8,-8.,45.));
#15473=CARTESIAN_POINT('Origin',(0.,-2.99999999999997,45.));
#15474=CARTESIAN_POINT('',(-2.3,-2.99999999999999,38.));
#15475=CARTESIAN_POINT('',(0.,-2.99999999999999,38.));
#15476=CARTESIAN_POINT('',(-1.8,-2.99999999999999,38.5));
#15477=CARTESIAN_POINT('',(0.149999999999999,-2.99999999999998,40.45));
#15478=CARTESIAN_POINT('',(-1.8,-2.99999999999998,41.5));
#15479=CARTESIAN_POINT('Origin',(0.,-2.99999999999999,38.));
#15480=CARTESIAN_POINT('',(-2.5,13.5,21.5));
#15481=CARTESIAN_POINT('',(0.,13.5,21.5));
#15482=CARTESIAN_POINT('',(-2.5,8.52677669529664,26.4732233047034));
#15483=CARTESIAN_POINT('',(-2.5,13.5,21.5));
#15484=CARTESIAN_POINT('',(-4.75,8.52677669529664,26.4732233047034));
#15485=CARTESIAN_POINT('',(-1.25,8.52677669529664,26.4732233047034));
#15486=CARTESIAN_POINT('',(-4.75,6.40000000000002,28.6));
#15487=CARTESIAN_POINT('',(-4.75,2.81875000000001,32.18125));
#15488=CARTESIAN_POINT('',(-2.75,6.40000000000002,28.6));
#15489=CARTESIAN_POINT('',(-2.5,6.40000000000002,28.6));
#15490=CARTESIAN_POINT('Origin',(-2.75,6.15000000000002,28.85));
#15491=CARTESIAN_POINT('',(0.,-2.99999999999999,38.));
#15492=CARTESIAN_POINT('Origin',(0.,13.5,21.5));
#15493=CARTESIAN_POINT('',(-1.6,13.5,18.1327993848858));
#15494=CARTESIAN_POINT('',(0.,13.5,18.1327993848858));
#15495=CARTESIAN_POINT('',(-1.6,13.5,15.2462907320301));
#15496=CARTESIAN_POINT('',(-1.6,13.5,16.2222070015149));
#15497=CARTESIAN_POINT('',(-9.1,13.5,15.2462907320301));
#15498=CARTESIAN_POINT('',(-1.6,13.5,15.2462907320301));
#15499=CARTESIAN_POINT('',(-9.1,13.5,16.2222070015149));
#15500=CARTESIAN_POINT('',(-9.1,13.5,14.9842488667725));
#15501=CARTESIAN_POINT('',(-2.5,13.5,16.2222070015149));
#15502=CARTESIAN_POINT('',(0.,13.5,16.2222070015149));
#15503=CARTESIAN_POINT('',(-2.5,13.5,14.247806848775));
#15504=CARTESIAN_POINT('Origin',(-4.875,6.10000000000002,24.1));
#15505=CARTESIAN_POINT('',(-5.,6.10000000000002,25.3));
#15506=CARTESIAN_POINT('Origin',(-5.,6.10000000000002,24.1));
#15507=CARTESIAN_POINT('',(-4.75,6.10000000000002,25.05));
#15508=CARTESIAN_POINT('',(-4.875,6.10000000000002,25.175));
#15509=CARTESIAN_POINT('',(-4.75,6.10000000000002,23.15));
#15510=CARTESIAN_POINT('Origin',(-4.75,6.10000000000002,24.1));
#15511=CARTESIAN_POINT('Origin',(-4.75,6.10000000000002,24.1));
#15512=CARTESIAN_POINT('Origin',(-5.,6.37500000000002,24.1));
#15513=CARTESIAN_POINT('',(-5.,5.60000000000002,19.678986254378));
#15514=CARTESIAN_POINT('',(-5.,5.49318040345362,19.3701025054691));
#15515=CARTESIAN_POINT('Origin',(-5.,5.10000000000002,19.678986254378));
#15516=CARTESIAN_POINT('',(-5.,5.60000000000002,22.4751923190728));
#15517=CARTESIAN_POINT('',(-5.,5.60000000000002,21.7458431814876));
#15518=CARTESIAN_POINT('',(-5.,5.60000000000002,25.7248076809272));
#15519=CARTESIAN_POINT('Origin',(-5.,6.10000000000002,24.1));
#15520=CARTESIAN_POINT('',(-5.,5.60000000000002,28.35));
#15521=CARTESIAN_POINT('',(-5.,5.60000000000002,25.));
#15522=CARTESIAN_POINT('',(-5.,6.29644660940675,28.35));
#15523=CARTESIAN_POINT('',(-5.,4.73750000000002,28.35));
#15524=CARTESIAN_POINT('',(-5.,8.35000000000001,26.2964466094067));
#15525=CARTESIAN_POINT('',(-5.,2.64197330470338,32.0044733047034));
#15526=CARTESIAN_POINT('',(-5.,8.35000000000002,18.7066164765304));
#15527=CARTESIAN_POINT('',(-5.,8.35000000000001,25.25));
#15528=CARTESIAN_POINT('Origin',(-5.,2.5,0.));
#15529=CARTESIAN_POINT('Origin',(-2.5,6.10000000000002,24.1));
#15530=CARTESIAN_POINT('',(0.,6.10000000000002,23.15));
#15531=CARTESIAN_POINT('',(-2.5,6.10000000000002,23.15));
#15532=CARTESIAN_POINT('Origin',(0.,6.10000000000002,24.1));
#15533=CARTESIAN_POINT('Origin',(-13.35,15.5275109907405,20.887923009986));
#15534=CARTESIAN_POINT('',(-11.45,15.6078594419513,20.9836785653758));
#15535=CARTESIAN_POINT('Origin',(-13.35,15.6078594419513,20.9836785653758));
#15536=CARTESIAN_POINT('',(-11.7,15.4471625395297,20.7921674545961));
#15537=CARTESIAN_POINT('',(-11.575,15.5275109907405,20.887923009986));
#15538=CARTESIAN_POINT('',(-15.,15.4471625395298,20.7921674545961));
#15539=CARTESIAN_POINT('Origin',(-13.35,15.4471625395297,20.7921674545961));
#15540=CARTESIAN_POINT('Origin',(-13.35,15.4471625395297,20.7921674545961));
#15541=CARTESIAN_POINT('Origin',(-13.35,-33.2505857968834,-37.2435490765728));
#15542=CARTESIAN_POINT('',(-15.,14.000890417735,19.0685674575784));
#15543=CARTESIAN_POINT('',(-15.,-33.2505857968834,-37.2435490765728));
#15544=CARTESIAN_POINT('Origin',(-13.35,14.000890417735,19.0685674575784));
#15545=CARTESIAN_POINT('Origin',(-13.35,15.6078594419513,20.9836785653758));
#15546=CARTESIAN_POINT('',(-9.1,12.7351927802552,23.3941321017004));
#15547=CARTESIAN_POINT('',(-13.35,12.7351927802552,23.3941321017004));
#15548=CARTESIAN_POINT('',(-13.35,12.7351927802552,23.3941321017004));
#15549=CARTESIAN_POINT('',(-9.1,18.4805261036475,18.5732250290513));
#15550=CARTESIAN_POINT('',(-9.1,12.3521705586957,23.7155259065436));
#15551=CARTESIAN_POINT('',(-13.35,18.4805261036475,18.5732250290513));
#15552=CARTESIAN_POINT('',(-11.225,18.4805261036475,18.5732250290513));
#15553=CARTESIAN_POINT('Origin',(-13.35,15.6078594419513,20.9836785653758));
#15554=CARTESIAN_POINT('Origin',(-25.375,-12.33,14.9501915172134));
#15555=CARTESIAN_POINT('',(0.,-12.,15.2801915172134));
#15556=CARTESIAN_POINT('',(0.,-6.144772004114,21.1354195130994));
#15557=CARTESIAN_POINT('',(-25.375,-12.,15.2801915172134));
#15558=CARTESIAN_POINT('Origin',(0.,0.25,27.1111035007575));
#15559=CARTESIAN_POINT('',(0.,-12.,15.2888848514207));
#15560=CARTESIAN_POINT('',(0.,-12.,14.6201915172134));
#15561=CARTESIAN_POINT('',(0.,-2.5,18.));
#15562=CARTESIAN_POINT('Origin',(0.,-2.5,0.));
#15563=CARTESIAN_POINT('',(0.,2.5,18.));
#15564=CARTESIAN_POINT('',(0.,-2.5,18.));
#15565=CARTESIAN_POINT('',(0.,20.1,3.77359245282263));
#15566=CARTESIAN_POINT('Origin',(0.,2.5,0.));
#15567=CARTESIAN_POINT('',(0.,21.5,3.77359245282263));
#15568=CARTESIAN_POINT('',(0.,20.5,3.77359245282263));
#15569=CARTESIAN_POINT('',(0.,21.5,3.77359245282263));
#15570=CARTESIAN_POINT('',(0.,-7.10000000002407,20.3999999999759));
#15571=CARTESIAN_POINT('',(0.,2.70000000002408,20.3999999999759));
#15572=CARTESIAN_POINT('',(0.,-2.67500000001203,20.3999999999759));
#15573=CARTESIAN_POINT('',(0.,-7.10000000002407,27.8000000000241));
#15574=CARTESIAN_POINT('',(0.,-7.10000000002407,26.7055517503908));
#15575=CARTESIAN_POINT('',(0.,2.70000000002408,27.8000000000241));
#15576=CARTESIAN_POINT('',(0.,0.725000000012042,27.8000000000241));
#15577=CARTESIAN_POINT('',(0.,2.70000000002408,24.5055517503667));
#15578=CARTESIAN_POINT('',(1.66533453693773E-15,-11.25,45.));
#15579=CARTESIAN_POINT('Origin',(0.,-8.,45.));
#15580=CARTESIAN_POINT('Origin',(-1.5,-2.67500000001203,20.3999999999759));
#15581=CARTESIAN_POINT('',(-1.5,1.20000000002408,21.8999999999759));
#15582=CARTESIAN_POINT('Origin',(-1.5,2.70000000002408,20.3999999999759));
#15583=CARTESIAN_POINT('',(-1.5,-5.60000000002407,21.8999999999759));
#15584=CARTESIAN_POINT('',(-1.5,-2.67500000001203,21.8999999999759));
#15585=CARTESIAN_POINT('Origin',(-1.5,-7.10000000002407,20.3999999999759));
#15586=CARTESIAN_POINT('Origin',(-1.5,-7.10000000002407,26.7055517503908));
#15587=CARTESIAN_POINT('',(-1.5,-5.60000000002407,26.3000000000241));
#15588=CARTESIAN_POINT('',(-1.5,-5.60000000002407,26.7055517503908));
#15589=CARTESIAN_POINT('Origin',(-1.5,-7.10000000002407,27.8000000000241));
#15590=CARTESIAN_POINT('Origin',(-1.5,0.725000000012042,27.8000000000241));
#15591=CARTESIAN_POINT('',(-1.5,1.20000000002408,26.3000000000241));
#15592=CARTESIAN_POINT('',(-1.5,0.725000000012042,26.3000000000241));
#15593=CARTESIAN_POINT('Origin',(-1.5,2.70000000002408,27.8000000000241));
#15594=CARTESIAN_POINT('Origin',(-1.5,2.70000000002408,24.5055517503667));
#15595=CARTESIAN_POINT('',(-1.5,1.20000000002408,24.5055517503667));
#15596=CARTESIAN_POINT('Origin',(-2.5,-5.60000000002407,26.3000000000241));
#15597=CARTESIAN_POINT('',(-3.25,-5.60000000002407,21.8999999999759));
#15598=CARTESIAN_POINT('',(-2.5,-5.60000000002407,21.8999999999759));
#15599=CARTESIAN_POINT('',(-3.25,-5.60000000002407,26.3000000000241));
#15600=CARTESIAN_POINT('',(-3.25,-5.60000000002407,26.3000000000241));
#15601=CARTESIAN_POINT('',(-2.5,-5.60000000002407,26.3000000000241));
#15602=CARTESIAN_POINT('Origin',(-2.5,-5.60000000002407,21.8999999999759));
#15603=CARTESIAN_POINT('',(-3.25,1.20000000002408,21.8999999999759));
#15604=CARTESIAN_POINT('',(-2.5,1.20000000002408,21.8999999999759));
#15605=CARTESIAN_POINT('',(-3.25,-5.60000000002407,21.8999999999759));
#15606=CARTESIAN_POINT('Origin',(-3.5,-4.63915917173926,27.2875));
#15607=CARTESIAN_POINT('',(-3.25,-4.63915917173926,26.85));
#15608=CARTESIAN_POINT('',(-3.44822330470339,-4.39457958586962,27.0945795858696));
#15609=CARTESIAN_POINT('Origin',(-3.5,-4.63915917173926,26.85));
#15610=CARTESIAN_POINT('',(-3.25,-4.63915917173926,28.35));
#15611=CARTESIAN_POINT('',(-3.25,-4.63915917173926,27.2875));
#15612=CARTESIAN_POINT('',(-3.44822330470336,-4.39457958586963,28.35));
#15613=CARTESIAN_POINT('Origin',(-3.5,-4.63915917173926,28.35));
#15614=CARTESIAN_POINT('',(-3.44822330470336,-4.39457958586963,27.2875));
#15615=CARTESIAN_POINT('Ctrl Pts',(-3.44822330470336,-4.39457958586963,
28.35));
#15616=CARTESIAN_POINT('Ctrl Pts',(-3.44822330470336,-4.39457958586963,
28.389999140132));
#15617=CARTESIAN_POINT('Ctrl Pts',(-3.44316040635562,-4.39566410710533,
28.4709290438517));
#15618=CARTESIAN_POINT('Ctrl Pts',(-3.41486402393379,-4.40041614508429,
28.621858569674));
#15619=CARTESIAN_POINT('Ctrl Pts',(-3.3626317137087,-4.40124108812203,28.7393592066874));
#15620=CARTESIAN_POINT('Ctrl Pts',(-3.30300178342537,-4.38315440244387,
28.8066185715118));
#15621=CARTESIAN_POINT('Ctrl Pts',(-3.26834285726193,-4.36573549068109,
28.8314331127426));
#15622=CARTESIAN_POINT('Ctrl Pts',(-3.23200765688609,-4.34014225668426,
28.8472231178836));
#15623=CARTESIAN_POINT('Ctrl Pts',(-3.21046166906235,-4.31826457375644,
28.85));
#15624=CARTESIAN_POINT('Ctrl Pts',(-3.19822330470336,-4.30234015055945,
28.85));
#15625=CARTESIAN_POINT('Ctrl Pts',(-3.39269641614141,-4.4063344458659,28.35));
#15626=CARTESIAN_POINT('Ctrl Pts',(-3.39269641614141,-4.4063344458659,28.3853533716381));
#15627=CARTESIAN_POINT('Ctrl Pts',(-3.38756684910983,-4.40614459150229,
28.4567633432408));
#15628=CARTESIAN_POINT('Ctrl Pts',(-3.35936550069681,-4.40428733115731,
28.5884275485333));
#15629=CARTESIAN_POINT('Ctrl Pts',(-3.31558558245887,-4.3926891161976,28.6847669932622));
#15630=CARTESIAN_POINT('Ctrl Pts',(-3.27673364027924,-4.37135155145893,
28.739477065371));
#15631=CARTESIAN_POINT('Ctrl Pts',(-3.2537530555141,-4.35615271378137,28.7615572140278));
#15632=CARTESIAN_POINT('Ctrl Pts',(-3.22745741425779,-4.33510247740573,
28.7778085899728));
#15633=CARTESIAN_POINT('Ctrl Pts',(-3.20928583138607,-4.31664805681568,
28.7829169855536));
#15634=CARTESIAN_POINT('Ctrl Pts',(-3.19822330470336,-4.30234015055945,
28.7845501530502));
#15635=CARTESIAN_POINT('Ctrl Pts',(-3.29022050104047,-4.46914013521616,
28.35));
#15636=CARTESIAN_POINT('Ctrl Pts',(-3.29022050104047,-4.46914013521616,
28.376106950247));
#15637=CARTESIAN_POINT('Ctrl Pts',(-3.28485427118197,-4.46817342349634,
28.428431683302));
#15638=CARTESIAN_POINT('Ctrl Pts',(-3.25379585353336,-4.46243382099457,
28.5218381771185));
#15639=CARTESIAN_POINT('Ctrl Pts',(-3.21553084200763,-4.44043201350011,
28.5764153173273));
#15640=CARTESIAN_POINT('Ctrl Pts',(-3.19971754048077,-4.41203137044767,
28.6065525604843));
#15641=CARTESIAN_POINT('Ctrl Pts',(-3.19087825535468,-4.3949668173567,28.6231161924078));
#15642=CARTESIAN_POINT('Ctrl Pts',(-3.17735030377977,-4.37225369400386,
28.6400448600456));
#15643=CARTESIAN_POINT('Ctrl Pts',(-3.16435481567465,-4.35185721956704,
28.6494371467356));
#15644=CARTESIAN_POINT('Ctrl Pts',(-3.15525663683028,-4.33536123585828,
28.6541897280158));
#15645=CARTESIAN_POINT('Ctrl Pts',(-3.25,-4.58240168688568,28.35));
#15646=CARTESIAN_POINT('Ctrl Pts',(-3.25,-4.58240168688568,28.3709381394945));
#15647=CARTESIAN_POINT('Ctrl Pts',(-3.24448416632525,-4.58351076352298,
28.4132174513134));
#15648=CARTESIAN_POINT('Ctrl Pts',(-3.21407559978549,-4.58783979556569,
28.489248502606));
#15649=CARTESIAN_POINT('Ctrl Pts',(-3.16685302327662,-4.5813636217907,28.5389042134232));
#15650=CARTESIAN_POINT('Ctrl Pts',(-3.12687111596021,-4.54772254403294,
28.566823739631));
#15651=CARTESIAN_POINT('Ctrl Pts',(-3.10427098988749,-4.51889011608334,
28.5799917388417));
#15652=CARTESIAN_POINT('Ctrl Pts',(-3.07914848416031,-4.47733668850436,
28.5917412922515));
#15653=CARTESIAN_POINT('Ctrl Pts',(-3.06219238479107,-4.44147470991441,
28.5974021607262));
#15654=CARTESIAN_POINT('Ctrl Pts',(-3.05189473981887,-4.41479774296521,
28.6));
#15655=CARTESIAN_POINT('Ctrl Pts',(-3.25,-4.63915917173926,28.35));
#15656=CARTESIAN_POINT('Ctrl Pts',(-3.25,-4.63915917173926,28.369999570066));
#15657=CARTESIAN_POINT('Ctrl Pts',(-3.24493710165226,-4.64132821421066,
28.4104645219258));
#15658=CARTESIAN_POINT('Ctrl Pts',(-3.21664071923043,-4.65083229016859,
28.485929284837));
#15659=CARTESIAN_POINT('Ctrl Pts',(-3.16440840900534,-4.65248217624406,
28.5446796033437));
#15660=CARTESIAN_POINT('Ctrl Pts',(-3.10477847872201,-4.61630880488774,
28.5783092857559));
#15661=CARTESIAN_POINT('Ctrl Pts',(-3.07011955255857,-4.58147098136218,
28.5907165563713));
#15662=CARTESIAN_POINT('Ctrl Pts',(-3.03378435218273,-4.53028451336852,
28.5986115589418));
#15663=CARTESIAN_POINT('Ctrl Pts',(-3.01223836435898,-4.48652914751288,
28.6));
#15664=CARTESIAN_POINT('Ctrl Pts',(-3.,-4.45468030111891,28.6));
#15665=CARTESIAN_POINT('',(-3.0000000000001,-4.4546803011194,28.6));
#15666=CARTESIAN_POINT('',(-3.41472965564951,-4.39933056415146,28.5999999999999));
#15667=CARTESIAN_POINT('Ctrl Pts',(-3.,-4.45468030111891,28.6));
#15668=CARTESIAN_POINT('Ctrl Pts',(-3.00069199944637,-4.45503187534572,
28.6));
#15669=CARTESIAN_POINT('Ctrl Pts',(-3.00138546935208,-4.45538055435386,
28.6));
#15670=CARTESIAN_POINT('Ctrl Pts',(-3.02170136486615,-4.46548875314071,
28.6));
#15671=CARTESIAN_POINT('Ctrl Pts',(-3.04246045232905,-4.47291389418119,
28.6));
#15672=CARTESIAN_POINT('Ctrl Pts',(-3.08257926948584,-4.48140639249614,
28.6));
#15673=CARTESIAN_POINT('Ctrl Pts',(-3.10164539652698,-4.48313122831985,
28.6));
#15674=CARTESIAN_POINT('Ctrl Pts',(-3.15628034284516,-4.48084007067127,
28.6));
#15675=CARTESIAN_POINT('Ctrl Pts',(-3.18588837453487,-4.47095877858098,
28.6));
#15676=CARTESIAN_POINT('Ctrl Pts',(-3.23548965204451,-4.45104630291312,
28.6));
#15677=CARTESIAN_POINT('Ctrl Pts',(-3.25689527387893,-4.44153479535334,
28.6));
#15678=CARTESIAN_POINT('Ctrl Pts',(-3.31730924470479,-4.41799786298241,
28.6));
#15679=CARTESIAN_POINT('Ctrl Pts',(-3.36303428021334,-4.40312131055614,
28.6));
#15680=CARTESIAN_POINT('Ctrl Pts',(-3.41472965564947,-4.39933056415146,
28.6));
#15681=CARTESIAN_POINT('Ctrl Pts',(-3.41467721753626,-4.39931534559297,
28.5999850876045));
#15682=CARTESIAN_POINT('Ctrl Pts',(-3.41640023586383,-4.39919076265952,
28.594053368303));
#15683=CARTESIAN_POINT('Ctrl Pts',(-3.42780781420468,-4.39824239078447,
28.5528179375958));
#15684=CARTESIAN_POINT('Ctrl Pts',(-3.44316040635562,-4.39566410710533,
28.4709290438517));
#15685=CARTESIAN_POINT('Ctrl Pts',(-3.44822330470336,-4.39457958586963,
28.389999140132));
#15686=CARTESIAN_POINT('Ctrl Pts',(-3.44822330470336,-4.39457958586963,
28.35));
#15687=CARTESIAN_POINT('Ctrl Pts',(-3.25,-4.63915917173926,28.35));
#15688=CARTESIAN_POINT('Ctrl Pts',(-3.25,-4.63915917173926,28.369999570066));
#15689=CARTESIAN_POINT('Ctrl Pts',(-3.24493710165226,-4.64132821421066,
28.4104645219258));
#15690=CARTESIAN_POINT('Ctrl Pts',(-3.21664071923043,-4.65083229016859,
28.485929284837));
#15691=CARTESIAN_POINT('Ctrl Pts',(-3.16440840900534,-4.65248217624406,
28.5446796033437));
#15692=CARTESIAN_POINT('Ctrl Pts',(-3.10477847872201,-4.61630880488774,
28.5783092857559));
#15693=CARTESIAN_POINT('Ctrl Pts',(-3.07011955255857,-4.58147098136218,
28.5907165563713));
#15694=CARTESIAN_POINT('Ctrl Pts',(-3.03378435218273,-4.53028451336852,
28.5986115589418));
#15695=CARTESIAN_POINT('Ctrl Pts',(-3.01223836435898,-4.48652914751288,
28.6));
#15696=CARTESIAN_POINT('Ctrl Pts',(-3.,-4.45468030111891,28.6));
#15697=CARTESIAN_POINT('Origin',(-3.,0.387500000000015,28.35));
#15698=CARTESIAN_POINT('',(-3.25,-10.,28.35));
#15699=CARTESIAN_POINT('',(-3.25,0.387500000000015,28.35));
#15700=CARTESIAN_POINT('',(-3.,-10.25,28.6));
#15701=CARTESIAN_POINT('Origin',(-3.,-10.25,28.35));
#15702=CARTESIAN_POINT('',(-3.,0.387500000000016,28.6));
#15703=CARTESIAN_POINT('Origin',(-3.25,-2.32499999999999,24.1));
#15704=CARTESIAN_POINT('',(-3.25,2.85000000000002,26.85));
#15705=CARTESIAN_POINT('',(-3.25,0.387500000000016,26.85));
#15706=CARTESIAN_POINT('',(-3.25,3.35000000000002,27.35));
#15707=CARTESIAN_POINT('Origin',(-3.25,2.85000000000002,27.35));
#15708=CARTESIAN_POINT('',(-3.25,3.35000000000002,28.35));
#15709=CARTESIAN_POINT('',(-3.25,3.35000000000002,26.35));
#15710=CARTESIAN_POINT('',(-3.25,5.10000000000002,28.35));
#15711=CARTESIAN_POINT('',(-3.25,0.387500000000015,28.35));
#15712=CARTESIAN_POINT('',(-3.25,5.10000000000002,26.0595917942265));
#15713=CARTESIAN_POINT('',(-3.25,5.10000000000002,25.));
#15714=CARTESIAN_POINT('',(-3.25,5.10000000000002,22.1404082057735));
#15715=CARTESIAN_POINT('Origin',(-3.25,6.10000000000002,24.1));
#15716=CARTESIAN_POINT('',(-3.25,5.10000000000002,19.678986254378));
#15717=CARTESIAN_POINT('',(-3.25,5.10000000000002,21.7458431814876));
#15718=CARTESIAN_POINT('',(-3.25,3.35000000000002,19.8317926572461));
#15719=CARTESIAN_POINT('Origin',(-3.25,2.5,0.));
#15720=CARTESIAN_POINT('',(-3.25,3.35000000000002,20.85));
#15721=CARTESIAN_POINT('',(-3.25,3.35000000000002,22.6));
#15722=CARTESIAN_POINT('',(-3.25,2.85000000000002,21.35));
#15723=CARTESIAN_POINT('Origin',(-3.25,2.85000000000002,20.85));
#15724=CARTESIAN_POINT('',(-3.25,-4.63915917173926,21.35));
#15725=CARTESIAN_POINT('',(-3.25,-3.3625,21.35));
#15726=CARTESIAN_POINT('',(-3.25,-4.63915917173926,19.85));
#15727=CARTESIAN_POINT('',(-3.25,-4.63915917173926,19.7875));
#15728=CARTESIAN_POINT('',(-3.25,-10.,19.85));
#15729=CARTESIAN_POINT('',(-3.25,-6.375,19.85));
#15730=CARTESIAN_POINT('',(-3.25,-10.,19.6));
#15731=CARTESIAN_POINT('',(-3.25,1.20000000002408,26.3000000000241));
#15732=CARTESIAN_POINT('',(-3.25,1.20000000002408,21.8999999999759));
#15733=CARTESIAN_POINT('',(-3.25,1.20000000002408,26.3000000000241));
#15734=CARTESIAN_POINT('Origin',(-4.75,5.60000000000002,21.7458431814876));
#15735=CARTESIAN_POINT('',(-4.75,5.35000000000002,19.678986254378));
#15736=CARTESIAN_POINT('Origin',(-4.75,5.60000000000002,19.678986254378));
#15737=CARTESIAN_POINT('',(-4.75,5.35000000000002,22.3));
#15738=CARTESIAN_POINT('',(-4.75,5.35000000000002,21.7458431814876));
#15739=CARTESIAN_POINT('Ctrl Pts',(-5.,5.60000000000002,22.4751923190728));
#15740=CARTESIAN_POINT('Ctrl Pts',(-5.,5.59925793081045,22.4746442646551));
#15741=CARTESIAN_POINT('Ctrl Pts',(-4.99999669600018,5.59851572779728,22.4740963886989));
#15742=CARTESIAN_POINT('Ctrl Pts',(-4.99979031441532,5.57534423272296,22.4570003992852));
#15743=CARTESIAN_POINT('Ctrl Pts',(-4.99657083021406,5.55278089205786,22.4406099209623));
#15744=CARTESIAN_POINT('Ctrl Pts',(-4.98362721249975,5.50789756756341,22.4084583127045));
#15745=CARTESIAN_POINT('Ctrl Pts',(-4.97366874273071,5.48558674586287,22.3927202723677));
#15746=CARTESIAN_POINT('Ctrl Pts',(-4.94479625971142,5.44073436090455,22.361461510668));
#15747=CARTESIAN_POINT('Ctrl Pts',(-4.92484801655907,5.4187339867101,22.3463769174526));
#15748=CARTESIAN_POINT('Ctrl Pts',(-4.87943311330195,5.38449188809131,22.3231105705365));
#15749=CARTESIAN_POINT('Ctrl Pts',(-4.85537438970349,5.37158783201727,22.3144401667538));
#15750=CARTESIAN_POINT('Ctrl Pts',(-4.80375936634901,5.35440988329889,22.3029335558679));
#15751=CARTESIAN_POINT('Ctrl Pts',(-4.77711315797228,5.35000000000002,22.3));
#15752=CARTESIAN_POINT('Ctrl Pts',(-4.75,5.35000000000002,22.3));
#15753=CARTESIAN_POINT('Origin',(-4.75,5.10000000000002,19.678986254378));
#15754=CARTESIAN_POINT('',(-4.75,5.06725440806047,19.4311400798897));
#15755=CARTESIAN_POINT('Ctrl Pts',(-4.75,5.06725440806047,19.4311400798897));
#15756=CARTESIAN_POINT('Ctrl Pts',(-4.75052871403034,5.06777525585162,19.431071265153));
#15757=CARTESIAN_POINT('Ctrl Pts',(-4.75105743211992,5.0682961048749,19.4310024289461));
#15758=CARTESIAN_POINT('Ctrl Pts',(-4.80708559413806,5.12349175632341,19.4237054287909));
#15759=CARTESIAN_POINT('Ctrl Pts',(-4.86316079153091,5.17893739540236,19.4161628706796));
#15760=CARTESIAN_POINT('Ctrl Pts',(-4.93560860346437,5.27988730922604,19.4018986901649));
#15761=CARTESIAN_POINT('Ctrl Pts',(-4.96397644371509,5.32735379592818,19.3950820786293));
#15762=CARTESIAN_POINT('Ctrl Pts',(-4.99349141922664,5.41866252723249,19.3815047443573));
#15763=CARTESIAN_POINT('Ctrl Pts',(-5.00000000000006,5.45577698345762,19.3758822985147));
#15764=CARTESIAN_POINT('Ctrl Pts',(-5.,5.49318040345421,19.370102505469));
#15765=CARTESIAN_POINT('Origin',(-4.75,5.10000000000002,19.678986254378));
#15766=CARTESIAN_POINT('Origin',(-2.75,1.67500000000001,28.85));
#15767=CARTESIAN_POINT('',(-2.75,-10.5,28.6));
#15768=CARTESIAN_POINT('Origin',(-2.75,-10.5,28.85));
#15769=CARTESIAN_POINT('',(-2.75,1.67500000000001,28.6));
#15770=CARTESIAN_POINT('Origin',(-2.875,-10.375,23.3555517503787));
#15771=CARTESIAN_POINT('Origin',(-3.5,-9.75,19.85));
#15772=CARTESIAN_POINT('',(-6.15,-7.1,28.6));
#15773=CARTESIAN_POINT('Origin',(-3.5,-4.63915917173926,19.7875));
#15774=CARTESIAN_POINT('',(-3.44822330470339,-4.39457958586963,21.1054204141304));
#15775=CARTESIAN_POINT('Origin',(-3.5,-4.63915917173926,21.35));
#15776=CARTESIAN_POINT('',(-3.44822330470339,-4.39457958586963,19.6054204141304));
#15777=CARTESIAN_POINT('',(-3.44822330470336,-4.39457958586963,19.7875));
#15778=CARTESIAN_POINT('Origin',(-3.5,-4.63915917173926,19.85));
#15779=CARTESIAN_POINT('Origin',(-3.5,-6.375,19.85));
#15780=CARTESIAN_POINT('Ctrl Pts',(-3.49999999999984,-4.37754493028119,
19.6));
#15781=CARTESIAN_POINT('Ctrl Pts',(-3.48442786348978,-4.38463165171419,
19.6));
#15782=CARTESIAN_POINT('Ctrl Pts',(-3.46749230784426,-4.39031121859008,
19.6015102167677));
#15783=CARTESIAN_POINT('Ctrl Pts',(-3.44977094750361,-4.39424856693112,
19.6050970369173));
#15784=CARTESIAN_POINT('Ctrl Pts',(-3.44899703194686,-4.39441579035257,
19.6052566186133));
#15785=CARTESIAN_POINT('Ctrl Pts',(-3.44822330470339,-4.39457958586963,
19.6054204141304));
#15786=CARTESIAN_POINT('Ctrl Pts',(-4.75,3.10000000000002,27.6));
#15787=CARTESIAN_POINT('Ctrl Pts',(-4.75,3.10000000000002,27.35));
#15788=CARTESIAN_POINT('Ctrl Pts',(-4.5,3.10000000000002,27.35));
#15789=CARTESIAN_POINT('Ctrl Pts',(-5.,3.10000000000002,27.6));
#15790=CARTESIAN_POINT('Ctrl Pts',(-5.,3.10000000000002,27.1));
#15791=CARTESIAN_POINT('Ctrl Pts',(-4.5,3.10000000000002,27.1));
#15792=CARTESIAN_POINT('Ctrl Pts',(-5.,2.85000000000002,27.6));
#15793=CARTESIAN_POINT('Ctrl Pts',(-5.,2.85000000000002,27.1));
#15794=CARTESIAN_POINT('Ctrl Pts',(-4.5,2.85000000000002,27.1));
#15795=CARTESIAN_POINT('',(-4.75,3.10000000000002,27.6));
#15796=CARTESIAN_POINT('',(-4.5,3.10000000000002,27.35));
#15797=CARTESIAN_POINT('Origin',(-4.5,3.10000000000002,27.6));
#15798=CARTESIAN_POINT('',(-4.5,2.85000000000002,27.1));
#15799=CARTESIAN_POINT('Origin',(-4.5,2.85000000000002,27.35));
#15800=CARTESIAN_POINT('',(-5.,2.85000000000002,27.6));
#15801=CARTESIAN_POINT('Origin',(-4.5,2.85000000000002,27.6));
#15802=CARTESIAN_POINT('Origin',(-4.75,2.85000000000002,27.6));
#15803=CARTESIAN_POINT('Origin',(-4.75,8.35000000000001,26.2964466094067));
#15804=CARTESIAN_POINT('Origin',(-4.75,8.35000000000001,26.2964466094067));
#15805=CARTESIAN_POINT('',(-4.75,8.60000000000001,26.2964466094067));
#15806=CARTESIAN_POINT('Origin',(-4.75,8.35000000000001,26.2964466094067));
#15807=CARTESIAN_POINT('Origin',(-4.75,8.35000000000001,26.2964466094067));
#15808=CARTESIAN_POINT('Origin',(-1.25,8.35000000000001,26.2964466094067));
#15809=CARTESIAN_POINT('',(-2.5,8.60000000000001,26.2964466094067));
#15810=CARTESIAN_POINT('Origin',(-2.5,8.35000000000001,26.2964466094067));
#15811=CARTESIAN_POINT('',(-1.25,8.60000000000001,26.2964466094067));
#15812=CARTESIAN_POINT('Origin',(-4.75,8.35000000000001,25.25));
#15813=CARTESIAN_POINT('',(-4.75,8.60000000000002,18.6265938915305));
#15814=CARTESIAN_POINT('Ctrl Pts',(-5.,8.35000000000002,18.7066164765304));
#15815=CARTESIAN_POINT('Ctrl Pts',(-5.,8.38152193986362,18.6967588227728));
#15816=CARTESIAN_POINT('Ctrl Pts',(-4.9936857547455,8.41521242651961,18.6861265883737));
#15817=CARTESIAN_POINT('Ctrl Pts',(-4.96772445221665,8.4774027881213,18.6663258526172));
#15818=CARTESIAN_POINT('Ctrl Pts',(-4.94807140021254,8.50590174608384,18.657162331826));
#15819=CARTESIAN_POINT('Ctrl Pts',(-4.90326901222052,8.54985474037608,18.6429547864333));
#15820=CARTESIAN_POINT('Ctrl Pts',(-4.87558357283821,8.56866717678668,18.6368305425189));
#15821=CARTESIAN_POINT('Ctrl Pts',(-4.81461335096189,8.59374511779145,18.6286458019034));
#15822=CARTESIAN_POINT('Ctrl Pts',(-4.7813230475733,8.60000000000002,18.6265938915305));
#15823=CARTESIAN_POINT('Ctrl Pts',(-4.75,8.60000000000002,18.6265938915305));
#15824=CARTESIAN_POINT('',(-4.75,8.60000000000001,25.25));
#15825=CARTESIAN_POINT('Ctrl Pts',(-5.,2.85000000000002,28.1));
#15826=CARTESIAN_POINT('Ctrl Pts',(-5.,2.85000000000002,28.6));
#15827=CARTESIAN_POINT('Ctrl Pts',(-4.5,2.85000000000002,28.6));
#15828=CARTESIAN_POINT('Ctrl Pts',(-5.,3.10000000000002,28.1));
#15829=CARTESIAN_POINT('Ctrl Pts',(-5.,3.10000000000002,28.6));
#15830=CARTESIAN_POINT('Ctrl Pts',(-4.5,3.10000000000002,28.6));
#15831=CARTESIAN_POINT('Ctrl Pts',(-4.74999999999999,3.10000000000002,28.1));
#15832=CARTESIAN_POINT('Ctrl Pts',(-4.74999999999999,3.10000000000002,28.35));
#15833=CARTESIAN_POINT('Ctrl Pts',(-4.5,3.10000000000002,28.35));
#15834=CARTESIAN_POINT('',(-4.5,2.85000000000002,28.6));
#15835=CARTESIAN_POINT('',(-5.,2.85000000000002,28.1));
#15836=CARTESIAN_POINT('Origin',(-4.5,2.85000000000002,28.1));
#15837=CARTESIAN_POINT('',(-4.5,3.10000000000002,28.35));
#15838=CARTESIAN_POINT('Origin',(-4.5,2.85000000000002,28.35));
#15839=CARTESIAN_POINT('',(-4.75,3.10000000000002,28.1));
#15840=CARTESIAN_POINT('Origin',(-4.5,3.10000000000002,28.1));
#15841=CARTESIAN_POINT('Origin',(-4.75,2.85000000000002,28.1));
#15842=CARTESIAN_POINT('Origin',(-3.5,2.85000000000002,27.35));
#15843=CARTESIAN_POINT('',(-3.5,2.85000000000002,27.1));
#15844=CARTESIAN_POINT('Origin',(-3.5,2.85000000000002,26.85));
#15845=CARTESIAN_POINT('',(-3.5,3.10000000000002,27.35));
#15846=CARTESIAN_POINT('Origin',(-3.5,2.85000000000002,27.35));
#15847=CARTESIAN_POINT('Origin',(-3.5,3.35000000000002,27.35));
#15848=CARTESIAN_POINT('Origin',(-3.5,0.387500000000016,26.85));
#15849=CARTESIAN_POINT('',(-3.5,-4.37754493028111,27.1));
#15850=CARTESIAN_POINT('Ctrl Pts',(-3.44822330470339,-4.39457958586962,
27.0945795858696));
#15851=CARTESIAN_POINT('Ctrl Pts',(-3.44899703194686,-4.39441579035257,
27.0947433813867));
#15852=CARTESIAN_POINT('Ctrl Pts',(-3.44977094750361,-4.39424856693112,
27.0949029630827));
#15853=CARTESIAN_POINT('Ctrl Pts',(-3.46749230784432,-4.39031121859006,
27.0984897832323));
#15854=CARTESIAN_POINT('Ctrl Pts',(-3.48442786348989,-4.38463165171415,
27.1));
#15855=CARTESIAN_POINT('Ctrl Pts',(-3.5,-4.37754493028111,27.1));
#15856=CARTESIAN_POINT('',(-3.5,0.387500000000016,27.1));
#15857=CARTESIAN_POINT('Origin',(-2.5,2.85000000000002,27.35));
#15858=CARTESIAN_POINT('',(-2.5,3.10000000000002,27.35));
#15859=CARTESIAN_POINT('',(-2.5,2.85000000000002,27.1));
#15860=CARTESIAN_POINT('Origin',(-4.75,2.64197330470338,32.0044733047034));
#15861=CARTESIAN_POINT('Origin',(-4.75,6.29644660940675,28.35));
#15862=CARTESIAN_POINT('Origin',(-3.5,3.35000000000002,28.35));
#15863=CARTESIAN_POINT('',(-3.5,3.10000000000002,28.35));
#15864=CARTESIAN_POINT('Origin',(-3.5,3.35000000000002,28.35));
#15865=CARTESIAN_POINT('',(-3.5,2.85000000000002,28.6));
#15866=CARTESIAN_POINT('Origin',(-3.5,2.85000000000002,28.35));
#15867=CARTESIAN_POINT('',(-3.,3.35000000000002,28.6));
#15868=CARTESIAN_POINT('Origin',(-3.5,3.35000000000002,28.6));
#15869=CARTESIAN_POINT('Origin',(-3.,3.35000000000002,28.35));
#15870=CARTESIAN_POINT('Origin',(-2.5,2.85000000000002,28.35));
#15871=CARTESIAN_POINT('',(-2.5,2.85000000000002,28.6));
#15872=CARTESIAN_POINT('',(-2.5,3.10000000000002,28.35));
#15873=CARTESIAN_POINT('Origin',(-4.75,5.60000000000002,28.35));
#15874=CARTESIAN_POINT('',(-4.75,5.35000000000002,28.35));
#15875=CARTESIAN_POINT('Origin',(-4.75,5.60000000000002,28.35));
#15876=CARTESIAN_POINT('',(-4.75,5.60000000000002,28.6));
#15877=CARTESIAN_POINT('Origin',(-4.75,5.60000000000002,28.35));
#15878=CARTESIAN_POINT('Origin',(-4.75,5.60000000000002,28.35));
#15879=CARTESIAN_POINT('Ctrl Pts',(-5.,2.85000000000002,20.6));
#15880=CARTESIAN_POINT('Ctrl Pts',(-5.,2.85000000000002,21.1));
#15881=CARTESIAN_POINT('Ctrl Pts',(-4.5,2.85000000000002,21.1));
#15882=CARTESIAN_POINT('Ctrl Pts',(-5.,3.10000000000002,20.6));
#15883=CARTESIAN_POINT('Ctrl Pts',(-5.,3.10000000000002,21.1));
#15884=CARTESIAN_POINT('Ctrl Pts',(-4.5,3.10000000000002,21.1));
#15885=CARTESIAN_POINT('Ctrl Pts',(-4.74999999999999,3.10000000000002,20.6));
#15886=CARTESIAN_POINT('Ctrl Pts',(-4.74999999999999,3.10000000000002,20.85));
#15887=CARTESIAN_POINT('Ctrl Pts',(-4.5,3.10000000000002,20.85));
#15888=CARTESIAN_POINT('',(-4.5,2.85000000000002,21.1));
#15889=CARTESIAN_POINT('',(-5.,2.85000000000002,20.6));
#15890=CARTESIAN_POINT('Origin',(-4.5,2.85000000000002,20.6));
#15891=CARTESIAN_POINT('',(-4.5,3.10000000000002,20.85));
#15892=CARTESIAN_POINT('Origin',(-4.5,2.85000000000002,20.85));
#15893=CARTESIAN_POINT('',(-4.75,3.10000000000002,20.6));
#15894=CARTESIAN_POINT('Origin',(-4.5,3.10000000000002,20.6));
#15895=CARTESIAN_POINT('Origin',(-4.75,2.85000000000002,20.6));
#15896=CARTESIAN_POINT('Origin',(-3.5,5.10000000000002,28.35));
#15897=CARTESIAN_POINT('',(-3.5,5.35000000000002,28.35));
#15898=CARTESIAN_POINT('Origin',(-3.5,5.10000000000002,28.35));
#15899=CARTESIAN_POINT('',(-3.,5.10000000000002,28.6));
#15900=CARTESIAN_POINT('Origin',(-3.,5.10000000000002,28.35));
#15901=CARTESIAN_POINT('',(-3.5,5.60000000000002,28.6));
#15902=CARTESIAN_POINT('Origin',(-3.5,5.10000000000002,28.6));
#15903=CARTESIAN_POINT('Origin',(-3.5,5.60000000000002,28.35));
#15904=CARTESIAN_POINT('Origin',(-3.,0.387500000000015,28.35));
#15905=CARTESIAN_POINT('',(-3.,0.387500000000016,28.6));
#15906=CARTESIAN_POINT('Origin',(-2.5,5.60000000000002,28.35));
#15907=CARTESIAN_POINT('',(-2.5,5.35000000000002,28.35));
#15908=CARTESIAN_POINT('',(-2.5,5.60000000000002,28.6));
#15909=CARTESIAN_POINT('Origin',(-3.5,2.85000000000002,20.85));
#15910=CARTESIAN_POINT('',(-3.5,3.10000000000002,20.85));
#15911=CARTESIAN_POINT('Origin',(-3.5,3.35000000000002,20.85));
#15912=CARTESIAN_POINT('',(-3.5,2.85000000000002,21.1));
#15913=CARTESIAN_POINT('Origin',(-3.5,2.85000000000002,20.85));
#15914=CARTESIAN_POINT('Origin',(-3.5,2.85000000000002,21.35));
#15915=CARTESIAN_POINT('Origin',(-3.5,5.10000000000002,25.));
#15916=CARTESIAN_POINT('',(-3.5,5.35000000000002,25.9));
#15917=CARTESIAN_POINT('',(-3.5,5.35000000000002,25.));
#15918=CARTESIAN_POINT('Ctrl Pts',(-3.5,5.35000000000002,25.9));
#15919=CARTESIAN_POINT('Ctrl Pts',(-3.47264851335704,5.35000000000002,25.9));
#15920=CARTESIAN_POINT('Ctrl Pts',(-3.44579605682721,5.34551760238408,25.9029946588256));
#15921=CARTESIAN_POINT('Ctrl Pts',(-3.39280952799918,5.32772369858908,25.9148005260988));
#15922=CARTESIAN_POINT('Ctrl Pts',(-3.36776314497736,5.31395758915488,25.9239040144822));
#15923=CARTESIAN_POINT('Ctrl Pts',(-3.3201605023342,5.27672735566919,25.9482501960155));
#15924=CARTESIAN_POINT('Ctrl Pts',(-3.29928316681788,5.25223313355628,25.9641173456346));
#15925=CARTESIAN_POINT('Ctrl Pts',(-3.2727960189957,5.20655057046891,25.9932572929));
#15926=CARTESIAN_POINT('Ctrl Pts',(-3.26449793004671,5.18656343894087,26.0058890602324));
#15927=CARTESIAN_POINT('Ctrl Pts',(-3.25316883270242,5.1451738926063,26.0317744003031));
#15928=CARTESIAN_POINT('Ctrl Pts',(-3.25020218925713,5.12373938658135,26.0450447655893));
#15929=CARTESIAN_POINT('Ctrl Pts',(-3.25000332882902,5.10148963380301,26.0586794242865));
#15930=CARTESIAN_POINT('Ctrl Pts',(-3.25,5.10074485223705,26.0591356672479));
#15931=CARTESIAN_POINT('Ctrl Pts',(-3.25,5.10000000000002,26.0595917942265));
#15932=CARTESIAN_POINT('Origin',(-3.5,3.35000000000002,22.6));
#15933=CARTESIAN_POINT('',(-3.5,3.10000000000002,19.5908141739949));
#15934=CARTESIAN_POINT('',(-3.5,3.10000000000002,22.6));
#15935=CARTESIAN_POINT('Ctrl Pts',(-3.25,3.35000000000002,19.8317926572461));
#15936=CARTESIAN_POINT('Ctrl Pts',(-3.25,3.34925492231134,19.8310788298917));
#15937=CARTESIAN_POINT('Ctrl Pts',(-3.25000333084457,3.34850986047363,19.8303649791823));
#15938=CARTESIAN_POINT('Ctrl Pts',(-3.25023773713504,3.32229287957764,19.8052448883734));
#15939=CARTESIAN_POINT('Ctrl Pts',(-3.2543597370819,3.29672404356534,19.7806996642743));
#15940=CARTESIAN_POINT('Ctrl Pts',(-3.27026218161087,3.24830219072202,19.7341329280294));
#15941=CARTESIAN_POINT('Ctrl Pts',(-3.28180581357197,3.22511228023258,19.7117908440417));
#15942=CARTESIAN_POINT('Ctrl Pts',(-3.31402847444032,3.18051780114468,19.668761315234));
#15943=CARTESIAN_POINT('Ctrl Pts',(-3.33551705087795,3.15907391703233,19.6480303455748));
#15944=CARTESIAN_POINT('Ctrl Pts',(-3.38197513320112,3.12831299454426,19.6182582802649));
#15945=CARTESIAN_POINT('Ctrl Pts',(-3.40472059708165,3.11739046430513,19.6076742208987));
#15946=CARTESIAN_POINT('Ctrl Pts',(-3.45185471805648,3.10361064930148,19.5943166139605));
#15947=CARTESIAN_POINT('Ctrl Pts',(-3.47503770635645,3.10011882873405,19.5909294191092));
#15948=CARTESIAN_POINT('Ctrl Pts',(-3.49918690358622,3.10000099130779,19.5908151354072));
#15949=CARTESIAN_POINT('Ctrl Pts',(-3.49959352967736,3.10000000000002,19.5908141739949));
#15950=CARTESIAN_POINT('Ctrl Pts',(-3.50000000000001,3.10000000000002,19.5908141739949));
#15951=CARTESIAN_POINT('Origin',(-3.5,6.10000000000002,24.1));
#15952=CARTESIAN_POINT('',(-3.5,5.35000000000002,22.3));
#15953=CARTESIAN_POINT('Origin',(-3.5,6.10000000000002,24.1));
#15954=CARTESIAN_POINT('Ctrl Pts',(-3.5,5.35000000000002,22.3));
#15955=CARTESIAN_POINT('Ctrl Pts',(-3.47264851335704,5.35000000000002,22.3));
#15956=CARTESIAN_POINT('Ctrl Pts',(-3.44579605682721,5.34551760238408,22.2970053411744));
#15957=CARTESIAN_POINT('Ctrl Pts',(-3.39280952799918,5.32772369858908,22.2851994739012));
#15958=CARTESIAN_POINT('Ctrl Pts',(-3.36776314497736,5.31395758915488,22.2760959855178));
#15959=CARTESIAN_POINT('Ctrl Pts',(-3.3201605023342,5.27672735566919,22.2517498039845));
#15960=CARTESIAN_POINT('Ctrl Pts',(-3.29928316681787,5.25223313355628,22.2358826543654));
#15961=CARTESIAN_POINT('Ctrl Pts',(-3.2727960189957,5.20655057046891,22.2067427071));
#15962=CARTESIAN_POINT('Ctrl Pts',(-3.26449793004671,5.18656343894087,22.1941109397675));
#15963=CARTESIAN_POINT('Ctrl Pts',(-3.25316883270243,5.14517389260633,22.1682255996969));
#15964=CARTESIAN_POINT('Ctrl Pts',(-3.25020218925713,5.12373938658155,22.1549552344108));
#15965=CARTESIAN_POINT('Ctrl Pts',(-3.25000332882902,5.101489633803,22.1413205757134));
#15966=CARTESIAN_POINT('Ctrl Pts',(-3.25,5.10074485223707,22.1408643327521));
#15967=CARTESIAN_POINT('Ctrl Pts',(-3.25,5.10000000000002,22.1404082057735));
#15968=CARTESIAN_POINT('Origin',(-3.5,5.10000000000002,19.678986254378));
#15969=CARTESIAN_POINT('',(-3.5,5.35000000000002,19.678986254378));
#15970=CARTESIAN_POINT('Origin',(-3.5,5.10000000000002,19.678986254378));
#15971=CARTESIAN_POINT('',(-3.5,5.06725440806047,19.4311400798897));
#15972=CARTESIAN_POINT('Origin',(-3.5,5.10000000000002,19.678986254378));
#15973=CARTESIAN_POINT('Origin',(-3.5,5.10000000000002,19.678986254378));
#15974=CARTESIAN_POINT('Origin',(0.,5.10000000000002,19.678986254378));
#15975=CARTESIAN_POINT('',(0.,5.06725440806047,19.4311400798897));
#15976=CARTESIAN_POINT('',(0.,5.35000000000002,19.678986254378));
#15977=CARTESIAN_POINT('Origin',(-3.5,2.5,0.));
#15978=CARTESIAN_POINT('Origin',(-3.5,2.5,0.));
#15979=CARTESIAN_POINT('Origin',(-3.5,5.10000000000002,21.7458431814876));
#15980=CARTESIAN_POINT('',(-3.5,5.35000000000002,21.7458431814876));
#15981=CARTESIAN_POINT('Origin',(-2.5,2.85000000000002,20.85));
#15982=CARTESIAN_POINT('',(-2.5,2.85000000000002,21.1));
#15983=CARTESIAN_POINT('',(-2.5,3.10000000000002,20.85));
#15984=CARTESIAN_POINT('Origin',(-3.5,-3.3625,21.35));
#15985=CARTESIAN_POINT('',(-3.5,-4.37754493028111,21.1));
#15986=CARTESIAN_POINT('',(-3.5,-3.3625,21.1));
#15987=CARTESIAN_POINT('Ctrl Pts',(-3.5,-4.37754493028111,21.1));
#15988=CARTESIAN_POINT('Ctrl Pts',(-3.48442786348989,-4.38463165171416,
21.1));
#15989=CARTESIAN_POINT('Ctrl Pts',(-3.46749230784432,-4.39031121859006,
21.1015102167677));
#15990=CARTESIAN_POINT('Ctrl Pts',(-3.44977094750361,-4.39424856693112,
21.1050970369173));
#15991=CARTESIAN_POINT('Ctrl Pts',(-3.44899703194686,-4.39441579035257,
21.1052566186133));
#15992=CARTESIAN_POINT('Ctrl Pts',(-3.44822330470339,-4.39457958586963,
21.1054204141304));
#15993=CARTESIAN_POINT('Origin',(-4.75,2.85000000000002,20.725));
#15994=CARTESIAN_POINT('',(-4.75,3.10000000000002,19.5908141739949));
#15995=CARTESIAN_POINT('',(-5.,2.85000000000002,19.5968747508372));
#15996=CARTESIAN_POINT('Ctrl Pts',(-5.,2.85000000000002,19.5968747508372));
#15997=CARTESIAN_POINT('Ctrl Pts',(-5.,2.88139396314686,19.5963140549486));
#15998=CARTESIAN_POINT('Ctrl Pts',(-4.99372538093427,2.91487892063133,19.5956327923634));
#15999=CARTESIAN_POINT('Ctrl Pts',(-4.9682087652308,2.97647636308657,19.5942317871192));
#16000=CARTESIAN_POINT('Ctrl Pts',(-4.94896681023668,3.0045889632144,19.5935163523814));
#16001=CARTESIAN_POINT('Ctrl Pts',(-4.90457327909424,3.04897772823207,19.5923228912371));
#16002=CARTESIAN_POINT('Ctrl Pts',(-4.87646419698518,3.06821521184354,19.5917659827088));
#16003=CARTESIAN_POINT('Ctrl Pts',(-4.8148730726214,3.09372639621913,19.591009463901));
#16004=CARTESIAN_POINT('Ctrl Pts',(-4.78139093720505,3.10000000000002,19.5908141739949));
#16005=CARTESIAN_POINT('Ctrl Pts',(-4.75,3.10000000000002,19.5908141739949));
#16006=CARTESIAN_POINT('',(-5.,2.85000000000002,20.725));
#16007=CARTESIAN_POINT('',(-4.75,3.10000000000002,20.725));
#16008=CARTESIAN_POINT('Origin',(-4.5,-2.525,20.6));
#16009=CARTESIAN_POINT('',(-4.5,-3.4,21.1));
#16010=CARTESIAN_POINT('',(-4.5,-2.525,21.1));
#16011=CARTESIAN_POINT('',(-5.,-2.79644660940673,20.6));
#16012=CARTESIAN_POINT('',(-5.,-2.525,20.6));
#16013=CARTESIAN_POINT('',(-4.92677669529664,-2.97322330470336,20.86050269164));
#16014=CARTESIAN_POINT('Ctrl Pts',(-5.,-2.79644660940673,20.6));
#16015=CARTESIAN_POINT('Ctrl Pts',(-5.,-2.79719042161647,20.6010519093149));
#16016=CARTESIAN_POINT('Ctrl Pts',(-4.99999668046038,-2.79793423629561,
20.6021038221218));
#16017=CARTESIAN_POINT('Ctrl Pts',(-4.99970776803027,-2.83030159502359,
20.6478788636214));
#16018=CARTESIAN_POINT('Ctrl Pts',(-4.99342304244713,-2.86209188151824,
20.6928465297012));
#16019=CARTESIAN_POINT('Ctrl Pts',(-4.96891764069747,-2.921176544934,20.7790056364487));
#16020=CARTESIAN_POINT('Ctrl Pts',(-4.95100785955349,-2.94899214044651,
20.8208052277112));
#16021=CARTESIAN_POINT('Ctrl Pts',(-4.92677669529664,-2.97322330470336,
20.86050269164));
#16022=CARTESIAN_POINT('Origin',(-4.5,-3.4,20.6));
#16023=CARTESIAN_POINT('Origin',(-4.75,4.73750000000002,28.35));
#16024=CARTESIAN_POINT('',(-4.75,4.73750000000002,28.6));
#16025=CARTESIAN_POINT('Origin',(-4.75,5.60000000000002,25.));
#16026=CARTESIAN_POINT('',(-4.75,5.35000000000002,25.9));
#16027=CARTESIAN_POINT('',(-4.75,5.35000000000002,25.));
#16028=CARTESIAN_POINT('Ctrl Pts',(-5.,5.60000000000002,25.7248076809272));
#16029=CARTESIAN_POINT('Ctrl Pts',(-5.,5.59925838680778,25.7253553985686));
#16030=CARTESIAN_POINT('Ctrl Pts',(-4.9999967000595,5.59851663995602,25.7259029379679));
#16031=CARTESIAN_POINT('Ctrl Pts',(-4.99979684810926,5.5760644596332,25.7424682253683));
#16032=CARTESIAN_POINT('Ctrl Pts',(-4.99677434098205,5.55422915101847,25.7583380160014));
#16033=CARTESIAN_POINT('Ctrl Pts',(-4.98502762903355,5.51210227438998,25.7885425258322));
#16034=CARTESIAN_POINT('Ctrl Pts',(-4.97646578863651,5.4917601768057,25.8029261068033));
#16035=CARTESIAN_POINT('Ctrl Pts',(-4.94963469644597,5.44651738833715,25.834556907928));
#16036=CARTESIAN_POINT('Ctrl Pts',(-4.92908413477526,5.4225757889995,25.8510000769719));
#16037=CARTESIAN_POINT('Ctrl Pts',(-4.8818979368145,5.38586891406199,25.8759631854065));
#16038=CARTESIAN_POINT('Ctrl Pts',(-4.85703621585871,5.3722244574919,25.8851328899803));
#16039=CARTESIAN_POINT('Ctrl Pts',(-4.80421517164805,5.35448620691118,25.8970157710059));
#16040=CARTESIAN_POINT('Ctrl Pts',(-4.77734702221061,5.35000000000002,25.9));
#16041=CARTESIAN_POINT('Ctrl Pts',(-4.75,5.35000000000002,25.9));
#16042=CARTESIAN_POINT('Origin',(-3.5,3.35000000000002,26.35));
#16043=CARTESIAN_POINT('',(-3.5,3.10000000000002,26.35));
#16044=CARTESIAN_POINT('Origin',(-4.75,-2.79644660940673,20.1625));
#16045=CARTESIAN_POINT('',(-5.,-2.79644660940673,20.1625));
#16046=CARTESIAN_POINT('',(-4.92677669529664,-2.97322330470336,20.1625));
#16047=CARTESIAN_POINT('Origin',(-4.75,6.10000000000002,24.1));
#16048=CARTESIAN_POINT('Origin',(-4.75,6.10000000000002,24.1));
#16049=CARTESIAN_POINT('Origin',(-4.75,2.85000000000002,28.225));
#16050=CARTESIAN_POINT('',(-5.,2.85000000000002,28.225));
#16051=CARTESIAN_POINT('',(-4.75,3.10000000000002,28.225));
#16052=CARTESIAN_POINT('Origin',(-4.5,1.22500000000002,28.1));
#16053=CARTESIAN_POINT('',(-4.5,-3.4,28.6));
#16054=CARTESIAN_POINT('',(-4.5,1.22500000000002,28.6));
#16055=CARTESIAN_POINT('',(-5.,-2.79644660940673,28.1));
#16056=CARTESIAN_POINT('',(-5.,1.22500000000002,28.1));
#16057=CARTESIAN_POINT('',(-4.92677669529664,-2.97322330470336,28.36050269164));
#16058=CARTESIAN_POINT('Ctrl Pts',(-5.,-2.79644660940672,28.1));
#16059=CARTESIAN_POINT('Ctrl Pts',(-5.,-2.79719042161647,28.1010519093149));
#16060=CARTESIAN_POINT('Ctrl Pts',(-4.99999668046038,-2.79793423629561,
28.1021038221218));
#16061=CARTESIAN_POINT('Ctrl Pts',(-4.99970776803027,-2.83030159502355,
28.1478788636213));
#16062=CARTESIAN_POINT('Ctrl Pts',(-4.99342304244713,-2.86209188151823,
28.1928465297012));
#16063=CARTESIAN_POINT('Ctrl Pts',(-4.96891764069747,-2.921176544934,28.2790056364487));
#16064=CARTESIAN_POINT('Ctrl Pts',(-4.95100785955349,-2.9489921404465,28.3208052277112));
#16065=CARTESIAN_POINT('Ctrl Pts',(-4.92677669529664,-2.97322330470336,
28.36050269164));
#16066=CARTESIAN_POINT('Origin',(-4.5,-3.4,28.1));
#16067=CARTESIAN_POINT('Origin',(-4.5,1.22500000000002,27.6));
#16068=CARTESIAN_POINT('',(-5.,-2.79644660940673,27.6));
#16069=CARTESIAN_POINT('',(-5.,1.22500000000002,27.6));
#16070=CARTESIAN_POINT('',(-4.5,-3.4,27.1));
#16071=CARTESIAN_POINT('',(-4.5,1.22500000000002,27.1));
#16072=CARTESIAN_POINT('',(-4.92677669529664,-2.97322330470336,27.33949730836));
#16073=CARTESIAN_POINT('Origin',(-4.5,-3.4,27.6));
#16074=CARTESIAN_POINT('Ctrl Pts',(-5.,-2.79644660940673,27.6));
#16075=CARTESIAN_POINT('Ctrl Pts',(-5.,-2.79719110130602,27.5989471294589));
#16076=CARTESIAN_POINT('Ctrl Pts',(-4.99999667439087,-2.79793559568166,
27.597894255416));
#16077=CARTESIAN_POINT('Ctrl Pts',(-4.9997046461599,-2.83062215226602,27.5516677919726));
#16078=CARTESIAN_POINT('Ctrl Pts',(-4.99329527216003,-2.86273648103111,
27.5062422629468));
#16079=CARTESIAN_POINT('Ctrl Pts',(-4.96854074379703,-2.92175850284531,
27.4201178022308));
#16080=CARTESIAN_POINT('Ctrl Pts',(-4.95075420200929,-2.94924579799071,
27.3787792098707));
#16081=CARTESIAN_POINT('Ctrl Pts',(-4.92677669529664,-2.97322330470336,
27.33949730836));
#16082=CARTESIAN_POINT('Origin',(-4.75,-2.79644660940673,27.6625));
#16083=CARTESIAN_POINT('',(-4.92677669529664,-2.97322330470336,27.6625));
#16084=CARTESIAN_POINT('',(-5.,-2.79644660940673,27.6625));
#16085=CARTESIAN_POINT('Origin',(0.,2.5,0.));
#16086=CARTESIAN_POINT('Origin',(-5.,2.5,0.));
#16087=CARTESIAN_POINT('',(0.,3.10000000000002,19.5908141739949));
#16088=CARTESIAN_POINT('',(-2.5,8.60000000000002,18.6265938915305));
#16089=CARTESIAN_POINT('',(0.,8.60000000000002,18.6265938915305));
#16090=CARTESIAN_POINT('Origin',(-2.5,2.5,0.));
#16091=CARTESIAN_POINT('',(-9.1,7.01732079071307,19.0723310812756));
#16092=CARTESIAN_POINT('Origin',(-9.1,2.5,0.));
#16093=CARTESIAN_POINT('',(-13.35,7.01732079071307,19.0723310812756));
#16094=CARTESIAN_POINT('',(0.,7.01732079071307,19.0723310812756));
#16095=CARTESIAN_POINT('',(-13.35,16.940608207518,13.2525029559311));
#16096=CARTESIAN_POINT('Ctrl Pts',(-13.35,16.940608207518,13.2525029559311));
#16097=CARTESIAN_POINT('Ctrl Pts',(-14.2969022184782,16.940608207518,13.2525029559311));
#16098=CARTESIAN_POINT('Ctrl Pts',(-16.1883975810492,16.6729697195421,13.5522197488269));
#16099=CARTESIAN_POINT('Ctrl Pts',(-18.4520735200187,15.4901512250132,14.7284960893018));
#16100=CARTESIAN_POINT('Ctrl Pts',(-19.6789622366817,13.6037069592349,16.2193335786549));
#16101=CARTESIAN_POINT('Ctrl Pts',(-19.6027389083633,10.5651584509392,18.0210985627133));
#16102=CARTESIAN_POINT('Ctrl Pts',(-17.1289325982952,7.68871324893327,18.9351209363686));
#16103=CARTESIAN_POINT('Ctrl Pts',(-14.2969022184782,7.01732079071307,19.0723310812756));
#16104=CARTESIAN_POINT('Ctrl Pts',(-13.35,7.01732079071307,19.0723310812756));
#16105=CARTESIAN_POINT('',(-9.1,16.940608207518,13.2525029559311));
#16106=CARTESIAN_POINT('',(0.,16.940608207518,13.2525029559311));
#16107=CARTESIAN_POINT('',(-9.1,16.9683531201409,13.2222070015149));
#16108=CARTESIAN_POINT('Origin',(-9.1,2.5,0.));
#16109=CARTESIAN_POINT('',(-1.6,16.9683531201409,13.2222070015149));
#16110=CARTESIAN_POINT('',(0.,16.9683531201409,13.2222070015149));
#16111=CARTESIAN_POINT('Origin',(-1.6,2.5,0.));
#16112=CARTESIAN_POINT('Origin',(-2.5,5.35000000000002,19.3916863629752));
#16113=CARTESIAN_POINT('',(-2.5,5.35000000000002,22.3));
#16114=CARTESIAN_POINT('Origin',(-2.5,5.35000000000002,25.9));
#16115=CARTESIAN_POINT('',(-2.5,5.35000000000002,25.9));
#16116=CARTESIAN_POINT('Origin',(-2.5,6.10000000000002,24.1));
#16117=CARTESIAN_POINT('Origin',(-2.5,8.60000000000001,26.4));
#16118=CARTESIAN_POINT('',(-2.5,8.60000000000001,26.7555517503787));
#16119=CARTESIAN_POINT('Origin',(-2.5,3.10000000000002,28.6));
#16120=CARTESIAN_POINT('',(-3.57322330470336,-4.32677669529664,28.6));
#16121=CARTESIAN_POINT('',(-5.50000000000001,-2.4,28.6));
#16122=CARTESIAN_POINT('Origin',(-3.39644660940673,-4.15,28.6));
#16123=CARTESIAN_POINT('Origin',(-4.25,-3.65,27.475));
#16124=CARTESIAN_POINT('',(-3.57322330470336,-4.32677669529664,27.1));
#16125=CARTESIAN_POINT('',(-5.50000000000001,-2.4,27.1));
#16126=CARTESIAN_POINT('',(-3.57322330470336,-4.32677669529664,27.2875));
#16127=CARTESIAN_POINT('Origin',(-2.5,3.10000000000002,28.6));
#16128=CARTESIAN_POINT('Origin',(-5.,-0.649999999999989,27.85));
#16129=CARTESIAN_POINT('Origin',(-3.39644660940673,-4.15,27.2875));
#16130=CARTESIAN_POINT('Origin',(-3.39644660940673,-4.15,27.1));
#16131=CARTESIAN_POINT('Origin',(-3.39644660940673,-4.15,19.7875));
#16132=CARTESIAN_POINT('',(-3.57322330470336,-4.32677669529664,21.1));
#16133=CARTESIAN_POINT('Origin',(-3.39644660940673,-4.15,21.1));
#16134=CARTESIAN_POINT('',(-3.57322330470336,-4.32677669529664,19.7875));
#16135=CARTESIAN_POINT('Origin',(-2.5,-4.4,21.1));
#16136=CARTESIAN_POINT('',(-3.625,-4.275,21.1));
#16137=CARTESIAN_POINT('Origin',(-4.25,-3.65,19.975));
#16138=CARTESIAN_POINT('Origin',(-2.5,3.10000000000002,27.1));
#16139=CARTESIAN_POINT('Origin',(-13.,19.5142135623731,4.77359245282263));
#16140=CARTESIAN_POINT('',(-13.,19.5142135623731,3.77359245282263));
#16141=CARTESIAN_POINT('',(-13.,18.8071067811865,4.06648567163609));
#16142=CARTESIAN_POINT('Origin',(-26.,19.1,3.77359245282263));
#16143=CARTESIAN_POINT('',(-26.,8.8391873732361,14.0344050795865));
#16144=CARTESIAN_POINT('Origin',(-26.,7.424973810863,12.6201915172134));
#16145=CARTESIAN_POINT('Origin',(-34.4786796564403,-9.75,18.1));
#16146=CARTESIAN_POINT('',(-35.5393398282202,-9.75,19.1606601717798));
#16147=CARTESIAN_POINT('Origin',(-36.75,-6.5,17.95));
#16148=CARTESIAN_POINT('',(-37.9606601717798,-6.5,16.7393398282202));
#16149=CARTESIAN_POINT('Origin',(-39.0213203435596,-6.5,17.8));
#16150=CARTESIAN_POINT('Origin',(-43.55,-9.25,17.8));
#16151=CARTESIAN_POINT('',(-45.05,-5.2,17.8));
#16152=CARTESIAN_POINT('Origin',(-43.55,-5.2,17.8));
#16153=CARTESIAN_POINT('',(-45.05,-9.25,17.8));
#16154=CARTESIAN_POINT('Origin',(-45.05,-12.,19.6));
#16155=CARTESIAN_POINT('',(-45.05,-5.2,19.6));
#16156=CARTESIAN_POINT('Ctrl Pts',(-16.8718366420567,12.2529002167588,16.2075319423153));
#16157=CARTESIAN_POINT('Ctrl Pts',(-16.1206530783905,11.1019290824788,16.8599917130934));
#16158=CARTESIAN_POINT('Ctrl Pts',(-15.38401983299,9.88259781423582,17.391775867094));
#16159=CARTESIAN_POINT('Ctrl Pts',(-14.6779056191361,8.62133903849431,17.7913564034626));
#16160=CARTESIAN_POINT('Ctrl Pts',(-16.8940725582194,12.1034718911465,15.9695334608246));
#16161=CARTESIAN_POINT('Ctrl Pts',(-16.1510535247899,10.9689553152445,16.6203141331509));
#16162=CARTESIAN_POINT('Ctrl Pts',(-15.4213597793165,9.76603840423528,17.1516941626929));
#16163=CARTESIAN_POINT('Ctrl Pts',(-14.7220950808299,8.52098724589374,17.5526891927393));
#16164=CARTESIAN_POINT('Ctrl Pts',(-17.124421669908,11.7593811744877,15.6277437814754));
#16165=CARTESIAN_POINT('Ctrl Pts',(-16.3855438505991,10.6573066429003,16.2713592696031));
#16166=CARTESIAN_POINT('Ctrl Pts',(-15.6602256434783,9.48673942706099,16.799251940565));
#16167=CARTESIAN_POINT('Ctrl Pts',(-14.9641902088045,8.27340701987151,17.1990285187554));
#16168=CARTESIAN_POINT('Ctrl Pts',(-17.5540059450317,11.467538209219,15.6075031740449));
#16169=CARTESIAN_POINT('Ctrl Pts',(-16.8064875749501,10.3778191604572,16.2336620201335));
#16170=CARTESIAN_POINT('Ctrl Pts',(-16.0732569543391,9.22166935882272,16.7454103943695));
#16171=CARTESIAN_POINT('Ctrl Pts',(-15.370145115193,8.02471940791774,17.1314353780691));
#16172=CARTESIAN_POINT('Ctrl Pts',(-17.7378620458412,11.3767265217677,15.6589822867818));
#16173=CARTESIAN_POINT('Ctrl Pts',(-16.9866784821749,10.2863328156078,16.2771020696242));
#16174=CARTESIAN_POINT('Ctrl Pts',(-16.2500452367744,9.13117687727232,16.7808975839406));
#16175=CARTESIAN_POINT('Ctrl Pts',(-15.5439310229206,7.93630014235931,17.1594475657634));
#16176=CARTESIAN_POINT('',(-15.5439310229206,7.93630014235931,17.1594475657634));
#16177=CARTESIAN_POINT('',(-17.7378620458411,11.3767265217677,15.6589822867818));
#16178=CARTESIAN_POINT('Origin',(-19.7278993390399,2.5,0.));
#16179=CARTESIAN_POINT('',(-16.5926635568996,11.8209690331473,16.4450341627719));
#16180=CARTESIAN_POINT('Ctrl Pts',(-17.7378620458411,11.3767265217677,15.6589822867818));
#16181=CARTESIAN_POINT('Ctrl Pts',(-17.7361363462624,11.3767265217677,15.6589822867818));
#16182=CARTESIAN_POINT('Ctrl Pts',(-17.7344106464678,11.3767281582694,15.6589851903102));
#16183=CARTESIAN_POINT('Ctrl Pts',(-17.5850905503782,11.3770113645427,15.6594876631256));
#16184=CARTESIAN_POINT('Ctrl Pts',(-17.437524150599,11.3892604325264,15.6812251196432));
#16185=CARTESIAN_POINT('Ctrl Pts',(-17.1621180421882,11.4372936005454,15.7664073363916));
#16186=CARTESIAN_POINT('Ctrl Pts',(-17.0343998069116,11.472577908801,15.8289653240343));
#16187=CARTESIAN_POINT('Ctrl Pts',(-16.830451889641,11.5589355006252,15.9819119781456));
#16188=CARTESIAN_POINT('Ctrl Pts',(-16.7508829069723,11.6066569573636,16.0663787303566));
#16189=CARTESIAN_POINT('Ctrl Pts',(-16.6388626146189,11.7106906015958,16.2503175583138));
#16190=CARTESIAN_POINT('Ctrl Pts',(-16.6046147030055,11.7647725242134,16.3458583001776));
#16191=CARTESIAN_POINT('Ctrl Pts',(-16.5926635568996,11.8209690331473,16.4450341627719));
#16192=CARTESIAN_POINT('',(-14.966580753731,9.13167700010405,17.6216915892179));
#16193=CARTESIAN_POINT('Origin',(-18.8618739352555,2.88302222155949,-0.321393804843268));
#16194=CARTESIAN_POINT('',(-14.9879354406845,9.00436126005382,17.4699625986193));
#16195=CARTESIAN_POINT('Ctrl Pts',(-14.9665843046608,9.13166902598749,17.6216725177263));
#16196=CARTESIAN_POINT('Ctrl Pts',(-14.9665779360137,9.10270311135302,17.5871476636859));
#16197=CARTESIAN_POINT('Ctrl Pts',(-14.969865533726,9.0738543977056,17.5529030318591));
#16198=CARTESIAN_POINT('Ctrl Pts',(-14.9764654316379,9.04536254611681,17.5191076336617));
#16199=CARTESIAN_POINT('Ctrl Pts',(-14.9796645393738,9.03155195327948,17.5027263015175));
#16200=CARTESIAN_POINT('Ctrl Pts',(-14.9836423265327,9.01782505827391,17.4864511127944));
#16201=CARTESIAN_POINT('Ctrl Pts',(-14.9884031644022,9.0042086249784,17.4703051106413));
#16202=CARTESIAN_POINT('Ctrl Pts',(-15.5439310229206,7.93630014235932,17.1594475657634));
#16203=CARTESIAN_POINT('Ctrl Pts',(-15.543048309501,7.93768335058055,17.1590093503126));
#16204=CARTESIAN_POINT('Ctrl Pts',(-15.5421655932952,7.93906754951188,17.1585742277206));
#16205=CARTESIAN_POINT('Ctrl Pts',(-15.5412828809057,7.94045272818017,17.15814219726));
#16206=CARTESIAN_POINT('Ctrl Pts',(-15.5150416443628,7.98163126098391,17.1452988140186));
#16207=CARTESIAN_POINT('Ctrl Pts',(-15.4888019543817,8.02368084099189,17.1351819780434));
#16208=CARTESIAN_POINT('Ctrl Pts',(-15.4627344684669,8.06632010702619,17.1278002495124));
#16209=CARTESIAN_POINT('Ctrl Pts',(-15.4370137365652,8.10839217848489,17.1205167139564));
#16210=CARTESIAN_POINT('Ctrl Pts',(-15.4114598107612,8.15103892755021,17.115896240219));
#16211=CARTESIAN_POINT('Ctrl Pts',(-15.3862503657083,8.19399294439903,17.1139949042007));
#16212=CARTESIAN_POINT('Ctrl Pts',(-15.3716099186152,8.21893859511811,17.1128906986411));
#16213=CARTESIAN_POINT('Ctrl Pts',(-15.3570859766374,8.24398788897442,17.1127044606104));
#16214=CARTESIAN_POINT('Ctrl Pts',(-15.3427172232972,8.26908774395583,17.1134542925358));
#16215=CARTESIAN_POINT('Ctrl Pts',(-15.3196157579752,8.30944221422304,17.1146598401439));
#16216=CARTESIAN_POINT('Ctrl Pts',(-15.2969265069779,8.34991147891572,17.1182813209688));
#16217=CARTESIAN_POINT('Ctrl Pts',(-15.2748146998669,8.3902614727258,17.1244233263913));
#16218=CARTESIAN_POINT('Ctrl Pts',(-15.252702892756,8.43061146653587,17.1305653318137));
#16219=CARTESIAN_POINT('Ctrl Pts',(-15.2311677569165,8.470842690811,17.139227937215));
#16220=CARTESIAN_POINT('Ctrl Pts',(-15.2104119838705,8.51070720442198,17.1505539065005));
#16221=CARTESIAN_POINT('Ctrl Pts',(-15.1953987666519,8.5395422953064,17.1587462892519));
#16222=CARTESIAN_POINT('Ctrl Pts',(-15.180794379169,8.56818527684344,17.1683334301391));
#16223=CARTESIAN_POINT('Ctrl Pts',(-15.1666408834048,8.5965389271908,17.1793068372466));
#16224=CARTESIAN_POINT('Ctrl Pts',(-15.1474572316128,8.63496947215005,17.1941801960571));
#16225=CARTESIAN_POINT('Ctrl Pts',(-15.1291610502077,8.67274871850007,17.2115521096184));
#16226=CARTESIAN_POINT('Ctrl Pts',(-15.1118481597728,8.70961965239853,17.2313861648072));
#16227=CARTESIAN_POINT('Ctrl Pts',(-15.0953985203489,8.74465213701638,17.2502312592988));
#16228=CARTESIAN_POINT('Ctrl Pts',(-15.0798364148849,8.77886490308249,17.2712997680314));
#16229=CARTESIAN_POINT('Ctrl Pts',(-15.0652807421448,8.81201380775361,17.2945727783677));
#16230=CARTESIAN_POINT('Ctrl Pts',(-15.0514610344799,8.84348663488756,17.3166690569165));
#16231=CARTESIAN_POINT('Ctrl Pts',(-15.0385484774219,8.87400064145059,17.3407530500224));
#16232=CARTESIAN_POINT('Ctrl Pts',(-15.02668032362,8.90332184581211,17.3668116768027));
#16233=CARTESIAN_POINT('Ctrl Pts',(-15.0141096810459,8.93437860375634,17.3944127416941));
#16234=CARTESIAN_POINT('Ctrl Pts',(-15.0028033844881,8.96385398013131,17.424019356186));
#16235=CARTESIAN_POINT('Ctrl Pts',(-14.9928957768541,8.99151474984479,17.4555488291179));
#16236=CARTESIAN_POINT('Ctrl Pts',(-14.9913645484693,8.99578974309187,17.4604217334248));
#16237=CARTESIAN_POINT('Ctrl Pts',(-14.9898668138044,9.00002134141068,17.4653405888627));
#16238=CARTESIAN_POINT('Ctrl Pts',(-14.9884031644022,9.0042086249784,17.4703051106413));
#16239=CARTESIAN_POINT('Ctrl Pts',(-14.6779056191359,14.5983644066523,14.6467206017123));
#16240=CARTESIAN_POINT('Ctrl Pts',(-15.412786387422,13.6385141631042,15.4830199870448));
#16241=CARTESIAN_POINT('Ctrl Pts',(-16.1490248736954,12.5943553531584,16.2225028324786));
#16242=CARTESIAN_POINT('Ctrl Pts',(-16.8718366420567,11.4868557736398,16.8503195520018));
#16243=CARTESIAN_POINT('Ctrl Pts',(-14.6802995616262,14.4040291034468,14.4215715059331));
#16244=CARTESIAN_POINT('Ctrl Pts',(-15.4063432034739,13.4511410434955,15.2431603670364));
#16245=CARTESIAN_POINT('Ctrl Pts',(-16.1340252392007,12.4160469715264,15.9686420292037));
#16246=CARTESIAN_POINT('Ctrl Pts',(-16.8468713134746,11.3190854321309,16.5831072523611));
#16247=CARTESIAN_POINT('Ctrl Pts',(-14.899242452367,14.1625223833586,13.9519942101212));
#16248=CARTESIAN_POINT('Ctrl Pts',(-15.6205290679467,13.2267376765259,14.7450376101315));
#16249=CARTESIAN_POINT('Ctrl Pts',(-16.3418372872961,12.2113285856,15.4424766010882));
#16250=CARTESIAN_POINT('Ctrl Pts',(-17.0489109863621,11.1378668323975,16.0308183988437));
#16251=CARTESIAN_POINT('Ctrl Pts',(-15.3507368267254,14.2403883190929,13.6446223528234));
#16252=CARTESIAN_POINT('Ctrl Pts',(-16.0815685163051,13.3242753470899,14.4328116018938));
#16253=CARTESIAN_POINT('Ctrl Pts',(-16.8133151267498,12.3288902511182,15.1283502776764));
#16254=CARTESIAN_POINT('Ctrl Pts',(-17.5314379913995,11.2747678887289,15.7167803534405));
#16255=CARTESIAN_POINT('Ctrl Pts',(-15.5439310229204,14.3244715425165,13.5713622286128));
#16256=CARTESIAN_POINT('Ctrl Pts',(-16.2788117912064,13.4151397328393,14.3636458568225));
#16257=CARTESIAN_POINT('Ctrl Pts',(-17.0150502774799,12.4259366497328,15.0642085524966));
#16258=CARTESIAN_POINT('Ctrl Pts',(-17.7378620458411,11.3767265217677,15.6589822867818));
#16259=CARTESIAN_POINT('',(-15.5439310229204,14.3244715425162,13.571362228613));
#16260=CARTESIAN_POINT('Origin',(-15.7478247526423,2.5,0.));
#16261=CARTESIAN_POINT('',(-14.9665850088492,14.2153421850926,14.9681144065558));
#16262=CARTESIAN_POINT('Ctrl Pts',(-15.5439310229204,14.3244715425165,13.5713622286128));
#16263=CARTESIAN_POINT('Ctrl Pts',(-15.5430819062644,14.3233775105443,13.5723154380036));
#16264=CARTESIAN_POINT('Ctrl Pts',(-15.5422327899023,14.3222855530517,13.5732710288248));
#16265=CARTESIAN_POINT('Ctrl Pts',(-15.4690313581965,14.2283278144315,13.6558568765604));
#16266=CARTESIAN_POINT('Ctrl Pts',(-15.39671844798,14.1505634003664,13.7547397157814));
#16267=CARTESIAN_POINT('Ctrl Pts',(-15.2591136056977,14.0341592705845,13.9801954217522));
#16268=CARTESIAN_POINT('Ctrl Pts',(-15.1941761731715,13.9963706135825,14.1068575473113));
#16269=CARTESIAN_POINT('Ctrl Pts',(-15.0904974686106,13.9751723094294,14.3558091035911));
#16270=CARTESIAN_POINT('Ctrl Pts',(-15.0500027779078,13.9851957712078,14.4748985021282));
#16271=CARTESIAN_POINT('Ctrl Pts',(-14.993093120703,14.0472683598594,14.6992173430825));
#16272=CARTESIAN_POINT('Ctrl Pts',(-14.9756009820995,14.0950101514156,14.8021755376094));
#16273=CARTESIAN_POINT('Ctrl Pts',(-14.967570153689,14.1774626699724,14.920828243343));
#16274=CARTESIAN_POINT('Ctrl Pts',(-14.9666800046646,14.1958626063245,14.9448995485767));
#16275=CARTESIAN_POINT('Ctrl Pts',(-14.9665850088492,14.2153421850926,14.9681144065558));
#16276=CARTESIAN_POINT('',(-14.966580753731,14.2170872646623,14.9701941114024));
#16277=CARTESIAN_POINT('',(-14.966580753731,14.6031245952204,15.4302554869705));
#16278=CARTESIAN_POINT('',(-16.5831615074619,11.9247412382066,16.5943092141139));
#16279=CARTESIAN_POINT('Origin',(-14.8817993488579,2.11697777844051,0.32139380484327));
#16280=CARTESIAN_POINT('Ctrl Pts',(-16.5831605526405,11.9247315440929,16.5942950882644));
#16281=CARTESIAN_POINT('Ctrl Pts',(-16.5831726740533,11.8958887735186,16.5599194768193));
#16282=CARTESIAN_POINT('Ctrl Pts',(-16.5850897704734,11.869565574645,16.523777226956));
#16283=CARTESIAN_POINT('Ctrl Pts',(-16.5887817723179,11.8458843148913,16.4860996042425));
#16284=CARTESIAN_POINT('Ctrl Pts',(-16.5901039160438,11.8374038128967,16.4726068611241));
#16285=CARTESIAN_POINT('Ctrl Pts',(-16.591654108095,11.8292623536679,16.4589171632224));
#16286=CARTESIAN_POINT('Ctrl Pts',(-16.5934277539559,11.8214663938792,16.4450410893842));
#16287=CARTESIAN_POINT('Origin',(0.,8.23831681693485,18.1127502083058));
#16288=CARTESIAN_POINT('',(-11.7120645593155,9.00436126005382,17.4699625986193));
#16289=CARTESIAN_POINT('',(-6.86772387994129E-16,9.00436126005383,17.4699625986193));
#16290=CARTESIAN_POINT('',(-11.1560689770794,7.93630014235933,17.1594475657634));
#16291=CARTESIAN_POINT('Ctrl Pts',(-11.7120645593155,9.00436126005383,17.4699625986193));
#16292=CARTESIAN_POINT('Ctrl Pts',(-11.6856245264079,8.92767730863666,17.3785742240236));
#16293=CARTESIAN_POINT('Ctrl Pts',(-11.6480542222181,8.83723928177012,17.3039301738229));
#16294=CARTESIAN_POINT('Ctrl Pts',(-11.5494211373521,8.62472720343363,17.1810370328301));
#16295=CARTESIAN_POINT('Ctrl Pts',(-11.4864254826053,8.50177278439585,17.1400007867544));
#16296=CARTESIAN_POINT('Ctrl Pts',(-11.3364975866684,8.2293086839293,17.1015946438662));
#16297=CARTESIAN_POINT('Ctrl Pts',(-11.2476535701769,8.08001145191176,17.1145957369483));
#16298=CARTESIAN_POINT('Ctrl Pts',(-11.1578343949904,7.93906751579186,17.1585741443112));
#16299=CARTESIAN_POINT('Ctrl Pts',(-11.1569516899804,7.93768334976798,17.1590093505701));
#16300=CARTESIAN_POINT('Ctrl Pts',(-11.1560689770794,7.93630014235934,17.1594475657634));
#16301=CARTESIAN_POINT('',(0.,7.93630014235933,17.1594475657634));
#16302=CARTESIAN_POINT('Origin',(0.,14.9813866282116,14.3253267968693));
#16303=CARTESIAN_POINT('',(-11.1560689770796,14.3244715425165,13.5713622286128));
#16304=CARTESIAN_POINT('',(0.,14.3244715425162,13.571362228613));
#16305=CARTESIAN_POINT('',(-11.7334192462691,14.2153421850926,14.9681144065558));
#16306=CARTESIAN_POINT('Ctrl Pts',(-11.1560689770796,14.3244715425165,13.5713622286128));
#16307=CARTESIAN_POINT('Ctrl Pts',(-11.1569180907852,14.3233775143456,13.5723154346915));
#16308=CARTESIAN_POINT('Ctrl Pts',(-11.1577672041981,14.3222855606392,13.5732710221848));
#16309=CARTESIAN_POINT('Ctrl Pts',(-11.2057520132625,14.2606946312944,13.6274074779183));
#16310=CARTESIAN_POINT('Ctrl Pts',(-11.252874621463,14.2066002340685,13.6879124144415));
#16311=CARTESIAN_POINT('Ctrl Pts',(-11.3444508684766,14.1143725393781,13.8205976754343));
#16312=CARTESIAN_POINT('Ctrl Pts',(-11.3889174781011,14.0760995513387,13.8926502164875));
#16313=CARTESIAN_POINT('Ctrl Pts',(-11.4947662441243,14.0027568286314,14.0852489641301));
#16314=CARTESIAN_POINT('Ctrl Pts',(-11.5529689538699,13.9793920529131,14.2113128137421));
#16315=CARTESIAN_POINT('Ctrl Pts',(-11.6434150576956,13.9833749981232,14.4552849497958));
#16316=CARTESIAN_POINT('Ctrl Pts',(-11.6773531683379,14.0046281069008,14.5704025396099));
#16317=CARTESIAN_POINT('Ctrl Pts',(-11.7217433821561,14.0863406208422,14.784818230721));
#16318=CARTESIAN_POINT('Ctrl Pts',(-11.7330620610681,14.1429711411005,14.8818659572142));
#16319=CARTESIAN_POINT('Ctrl Pts',(-11.7334149911926,14.215342193664,14.9681144167709));
#16320=CARTESIAN_POINT('',(0.,14.2153421850926,14.9681144065558));
#16321=CARTESIAN_POINT('Ctrl Pts',(-9.82816335793813,11.4868557736319,16.8503195520063));
#16322=CARTESIAN_POINT('Ctrl Pts',(-10.5509751263011,12.5943553531535,16.2225028324821));
#16323=CARTESIAN_POINT('Ctrl Pts',(-11.2872136125763,13.6385141631019,15.4830199870468));
#16324=CARTESIAN_POINT('Ctrl Pts',(-12.0220943808641,14.5983644066523,14.6467206017123));
#16325=CARTESIAN_POINT('Ctrl Pts',(-9.85312868652028,11.319085432123,16.5831072523655));
#16326=CARTESIAN_POINT('Ctrl Pts',(-10.5659747607959,12.4160469715215,15.9686420292071));
#16327=CARTESIAN_POINT('Ctrl Pts',(-11.2936567965244,13.4511410434932,15.2431603670383));
#16328=CARTESIAN_POINT('Ctrl Pts',(-12.0197004383739,14.4040291034468,14.4215715059331));
#16329=CARTESIAN_POINT('Ctrl Pts',(-9.65110482207772,11.137849092269,16.0308053048252));
#16330=CARTESIAN_POINT('Ctrl Pts',(-10.3581785211453,12.2113108454743,15.4424635070688));
#16331=CARTESIAN_POINT('Ctrl Pts',(-11.0794827647468,13.2267216686384,14.7450296350558));
#16332=CARTESIAN_POINT('Ctrl Pts',(-11.8007693803281,14.1625063754733,13.9519862350436));
#16333=CARTESIAN_POINT('Ctrl Pts',(-9.16856200859542,11.2747678887213,15.7167803534447));
#16334=CARTESIAN_POINT('Ctrl Pts',(-9.8866848732467,12.3288902511134,15.1283502776797));
#16335=CARTESIAN_POINT('Ctrl Pts',(-10.6184314836932,13.3242753470877,14.4328116018957));
#16336=CARTESIAN_POINT('Ctrl Pts',(-11.3492631732746,14.2403883190929,13.6446223528234));
#16337=CARTESIAN_POINT('Ctrl Pts',(-8.9621379541537,11.3767265217602,15.658982286786));
#16338=CARTESIAN_POINT('Ctrl Pts',(-9.68494972251665,12.4259366497281,15.0642085524999));
#16339=CARTESIAN_POINT('Ctrl Pts',(-10.4211882087919,13.4151397328371,14.3636458568244));
#16340=CARTESIAN_POINT('Ctrl Pts',(-11.1560689770796,14.3244715425165,13.5713622286128));
#16341=CARTESIAN_POINT('',(-8.96213795416129,11.3767265217642,15.6589822867838));
#16342=CARTESIAN_POINT('Origin',(-10.9521752473577,2.5,0.));
#16343=CARTESIAN_POINT('',(-10.1073364431004,11.8209690331473,16.4450341627719));
#16344=CARTESIAN_POINT('Ctrl Pts',(-8.9621379541537,11.3767265217602,15.658982286786));
#16345=CARTESIAN_POINT('Ctrl Pts',(-8.96386365956569,11.3767265217602,15.658982286786));
#16346=CARTESIAN_POINT('Ctrl Pts',(-8.96558936518564,11.3767281582789,15.6589851903307));
#16347=CARTESIAN_POINT('Ctrl Pts',(-9.11490659465865,11.3770113601066,15.6594876551772));
#16348=CARTESIAN_POINT('Ctrl Pts',(-9.26247012437354,11.3892599577653,15.6812242769371));
#16349=CARTESIAN_POINT('Ctrl Pts',(-9.53787577618689,11.4372920083351,15.7664045135083));
#16350=CARTESIAN_POINT('Ctrl Pts',(-9.66559589937131,11.4725764030835,15.8289626561216));
#16351=CARTESIAN_POINT('Ctrl Pts',(-9.86954638434865,11.5589345002604,15.9819102074129));
#16352=CARTESIAN_POINT('Ctrl Pts',(-9.94911620628141,11.606656239533,16.0663774608123));
#16353=CARTESIAN_POINT('Ctrl Pts',(-10.0611372341431,11.710690363739,16.2503171381064));
#16354=CARTESIAN_POINT('Ctrl Pts',(-10.0953852705072,11.7647723996649,16.3458580803739));
#16355=CARTESIAN_POINT('Ctrl Pts',(-10.1073364431004,11.8209690331473,16.4450341627719));
#16356=CARTESIAN_POINT('',(-10.1168384925381,11.9247412382066,16.5943092141139));
#16357=CARTESIAN_POINT('Ctrl Pts',(-10.1065731049234,11.8214654231671,16.4450403825858));
#16358=CARTESIAN_POINT('Ctrl Pts',(-10.111428004368,11.8428068061034,16.4830253787229));
#16359=CARTESIAN_POINT('Ctrl Pts',(-10.11462360852,11.866787339757,16.519706691673));
#16360=CARTESIAN_POINT('Ctrl Pts',(-10.1160267555643,11.8933203034497,16.5548457276725));
#16361=CARTESIAN_POINT('Ctrl Pts',(-10.1165609575432,11.9034218546503,16.5682237571834));
#16362=CARTESIAN_POINT('Ctrl Pts',(-10.1168348926242,11.913893600786,16.5813781277727));
#16363=CARTESIAN_POINT('Ctrl Pts',(-10.1168394473595,11.9247315440929,16.5942950882644));
#16364=CARTESIAN_POINT('',(-11.7334192462691,14.2170872646623,14.9701941114024));
#16365=CARTESIAN_POINT('Origin',(-11.8182006511421,2.11697777844051,0.321393804843271));
#16366=CARTESIAN_POINT('',(-11.7334192462691,14.6031245952204,15.4302554869705));
#16367=CARTESIAN_POINT('Ctrl Pts',(-12.0220943808639,8.62133903849433,17.7913564034626));
#16368=CARTESIAN_POINT('Ctrl Pts',(-11.3159801670108,9.88259781423447,17.3917758670945));
#16369=CARTESIAN_POINT('Ctrl Pts',(-10.5793469216111,11.1019290824762,16.8599917130945));
#16370=CARTESIAN_POINT('Ctrl Pts',(-9.82816335794573,12.252900216755,16.2075319423174));
#16371=CARTESIAN_POINT('Ctrl Pts',(-11.9779049191701,8.52098724589376,17.5526891927393));
#16372=CARTESIAN_POINT('Ctrl Pts',(-11.2786402206843,9.76603840423394,17.1516941626933));
#16373=CARTESIAN_POINT('Ctrl Pts',(-10.5489464752117,10.9689553152419,16.6203141331521));
#16374=CARTESIAN_POINT('Ctrl Pts',(-9.80592744178301,12.1034718911429,15.9695334608267));
#16375=CARTESIAN_POINT('Ctrl Pts',(-11.7358220666857,8.27340726577815,17.1990076024558));
#16376=CARTESIAN_POINT('Ctrl Pts',(-11.0397866320126,9.48673967296631,16.7992310242658));
#16377=CARTESIAN_POINT('Ctrl Pts',(-10.3144730014654,10.6573025301271,16.2713326125232));
#16378=CARTESIAN_POINT('Ctrl Pts',(-9.57559518215743,11.7593770617135,15.6277171243965));
#16379=CARTESIAN_POINT('Ctrl Pts',(-11.329854884807,8.02471940791775,17.1314353780691));
#16380=CARTESIAN_POINT('Ctrl Pts',(-10.6267430456617,9.22166935882144,16.7454103943699));
#16381=CARTESIAN_POINT('Ctrl Pts',(-9.89351242505154,10.3778191604547,16.2336620201346));
#16382=CARTESIAN_POINT('Ctrl Pts',(-9.14599405497076,11.4675382092155,15.607503174047));
#16383=CARTESIAN_POINT('Ctrl Pts',(-11.1560689770794,7.93630014235933,17.1594475657634));
#16384=CARTESIAN_POINT('Ctrl Pts',(-10.4499547632263,9.13117687727103,16.780897583941));
#16385=CARTESIAN_POINT('Ctrl Pts',(-9.71332151782669,10.2863328156053,16.2771020696253));
#16386=CARTESIAN_POINT('Ctrl Pts',(-8.96213795416129,11.3767265217642,15.6589822867838));
#16387=CARTESIAN_POINT('',(-11.7334192462691,9.13167700010405,17.6216915892179));
#16388=CARTESIAN_POINT('Origin',(-7.83812606474449,2.88302222155949,-0.32139380484327));
#16389=CARTESIAN_POINT('Origin',(-6.97210066096005,2.5,0.));
#16390=CARTESIAN_POINT('Ctrl Pts',(-11.7115978733699,9.00420863011007,17.4703033496115));
#16391=CARTESIAN_POINT('Ctrl Pts',(-11.7214211669124,9.03230539410491,17.5036204372596));
#16392=CARTESIAN_POINT('Ctrl Pts',(-11.7279131450806,9.06087560558407,17.5374877511978));
#16393=CARTESIAN_POINT('Ctrl Pts',(-11.7311035852582,9.08968333533337,17.571715469547));
#16394=CARTESIAN_POINT('Ctrl Pts',(-11.7326484041425,9.10363210805871,17.5882886139189));
#16395=CARTESIAN_POINT('Ctrl Pts',(-11.7334187806284,9.11763649754262,17.6049469627942));
#16396=CARTESIAN_POINT('Ctrl Pts',(-11.7334156953392,9.13166902598749,17.6216725177263));
#16397=CARTESIAN_POINT('Origin',(-14.966580753731,14.6031245952204,15.4302554869705));
#16398=CARTESIAN_POINT('',(-14.966580753731,16.1458148584681,17.2687621504561));
#16399=CARTESIAN_POINT('',(-14.966580753731,14.6031245952204,15.4302554869705));
#16400=CARTESIAN_POINT('',(-16.5831615074619,14.000890417735,19.0685674575784));
#16401=CARTESIAN_POINT('',(-14.966580753731,16.1458148584681,17.2687621504561));
#16402=CARTESIAN_POINT('',(-16.5831615074619,12.4582001544873,17.2300607940928));
#16403=CARTESIAN_POINT('Origin',(-11.7334192462691,14.6031245952204,15.4302554869705));
#16404=CARTESIAN_POINT('',(-11.7334192462691,16.1458148584681,17.2687621504561));
#16405=CARTESIAN_POINT('',(-11.7334192462691,14.6031245952204,15.4302554869705));
#16406=CARTESIAN_POINT('',(-11.7334192462691,16.1458148584681,17.2687621504561));
#16407=CARTESIAN_POINT('Origin',(-10.1168384925381,12.4582001544873,17.2300607940928));
#16408=CARTESIAN_POINT('',(-10.1168384925381,14.000890417735,19.0685674575784));
#16409=CARTESIAN_POINT('',(-10.1168384925381,12.4582001544873,17.2300607940928));
#16410=CARTESIAN_POINT('',(-10.1168384925381,14.000890417735,19.0685674575784));
#16411=CARTESIAN_POINT('Origin',(0.,2.5,0.));
#16412=CARTESIAN_POINT('',(0.,2.5,18.));
#16413=CARTESIAN_POINT('',(0.,20.1,3.77359245282263));
#16414=CARTESIAN_POINT('Origin',(-11.225,18.1591322988042,18.1902028074918));
#16415=CARTESIAN_POINT('',(-9.1,18.5421545203637,17.8688090026486));
#16416=CARTESIAN_POINT('Origin',(-9.10000000000001,18.1591322988042,18.1902028074918));
#16417=CARTESIAN_POINT('',(-13.35,18.5421545203637,17.8688090026486));
#16418=CARTESIAN_POINT('',(-11.225,18.5421545203637,17.8688090026486));
#16419=CARTESIAN_POINT('Origin',(-13.35,18.1591322988042,18.1902028074918));
#16420=CARTESIAN_POINT('Origin',(-13.35,15.2864656371081,20.6006563438163));
#16421=CARTESIAN_POINT('',(-13.35,12.0307767538524,23.3325036849841));
#16422=CARTESIAN_POINT('Origin',(-13.35,12.4137989754119,23.0111098801409));
#16423=CARTESIAN_POINT('Origin',(-13.35,15.2864656371081,20.6006563438163));
#16424=CARTESIAN_POINT('Origin',(-13.35,12.4137989754119,23.0111098801409));
#16425=CARTESIAN_POINT('',(-9.1,12.0307767538524,23.3325036849841));
#16426=CARTESIAN_POINT('Origin',(-9.1,12.4137989754119,23.0111098801409));
#16427=CARTESIAN_POINT('',(-13.35,12.0307767538524,23.3325036849841));
#16428=CARTESIAN_POINT('Origin',(-13.35,9.20251127123164,19.9619081352606));
#16429=CARTESIAN_POINT('',(-13.35,9.0103607780442,19.7329120946858));
#16430=CARTESIAN_POINT('',(-13.35,9.20251127123164,19.9619081352606));
#16431=CARTESIAN_POINT('',(-9.1,9.0103607780442,19.7329120946858));
#16432=CARTESIAN_POINT('',(-4.57150657198594E-16,9.0103607780442,19.7329120946858));
#16433=CARTESIAN_POINT('',(-9.1,9.20251127123164,19.9619081352606));
#16434=CARTESIAN_POINT('Origin',(-13.35,12.4582001544873,17.2300607940928));
#16435=CARTESIAN_POINT('',(-13.35,16.8820507710268,15.8903743952972));
#16436=CARTESIAN_POINT('',(-13.35,15.7138890377429,14.498213452925));
#16437=CARTESIAN_POINT('Ctrl Pts',(-13.35,9.01036077804419,19.7329120946857));
#16438=CARTESIAN_POINT('Ctrl Pts',(-13.9938935085653,9.01036077804419,19.7329120946857));
#16439=CARTESIAN_POINT('Ctrl Pts',(-15.9196741668407,9.58749491868641,19.7182792753306));
#16440=CARTESIAN_POINT('Ctrl Pts',(-17.6018624576871,12.0034701749942,19.3436576484268));
#16441=CARTESIAN_POINT('Ctrl Pts',(-17.6536943209435,14.4103888790729,18.1482072805935));
#16442=CARTESIAN_POINT('Ctrl Pts',(-16.8194099936127,15.8400561094047,17.0500468656931));
#16443=CARTESIAN_POINT('Ctrl Pts',(-15.2801103551135,16.6945339055253,16.13052865783));
#16444=CARTESIAN_POINT('Ctrl Pts',(-13.9938935085652,16.8820507710268,15.8903743952972));
#16445=CARTESIAN_POINT('Ctrl Pts',(-13.35,16.8820507710268,15.8903743952972));
#16446=CARTESIAN_POINT('Origin',(-9.1,9.20251127123164,19.9619081352606));
#16447=CARTESIAN_POINT('Origin',(-9.1,7.47827189180624,21.0184873140588));
#16448=CARTESIAN_POINT('',(-9.1,15.912209057553,13.2222070015149));
#16449=CARTESIAN_POINT('',(-9.1,15.3439632489061,13.6990218499686));
#16450=CARTESIAN_POINT('',(-9.1,16.1012648401056,13.2222070015149));
#16451=CARTESIAN_POINT('',(-9.1,16.8820507710268,15.8903743952972));
#16452=CARTESIAN_POINT('Origin',(-9.1,18.4141396572648,14.6047991759241));
#16453=CARTESIAN_POINT('',(-9.1,15.7138890377429,14.498213452925));
#16454=CARTESIAN_POINT('Origin',(-9.1,15.713889037743,14.498213452925));
#16455=CARTESIAN_POINT('',(5.2245789394125E-16,16.8820507710268,15.8903743952972));
#16456=CARTESIAN_POINT('Origin',(0.,7.47827189180624,21.0184873140588));
#16457=CARTESIAN_POINT('Origin',(-13.35,7.47827189180624,21.0184873140588));
#16458=CARTESIAN_POINT('Ctrl Pts',(-13.35,7.01732079071307,19.0723310812756));
#16459=CARTESIAN_POINT('Ctrl Pts',(-14.2969022184782,7.01732079071307,19.0723310812756));
#16460=CARTESIAN_POINT('Ctrl Pts',(-17.1289325982952,7.68871324893327,18.9351209363686));
#16461=CARTESIAN_POINT('Ctrl Pts',(-19.6027389083633,10.5651584509392,18.0210985627133));
#16462=CARTESIAN_POINT('Ctrl Pts',(-19.6789622366817,13.6037069592349,16.2193335786549));
#16463=CARTESIAN_POINT('Ctrl Pts',(-18.4520735200187,15.4901512250132,14.7284960893018));
#16464=CARTESIAN_POINT('Ctrl Pts',(-16.1883975810492,16.6729697195421,13.5522197488269));
#16465=CARTESIAN_POINT('Ctrl Pts',(-14.2969022184782,16.940608207518,13.2525029559311));
#16466=CARTESIAN_POINT('Ctrl Pts',(-13.35,16.940608207518,13.2525029559311));
#16467=CARTESIAN_POINT('Ctrl Pts',(-13.35,7.42702596711283,18.9752915687207));
#16468=CARTESIAN_POINT('Ctrl Pts',(-14.2254366570313,7.42702596711283,18.9752915687207));
#16469=CARTESIAN_POINT('Ctrl Pts',(-16.8508089922001,8.08168403916163,18.8292443271435));
#16470=CARTESIAN_POINT('Ctrl Pts',(-19.0370112146708,10.7830706471918,17.8952565555642));
#16471=CARTESIAN_POINT('Ctrl Pts',(-19.0533844909757,13.4880753136214,16.2800471054858));
#16472=CARTESIAN_POINT('Ctrl Pts',(-17.9682846839135,15.1946030322463,14.9789320489292));
#16473=CARTESIAN_POINT('Ctrl Pts',(-15.9367036048263,16.3103954768497,13.9298087720539));
#16474=CARTESIAN_POINT('Ctrl Pts',(-14.2127793765512,16.5695243179972,13.6568550302911));
#16475=CARTESIAN_POINT('Ctrl Pts',(-13.35,16.5695243179972,13.6568550302911));
#16476=CARTESIAN_POINT('Ctrl Pts',(-13.35,8.19764750865924,19.0401248697589));
#16477=CARTESIAN_POINT('Ctrl Pts',(-14.1009450804536,8.19764750865924,19.0401248697589));
#16478=CARTESIAN_POINT('Ctrl Pts',(-16.3629955609819,8.83262317584016,18.9126614161106));
#16479=CARTESIAN_POINT('Ctrl Pts',(-18.0561730605523,11.3332482679173,18.1053113363244));
#16480=CARTESIAN_POINT('Ctrl Pts',(-17.9750017184754,13.5913914844537,16.8286325835796));
#16481=CARTESIAN_POINT('Ctrl Pts',(-17.1323968764029,15.019667886644,15.7866784984963));
#16482=CARTESIAN_POINT('Ctrl Pts',(-15.4989080621271,15.9985124165757,14.8848988218068));
#16483=CARTESIAN_POINT('Ctrl Pts',(-14.0675013940715,16.2329342266425,14.6419058686492));
#16484=CARTESIAN_POINT('Ctrl Pts',(-13.35,16.2329342266425,14.6419058686492));
#16485=CARTESIAN_POINT('Ctrl Pts',(-13.35,8.80738112519465,19.4910103641788));
#16486=CARTESIAN_POINT('Ctrl Pts',(-14.0178730257669,8.80738112519465,19.4910103641788));
#16487=CARTESIAN_POINT('Ctrl Pts',(-16.022772730019,9.40650636491641,19.4385732640153));
#16488=CARTESIAN_POINT('Ctrl Pts',(-17.6402944639605,11.8398714663493,18.9414388343709));
#16489=CARTESIAN_POINT('Ctrl Pts',(-17.6314964246549,14.1462502370115,17.7689067834755));
#16490=CARTESIAN_POINT('Ctrl Pts',(-16.8252238158633,15.5396822714829,16.7175229254692));
#16491=CARTESIAN_POINT('Ctrl Pts',(-15.3039589726826,16.4171531099508,15.8150217956089));
#16492=CARTESIAN_POINT('Ctrl Pts',(-14.0018914272544,16.6174695467228,15.5750587706999));
#16493=CARTESIAN_POINT('Ctrl Pts',(-13.35,16.6174695467228,15.5750587706999));
#16494=CARTESIAN_POINT('Ctrl Pts',(-13.35,9.01036077804419,19.7329120946857));
#16495=CARTESIAN_POINT('Ctrl Pts',(-13.9938935085653,9.01036077804419,19.7329120946857));
#16496=CARTESIAN_POINT('Ctrl Pts',(-15.9196741668407,9.58749491868641,19.7182792753306));
#16497=CARTESIAN_POINT('Ctrl Pts',(-17.6018624576871,12.0034701749942,19.3436576484268));
#16498=CARTESIAN_POINT('Ctrl Pts',(-17.6536943209435,14.4103888790729,18.1482072805935));
#16499=CARTESIAN_POINT('Ctrl Pts',(-16.8194099936127,15.8400561094047,17.0500468656931));
#16500=CARTESIAN_POINT('Ctrl Pts',(-15.2801103551135,16.6945339055253,16.13052865783));
#16501=CARTESIAN_POINT('Ctrl Pts',(-13.9938935085652,16.8820507710268,15.8903743952972));
#16502=CARTESIAN_POINT('Ctrl Pts',(-13.35,16.8820507710268,15.8903743952972));
#16503=CARTESIAN_POINT('Origin',(-13.35,18.4141396572648,14.6047991759241));
#16504=CARTESIAN_POINT('Origin',(0.,18.4141396572648,14.6047991759241));
#16505=CARTESIAN_POINT('Origin',(-1.6,15.912209057553,13.2222070015149));
#16506=CARTESIAN_POINT('',(-1.6,15.912209057553,13.2222070015149));
#16507=CARTESIAN_POINT('',(-1.6,13.5,15.2462907320301));
#16508=CARTESIAN_POINT('',(-1.6,15.912209057553,13.2222070015149));
#16509=CARTESIAN_POINT('Origin',(-1.6,16.9683531201409,13.2222070015149));
#16510=CARTESIAN_POINT('',(-1.6,15.912209057553,13.2222070015149));
#16511=CARTESIAN_POINT('Origin',(-16.5831615074619,12.4582001544873,17.2300607940928));
#16512=CARTESIAN_POINT('',(-14.966580753731,11.8559659770019,20.8683727647007));
#16513=CARTESIAN_POINT('',(-16.5831615074619,14.000890417735,19.0685674575784));
#16514=CARTESIAN_POINT('',(-14.966580753731,10.3132757137542,19.0298661012152));
#16515=CARTESIAN_POINT('Origin',(-14.966580753731,10.3132757137542,19.0298661012152));
#16516=CARTESIAN_POINT('',(-11.7334192462691,11.8559659770019,20.8683727647007));
#16517=CARTESIAN_POINT('',(-14.966580753731,11.8559659770019,20.8683727647007));
#16518=CARTESIAN_POINT('',(-11.7334192462691,10.3132757137542,19.0298661012152));
#16519=CARTESIAN_POINT('Origin',(-11.7334192462691,10.3132757137542,19.0298661012152));
#16520=CARTESIAN_POINT('',(-11.7334192462691,11.8559659770019,20.8683727647007));
#16521=CARTESIAN_POINT('Origin',(-13.35,14.000890417735,19.0685674575784));
#16522=CARTESIAN_POINT('Origin',(-3.5,-6.375,29.6));
#16523=CARTESIAN_POINT('',(-3.5,-6.375,30.6));
#16524=CARTESIAN_POINT('Origin',(-11.5715728752538,-13.,28.6));
#16525=CARTESIAN_POINT('',(-12.9857864376269,-13.,30.0142135623731));
#16526=CARTESIAN_POINT('',(-11.5715728752538,-13.,30.6));
#16527=CARTESIAN_POINT('Origin',(-12.4,-13.,30.6));
#16528=CARTESIAN_POINT('',(-16.4142135623731,-13.,26.5857864376269));
#16529=CARTESIAN_POINT('Origin',(-15.,-13.,25.1715728752538));
#16530=CARTESIAN_POINT('Origin',(-49.5,-13.,34.5));
#16531=CARTESIAN_POINT('Origin',(-2.5,-13.,30.6));
#16532=CARTESIAN_POINT('Origin',(-2.5,3.10000000000002,21.1));
#16533=CARTESIAN_POINT('Origin',(-5.,-0.649999999999992,20.35));
#16534=CARTESIAN_POINT('Origin',(-2.5,0.25,27.1111035007575));
#16535=CARTESIAN_POINT('Origin',(-2.5,1.20000000002408,26.3000000000241));
#16536=CARTESIAN_POINT('',(-2.5,1.20000000002408,26.3000000000241));
#16537=CARTESIAN_POINT('Origin',(-2.5,1.20000000002408,21.8999999999759));
#16538=CARTESIAN_POINT('Origin',(-46.25,-5.45,18.65));
#16539=CARTESIAN_POINT('',(-46.65,-5.7,18.4));
#16540=CARTESIAN_POINT('',(-46.25,-5.7,18.4));
#16541=CARTESIAN_POINT('',(-46.15,-5.2,18.9));
#16542=CARTESIAN_POINT('',(-52.75,-5.2,18.9));
#16543=CARTESIAN_POINT('',(-46.15,-5.2,18.9));
#16544=CARTESIAN_POINT('Origin',(-46.4,-5.45,17.125));
#16545=CARTESIAN_POINT('',(-46.15,-5.2,17.125));
#16546=CARTESIAN_POINT('',(-46.65,-5.7,17.125));
#16547=CARTESIAN_POINT('Origin',(-46.65,-12.,18.4));
#16548=CARTESIAN_POINT('',(-46.65,-12.,18.4));
#16549=CARTESIAN_POINT('',(-46.65,-12.,18.4));
#16550=CARTESIAN_POINT('',(-35.7,-12.,18.4));
#16551=CARTESIAN_POINT('',(-51.1,-9.,18.4));
#16552=CARTESIAN_POINT('Origin',(-49.5,-9.,18.4));
#16553=CARTESIAN_POINT('Origin',(-46.65,-12.,16.3));
#16554=CARTESIAN_POINT('',(-46.65,-12.,22.0800478793034));
#16555=CARTESIAN_POINT('Origin',(-49.5,-12.,17.35));
#16556=CARTESIAN_POINT('',(-50.55,-12.,17.35));
#16557=CARTESIAN_POINT('Origin',(-49.5,-12.,17.35));
#16558=CARTESIAN_POINT('Origin',(-49.5,-9.,16.3));
#16559=CARTESIAN_POINT('',(-51.1,-9.,16.3));
#16560=CARTESIAN_POINT('Origin',(-49.5,-9.,16.3));
#16561=CARTESIAN_POINT('',(-51.1,-9.,16.3));
#16562=CARTESIAN_POINT('Origin',(-24.75,-12.,27.8600957586067));
#16563=CARTESIAN_POINT('Origin',(-45.85,-5.2,17.95));
#16564=CARTESIAN_POINT('Origin',(-24.75,-12.,27.8600957586067));
#16565=CARTESIAN_POINT('',(0.,-12.,15.2888848514207));
#16566=CARTESIAN_POINT('Origin',(-1.8,-2.99999999999999,38.));
#16567=CARTESIAN_POINT('',(-1.8,-2.99999999999999,38.5));
#16568=CARTESIAN_POINT('',(-1.8,-9.675,45.));
#16569=CARTESIAN_POINT('Origin',(-1.8,-8.,45.));
#16570=CARTESIAN_POINT('Origin',(0.,-2.5,0.));
#16571=CARTESIAN_POINT('',(0.,-2.5,18.));
#16572=CARTESIAN_POINT('Origin',(-37.4174243050442,-11.,10.7201915172134));
#16573=CARTESIAN_POINT('',(-39.9719095841794,-12.3333333333333,10.7201915172134));
#16574=CARTESIAN_POINT('Origin',(-39.5005050633883,-12.5,10.7201915172134));
#16575=CARTESIAN_POINT('',(-39.4414080453606,-9.90909090909091,10.7201915172134));
#16576=CARTESIAN_POINT('Origin',(-49.4,-9.,10.7201915172134));
#16577=CARTESIAN_POINT('',(-38.4455488498967,-9.,10.7201915172134));
#16578=CARTESIAN_POINT('Origin',(-38.4455488498967,-10.,10.7201915172134));
#16579=CARTESIAN_POINT('',(-35.6357599562311,-9.,10.7201915172134));
#16580=CARTESIAN_POINT('',(-39.5,-9.,10.7201915172134));
#16581=CARTESIAN_POINT('',(-34.638314238819,-10.0714285714286,10.7201915172134));
#16582=CARTESIAN_POINT('Origin',(-35.6357599562311,-10.,10.7201915172134));
#16583=CARTESIAN_POINT('',(-35.0435372970997,-12.6206896551724,10.7201915172134));
#16584=CARTESIAN_POINT('Origin',(-49.6,-9.,10.7201915172134));
#16585=CARTESIAN_POINT('Origin',(-35.5287527205297,-12.5,10.7201915172134));
#16586=CARTESIAN_POINT('Origin',(-39.5005050633883,-12.5,14.1201915172134));
#16587=CARTESIAN_POINT('',(-39.9719095841794,-12.3333333333333,14.1201915172134));
#16588=CARTESIAN_POINT('Origin',(-40.4433141049704,-12.1666666666667,14.1201915172134));
#16589=CARTESIAN_POINT('Origin',(-39.5005050633883,-12.5,14.1201915172134));
#16590=CARTESIAN_POINT('Origin',(-49.4,-9.,14.1201915172134));
#16591=CARTESIAN_POINT('',(-39.4414080453606,-9.90909090909091,14.1201915172134));
#16592=CARTESIAN_POINT('Origin',(-39.9393376430926,-9.86363636363636,14.1201915172134));
#16593=CARTESIAN_POINT('Origin',(-49.4,-9.,14.1201915172134));
#16594=CARTESIAN_POINT('Origin',(-38.4455488498967,-10.,14.1201915172134));
#16595=CARTESIAN_POINT('',(-38.4455488498967,-9.,14.1201915172134));
#16596=CARTESIAN_POINT('Origin',(-38.4455488498967,-8.5,14.1201915172134));
#16597=CARTESIAN_POINT('Origin',(-38.4455488498967,-10.,14.1201915172134));
#16598=CARTESIAN_POINT('Origin',(-32.75,-8.5,14.1201915172134));
#16599=CARTESIAN_POINT('',(-35.6357599562311,-9.,14.1201915172134));
#16600=CARTESIAN_POINT('Origin',(-35.6357599562311,-8.5,14.1201915172134));
#16601=CARTESIAN_POINT('',(-32.75,-9.,14.1201915172134));
#16602=CARTESIAN_POINT('Origin',(-35.6357599562311,-10.,14.1201915172134));
#16603=CARTESIAN_POINT('',(-34.638314238819,-10.0714285714286,14.1201915172134));
#16604=CARTESIAN_POINT('Origin',(-34.139591380113,-10.1071428571429,14.1201915172134));
#16605=CARTESIAN_POINT('Origin',(-35.6357599562311,-10.,14.1201915172134));
#16606=CARTESIAN_POINT('Origin',(-49.6,-9.,14.1201915172134));
#16607=CARTESIAN_POINT('Origin',(-49.6,-9.,14.1201915172134));
#16608=CARTESIAN_POINT('Origin',(-35.5287527205297,-12.5,14.6201915172134));
#16609=CARTESIAN_POINT('',(-35.0435372970997,-12.6206896551724,14.6201915172134));
#16610=CARTESIAN_POINT('Origin',(-39.5005050633883,-12.5,14.6201915172134));
#16611=CARTESIAN_POINT('',(-39.9719095841794,-12.3333333333333,14.6201915172134));
#16612=CARTESIAN_POINT('Origin',(-35.6357599562311,-10.,14.6201915172134));
#16613=CARTESIAN_POINT('',(-34.638314238819,-10.0714285714286,14.6201915172134));
#16614=CARTESIAN_POINT('',(-35.6357599562311,-9.,14.6201915172134));
#16615=CARTESIAN_POINT('Origin',(-39.5,-9.,14.6201915172134));
#16616=CARTESIAN_POINT('',(-38.4455488498967,-9.,14.6201915172134));
#16617=CARTESIAN_POINT('Origin',(-38.4455488498967,-10.,14.6201915172134));
#16618=CARTESIAN_POINT('',(-39.4414080453606,-9.90909090909091,14.6201915172134));
#16619=CARTESIAN_POINT('Origin',(-49.4,-9.,14.6201915172134));
#16620=CARTESIAN_POINT('Origin',(-49.6,-9.,14.6201915172134));
#16621=CARTESIAN_POINT('Origin',(-6.5,-4.00484668629601,45.));
#16622=CARTESIAN_POINT('',(-4.5,-4.00484668629601,45.));
#16623=CARTESIAN_POINT('',(-6.5,-4.00484668629601,45.));
#16624=CARTESIAN_POINT('',(-4.5,-8.00000000000001,48.995153313704));
#16625=CARTESIAN_POINT('',(-4.5,-8.00000000000001,48.995153313704));
#16626=CARTESIAN_POINT('',(-6.5,-8.00000000000001,48.995153313704));
#16627=CARTESIAN_POINT('Origin',(-6.5,-8.,41.004846686296));
#16628=CARTESIAN_POINT('',(-4.5,-8.,41.004846686296));
#16629=CARTESIAN_POINT('',(-6.5,-8.,41.004846686296));
#16630=CARTESIAN_POINT('',(-4.5,-4.00484668629601,45.));
#16631=CARTESIAN_POINT('Origin',(-6.5,-11.995153313704,45.));
#16632=CARTESIAN_POINT('',(-4.5,-11.995153313704,45.));
#16633=CARTESIAN_POINT('',(-6.5,-11.995153313704,45.));
#16634=CARTESIAN_POINT('',(-4.5,-8.,41.004846686296));
#16635=CARTESIAN_POINT('Origin',(-6.5,-8.00000000000001,48.995153313704));
#16636=CARTESIAN_POINT('',(-4.5,-11.995153313704,45.));
#16637=CARTESIAN_POINT('Origin',(-4.5,-8.,45.));
#16638=CARTESIAN_POINT('',(-4.49999999999999,-9.675,45.));
#16639=CARTESIAN_POINT('Origin',(-4.5,-8.,45.));
#16640=CARTESIAN_POINT('Origin',(-2.05,-2.99999999999999,38.25));
#16641=CARTESIAN_POINT('',(-2.3,-2.99999999999999,38.));
#16642=CARTESIAN_POINT('Origin',(-3.6,-2.99999999999999,38.));
#16643=CARTESIAN_POINT('',(-3.1,-2.99999999999999,38.));
#16644=CARTESIAN_POINT('',(-1.79999999999997,-2.99999999999999,38.));
#16645=CARTESIAN_POINT('',(-3.1,-2.99999999999999,38.));
#16646=CARTESIAN_POINT('Origin',(-3.35,-2.99999999999999,38.25));
#16647=CARTESIAN_POINT('',(-3.6,-2.99999999999999,38.5));
#16648=CARTESIAN_POINT('',(-4.2,-2.99999999999999,39.1));
#16649=CARTESIAN_POINT('',(-3.6,-2.99999999999999,38.5));
#16650=CARTESIAN_POINT('Origin',(-3.6,-2.99999999999996,50.));
#16651=CARTESIAN_POINT('',(-3.6,-3.,45.));
#16652=CARTESIAN_POINT('',(-3.6,-2.99999999999996,47.5));
#16653=CARTESIAN_POINT('Origin',(-3.6,-8.,45.));
#16654=CARTESIAN_POINT('',(-3.6,-9.675,45.));
#16655=CARTESIAN_POINT('Origin',(-3.6,-8.,45.));
#16656=CARTESIAN_POINT('Origin',(0.,-8.,45.));
#16657=CARTESIAN_POINT('',(0.,-3.,45.));
#16658=CARTESIAN_POINT('Origin',(0.,-2.99999999999997,45.));
#16659=CARTESIAN_POINT('Origin',(-63.2702991514797,-8.,45.));
#16660=CARTESIAN_POINT('',(-1.57500000000001,-9.675,45.));
#16661=CARTESIAN_POINT('Origin',(-1.57500000000001,-8.,45.));
#16662=CARTESIAN_POINT('',(-63.2702991514797,-9.675,45.));
#16663=CARTESIAN_POINT('Origin',(-0.7875,-8.,45.));
#16664=CARTESIAN_POINT('',(-0.7875,-10.4625,45.));
#16665=CARTESIAN_POINT('Origin',(-63.2702991514797,-8.,45.));
#16666=CARTESIAN_POINT('',(-63.2702991514797,-9.675,45.));
#16667=CARTESIAN_POINT('Origin',(0.,2.5,18.));
#16668=CARTESIAN_POINT('Origin',(0.,20.5,7.75628777186613));
#16669=CARTESIAN_POINT('',(-1.6,20.5,3.77359245282263));
#16670=CARTESIAN_POINT('',(-1.6,20.5,9.71858582251266));
#16671=CARTESIAN_POINT('',(0.,20.5,3.77359245282263));
#16672=CARTESIAN_POINT('Origin',(0.,21.5,3.77359245282263));
#16673=CARTESIAN_POINT('',(-1.6,21.5,3.77359245282263));
#16674=CARTESIAN_POINT('',(-1.6,20.5,3.77359245282263));
#16675=CARTESIAN_POINT('',(0.,21.5,3.77359245282263));
#16676=CARTESIAN_POINT('Origin',(0.,21.5,11.1327993848858));
#16677=CARTESIAN_POINT('',(-1.6,21.5,11.1327993848858));
#16678=CARTESIAN_POINT('',(-1.6,21.5,3.77359245282263));
#16679=CARTESIAN_POINT('',(0.,21.5,11.1327993848858));
#16680=CARTESIAN_POINT('Origin',(0.,20.5,11.1327993848858));
#16681=CARTESIAN_POINT('',(-1.6,20.5,11.1327993848858));
#16682=CARTESIAN_POINT('',(-1.6,21.5,11.1327993848858));
#16683=CARTESIAN_POINT('',(0.,20.5,11.1327993848858));
#16684=CARTESIAN_POINT('Origin',(0.,13.5,18.1327993848858));
#16685=CARTESIAN_POINT('',(-1.6,20.5,11.1327993848858));
#16686=CARTESIAN_POINT('Origin',(-1.6,17.,13.9256926036992));
#16687=UNCERTAINTY_MEASURE_WITH_UNIT(LENGTH_MEASURE(0.01),#16691,
'DISTANCE_ACCURACY_VALUE',
'Maximum model space distance between geometric entities at asserted c
onnectivities');
#16688=UNCERTAINTY_MEASURE_WITH_UNIT(LENGTH_MEASURE(0.01),#16691,
'DISTANCE_ACCURACY_VALUE',
'Maximum model space distance between geometric entities at asserted c
onnectivities');
#16689=(
GEOMETRIC_REPRESENTATION_CONTEXT(3)
GLOBAL_UNCERTAINTY_ASSIGNED_CONTEXT((#16687))
GLOBAL_UNIT_ASSIGNED_CONTEXT((#16691,#16693,#16694))
REPRESENTATION_CONTEXT('','3D')
);
#16690=(
GEOMETRIC_REPRESENTATION_CONTEXT(3)
GLOBAL_UNCERTAINTY_ASSIGNED_CONTEXT((#16688))
GLOBAL_UNIT_ASSIGNED_CONTEXT((#16691,#16693,#16694))
REPRESENTATION_CONTEXT('','3D')
);
#16691=(
LENGTH_UNIT()
NAMED_UNIT(*)
SI_UNIT(.MILLI.,.METRE.)
);
#16692=(
LENGTH_UNIT()
NAMED_UNIT(*)
SI_UNIT(.CENTI.,.METRE.)
);
#16693=(
NAMED_UNIT(*)
PLANE_ANGLE_UNIT()
SI_UNIT($,.RADIAN.)
);
#16694=(
NAMED_UNIT(*)
SI_UNIT($,.STERADIAN.)
SOLID_ANGLE_UNIT()
);
#16695=SHAPE_DEFINITION_REPRESENTATION(#16696,#16697);
#16696=PRODUCT_DEFINITION_SHAPE('',$,#16699);
#16697=SHAPE_REPRESENTATION('',(#8811),#16689);
#16698=PRODUCT_DEFINITION_CONTEXT('part definition',#16703,'design');
#16699=PRODUCT_DEFINITION('BodyMain','BodyMain',#16700,#16698);
#16700=PRODUCT_DEFINITION_FORMATION('',$,#16705);
#16701=PRODUCT_RELATED_PRODUCT_CATEGORY('BodyMain','BodyMain',(#16705));
#16702=APPLICATION_PROTOCOL_DEFINITION('international standard',
'automotive_design',2009,#16703);
#16703=APPLICATION_CONTEXT(
'Core Data for Automotive Mechanical Design Process');
#16704=PRODUCT_CONTEXT('part definition',#16703,'mechanical');
#16705=PRODUCT('BodyMain','BodyMain',$,(#16704));
#16706=PRESENTATION_STYLE_ASSIGNMENT((#16708));
#16707=PRESENTATION_STYLE_ASSIGNMENT((#16709));
#16708=SURFACE_STYLE_USAGE(.BOTH.,#16714);
#16709=SURFACE_STYLE_USAGE(.BOTH.,#16715);
#16710=SURFACE_STYLE_RENDERING_WITH_PROPERTIES($,#16722,(#16712));
#16711=SURFACE_STYLE_RENDERING_WITH_PROPERTIES($,#16723,(#16713));
#16712=SURFACE_STYLE_TRANSPARENT(0.);
#16713=SURFACE_STYLE_TRANSPARENT(0.);
#16714=SURFACE_SIDE_STYLE('',(#16716,#16710));
#16715=SURFACE_SIDE_STYLE('',(#16717,#16711));
#16716=SURFACE_STYLE_FILL_AREA(#16718);
#16717=SURFACE_STYLE_FILL_AREA(#16719);
#16718=FILL_AREA_STYLE('',(#16720));
#16719=FILL_AREA_STYLE('',(#16721));
#16720=FILL_AREA_STYLE_COLOUR('',#16722);
#16721=FILL_AREA_STYLE_COLOUR('',#16723);
#16722=COLOUR_RGB('',0.749019607843137,0.749019607843137,0.749019607843137);
#16723=COLOUR_RGB('',0.43921568627451,0.43921568627451,0.43921568627451);
ENDSEC;
END-ISO-10303-21;
