ISO-10303-21;
HEADER;
/* Generated by software containing ST-Developer
 * from STEP Tools, Inc. (www.steptools.com) 
 */

FILE_DESCRIPTION(
/* description */ (''),
/* implementation_level */ '2;1');

FILE_NAME(
/* name */ 'BodyFront.stp',
/* time_stamp */ '2026-09-30T20:12:29+02:00',
/* author */ ('Vadim'),
/* organization */ (''),
/* preprocessor_version */ 'ST-DEVELOPER v20.2',
/* originating_system */ 'Autodesk Inventor 2027',
/* authorisation */ '');

FILE_SCHEMA (('AUTOMOTIVE_DESIGN { 1 0 10303 214 3 1 1 }'));
ENDSEC;

DATA;
#10=MECHANICAL_DESIGN_GEOMETRIC_PRESENTATION_REPRESENTATION('',(#13),#11187);
#11=SHAPE_REPRESENTATION_RELATIONSHIP('SRR','None',#11194,#12);
#12=ADVANCED_BREP_SHAPE_REPRESENTATION('',(#14),#11186);
#13=STYLED_ITEM('',(#11204),#14);
#14=MANIFOLD_SOLID_BREP('BodyFront',#6473);
#15=SPHERICAL_SURFACE('',#6750,0.150000000000001);
#16=SPHERICAL_SURFACE('',#6754,0.150000000000001);
#17=SPHERICAL_SURFACE('',#7008,0.150000000000001);
#18=SPHERICAL_SURFACE('',#7012,0.150000000000001);
#19=B_SPLINE_SURFACE_WITH_KNOTS('',3,3,((#9887,#9888,#9889,#9890,#9891),
(#9892,#9893,#9894,#9895,#9896),(#9897,#9898,#9899,#9900,#9901),(#9902,
#9903,#9904,#9905,#9906),(#9907,#9908,#9909,#9910,#9911)),.UNSPECIFIED.,
 .F.,.F.,.F.,(4,1,4),(4,1,4),(0.,0.571428571428571,1.),(0.221814470496793,
0.79994955176741,1.5707963267949),.UNSPECIFIED.);
#20=B_SPLINE_SURFACE_WITH_KNOTS('',3,3,((#9921,#9922,#9923,#9924,#9925),
(#9926,#9927,#9928,#9929,#9930),(#9931,#9932,#9933,#9934,#9935),(#9936,
#9937,#9938,#9939,#9940),(#9941,#9942,#9943,#9944,#9945)),.UNSPECIFIED.,
 .F.,.F.,.F.,(4,1,4),(4,1,4),(0.,0.571428571428571,1.),(-1.5707963267949,
-0.992661245524282,-0.221814470496793),.UNSPECIFIED.);
#21=B_SPLINE_SURFACE_WITH_KNOTS('',3,3,((#9962,#9963,#9964,#9965,#9966,
#9967),(#9968,#9969,#9970,#9971,#9972,#9973),(#9974,#9975,#9976,#9977,#9978,
#9979),(#9980,#9981,#9982,#9983,#9984,#9985),(#9986,#9987,#9988,#9989,#9990,
#9991)),.UNSPECIFIED.,.F.,.F.,.F.,(4,1,4),(4,1,1,4),(0.,0.571428571428571,
1.),(-0.447832396928934,0.12891866699216,0.705669730913254,1.5707963267949),
 .UNSPECIFIED.);
#22=B_SPLINE_SURFACE_WITH_KNOTS('',3,3,((#10000,#10001,#10002,#10003,#10004),
(#10005,#10006,#10007,#10008,#10009),(#10010,#10011,#10012,#10013,#10014),
(#10015,#10016,#10017,#10018,#10019),(#10020,#10021,#10022,#10023,#10024)),
 .UNSPECIFIED.,.F.,.F.,.F.,(4,1,4),(4,1,4),(0.,0.571428571428571,1.),(4.71238898038469,
5.38558740615393,6.28318530717959),.UNSPECIFIED.);
#23=B_SPLINE_SURFACE_WITH_KNOTS('',3,3,((#10966,#10967,#10968,#10969,#10970),
(#10971,#10972,#10973,#10974,#10975),(#10976,#10977,#10978,#10979,#10980),
(#10981,#10982,#10983,#10984,#10985),(#10986,#10987,#10988,#10989,#10990)),
 .UNSPECIFIED.,.F.,.F.,.F.,(4,1,4),(4,1,4),(0.,0.571428571428571,1.),(0.221814470496793,
0.79994955176741,1.5707963267949),.UNSPECIFIED.);
#24=B_SPLINE_SURFACE_WITH_KNOTS('',3,3,((#10997,#10998,#10999,#11000,#11001),
(#11002,#11003,#11004,#11005,#11006),(#11007,#11008,#11009,#11010,#11011),
(#11012,#11013,#11014,#11015,#11016),(#11017,#11018,#11019,#11020,#11021)),
 .UNSPECIFIED.,.F.,.F.,.F.,(4,1,4),(4,1,4),(0.,0.571428571428571,1.),(-1.5707963267949,
-0.992661245524282,-0.221814470496793),.UNSPECIFIED.);
#25=B_SPLINE_SURFACE_WITH_KNOTS('',3,3,((#11038,#11039,#11040,#11041,#11042,
#11043),(#11044,#11045,#11046,#11047,#11048,#11049),(#11050,#11051,#11052,
#11053,#11054,#11055),(#11056,#11057,#11058,#11059,#11060,#11061),(#11062,
#11063,#11064,#11065,#11066,#11067)),.UNSPECIFIED.,.F.,.F.,.F.,(4,1,4),
(4,1,1,4),(0.,0.571428571428571,1.),(-0.447832396928934,0.12891866699216,
0.705669730913254,1.5707963267949),.UNSPECIFIED.);
#26=B_SPLINE_SURFACE_WITH_KNOTS('',3,3,((#11076,#11077,#11078,#11079,#11080),
(#11081,#11082,#11083,#11084,#11085),(#11086,#11087,#11088,#11089,#11090),
(#11091,#11092,#11093,#11094,#11095),(#11096,#11097,#11098,#11099,#11100)),
 .UNSPECIFIED.,.F.,.F.,.F.,(4,1,4),(4,1,4),(0.,0.571428571428571,1.),(4.71238898038469,
5.38558740615393,6.28318530717959),.UNSPECIFIED.);
#27=CONICAL_SURFACE('',#6682,1.8,0.785398163397448);
#28=CONICAL_SURFACE('',#6702,2.1,0.785398163397448);
#29=CONICAL_SURFACE('',#6788,2.7125,0.785398163397448);
#30=CONICAL_SURFACE('',#6936,1.8,0.785398163397448);
#31=CONICAL_SURFACE('',#6956,2.1,0.785398163397448);
#32=CONICAL_SURFACE('',#7043,2.7125,0.785398163397448);
#33=CONICAL_SURFACE('',#7047,2.7125,0.785398163397448);
#34=TOROIDAL_SURFACE('',#6541,1.45,0.5);
#35=TOROIDAL_SURFACE('',#6625,1.25,0.5);
#36=TOROIDAL_SURFACE('',#6658,3.75,0.5);
#37=TOROIDAL_SURFACE('',#6872,1.25,0.5);
#38=TOROIDAL_SURFACE('',#6905,3.75,0.5);
#39=B_SPLINE_CURVE_WITH_KNOTS('',3,(#9048,#9049,#9050,#9051,#9052,#9053,
#9054,#9055,#9056,#9057,#9058,#9059,#9060,#9061),.UNSPECIFIED.,.F.,.F.,
(4,2,2,2,2,2,4),(-0.000377517979929996,0.,0.0150708907629267,0.0297526366101611,
0.0505460630846114,0.0688052279431869,0.0860150805063019),.UNSPECIFIED.);
#40=B_SPLINE_CURVE_WITH_KNOTS('',3,(#9069,#9070,#9071,#9072,#9073,#9074,
#9075,#9076,#9077,#9078,#9079,#9080,#9081,#9082),.UNSPECIFIED.,.F.,.F.,
(4,2,2,2,2,2,4),(-0.172407678994669,-0.172030161014717,-0.156959270251639,
-0.142277524404215,-0.121484097929497,-0.103224933070705,-0.0860150805073749),
 .UNSPECIFIED.);
#41=B_SPLINE_CURVE_WITH_KNOTS('',3,(#9362,#9363,#9364,#9365,#9366,#9367,
#9368,#9369,#9370,#9371,#9372,#9373,#9374,#9375),.UNSPECIFIED.,.F.,.F.,
(4,2,2,2,2,2,4),(-0.170485826313226,-0.170115569531512,-0.155730368027278,
-0.141655391406178,-0.121008783405567,-0.102571990613545,-0.0850577847666586),
 .UNSPECIFIED.);
#42=B_SPLINE_CURVE_WITH_KNOTS('',3,(#9404,#9405,#9406,#9407,#9408,#9409,
#9410,#9411,#9412,#9413,#9414,#9415,#9416,#9417),.UNSPECIFIED.,.F.,.F.,
(4,2,2,2,2,2,4),(-0.000370256782684644,0.,0.0143852015256279,0.0284601781691905,
0.04910678620278,0.0675435790242491,0.0850577848991095),.UNSPECIFIED.);
#43=B_SPLINE_CURVE_WITH_KNOTS('',3,(#9731,#9732,#9733,#9734,#9735,#9736,
#9737,#9738),.UNSPECIFIED.,.F.,.F.,(4,2,2,4),(0.,0.00712418388830584,0.0462880334481568,
0.0465412234056726),.UNSPECIFIED.);
#44=B_SPLINE_CURVE_WITH_KNOTS('',3,(#9778,#9779,#9780,#9781,#9782,#9783),
 .UNSPECIFIED.,.F.,.F.,(4,2,4),(0.0596930822396017,0.0656903385081627,0.0719719965399348),
 .UNSPECIFIED.);
#45=B_SPLINE_CURVE_WITH_KNOTS('',3,(#9787,#9788,#9789,#9790,#9791,#9792),
 .UNSPECIFIED.,.F.,.F.,(4,2,4),(0.0244120880761242,0.0306937461078963,0.0366910023764574),
 .UNSPECIFIED.);
#46=B_SPLINE_CURVE_WITH_KNOTS('',3,(#9824,#9825,#9826,#9827,#9828,#9829,
#9830,#9831,#9832,#9833,#9834,#9835,#9836,#9837,#9838,#9839),
 .UNSPECIFIED.,.F.,.F.,(4,3,3,3,3,4),(-0.0127202314468829,-0.00935422599647725,
-0.00719095623876089,-0.00603302976099762,-0.00279628083920358,0.),
 .UNSPECIFIED.);
#47=B_SPLINE_CURVE_WITH_KNOTS('',3,(#9854,#9855,#9856,#9857,#9858,#9859,
#9860,#9861,#9862,#9863,#9864,#9865,#9866,#9867,#9868,#9869),
 .UNSPECIFIED.,.F.,.F.,(4,3,3,3,3,4),(-0.0127521967301199,-0.00950757845851839,
-0.00645481336503628,-0.00554757413851322,-0.00220840438960941,0.),
 .UNSPECIFIED.);
#48=B_SPLINE_CURVE_WITH_KNOTS('',3,(#10026,#10027,#10028,#10029,#10030,
#10031,#10032,#10033,#10034,#10035,#10036,#10037,#10038,#10039,#10040,#10041,
#10042,#10043,#10044,#10045,#10046,#10047,#10048,#10049,#10050),
 .UNSPECIFIED.,.F.,.F.,(4,3,3,3,3,3,3,3,4),(-0.000220902337512382,0.,0.00878475324369444,
0.0174190648294065,0.0200913229119087,0.0236761418269407,0.031882014716662,
0.0397141566667266,0.0461656642996526),.UNSPECIFIED.);
#49=B_SPLINE_CURVE_WITH_KNOTS('',3,(#10383,#10384,#10385,#10386,#10387,
#10388,#10389,#10390,#10391,#10392,#10393,#10394,#10395,#10396),
 .UNSPECIFIED.,.F.,.F.,(4,2,2,2,2,2,4),(-0.170485826313226,-0.170115569531512,
-0.155730368027278,-0.141655391406178,-0.121008783405567,-0.102571990613545,
-0.0850577847666586),.UNSPECIFIED.);
#50=B_SPLINE_CURVE_WITH_KNOTS('',3,(#10424,#10425,#10426,#10427,#10428,
#10429,#10430,#10431,#10432,#10433,#10434,#10435,#10436,#10437),
 .UNSPECIFIED.,.F.,.F.,(4,2,2,2,2,2,4),(-0.000370256782684644,0.,0.0143852015256279,
0.0284601781691905,0.04910678620278,0.0675435790242491,0.0850577848991095),
 .UNSPECIFIED.);
#51=B_SPLINE_CURVE_WITH_KNOTS('',3,(#10619,#10620,#10621,#10622,#10623,
#10624,#10625,#10626,#10627,#10628,#10629,#10630,#10631,#10632,#10633,#10634,
#10635,#10636,#10637,#10638,#10639,#10640,#10641,#10642,#10643),
 .UNSPECIFIED.,.F.,.F.,(4,3,3,3,3,3,3,3,4),(-0.000220902337512382,0.,0.00878710566903025,
0.0174199339538912,0.0200913229119087,0.0236761418269407,0.0318796405836139,
0.0397096811828342,0.0461656642996526),.UNSPECIFIED.);
#52=B_SPLINE_CURVE_WITH_KNOTS('',3,(#10816,#10817,#10818,#10819,#10820,
#10821,#10822,#10823),.UNSPECIFIED.,.F.,.F.,(4,2,2,4),(0.,0.00712418388830584,
0.0462880334481568,0.0465412234056726),.UNSPECIFIED.);
#53=B_SPLINE_CURVE_WITH_KNOTS('',3,(#10859,#10860,#10861,#10862,#10863,
#10864),.UNSPECIFIED.,.F.,.F.,(4,2,4),(0.0244120880761242,0.0306937461078963,
0.0366910023764574),.UNSPECIFIED.);
#54=B_SPLINE_CURVE_WITH_KNOTS('',3,(#10868,#10869,#10870,#10871,#10872,
#10873),.UNSPECIFIED.,.F.,.F.,(4,2,4),(0.0596930822396017,0.0656903385081627,
0.0719719965399348),.UNSPECIFIED.);
#55=B_SPLINE_CURVE_WITH_KNOTS('',3,(#10908,#10909,#10910,#10911,#10912,
#10913,#10914,#10915,#10916,#10917,#10918,#10919,#10920,#10921,#10922,#10923),
 .UNSPECIFIED.,.F.,.F.,(4,3,3,3,3,4),(-0.0127202314468829,-0.00935422599647725,
-0.00719095623876089,-0.00603302976099762,-0.00279617341779578,0.),
 .UNSPECIFIED.);
#56=B_SPLINE_CURVE_WITH_KNOTS('',3,(#10928,#10929,#10930,#10931,#10932,
#10933,#10934,#10935,#10936,#10937,#10938,#10939,#10940,#10941,#10942,#10943),
 .UNSPECIFIED.,.F.,.F.,(4,3,3,3,3,4),(-0.0127521967301199,-0.00950751067568614,
-0.00645481336503628,-0.00554757413851322,-0.00220867081707882,0.),
 .UNSPECIFIED.);
#57=FACE_BOUND('',#786,.T.);
#58=FACE_BOUND('',#811,.T.);
#59=FACE_BOUND('',#827,.T.);
#60=FACE_BOUND('',#835,.T.);
#61=FACE_BOUND('',#848,.T.);
#62=FACE_BOUND('',#849,.T.);
#63=FACE_BOUND('',#860,.T.);
#64=FACE_BOUND('',#894,.T.);
#65=FACE_BOUND('',#896,.T.);
#66=FACE_BOUND('',#903,.T.);
#67=FACE_BOUND('',#912,.T.);
#68=FACE_BOUND('',#929,.T.);
#69=FACE_BOUND('',#933,.T.);
#70=FACE_BOUND('',#974,.T.);
#71=FACE_BOUND('',#985,.T.);
#72=FACE_BOUND('',#994,.T.);
#73=FACE_BOUND('',#997,.T.);
#74=FACE_BOUND('',#998,.T.);
#75=FACE_BOUND('',#999,.T.);
#76=FACE_BOUND('',#1011,.T.);
#77=FACE_BOUND('',#1012,.T.);
#78=FACE_BOUND('',#1023,.T.);
#79=FACE_BOUND('',#1048,.T.);
#80=FACE_BOUND('',#1049,.T.);
#81=FACE_BOUND('',#1050,.T.);
#82=FACE_BOUND('',#1051,.T.);
#83=FACE_BOUND('',#1058,.T.);
#84=FACE_BOUND('',#1059,.T.);
#85=FACE_BOUND('',#1070,.T.);
#86=FACE_BOUND('',#1072,.T.);
#87=FACE_BOUND('',#1079,.T.);
#88=FACE_BOUND('',#1088,.T.);
#89=FACE_BOUND('',#1093,.T.);
#90=FACE_BOUND('',#1094,.T.);
#91=FACE_BOUND('',#1108,.T.);
#92=FACE_BOUND('',#1112,.T.);
#93=FACE_BOUND('',#1155,.T.);
#94=FACE_BOUND('',#1164,.T.);
#95=FACE_BOUND('',#1165,.T.);
#96=FACE_BOUND('',#1166,.T.);
#97=PLANE('',#6508);
#98=PLANE('',#6509);
#99=PLANE('',#6510);
#100=PLANE('',#6519);
#101=PLANE('',#6520);
#102=PLANE('',#6521);
#103=PLANE('',#6530);
#104=PLANE('',#6531);
#105=PLANE('',#6532);
#106=PLANE('',#6547);
#107=PLANE('',#6548);
#108=PLANE('',#6549);
#109=PLANE('',#6550);
#110=PLANE('',#6552);
#111=PLANE('',#6555);
#112=PLANE('',#6556);
#113=PLANE('',#6557);
#114=PLANE('',#6558);
#115=PLANE('',#6561);
#116=PLANE('',#6562);
#117=PLANE('',#6563);
#118=PLANE('',#6564);
#119=PLANE('',#6565);
#120=PLANE('',#6566);
#121=PLANE('',#6567);
#122=PLANE('',#6568);
#123=PLANE('',#6583);
#124=PLANE('',#6584);
#125=PLANE('',#6585);
#126=PLANE('',#6589);
#127=PLANE('',#6596);
#128=PLANE('',#6600);
#129=PLANE('',#6604);
#130=PLANE('',#6612);
#131=PLANE('',#6628);
#132=PLANE('',#6629);
#133=PLANE('',#6630);
#134=PLANE('',#6631);
#135=PLANE('',#6641);
#136=PLANE('',#6642);
#137=PLANE('',#6643);
#138=PLANE('',#6652);
#139=PLANE('',#6653);
#140=PLANE('',#6654);
#141=PLANE('',#6664);
#142=PLANE('',#6667);
#143=PLANE('',#6668);
#144=PLANE('',#6669);
#145=PLANE('',#6673);
#146=PLANE('',#6677);
#147=PLANE('',#6678);
#148=PLANE('',#6679);
#149=PLANE('',#6680);
#150=PLANE('',#6681);
#151=PLANE('',#6687);
#152=PLANE('',#6688);
#153=PLANE('',#6689);
#154=PLANE('',#6690);
#155=PLANE('',#6692);
#156=PLANE('',#6693);
#157=PLANE('',#6694);
#158=PLANE('',#6695);
#159=PLANE('',#6697);
#160=PLANE('',#6698);
#161=PLANE('',#6699);
#162=PLANE('',#6700);
#163=PLANE('',#6701);
#164=PLANE('',#6707);
#165=PLANE('',#6709);
#166=PLANE('',#6712);
#167=PLANE('',#6713);
#168=PLANE('',#6714);
#169=PLANE('',#6715);
#170=PLANE('',#6716);
#171=PLANE('',#6717);
#172=PLANE('',#6718);
#173=PLANE('',#6719);
#174=PLANE('',#6720);
#175=PLANE('',#6729);
#176=PLANE('',#6734);
#177=PLANE('',#6735);
#178=PLANE('',#6736);
#179=PLANE('',#6737);
#180=PLANE('',#6740);
#181=PLANE('',#6741);
#182=PLANE('',#6770);
#183=PLANE('',#6771);
#184=PLANE('',#6774);
#185=PLANE('',#6775);
#186=PLANE('',#6779);
#187=PLANE('',#6780);
#188=PLANE('',#6781);
#189=PLANE('',#6782);
#190=PLANE('',#6783);
#191=PLANE('',#6784);
#192=PLANE('',#6785);
#193=PLANE('',#6786);
#194=PLANE('',#6787);
#195=PLANE('',#6793);
#196=PLANE('',#6794);
#197=PLANE('',#6799);
#198=PLANE('',#6800);
#199=PLANE('',#6802);
#200=PLANE('',#6803);
#201=PLANE('',#6805);
#202=PLANE('',#6806);
#203=PLANE('',#6807);
#204=PLANE('',#6808);
#205=PLANE('',#6809);
#206=PLANE('',#6810);
#207=PLANE('',#6811);
#208=PLANE('',#6814);
#209=PLANE('',#6827);
#210=PLANE('',#6828);
#211=PLANE('',#6829);
#212=PLANE('',#6833);
#213=PLANE('',#6841);
#214=PLANE('',#6846);
#215=PLANE('',#6849);
#216=PLANE('',#6852);
#217=PLANE('',#6859);
#218=PLANE('',#6875);
#219=PLANE('',#6876);
#220=PLANE('',#6877);
#221=PLANE('',#6878);
#222=PLANE('',#6888);
#223=PLANE('',#6889);
#224=PLANE('',#6890);
#225=PLANE('',#6899);
#226=PLANE('',#6900);
#227=PLANE('',#6901);
#228=PLANE('',#6911);
#229=PLANE('',#6914);
#230=PLANE('',#6915);
#231=PLANE('',#6916);
#232=PLANE('',#6917);
#233=PLANE('',#6918);
#234=PLANE('',#6919);
#235=PLANE('',#6924);
#236=PLANE('',#6927);
#237=PLANE('',#6928);
#238=PLANE('',#6929);
#239=PLANE('',#6930);
#240=PLANE('',#6931);
#241=PLANE('',#6932);
#242=PLANE('',#6933);
#243=PLANE('',#6934);
#244=PLANE('',#6935);
#245=PLANE('',#6941);
#246=PLANE('',#6942);
#247=PLANE('',#6943);
#248=PLANE('',#6944);
#249=PLANE('',#6946);
#250=PLANE('',#6947);
#251=PLANE('',#6948);
#252=PLANE('',#6949);
#253=PLANE('',#6951);
#254=PLANE('',#6952);
#255=PLANE('',#6953);
#256=PLANE('',#6954);
#257=PLANE('',#6955);
#258=PLANE('',#6961);
#259=PLANE('',#6963);
#260=PLANE('',#6966);
#261=PLANE('',#6967);
#262=PLANE('',#6973);
#263=PLANE('',#6974);
#264=PLANE('',#6975);
#265=PLANE('',#6976);
#266=PLANE('',#6977);
#267=PLANE('',#6978);
#268=PLANE('',#6979);
#269=PLANE('',#6980);
#270=PLANE('',#6988);
#271=PLANE('',#6993);
#272=PLANE('',#6994);
#273=PLANE('',#6995);
#274=PLANE('',#6996);
#275=PLANE('',#6999);
#276=PLANE('',#7000);
#277=PLANE('',#7026);
#278=PLANE('',#7027);
#279=PLANE('',#7029);
#280=PLANE('',#7030);
#281=PLANE('',#7034);
#282=PLANE('',#7035);
#283=PLANE('',#7036);
#284=PLANE('',#7037);
#285=PLANE('',#7038);
#286=PLANE('',#7039);
#287=PLANE('',#7040);
#288=PLANE('',#7041);
#289=PLANE('',#7042);
#290=PLANE('',#7051);
#291=PLANE('',#7052);
#292=PLANE('',#7057);
#293=PLANE('',#7058);
#294=PLANE('',#7060);
#295=PLANE('',#7061);
#296=PLANE('',#7063);
#297=PLANE('',#7064);
#298=PLANE('',#7065);
#299=PLANE('',#7066);
#300=PLANE('',#7067);
#301=CIRCLE('',#6505,1.);
#302=CIRCLE('',#6506,1.);
#303=CIRCLE('',#6542,1.45);
#304=CIRCLE('',#6543,1.95);
#305=CIRCLE('',#6551,0.95);
#306=CIRCLE('',#6554,0.95);
#307=CIRCLE('',#6560,1.95);
#308=CIRCLE('',#6569,5.);
#309=CIRCLE('',#6570,1.675);
#310=CIRCLE('',#6573,1.);
#311=CIRCLE('',#6574,1.);
#312=CIRCLE('',#6588,0.5);
#313=CIRCLE('',#6591,0.5);
#314=CIRCLE('',#6594,0.5);
#315=CIRCLE('',#6599,0.5);
#316=CIRCLE('',#6603,0.5);
#317=CIRCLE('',#6607,0.5);
#318=CIRCLE('',#6609,0.5);
#319=CIRCLE('',#6610,0.5);
#320=CIRCLE('',#6613,1.75);
#321=CIRCLE('',#6626,1.75);
#322=CIRCLE('',#6627,1.25);
#323=CIRCLE('',#6632,0.75);
#324=CIRCLE('',#6656,0.500000000000002);
#325=CIRCLE('',#6657,0.5);
#326=CIRCLE('',#6659,0.500000000000005);
#327=CIRCLE('',#6660,4.25);
#328=CIRCLE('',#6661,3.75);
#329=CIRCLE('',#6666,4.25);
#330=CIRCLE('',#6671,1.45);
#331=CIRCLE('',#6672,1.45);
#332=CIRCLE('',#6676,3.);
#333=CIRCLE('',#6683,2.);
#334=CIRCLE('',#6684,1.6);
#335=CIRCLE('',#6686,1.6);
#336=CIRCLE('',#6691,5.25);
#337=CIRCLE('',#6696,1.6);
#338=CIRCLE('',#6703,2.6);
#339=CIRCLE('',#6704,1.6);
#340=CIRCLE('',#6705,1.6);
#341=CIRCLE('',#6708,0.999999999999992);
#342=CIRCLE('',#6711,0.999999999999992);
#343=CIRCLE('',#6722,1.6);
#344=CIRCLE('',#6723,1.6);
#345=CIRCLE('',#6725,1.6);
#346=CIRCLE('',#6727,1.6);
#347=CIRCLE('',#6733,0.150000000000002);
#348=CIRCLE('',#6738,1.25);
#349=CIRCLE('',#6739,1.25);
#350=CIRCLE('',#6744,0.150000000000001);
#351=CIRCLE('',#6747,1.25);
#352=CIRCLE('',#6749,0.150000000000001);
#353=CIRCLE('',#6751,0.150000000000001);
#354=CIRCLE('',#6752,0.150000000000001);
#355=CIRCLE('',#6753,0.150000000000001);
#356=CIRCLE('',#6755,0.150000000000001);
#357=CIRCLE('',#6756,0.150000000000001);
#358=CIRCLE('',#6758,0.150000000000001);
#359=CIRCLE('',#6763,0.149999999999997);
#360=CIRCLE('',#6767,1.25);
#361=CIRCLE('',#6776,0.75);
#362=CIRCLE('',#6789,3.75);
#363=CIRCLE('',#6790,1.675);
#364=CIRCLE('',#6792,1.675);
#365=CIRCLE('',#6796,1.675);
#366=CIRCLE('',#6798,5.25);
#367=CIRCLE('',#6801,5.);
#368=CIRCLE('',#6812,5.);
#369=CIRCLE('',#6813,1.675);
#370=CIRCLE('',#6817,1.);
#371=CIRCLE('',#6818,1.);
#372=CIRCLE('',#6832,0.5);
#373=CIRCLE('',#6839,3.75);
#374=CIRCLE('',#6840,3.75);
#375=CIRCLE('',#6843,0.5);
#376=CIRCLE('',#6845,0.5);
#377=CIRCLE('',#6848,0.5);
#378=CIRCLE('',#6851,0.5);
#379=CIRCLE('',#6854,0.5);
#380=CIRCLE('',#6856,0.5);
#381=CIRCLE('',#6858,0.5);
#382=CIRCLE('',#6860,1.75);
#383=CIRCLE('',#6873,1.75);
#384=CIRCLE('',#6874,1.25);
#385=CIRCLE('',#6879,0.75);
#386=CIRCLE('',#6903,0.500000000000002);
#387=CIRCLE('',#6904,0.5);
#388=CIRCLE('',#6906,0.500000000000005);
#389=CIRCLE('',#6907,3.75);
#390=CIRCLE('',#6908,4.25);
#391=CIRCLE('',#6913,4.25);
#392=CIRCLE('',#6922,1.45);
#393=CIRCLE('',#6923,1.45);
#394=CIRCLE('',#6926,3.);
#395=CIRCLE('',#6937,2.);
#396=CIRCLE('',#6938,1.6);
#397=CIRCLE('',#6940,1.6);
#398=CIRCLE('',#6945,5.25);
#399=CIRCLE('',#6950,1.6);
#400=CIRCLE('',#6957,2.6);
#401=CIRCLE('',#6958,1.6);
#402=CIRCLE('',#6959,1.6);
#403=CIRCLE('',#6962,0.999999999999992);
#404=CIRCLE('',#6965,0.999999999999992);
#405=CIRCLE('',#6969,1.25);
#406=CIRCLE('',#6970,1.25);
#407=CIRCLE('',#6972,1.6);
#408=CIRCLE('',#6982,1.6);
#409=CIRCLE('',#6984,1.6);
#410=CIRCLE('',#6986,1.6);
#411=CIRCLE('',#6992,0.150000000000002);
#412=CIRCLE('',#6997,1.25);
#413=CIRCLE('',#6998,1.25);
#414=CIRCLE('',#7004,0.150000000000001);
#415=CIRCLE('',#7006,0.150000000000001);
#416=CIRCLE('',#7009,0.150000000000001);
#417=CIRCLE('',#7010,0.150000000000001);
#418=CIRCLE('',#7011,0.150000000000001);
#419=CIRCLE('',#7013,0.150000000000001);
#420=CIRCLE('',#7014,0.150000000000001);
#421=CIRCLE('',#7016,0.150000000000001);
#422=CIRCLE('',#7021,0.149999999999997);
#423=CIRCLE('',#7031,0.75);
#424=CIRCLE('',#7044,1.675);
#425=CIRCLE('',#7046,1.675);
#426=CIRCLE('',#7048,1.675);
#427=CIRCLE('',#7050,1.675);
#428=CIRCLE('',#7054,1.675);
#429=CIRCLE('',#7056,5.25);
#430=CIRCLE('',#7059,5.);
#431=FACE_OUTER_BOUND('',#779,.T.);
#432=FACE_OUTER_BOUND('',#780,.T.);
#433=FACE_OUTER_BOUND('',#781,.T.);
#434=FACE_OUTER_BOUND('',#782,.T.);
#435=FACE_OUTER_BOUND('',#783,.T.);
#436=FACE_OUTER_BOUND('',#784,.T.);
#437=FACE_OUTER_BOUND('',#785,.T.);
#438=FACE_OUTER_BOUND('',#787,.T.);
#439=FACE_OUTER_BOUND('',#788,.T.);
#440=FACE_OUTER_BOUND('',#789,.T.);
#441=FACE_OUTER_BOUND('',#790,.T.);
#442=FACE_OUTER_BOUND('',#791,.T.);
#443=FACE_OUTER_BOUND('',#792,.T.);
#444=FACE_OUTER_BOUND('',#793,.T.);
#445=FACE_OUTER_BOUND('',#794,.T.);
#446=FACE_OUTER_BOUND('',#795,.T.);
#447=FACE_OUTER_BOUND('',#796,.T.);
#448=FACE_OUTER_BOUND('',#797,.T.);
#449=FACE_OUTER_BOUND('',#798,.T.);
#450=FACE_OUTER_BOUND('',#799,.T.);
#451=FACE_OUTER_BOUND('',#800,.T.);
#452=FACE_OUTER_BOUND('',#801,.T.);
#453=FACE_OUTER_BOUND('',#802,.T.);
#454=FACE_OUTER_BOUND('',#803,.T.);
#455=FACE_OUTER_BOUND('',#804,.T.);
#456=FACE_OUTER_BOUND('',#805,.T.);
#457=FACE_OUTER_BOUND('',#806,.T.);
#458=FACE_OUTER_BOUND('',#807,.T.);
#459=FACE_OUTER_BOUND('',#808,.T.);
#460=FACE_OUTER_BOUND('',#809,.T.);
#461=FACE_OUTER_BOUND('',#810,.T.);
#462=FACE_OUTER_BOUND('',#812,.T.);
#463=FACE_OUTER_BOUND('',#813,.T.);
#464=FACE_OUTER_BOUND('',#814,.T.);
#465=FACE_OUTER_BOUND('',#815,.T.);
#466=FACE_OUTER_BOUND('',#816,.T.);
#467=FACE_OUTER_BOUND('',#817,.T.);
#468=FACE_OUTER_BOUND('',#818,.T.);
#469=FACE_OUTER_BOUND('',#819,.T.);
#470=FACE_OUTER_BOUND('',#820,.T.);
#471=FACE_OUTER_BOUND('',#821,.T.);
#472=FACE_OUTER_BOUND('',#822,.T.);
#473=FACE_OUTER_BOUND('',#823,.T.);
#474=FACE_OUTER_BOUND('',#824,.T.);
#475=FACE_OUTER_BOUND('',#825,.T.);
#476=FACE_OUTER_BOUND('',#826,.T.);
#477=FACE_OUTER_BOUND('',#828,.T.);
#478=FACE_OUTER_BOUND('',#829,.T.);
#479=FACE_OUTER_BOUND('',#830,.T.);
#480=FACE_OUTER_BOUND('',#831,.T.);
#481=FACE_OUTER_BOUND('',#832,.T.);
#482=FACE_OUTER_BOUND('',#833,.T.);
#483=FACE_OUTER_BOUND('',#834,.T.);
#484=FACE_OUTER_BOUND('',#836,.T.);
#485=FACE_OUTER_BOUND('',#837,.T.);
#486=FACE_OUTER_BOUND('',#838,.T.);
#487=FACE_OUTER_BOUND('',#839,.T.);
#488=FACE_OUTER_BOUND('',#840,.T.);
#489=FACE_OUTER_BOUND('',#841,.T.);
#490=FACE_OUTER_BOUND('',#842,.T.);
#491=FACE_OUTER_BOUND('',#843,.T.);
#492=FACE_OUTER_BOUND('',#844,.T.);
#493=FACE_OUTER_BOUND('',#845,.T.);
#494=FACE_OUTER_BOUND('',#846,.T.);
#495=FACE_OUTER_BOUND('',#847,.T.);
#496=FACE_OUTER_BOUND('',#850,.T.);
#497=FACE_OUTER_BOUND('',#851,.T.);
#498=FACE_OUTER_BOUND('',#852,.T.);
#499=FACE_OUTER_BOUND('',#853,.T.);
#500=FACE_OUTER_BOUND('',#854,.T.);
#501=FACE_OUTER_BOUND('',#855,.T.);
#502=FACE_OUTER_BOUND('',#856,.T.);
#503=FACE_OUTER_BOUND('',#857,.T.);
#504=FACE_OUTER_BOUND('',#858,.T.);
#505=FACE_OUTER_BOUND('',#859,.T.);
#506=FACE_OUTER_BOUND('',#861,.T.);
#507=FACE_OUTER_BOUND('',#862,.T.);
#508=FACE_OUTER_BOUND('',#863,.T.);
#509=FACE_OUTER_BOUND('',#864,.T.);
#510=FACE_OUTER_BOUND('',#865,.T.);
#511=FACE_OUTER_BOUND('',#866,.T.);
#512=FACE_OUTER_BOUND('',#867,.T.);
#513=FACE_OUTER_BOUND('',#868,.T.);
#514=FACE_OUTER_BOUND('',#869,.T.);
#515=FACE_OUTER_BOUND('',#870,.T.);
#516=FACE_OUTER_BOUND('',#871,.T.);
#517=FACE_OUTER_BOUND('',#872,.T.);
#518=FACE_OUTER_BOUND('',#873,.T.);
#519=FACE_OUTER_BOUND('',#874,.T.);
#520=FACE_OUTER_BOUND('',#875,.T.);
#521=FACE_OUTER_BOUND('',#876,.T.);
#522=FACE_OUTER_BOUND('',#877,.T.);
#523=FACE_OUTER_BOUND('',#878,.T.);
#524=FACE_OUTER_BOUND('',#879,.T.);
#525=FACE_OUTER_BOUND('',#880,.T.);
#526=FACE_OUTER_BOUND('',#881,.T.);
#527=FACE_OUTER_BOUND('',#882,.T.);
#528=FACE_OUTER_BOUND('',#883,.T.);
#529=FACE_OUTER_BOUND('',#884,.T.);
#530=FACE_OUTER_BOUND('',#885,.T.);
#531=FACE_OUTER_BOUND('',#886,.T.);
#532=FACE_OUTER_BOUND('',#887,.T.);
#533=FACE_OUTER_BOUND('',#888,.T.);
#534=FACE_OUTER_BOUND('',#889,.T.);
#535=FACE_OUTER_BOUND('',#890,.T.);
#536=FACE_OUTER_BOUND('',#891,.T.);
#537=FACE_OUTER_BOUND('',#892,.T.);
#538=FACE_OUTER_BOUND('',#893,.T.);
#539=FACE_OUTER_BOUND('',#895,.T.);
#540=FACE_OUTER_BOUND('',#897,.T.);
#541=FACE_OUTER_BOUND('',#898,.T.);
#542=FACE_OUTER_BOUND('',#899,.T.);
#543=FACE_OUTER_BOUND('',#900,.T.);
#544=FACE_OUTER_BOUND('',#901,.T.);
#545=FACE_OUTER_BOUND('',#902,.T.);
#546=FACE_OUTER_BOUND('',#904,.T.);
#547=FACE_OUTER_BOUND('',#905,.T.);
#548=FACE_OUTER_BOUND('',#906,.T.);
#549=FACE_OUTER_BOUND('',#907,.T.);
#550=FACE_OUTER_BOUND('',#908,.T.);
#551=FACE_OUTER_BOUND('',#909,.T.);
#552=FACE_OUTER_BOUND('',#910,.T.);
#553=FACE_OUTER_BOUND('',#911,.T.);
#554=FACE_OUTER_BOUND('',#913,.T.);
#555=FACE_OUTER_BOUND('',#914,.T.);
#556=FACE_OUTER_BOUND('',#915,.T.);
#557=FACE_OUTER_BOUND('',#916,.T.);
#558=FACE_OUTER_BOUND('',#917,.T.);
#559=FACE_OUTER_BOUND('',#918,.T.);
#560=FACE_OUTER_BOUND('',#919,.T.);
#561=FACE_OUTER_BOUND('',#920,.T.);
#562=FACE_OUTER_BOUND('',#921,.T.);
#563=FACE_OUTER_BOUND('',#922,.T.);
#564=FACE_OUTER_BOUND('',#923,.T.);
#565=FACE_OUTER_BOUND('',#924,.T.);
#566=FACE_OUTER_BOUND('',#925,.T.);
#567=FACE_OUTER_BOUND('',#926,.T.);
#568=FACE_OUTER_BOUND('',#927,.T.);
#569=FACE_OUTER_BOUND('',#928,.T.);
#570=FACE_OUTER_BOUND('',#930,.T.);
#571=FACE_OUTER_BOUND('',#931,.T.);
#572=FACE_OUTER_BOUND('',#932,.T.);
#573=FACE_OUTER_BOUND('',#934,.T.);
#574=FACE_OUTER_BOUND('',#935,.T.);
#575=FACE_OUTER_BOUND('',#936,.T.);
#576=FACE_OUTER_BOUND('',#937,.T.);
#577=FACE_OUTER_BOUND('',#938,.T.);
#578=FACE_OUTER_BOUND('',#939,.T.);
#579=FACE_OUTER_BOUND('',#940,.T.);
#580=FACE_OUTER_BOUND('',#941,.T.);
#581=FACE_OUTER_BOUND('',#942,.T.);
#582=FACE_OUTER_BOUND('',#943,.T.);
#583=FACE_OUTER_BOUND('',#944,.T.);
#584=FACE_OUTER_BOUND('',#945,.T.);
#585=FACE_OUTER_BOUND('',#946,.T.);
#586=FACE_OUTER_BOUND('',#947,.T.);
#587=FACE_OUTER_BOUND('',#948,.T.);
#588=FACE_OUTER_BOUND('',#949,.T.);
#589=FACE_OUTER_BOUND('',#950,.T.);
#590=FACE_OUTER_BOUND('',#951,.T.);
#591=FACE_OUTER_BOUND('',#952,.T.);
#592=FACE_OUTER_BOUND('',#953,.T.);
#593=FACE_OUTER_BOUND('',#954,.T.);
#594=FACE_OUTER_BOUND('',#955,.T.);
#595=FACE_OUTER_BOUND('',#956,.T.);
#596=FACE_OUTER_BOUND('',#957,.T.);
#597=FACE_OUTER_BOUND('',#958,.T.);
#598=FACE_OUTER_BOUND('',#959,.T.);
#599=FACE_OUTER_BOUND('',#960,.T.);
#600=FACE_OUTER_BOUND('',#961,.T.);
#601=FACE_OUTER_BOUND('',#962,.T.);
#602=FACE_OUTER_BOUND('',#963,.T.);
#603=FACE_OUTER_BOUND('',#964,.T.);
#604=FACE_OUTER_BOUND('',#965,.T.);
#605=FACE_OUTER_BOUND('',#966,.T.);
#606=FACE_OUTER_BOUND('',#967,.T.);
#607=FACE_OUTER_BOUND('',#968,.T.);
#608=FACE_OUTER_BOUND('',#969,.T.);
#609=FACE_OUTER_BOUND('',#970,.T.);
#610=FACE_OUTER_BOUND('',#971,.T.);
#611=FACE_OUTER_BOUND('',#972,.T.);
#612=FACE_OUTER_BOUND('',#973,.T.);
#613=FACE_OUTER_BOUND('',#975,.T.);
#614=FACE_OUTER_BOUND('',#976,.T.);
#615=FACE_OUTER_BOUND('',#977,.T.);
#616=FACE_OUTER_BOUND('',#978,.T.);
#617=FACE_OUTER_BOUND('',#979,.T.);
#618=FACE_OUTER_BOUND('',#980,.T.);
#619=FACE_OUTER_BOUND('',#981,.T.);
#620=FACE_OUTER_BOUND('',#982,.T.);
#621=FACE_OUTER_BOUND('',#983,.T.);
#622=FACE_OUTER_BOUND('',#984,.T.);
#623=FACE_OUTER_BOUND('',#986,.T.);
#624=FACE_OUTER_BOUND('',#987,.T.);
#625=FACE_OUTER_BOUND('',#988,.T.);
#626=FACE_OUTER_BOUND('',#989,.T.);
#627=FACE_OUTER_BOUND('',#990,.T.);
#628=FACE_OUTER_BOUND('',#991,.T.);
#629=FACE_OUTER_BOUND('',#992,.T.);
#630=FACE_OUTER_BOUND('',#993,.T.);
#631=FACE_OUTER_BOUND('',#995,.T.);
#632=FACE_OUTER_BOUND('',#996,.T.);
#633=FACE_OUTER_BOUND('',#1000,.T.);
#634=FACE_OUTER_BOUND('',#1001,.T.);
#635=FACE_OUTER_BOUND('',#1002,.T.);
#636=FACE_OUTER_BOUND('',#1003,.T.);
#637=FACE_OUTER_BOUND('',#1004,.T.);
#638=FACE_OUTER_BOUND('',#1005,.T.);
#639=FACE_OUTER_BOUND('',#1006,.T.);
#640=FACE_OUTER_BOUND('',#1007,.T.);
#641=FACE_OUTER_BOUND('',#1008,.T.);
#642=FACE_OUTER_BOUND('',#1009,.T.);
#643=FACE_OUTER_BOUND('',#1010,.T.);
#644=FACE_OUTER_BOUND('',#1013,.T.);
#645=FACE_OUTER_BOUND('',#1014,.T.);
#646=FACE_OUTER_BOUND('',#1015,.T.);
#647=FACE_OUTER_BOUND('',#1016,.T.);
#648=FACE_OUTER_BOUND('',#1017,.T.);
#649=FACE_OUTER_BOUND('',#1018,.T.);
#650=FACE_OUTER_BOUND('',#1019,.T.);
#651=FACE_OUTER_BOUND('',#1020,.T.);
#652=FACE_OUTER_BOUND('',#1021,.T.);
#653=FACE_OUTER_BOUND('',#1022,.T.);
#654=FACE_OUTER_BOUND('',#1024,.T.);
#655=FACE_OUTER_BOUND('',#1025,.T.);
#656=FACE_OUTER_BOUND('',#1026,.T.);
#657=FACE_OUTER_BOUND('',#1027,.T.);
#658=FACE_OUTER_BOUND('',#1028,.T.);
#659=FACE_OUTER_BOUND('',#1029,.T.);
#660=FACE_OUTER_BOUND('',#1030,.T.);
#661=FACE_OUTER_BOUND('',#1031,.T.);
#662=FACE_OUTER_BOUND('',#1032,.T.);
#663=FACE_OUTER_BOUND('',#1033,.T.);
#664=FACE_OUTER_BOUND('',#1034,.T.);
#665=FACE_OUTER_BOUND('',#1035,.T.);
#666=FACE_OUTER_BOUND('',#1036,.T.);
#667=FACE_OUTER_BOUND('',#1037,.T.);
#668=FACE_OUTER_BOUND('',#1038,.T.);
#669=FACE_OUTER_BOUND('',#1039,.T.);
#670=FACE_OUTER_BOUND('',#1040,.T.);
#671=FACE_OUTER_BOUND('',#1041,.T.);
#672=FACE_OUTER_BOUND('',#1042,.T.);
#673=FACE_OUTER_BOUND('',#1043,.T.);
#674=FACE_OUTER_BOUND('',#1044,.T.);
#675=FACE_OUTER_BOUND('',#1045,.T.);
#676=FACE_OUTER_BOUND('',#1046,.T.);
#677=FACE_OUTER_BOUND('',#1047,.T.);
#678=FACE_OUTER_BOUND('',#1052,.T.);
#679=FACE_OUTER_BOUND('',#1053,.T.);
#680=FACE_OUTER_BOUND('',#1054,.T.);
#681=FACE_OUTER_BOUND('',#1055,.T.);
#682=FACE_OUTER_BOUND('',#1056,.T.);
#683=FACE_OUTER_BOUND('',#1057,.T.);
#684=FACE_OUTER_BOUND('',#1060,.T.);
#685=FACE_OUTER_BOUND('',#1061,.T.);
#686=FACE_OUTER_BOUND('',#1062,.T.);
#687=FACE_OUTER_BOUND('',#1063,.T.);
#688=FACE_OUTER_BOUND('',#1064,.T.);
#689=FACE_OUTER_BOUND('',#1065,.T.);
#690=FACE_OUTER_BOUND('',#1066,.T.);
#691=FACE_OUTER_BOUND('',#1067,.T.);
#692=FACE_OUTER_BOUND('',#1068,.T.);
#693=FACE_OUTER_BOUND('',#1069,.T.);
#694=FACE_OUTER_BOUND('',#1071,.T.);
#695=FACE_OUTER_BOUND('',#1073,.T.);
#696=FACE_OUTER_BOUND('',#1074,.T.);
#697=FACE_OUTER_BOUND('',#1075,.T.);
#698=FACE_OUTER_BOUND('',#1076,.T.);
#699=FACE_OUTER_BOUND('',#1077,.T.);
#700=FACE_OUTER_BOUND('',#1078,.T.);
#701=FACE_OUTER_BOUND('',#1080,.T.);
#702=FACE_OUTER_BOUND('',#1081,.T.);
#703=FACE_OUTER_BOUND('',#1082,.T.);
#704=FACE_OUTER_BOUND('',#1083,.T.);
#705=FACE_OUTER_BOUND('',#1084,.T.);
#706=FACE_OUTER_BOUND('',#1085,.T.);
#707=FACE_OUTER_BOUND('',#1086,.T.);
#708=FACE_OUTER_BOUND('',#1087,.T.);
#709=FACE_OUTER_BOUND('',#1089,.T.);
#710=FACE_OUTER_BOUND('',#1090,.T.);
#711=FACE_OUTER_BOUND('',#1091,.T.);
#712=FACE_OUTER_BOUND('',#1092,.T.);
#713=FACE_OUTER_BOUND('',#1095,.T.);
#714=FACE_OUTER_BOUND('',#1096,.T.);
#715=FACE_OUTER_BOUND('',#1097,.T.);
#716=FACE_OUTER_BOUND('',#1098,.T.);
#717=FACE_OUTER_BOUND('',#1099,.T.);
#718=FACE_OUTER_BOUND('',#1100,.T.);
#719=FACE_OUTER_BOUND('',#1101,.T.);
#720=FACE_OUTER_BOUND('',#1102,.T.);
#721=FACE_OUTER_BOUND('',#1103,.T.);
#722=FACE_OUTER_BOUND('',#1104,.T.);
#723=FACE_OUTER_BOUND('',#1105,.T.);
#724=FACE_OUTER_BOUND('',#1106,.T.);
#725=FACE_OUTER_BOUND('',#1107,.T.);
#726=FACE_OUTER_BOUND('',#1109,.T.);
#727=FACE_OUTER_BOUND('',#1110,.T.);
#728=FACE_OUTER_BOUND('',#1111,.T.);
#729=FACE_OUTER_BOUND('',#1113,.T.);
#730=FACE_OUTER_BOUND('',#1114,.T.);
#731=FACE_OUTER_BOUND('',#1115,.T.);
#732=FACE_OUTER_BOUND('',#1116,.T.);
#733=FACE_OUTER_BOUND('',#1117,.T.);
#734=FACE_OUTER_BOUND('',#1118,.T.);
#735=FACE_OUTER_BOUND('',#1119,.T.);
#736=FACE_OUTER_BOUND('',#1120,.T.);
#737=FACE_OUTER_BOUND('',#1121,.T.);
#738=FACE_OUTER_BOUND('',#1122,.T.);
#739=FACE_OUTER_BOUND('',#1123,.T.);
#740=FACE_OUTER_BOUND('',#1124,.T.);
#741=FACE_OUTER_BOUND('',#1125,.T.);
#742=FACE_OUTER_BOUND('',#1126,.T.);
#743=FACE_OUTER_BOUND('',#1127,.T.);
#744=FACE_OUTER_BOUND('',#1128,.T.);
#745=FACE_OUTER_BOUND('',#1129,.T.);
#746=FACE_OUTER_BOUND('',#1130,.T.);
#747=FACE_OUTER_BOUND('',#1131,.T.);
#748=FACE_OUTER_BOUND('',#1132,.T.);
#749=FACE_OUTER_BOUND('',#1133,.T.);
#750=FACE_OUTER_BOUND('',#1134,.T.);
#751=FACE_OUTER_BOUND('',#1135,.T.);
#752=FACE_OUTER_BOUND('',#1136,.T.);
#753=FACE_OUTER_BOUND('',#1137,.T.);
#754=FACE_OUTER_BOUND('',#1138,.T.);
#755=FACE_OUTER_BOUND('',#1139,.T.);
#756=FACE_OUTER_BOUND('',#1140,.T.);
#757=FACE_OUTER_BOUND('',#1141,.T.);
#758=FACE_OUTER_BOUND('',#1142,.T.);
#759=FACE_OUTER_BOUND('',#1143,.T.);
#760=FACE_OUTER_BOUND('',#1144,.T.);
#761=FACE_OUTER_BOUND('',#1145,.T.);
#762=FACE_OUTER_BOUND('',#1146,.T.);
#763=FACE_OUTER_BOUND('',#1147,.T.);
#764=FACE_OUTER_BOUND('',#1148,.T.);
#765=FACE_OUTER_BOUND('',#1149,.T.);
#766=FACE_OUTER_BOUND('',#1150,.T.);
#767=FACE_OUTER_BOUND('',#1151,.T.);
#768=FACE_OUTER_BOUND('',#1152,.T.);
#769=FACE_OUTER_BOUND('',#1153,.T.);
#770=FACE_OUTER_BOUND('',#1154,.T.);
#771=FACE_OUTER_BOUND('',#1156,.T.);
#772=FACE_OUTER_BOUND('',#1157,.T.);
#773=FACE_OUTER_BOUND('',#1158,.T.);
#774=FACE_OUTER_BOUND('',#1159,.T.);
#775=FACE_OUTER_BOUND('',#1160,.T.);
#776=FACE_OUTER_BOUND('',#1161,.T.);
#777=FACE_OUTER_BOUND('',#1162,.T.);
#778=FACE_OUTER_BOUND('',#1163,.T.);
#779=EDGE_LOOP('',(#4147,#4148,#4149,#4150,#4151));
#780=EDGE_LOOP('',(#4152,#4153,#4154,#4155,#4156));
#781=EDGE_LOOP('',(#4157,#4158,#4159,#4160,#4161,#4162));
#782=EDGE_LOOP('',(#4163,#4164,#4165,#4166));
#783=EDGE_LOOP('',(#4167,#4168,#4169,#4170,#4171));
#784=EDGE_LOOP('',(#4172,#4173,#4174,#4175,#4176,#4177));
#785=EDGE_LOOP('',(#4178,#4179,#4180,#4181,#4182,#4183,#4184,#4185,#4186,
#4187));
#786=EDGE_LOOP('',(#4188,#4189,#4190,#4191));
#787=EDGE_LOOP('',(#4192,#4193,#4194,#4195));
#788=EDGE_LOOP('',(#4196,#4197,#4198,#4199));
#789=EDGE_LOOP('',(#4200,#4201,#4202,#4203));
#790=EDGE_LOOP('',(#4204,#4205,#4206,#4207));
#791=EDGE_LOOP('',(#4208,#4209,#4210,#4211));
#792=EDGE_LOOP('',(#4212,#4213,#4214,#4215));
#793=EDGE_LOOP('',(#4216,#4217,#4218,#4219));
#794=EDGE_LOOP('',(#4220,#4221,#4222,#4223));
#795=EDGE_LOOP('',(#4224,#4225,#4226,#4227));
#796=EDGE_LOOP('',(#4228,#4229,#4230,#4231));
#797=EDGE_LOOP('',(#4232,#4233,#4234,#4235));
#798=EDGE_LOOP('',(#4236,#4237,#4238,#4239));
#799=EDGE_LOOP('',(#4240,#4241,#4242,#4243));
#800=EDGE_LOOP('',(#4244,#4245,#4246,#4247));
#801=EDGE_LOOP('',(#4248,#4249,#4250,#4251,#4252));
#802=EDGE_LOOP('',(#4253,#4254,#4255,#4256));
#803=EDGE_LOOP('',(#4257,#4258,#4259,#4260,#4261));
#804=EDGE_LOOP('',(#4262,#4263,#4264,#4265));
#805=EDGE_LOOP('',(#4266,#4267,#4268,#4269));
#806=EDGE_LOOP('',(#4270,#4271,#4272,#4273));
#807=EDGE_LOOP('',(#4274,#4275,#4276,#4277));
#808=EDGE_LOOP('',(#4278,#4279,#4280,#4281));
#809=EDGE_LOOP('',(#4282,#4283,#4284,#4285));
#810=EDGE_LOOP('',(#4286,#4287,#4288,#4289,#4290,#4291));
#811=EDGE_LOOP('',(#4292));
#812=EDGE_LOOP('',(#4293,#4294,#4295,#4296,#4297,#4298));
#813=EDGE_LOOP('',(#4299,#4300,#4301,#4302));
#814=EDGE_LOOP('',(#4303));
#815=EDGE_LOOP('',(#4304,#4305,#4306,#4307));
#816=EDGE_LOOP('',(#4308,#4309,#4310,#4311));
#817=EDGE_LOOP('',(#4312,#4313,#4314,#4315));
#818=EDGE_LOOP('',(#4316,#4317,#4318,#4319));
#819=EDGE_LOOP('',(#4320,#4321,#4322,#4323));
#820=EDGE_LOOP('',(#4324,#4325,#4326,#4327));
#821=EDGE_LOOP('',(#4328,#4329,#4330,#4331));
#822=EDGE_LOOP('',(#4332,#4333,#4334,#4335,#4336));
#823=EDGE_LOOP('',(#4337,#4338,#4339,#4340));
#824=EDGE_LOOP('',(#4341,#4342,#4343,#4344,#4345,#4346));
#825=EDGE_LOOP('',(#4347,#4348,#4349,#4350));
#826=EDGE_LOOP('',(#4351,#4352,#4353,#4354,#4355,#4356,#4357,#4358,#4359,
#4360,#4361,#4362));
#827=EDGE_LOOP('',(#4363));
#828=EDGE_LOOP('',(#4364,#4365,#4366,#4367,#4368,#4369));
#829=EDGE_LOOP('',(#4370,#4371,#4372,#4373,#4374));
#830=EDGE_LOOP('',(#4375,#4376,#4377,#4378,#4379));
#831=EDGE_LOOP('',(#4380,#4381,#4382,#4383));
#832=EDGE_LOOP('',(#4384,#4385,#4386,#4387,#4388));
#833=EDGE_LOOP('',(#4389,#4390,#4391,#4392));
#834=EDGE_LOOP('',(#4393,#4394,#4395,#4396));
#835=EDGE_LOOP('',(#4397,#4398,#4399,#4400));
#836=EDGE_LOOP('',(#4401,#4402,#4403,#4404));
#837=EDGE_LOOP('',(#4405,#4406,#4407,#4408));
#838=EDGE_LOOP('',(#4409,#4410,#4411,#4412));
#839=EDGE_LOOP('',(#4413,#4414,#4415,#4416));
#840=EDGE_LOOP('',(#4417,#4418,#4419,#4420));
#841=EDGE_LOOP('',(#4421,#4422,#4423,#4424));
#842=EDGE_LOOP('',(#4425,#4426,#4427,#4428));
#843=EDGE_LOOP('',(#4429,#4430,#4431,#4432));
#844=EDGE_LOOP('',(#4433,#4434,#4435,#4436));
#845=EDGE_LOOP('',(#4437,#4438,#4439,#4440));
#846=EDGE_LOOP('',(#4441,#4442,#4443,#4444,#4445));
#847=EDGE_LOOP('',(#4446,#4447,#4448,#4449,#4450,#4451,#4452,#4453,#4454,
#4455,#4456,#4457,#4458,#4459));
#848=EDGE_LOOP('',(#4460,#4461,#4462,#4463));
#849=EDGE_LOOP('',(#4464,#4465,#4466,#4467));
#850=EDGE_LOOP('',(#4468,#4469,#4470,#4471));
#851=EDGE_LOOP('',(#4472,#4473,#4474,#4475));
#852=EDGE_LOOP('',(#4476,#4477,#4478,#4479,#4480));
#853=EDGE_LOOP('',(#4481,#4482,#4483,#4484));
#854=EDGE_LOOP('',(#4485,#4486,#4487,#4488,#4489));
#855=EDGE_LOOP('',(#4490,#4491,#4492,#4493));
#856=EDGE_LOOP('',(#4494,#4495,#4496,#4497));
#857=EDGE_LOOP('',(#4498,#4499,#4500,#4501,#4502));
#858=EDGE_LOOP('',(#4503,#4504,#4505,#4506));
#859=EDGE_LOOP('',(#4507,#4508,#4509,#4510,#4511,#4512));
#860=EDGE_LOOP('',(#4513));
#861=EDGE_LOOP('',(#4514,#4515,#4516,#4517));
#862=EDGE_LOOP('',(#4518,#4519,#4520,#4521));
#863=EDGE_LOOP('',(#4522,#4523,#4524,#4525));
#864=EDGE_LOOP('',(#4526,#4527,#4528,#4529));
#865=EDGE_LOOP('',(#4530,#4531,#4532,#4533));
#866=EDGE_LOOP('',(#4534,#4535,#4536,#4537));
#867=EDGE_LOOP('',(#4538,#4539,#4540,#4541));
#868=EDGE_LOOP('',(#4542,#4543,#4544,#4545));
#869=EDGE_LOOP('',(#4546,#4547,#4548,#4549));
#870=EDGE_LOOP('',(#4550,#4551,#4552,#4553));
#871=EDGE_LOOP('',(#4554,#4555,#4556,#4557));
#872=EDGE_LOOP('',(#4558,#4559,#4560,#4561));
#873=EDGE_LOOP('',(#4562,#4563,#4564,#4565));
#874=EDGE_LOOP('',(#4566,#4567,#4568,#4569));
#875=EDGE_LOOP('',(#4570,#4571,#4572,#4573));
#876=EDGE_LOOP('',(#4574,#4575,#4576,#4577));
#877=EDGE_LOOP('',(#4578,#4579,#4580,#4581));
#878=EDGE_LOOP('',(#4582,#4583,#4584,#4585,#4586));
#879=EDGE_LOOP('',(#4587,#4588,#4589,#4590));
#880=EDGE_LOOP('',(#4591,#4592,#4593,#4594));
#881=EDGE_LOOP('',(#4595,#4596,#4597,#4598,#4599,#4600,#4601));
#882=EDGE_LOOP('',(#4602,#4603,#4604,#4605));
#883=EDGE_LOOP('',(#4606,#4607,#4608,#4609));
#884=EDGE_LOOP('',(#4610));
#885=EDGE_LOOP('',(#4611,#4612));
#886=EDGE_LOOP('',(#4613,#4614,#4615,#4616,#4617));
#887=EDGE_LOOP('',(#4618,#4619,#4620,#4621));
#888=EDGE_LOOP('',(#4622,#4623,#4624,#4625));
#889=EDGE_LOOP('',(#4626,#4627,#4628,#4629));
#890=EDGE_LOOP('',(#4630,#4631,#4632,#4633));
#891=EDGE_LOOP('',(#4634,#4635,#4636,#4637));
#892=EDGE_LOOP('',(#4638,#4639,#4640,#4641));
#893=EDGE_LOOP('',(#4642,#4643,#4644,#4645,#4646));
#894=EDGE_LOOP('',(#4647));
#895=EDGE_LOOP('',(#4648,#4649,#4650,#4651,#4652));
#896=EDGE_LOOP('',(#4653));
#897=EDGE_LOOP('',(#4654,#4655,#4656,#4657,#4658,#4659,#4660,#4661,#4662,
#4663,#4664,#4665,#4666));
#898=EDGE_LOOP('',(#4667,#4668,#4669,#4670,#4671,#4672,#4673,#4674,#4675,
#4676,#4677,#4678,#4679,#4680,#4681,#4682));
#899=EDGE_LOOP('',(#4683,#4684,#4685,#4686));
#900=EDGE_LOOP('',(#4687,#4688,#4689,#4690,#4691));
#901=EDGE_LOOP('',(#4692,#4693,#4694,#4695,#4696));
#902=EDGE_LOOP('',(#4697,#4698,#4699,#4700,#4701,#4702));
#903=EDGE_LOOP('',(#4703));
#904=EDGE_LOOP('',(#4704,#4705,#4706,#4707));
#905=EDGE_LOOP('',(#4708,#4709,#4710,#4711));
#906=EDGE_LOOP('',(#4712,#4713,#4714,#4715));
#907=EDGE_LOOP('',(#4716,#4717,#4718,#4719,#4720,#4721,#4722,#4723,#4724,
#4725,#4726,#4727));
#908=EDGE_LOOP('',(#4728,#4729,#4730,#4731,#4732));
#909=EDGE_LOOP('',(#4733,#4734,#4735,#4736,#4737));
#910=EDGE_LOOP('',(#4738,#4739,#4740,#4741,#4742));
#911=EDGE_LOOP('',(#4743,#4744,#4745,#4746,#4747,#4748,#4749));
#912=EDGE_LOOP('',(#4750));
#913=EDGE_LOOP('',(#4751,#4752,#4753,#4754));
#914=EDGE_LOOP('',(#4755,#4756,#4757,#4758));
#915=EDGE_LOOP('',(#4759,#4760,#4761,#4762));
#916=EDGE_LOOP('',(#4763,#4764,#4765,#4766,#4767,#4768,#4769,#4770,#4771));
#917=EDGE_LOOP('',(#4772,#4773,#4774,#4775,#4776,#4777,#4778,#4779,#4780,
#4781,#4782,#4783));
#918=EDGE_LOOP('',(#4784,#4785,#4786,#4787));
#919=EDGE_LOOP('',(#4788,#4789,#4790,#4791,#4792,#4793,#4794,#4795,#4796,
#4797,#4798,#4799,#4800));
#920=EDGE_LOOP('',(#4801,#4802,#4803,#4804));
#921=EDGE_LOOP('',(#4805,#4806,#4807,#4808,#4809,#4810));
#922=EDGE_LOOP('',(#4811,#4812,#4813,#4814,#4815,#4816,#4817));
#923=EDGE_LOOP('',(#4818,#4819,#4820));
#924=EDGE_LOOP('',(#4821,#4822,#4823,#4824));
#925=EDGE_LOOP('',(#4825,#4826,#4827,#4828,#4829,#4830,#4831,#4832));
#926=EDGE_LOOP('',(#4833,#4834,#4835,#4836,#4837,#4838,#4839,#4840,#4841));
#927=EDGE_LOOP('',(#4842,#4843,#4844,#4845));
#928=EDGE_LOOP('',(#4846,#4847,#4848,#4849));
#929=EDGE_LOOP('',(#4850));
#930=EDGE_LOOP('',(#4851,#4852,#4853,#4854,#4855,#4856));
#931=EDGE_LOOP('',(#4857,#4858,#4859,#4860,#4861,#4862));
#932=EDGE_LOOP('',(#4863,#4864,#4865,#4866,#4867,#4868));
#933=EDGE_LOOP('',(#4869));
#934=EDGE_LOOP('',(#4870,#4871,#4872,#4873));
#935=EDGE_LOOP('',(#4874,#4875,#4876,#4877,#4878,#4879,#4880,#4881,#4882,
#4883,#4884));
#936=EDGE_LOOP('',(#4885,#4886,#4887,#4888));
#937=EDGE_LOOP('',(#4889,#4890,#4891,#4892,#4893,#4894));
#938=EDGE_LOOP('',(#4895,#4896,#4897,#4898));
#939=EDGE_LOOP('',(#4899,#4900,#4901));
#940=EDGE_LOOP('',(#4902,#4903,#4904));
#941=EDGE_LOOP('',(#4905,#4906,#4907,#4908));
#942=EDGE_LOOP('',(#4909,#4910,#4911,#4912));
#943=EDGE_LOOP('',(#4913,#4914,#4915,#4916));
#944=EDGE_LOOP('',(#4917,#4918,#4919,#4920));
#945=EDGE_LOOP('',(#4921,#4922,#4923,#4924));
#946=EDGE_LOOP('',(#4925,#4926,#4927,#4928));
#947=EDGE_LOOP('',(#4929,#4930,#4931,#4932));
#948=EDGE_LOOP('',(#4933,#4934,#4935,#4936,#4937,#4938));
#949=EDGE_LOOP('',(#4939,#4940,#4941,#4942));
#950=EDGE_LOOP('',(#4943,#4944,#4945,#4946,#4947));
#951=EDGE_LOOP('',(#4948,#4949,#4950,#4951));
#952=EDGE_LOOP('',(#4952,#4953,#4954,#4955));
#953=EDGE_LOOP('',(#4956,#4957,#4958,#4959,#4960));
#954=EDGE_LOOP('',(#4961));
#955=EDGE_LOOP('',(#4962,#4963,#4964,#4965));
#956=EDGE_LOOP('',(#4966,#4967,#4968,#4969));
#957=EDGE_LOOP('',(#4970,#4971,#4972,#4973));
#958=EDGE_LOOP('',(#4974,#4975,#4976,#4977,#4978));
#959=EDGE_LOOP('',(#4979,#4980,#4981,#4982));
#960=EDGE_LOOP('',(#4983,#4984,#4985,#4986));
#961=EDGE_LOOP('',(#4987,#4988,#4989,#4990));
#962=EDGE_LOOP('',(#4991,#4992,#4993,#4994));
#963=EDGE_LOOP('',(#4995,#4996,#4997,#4998,#4999,#5000));
#964=EDGE_LOOP('',(#5001,#5002,#5003,#5004,#5005));
#965=EDGE_LOOP('',(#5006,#5007,#5008,#5009));
#966=EDGE_LOOP('',(#5010,#5011,#5012,#5013));
#967=EDGE_LOOP('',(#5014,#5015,#5016,#5017));
#968=EDGE_LOOP('',(#5018,#5019,#5020));
#969=EDGE_LOOP('',(#5021,#5022,#5023,#5024));
#970=EDGE_LOOP('',(#5025,#5026,#5027,#5028));
#971=EDGE_LOOP('',(#5029,#5030,#5031,#5032));
#972=EDGE_LOOP('',(#5033,#5034,#5035,#5036));
#973=EDGE_LOOP('',(#5037,#5038,#5039,#5040,#5041,#5042));
#974=EDGE_LOOP('',(#5043));
#975=EDGE_LOOP('',(#5044,#5045,#5046,#5047));
#976=EDGE_LOOP('',(#5048,#5049,#5050));
#977=EDGE_LOOP('',(#5051,#5052,#5053,#5054));
#978=EDGE_LOOP('',(#5055,#5056,#5057,#5058,#5059,#5060));
#979=EDGE_LOOP('',(#5061,#5062,#5063,#5064));
#980=EDGE_LOOP('',(#5065,#5066,#5067,#5068));
#981=EDGE_LOOP('',(#5069,#5070,#5071,#5072,#5073,#5074));
#982=EDGE_LOOP('',(#5075,#5076,#5077,#5078));
#983=EDGE_LOOP('',(#5079,#5080,#5081,#5082));
#984=EDGE_LOOP('',(#5083,#5084,#5085,#5086,#5087,#5088,#5089,#5090,#5091,
#5092,#5093,#5094));
#985=EDGE_LOOP('',(#5095));
#986=EDGE_LOOP('',(#5096,#5097,#5098,#5099,#5100,#5101,#5102,#5103));
#987=EDGE_LOOP('',(#5104,#5105,#5106,#5107,#5108,#5109));
#988=EDGE_LOOP('',(#5110,#5111,#5112,#5113,#5114));
#989=EDGE_LOOP('',(#5115,#5116,#5117,#5118,#5119));
#990=EDGE_LOOP('',(#5120,#5121,#5122,#5123));
#991=EDGE_LOOP('',(#5124,#5125,#5126,#5127,#5128));
#992=EDGE_LOOP('',(#5129,#5130,#5131,#5132));
#993=EDGE_LOOP('',(#5133,#5134,#5135,#5136));
#994=EDGE_LOOP('',(#5137,#5138,#5139,#5140));
#995=EDGE_LOOP('',(#5141,#5142,#5143,#5144));
#996=EDGE_LOOP('',(#5145,#5146,#5147,#5148,#5149,#5150,#5151,#5152,#5153,
#5154,#5155,#5156,#5157,#5158,#5159,#5160,#5161,#5162,#5163,#5164,#5165,
#5166,#5167,#5168,#5169,#5170));
#997=EDGE_LOOP('',(#5171));
#998=EDGE_LOOP('',(#5172));
#999=EDGE_LOOP('',(#5173));
#1000=EDGE_LOOP('',(#5174,#5175,#5176,#5177));
#1001=EDGE_LOOP('',(#5178,#5179,#5180,#5181));
#1002=EDGE_LOOP('',(#5182,#5183,#5184,#5185));
#1003=EDGE_LOOP('',(#5186,#5187,#5188,#5189));
#1004=EDGE_LOOP('',(#5190,#5191,#5192,#5193));
#1005=EDGE_LOOP('',(#5194,#5195,#5196,#5197));
#1006=EDGE_LOOP('',(#5198,#5199,#5200,#5201));
#1007=EDGE_LOOP('',(#5202,#5203,#5204,#5205));
#1008=EDGE_LOOP('',(#5206,#5207,#5208,#5209));
#1009=EDGE_LOOP('',(#5210,#5211,#5212,#5213,#5214));
#1010=EDGE_LOOP('',(#5215,#5216,#5217,#5218,#5219,#5220,#5221,#5222,#5223,
#5224,#5225,#5226,#5227,#5228));
#1011=EDGE_LOOP('',(#5229,#5230,#5231,#5232));
#1012=EDGE_LOOP('',(#5233,#5234,#5235,#5236));
#1013=EDGE_LOOP('',(#5237,#5238,#5239,#5240));
#1014=EDGE_LOOP('',(#5241,#5242,#5243,#5244));
#1015=EDGE_LOOP('',(#5245,#5246,#5247,#5248,#5249));
#1016=EDGE_LOOP('',(#5250,#5251,#5252,#5253));
#1017=EDGE_LOOP('',(#5254,#5255,#5256,#5257,#5258));
#1018=EDGE_LOOP('',(#5259,#5260,#5261,#5262));
#1019=EDGE_LOOP('',(#5263,#5264,#5265,#5266));
#1020=EDGE_LOOP('',(#5267,#5268,#5269,#5270,#5271));
#1021=EDGE_LOOP('',(#5272,#5273,#5274,#5275));
#1022=EDGE_LOOP('',(#5276,#5277,#5278,#5279,#5280,#5281));
#1023=EDGE_LOOP('',(#5282));
#1024=EDGE_LOOP('',(#5283,#5284,#5285,#5286));
#1025=EDGE_LOOP('',(#5287,#5288,#5289,#5290));
#1026=EDGE_LOOP('',(#5291,#5292,#5293,#5294));
#1027=EDGE_LOOP('',(#5295,#5296,#5297,#5298));
#1028=EDGE_LOOP('',(#5299,#5300,#5301,#5302));
#1029=EDGE_LOOP('',(#5303,#5304,#5305,#5306));
#1030=EDGE_LOOP('',(#5307,#5308,#5309,#5310));
#1031=EDGE_LOOP('',(#5311,#5312,#5313,#5314));
#1032=EDGE_LOOP('',(#5315,#5316,#5317,#5318));
#1033=EDGE_LOOP('',(#5319,#5320,#5321,#5322));
#1034=EDGE_LOOP('',(#5323,#5324,#5325,#5326));
#1035=EDGE_LOOP('',(#5327,#5328,#5329,#5330));
#1036=EDGE_LOOP('',(#5331,#5332,#5333,#5334));
#1037=EDGE_LOOP('',(#5335,#5336,#5337,#5338));
#1038=EDGE_LOOP('',(#5339,#5340,#5341,#5342));
#1039=EDGE_LOOP('',(#5343,#5344,#5345,#5346));
#1040=EDGE_LOOP('',(#5347,#5348,#5349,#5350));
#1041=EDGE_LOOP('',(#5351,#5352,#5353,#5354,#5355));
#1042=EDGE_LOOP('',(#5356,#5357,#5358,#5359));
#1043=EDGE_LOOP('',(#5360,#5361,#5362,#5363));
#1044=EDGE_LOOP('',(#5364,#5365,#5366,#5367,#5368,#5369,#5370));
#1045=EDGE_LOOP('',(#5371,#5372,#5373,#5374));
#1046=EDGE_LOOP('',(#5375,#5376,#5377,#5378));
#1047=EDGE_LOOP('',(#5379,#5380,#5381,#5382));
#1048=EDGE_LOOP('',(#5383,#5384,#5385,#5386));
#1049=EDGE_LOOP('',(#5387,#5388,#5389,#5390,#5391,#5392));
#1050=EDGE_LOOP('',(#5393,#5394,#5395,#5396));
#1051=EDGE_LOOP('',(#5397,#5398,#5399,#5400));
#1052=EDGE_LOOP('',(#5401,#5402,#5403,#5404,#5405,#5406,#5407,#5408,#5409,
#5410,#5411,#5412));
#1053=EDGE_LOOP('',(#5413,#5414,#5415,#5416));
#1054=EDGE_LOOP('',(#5417));
#1055=EDGE_LOOP('',(#5418,#5419));
#1056=EDGE_LOOP('',(#5420,#5421,#5422,#5423,#5424));
#1057=EDGE_LOOP('',(#5425,#5426,#5427,#5428,#5429,#5430,#5431,#5432,#5433,
#5434,#5435,#5436,#5437,#5438,#5439,#5440,#5441,#5442,#5443,#5444,#5445,
#5446,#5447,#5448,#5449,#5450,#5451,#5452,#5453,#5454,#5455,#5456,#5457,
#5458,#5459,#5460,#5461,#5462));
#1058=EDGE_LOOP('',(#5463));
#1059=EDGE_LOOP('',(#5464));
#1060=EDGE_LOOP('',(#5465,#5466,#5467,#5468));
#1061=EDGE_LOOP('',(#5469,#5470,#5471,#5472));
#1062=EDGE_LOOP('',(#5473,#5474,#5475,#5476));
#1063=EDGE_LOOP('',(#5477,#5478,#5479,#5480));
#1064=EDGE_LOOP('',(#5481,#5482,#5483,#5484));
#1065=EDGE_LOOP('',(#5485,#5486,#5487,#5488,#5489,#5490,#5491,#5492,#5493,
#5494,#5495,#5496,#5497,#5498,#5499,#5500,#5501,#5502,#5503,#5504));
#1066=EDGE_LOOP('',(#5505,#5506,#5507,#5508,#5509,#5510,#5511,#5512,#5513,
#5514));
#1067=EDGE_LOOP('',(#5515,#5516,#5517,#5518));
#1068=EDGE_LOOP('',(#5519,#5520,#5521,#5522));
#1069=EDGE_LOOP('',(#5523,#5524,#5525,#5526,#5527));
#1070=EDGE_LOOP('',(#5528));
#1071=EDGE_LOOP('',(#5529,#5530,#5531,#5532,#5533));
#1072=EDGE_LOOP('',(#5534));
#1073=EDGE_LOOP('',(#5535,#5536,#5537,#5538,#5539,#5540,#5541,#5542,#5543,
#5544,#5545,#5546,#5547));
#1074=EDGE_LOOP('',(#5548,#5549,#5550,#5551,#5552,#5553,#5554,#5555,#5556,
#5557,#5558,#5559,#5560,#5561,#5562,#5563));
#1075=EDGE_LOOP('',(#5564,#5565,#5566,#5567));
#1076=EDGE_LOOP('',(#5568,#5569,#5570,#5571,#5572));
#1077=EDGE_LOOP('',(#5573,#5574,#5575,#5576,#5577));
#1078=EDGE_LOOP('',(#5578,#5579,#5580,#5581,#5582,#5583));
#1079=EDGE_LOOP('',(#5584));
#1080=EDGE_LOOP('',(#5585,#5586,#5587,#5588));
#1081=EDGE_LOOP('',(#5589,#5590,#5591,#5592));
#1082=EDGE_LOOP('',(#5593,#5594,#5595,#5596));
#1083=EDGE_LOOP('',(#5597,#5598,#5599,#5600,#5601,#5602,#5603,#5604,#5605,
#5606,#5607,#5608));
#1084=EDGE_LOOP('',(#5609,#5610,#5611,#5612,#5613));
#1085=EDGE_LOOP('',(#5614,#5615,#5616,#5617,#5618));
#1086=EDGE_LOOP('',(#5619,#5620,#5621,#5622,#5623));
#1087=EDGE_LOOP('',(#5624,#5625,#5626,#5627,#5628,#5629,#5630));
#1088=EDGE_LOOP('',(#5631));
#1089=EDGE_LOOP('',(#5632,#5633,#5634,#5635));
#1090=EDGE_LOOP('',(#5636,#5637,#5638,#5639));
#1091=EDGE_LOOP('',(#5640,#5641,#5642,#5643));
#1092=EDGE_LOOP('',(#5644,#5645,#5646,#5647,#5648,#5649,#5650,#5651,#5652,
#5653,#5654,#5655,#5656,#5657,#5658,#5659,#5660,#5661,#5662,#5663,#5664,
#5665,#5666,#5667,#5668,#5669,#5670,#5671,#5672,#5673,#5674,#5675,#5676,
#5677));
#1093=EDGE_LOOP('',(#5678));
#1094=EDGE_LOOP('',(#5679));
#1095=EDGE_LOOP('',(#5680,#5681,#5682,#5683,#5684,#5685,#5686,#5687,#5688));
#1096=EDGE_LOOP('',(#5689,#5690,#5691,#5692,#5693,#5694,#5695,#5696,#5697,
#5698,#5699,#5700));
#1097=EDGE_LOOP('',(#5701,#5702,#5703,#5704));
#1098=EDGE_LOOP('',(#5705,#5706,#5707,#5708,#5709,#5710,#5711,#5712,#5713,
#5714,#5715,#5716,#5717));
#1099=EDGE_LOOP('',(#5718,#5719,#5720,#5721));
#1100=EDGE_LOOP('',(#5722,#5723,#5724,#5725,#5726,#5727));
#1101=EDGE_LOOP('',(#5728,#5729,#5730,#5731,#5732,#5733,#5734));
#1102=EDGE_LOOP('',(#5735,#5736,#5737));
#1103=EDGE_LOOP('',(#5738,#5739,#5740,#5741));
#1104=EDGE_LOOP('',(#5742,#5743,#5744,#5745,#5746,#5747,#5748,#5749));
#1105=EDGE_LOOP('',(#5750,#5751,#5752,#5753,#5754,#5755,#5756,#5757,#5758));
#1106=EDGE_LOOP('',(#5759,#5760,#5761,#5762));
#1107=EDGE_LOOP('',(#5763,#5764,#5765,#5766));
#1108=EDGE_LOOP('',(#5767));
#1109=EDGE_LOOP('',(#5768,#5769,#5770,#5771,#5772,#5773));
#1110=EDGE_LOOP('',(#5774,#5775,#5776,#5777,#5778,#5779));
#1111=EDGE_LOOP('',(#5780,#5781,#5782,#5783,#5784,#5785));
#1112=EDGE_LOOP('',(#5786));
#1113=EDGE_LOOP('',(#5787,#5788,#5789,#5790));
#1114=EDGE_LOOP('',(#5791,#5792,#5793,#5794,#5795,#5796,#5797,#5798,#5799,
#5800,#5801));
#1115=EDGE_LOOP('',(#5802,#5803,#5804,#5805));
#1116=EDGE_LOOP('',(#5806,#5807,#5808,#5809,#5810,#5811));
#1117=EDGE_LOOP('',(#5812,#5813,#5814,#5815));
#1118=EDGE_LOOP('',(#5816,#5817,#5818));
#1119=EDGE_LOOP('',(#5819,#5820,#5821));
#1120=EDGE_LOOP('',(#5822,#5823,#5824,#5825));
#1121=EDGE_LOOP('',(#5826,#5827,#5828,#5829));
#1122=EDGE_LOOP('',(#5830,#5831,#5832,#5833));
#1123=EDGE_LOOP('',(#5834,#5835,#5836,#5837));
#1124=EDGE_LOOP('',(#5838,#5839,#5840,#5841));
#1125=EDGE_LOOP('',(#5842,#5843,#5844,#5845));
#1126=EDGE_LOOP('',(#5846,#5847,#5848,#5849));
#1127=EDGE_LOOP('',(#5850,#5851,#5852,#5853,#5854,#5855));
#1128=EDGE_LOOP('',(#5856,#5857,#5858,#5859));
#1129=EDGE_LOOP('',(#5860,#5861,#5862,#5863,#5864));
#1130=EDGE_LOOP('',(#5865,#5866,#5867,#5868));
#1131=EDGE_LOOP('',(#5869,#5870,#5871,#5872));
#1132=EDGE_LOOP('',(#5873,#5874,#5875,#5876,#5877));
#1133=EDGE_LOOP('',(#5878));
#1134=EDGE_LOOP('',(#5879,#5880,#5881,#5882));
#1135=EDGE_LOOP('',(#5883,#5884,#5885,#5886));
#1136=EDGE_LOOP('',(#5887,#5888,#5889,#5890));
#1137=EDGE_LOOP('',(#5891,#5892,#5893,#5894,#5895));
#1138=EDGE_LOOP('',(#5896,#5897,#5898,#5899));
#1139=EDGE_LOOP('',(#5900,#5901,#5902,#5903));
#1140=EDGE_LOOP('',(#5904,#5905,#5906,#5907));
#1141=EDGE_LOOP('',(#5908,#5909,#5910,#5911));
#1142=EDGE_LOOP('',(#5912,#5913,#5914,#5915,#5916,#5917));
#1143=EDGE_LOOP('',(#5918,#5919,#5920,#5921,#5922));
#1144=EDGE_LOOP('',(#5923,#5924,#5925,#5926));
#1145=EDGE_LOOP('',(#5927,#5928,#5929,#5930));
#1146=EDGE_LOOP('',(#5931,#5932,#5933,#5934));
#1147=EDGE_LOOP('',(#5935,#5936,#5937,#5938));
#1148=EDGE_LOOP('',(#5939,#5940,#5941,#5942));
#1149=EDGE_LOOP('',(#5943,#5944,#5945));
#1150=EDGE_LOOP('',(#5946,#5947,#5948,#5949));
#1151=EDGE_LOOP('',(#5950,#5951,#5952,#5953));
#1152=EDGE_LOOP('',(#5954,#5955,#5956,#5957));
#1153=EDGE_LOOP('',(#5958,#5959,#5960,#5961));
#1154=EDGE_LOOP('',(#5962,#5963,#5964,#5965,#5966,#5967));
#1155=EDGE_LOOP('',(#5968));
#1156=EDGE_LOOP('',(#5969,#5970,#5971,#5972));
#1157=EDGE_LOOP('',(#5973,#5974,#5975));
#1158=EDGE_LOOP('',(#5976,#5977,#5978,#5979));
#1159=EDGE_LOOP('',(#5980,#5981,#5982,#5983,#5984,#5985));
#1160=EDGE_LOOP('',(#5986,#5987,#5988,#5989));
#1161=EDGE_LOOP('',(#5990,#5991,#5992,#5993));
#1162=EDGE_LOOP('',(#5994,#5995,#5996,#5997));
#1163=EDGE_LOOP('',(#5998,#5999,#6000,#6001));
#1164=EDGE_LOOP('',(#6002));
#1165=EDGE_LOOP('',(#6003));
#1166=EDGE_LOOP('',(#6004));
#1167=ELLIPSE('',#6497,1.4142135623731,1.);
#1168=ELLIPSE('',#6498,1.15470053837925,1.);
#1169=ELLIPSE('',#6499,1.41421356237309,1.);
#1170=ELLIPSE('',#6501,1.4142135623731,1.);
#1171=ELLIPSE('',#6502,1.4142135623731,1.);
#1172=ELLIPSE('',#6503,1.15470053837925,1.);
#1173=ELLIPSE('',#6512,0.707106781186549,0.5);
#1174=ELLIPSE('',#6513,0.707106781186546,0.5);
#1175=ELLIPSE('',#6515,0.707106781186549,0.5);
#1176=ELLIPSE('',#6517,0.707106781186546,0.5);
#1177=ELLIPSE('',#6523,0.707106781186546,0.5);
#1178=ELLIPSE('',#6524,0.707106781186546,0.5);
#1179=ELLIPSE('',#6526,0.707106781186548,0.5);
#1180=ELLIPSE('',#6528,0.707106781186546,0.5);
#1181=ELLIPSE('',#6534,0.70710678118655,0.5);
#1182=ELLIPSE('',#6535,0.707106781186547,0.5);
#1183=ELLIPSE('',#6536,0.707106781186546,0.5);
#1184=ELLIPSE('',#6538,0.707106781186545,0.5);
#1185=ELLIPSE('',#6540,0.707106781186548,0.5);
#1186=ELLIPSE('',#6545,0.707106781186545,0.5);
#1187=ELLIPSE('',#6572,1.41421356237309,1.);
#1188=ELLIPSE('',#6575,1.4142135623731,1.);
#1189=ELLIPSE('',#6577,1.15470053837925,1.);
#1190=ELLIPSE('',#6578,1.4142135623731,1.);
#1191=ELLIPSE('',#6580,1.41421356237309,1.);
#1192=ELLIPSE('',#6581,1.15470053837925,1.);
#1193=ELLIPSE('',#6587,0.551688959481246,0.5);
#1194=ELLIPSE('',#6592,0.551688959481246,0.5);
#1195=ELLIPSE('',#6595,0.551688959481246,0.5);
#1196=ELLIPSE('',#6598,0.551688959481246,0.5);
#1197=ELLIPSE('',#6602,0.551688959481246,0.5);
#1198=ELLIPSE('',#6606,0.551688959481246,0.5);
#1199=ELLIPSE('',#6611,0.707106781186547,0.5);
#1200=ELLIPSE('',#6615,0.707106781186546,0.5);
#1201=ELLIPSE('',#6617,0.707106781186548,0.5);
#1202=ELLIPSE('',#6619,0.707106781186547,0.5);
#1203=ELLIPSE('',#6620,0.707106781186545,0.5);
#1204=ELLIPSE('',#6622,0.707106781186546,0.5);
#1205=ELLIPSE('',#6624,0.707106781186548,0.5);
#1206=ELLIPSE('',#6634,0.707106781186548,0.5);
#1207=ELLIPSE('',#6635,0.707106781186548,0.5);
#1208=ELLIPSE('',#6637,0.707106781186546,0.5);
#1209=ELLIPSE('',#6639,0.707106781186546,0.5);
#1210=ELLIPSE('',#6645,0.707106781186548,0.5);
#1211=ELLIPSE('',#6646,0.707106781186547,0.5);
#1212=ELLIPSE('',#6648,0.707106781186546,0.5);
#1213=ELLIPSE('',#6650,0.707106781186547,0.5);
#1214=ELLIPSE('',#6663,0.707106781186548,0.5);
#1215=ELLIPSE('',#6675,6.,3.);
#1216=ELLIPSE('',#6726,2.26274169979695,1.6);
#1217=ELLIPSE('',#6728,2.26274169979695,1.6);
#1218=ELLIPSE('',#6730,1.61658075373095,1.4);
#1219=ELLIPSE('',#6731,1.68259059521653,1.4);
#1220=ELLIPSE('',#6742,1.5556349186104,1.1);
#1221=ELLIPSE('',#6743,1.5556349186104,1.1);
#1222=ELLIPSE('',#6745,1.66508258053467,1.25);
#1223=ELLIPSE('',#6748,1.66508258053467,1.25);
#1224=ELLIPSE('',#6759,1.5600035612495,1.25);
#1225=ELLIPSE('',#6764,1.48856754409511,1.25);
#1226=ELLIPSE('',#6769,1.50231303144333,1.25);
#1227=ELLIPSE('',#6773,1.44337567297406,1.25);
#1228=ELLIPSE('',#6816,1.4142135623731,1.);
#1229=ELLIPSE('',#6819,1.41421356237309,1.);
#1230=ELLIPSE('',#6821,1.4142135623731,1.);
#1231=ELLIPSE('',#6822,1.15470053837925,1.);
#1232=ELLIPSE('',#6824,1.15470053837925,1.);
#1233=ELLIPSE('',#6825,1.41421356237309,1.);
#1234=ELLIPSE('',#6831,0.551688959481246,0.5);
#1235=ELLIPSE('',#6834,0.551688959481246,0.5);
#1236=ELLIPSE('',#6835,0.551688959481246,0.5);
#1237=ELLIPSE('',#6836,0.551688959481246,0.5);
#1238=ELLIPSE('',#6837,0.551688959481246,0.5);
#1239=ELLIPSE('',#6838,0.551688959481246,0.5);
#1240=ELLIPSE('',#6857,0.707106781186547,0.5);
#1241=ELLIPSE('',#6862,0.707106781186546,0.5);
#1242=ELLIPSE('',#6864,0.707106781186548,0.5);
#1243=ELLIPSE('',#6866,0.707106781186545,0.5);
#1244=ELLIPSE('',#6867,0.707106781186547,0.5);
#1245=ELLIPSE('',#6869,0.707106781186546,0.5);
#1246=ELLIPSE('',#6871,0.707106781186548,0.5);
#1247=ELLIPSE('',#6881,0.707106781186548,0.5);
#1248=ELLIPSE('',#6882,0.707106781186548,0.5);
#1249=ELLIPSE('',#6884,0.707106781186546,0.5);
#1250=ELLIPSE('',#6886,0.707106781186546,0.5);
#1251=ELLIPSE('',#6892,0.707106781186547,0.5);
#1252=ELLIPSE('',#6893,0.707106781186548,0.5);
#1253=ELLIPSE('',#6895,0.707106781186546,0.5);
#1254=ELLIPSE('',#6897,0.707106781186547,0.5);
#1255=ELLIPSE('',#6910,0.707106781186548,0.5);
#1256=ELLIPSE('',#6920,6.,3.);
#1257=ELLIPSE('',#6968,1.50231303144333,1.25);
#1258=ELLIPSE('',#6971,1.44337567297406,1.25);
#1259=ELLIPSE('',#6985,2.26274169979695,1.6);
#1260=ELLIPSE('',#6987,2.26274169979695,1.6);
#1261=ELLIPSE('',#6989,1.68259059521653,1.4);
#1262=ELLIPSE('',#6990,1.61658075373095,1.4);
#1263=ELLIPSE('',#7001,1.5556349186104,1.1);
#1264=ELLIPSE('',#7002,1.5556349186104,1.1);
#1265=ELLIPSE('',#7003,1.66508258053467,1.25);
#1266=ELLIPSE('',#7007,1.66508258053467,1.25);
#1267=ELLIPSE('',#7017,1.5600035612495,1.25);
#1268=ELLIPSE('',#7022,1.48856754409511,1.25);
#1269=LINE('',#8897,#1948);
#1270=LINE('',#8901,#1949);
#1271=LINE('',#8908,#1950);
#1272=LINE('',#8912,#1951);
#1273=LINE('',#8917,#1952);
#1274=LINE('',#8921,#1953);
#1275=LINE('',#8924,#1954);
#1276=LINE('',#8925,#1955);
#1277=LINE('',#8928,#1956);
#1278=LINE('',#8930,#1957);
#1279=LINE('',#8931,#1958);
#1280=LINE('',#8934,#1959);
#1281=LINE('',#8935,#1960);
#1282=LINE('',#8939,#1961);
#1283=LINE('',#8941,#1962);
#1284=LINE('',#8943,#1963);
#1285=LINE('',#8945,#1964);
#1286=LINE('',#8947,#1965);
#1287=LINE('',#8949,#1966);
#1288=LINE('',#8951,#1967);
#1289=LINE('',#8953,#1968);
#1290=LINE('',#8955,#1969);
#1291=LINE('',#8956,#1970);
#1292=LINE('',#8960,#1971);
#1293=LINE('',#8964,#1972);
#1294=LINE('',#8968,#1973);
#1295=LINE('',#8971,#1974);
#1296=LINE('',#8974,#1975);
#1297=LINE('',#8977,#1976);
#1298=LINE('',#8979,#1977);
#1299=LINE('',#8980,#1978);
#1300=LINE('',#8983,#1979);
#1301=LINE('',#8985,#1980);
#1302=LINE('',#8986,#1981);
#1303=LINE('',#8989,#1982);
#1304=LINE('',#8990,#1983);
#1305=LINE('',#8995,#1984);
#1306=LINE('',#8999,#1985);
#1307=LINE('',#9003,#1986);
#1308=LINE('',#9006,#1987);
#1309=LINE('',#9009,#1988);
#1310=LINE('',#9012,#1989);
#1311=LINE('',#9014,#1990);
#1312=LINE('',#9015,#1991);
#1313=LINE('',#9018,#1992);
#1314=LINE('',#9020,#1993);
#1315=LINE('',#9021,#1994);
#1316=LINE('',#9024,#1995);
#1317=LINE('',#9025,#1996);
#1318=LINE('',#9030,#1997);
#1319=LINE('',#9036,#1998);
#1320=LINE('',#9040,#1999);
#1321=LINE('',#9043,#2000);
#1322=LINE('',#9046,#2001);
#1323=LINE('',#9063,#2002);
#1324=LINE('',#9086,#2003);
#1325=LINE('',#9088,#2004);
#1326=LINE('',#9091,#2005);
#1327=LINE('',#9092,#2006);
#1328=LINE('',#9095,#2007);
#1329=LINE('',#9097,#2008);
#1330=LINE('',#9098,#2009);
#1331=LINE('',#9101,#2010);
#1332=LINE('',#9102,#2011);
#1333=LINE('',#9105,#2012);
#1334=LINE('',#9106,#2013);
#1335=LINE('',#9112,#2014);
#1336=LINE('',#9113,#2015);
#1337=LINE('',#9116,#2016);
#1338=LINE('',#9121,#2017);
#1339=LINE('',#9122,#2018);
#1340=LINE('',#9124,#2019);
#1341=LINE('',#9127,#2020);
#1342=LINE('',#9128,#2021);
#1343=LINE('',#9133,#2022);
#1344=LINE('',#9134,#2023);
#1345=LINE('',#9136,#2024);
#1346=LINE('',#9139,#2025);
#1347=LINE('',#9140,#2026);
#1348=LINE('',#9142,#2027);
#1349=LINE('',#9146,#2028);
#1350=LINE('',#9148,#2029);
#1351=LINE('',#9150,#2030);
#1352=LINE('',#9151,#2031);
#1353=LINE('',#9154,#2032);
#1354=LINE('',#9156,#2033);
#1355=LINE('',#9158,#2034);
#1356=LINE('',#9160,#2035);
#1357=LINE('',#9161,#2036);
#1358=LINE('',#9165,#2037);
#1359=LINE('',#9167,#2038);
#1360=LINE('',#9169,#2039);
#1361=LINE('',#9170,#2040);
#1362=LINE('',#9173,#2041);
#1363=LINE('',#9175,#2042);
#1364=LINE('',#9177,#2043);
#1365=LINE('',#9179,#2044);
#1366=LINE('',#9181,#2045);
#1367=LINE('',#9183,#2046);
#1368=LINE('',#9187,#2047);
#1369=LINE('',#9189,#2048);
#1370=LINE('',#9191,#2049);
#1371=LINE('',#9192,#2050);
#1372=LINE('',#9198,#2051);
#1373=LINE('',#9204,#2052);
#1374=LINE('',#9210,#2053);
#1375=LINE('',#9215,#2054);
#1376=LINE('',#9218,#2055);
#1377=LINE('',#9223,#2056);
#1378=LINE('',#9225,#2057);
#1379=LINE('',#9226,#2058);
#1380=LINE('',#9229,#2059);
#1381=LINE('',#9231,#2060);
#1382=LINE('',#9232,#2061);
#1383=LINE('',#9235,#2062);
#1384=LINE('',#9236,#2063);
#1385=LINE('',#9239,#2064);
#1386=LINE('',#9241,#2065);
#1387=LINE('',#9242,#2066);
#1388=LINE('',#9248,#2067);
#1389=LINE('',#9251,#2068);
#1390=LINE('',#9254,#2069);
#1391=LINE('',#9256,#2070);
#1392=LINE('',#9257,#2071);
#1393=LINE('',#9263,#2072);
#1394=LINE('',#9269,#2073);
#1395=LINE('',#9272,#2074);
#1396=LINE('',#9274,#2075);
#1397=LINE('',#9275,#2076);
#1398=LINE('',#9281,#2077);
#1399=LINE('',#9284,#2078);
#1400=LINE('',#9286,#2079);
#1401=LINE('',#9287,#2080);
#1402=LINE('',#9293,#2081);
#1403=LINE('',#9296,#2082);
#1404=LINE('',#9299,#2083);
#1405=LINE('',#9301,#2084);
#1406=LINE('',#9302,#2085);
#1407=LINE('',#9308,#2086);
#1408=LINE('',#9314,#2087);
#1409=LINE('',#9319,#2088);
#1410=LINE('',#9322,#2089);
#1411=LINE('',#9324,#2090);
#1412=LINE('',#9326,#2091);
#1413=LINE('',#9328,#2092);
#1414=LINE('',#9330,#2093);
#1415=LINE('',#9332,#2094);
#1416=LINE('',#9334,#2095);
#1417=LINE('',#9336,#2096);
#1418=LINE('',#9338,#2097);
#1419=LINE('',#9340,#2098);
#1420=LINE('',#9344,#2099);
#1421=LINE('',#9345,#2100);
#1422=LINE('',#9348,#2101);
#1423=LINE('',#9350,#2102);
#1424=LINE('',#9352,#2103);
#1425=LINE('',#9353,#2104);
#1426=LINE('',#9355,#2105);
#1427=LINE('',#9356,#2106);
#1428=LINE('',#9360,#2107);
#1429=LINE('',#9377,#2108);
#1430=LINE('',#9381,#2109);
#1431=LINE('',#9383,#2110);
#1432=LINE('',#9387,#2111);
#1433=LINE('',#9389,#2112);
#1434=LINE('',#9395,#2113);
#1435=LINE('',#9398,#2114);
#1436=LINE('',#9402,#2115);
#1437=LINE('',#9418,#2116);
#1438=LINE('',#9424,#2117);
#1439=LINE('',#9425,#2118);
#1440=LINE('',#9427,#2119);
#1441=LINE('',#9428,#2120);
#1442=LINE('',#9430,#2121);
#1443=LINE('',#9437,#2122);
#1444=LINE('',#9441,#2123);
#1445=LINE('',#9445,#2124);
#1446=LINE('',#9447,#2125);
#1447=LINE('',#9451,#2126);
#1448=LINE('',#9453,#2127);
#1449=LINE('',#9456,#2128);
#1450=LINE('',#9457,#2129);
#1451=LINE('',#9459,#2130);
#1452=LINE('',#9460,#2131);
#1453=LINE('',#9462,#2132);
#1454=LINE('',#9467,#2133);
#1455=LINE('',#9471,#2134);
#1456=LINE('',#9475,#2135);
#1457=LINE('',#9477,#2136);
#1458=LINE('',#9481,#2137);
#1459=LINE('',#9483,#2138);
#1460=LINE('',#9486,#2139);
#1461=LINE('',#9487,#2140);
#1462=LINE('',#9489,#2141);
#1463=LINE('',#9490,#2142);
#1464=LINE('',#9492,#2143);
#1465=LINE('',#9493,#2144);
#1466=LINE('',#9500,#2145);
#1467=LINE('',#9503,#2146);
#1468=LINE('',#9514,#2147);
#1469=LINE('',#9515,#2148);
#1470=LINE('',#9517,#2149);
#1471=LINE('',#9519,#2150);
#1472=LINE('',#9520,#2151);
#1473=LINE('',#9524,#2152);
#1474=LINE('',#9527,#2153);
#1475=LINE('',#9528,#2154);
#1476=LINE('',#9531,#2155);
#1477=LINE('',#9532,#2156);
#1478=LINE('',#9535,#2157);
#1479=LINE('',#9536,#2158);
#1480=LINE('',#9537,#2159);
#1481=LINE('',#9542,#2160);
#1482=LINE('',#9552,#2161);
#1483=LINE('',#9554,#2162);
#1484=LINE('',#9556,#2163);
#1485=LINE('',#9557,#2164);
#1486=LINE('',#9560,#2165);
#1487=LINE('',#9562,#2166);
#1488=LINE('',#9563,#2167);
#1489=LINE('',#9566,#2168);
#1490=LINE('',#9568,#2169);
#1491=LINE('',#9569,#2170);
#1492=LINE('',#9571,#2171);
#1493=LINE('',#9572,#2172);
#1494=LINE('',#9574,#2173);
#1495=LINE('',#9575,#2174);
#1496=LINE('',#9580,#2175);
#1497=LINE('',#9584,#2176);
#1498=LINE('',#9587,#2177);
#1499=LINE('',#9590,#2178);
#1500=LINE('',#9591,#2179);
#1501=LINE('',#9594,#2180);
#1502=LINE('',#9596,#2181);
#1503=LINE('',#9598,#2182);
#1504=LINE('',#9600,#2183);
#1505=LINE('',#9602,#2184);
#1506=LINE('',#9604,#2185);
#1507=LINE('',#9606,#2186);
#1508=LINE('',#9607,#2187);
#1509=LINE('',#9610,#2188);
#1510=LINE('',#9611,#2189);
#1511=LINE('',#9613,#2190);
#1512=LINE('',#9615,#2191);
#1513=LINE('',#9617,#2192);
#1514=LINE('',#9619,#2193);
#1515=LINE('',#9621,#2194);
#1516=LINE('',#9623,#2195);
#1517=LINE('',#9627,#2196);
#1518=LINE('',#9629,#2197);
#1519=LINE('',#9631,#2198);
#1520=LINE('',#9633,#2199);
#1521=LINE('',#9634,#2200);
#1522=LINE('',#9638,#2201);
#1523=LINE('',#9640,#2202);
#1524=LINE('',#9642,#2203);
#1525=LINE('',#9643,#2204);
#1526=LINE('',#9646,#2205);
#1527=LINE('',#9648,#2206);
#1528=LINE('',#9650,#2207);
#1529=LINE('',#9651,#2208);
#1530=LINE('',#9654,#2209);
#1531=LINE('',#9656,#2210);
#1532=LINE('',#9658,#2211);
#1533=LINE('',#9659,#2212);
#1534=LINE('',#9662,#2213);
#1535=LINE('',#9664,#2214);
#1536=LINE('',#9665,#2215);
#1537=LINE('',#9670,#2216);
#1538=LINE('',#9671,#2217);
#1539=LINE('',#9674,#2218);
#1540=LINE('',#9675,#2219);
#1541=LINE('',#9677,#2220);
#1542=LINE('',#9679,#2221);
#1543=LINE('',#9680,#2222);
#1544=LINE('',#9681,#2223);
#1545=LINE('',#9682,#2224);
#1546=LINE('',#9685,#2225);
#1547=LINE('',#9686,#2226);
#1548=LINE('',#9691,#2227);
#1549=LINE('',#9696,#2228);
#1550=LINE('',#9700,#2229);
#1551=LINE('',#9703,#2230);
#1552=LINE('',#9705,#2231);
#1553=LINE('',#9707,#2232);
#1554=LINE('',#9708,#2233);
#1555=LINE('',#9711,#2234);
#1556=LINE('',#9712,#2235);
#1557=LINE('',#9716,#2236);
#1558=LINE('',#9719,#2237);
#1559=LINE('',#9720,#2238);
#1560=LINE('',#9723,#2239);
#1561=LINE('',#9724,#2240);
#1562=LINE('',#9727,#2241);
#1563=LINE('',#9729,#2242);
#1564=LINE('',#9740,#2243);
#1565=LINE('',#9741,#2244);
#1566=LINE('',#9744,#2245);
#1567=LINE('',#9746,#2246);
#1568=LINE('',#9747,#2247);
#1569=LINE('',#9750,#2248);
#1570=LINE('',#9751,#2249);
#1571=LINE('',#9754,#2250);
#1572=LINE('',#9755,#2251);
#1573=LINE('',#9758,#2252);
#1574=LINE('',#9759,#2253);
#1575=LINE('',#9761,#2254);
#1576=LINE('',#9762,#2255);
#1577=LINE('',#9768,#2256);
#1578=LINE('',#9774,#2257);
#1579=LINE('',#9796,#2258);
#1580=LINE('',#9798,#2259);
#1581=LINE('',#9801,#2260);
#1582=LINE('',#9805,#2261);
#1583=LINE('',#9806,#2262);
#1584=LINE('',#9810,#2263);
#1585=LINE('',#9814,#2264);
#1586=LINE('',#9816,#2265);
#1587=LINE('',#9818,#2266);
#1588=LINE('',#9819,#2267);
#1589=LINE('',#9822,#2268);
#1590=LINE('',#9841,#2269);
#1591=LINE('',#9843,#2270);
#1592=LINE('',#9844,#2271);
#1593=LINE('',#9847,#2272);
#1594=LINE('',#9849,#2273);
#1595=LINE('',#9851,#2274);
#1596=LINE('',#9853,#2275);
#1597=LINE('',#9873,#2276);
#1598=LINE('',#9876,#2277);
#1599=LINE('',#9880,#2278);
#1600=LINE('',#9885,#2279);
#1601=LINE('',#9886,#2280);
#1602=LINE('',#9917,#2281);
#1603=LINE('',#9920,#2282);
#1604=LINE('',#9961,#2283);
#1605=LINE('',#9995,#2284);
#1606=LINE('',#9999,#2285);
#1607=LINE('',#10053,#2286);
#1608=LINE('',#10056,#2287);
#1609=LINE('',#10059,#2288);
#1610=LINE('',#10063,#2289);
#1611=LINE('',#10065,#2290);
#1612=LINE('',#10067,#2291);
#1613=LINE('',#10070,#2292);
#1614=LINE('',#10073,#2293);
#1615=LINE('',#10075,#2294);
#1616=LINE('',#10080,#2295);
#1617=LINE('',#10082,#2296);
#1618=LINE('',#10084,#2297);
#1619=LINE('',#10087,#2298);
#1620=LINE('',#10090,#2299);
#1621=LINE('',#10093,#2300);
#1622=LINE('',#10097,#2301);
#1623=LINE('',#10098,#2302);
#1624=LINE('',#10103,#2303);
#1625=LINE('',#10107,#2304);
#1626=LINE('',#10110,#2305);
#1627=LINE('',#10115,#2306);
#1628=LINE('',#10118,#2307);
#1629=LINE('',#10121,#2308);
#1630=LINE('',#10124,#2309);
#1631=LINE('',#10125,#2310);
#1632=LINE('',#10129,#2311);
#1633=LINE('',#10132,#2312);
#1634=LINE('',#10133,#2313);
#1635=LINE('',#10135,#2314);
#1636=LINE('',#10136,#2315);
#1637=LINE('',#10138,#2316);
#1638=LINE('',#10140,#2317);
#1639=LINE('',#10143,#2318);
#1640=LINE('',#10147,#2319);
#1641=LINE('',#10149,#2320);
#1642=LINE('',#10151,#2321);
#1643=LINE('',#10152,#2322);
#1644=LINE('',#10155,#2323);
#1645=LINE('',#10157,#2324);
#1646=LINE('',#10159,#2325);
#1647=LINE('',#10161,#2326);
#1648=LINE('',#10162,#2327);
#1649=LINE('',#10165,#2328);
#1650=LINE('',#10167,#2329);
#1651=LINE('',#10168,#2330);
#1652=LINE('',#10171,#2331);
#1653=LINE('',#10173,#2332);
#1654=LINE('',#10174,#2333);
#1655=LINE('',#10177,#2334);
#1656=LINE('',#10179,#2335);
#1657=LINE('',#10181,#2336);
#1658=LINE('',#10183,#2337);
#1659=LINE('',#10187,#2338);
#1660=LINE('',#10189,#2339);
#1661=LINE('',#10191,#2340);
#1662=LINE('',#10193,#2341);
#1663=LINE('',#10195,#2342);
#1664=LINE('',#10196,#2343);
#1665=LINE('',#10201,#2344);
#1666=LINE('',#10202,#2345);
#1667=LINE('',#10206,#2346);
#1668=LINE('',#10212,#2347);
#1669=LINE('',#10218,#2348);
#1670=LINE('',#10220,#2349);
#1671=LINE('',#10226,#2350);
#1672=LINE('',#10228,#2351);
#1673=LINE('',#10233,#2352);
#1674=LINE('',#10234,#2353);
#1675=LINE('',#10237,#2354);
#1676=LINE('',#10239,#2355);
#1677=LINE('',#10240,#2356);
#1678=LINE('',#10243,#2357);
#1679=LINE('',#10244,#2358);
#1680=LINE('',#10247,#2359);
#1681=LINE('',#10249,#2360);
#1682=LINE('',#10250,#2361);
#1683=LINE('',#10256,#2362);
#1684=LINE('',#10259,#2363);
#1685=LINE('',#10262,#2364);
#1686=LINE('',#10263,#2365);
#1687=LINE('',#10265,#2366);
#1688=LINE('',#10269,#2367);
#1689=LINE('',#10273,#2368);
#1690=LINE('',#10277,#2369);
#1691=LINE('',#10281,#2370);
#1692=LINE('',#10284,#2371);
#1693=LINE('',#10291,#2372);
#1694=LINE('',#10292,#2373);
#1695=LINE('',#10296,#2374);
#1696=LINE('',#10301,#2375);
#1697=LINE('',#10302,#2376);
#1698=LINE('',#10304,#2377);
#1699=LINE('',#10307,#2378);
#1700=LINE('',#10310,#2379);
#1701=LINE('',#10312,#2380);
#1702=LINE('',#10315,#2381);
#1703=LINE('',#10318,#2382);
#1704=LINE('',#10321,#2383);
#1705=LINE('',#10322,#2384);
#1706=LINE('',#10325,#2385);
#1707=LINE('',#10332,#2386);
#1708=LINE('',#10337,#2387);
#1709=LINE('',#10340,#2388);
#1710=LINE('',#10342,#2389);
#1711=LINE('',#10346,#2390);
#1712=LINE('',#10348,#2391);
#1713=LINE('',#10350,#2392);
#1714=LINE('',#10352,#2393);
#1715=LINE('',#10354,#2394);
#1716=LINE('',#10356,#2395);
#1717=LINE('',#10358,#2396);
#1718=LINE('',#10360,#2397);
#1719=LINE('',#10362,#2398);
#1720=LINE('',#10363,#2399);
#1721=LINE('',#10366,#2400);
#1722=LINE('',#10368,#2401);
#1723=LINE('',#10370,#2402);
#1724=LINE('',#10371,#2403);
#1725=LINE('',#10373,#2404);
#1726=LINE('',#10374,#2405);
#1727=LINE('',#10378,#2406);
#1728=LINE('',#10382,#2407);
#1729=LINE('',#10399,#2408);
#1730=LINE('',#10402,#2409);
#1731=LINE('',#10405,#2410);
#1732=LINE('',#10410,#2411);
#1733=LINE('',#10413,#2412);
#1734=LINE('',#10415,#2413);
#1735=LINE('',#10420,#2414);
#1736=LINE('',#10423,#2415);
#1737=LINE('',#10442,#2416);
#1738=LINE('',#10443,#2417);
#1739=LINE('',#10445,#2418);
#1740=LINE('',#10446,#2419);
#1741=LINE('',#10448,#2420);
#1742=LINE('',#10455,#2421);
#1743=LINE('',#10459,#2422);
#1744=LINE('',#10463,#2423);
#1745=LINE('',#10466,#2424);
#1746=LINE('',#10469,#2425);
#1747=LINE('',#10472,#2426);
#1748=LINE('',#10474,#2427);
#1749=LINE('',#10475,#2428);
#1750=LINE('',#10477,#2429);
#1751=LINE('',#10478,#2430);
#1752=LINE('',#10480,#2431);
#1753=LINE('',#10485,#2432);
#1754=LINE('',#10489,#2433);
#1755=LINE('',#10493,#2434);
#1756=LINE('',#10496,#2435);
#1757=LINE('',#10499,#2436);
#1758=LINE('',#10502,#2437);
#1759=LINE('',#10504,#2438);
#1760=LINE('',#10505,#2439);
#1761=LINE('',#10507,#2440);
#1762=LINE('',#10508,#2441);
#1763=LINE('',#10510,#2442);
#1764=LINE('',#10511,#2443);
#1765=LINE('',#10518,#2444);
#1766=LINE('',#10521,#2445);
#1767=LINE('',#10532,#2446);
#1768=LINE('',#10533,#2447);
#1769=LINE('',#10536,#2448);
#1770=LINE('',#10537,#2449);
#1771=LINE('',#10538,#2450);
#1772=LINE('',#10541,#2451);
#1773=LINE('',#10545,#2452);
#1774=LINE('',#10546,#2453);
#1775=LINE('',#10549,#2454);
#1776=LINE('',#10550,#2455);
#1777=LINE('',#10552,#2456);
#1778=LINE('',#10553,#2457);
#1779=LINE('',#10555,#2458);
#1780=LINE('',#10557,#2459);
#1781=LINE('',#10560,#2460);
#1782=LINE('',#10561,#2461);
#1783=LINE('',#10563,#2462);
#1784=LINE('',#10566,#2463);
#1785=LINE('',#10567,#2464);
#1786=LINE('',#10572,#2465);
#1787=LINE('',#10579,#2466);
#1788=LINE('',#10581,#2467);
#1789=LINE('',#10582,#2468);
#1790=LINE('',#10584,#2469);
#1791=LINE('',#10586,#2470);
#1792=LINE('',#10588,#2471);
#1793=LINE('',#10589,#2472);
#1794=LINE('',#10590,#2473);
#1795=LINE('',#10593,#2474);
#1796=LINE('',#10594,#2475);
#1797=LINE('',#10597,#2476);
#1798=LINE('',#10598,#2477);
#1799=LINE('',#10600,#2478);
#1800=LINE('',#10605,#2479);
#1801=LINE('',#10607,#2480);
#1802=LINE('',#10609,#2481);
#1803=LINE('',#10611,#2482);
#1804=LINE('',#10612,#2483);
#1805=LINE('',#10615,#2484);
#1806=LINE('',#10617,#2485);
#1807=LINE('',#10645,#2486);
#1808=LINE('',#10646,#2487);
#1809=LINE('',#10651,#2488);
#1810=LINE('',#10655,#2489);
#1811=LINE('',#10658,#2490);
#1812=LINE('',#10661,#2491);
#1813=LINE('',#10662,#2492);
#1814=LINE('',#10665,#2493);
#1815=LINE('',#10667,#2494);
#1816=LINE('',#10669,#2495);
#1817=LINE('',#10671,#2496);
#1818=LINE('',#10673,#2497);
#1819=LINE('',#10675,#2498);
#1820=LINE('',#10677,#2499);
#1821=LINE('',#10678,#2500);
#1822=LINE('',#10681,#2501);
#1823=LINE('',#10683,#2502);
#1824=LINE('',#10684,#2503);
#1825=LINE('',#10686,#2504);
#1826=LINE('',#10690,#2505);
#1827=LINE('',#10692,#2506);
#1828=LINE('',#10694,#2507);
#1829=LINE('',#10696,#2508);
#1830=LINE('',#10698,#2509);
#1831=LINE('',#10699,#2510);
#1832=LINE('',#10701,#2511);
#1833=LINE('',#10702,#2512);
#1834=LINE('',#10706,#2513);
#1835=LINE('',#10708,#2514);
#1836=LINE('',#10710,#2515);
#1837=LINE('',#10711,#2516);
#1838=LINE('',#10714,#2517);
#1839=LINE('',#10716,#2518);
#1840=LINE('',#10718,#2519);
#1841=LINE('',#10719,#2520);
#1842=LINE('',#10722,#2521);
#1843=LINE('',#10724,#2522);
#1844=LINE('',#10726,#2523);
#1845=LINE('',#10727,#2524);
#1846=LINE('',#10730,#2525);
#1847=LINE('',#10732,#2526);
#1848=LINE('',#10733,#2527);
#1849=LINE('',#10738,#2528);
#1850=LINE('',#10739,#2529);
#1851=LINE('',#10742,#2530);
#1852=LINE('',#10743,#2531);
#1853=LINE('',#10745,#2532);
#1854=LINE('',#10747,#2533);
#1855=LINE('',#10748,#2534);
#1856=LINE('',#10749,#2535);
#1857=LINE('',#10750,#2536);
#1858=LINE('',#10753,#2537);
#1859=LINE('',#10754,#2538);
#1860=LINE('',#10759,#2539);
#1861=LINE('',#10764,#2540);
#1862=LINE('',#10768,#2541);
#1863=LINE('',#10770,#2542);
#1864=LINE('',#10772,#2543);
#1865=LINE('',#10773,#2544);
#1866=LINE('',#10775,#2545);
#1867=LINE('',#10779,#2546);
#1868=LINE('',#10780,#2547);
#1869=LINE('',#10784,#2548);
#1870=LINE('',#10787,#2549);
#1871=LINE('',#10788,#2550);
#1872=LINE('',#10791,#2551);
#1873=LINE('',#10793,#2552);
#1874=LINE('',#10797,#2553);
#1875=LINE('',#10801,#2554);
#1876=LINE('',#10805,#2555);
#1877=LINE('',#10807,#2556);
#1878=LINE('',#10811,#2557);
#1879=LINE('',#10814,#2558);
#1880=LINE('',#10824,#2559);
#1881=LINE('',#10827,#2560);
#1882=LINE('',#10829,#2561);
#1883=LINE('',#10830,#2562);
#1884=LINE('',#10833,#2563);
#1885=LINE('',#10834,#2564);
#1886=LINE('',#10837,#2565);
#1887=LINE('',#10838,#2566);
#1888=LINE('',#10841,#2567);
#1889=LINE('',#10842,#2568);
#1890=LINE('',#10844,#2569);
#1891=LINE('',#10845,#2570);
#1892=LINE('',#10849,#2571);
#1893=LINE('',#10855,#2572);
#1894=LINE('',#10877,#2573);
#1895=LINE('',#10879,#2574);
#1896=LINE('',#10884,#2575);
#1897=LINE('',#10885,#2576);
#1898=LINE('',#10888,#2577);
#1899=LINE('',#10893,#2578);
#1900=LINE('',#10895,#2579);
#1901=LINE('',#10897,#2580);
#1902=LINE('',#10898,#2581);
#1903=LINE('',#10901,#2582);
#1904=LINE('',#10903,#2583);
#1905=LINE('',#10905,#2584);
#1906=LINE('',#10907,#2585);
#1907=LINE('',#10926,#2586);
#1908=LINE('',#10945,#2587);
#1909=LINE('',#10947,#2588);
#1910=LINE('',#10948,#2589);
#1911=LINE('',#10953,#2590);
#1912=LINE('',#10955,#2591);
#1913=LINE('',#10959,#2592);
#1914=LINE('',#10961,#2593);
#1915=LINE('',#10965,#2594);
#1916=LINE('',#10995,#2595);
#1917=LINE('',#10996,#2596);
#1918=LINE('',#11037,#2597);
#1919=LINE('',#11071,#2598);
#1920=LINE('',#11075,#2599);
#1921=LINE('',#11103,#2600);
#1922=LINE('',#11105,#2601);
#1923=LINE('',#11106,#2602);
#1924=LINE('',#11108,#2603);
#1925=LINE('',#11112,#2604);
#1926=LINE('',#11118,#2605);
#1927=LINE('',#11120,#2606);
#1928=LINE('',#11122,#2607);
#1929=LINE('',#11125,#2608);
#1930=LINE('',#11128,#2609);
#1931=LINE('',#11131,#2610);
#1932=LINE('',#11134,#2611);
#1933=LINE('',#11137,#2612);
#1934=LINE('',#11141,#2613);
#1935=LINE('',#11145,#2614);
#1936=LINE('',#11149,#2615);
#1937=LINE('',#11152,#2616);
#1938=LINE('',#11157,#2617);
#1939=LINE('',#11160,#2618);
#1940=LINE('',#11163,#2619);
#1941=LINE('',#11165,#2620);
#1942=LINE('',#11169,#2621);
#1943=LINE('',#11170,#2622);
#1944=LINE('',#11173,#2623);
#1945=LINE('',#11174,#2624);
#1946=LINE('',#11180,#2625);
#1947=LINE('',#11182,#2626);
#1948=VECTOR('',#7072,10.);
#1949=VECTOR('',#7075,10.);
#1950=VECTOR('',#7082,10.);
#1951=VECTOR('',#7085,10.);
#1952=VECTOR('',#7092,10.);
#1953=VECTOR('',#7095,10.);
#1954=VECTOR('',#7100,10.);
#1955=VECTOR('',#7101,10.);
#1956=VECTOR('',#7104,10.);
#1957=VECTOR('',#7105,10.);
#1958=VECTOR('',#7106,10.);
#1959=VECTOR('',#7109,10.);
#1960=VECTOR('',#7110,10.);
#1961=VECTOR('',#7113,10.);
#1962=VECTOR('',#7114,10.);
#1963=VECTOR('',#7115,10.);
#1964=VECTOR('',#7116,10.);
#1965=VECTOR('',#7117,10.);
#1966=VECTOR('',#7118,10.);
#1967=VECTOR('',#7119,10.);
#1968=VECTOR('',#7120,10.);
#1969=VECTOR('',#7121,10.);
#1970=VECTOR('',#7122,10.);
#1971=VECTOR('',#7125,10.);
#1972=VECTOR('',#7128,10.);
#1973=VECTOR('',#7133,10.);
#1974=VECTOR('',#7136,10.);
#1975=VECTOR('',#7139,10.);
#1976=VECTOR('',#7142,10.);
#1977=VECTOR('',#7145,10.);
#1978=VECTOR('',#7146,10.);
#1979=VECTOR('',#7149,10.);
#1980=VECTOR('',#7150,10.);
#1981=VECTOR('',#7151,10.);
#1982=VECTOR('',#7154,10.);
#1983=VECTOR('',#7155,10.);
#1984=VECTOR('',#7160,10.);
#1985=VECTOR('',#7163,10.);
#1986=VECTOR('',#7168,10.);
#1987=VECTOR('',#7171,10.);
#1988=VECTOR('',#7174,10.);
#1989=VECTOR('',#7177,10.);
#1990=VECTOR('',#7180,10.);
#1991=VECTOR('',#7181,10.);
#1992=VECTOR('',#7184,10.);
#1993=VECTOR('',#7185,10.);
#1994=VECTOR('',#7186,10.);
#1995=VECTOR('',#7189,10.);
#1996=VECTOR('',#7190,10.);
#1997=VECTOR('',#7195,10.);
#1998=VECTOR('',#7200,10.);
#1999=VECTOR('',#7205,10.);
#2000=VECTOR('',#7208,10.);
#2001=VECTOR('',#7211,10.);
#2002=VECTOR('',#7212,10.);
#2003=VECTOR('',#7223,10.);
#2004=VECTOR('',#7224,10.);
#2005=VECTOR('',#7229,10.);
#2006=VECTOR('',#7230,10.);
#2007=VECTOR('',#7233,10.);
#2008=VECTOR('',#7234,10.);
#2009=VECTOR('',#7235,10.);
#2010=VECTOR('',#7238,10.);
#2011=VECTOR('',#7239,10.);
#2012=VECTOR('',#7242,10.);
#2013=VECTOR('',#7243,10.);
#2014=VECTOR('',#7250,10.);
#2015=VECTOR('',#7251,10.);
#2016=VECTOR('',#7254,0.95);
#2017=VECTOR('',#7261,10.);
#2018=VECTOR('',#7262,10.);
#2019=VECTOR('',#7265,10.);
#2020=VECTOR('',#7268,10.);
#2021=VECTOR('',#7269,10.);
#2022=VECTOR('',#7276,10.);
#2023=VECTOR('',#7277,10.);
#2024=VECTOR('',#7280,10.);
#2025=VECTOR('',#7283,10.);
#2026=VECTOR('',#7284,10.);
#2027=VECTOR('',#7287,10.);
#2028=VECTOR('',#7290,10.);
#2029=VECTOR('',#7291,10.);
#2030=VECTOR('',#7292,10.);
#2031=VECTOR('',#7293,10.);
#2032=VECTOR('',#7296,10.);
#2033=VECTOR('',#7297,10.);
#2034=VECTOR('',#7298,10.);
#2035=VECTOR('',#7299,10.);
#2036=VECTOR('',#7300,10.);
#2037=VECTOR('',#7303,10.);
#2038=VECTOR('',#7304,10.);
#2039=VECTOR('',#7305,10.);
#2040=VECTOR('',#7306,10.);
#2041=VECTOR('',#7309,10.);
#2042=VECTOR('',#7310,10.);
#2043=VECTOR('',#7311,10.);
#2044=VECTOR('',#7312,10.);
#2045=VECTOR('',#7313,10.);
#2046=VECTOR('',#7314,10.);
#2047=VECTOR('',#7317,10.);
#2048=VECTOR('',#7318,10.);
#2049=VECTOR('',#7319,10.);
#2050=VECTOR('',#7320,10.);
#2051=VECTOR('',#7325,10.);
#2052=VECTOR('',#7330,10.);
#2053=VECTOR('',#7337,10.);
#2054=VECTOR('',#7342,10.);
#2055=VECTOR('',#7345,10.);
#2056=VECTOR('',#7350,10.);
#2057=VECTOR('',#7353,10.);
#2058=VECTOR('',#7354,10.);
#2059=VECTOR('',#7357,10.);
#2060=VECTOR('',#7358,10.);
#2061=VECTOR('',#7359,10.);
#2062=VECTOR('',#7362,10.);
#2063=VECTOR('',#7363,10.);
#2064=VECTOR('',#7366,10.);
#2065=VECTOR('',#7367,10.);
#2066=VECTOR('',#7368,10.);
#2067=VECTOR('',#7373,10.);
#2068=VECTOR('',#7376,10.);
#2069=VECTOR('',#7379,10.);
#2070=VECTOR('',#7380,10.);
#2071=VECTOR('',#7381,10.);
#2072=VECTOR('',#7388,10.);
#2073=VECTOR('',#7393,10.);
#2074=VECTOR('',#7396,10.);
#2075=VECTOR('',#7399,10.);
#2076=VECTOR('',#7400,10.);
#2077=VECTOR('',#7405,10.);
#2078=VECTOR('',#7408,10.);
#2079=VECTOR('',#7411,10.);
#2080=VECTOR('',#7412,10.);
#2081=VECTOR('',#7417,10.);
#2082=VECTOR('',#7420,10.);
#2083=VECTOR('',#7423,10.);
#2084=VECTOR('',#7424,10.);
#2085=VECTOR('',#7425,10.);
#2086=VECTOR('',#7432,10.);
#2087=VECTOR('',#7437,10.);
#2088=VECTOR('',#7442,10.);
#2089=VECTOR('',#7445,10.);
#2090=VECTOR('',#7446,10.);
#2091=VECTOR('',#7447,10.);
#2092=VECTOR('',#7448,10.);
#2093=VECTOR('',#7449,10.);
#2094=VECTOR('',#7450,10.);
#2095=VECTOR('',#7451,10.);
#2096=VECTOR('',#7452,10.);
#2097=VECTOR('',#7453,10.);
#2098=VECTOR('',#7454,10.);
#2099=VECTOR('',#7457,10.);
#2100=VECTOR('',#7458,10.);
#2101=VECTOR('',#7459,10.);
#2102=VECTOR('',#7460,10.);
#2103=VECTOR('',#7461,10.);
#2104=VECTOR('',#7462,10.);
#2105=VECTOR('',#7463,10.);
#2106=VECTOR('',#7464,10.);
#2107=VECTOR('',#7467,10.);
#2108=VECTOR('',#7468,10.);
#2109=VECTOR('',#7473,10.);
#2110=VECTOR('',#7474,10.);
#2111=VECTOR('',#7479,10.);
#2112=VECTOR('',#7480,10.);
#2113=VECTOR('',#7487,10.);
#2114=VECTOR('',#7490,10.);
#2115=VECTOR('',#7493,10.);
#2116=VECTOR('',#7494,10.);
#2117=VECTOR('',#7505,10.);
#2118=VECTOR('',#7506,10.);
#2119=VECTOR('',#7509,10.);
#2120=VECTOR('',#7510,10.);
#2121=VECTOR('',#7513,10.);
#2122=VECTOR('',#7520,10.);
#2123=VECTOR('',#7523,10.);
#2124=VECTOR('',#7528,10.);
#2125=VECTOR('',#7529,10.);
#2126=VECTOR('',#7534,10.);
#2127=VECTOR('',#7535,10.);
#2128=VECTOR('',#7540,10.);
#2129=VECTOR('',#7541,10.);
#2130=VECTOR('',#7544,10.);
#2131=VECTOR('',#7545,10.);
#2132=VECTOR('',#7548,10.);
#2133=VECTOR('',#7553,10.);
#2134=VECTOR('',#7556,10.);
#2135=VECTOR('',#7561,10.);
#2136=VECTOR('',#7562,10.);
#2137=VECTOR('',#7567,10.);
#2138=VECTOR('',#7568,10.);
#2139=VECTOR('',#7573,10.);
#2140=VECTOR('',#7574,10.);
#2141=VECTOR('',#7577,10.);
#2142=VECTOR('',#7578,10.);
#2143=VECTOR('',#7581,10.);
#2144=VECTOR('',#7582,10.);
#2145=VECTOR('',#7589,10.);
#2146=VECTOR('',#7592,10.);
#2147=VECTOR('',#7605,10.);
#2148=VECTOR('',#7606,10.);
#2149=VECTOR('',#7609,10.);
#2150=VECTOR('',#7610,10.);
#2151=VECTOR('',#7611,10.);
#2152=VECTOR('',#7616,10.);
#2153=VECTOR('',#7619,10.);
#2154=VECTOR('',#7620,10.);
#2155=VECTOR('',#7623,10.);
#2156=VECTOR('',#7624,10.);
#2157=VECTOR('',#7627,10.);
#2158=VECTOR('',#7628,10.);
#2159=VECTOR('',#7629,10.);
#2160=VECTOR('',#7634,1.45);
#2161=VECTOR('',#7647,10.);
#2162=VECTOR('',#7648,10.);
#2163=VECTOR('',#7649,10.);
#2164=VECTOR('',#7650,10.);
#2165=VECTOR('',#7653,10.);
#2166=VECTOR('',#7654,10.);
#2167=VECTOR('',#7655,10.);
#2168=VECTOR('',#7658,10.);
#2169=VECTOR('',#7659,10.);
#2170=VECTOR('',#7660,10.);
#2171=VECTOR('',#7663,10.);
#2172=VECTOR('',#7664,10.);
#2173=VECTOR('',#7667,10.);
#2174=VECTOR('',#7668,10.);
#2175=VECTOR('',#7673,1.8);
#2176=VECTOR('',#7678,1.6);
#2177=VECTOR('',#7683,10.);
#2178=VECTOR('',#7686,10.);
#2179=VECTOR('',#7687,10.);
#2180=VECTOR('',#7690,10.);
#2181=VECTOR('',#7691,10.);
#2182=VECTOR('',#7692,10.);
#2183=VECTOR('',#7693,10.);
#2184=VECTOR('',#7694,10.);
#2185=VECTOR('',#7695,10.);
#2186=VECTOR('',#7696,10.);
#2187=VECTOR('',#7697,10.);
#2188=VECTOR('',#7700,10.);
#2189=VECTOR('',#7701,10.);
#2190=VECTOR('',#7702,10.);
#2191=VECTOR('',#7703,10.);
#2192=VECTOR('',#7704,10.);
#2193=VECTOR('',#7705,10.);
#2194=VECTOR('',#7706,10.);
#2195=VECTOR('',#7707,10.);
#2196=VECTOR('',#7710,10.);
#2197=VECTOR('',#7711,10.);
#2198=VECTOR('',#7712,10.);
#2199=VECTOR('',#7713,10.);
#2200=VECTOR('',#7714,10.);
#2201=VECTOR('',#7717,10.);
#2202=VECTOR('',#7718,10.);
#2203=VECTOR('',#7719,10.);
#2204=VECTOR('',#7720,10.);
#2205=VECTOR('',#7723,10.);
#2206=VECTOR('',#7724,10.);
#2207=VECTOR('',#7725,10.);
#2208=VECTOR('',#7726,10.);
#2209=VECTOR('',#7729,10.);
#2210=VECTOR('',#7730,10.);
#2211=VECTOR('',#7731,10.);
#2212=VECTOR('',#7732,10.);
#2213=VECTOR('',#7735,10.);
#2214=VECTOR('',#7736,10.);
#2215=VECTOR('',#7737,10.);
#2216=VECTOR('',#7742,10.);
#2217=VECTOR('',#7743,10.);
#2218=VECTOR('',#7746,10.);
#2219=VECTOR('',#7747,10.);
#2220=VECTOR('',#7750,10.);
#2221=VECTOR('',#7753,10.);
#2222=VECTOR('',#7754,10.);
#2223=VECTOR('',#7755,10.);
#2224=VECTOR('',#7756,10.);
#2225=VECTOR('',#7759,10.);
#2226=VECTOR('',#7760,10.);
#2227=VECTOR('',#7765,2.1);
#2228=VECTOR('',#7772,1.6);
#2229=VECTOR('',#7775,10.);
#2230=VECTOR('',#7778,10.);
#2231=VECTOR('',#7779,10.);
#2232=VECTOR('',#7780,10.);
#2233=VECTOR('',#7781,10.);
#2234=VECTOR('',#7784,10.);
#2235=VECTOR('',#7785,10.);
#2236=VECTOR('',#7790,10.);
#2237=VECTOR('',#7793,10.);
#2238=VECTOR('',#7794,10.);
#2239=VECTOR('',#7797,10.);
#2240=VECTOR('',#7798,10.);
#2241=VECTOR('',#7801,10.);
#2242=VECTOR('',#7802,10.);
#2243=VECTOR('',#7803,10.);
#2244=VECTOR('',#7804,10.);
#2245=VECTOR('',#7807,10.);
#2246=VECTOR('',#7808,10.);
#2247=VECTOR('',#7809,10.);
#2248=VECTOR('',#7812,10.);
#2249=VECTOR('',#7813,10.);
#2250=VECTOR('',#7816,10.);
#2251=VECTOR('',#7817,10.);
#2252=VECTOR('',#7820,10.);
#2253=VECTOR('',#7821,10.);
#2254=VECTOR('',#7824,10.);
#2255=VECTOR('',#7825,10.);
#2256=VECTOR('',#7832,1.6);
#2257=VECTOR('',#7839,1.6);
#2258=VECTOR('',#7848,10.);
#2259=VECTOR('',#7849,10.);
#2260=VECTOR('',#7852,10.);
#2261=VECTOR('',#7855,10.);
#2262=VECTOR('',#7856,10.);
#2263=VECTOR('',#7861,10.);
#2264=VECTOR('',#7864,10.);
#2265=VECTOR('',#7865,10.);
#2266=VECTOR('',#7866,10.);
#2267=VECTOR('',#7867,10.);
#2268=VECTOR('',#7870,10.);
#2269=VECTOR('',#7871,10.);
#2270=VECTOR('',#7872,10.);
#2271=VECTOR('',#7873,10.);
#2272=VECTOR('',#7876,10.);
#2273=VECTOR('',#7877,10.);
#2274=VECTOR('',#7878,10.);
#2275=VECTOR('',#7879,10.);
#2276=VECTOR('',#7884,10.);
#2277=VECTOR('',#7887,10.);
#2278=VECTOR('',#7892,10.);
#2279=VECTOR('',#7897,10.);
#2280=VECTOR('',#7898,10.);
#2281=VECTOR('',#7905,10.);
#2282=VECTOR('',#7908,10.);
#2283=VECTOR('',#7931,10.);
#2284=VECTOR('',#7938,10.);
#2285=VECTOR('',#7943,10.);
#2286=VECTOR('',#7948,10.);
#2287=VECTOR('',#7951,10.);
#2288=VECTOR('',#7954,10.);
#2289=VECTOR('',#7959,10.);
#2290=VECTOR('',#7962,10.);
#2291=VECTOR('',#7965,10.);
#2292=VECTOR('',#7968,10.);
#2293=VECTOR('',#7971,10.);
#2294=VECTOR('',#7974,10.);
#2295=VECTOR('',#7981,0.75);
#2296=VECTOR('',#7984,10.);
#2297=VECTOR('',#7987,10.);
#2298=VECTOR('',#7992,10.);
#2299=VECTOR('',#7997,10.);
#2300=VECTOR('',#8002,10.);
#2301=VECTOR('',#8007,10.);
#2302=VECTOR('',#8008,10.);
#2303=VECTOR('',#8013,2.7125);
#2304=VECTOR('',#8018,1.675);
#2305=VECTOR('',#8023,10.);
#2306=VECTOR('',#8030,1.675);
#2307=VECTOR('',#8033,10.);
#2308=VECTOR('',#8036,10.);
#2309=VECTOR('',#8039,10.);
#2310=VECTOR('',#8040,10.);
#2311=VECTOR('',#8043,10.);
#2312=VECTOR('',#8046,10.);
#2313=VECTOR('',#8047,10.);
#2314=VECTOR('',#8050,10.);
#2315=VECTOR('',#8051,10.);
#2316=VECTOR('',#8054,10.);
#2317=VECTOR('',#8057,10.);
#2318=VECTOR('',#8062,10.);
#2319=VECTOR('',#8065,10.);
#2320=VECTOR('',#8066,10.);
#2321=VECTOR('',#8067,10.);
#2322=VECTOR('',#8068,10.);
#2323=VECTOR('',#8071,10.);
#2324=VECTOR('',#8072,10.);
#2325=VECTOR('',#8073,10.);
#2326=VECTOR('',#8074,10.);
#2327=VECTOR('',#8075,10.);
#2328=VECTOR('',#8078,10.);
#2329=VECTOR('',#8079,10.);
#2330=VECTOR('',#8080,10.);
#2331=VECTOR('',#8083,10.);
#2332=VECTOR('',#8084,10.);
#2333=VECTOR('',#8085,10.);
#2334=VECTOR('',#8088,10.);
#2335=VECTOR('',#8089,10.);
#2336=VECTOR('',#8090,10.);
#2337=VECTOR('',#8091,10.);
#2338=VECTOR('',#8094,10.);
#2339=VECTOR('',#8095,10.);
#2340=VECTOR('',#8096,10.);
#2341=VECTOR('',#8097,10.);
#2342=VECTOR('',#8098,10.);
#2343=VECTOR('',#8099,10.);
#2344=VECTOR('',#8104,10.);
#2345=VECTOR('',#8105,10.);
#2346=VECTOR('',#8108,10.);
#2347=VECTOR('',#8113,10.);
#2348=VECTOR('',#8120,10.);
#2349=VECTOR('',#8121,10.);
#2350=VECTOR('',#8128,10.);
#2351=VECTOR('',#8129,10.);
#2352=VECTOR('',#8136,10.);
#2353=VECTOR('',#8137,10.);
#2354=VECTOR('',#8140,10.);
#2355=VECTOR('',#8141,10.);
#2356=VECTOR('',#8142,10.);
#2357=VECTOR('',#8145,10.);
#2358=VECTOR('',#8146,10.);
#2359=VECTOR('',#8149,10.);
#2360=VECTOR('',#8150,10.);
#2361=VECTOR('',#8151,10.);
#2362=VECTOR('',#8156,10.);
#2363=VECTOR('',#8159,10.);
#2364=VECTOR('',#8162,10.);
#2365=VECTOR('',#8163,10.);
#2366=VECTOR('',#8164,10.);
#2367=VECTOR('',#8167,10.);
#2368=VECTOR('',#8170,10.);
#2369=VECTOR('',#8173,10.);
#2370=VECTOR('',#8176,10.);
#2371=VECTOR('',#8179,10.);
#2372=VECTOR('',#8186,10.);
#2373=VECTOR('',#8187,10.);
#2374=VECTOR('',#8192,10.);
#2375=VECTOR('',#8197,10.);
#2376=VECTOR('',#8198,10.);
#2377=VECTOR('',#8201,10.);
#2378=VECTOR('',#8204,10.);
#2379=VECTOR('',#8207,10.);
#2380=VECTOR('',#8210,10.);
#2381=VECTOR('',#8213,10.);
#2382=VECTOR('',#8216,10.);
#2383=VECTOR('',#8219,10.);
#2384=VECTOR('',#8220,10.);
#2385=VECTOR('',#8223,10.);
#2386=VECTOR('',#8230,10.);
#2387=VECTOR('',#8235,10.);
#2388=VECTOR('',#8238,10.);
#2389=VECTOR('',#8239,10.);
#2390=VECTOR('',#8242,10.);
#2391=VECTOR('',#8243,10.);
#2392=VECTOR('',#8244,10.);
#2393=VECTOR('',#8245,10.);
#2394=VECTOR('',#8246,10.);
#2395=VECTOR('',#8247,10.);
#2396=VECTOR('',#8248,10.);
#2397=VECTOR('',#8249,10.);
#2398=VECTOR('',#8250,10.);
#2399=VECTOR('',#8251,10.);
#2400=VECTOR('',#8252,10.);
#2401=VECTOR('',#8253,10.);
#2402=VECTOR('',#8254,10.);
#2403=VECTOR('',#8255,10.);
#2404=VECTOR('',#8256,10.);
#2405=VECTOR('',#8257,10.);
#2406=VECTOR('',#8260,10.);
#2407=VECTOR('',#8263,10.);
#2408=VECTOR('',#8266,10.);
#2409=VECTOR('',#8269,10.);
#2410=VECTOR('',#8272,10.);
#2411=VECTOR('',#8277,10.);
#2412=VECTOR('',#8280,10.);
#2413=VECTOR('',#8281,10.);
#2414=VECTOR('',#8286,10.);
#2415=VECTOR('',#8289,10.);
#2416=VECTOR('',#8298,10.);
#2417=VECTOR('',#8299,10.);
#2418=VECTOR('',#8302,10.);
#2419=VECTOR('',#8303,10.);
#2420=VECTOR('',#8306,10.);
#2421=VECTOR('',#8313,10.);
#2422=VECTOR('',#8316,10.);
#2423=VECTOR('',#8321,10.);
#2424=VECTOR('',#8324,10.);
#2425=VECTOR('',#8327,10.);
#2426=VECTOR('',#8330,10.);
#2427=VECTOR('',#8333,10.);
#2428=VECTOR('',#8334,10.);
#2429=VECTOR('',#8337,10.);
#2430=VECTOR('',#8338,10.);
#2431=VECTOR('',#8341,10.);
#2432=VECTOR('',#8346,10.);
#2433=VECTOR('',#8349,10.);
#2434=VECTOR('',#8354,10.);
#2435=VECTOR('',#8357,10.);
#2436=VECTOR('',#8360,10.);
#2437=VECTOR('',#8363,10.);
#2438=VECTOR('',#8366,10.);
#2439=VECTOR('',#8367,10.);
#2440=VECTOR('',#8370,10.);
#2441=VECTOR('',#8371,10.);
#2442=VECTOR('',#8374,10.);
#2443=VECTOR('',#8375,10.);
#2444=VECTOR('',#8382,10.);
#2445=VECTOR('',#8385,10.);
#2446=VECTOR('',#8398,10.);
#2447=VECTOR('',#8399,10.);
#2448=VECTOR('',#8402,10.);
#2449=VECTOR('',#8403,10.);
#2450=VECTOR('',#8404,10.);
#2451=VECTOR('',#8407,10.);
#2452=VECTOR('',#8412,10.);
#2453=VECTOR('',#8413,10.);
#2454=VECTOR('',#8416,10.);
#2455=VECTOR('',#8417,10.);
#2456=VECTOR('',#8420,10.);
#2457=VECTOR('',#8421,10.);
#2458=VECTOR('',#8424,10.);
#2459=VECTOR('',#8427,10.);
#2460=VECTOR('',#8430,10.);
#2461=VECTOR('',#8431,10.);
#2462=VECTOR('',#8432,10.);
#2463=VECTOR('',#8435,10.);
#2464=VECTOR('',#8436,10.);
#2465=VECTOR('',#8441,1.45);
#2466=VECTOR('',#8452,10.);
#2467=VECTOR('',#8453,10.);
#2468=VECTOR('',#8454,10.);
#2469=VECTOR('',#8457,10.);
#2470=VECTOR('',#8458,10.);
#2471=VECTOR('',#8459,10.);
#2472=VECTOR('',#8460,10.);
#2473=VECTOR('',#8461,10.);
#2474=VECTOR('',#8464,10.);
#2475=VECTOR('',#8465,10.);
#2476=VECTOR('',#8468,10.);
#2477=VECTOR('',#8469,10.);
#2478=VECTOR('',#8472,10.);
#2479=VECTOR('',#8479,10.);
#2480=VECTOR('',#8480,10.);
#2481=VECTOR('',#8481,10.);
#2482=VECTOR('',#8482,10.);
#2483=VECTOR('',#8483,10.);
#2484=VECTOR('',#8486,10.);
#2485=VECTOR('',#8487,10.);
#2486=VECTOR('',#8488,10.);
#2487=VECTOR('',#8489,10.);
#2488=VECTOR('',#8494,1.8);
#2489=VECTOR('',#8499,1.6);
#2490=VECTOR('',#8504,10.);
#2491=VECTOR('',#8507,10.);
#2492=VECTOR('',#8508,10.);
#2493=VECTOR('',#8511,10.);
#2494=VECTOR('',#8512,10.);
#2495=VECTOR('',#8513,10.);
#2496=VECTOR('',#8514,10.);
#2497=VECTOR('',#8515,10.);
#2498=VECTOR('',#8516,10.);
#2499=VECTOR('',#8517,10.);
#2500=VECTOR('',#8518,10.);
#2501=VECTOR('',#8521,10.);
#2502=VECTOR('',#8522,10.);
#2503=VECTOR('',#8523,10.);
#2504=VECTOR('',#8524,10.);
#2505=VECTOR('',#8527,10.);
#2506=VECTOR('',#8528,10.);
#2507=VECTOR('',#8529,10.);
#2508=VECTOR('',#8530,10.);
#2509=VECTOR('',#8531,10.);
#2510=VECTOR('',#8532,10.);
#2511=VECTOR('',#8533,10.);
#2512=VECTOR('',#8534,10.);
#2513=VECTOR('',#8537,10.);
#2514=VECTOR('',#8538,10.);
#2515=VECTOR('',#8539,10.);
#2516=VECTOR('',#8540,10.);
#2517=VECTOR('',#8543,10.);
#2518=VECTOR('',#8544,10.);
#2519=VECTOR('',#8545,10.);
#2520=VECTOR('',#8546,10.);
#2521=VECTOR('',#8549,10.);
#2522=VECTOR('',#8550,10.);
#2523=VECTOR('',#8551,10.);
#2524=VECTOR('',#8552,10.);
#2525=VECTOR('',#8555,10.);
#2526=VECTOR('',#8556,10.);
#2527=VECTOR('',#8557,10.);
#2528=VECTOR('',#8562,10.);
#2529=VECTOR('',#8563,10.);
#2530=VECTOR('',#8566,10.);
#2531=VECTOR('',#8567,10.);
#2532=VECTOR('',#8570,10.);
#2533=VECTOR('',#8573,10.);
#2534=VECTOR('',#8574,10.);
#2535=VECTOR('',#8575,10.);
#2536=VECTOR('',#8576,10.);
#2537=VECTOR('',#8579,10.);
#2538=VECTOR('',#8580,10.);
#2539=VECTOR('',#8585,2.1);
#2540=VECTOR('',#8592,1.6);
#2541=VECTOR('',#8595,10.);
#2542=VECTOR('',#8596,10.);
#2543=VECTOR('',#8597,10.);
#2544=VECTOR('',#8598,10.);
#2545=VECTOR('',#8599,10.);
#2546=VECTOR('',#8604,10.);
#2547=VECTOR('',#8605,10.);
#2548=VECTOR('',#8610,10.);
#2549=VECTOR('',#8613,10.);
#2550=VECTOR('',#8614,10.);
#2551=VECTOR('',#8617,10.);
#2552=VECTOR('',#8618,10.);
#2553=VECTOR('',#8621,10.);
#2554=VECTOR('',#8624,10.);
#2555=VECTOR('',#8627,10.);
#2556=VECTOR('',#8630,10.);
#2557=VECTOR('',#8635,10.);
#2558=VECTOR('',#8638,10.);
#2559=VECTOR('',#8639,10.);
#2560=VECTOR('',#8642,10.);
#2561=VECTOR('',#8643,10.);
#2562=VECTOR('',#8644,10.);
#2563=VECTOR('',#8647,10.);
#2564=VECTOR('',#8648,10.);
#2565=VECTOR('',#8651,10.);
#2566=VECTOR('',#8652,10.);
#2567=VECTOR('',#8655,10.);
#2568=VECTOR('',#8656,10.);
#2569=VECTOR('',#8659,10.);
#2570=VECTOR('',#8660,10.);
#2571=VECTOR('',#8665,1.6);
#2572=VECTOR('',#8672,1.6);
#2573=VECTOR('',#8681,10.);
#2574=VECTOR('',#8682,10.);
#2575=VECTOR('',#8687,10.);
#2576=VECTOR('',#8688,10.);
#2577=VECTOR('',#8691,10.);
#2578=VECTOR('',#8696,10.);
#2579=VECTOR('',#8697,10.);
#2580=VECTOR('',#8698,10.);
#2581=VECTOR('',#8699,10.);
#2582=VECTOR('',#8702,10.);
#2583=VECTOR('',#8703,10.);
#2584=VECTOR('',#8704,10.);
#2585=VECTOR('',#8705,10.);
#2586=VECTOR('',#8708,10.);
#2587=VECTOR('',#8709,10.);
#2588=VECTOR('',#8710,10.);
#2589=VECTOR('',#8711,10.);
#2590=VECTOR('',#8716,10.);
#2591=VECTOR('',#8719,10.);
#2592=VECTOR('',#8724,10.);
#2593=VECTOR('',#8725,10.);
#2594=VECTOR('',#8730,10.);
#2595=VECTOR('',#8737,10.);
#2596=VECTOR('',#8738,10.);
#2597=VECTOR('',#8761,10.);
#2598=VECTOR('',#8768,10.);
#2599=VECTOR('',#8773,10.);
#2600=VECTOR('',#8778,10.);
#2601=VECTOR('',#8781,10.);
#2602=VECTOR('',#8782,10.);
#2603=VECTOR('',#8785,10.);
#2604=VECTOR('',#8792,10.);
#2605=VECTOR('',#8801,0.75);
#2606=VECTOR('',#8804,10.);
#2607=VECTOR('',#8807,10.);
#2608=VECTOR('',#8812,10.);
#2609=VECTOR('',#8817,10.);
#2610=VECTOR('',#8822,10.);
#2611=VECTOR('',#8827,10.);
#2612=VECTOR('',#8830,2.7125);
#2613=VECTOR('',#8835,1.675);
#2614=VECTOR('',#8840,2.7125);
#2615=VECTOR('',#8845,1.675);
#2616=VECTOR('',#8850,10.);
#2617=VECTOR('',#8857,1.675);
#2618=VECTOR('',#8860,10.);
#2619=VECTOR('',#8863,10.);
#2620=VECTOR('',#8866,10.);
#2621=VECTOR('',#8869,10.);
#2622=VECTOR('',#8870,10.);
#2623=VECTOR('',#8875,10.);
#2624=VECTOR('',#8876,10.);
#2625=VECTOR('',#8887,10.);
#2626=VECTOR('',#8890,10.);
#2627=VERTEX_POINT('',#8895);
#2628=VERTEX_POINT('',#8896);
#2629=VERTEX_POINT('',#8898);
#2630=VERTEX_POINT('',#8900);
#2631=VERTEX_POINT('',#8902);
#2632=VERTEX_POINT('',#8906);
#2633=VERTEX_POINT('',#8907);
#2634=VERTEX_POINT('',#8909);
#2635=VERTEX_POINT('',#8911);
#2636=VERTEX_POINT('',#8913);
#2637=VERTEX_POINT('',#8918);
#2638=VERTEX_POINT('',#8920);
#2639=VERTEX_POINT('',#8927);
#2640=VERTEX_POINT('',#8929);
#2641=VERTEX_POINT('',#8933);
#2642=VERTEX_POINT('',#8937);
#2643=VERTEX_POINT('',#8938);
#2644=VERTEX_POINT('',#8940);
#2645=VERTEX_POINT('',#8942);
#2646=VERTEX_POINT('',#8944);
#2647=VERTEX_POINT('',#8946);
#2648=VERTEX_POINT('',#8948);
#2649=VERTEX_POINT('',#8950);
#2650=VERTEX_POINT('',#8952);
#2651=VERTEX_POINT('',#8954);
#2652=VERTEX_POINT('',#8958);
#2653=VERTEX_POINT('',#8959);
#2654=VERTEX_POINT('',#8961);
#2655=VERTEX_POINT('',#8963);
#2656=VERTEX_POINT('',#8967);
#2657=VERTEX_POINT('',#8969);
#2658=VERTEX_POINT('',#8973);
#2659=VERTEX_POINT('',#8975);
#2660=VERTEX_POINT('',#8982);
#2661=VERTEX_POINT('',#8984);
#2662=VERTEX_POINT('',#8988);
#2663=VERTEX_POINT('',#8993);
#2664=VERTEX_POINT('',#8994);
#2665=VERTEX_POINT('',#8996);
#2666=VERTEX_POINT('',#8998);
#2667=VERTEX_POINT('',#9002);
#2668=VERTEX_POINT('',#9004);
#2669=VERTEX_POINT('',#9008);
#2670=VERTEX_POINT('',#9010);
#2671=VERTEX_POINT('',#9017);
#2672=VERTEX_POINT('',#9019);
#2673=VERTEX_POINT('',#9023);
#2674=VERTEX_POINT('',#9028);
#2675=VERTEX_POINT('',#9029);
#2676=VERTEX_POINT('',#9031);
#2677=VERTEX_POINT('',#9033);
#2678=VERTEX_POINT('',#9035);
#2679=VERTEX_POINT('',#9039);
#2680=VERTEX_POINT('',#9041);
#2681=VERTEX_POINT('',#9045);
#2682=VERTEX_POINT('',#9047);
#2683=VERTEX_POINT('',#9062);
#2684=VERTEX_POINT('',#9066);
#2685=VERTEX_POINT('',#9068);
#2686=VERTEX_POINT('',#9085);
#2687=VERTEX_POINT('',#9087);
#2688=VERTEX_POINT('',#9094);
#2689=VERTEX_POINT('',#9096);
#2690=VERTEX_POINT('',#9100);
#2691=VERTEX_POINT('',#9104);
#2692=VERTEX_POINT('',#9108);
#2693=VERTEX_POINT('',#9111);
#2694=VERTEX_POINT('',#9115);
#2695=VERTEX_POINT('',#9120);
#2696=VERTEX_POINT('',#9126);
#2697=VERTEX_POINT('',#9132);
#2698=VERTEX_POINT('',#9138);
#2699=VERTEX_POINT('',#9144);
#2700=VERTEX_POINT('',#9145);
#2701=VERTEX_POINT('',#9147);
#2702=VERTEX_POINT('',#9149);
#2703=VERTEX_POINT('',#9153);
#2704=VERTEX_POINT('',#9155);
#2705=VERTEX_POINT('',#9157);
#2706=VERTEX_POINT('',#9159);
#2707=VERTEX_POINT('',#9163);
#2708=VERTEX_POINT('',#9164);
#2709=VERTEX_POINT('',#9166);
#2710=VERTEX_POINT('',#9168);
#2711=VERTEX_POINT('',#9172);
#2712=VERTEX_POINT('',#9174);
#2713=VERTEX_POINT('',#9176);
#2714=VERTEX_POINT('',#9178);
#2715=VERTEX_POINT('',#9180);
#2716=VERTEX_POINT('',#9182);
#2717=VERTEX_POINT('',#9184);
#2718=VERTEX_POINT('',#9186);
#2719=VERTEX_POINT('',#9188);
#2720=VERTEX_POINT('',#9190);
#2721=VERTEX_POINT('',#9193);
#2722=VERTEX_POINT('',#9196);
#2723=VERTEX_POINT('',#9197);
#2724=VERTEX_POINT('',#9199);
#2725=VERTEX_POINT('',#9201);
#2726=VERTEX_POINT('',#9203);
#2727=VERTEX_POINT('',#9205);
#2728=VERTEX_POINT('',#9209);
#2729=VERTEX_POINT('',#9211);
#2730=VERTEX_POINT('',#9213);
#2731=VERTEX_POINT('',#9217);
#2732=VERTEX_POINT('',#9219);
#2733=VERTEX_POINT('',#9221);
#2734=VERTEX_POINT('',#9228);
#2735=VERTEX_POINT('',#9230);
#2736=VERTEX_POINT('',#9234);
#2737=VERTEX_POINT('',#9238);
#2738=VERTEX_POINT('',#9240);
#2739=VERTEX_POINT('',#9244);
#2740=VERTEX_POINT('',#9245);
#2741=VERTEX_POINT('',#9247);
#2742=VERTEX_POINT('',#9249);
#2743=VERTEX_POINT('',#9253);
#2744=VERTEX_POINT('',#9255);
#2745=VERTEX_POINT('',#9259);
#2746=VERTEX_POINT('',#9261);
#2747=VERTEX_POINT('',#9265);
#2748=VERTEX_POINT('',#9266);
#2749=VERTEX_POINT('',#9268);
#2750=VERTEX_POINT('',#9270);
#2751=VERTEX_POINT('',#9277);
#2752=VERTEX_POINT('',#9278);
#2753=VERTEX_POINT('',#9280);
#2754=VERTEX_POINT('',#9282);
#2755=VERTEX_POINT('',#9289);
#2756=VERTEX_POINT('',#9290);
#2757=VERTEX_POINT('',#9292);
#2758=VERTEX_POINT('',#9294);
#2759=VERTEX_POINT('',#9298);
#2760=VERTEX_POINT('',#9300);
#2761=VERTEX_POINT('',#9304);
#2762=VERTEX_POINT('',#9306);
#2763=VERTEX_POINT('',#9310);
#2764=VERTEX_POINT('',#9311);
#2765=VERTEX_POINT('',#9313);
#2766=VERTEX_POINT('',#9315);
#2767=VERTEX_POINT('',#9317);
#2768=VERTEX_POINT('',#9321);
#2769=VERTEX_POINT('',#9323);
#2770=VERTEX_POINT('',#9325);
#2771=VERTEX_POINT('',#9327);
#2772=VERTEX_POINT('',#9329);
#2773=VERTEX_POINT('',#9331);
#2774=VERTEX_POINT('',#9333);
#2775=VERTEX_POINT('',#9335);
#2776=VERTEX_POINT('',#9337);
#2777=VERTEX_POINT('',#9339);
#2778=VERTEX_POINT('',#9341);
#2779=VERTEX_POINT('',#9343);
#2780=VERTEX_POINT('',#9346);
#2781=VERTEX_POINT('',#9347);
#2782=VERTEX_POINT('',#9349);
#2783=VERTEX_POINT('',#9351);
#2784=VERTEX_POINT('',#9354);
#2785=VERTEX_POINT('',#9358);
#2786=VERTEX_POINT('',#9359);
#2787=VERTEX_POINT('',#9361);
#2788=VERTEX_POINT('',#9376);
#2789=VERTEX_POINT('',#9380);
#2790=VERTEX_POINT('',#9382);
#2791=VERTEX_POINT('',#9386);
#2792=VERTEX_POINT('',#9388);
#2793=VERTEX_POINT('',#9390);
#2794=VERTEX_POINT('',#9394);
#2795=VERTEX_POINT('',#9396);
#2796=VERTEX_POINT('',#9400);
#2797=VERTEX_POINT('',#9401);
#2798=VERTEX_POINT('',#9403);
#2799=VERTEX_POINT('',#9432);
#2800=VERTEX_POINT('',#9435);
#2801=VERTEX_POINT('',#9436);
#2802=VERTEX_POINT('',#9438);
#2803=VERTEX_POINT('',#9440);
#2804=VERTEX_POINT('',#9444);
#2805=VERTEX_POINT('',#9446);
#2806=VERTEX_POINT('',#9450);
#2807=VERTEX_POINT('',#9452);
#2808=VERTEX_POINT('',#9465);
#2809=VERTEX_POINT('',#9466);
#2810=VERTEX_POINT('',#9468);
#2811=VERTEX_POINT('',#9470);
#2812=VERTEX_POINT('',#9474);
#2813=VERTEX_POINT('',#9476);
#2814=VERTEX_POINT('',#9480);
#2815=VERTEX_POINT('',#9482);
#2816=VERTEX_POINT('',#9496);
#2817=VERTEX_POINT('',#9497);
#2818=VERTEX_POINT('',#9499);
#2819=VERTEX_POINT('',#9501);
#2820=VERTEX_POINT('',#9505);
#2821=VERTEX_POINT('',#9506);
#2822=VERTEX_POINT('',#9511);
#2823=VERTEX_POINT('',#9512);
#2824=VERTEX_POINT('',#9518);
#2825=VERTEX_POINT('',#9522);
#2826=VERTEX_POINT('',#9526);
#2827=VERTEX_POINT('',#9530);
#2828=VERTEX_POINT('',#9534);
#2829=VERTEX_POINT('',#9539);
#2830=VERTEX_POINT('',#9541);
#2831=VERTEX_POINT('',#9546);
#2832=VERTEX_POINT('',#9547);
#2833=VERTEX_POINT('',#9551);
#2834=VERTEX_POINT('',#9553);
#2835=VERTEX_POINT('',#9555);
#2836=VERTEX_POINT('',#9559);
#2837=VERTEX_POINT('',#9561);
#2838=VERTEX_POINT('',#9565);
#2839=VERTEX_POINT('',#9567);
#2840=VERTEX_POINT('',#9577);
#2841=VERTEX_POINT('',#9579);
#2842=VERTEX_POINT('',#9583);
#2843=VERTEX_POINT('',#9589);
#2844=VERTEX_POINT('',#9593);
#2845=VERTEX_POINT('',#9595);
#2846=VERTEX_POINT('',#9597);
#2847=VERTEX_POINT('',#9599);
#2848=VERTEX_POINT('',#9601);
#2849=VERTEX_POINT('',#9603);
#2850=VERTEX_POINT('',#9605);
#2851=VERTEX_POINT('',#9609);
#2852=VERTEX_POINT('',#9612);
#2853=VERTEX_POINT('',#9614);
#2854=VERTEX_POINT('',#9616);
#2855=VERTEX_POINT('',#9618);
#2856=VERTEX_POINT('',#9620);
#2857=VERTEX_POINT('',#9622);
#2858=VERTEX_POINT('',#9624);
#2859=VERTEX_POINT('',#9626);
#2860=VERTEX_POINT('',#9628);
#2861=VERTEX_POINT('',#9630);
#2862=VERTEX_POINT('',#9632);
#2863=VERTEX_POINT('',#9636);
#2864=VERTEX_POINT('',#9637);
#2865=VERTEX_POINT('',#9639);
#2866=VERTEX_POINT('',#9641);
#2867=VERTEX_POINT('',#9645);
#2868=VERTEX_POINT('',#9647);
#2869=VERTEX_POINT('',#9649);
#2870=VERTEX_POINT('',#9653);
#2871=VERTEX_POINT('',#9655);
#2872=VERTEX_POINT('',#9657);
#2873=VERTEX_POINT('',#9661);
#2874=VERTEX_POINT('',#9663);
#2875=VERTEX_POINT('',#9666);
#2876=VERTEX_POINT('',#9669);
#2877=VERTEX_POINT('',#9673);
#2878=VERTEX_POINT('',#9684);
#2879=VERTEX_POINT('',#9688);
#2880=VERTEX_POINT('',#9690);
#2881=VERTEX_POINT('',#9692);
#2882=VERTEX_POINT('',#9698);
#2883=VERTEX_POINT('',#9699);
#2884=VERTEX_POINT('',#9701);
#2885=VERTEX_POINT('',#9704);
#2886=VERTEX_POINT('',#9706);
#2887=VERTEX_POINT('',#9710);
#2888=VERTEX_POINT('',#9714);
#2889=VERTEX_POINT('',#9718);
#2890=VERTEX_POINT('',#9722);
#2891=VERTEX_POINT('',#9726);
#2892=VERTEX_POINT('',#9728);
#2893=VERTEX_POINT('',#9730);
#2894=VERTEX_POINT('',#9739);
#2895=VERTEX_POINT('',#9743);
#2896=VERTEX_POINT('',#9745);
#2897=VERTEX_POINT('',#9749);
#2898=VERTEX_POINT('',#9753);
#2899=VERTEX_POINT('',#9757);
#2900=VERTEX_POINT('',#9765);
#2901=VERTEX_POINT('',#9767);
#2902=VERTEX_POINT('',#9771);
#2903=VERTEX_POINT('',#9773);
#2904=VERTEX_POINT('',#9775);
#2905=VERTEX_POINT('',#9777);
#2906=VERTEX_POINT('',#9784);
#2907=VERTEX_POINT('',#9786);
#2908=VERTEX_POINT('',#9795);
#2909=VERTEX_POINT('',#9797);
#2910=VERTEX_POINT('',#9799);
#2911=VERTEX_POINT('',#9802);
#2912=VERTEX_POINT('',#9804);
#2913=VERTEX_POINT('',#9808);
#2914=VERTEX_POINT('',#9812);
#2915=VERTEX_POINT('',#9813);
#2916=VERTEX_POINT('',#9815);
#2917=VERTEX_POINT('',#9817);
#2918=VERTEX_POINT('',#9821);
#2919=VERTEX_POINT('',#9823);
#2920=VERTEX_POINT('',#9840);
#2921=VERTEX_POINT('',#9842);
#2922=VERTEX_POINT('',#9846);
#2923=VERTEX_POINT('',#9848);
#2924=VERTEX_POINT('',#9850);
#2925=VERTEX_POINT('',#9852);
#2926=VERTEX_POINT('',#9871);
#2927=VERTEX_POINT('',#9874);
#2928=VERTEX_POINT('',#9879);
#2929=VERTEX_POINT('',#9882);
#2930=VERTEX_POINT('',#9884);
#2931=VERTEX_POINT('',#9912);
#2932=VERTEX_POINT('',#9916);
#2933=VERTEX_POINT('',#9918);
#2934=VERTEX_POINT('',#9946);
#2935=VERTEX_POINT('',#9950);
#2936=VERTEX_POINT('',#9955);
#2937=VERTEX_POINT('',#9959);
#2938=VERTEX_POINT('',#9997);
#2939=VERTEX_POINT('',#10025);
#2940=VERTEX_POINT('',#10055);
#2941=VERTEX_POINT('',#10057);
#2942=VERTEX_POINT('',#10061);
#2943=VERTEX_POINT('',#10069);
#2944=VERTEX_POINT('',#10071);
#2945=VERTEX_POINT('',#10077);
#2946=VERTEX_POINT('',#10096);
#2947=VERTEX_POINT('',#10100);
#2948=VERTEX_POINT('',#10102);
#2949=VERTEX_POINT('',#10106);
#2950=VERTEX_POINT('',#10113);
#2951=VERTEX_POINT('',#10117);
#2952=VERTEX_POINT('',#10119);
#2953=VERTEX_POINT('',#10123);
#2954=VERTEX_POINT('',#10127);
#2955=VERTEX_POINT('',#10128);
#2956=VERTEX_POINT('',#10130);
#2957=VERTEX_POINT('',#10145);
#2958=VERTEX_POINT('',#10146);
#2959=VERTEX_POINT('',#10148);
#2960=VERTEX_POINT('',#10150);
#2961=VERTEX_POINT('',#10154);
#2962=VERTEX_POINT('',#10156);
#2963=VERTEX_POINT('',#10158);
#2964=VERTEX_POINT('',#10160);
#2965=VERTEX_POINT('',#10164);
#2966=VERTEX_POINT('',#10166);
#2967=VERTEX_POINT('',#10170);
#2968=VERTEX_POINT('',#10172);
#2969=VERTEX_POINT('',#10176);
#2970=VERTEX_POINT('',#10178);
#2971=VERTEX_POINT('',#10180);
#2972=VERTEX_POINT('',#10182);
#2973=VERTEX_POINT('',#10184);
#2974=VERTEX_POINT('',#10186);
#2975=VERTEX_POINT('',#10188);
#2976=VERTEX_POINT('',#10190);
#2977=VERTEX_POINT('',#10192);
#2978=VERTEX_POINT('',#10194);
#2979=VERTEX_POINT('',#10197);
#2980=VERTEX_POINT('',#10200);
#2981=VERTEX_POINT('',#10204);
#2982=VERTEX_POINT('',#10205);
#2983=VERTEX_POINT('',#10207);
#2984=VERTEX_POINT('',#10209);
#2985=VERTEX_POINT('',#10211);
#2986=VERTEX_POINT('',#10213);
#2987=VERTEX_POINT('',#10217);
#2988=VERTEX_POINT('',#10219);
#2989=VERTEX_POINT('',#10221);
#2990=VERTEX_POINT('',#10225);
#2991=VERTEX_POINT('',#10227);
#2992=VERTEX_POINT('',#10229);
#2993=VERTEX_POINT('',#10236);
#2994=VERTEX_POINT('',#10238);
#2995=VERTEX_POINT('',#10242);
#2996=VERTEX_POINT('',#10246);
#2997=VERTEX_POINT('',#10248);
#2998=VERTEX_POINT('',#10252);
#2999=VERTEX_POINT('',#10253);
#3000=VERTEX_POINT('',#10255);
#3001=VERTEX_POINT('',#10257);
#3002=VERTEX_POINT('',#10261);
#3003=VERTEX_POINT('',#10264);
#3004=VERTEX_POINT('',#10266);
#3005=VERTEX_POINT('',#10268);
#3006=VERTEX_POINT('',#10270);
#3007=VERTEX_POINT('',#10272);
#3008=VERTEX_POINT('',#10274);
#3009=VERTEX_POINT('',#10276);
#3010=VERTEX_POINT('',#10278);
#3011=VERTEX_POINT('',#10280);
#3012=VERTEX_POINT('',#10282);
#3013=VERTEX_POINT('',#10285);
#3014=VERTEX_POINT('',#10287);
#3015=VERTEX_POINT('',#10290);
#3016=VERTEX_POINT('',#10294);
#3017=VERTEX_POINT('',#10298);
#3018=VERTEX_POINT('',#10299);
#3019=VERTEX_POINT('',#10306);
#3020=VERTEX_POINT('',#10308);
#3021=VERTEX_POINT('',#10314);
#3022=VERTEX_POINT('',#10316);
#3023=VERTEX_POINT('',#10320);
#3024=VERTEX_POINT('',#10324);
#3025=VERTEX_POINT('',#10328);
#3026=VERTEX_POINT('',#10329);
#3027=VERTEX_POINT('',#10331);
#3028=VERTEX_POINT('',#10333);
#3029=VERTEX_POINT('',#10335);
#3030=VERTEX_POINT('',#10339);
#3031=VERTEX_POINT('',#10341);
#3032=VERTEX_POINT('',#10343);
#3033=VERTEX_POINT('',#10345);
#3034=VERTEX_POINT('',#10347);
#3035=VERTEX_POINT('',#10349);
#3036=VERTEX_POINT('',#10351);
#3037=VERTEX_POINT('',#10353);
#3038=VERTEX_POINT('',#10355);
#3039=VERTEX_POINT('',#10357);
#3040=VERTEX_POINT('',#10359);
#3041=VERTEX_POINT('',#10361);
#3042=VERTEX_POINT('',#10364);
#3043=VERTEX_POINT('',#10365);
#3044=VERTEX_POINT('',#10367);
#3045=VERTEX_POINT('',#10369);
#3046=VERTEX_POINT('',#10372);
#3047=VERTEX_POINT('',#10376);
#3048=VERTEX_POINT('',#10377);
#3049=VERTEX_POINT('',#10379);
#3050=VERTEX_POINT('',#10381);
#3051=VERTEX_POINT('',#10398);
#3052=VERTEX_POINT('',#10400);
#3053=VERTEX_POINT('',#10404);
#3054=VERTEX_POINT('',#10406);
#3055=VERTEX_POINT('',#10408);
#3056=VERTEX_POINT('',#10412);
#3057=VERTEX_POINT('',#10414);
#3058=VERTEX_POINT('',#10418);
#3059=VERTEX_POINT('',#10419);
#3060=VERTEX_POINT('',#10422);
#3061=VERTEX_POINT('',#10450);
#3062=VERTEX_POINT('',#10453);
#3063=VERTEX_POINT('',#10454);
#3064=VERTEX_POINT('',#10456);
#3065=VERTEX_POINT('',#10458);
#3066=VERTEX_POINT('',#10462);
#3067=VERTEX_POINT('',#10464);
#3068=VERTEX_POINT('',#10468);
#3069=VERTEX_POINT('',#10470);
#3070=VERTEX_POINT('',#10483);
#3071=VERTEX_POINT('',#10484);
#3072=VERTEX_POINT('',#10486);
#3073=VERTEX_POINT('',#10488);
#3074=VERTEX_POINT('',#10492);
#3075=VERTEX_POINT('',#10494);
#3076=VERTEX_POINT('',#10498);
#3077=VERTEX_POINT('',#10500);
#3078=VERTEX_POINT('',#10514);
#3079=VERTEX_POINT('',#10515);
#3080=VERTEX_POINT('',#10517);
#3081=VERTEX_POINT('',#10519);
#3082=VERTEX_POINT('',#10523);
#3083=VERTEX_POINT('',#10524);
#3084=VERTEX_POINT('',#10529);
#3085=VERTEX_POINT('',#10530);
#3086=VERTEX_POINT('',#10535);
#3087=VERTEX_POINT('',#10540);
#3088=VERTEX_POINT('',#10544);
#3089=VERTEX_POINT('',#10548);
#3090=VERTEX_POINT('',#10559);
#3091=VERTEX_POINT('',#10562);
#3092=VERTEX_POINT('',#10564);
#3093=VERTEX_POINT('',#10569);
#3094=VERTEX_POINT('',#10571);
#3095=VERTEX_POINT('',#10578);
#3096=VERTEX_POINT('',#10580);
#3097=VERTEX_POINT('',#10585);
#3098=VERTEX_POINT('',#10587);
#3099=VERTEX_POINT('',#10592);
#3100=VERTEX_POINT('',#10596);
#3101=VERTEX_POINT('',#10604);
#3102=VERTEX_POINT('',#10606);
#3103=VERTEX_POINT('',#10608);
#3104=VERTEX_POINT('',#10610);
#3105=VERTEX_POINT('',#10614);
#3106=VERTEX_POINT('',#10616);
#3107=VERTEX_POINT('',#10618);
#3108=VERTEX_POINT('',#10644);
#3109=VERTEX_POINT('',#10648);
#3110=VERTEX_POINT('',#10650);
#3111=VERTEX_POINT('',#10654);
#3112=VERTEX_POINT('',#10660);
#3113=VERTEX_POINT('',#10664);
#3114=VERTEX_POINT('',#10666);
#3115=VERTEX_POINT('',#10668);
#3116=VERTEX_POINT('',#10670);
#3117=VERTEX_POINT('',#10672);
#3118=VERTEX_POINT('',#10674);
#3119=VERTEX_POINT('',#10676);
#3120=VERTEX_POINT('',#10680);
#3121=VERTEX_POINT('',#10682);
#3122=VERTEX_POINT('',#10685);
#3123=VERTEX_POINT('',#10687);
#3124=VERTEX_POINT('',#10689);
#3125=VERTEX_POINT('',#10691);
#3126=VERTEX_POINT('',#10693);
#3127=VERTEX_POINT('',#10695);
#3128=VERTEX_POINT('',#10697);
#3129=VERTEX_POINT('',#10700);
#3130=VERTEX_POINT('',#10704);
#3131=VERTEX_POINT('',#10705);
#3132=VERTEX_POINT('',#10707);
#3133=VERTEX_POINT('',#10709);
#3134=VERTEX_POINT('',#10713);
#3135=VERTEX_POINT('',#10715);
#3136=VERTEX_POINT('',#10717);
#3137=VERTEX_POINT('',#10721);
#3138=VERTEX_POINT('',#10723);
#3139=VERTEX_POINT('',#10725);
#3140=VERTEX_POINT('',#10729);
#3141=VERTEX_POINT('',#10731);
#3142=VERTEX_POINT('',#10734);
#3143=VERTEX_POINT('',#10737);
#3144=VERTEX_POINT('',#10741);
#3145=VERTEX_POINT('',#10752);
#3146=VERTEX_POINT('',#10756);
#3147=VERTEX_POINT('',#10758);
#3148=VERTEX_POINT('',#10760);
#3149=VERTEX_POINT('',#10766);
#3150=VERTEX_POINT('',#10767);
#3151=VERTEX_POINT('',#10769);
#3152=VERTEX_POINT('',#10771);
#3153=VERTEX_POINT('',#10774);
#3154=VERTEX_POINT('',#10778);
#3155=VERTEX_POINT('',#10782);
#3156=VERTEX_POINT('',#10786);
#3157=VERTEX_POINT('',#10790);
#3158=VERTEX_POINT('',#10792);
#3159=VERTEX_POINT('',#10794);
#3160=VERTEX_POINT('',#10796);
#3161=VERTEX_POINT('',#10798);
#3162=VERTEX_POINT('',#10800);
#3163=VERTEX_POINT('',#10802);
#3164=VERTEX_POINT('',#10804);
#3165=VERTEX_POINT('',#10808);
#3166=VERTEX_POINT('',#10813);
#3167=VERTEX_POINT('',#10815);
#3168=VERTEX_POINT('',#10826);
#3169=VERTEX_POINT('',#10828);
#3170=VERTEX_POINT('',#10832);
#3171=VERTEX_POINT('',#10836);
#3172=VERTEX_POINT('',#10840);
#3173=VERTEX_POINT('',#10848);
#3174=VERTEX_POINT('',#10852);
#3175=VERTEX_POINT('',#10854);
#3176=VERTEX_POINT('',#10856);
#3177=VERTEX_POINT('',#10858);
#3178=VERTEX_POINT('',#10865);
#3179=VERTEX_POINT('',#10867);
#3180=VERTEX_POINT('',#10876);
#3181=VERTEX_POINT('',#10878);
#3182=VERTEX_POINT('',#10881);
#3183=VERTEX_POINT('',#10883);
#3184=VERTEX_POINT('',#10887);
#3185=VERTEX_POINT('',#10891);
#3186=VERTEX_POINT('',#10892);
#3187=VERTEX_POINT('',#10894);
#3188=VERTEX_POINT('',#10896);
#3189=VERTEX_POINT('',#10900);
#3190=VERTEX_POINT('',#10902);
#3191=VERTEX_POINT('',#10904);
#3192=VERTEX_POINT('',#10906);
#3193=VERTEX_POINT('',#10925);
#3194=VERTEX_POINT('',#10927);
#3195=VERTEX_POINT('',#10944);
#3196=VERTEX_POINT('',#10946);
#3197=VERTEX_POINT('',#10950);
#3198=VERTEX_POINT('',#10952);
#3199=VERTEX_POINT('',#10958);
#3200=VERTEX_POINT('',#10960);
#3201=VERTEX_POINT('',#10963);
#3202=VERTEX_POINT('',#10991);
#3203=VERTEX_POINT('',#11022);
#3204=VERTEX_POINT('',#11026);
#3205=VERTEX_POINT('',#11031);
#3206=VERTEX_POINT('',#11035);
#3207=VERTEX_POINT('',#11073);
#3208=VERTEX_POINT('',#11115);
#3209=VERTEX_POINT('',#11136);
#3210=VERTEX_POINT('',#11140);
#3211=VERTEX_POINT('',#11144);
#3212=VERTEX_POINT('',#11148);
#3213=VERTEX_POINT('',#11155);
#3214=VERTEX_POINT('',#11159);
#3215=VERTEX_POINT('',#11161);
#3216=VERTEX_POINT('',#11167);
#3217=VERTEX_POINT('',#11168);
#3218=EDGE_CURVE('',#2627,#2628,#1269,.T.);
#3219=EDGE_CURVE('',#2628,#2629,#1167,.T.);
#3220=EDGE_CURVE('',#2629,#2630,#1270,.T.);
#3221=EDGE_CURVE('',#2630,#2631,#1168,.T.);
#3222=EDGE_CURVE('',#2631,#2627,#1169,.T.);
#3223=EDGE_CURVE('',#2632,#2633,#1271,.T.);
#3224=EDGE_CURVE('',#2633,#2634,#1170,.T.);
#3225=EDGE_CURVE('',#2634,#2635,#1272,.T.);
#3226=EDGE_CURVE('',#2636,#2635,#1171,.T.);
#3227=EDGE_CURVE('',#2636,#2632,#1172,.T.);
#3228=EDGE_CURVE('',#2628,#2634,#1273,.T.);
#3229=EDGE_CURVE('',#2633,#2637,#301,.T.);
#3230=EDGE_CURVE('',#2637,#2638,#1274,.T.);
#3231=EDGE_CURVE('',#2638,#2629,#302,.T.);
#3232=EDGE_CURVE('',#2635,#2627,#1275,.T.);
#3233=EDGE_CURVE('',#2631,#2636,#1276,.T.);
#3234=EDGE_CURVE('',#2639,#2632,#1277,.T.);
#3235=EDGE_CURVE('',#2640,#2639,#1278,.T.);
#3236=EDGE_CURVE('',#2640,#2637,#1279,.T.);
#3237=EDGE_CURVE('',#2641,#2630,#1280,.T.);
#3238=EDGE_CURVE('',#2639,#2641,#1281,.T.);
#3239=EDGE_CURVE('',#2642,#2643,#1282,.T.);
#3240=EDGE_CURVE('',#2644,#2642,#1283,.T.);
#3241=EDGE_CURVE('',#2645,#2644,#1284,.T.);
#3242=EDGE_CURVE('',#2645,#2646,#1285,.T.);
#3243=EDGE_CURVE('',#2646,#2647,#1286,.T.);
#3244=EDGE_CURVE('',#2647,#2648,#1287,.T.);
#3245=EDGE_CURVE('',#2649,#2648,#1288,.T.);
#3246=EDGE_CURVE('',#2650,#2649,#1289,.T.);
#3247=EDGE_CURVE('',#2650,#2651,#1290,.T.);
#3248=EDGE_CURVE('',#2651,#2643,#1291,.T.);
#3249=EDGE_CURVE('',#2652,#2653,#1292,.T.);
#3250=EDGE_CURVE('',#2653,#2654,#1173,.T.);
#3251=EDGE_CURVE('',#2654,#2655,#1293,.T.);
#3252=EDGE_CURVE('',#2652,#2655,#1174,.T.);
#3253=EDGE_CURVE('',#2653,#2656,#1294,.T.);
#3254=EDGE_CURVE('',#2656,#2657,#1175,.T.);
#3255=EDGE_CURVE('',#2657,#2654,#1295,.T.);
#3256=EDGE_CURVE('',#2656,#2658,#1296,.T.);
#3257=EDGE_CURVE('',#2658,#2659,#1176,.T.);
#3258=EDGE_CURVE('',#2659,#2657,#1297,.T.);
#3259=EDGE_CURVE('',#2655,#2659,#1298,.T.);
#3260=EDGE_CURVE('',#2658,#2652,#1299,.T.);
#3261=EDGE_CURVE('',#2660,#2655,#1300,.T.);
#3262=EDGE_CURVE('',#2661,#2660,#1301,.T.);
#3263=EDGE_CURVE('',#2661,#2659,#1302,.T.);
#3264=EDGE_CURVE('',#2662,#2654,#1303,.T.);
#3265=EDGE_CURVE('',#2660,#2662,#1304,.T.);
#3266=EDGE_CURVE('',#2663,#2664,#1305,.T.);
#3267=EDGE_CURVE('',#2664,#2665,#1177,.T.);
#3268=EDGE_CURVE('',#2665,#2666,#1306,.T.);
#3269=EDGE_CURVE('',#2663,#2666,#1178,.T.);
#3270=EDGE_CURVE('',#2664,#2667,#1307,.T.);
#3271=EDGE_CURVE('',#2667,#2668,#1179,.T.);
#3272=EDGE_CURVE('',#2668,#2665,#1308,.T.);
#3273=EDGE_CURVE('',#2667,#2669,#1309,.T.);
#3274=EDGE_CURVE('',#2669,#2670,#1180,.T.);
#3275=EDGE_CURVE('',#2670,#2668,#1310,.T.);
#3276=EDGE_CURVE('',#2666,#2670,#1311,.T.);
#3277=EDGE_CURVE('',#2669,#2663,#1312,.T.);
#3278=EDGE_CURVE('',#2671,#2666,#1313,.T.);
#3279=EDGE_CURVE('',#2672,#2671,#1314,.T.);
#3280=EDGE_CURVE('',#2672,#2670,#1315,.T.);
#3281=EDGE_CURVE('',#2673,#2665,#1316,.T.);
#3282=EDGE_CURVE('',#2671,#2673,#1317,.T.);
#3283=EDGE_CURVE('',#2674,#2675,#1318,.T.);
#3284=EDGE_CURVE('',#2675,#2676,#1181,.T.);
#3285=EDGE_CURVE('',#2676,#2677,#1182,.T.);
#3286=EDGE_CURVE('',#2677,#2678,#1319,.T.);
#3287=EDGE_CURVE('',#2674,#2678,#1183,.T.);
#3288=EDGE_CURVE('',#2675,#2679,#1320,.T.);
#3289=EDGE_CURVE('',#2679,#2680,#1184,.T.);
#3290=EDGE_CURVE('',#2680,#2676,#1321,.T.);
#3291=EDGE_CURVE('',#2679,#2681,#1322,.T.);
#3292=EDGE_CURVE('',#2681,#2682,#39,.T.);
#3293=EDGE_CURVE('',#2682,#2683,#1323,.T.);
#3294=EDGE_CURVE('',#2683,#2680,#1185,.T.);
#3295=EDGE_CURVE('',#2681,#2684,#303,.T.);
#3296=EDGE_CURVE('',#2684,#2685,#40,.T.);
#3297=EDGE_CURVE('',#2685,#2682,#304,.T.);
#3298=EDGE_CURVE('',#2686,#2685,#1324,.T.);
#3299=EDGE_CURVE('',#2684,#2687,#1325,.T.);
#3300=EDGE_CURVE('',#2687,#2686,#1186,.T.);
#3301=EDGE_CURVE('',#2678,#2686,#1326,.T.);
#3302=EDGE_CURVE('',#2687,#2674,#1327,.T.);
#3303=EDGE_CURVE('',#2688,#2686,#1328,.T.);
#3304=EDGE_CURVE('',#2689,#2688,#1329,.T.);
#3305=EDGE_CURVE('',#2689,#2685,#1330,.T.);
#3306=EDGE_CURVE('',#2690,#2678,#1331,.T.);
#3307=EDGE_CURVE('',#2688,#2690,#1332,.T.);
#3308=EDGE_CURVE('',#2691,#2677,#1333,.T.);
#3309=EDGE_CURVE('',#2690,#2691,#1334,.T.);
#3310=EDGE_CURVE('',#2692,#2692,#305,.T.);
#3311=EDGE_CURVE('',#2683,#2693,#1335,.T.);
#3312=EDGE_CURVE('',#2691,#2693,#1336,.T.);
#3313=EDGE_CURVE('',#2692,#2694,#1337,.T.);
#3314=EDGE_CURVE('',#2694,#2694,#306,.T.);
#3315=EDGE_CURVE('',#2695,#2672,#1338,.T.);
#3316=EDGE_CURVE('',#2695,#2668,#1339,.T.);
#3317=EDGE_CURVE('',#2673,#2695,#1340,.T.);
#3318=EDGE_CURVE('',#2696,#2682,#1341,.T.);
#3319=EDGE_CURVE('',#2693,#2696,#1342,.T.);
#3320=EDGE_CURVE('',#2696,#2689,#307,.T.);
#3321=EDGE_CURVE('',#2697,#2661,#1343,.T.);
#3322=EDGE_CURVE('',#2697,#2657,#1344,.T.);
#3323=EDGE_CURVE('',#2662,#2697,#1345,.T.);
#3324=EDGE_CURVE('',#2698,#2640,#1346,.T.);
#3325=EDGE_CURVE('',#2698,#2638,#1347,.T.);
#3326=EDGE_CURVE('',#2641,#2698,#1348,.T.);
#3327=EDGE_CURVE('',#2699,#2700,#1349,.T.);
#3328=EDGE_CURVE('',#2701,#2699,#1350,.T.);
#3329=EDGE_CURVE('',#2702,#2701,#1351,.T.);
#3330=EDGE_CURVE('',#2700,#2702,#1352,.T.);
#3331=EDGE_CURVE('',#2703,#2702,#1353,.T.);
#3332=EDGE_CURVE('',#2703,#2704,#1354,.T.);
#3333=EDGE_CURVE('',#2705,#2704,#1355,.T.);
#3334=EDGE_CURVE('',#2706,#2705,#1356,.T.);
#3335=EDGE_CURVE('',#2700,#2706,#1357,.T.);
#3336=EDGE_CURVE('',#2707,#2708,#1358,.T.);
#3337=EDGE_CURVE('',#2707,#2709,#1359,.T.);
#3338=EDGE_CURVE('',#2710,#2709,#1360,.T.);
#3339=EDGE_CURVE('',#2710,#2708,#1361,.T.);
#3340=EDGE_CURVE('',#2711,#2710,#1362,.T.);
#3341=EDGE_CURVE('',#2712,#2711,#1363,.T.);
#3342=EDGE_CURVE('',#2712,#2713,#1364,.T.);
#3343=EDGE_CURVE('',#2714,#2713,#1365,.T.);
#3344=EDGE_CURVE('',#2715,#2714,#1366,.T.);
#3345=EDGE_CURVE('',#2715,#2716,#1367,.T.);
#3346=EDGE_CURVE('',#2717,#2716,#308,.T.);
#3347=EDGE_CURVE('',#2718,#2717,#1368,.T.);
#3348=EDGE_CURVE('',#2719,#2718,#1369,.T.);
#3349=EDGE_CURVE('',#2720,#2719,#1370,.T.);
#3350=EDGE_CURVE('',#2708,#2720,#1371,.T.);
#3351=EDGE_CURVE('',#2721,#2721,#309,.T.);
#3352=EDGE_CURVE('',#2722,#2723,#1372,.T.);
#3353=EDGE_CURVE('',#2724,#2722,#1187,.T.);
#3354=EDGE_CURVE('',#2725,#2724,#310,.T.);
#3355=EDGE_CURVE('',#2726,#2725,#1373,.T.);
#3356=EDGE_CURVE('',#2727,#2726,#311,.T.);
#3357=EDGE_CURVE('',#2723,#2727,#1188,.T.);
#3358=EDGE_CURVE('',#2728,#2727,#1374,.T.);
#3359=EDGE_CURVE('',#2729,#2728,#1189,.T.);
#3360=EDGE_CURVE('',#2729,#2730,#1190,.T.);
#3361=EDGE_CURVE('',#2723,#2730,#1375,.T.);
#3362=EDGE_CURVE('',#2731,#2722,#1376,.T.);
#3363=EDGE_CURVE('',#2732,#2731,#1191,.T.);
#3364=EDGE_CURVE('',#2733,#2732,#1192,.T.);
#3365=EDGE_CURVE('',#2724,#2733,#1377,.T.);
#3366=EDGE_CURVE('',#2730,#2731,#1378,.T.);
#3367=EDGE_CURVE('',#2732,#2729,#1379,.T.);
#3368=EDGE_CURVE('',#2734,#2733,#1380,.T.);
#3369=EDGE_CURVE('',#2734,#2735,#1381,.T.);
#3370=EDGE_CURVE('',#2735,#2725,#1382,.T.);
#3371=EDGE_CURVE('',#2735,#2736,#1383,.T.);
#3372=EDGE_CURVE('',#2736,#2726,#1384,.T.);
#3373=EDGE_CURVE('',#2649,#2737,#1385,.T.);
#3374=EDGE_CURVE('',#2648,#2738,#1386,.T.);
#3375=EDGE_CURVE('',#2738,#2737,#1387,.T.);
#3376=EDGE_CURVE('',#2739,#2740,#1193,.T.);
#3377=EDGE_CURVE('',#2741,#2739,#1388,.T.);
#3378=EDGE_CURVE('',#2742,#2741,#312,.F.);
#3379=EDGE_CURVE('',#2740,#2742,#1389,.T.);
#3380=EDGE_CURVE('',#2739,#2743,#1390,.T.);
#3381=EDGE_CURVE('',#2743,#2744,#1391,.T.);
#3382=EDGE_CURVE('',#2741,#2744,#1392,.T.);
#3383=EDGE_CURVE('',#2745,#2744,#313,.T.);
#3384=EDGE_CURVE('',#2746,#2743,#1194,.T.);
#3385=EDGE_CURVE('',#2745,#2746,#1393,.T.);
#3386=EDGE_CURVE('',#2747,#2748,#314,.T.);
#3387=EDGE_CURVE('',#2749,#2748,#1394,.T.);
#3388=EDGE_CURVE('',#2750,#2749,#1195,.T.);
#3389=EDGE_CURVE('',#2747,#2750,#1395,.T.);
#3390=EDGE_CURVE('',#2746,#2749,#1396,.T.);
#3391=EDGE_CURVE('',#2745,#2748,#1397,.T.);
#3392=EDGE_CURVE('',#2751,#2752,#1196,.T.);
#3393=EDGE_CURVE('',#2753,#2751,#1398,.T.);
#3394=EDGE_CURVE('',#2754,#2753,#315,.F.);
#3395=EDGE_CURVE('',#2752,#2754,#1399,.T.);
#3396=EDGE_CURVE('',#2750,#2752,#1400,.T.);
#3397=EDGE_CURVE('',#2747,#2754,#1401,.T.);
#3398=EDGE_CURVE('',#2755,#2756,#1197,.T.);
#3399=EDGE_CURVE('',#2757,#2755,#1402,.T.);
#3400=EDGE_CURVE('',#2758,#2757,#316,.F.);
#3401=EDGE_CURVE('',#2756,#2758,#1403,.T.);
#3402=EDGE_CURVE('',#2759,#2758,#1404,.T.);
#3403=EDGE_CURVE('',#2759,#2760,#1405,.T.);
#3404=EDGE_CURVE('',#2760,#2756,#1406,.T.);
#3405=EDGE_CURVE('',#2760,#2761,#1198,.T.);
#3406=EDGE_CURVE('',#2762,#2759,#317,.F.);
#3407=EDGE_CURVE('',#2761,#2762,#1407,.T.);
#3408=EDGE_CURVE('',#2763,#2764,#318,.T.);
#3409=EDGE_CURVE('',#2765,#2763,#1408,.T.);
#3410=EDGE_CURVE('',#2765,#2766,#319,.F.);
#3411=EDGE_CURVE('',#2767,#2766,#1199,.T.);
#3412=EDGE_CURVE('',#2764,#2767,#1409,.T.);
#3413=EDGE_CURVE('',#2763,#2768,#1410,.T.);
#3414=EDGE_CURVE('',#2769,#2768,#1411,.T.);
#3415=EDGE_CURVE('',#2770,#2769,#1412,.T.);
#3416=EDGE_CURVE('',#2770,#2771,#1413,.T.);
#3417=EDGE_CURVE('',#2771,#2772,#1414,.T.);
#3418=EDGE_CURVE('',#2773,#2772,#1415,.T.);
#3419=EDGE_CURVE('',#2774,#2773,#1416,.T.);
#3420=EDGE_CURVE('',#2775,#2774,#1417,.T.);
#3421=EDGE_CURVE('',#2775,#2776,#1418,.T.);
#3422=EDGE_CURVE('',#2777,#2776,#1419,.T.);
#3423=EDGE_CURVE('',#2778,#2777,#320,.T.);
#3424=EDGE_CURVE('',#2779,#2778,#1420,.T.);
#3425=EDGE_CURVE('',#2765,#2779,#1421,.T.);
#3426=EDGE_CURVE('',#2780,#2781,#1422,.T.);
#3427=EDGE_CURVE('',#2782,#2780,#1423,.T.);
#3428=EDGE_CURVE('',#2783,#2782,#1424,.T.);
#3429=EDGE_CURVE('',#2781,#2783,#1425,.T.);
#3430=EDGE_CURVE('',#2784,#2734,#1426,.T.);
#3431=EDGE_CURVE('',#2736,#2784,#1427,.T.);
#3432=EDGE_CURVE('',#2785,#2786,#1428,.T.);
#3433=EDGE_CURVE('',#2785,#2787,#41,.T.);
#3434=EDGE_CURVE('',#2788,#2787,#1429,.T.);
#3435=EDGE_CURVE('',#2786,#2788,#1200,.T.);
#3436=EDGE_CURVE('',#2786,#2789,#1430,.T.);
#3437=EDGE_CURVE('',#2790,#2788,#1431,.T.);
#3438=EDGE_CURVE('',#2789,#2790,#1201,.T.);
#3439=EDGE_CURVE('',#2789,#2791,#1432,.T.);
#3440=EDGE_CURVE('',#2792,#2790,#1433,.T.);
#3441=EDGE_CURVE('',#2793,#2792,#1202,.T.);
#3442=EDGE_CURVE('',#2791,#2793,#1203,.T.);
#3443=EDGE_CURVE('',#2794,#2793,#1434,.T.);
#3444=EDGE_CURVE('',#2795,#2794,#1204,.T.);
#3445=EDGE_CURVE('',#2791,#2795,#1435,.T.);
#3446=EDGE_CURVE('',#2796,#2797,#1436,.T.);
#3447=EDGE_CURVE('',#2798,#2796,#42,.T.);
#3448=EDGE_CURVE('',#2795,#2798,#1437,.T.);
#3449=EDGE_CURVE('',#2797,#2794,#1205,.T.);
#3450=EDGE_CURVE('',#2787,#2796,#321,.T.);
#3451=EDGE_CURVE('',#2798,#2785,#322,.T.);
#3452=EDGE_CURVE('',#2777,#2787,#1438,.T.);
#3453=EDGE_CURVE('',#2776,#2788,#1439,.T.);
#3454=EDGE_CURVE('',#2776,#2763,#1440,.T.);
#3455=EDGE_CURVE('',#2764,#2790,#1441,.T.);
#3456=EDGE_CURVE('',#2767,#2792,#1442,.T.);
#3457=EDGE_CURVE('',#2799,#2799,#323,.T.);
#3458=EDGE_CURVE('',#2800,#2801,#1443,.T.);
#3459=EDGE_CURVE('',#2800,#2802,#1206,.T.);
#3460=EDGE_CURVE('',#2803,#2802,#1444,.T.);
#3461=EDGE_CURVE('',#2801,#2803,#1207,.T.);
#3462=EDGE_CURVE('',#2801,#2804,#1445,.T.);
#3463=EDGE_CURVE('',#2805,#2803,#1446,.T.);
#3464=EDGE_CURVE('',#2804,#2805,#1208,.T.);
#3465=EDGE_CURVE('',#2804,#2806,#1447,.T.);
#3466=EDGE_CURVE('',#2807,#2805,#1448,.T.);
#3467=EDGE_CURVE('',#2806,#2807,#1209,.T.);
#3468=EDGE_CURVE('',#2802,#2807,#1449,.T.);
#3469=EDGE_CURVE('',#2806,#2800,#1450,.T.);
#3470=EDGE_CURVE('',#2783,#2807,#1451,.T.);
#3471=EDGE_CURVE('',#2782,#2802,#1452,.T.);
#3472=EDGE_CURVE('',#2780,#2803,#1453,.T.);
#3473=EDGE_CURVE('',#2808,#2809,#1454,.T.);
#3474=EDGE_CURVE('',#2808,#2810,#1210,.T.);
#3475=EDGE_CURVE('',#2811,#2810,#1455,.T.);
#3476=EDGE_CURVE('',#2809,#2811,#1211,.T.);
#3477=EDGE_CURVE('',#2809,#2812,#1456,.T.);
#3478=EDGE_CURVE('',#2813,#2811,#1457,.T.);
#3479=EDGE_CURVE('',#2812,#2813,#1212,.T.);
#3480=EDGE_CURVE('',#2812,#2814,#1458,.T.);
#3481=EDGE_CURVE('',#2815,#2813,#1459,.T.);
#3482=EDGE_CURVE('',#2814,#2815,#1213,.T.);
#3483=EDGE_CURVE('',#2810,#2815,#1460,.T.);
#3484=EDGE_CURVE('',#2814,#2808,#1461,.T.);
#3485=EDGE_CURVE('',#2773,#2815,#1462,.T.);
#3486=EDGE_CURVE('',#2772,#2810,#1463,.T.);
#3487=EDGE_CURVE('',#2772,#2775,#1464,.T.);
#3488=EDGE_CURVE('',#2775,#2811,#1465,.T.);
#3489=EDGE_CURVE('',#2816,#2817,#324,.T.);
#3490=EDGE_CURVE('',#2818,#2816,#1466,.T.);
#3491=EDGE_CURVE('',#2819,#2818,#325,.F.);
#3492=EDGE_CURVE('',#2817,#2819,#1467,.T.);
#3493=EDGE_CURVE('',#2820,#2821,#326,.T.);
#3494=EDGE_CURVE('',#2816,#2820,#327,.T.);
#3495=EDGE_CURVE('',#2821,#2817,#328,.T.);
#3496=EDGE_CURVE('',#2822,#2823,#1214,.F.);
#3497=EDGE_CURVE('',#2820,#2822,#1468,.T.);
#3498=EDGE_CURVE('',#2823,#2821,#1469,.T.);
#3499=EDGE_CURVE('',#2822,#2706,#1470,.T.);
#3500=EDGE_CURVE('',#2705,#2824,#1471,.T.);
#3501=EDGE_CURVE('',#2824,#2820,#1472,.T.);
#3502=EDGE_CURVE('',#2825,#2824,#329,.T.);
#3503=EDGE_CURVE('',#2816,#2825,#1473,.T.);
#3504=EDGE_CURVE('',#2826,#2825,#1474,.T.);
#3505=EDGE_CURVE('',#2826,#2818,#1475,.T.);
#3506=EDGE_CURVE('',#2766,#2827,#1476,.T.);
#3507=EDGE_CURVE('',#2797,#2827,#1477,.T.);
#3508=EDGE_CURVE('',#2828,#2769,#1478,.T.);
#3509=EDGE_CURVE('',#2828,#2720,#1479,.T.);
#3510=EDGE_CURVE('',#2770,#2720,#1480,.T.);
#3511=EDGE_CURVE('',#2829,#2829,#330,.T.);
#3512=EDGE_CURVE('',#2829,#2830,#1481,.T.);
#3513=EDGE_CURVE('',#2830,#2830,#331,.T.);
#3514=EDGE_CURVE('',#2831,#2832,#1215,.T.);
#3515=EDGE_CURVE('',#2832,#2831,#332,.T.);
#3516=EDGE_CURVE('',#2755,#2833,#1482,.T.);
#3517=EDGE_CURVE('',#2833,#2834,#1483,.T.);
#3518=EDGE_CURVE('',#2834,#2835,#1484,.T.);
#3519=EDGE_CURVE('',#2757,#2835,#1485,.T.);
#3520=EDGE_CURVE('',#2836,#2715,#1486,.T.);
#3521=EDGE_CURVE('',#2837,#2714,#1487,.T.);
#3522=EDGE_CURVE('',#2836,#2837,#1488,.T.);
#3523=EDGE_CURVE('',#2838,#2836,#1489,.T.);
#3524=EDGE_CURVE('',#2839,#2837,#1490,.T.);
#3525=EDGE_CURVE('',#2838,#2839,#1491,.T.);
#3526=EDGE_CURVE('',#2834,#2838,#1492,.T.);
#3527=EDGE_CURVE('',#2835,#2839,#1493,.T.);
#3528=EDGE_CURVE('',#2751,#2761,#1494,.T.);
#3529=EDGE_CURVE('',#2753,#2762,#1495,.T.);
#3530=EDGE_CURVE('',#2840,#2840,#333,.T.);
#3531=EDGE_CURVE('',#2840,#2841,#1496,.T.);
#3532=EDGE_CURVE('',#2841,#2841,#334,.T.);
#3533=EDGE_CURVE('',#2841,#2842,#1497,.T.);
#3534=EDGE_CURVE('',#2842,#2842,#335,.T.);
#3535=EDGE_CURVE('',#2704,#2826,#1498,.T.);
#3536=EDGE_CURVE('',#2819,#2843,#1499,.T.);
#3537=EDGE_CURVE('',#2843,#2823,#1500,.T.);
#3538=EDGE_CURVE('',#2703,#2844,#1501,.T.);
#3539=EDGE_CURVE('',#2845,#2844,#1502,.T.);
#3540=EDGE_CURVE('',#2845,#2846,#1503,.T.);
#3541=EDGE_CURVE('',#2847,#2846,#1504,.T.);
#3542=EDGE_CURVE('',#2848,#2847,#1505,.T.);
#3543=EDGE_CURVE('',#2849,#2848,#1506,.T.);
#3544=EDGE_CURVE('',#2850,#2849,#1507,.T.);
#3545=EDGE_CURVE('',#2843,#2850,#1508,.T.);
#3546=EDGE_CURVE('',#2651,#2851,#1509,.T.);
#3547=EDGE_CURVE('',#2737,#2851,#1510,.T.);
#3548=EDGE_CURVE('',#2852,#2738,#1511,.T.);
#3549=EDGE_CURVE('',#2853,#2852,#1512,.T.);
#3550=EDGE_CURVE('',#2854,#2853,#1513,.T.);
#3551=EDGE_CURVE('',#2855,#2854,#1514,.T.);
#3552=EDGE_CURVE('',#2856,#2855,#1515,.T.);
#3553=EDGE_CURVE('',#2857,#2856,#1516,.T.);
#3554=EDGE_CURVE('',#2858,#2857,#336,.T.);
#3555=EDGE_CURVE('',#2859,#2858,#1517,.T.);
#3556=EDGE_CURVE('',#2860,#2859,#1518,.T.);
#3557=EDGE_CURVE('',#2861,#2860,#1519,.T.);
#3558=EDGE_CURVE('',#2862,#2861,#1520,.T.);
#3559=EDGE_CURVE('',#2643,#2862,#1521,.T.);
#3560=EDGE_CURVE('',#2863,#2864,#1522,.T.);
#3561=EDGE_CURVE('',#2865,#2864,#1523,.T.);
#3562=EDGE_CURVE('',#2866,#2865,#1524,.T.);
#3563=EDGE_CURVE('',#2863,#2866,#1525,.T.);
#3564=EDGE_CURVE('',#2864,#2867,#1526,.T.);
#3565=EDGE_CURVE('',#2867,#2868,#1527,.T.);
#3566=EDGE_CURVE('',#2869,#2868,#1528,.T.);
#3567=EDGE_CURVE('',#2865,#2869,#1529,.T.);
#3568=EDGE_CURVE('',#2868,#2870,#1530,.T.);
#3569=EDGE_CURVE('',#2870,#2871,#1531,.T.);
#3570=EDGE_CURVE('',#2872,#2871,#1532,.T.);
#3571=EDGE_CURVE('',#2869,#2872,#1533,.T.);
#3572=EDGE_CURVE('',#2873,#2866,#1534,.T.);
#3573=EDGE_CURVE('',#2872,#2874,#1535,.T.);
#3574=EDGE_CURVE('',#2874,#2873,#1536,.T.);
#3575=EDGE_CURVE('',#2875,#2875,#337,.T.);
#3576=EDGE_CURVE('',#2871,#2876,#1537,.T.);
#3577=EDGE_CURVE('',#2874,#2876,#1538,.T.);
#3578=EDGE_CURVE('',#2876,#2877,#1539,.T.);
#3579=EDGE_CURVE('',#2873,#2877,#1540,.T.);
#3580=EDGE_CURVE('',#2877,#2863,#1541,.T.);
#3581=EDGE_CURVE('',#2867,#2844,#1542,.F.);
#3582=EDGE_CURVE('',#2701,#2770,#1543,.T.);
#3583=EDGE_CURVE('',#2856,#2719,#1544,.T.);
#3584=EDGE_CURVE('',#2855,#2870,#1545,.F.);
#3585=EDGE_CURVE('',#2699,#2878,#1546,.T.);
#3586=EDGE_CURVE('',#2771,#2878,#1547,.T.);
#3587=EDGE_CURVE('',#2879,#2879,#338,.T.);
#3588=EDGE_CURVE('',#2879,#2880,#1548,.T.);
#3589=EDGE_CURVE('',#2881,#2880,#339,.T.);
#3590=EDGE_CURVE('',#2880,#2881,#340,.T.);
#3591=EDGE_CURVE('',#2881,#2875,#1549,.T.);
#3592=EDGE_CURVE('',#2882,#2883,#1550,.T.);
#3593=EDGE_CURVE('',#2883,#2884,#341,.T.);
#3594=EDGE_CURVE('',#2884,#2848,#1551,.T.);
#3595=EDGE_CURVE('',#2847,#2885,#1552,.T.);
#3596=EDGE_CURVE('',#2885,#2886,#1553,.T.);
#3597=EDGE_CURVE('',#2882,#2886,#1554,.T.);
#3598=EDGE_CURVE('',#2887,#2849,#1555,.T.);
#3599=EDGE_CURVE('',#2887,#2884,#1556,.T.);
#3600=EDGE_CURVE('',#2888,#2887,#342,.T.);
#3601=EDGE_CURVE('',#2888,#2883,#1557,.T.);
#3602=EDGE_CURVE('',#2889,#2888,#1558,.T.);
#3603=EDGE_CURVE('',#2882,#2889,#1559,.T.);
#3604=EDGE_CURVE('',#2850,#2890,#1560,.F.);
#3605=EDGE_CURVE('',#2890,#2878,#1561,.T.);
#3606=EDGE_CURVE('',#2891,#2890,#1562,.T.);
#3607=EDGE_CURVE('',#2891,#2892,#1563,.T.);
#3608=EDGE_CURVE('',#2892,#2893,#43,.F.);
#3609=EDGE_CURVE('',#2894,#2893,#1564,.T.);
#3610=EDGE_CURVE('',#2894,#2768,#1565,.T.);
#3611=EDGE_CURVE('',#2895,#2845,#1566,.F.);
#3612=EDGE_CURVE('',#2896,#2895,#1567,.T.);
#3613=EDGE_CURVE('',#2846,#2896,#1568,.T.);
#3614=EDGE_CURVE('',#2854,#2897,#1569,.F.);
#3615=EDGE_CURVE('',#2897,#2895,#1570,.T.);
#3616=EDGE_CURVE('',#2897,#2898,#1571,.T.);
#3617=EDGE_CURVE('',#2896,#2898,#1572,.T.);
#3618=EDGE_CURVE('',#2898,#2899,#1573,.T.);
#3619=EDGE_CURVE('',#2899,#2885,#1574,.T.);
#3620=EDGE_CURVE('',#2853,#2882,#1575,.T.);
#3621=EDGE_CURVE('',#2886,#2899,#1576,.T.);
#3622=EDGE_CURVE('',#2900,#2900,#343,.T.);
#3623=EDGE_CURVE('',#2900,#2901,#1577,.T.);
#3624=EDGE_CURVE('',#2901,#2901,#344,.T.);
#3625=EDGE_CURVE('',#2902,#2902,#345,.T.);
#3626=EDGE_CURVE('',#2902,#2903,#1578,.T.);
#3627=EDGE_CURVE('',#2903,#2904,#1216,.T.);
#3628=EDGE_CURVE('',#2904,#2905,#44,.T.);
#3629=EDGE_CURVE('',#2905,#2906,#346,.T.);
#3630=EDGE_CURVE('',#2906,#2907,#45,.T.);
#3631=EDGE_CURVE('',#2907,#2903,#1217,.T.);
#3632=EDGE_CURVE('',#2905,#2908,#1579,.T.);
#3633=EDGE_CURVE('',#2908,#2909,#1580,.T.);
#3634=EDGE_CURVE('',#2909,#2910,#1218,.T.);
#3635=EDGE_CURVE('',#2910,#2894,#1581,.T.);
#3636=EDGE_CURVE('',#2893,#2911,#1219,.T.);
#3637=EDGE_CURVE('',#2911,#2912,#1582,.T.);
#3638=EDGE_CURVE('',#2912,#2906,#1583,.T.);
#3639=EDGE_CURVE('',#2913,#2912,#347,.F.);
#3640=EDGE_CURVE('',#2907,#2913,#1584,.T.);
#3641=EDGE_CURVE('',#2914,#2915,#1585,.T.);
#3642=EDGE_CURVE('',#2915,#2916,#1586,.T.);
#3643=EDGE_CURVE('',#2917,#2916,#1587,.T.);
#3644=EDGE_CURVE('',#2914,#2917,#1588,.T.);
#3645=EDGE_CURVE('',#2915,#2918,#1589,.T.);
#3646=EDGE_CURVE('',#2918,#2919,#46,.T.);
#3647=EDGE_CURVE('',#2919,#2920,#1590,.T.);
#3648=EDGE_CURVE('',#2920,#2921,#1591,.T.);
#3649=EDGE_CURVE('',#2916,#2921,#1592,.T.);
#3650=EDGE_CURVE('',#2922,#2914,#1593,.T.);
#3651=EDGE_CURVE('',#2923,#2917,#1594,.T.);
#3652=EDGE_CURVE('',#2924,#2923,#1595,.T.);
#3653=EDGE_CURVE('',#2924,#2925,#1596,.T.);
#3654=EDGE_CURVE('',#2925,#2922,#47,.T.);
#3655=EDGE_CURVE('',#2926,#2924,#348,.T.);
#3656=EDGE_CURVE('',#2921,#2923,#1597,.T.);
#3657=EDGE_CURVE('',#2920,#2927,#349,.T.);
#3658=EDGE_CURVE('',#2927,#2926,#1598,.T.);
#3659=EDGE_CURVE('',#2913,#2928,#1599,.T.);
#3660=EDGE_CURVE('',#2928,#2918,#1220,.T.);
#3661=EDGE_CURVE('',#2922,#2929,#1221,.T.);
#3662=EDGE_CURVE('',#2929,#2930,#1600,.T.);
#3663=EDGE_CURVE('',#2930,#2904,#1601,.T.);
#3664=EDGE_CURVE('',#2928,#2931,#350,.T.);
#3665=EDGE_CURVE('',#2931,#2919,#1222,.F.);
#3666=EDGE_CURVE('',#2932,#2931,#1602,.T.);
#3667=EDGE_CURVE('',#2933,#2932,#351,.T.);
#3668=EDGE_CURVE('',#2927,#2933,#1603,.T.);
#3669=EDGE_CURVE('',#2925,#2934,#1223,.F.);
#3670=EDGE_CURVE('',#2934,#2929,#352,.T.);
#3671=EDGE_CURVE('',#2930,#2935,#353,.F.);
#3672=EDGE_CURVE('',#2935,#2908,#354,.F.);
#3673=EDGE_CURVE('',#2908,#2930,#355,.F.);
#3674=EDGE_CURVE('',#2936,#2913,#356,.F.);
#3675=EDGE_CURVE('',#2912,#2936,#357,.F.);
#3676=EDGE_CURVE('',#2937,#2911,#358,.T.);
#3677=EDGE_CURVE('',#2936,#2937,#1604,.T.);
#3678=EDGE_CURVE('',#2937,#2892,#1224,.T.);
#3679=EDGE_CURVE('',#2931,#2936,#1605,.T.);
#3680=EDGE_CURVE('',#2909,#2938,#359,.T.);
#3681=EDGE_CURVE('',#2938,#2935,#1606,.T.);
#3682=EDGE_CURVE('',#2910,#2939,#48,.F.);
#3683=EDGE_CURVE('',#2939,#2938,#1225,.T.);
#3684=EDGE_CURVE('',#2935,#2934,#1607,.T.);
#3685=EDGE_CURVE('',#2940,#2926,#1608,.T.);
#3686=EDGE_CURVE('',#2941,#2940,#360,.T.);
#3687=EDGE_CURVE('',#2934,#2941,#1609,.T.);
#3688=EDGE_CURVE('',#2942,#2891,#1226,.T.);
#3689=EDGE_CURVE('',#2937,#2942,#1610,.T.);
#3690=EDGE_CURVE('',#2942,#2932,#1611,.T.);
#3691=EDGE_CURVE('',#2933,#2940,#1612,.T.);
#3692=EDGE_CURVE('',#2943,#2938,#1613,.T.);
#3693=EDGE_CURVE('',#2944,#2943,#1227,.T.);
#3694=EDGE_CURVE('',#2939,#2944,#1614,.T.);
#3695=EDGE_CURVE('',#2941,#2943,#1615,.T.);
#3696=EDGE_CURVE('',#2945,#2945,#361,.T.);
#3697=EDGE_CURVE('',#2799,#2945,#1616,.T.);
#3698=EDGE_CURVE('',#2778,#2796,#1617,.T.);
#3699=EDGE_CURVE('',#2779,#2827,#1618,.T.);
#3700=EDGE_CURVE('',#2774,#2813,#1619,.T.);
#3701=EDGE_CURVE('',#2781,#2805,#1620,.T.);
#3702=EDGE_CURVE('',#2784,#2728,#1621,.T.);
#3703=EDGE_CURVE('',#2709,#2946,#1622,.T.);
#3704=EDGE_CURVE('',#2946,#2711,#1623,.T.);
#3705=EDGE_CURVE('',#2947,#2947,#362,.T.);
#3706=EDGE_CURVE('',#2947,#2948,#1624,.T.);
#3707=EDGE_CURVE('',#2948,#2948,#363,.T.);
#3708=EDGE_CURVE('',#2948,#2949,#1625,.T.);
#3709=EDGE_CURVE('',#2949,#2949,#364,.T.);
#3710=EDGE_CURVE('',#2650,#2851,#1626,.T.);
#3711=EDGE_CURVE('',#2950,#2950,#365,.T.);
#3712=EDGE_CURVE('',#2950,#2721,#1627,.T.);
#3713=EDGE_CURVE('',#2857,#2951,#1628,.T.);
#3714=EDGE_CURVE('',#2952,#2951,#366,.T.);
#3715=EDGE_CURVE('',#2858,#2952,#1629,.T.);
#3716=EDGE_CURVE('',#2953,#2952,#1630,.T.);
#3717=EDGE_CURVE('',#2953,#2859,#1631,.T.);
#3718=EDGE_CURVE('',#2954,#2955,#1632,.T.);
#3719=EDGE_CURVE('',#2955,#2956,#367,.T.);
#3720=EDGE_CURVE('',#2956,#2953,#1633,.T.);
#3721=EDGE_CURVE('',#2951,#2954,#1634,.T.);
#3722=EDGE_CURVE('',#2954,#2718,#1635,.T.);
#3723=EDGE_CURVE('',#2955,#2717,#1636,.T.);
#3724=EDGE_CURVE('',#2946,#2712,#1637,.T.);
#3725=EDGE_CURVE('',#2956,#2716,#1638,.T.);
#3726=EDGE_CURVE('',#2852,#2889,#1639,.T.);
#3727=EDGE_CURVE('',#2957,#2958,#1640,.T.);
#3728=EDGE_CURVE('',#2958,#2959,#1641,.T.);
#3729=EDGE_CURVE('',#2959,#2960,#1642,.T.);
#3730=EDGE_CURVE('',#2960,#2957,#1643,.T.);
#3731=EDGE_CURVE('',#2958,#2961,#1644,.T.);
#3732=EDGE_CURVE('',#2961,#2962,#1645,.T.);
#3733=EDGE_CURVE('',#2962,#2963,#1646,.T.);
#3734=EDGE_CURVE('',#2964,#2963,#1647,.T.);
#3735=EDGE_CURVE('',#2964,#2959,#1648,.T.);
#3736=EDGE_CURVE('',#2965,#2709,#1649,.T.);
#3737=EDGE_CURVE('',#2707,#2966,#1650,.T.);
#3738=EDGE_CURVE('',#2966,#2965,#1651,.T.);
#3739=EDGE_CURVE('',#2966,#2967,#1652,.T.);
#3740=EDGE_CURVE('',#2968,#2967,#1653,.T.);
#3741=EDGE_CURVE('',#2968,#2965,#1654,.T.);
#3742=EDGE_CURVE('',#2967,#2969,#1655,.T.);
#3743=EDGE_CURVE('',#2969,#2970,#1656,.T.);
#3744=EDGE_CURVE('',#2970,#2971,#1657,.T.);
#3745=EDGE_CURVE('',#2971,#2972,#1658,.T.);
#3746=EDGE_CURVE('',#2972,#2973,#368,.T.);
#3747=EDGE_CURVE('',#2974,#2973,#1659,.T.);
#3748=EDGE_CURVE('',#2974,#2975,#1660,.T.);
#3749=EDGE_CURVE('',#2975,#2976,#1661,.T.);
#3750=EDGE_CURVE('',#2977,#2976,#1662,.T.);
#3751=EDGE_CURVE('',#2977,#2978,#1663,.T.);
#3752=EDGE_CURVE('',#2978,#2968,#1664,.T.);
#3753=EDGE_CURVE('',#2979,#2979,#369,.T.);
#3754=EDGE_CURVE('',#2828,#2980,#1665,.T.);
#3755=EDGE_CURVE('',#2980,#2969,#1666,.T.);
#3756=EDGE_CURVE('',#2981,#2982,#1667,.T.);
#3757=EDGE_CURVE('',#2982,#2983,#1228,.T.);
#3758=EDGE_CURVE('',#2983,#2984,#370,.T.);
#3759=EDGE_CURVE('',#2984,#2985,#1668,.T.);
#3760=EDGE_CURVE('',#2985,#2986,#371,.T.);
#3761=EDGE_CURVE('',#2986,#2981,#1229,.T.);
#3762=EDGE_CURVE('',#2987,#2983,#1669,.T.);
#3763=EDGE_CURVE('',#2982,#2988,#1670,.T.);
#3764=EDGE_CURVE('',#2989,#2988,#1230,.T.);
#3765=EDGE_CURVE('',#2989,#2987,#1231,.T.);
#3766=EDGE_CURVE('',#2990,#2981,#1671,.T.);
#3767=EDGE_CURVE('',#2986,#2991,#1672,.T.);
#3768=EDGE_CURVE('',#2991,#2992,#1232,.T.);
#3769=EDGE_CURVE('',#2992,#2990,#1233,.T.);
#3770=EDGE_CURVE('',#2988,#2990,#1673,.T.);
#3771=EDGE_CURVE('',#2992,#2989,#1674,.T.);
#3772=EDGE_CURVE('',#2993,#2985,#1675,.T.);
#3773=EDGE_CURVE('',#2994,#2993,#1676,.T.);
#3774=EDGE_CURVE('',#2994,#2991,#1677,.T.);
#3775=EDGE_CURVE('',#2995,#2984,#1678,.T.);
#3776=EDGE_CURVE('',#2993,#2995,#1679,.T.);
#3777=EDGE_CURVE('',#2646,#2996,#1680,.T.);
#3778=EDGE_CURVE('',#2997,#2996,#1681,.T.);
#3779=EDGE_CURVE('',#2647,#2997,#1682,.T.);
#3780=EDGE_CURVE('',#2998,#2999,#1234,.T.);
#3781=EDGE_CURVE('',#2999,#3000,#1683,.T.);
#3782=EDGE_CURVE('',#3000,#3001,#372,.F.);
#3783=EDGE_CURVE('',#3001,#2998,#1684,.T.);
#3784=EDGE_CURVE('',#2833,#3002,#1685,.T.);
#3785=EDGE_CURVE('',#2740,#2999,#1686,.T.);
#3786=EDGE_CURVE('',#2998,#3003,#1687,.T.);
#3787=EDGE_CURVE('',#3004,#3003,#1235,.T.);
#3788=EDGE_CURVE('',#3004,#3005,#1688,.T.);
#3789=EDGE_CURVE('',#3006,#3005,#1236,.T.);
#3790=EDGE_CURVE('',#3006,#3007,#1689,.T.);
#3791=EDGE_CURVE('',#3008,#3007,#1237,.T.);
#3792=EDGE_CURVE('',#3008,#3009,#1690,.T.);
#3793=EDGE_CURVE('',#3010,#3009,#1238,.T.);
#3794=EDGE_CURVE('',#3010,#3011,#1691,.T.);
#3795=EDGE_CURVE('',#3012,#3011,#1239,.T.);
#3796=EDGE_CURVE('',#3012,#3002,#1692,.T.);
#3797=EDGE_CURVE('',#3013,#3013,#373,.T.);
#3798=EDGE_CURVE('',#3014,#3014,#374,.T.);
#3799=EDGE_CURVE('',#3001,#3015,#1693,.T.);
#3800=EDGE_CURVE('',#3003,#3015,#1694,.T.);
#3801=EDGE_CURVE('',#3016,#3015,#375,.T.);
#3802=EDGE_CURVE('',#3016,#3004,#1695,.T.);
#3803=EDGE_CURVE('',#3017,#3018,#376,.T.);
#3804=EDGE_CURVE('',#3017,#3006,#1696,.T.);
#3805=EDGE_CURVE('',#3005,#3018,#1697,.T.);
#3806=EDGE_CURVE('',#3016,#3018,#1698,.T.);
#3807=EDGE_CURVE('',#3007,#3019,#1699,.T.);
#3808=EDGE_CURVE('',#3019,#3020,#377,.F.);
#3809=EDGE_CURVE('',#3020,#3008,#1700,.T.);
#3810=EDGE_CURVE('',#3017,#3019,#1701,.T.);
#3811=EDGE_CURVE('',#3011,#3021,#1702,.T.);
#3812=EDGE_CURVE('',#3021,#3022,#378,.F.);
#3813=EDGE_CURVE('',#3022,#3012,#1703,.T.);
#3814=EDGE_CURVE('',#3023,#3010,#1704,.T.);
#3815=EDGE_CURVE('',#3023,#3021,#1705,.T.);
#3816=EDGE_CURVE('',#3009,#3024,#1706,.T.);
#3817=EDGE_CURVE('',#3024,#3023,#379,.F.);
#3818=EDGE_CURVE('',#3025,#3026,#380,.T.);
#3819=EDGE_CURVE('',#3026,#3027,#1707,.T.);
#3820=EDGE_CURVE('',#3027,#3028,#1240,.T.);
#3821=EDGE_CURVE('',#3029,#3028,#381,.F.);
#3822=EDGE_CURVE('',#3029,#3025,#1708,.T.);
#3823=EDGE_CURVE('',#3029,#3030,#1709,.T.);
#3824=EDGE_CURVE('',#3030,#3031,#1710,.T.);
#3825=EDGE_CURVE('',#3031,#3032,#382,.T.);
#3826=EDGE_CURVE('',#3032,#3033,#1711,.T.);
#3827=EDGE_CURVE('',#3034,#3033,#1712,.T.);
#3828=EDGE_CURVE('',#3034,#3035,#1713,.T.);
#3829=EDGE_CURVE('',#3035,#3036,#1714,.T.);
#3830=EDGE_CURVE('',#3036,#3037,#1715,.T.);
#3831=EDGE_CURVE('',#3038,#3037,#1716,.T.);
#3832=EDGE_CURVE('',#3039,#3038,#1717,.T.);
#3833=EDGE_CURVE('',#3039,#3040,#1718,.T.);
#3834=EDGE_CURVE('',#3040,#3041,#1719,.T.);
#3835=EDGE_CURVE('',#3025,#3041,#1720,.T.);
#3836=EDGE_CURVE('',#3042,#3043,#1721,.T.);
#3837=EDGE_CURVE('',#3043,#3044,#1722,.T.);
#3838=EDGE_CURVE('',#3044,#3045,#1723,.T.);
#3839=EDGE_CURVE('',#3045,#3042,#1724,.T.);
#3840=EDGE_CURVE('',#2995,#3046,#1725,.T.);
#3841=EDGE_CURVE('',#3046,#2994,#1726,.T.);
#3842=EDGE_CURVE('',#3047,#3048,#1727,.T.);
#3843=EDGE_CURVE('',#3048,#3049,#1241,.T.);
#3844=EDGE_CURVE('',#3049,#3050,#1728,.T.);
#3845=EDGE_CURVE('',#3047,#3050,#49,.T.);
#3846=EDGE_CURVE('',#3048,#3051,#1729,.T.);
#3847=EDGE_CURVE('',#3051,#3052,#1242,.T.);
#3848=EDGE_CURVE('',#3052,#3049,#1730,.T.);
#3849=EDGE_CURVE('',#3051,#3053,#1731,.T.);
#3850=EDGE_CURVE('',#3053,#3054,#1243,.T.);
#3851=EDGE_CURVE('',#3054,#3055,#1244,.T.);
#3852=EDGE_CURVE('',#3055,#3052,#1732,.T.);
#3853=EDGE_CURVE('',#3056,#3054,#1733,.T.);
#3854=EDGE_CURVE('',#3053,#3057,#1734,.T.);
#3855=EDGE_CURVE('',#3057,#3056,#1245,.T.);
#3856=EDGE_CURVE('',#3058,#3059,#1735,.T.);
#3857=EDGE_CURVE('',#3059,#3056,#1246,.T.);
#3858=EDGE_CURVE('',#3057,#3060,#1736,.T.);
#3859=EDGE_CURVE('',#3060,#3058,#50,.T.);
#3860=EDGE_CURVE('',#3050,#3058,#383,.T.);
#3861=EDGE_CURVE('',#3060,#3047,#384,.T.);
#3862=EDGE_CURVE('',#3033,#3049,#1737,.T.);
#3863=EDGE_CURVE('',#3032,#3050,#1738,.T.);
#3864=EDGE_CURVE('',#3026,#3052,#1739,.T.);
#3865=EDGE_CURVE('',#3033,#3025,#1740,.T.);
#3866=EDGE_CURVE('',#3027,#3055,#1741,.T.);
#3867=EDGE_CURVE('',#3061,#3061,#385,.T.);
#3868=EDGE_CURVE('',#3062,#3063,#1742,.T.);
#3869=EDGE_CURVE('',#3063,#3064,#1247,.T.);
#3870=EDGE_CURVE('',#3064,#3065,#1743,.T.);
#3871=EDGE_CURVE('',#3062,#3065,#1248,.T.);
#3872=EDGE_CURVE('',#3063,#3066,#1744,.T.);
#3873=EDGE_CURVE('',#3066,#3067,#1249,.T.);
#3874=EDGE_CURVE('',#3067,#3064,#1745,.T.);
#3875=EDGE_CURVE('',#3066,#3068,#1746,.T.);
#3876=EDGE_CURVE('',#3068,#3069,#1250,.T.);
#3877=EDGE_CURVE('',#3069,#3067,#1747,.T.);
#3878=EDGE_CURVE('',#3065,#3069,#1748,.T.);
#3879=EDGE_CURVE('',#3068,#3062,#1749,.T.);
#3880=EDGE_CURVE('',#3045,#3065,#1750,.T.);
#3881=EDGE_CURVE('',#3044,#3069,#1751,.T.);
#3882=EDGE_CURVE('',#3042,#3064,#1752,.T.);
#3883=EDGE_CURVE('',#3070,#3071,#1753,.T.);
#3884=EDGE_CURVE('',#3071,#3072,#1251,.T.);
#3885=EDGE_CURVE('',#3072,#3073,#1754,.T.);
#3886=EDGE_CURVE('',#3070,#3073,#1252,.T.);
#3887=EDGE_CURVE('',#3071,#3074,#1755,.T.);
#3888=EDGE_CURVE('',#3074,#3075,#1253,.T.);
#3889=EDGE_CURVE('',#3075,#3072,#1756,.T.);
#3890=EDGE_CURVE('',#3074,#3076,#1757,.T.);
#3891=EDGE_CURVE('',#3076,#3077,#1254,.T.);
#3892=EDGE_CURVE('',#3077,#3075,#1758,.T.);
#3893=EDGE_CURVE('',#3073,#3077,#1759,.T.);
#3894=EDGE_CURVE('',#3076,#3070,#1760,.T.);
#3895=EDGE_CURVE('',#3037,#3073,#1761,.T.);
#3896=EDGE_CURVE('',#3036,#3077,#1762,.T.);
#3897=EDGE_CURVE('',#3034,#3072,#1763,.T.);
#3898=EDGE_CURVE('',#3037,#3034,#1764,.T.);
#3899=EDGE_CURVE('',#3078,#3079,#386,.T.);
#3900=EDGE_CURVE('',#3079,#3080,#1765,.T.);
#3901=EDGE_CURVE('',#3080,#3081,#387,.F.);
#3902=EDGE_CURVE('',#3081,#3078,#1766,.T.);
#3903=EDGE_CURVE('',#3082,#3083,#388,.T.);
#3904=EDGE_CURVE('',#3083,#3079,#389,.T.);
#3905=EDGE_CURVE('',#3078,#3082,#390,.T.);
#3906=EDGE_CURVE('',#3084,#3085,#1255,.F.);
#3907=EDGE_CURVE('',#3085,#3083,#1767,.T.);
#3908=EDGE_CURVE('',#3082,#3084,#1768,.T.);
#3909=EDGE_CURVE('',#3086,#3082,#1769,.T.);
#3910=EDGE_CURVE('',#2962,#3086,#1770,.T.);
#3911=EDGE_CURVE('',#3084,#2961,#1771,.T.);
#3912=EDGE_CURVE('',#3078,#3087,#1772,.T.);
#3913=EDGE_CURVE('',#3087,#3086,#391,.T.);
#3914=EDGE_CURVE('',#3088,#3081,#1773,.T.);
#3915=EDGE_CURVE('',#3088,#3087,#1774,.T.);
#3916=EDGE_CURVE('',#3059,#3089,#1775,.T.);
#3917=EDGE_CURVE('',#3028,#3089,#1776,.T.);
#3918=EDGE_CURVE('',#2980,#3040,#1777,.T.);
#3919=EDGE_CURVE('',#2769,#3040,#1778,.T.);
#3920=EDGE_CURVE('',#3039,#2969,#1779,.T.);
#3921=EDGE_CURVE('',#3041,#2768,#1780,.T.);
#3922=EDGE_CURVE('',#2965,#3090,#1781,.T.);
#3923=EDGE_CURVE('',#3090,#2977,#1782,.T.);
#3924=EDGE_CURVE('',#2976,#3091,#1783,.T.);
#3925=EDGE_CURVE('',#3091,#3092,#1256,.T.);
#3926=EDGE_CURVE('',#3092,#2832,#1784,.T.);
#3927=EDGE_CURVE('',#2713,#2831,#1785,.T.);
#3928=EDGE_CURVE('',#3093,#3093,#392,.T.);
#3929=EDGE_CURVE('',#3093,#3094,#1786,.T.);
#3930=EDGE_CURVE('',#3094,#3094,#393,.T.);
#3931=EDGE_CURVE('',#3092,#3091,#394,.T.);
#3932=EDGE_CURVE('',#3022,#3095,#1787,.T.);
#3933=EDGE_CURVE('',#3096,#3095,#1788,.T.);
#3934=EDGE_CURVE('',#3002,#3096,#1789,.T.);
#3935=EDGE_CURVE('',#2742,#3000,#1790,.T.);
#3936=EDGE_CURVE('',#3097,#2975,#1791,.T.);
#3937=EDGE_CURVE('',#3098,#3097,#1792,.T.);
#3938=EDGE_CURVE('',#3095,#3098,#1793,.T.);
#3939=EDGE_CURVE('',#3020,#3024,#1794,.T.);
#3940=EDGE_CURVE('',#3099,#2974,#1795,.T.);
#3941=EDGE_CURVE('',#3099,#3097,#1796,.T.);
#3942=EDGE_CURVE('',#3100,#3099,#1797,.T.);
#3943=EDGE_CURVE('',#3100,#3098,#1798,.T.);
#3944=EDGE_CURVE('',#3096,#3100,#1799,.T.);
#3945=EDGE_CURVE('',#3101,#2973,#1800,.T.);
#3946=EDGE_CURVE('',#3101,#3102,#1801,.T.);
#3947=EDGE_CURVE('',#3102,#3103,#1802,.T.);
#3948=EDGE_CURVE('',#3104,#3103,#1803,.T.);
#3949=EDGE_CURVE('',#3104,#2860,#1804,.T.);
#3950=EDGE_CURVE('',#3105,#2944,#1805,.T.);
#3951=EDGE_CURVE('',#3106,#3105,#1806,.T.);
#3952=EDGE_CURVE('',#3107,#3106,#51,.F.);
#3953=EDGE_CURVE('',#3107,#3108,#1807,.T.);
#3954=EDGE_CURVE('',#3108,#3041,#1808,.T.);
#3955=EDGE_CURVE('',#3109,#3109,#395,.T.);
#3956=EDGE_CURVE('',#3109,#3110,#1809,.T.);
#3957=EDGE_CURVE('',#3110,#3110,#396,.T.);
#3958=EDGE_CURVE('',#3110,#3111,#1810,.T.);
#3959=EDGE_CURVE('',#3111,#3111,#397,.T.);
#3960=EDGE_CURVE('',#2963,#3088,#1811,.T.);
#3961=EDGE_CURVE('',#3112,#3085,#1812,.T.);
#3962=EDGE_CURVE('',#3080,#3112,#1813,.T.);
#3963=EDGE_CURVE('',#3112,#3113,#1814,.T.);
#3964=EDGE_CURVE('',#3113,#3114,#1815,.T.);
#3965=EDGE_CURVE('',#3114,#3115,#1816,.T.);
#3966=EDGE_CURVE('',#3115,#3116,#1817,.T.);
#3967=EDGE_CURVE('',#3116,#3117,#1818,.T.);
#3968=EDGE_CURVE('',#3118,#3117,#1819,.T.);
#3969=EDGE_CURVE('',#3118,#3119,#1820,.T.);
#3970=EDGE_CURVE('',#2964,#3119,#1821,.T.);
#3971=EDGE_CURVE('',#2642,#3120,#1822,.T.);
#3972=EDGE_CURVE('',#3120,#3121,#1823,.T.);
#3973=EDGE_CURVE('',#3121,#3104,#1824,.T.);
#3974=EDGE_CURVE('',#3103,#3122,#1825,.T.);
#3975=EDGE_CURVE('',#3122,#3123,#398,.T.);
#3976=EDGE_CURVE('',#3123,#3124,#1826,.T.);
#3977=EDGE_CURVE('',#3124,#3125,#1827,.T.);
#3978=EDGE_CURVE('',#3125,#3126,#1828,.T.);
#3979=EDGE_CURVE('',#3126,#3127,#1829,.T.);
#3980=EDGE_CURVE('',#3127,#3128,#1830,.T.);
#3981=EDGE_CURVE('',#3128,#2997,#1831,.T.);
#3982=EDGE_CURVE('',#2996,#3129,#1832,.T.);
#3983=EDGE_CURVE('',#2644,#3129,#1833,.T.);
#3984=EDGE_CURVE('',#3130,#3131,#1834,.T.);
#3985=EDGE_CURVE('',#3130,#3132,#1835,.T.);
#3986=EDGE_CURVE('',#3132,#3133,#1836,.T.);
#3987=EDGE_CURVE('',#3133,#3131,#1837,.T.);
#3988=EDGE_CURVE('',#3131,#3134,#1838,.T.);
#3989=EDGE_CURVE('',#3133,#3135,#1839,.T.);
#3990=EDGE_CURVE('',#3135,#3136,#1840,.T.);
#3991=EDGE_CURVE('',#3134,#3136,#1841,.T.);
#3992=EDGE_CURVE('',#3136,#3137,#1842,.T.);
#3993=EDGE_CURVE('',#3135,#3138,#1843,.T.);
#3994=EDGE_CURVE('',#3138,#3139,#1844,.T.);
#3995=EDGE_CURVE('',#3137,#3139,#1845,.T.);
#3996=EDGE_CURVE('',#3140,#3132,#1846,.T.);
#3997=EDGE_CURVE('',#3141,#3140,#1847,.T.);
#3998=EDGE_CURVE('',#3138,#3141,#1848,.T.);
#3999=EDGE_CURVE('',#3142,#3142,#399,.T.);
#4000=EDGE_CURVE('',#3139,#3143,#1849,.T.);
#4001=EDGE_CURVE('',#3141,#3143,#1850,.T.);
#4002=EDGE_CURVE('',#3143,#3144,#1851,.T.);
#4003=EDGE_CURVE('',#3140,#3144,#1852,.T.);
#4004=EDGE_CURVE('',#3144,#3130,#1853,.T.);
#4005=EDGE_CURVE('',#3125,#3137,#1854,.F.);
#4006=EDGE_CURVE('',#3124,#2970,#1855,.T.);
#4007=EDGE_CURVE('',#2960,#3039,#1856,.T.);
#4008=EDGE_CURVE('',#3134,#3119,#1857,.F.);
#4009=EDGE_CURVE('',#3038,#3145,#1858,.T.);
#4010=EDGE_CURVE('',#2957,#3145,#1859,.T.);
#4011=EDGE_CURVE('',#3146,#3146,#400,.T.);
#4012=EDGE_CURVE('',#3146,#3147,#1860,.T.);
#4013=EDGE_CURVE('',#3147,#3148,#401,.T.);
#4014=EDGE_CURVE('',#3148,#3147,#402,.T.);
#4015=EDGE_CURVE('',#3148,#3142,#1861,.T.);
#4016=EDGE_CURVE('',#3149,#3150,#1862,.T.);
#4017=EDGE_CURVE('',#3149,#3151,#1863,.T.);
#4018=EDGE_CURVE('',#3152,#3151,#1864,.T.);
#4019=EDGE_CURVE('',#3116,#3152,#1865,.T.);
#4020=EDGE_CURVE('',#3153,#3115,#1866,.T.);
#4021=EDGE_CURVE('',#3150,#3153,#403,.T.);
#4022=EDGE_CURVE('',#3154,#3114,#1867,.T.);
#4023=EDGE_CURVE('',#3154,#3153,#1868,.T.);
#4024=EDGE_CURVE('',#3155,#3154,#404,.T.);
#4025=EDGE_CURVE('',#3155,#3150,#1869,.T.);
#4026=EDGE_CURVE('',#3156,#3155,#1870,.T.);
#4027=EDGE_CURVE('',#3149,#3156,#1871,.T.);
#4028=EDGE_CURVE('',#3113,#3157,#1872,.F.);
#4029=EDGE_CURVE('',#3158,#3157,#1873,.T.);
#4030=EDGE_CURVE('',#3159,#3158,#1257,.T.);
#4031=EDGE_CURVE('',#3159,#3160,#1874,.T.);
#4032=EDGE_CURVE('',#3161,#3160,#405,.T.);
#4033=EDGE_CURVE('',#3161,#3162,#1875,.T.);
#4034=EDGE_CURVE('',#3163,#3162,#406,.T.);
#4035=EDGE_CURVE('',#3163,#3164,#1876,.T.);
#4036=EDGE_CURVE('',#3105,#3164,#1258,.T.);
#4037=EDGE_CURVE('',#3128,#3156,#1877,.T.);
#4038=EDGE_CURVE('',#3165,#3165,#407,.T.);
#4039=EDGE_CURVE('',#3157,#3145,#1878,.T.);
#4040=EDGE_CURVE('',#3108,#3166,#1879,.T.);
#4041=EDGE_CURVE('',#3167,#3166,#52,.F.);
#4042=EDGE_CURVE('',#3158,#3167,#1880,.T.);
#4043=EDGE_CURVE('',#3117,#3168,#1881,.T.);
#4044=EDGE_CURVE('',#3168,#3169,#1882,.T.);
#4045=EDGE_CURVE('',#3169,#3118,#1883,.F.);
#4046=EDGE_CURVE('',#3170,#3169,#1884,.T.);
#4047=EDGE_CURVE('',#3126,#3170,#1885,.F.);
#4048=EDGE_CURVE('',#3168,#3171,#1886,.T.);
#4049=EDGE_CURVE('',#3170,#3171,#1887,.T.);
#4050=EDGE_CURVE('',#3172,#3152,#1888,.T.);
#4051=EDGE_CURVE('',#3171,#3172,#1889,.T.);
#4052=EDGE_CURVE('',#3151,#3172,#1890,.T.);
#4053=EDGE_CURVE('',#3127,#3149,#1891,.T.);
#4054=EDGE_CURVE('',#3165,#3173,#1892,.T.);
#4055=EDGE_CURVE('',#3173,#3173,#408,.T.);
#4056=EDGE_CURVE('',#3174,#3174,#409,.T.);
#4057=EDGE_CURVE('',#3174,#3175,#1893,.T.);
#4058=EDGE_CURVE('',#3176,#3175,#1259,.T.);
#4059=EDGE_CURVE('',#3177,#3176,#53,.T.);
#4060=EDGE_CURVE('',#3178,#3177,#410,.T.);
#4061=EDGE_CURVE('',#3179,#3178,#54,.T.);
#4062=EDGE_CURVE('',#3175,#3179,#1260,.T.);
#4063=EDGE_CURVE('',#3180,#3177,#1894,.T.);
#4064=EDGE_CURVE('',#3181,#3180,#1895,.T.);
#4065=EDGE_CURVE('',#3166,#3181,#1261,.T.);
#4066=EDGE_CURVE('',#3182,#3107,#1262,.T.);
#4067=EDGE_CURVE('',#3183,#3182,#1896,.T.);
#4068=EDGE_CURVE('',#3178,#3183,#1897,.T.);
#4069=EDGE_CURVE('',#3176,#3184,#1898,.T.);
#4070=EDGE_CURVE('',#3184,#3180,#411,.F.);
#4071=EDGE_CURVE('',#3185,#3186,#1899,.T.);
#4072=EDGE_CURVE('',#3185,#3187,#1900,.T.);
#4073=EDGE_CURVE('',#3187,#3188,#1901,.T.);
#4074=EDGE_CURVE('',#3186,#3188,#1902,.T.);
#4075=EDGE_CURVE('',#3186,#3189,#1903,.T.);
#4076=EDGE_CURVE('',#3188,#3190,#1904,.T.);
#4077=EDGE_CURVE('',#3191,#3190,#1905,.T.);
#4078=EDGE_CURVE('',#3192,#3191,#1906,.T.);
#4079=EDGE_CURVE('',#3189,#3192,#55,.T.);
#4080=EDGE_CURVE('',#3193,#3185,#1907,.T.);
#4081=EDGE_CURVE('',#3194,#3193,#56,.T.);
#4082=EDGE_CURVE('',#3195,#3194,#1908,.T.);
#4083=EDGE_CURVE('',#3195,#3196,#1909,.T.);
#4084=EDGE_CURVE('',#3196,#3187,#1910,.T.);
#4085=EDGE_CURVE('',#3197,#3195,#412,.T.);
#4086=EDGE_CURVE('',#3198,#3197,#1911,.T.);
#4087=EDGE_CURVE('',#3191,#3198,#413,.T.);
#4088=EDGE_CURVE('',#3190,#3196,#1912,.T.);
#4089=EDGE_CURVE('',#3199,#3179,#1913,.T.);
#4090=EDGE_CURVE('',#3200,#3199,#1914,.T.);
#4091=EDGE_CURVE('',#3193,#3200,#1263,.T.);
#4092=EDGE_CURVE('',#3201,#3189,#1264,.T.);
#4093=EDGE_CURVE('',#3184,#3201,#1915,.T.);
#4094=EDGE_CURVE('',#3202,#3192,#1265,.F.);
#4095=EDGE_CURVE('',#3201,#3202,#414,.T.);
#4096=EDGE_CURVE('',#3198,#3161,#1916,.T.);
#4097=EDGE_CURVE('',#3160,#3202,#1917,.T.);
#4098=EDGE_CURVE('',#3203,#3200,#415,.T.);
#4099=EDGE_CURVE('',#3194,#3203,#1266,.F.);
#4100=EDGE_CURVE('',#3199,#3204,#416,.F.);
#4101=EDGE_CURVE('',#3183,#3199,#417,.F.);
#4102=EDGE_CURVE('',#3204,#3183,#418,.F.);
#4103=EDGE_CURVE('',#3205,#3184,#419,.F.);
#4104=EDGE_CURVE('',#3180,#3205,#420,.F.);
#4105=EDGE_CURVE('',#3206,#3181,#421,.T.);
#4106=EDGE_CURVE('',#3205,#3206,#1918,.T.);
#4107=EDGE_CURVE('',#3206,#3167,#1267,.T.);
#4108=EDGE_CURVE('',#3202,#3205,#1919,.T.);
#4109=EDGE_CURVE('',#3182,#3207,#422,.T.);
#4110=EDGE_CURVE('',#3207,#3204,#1920,.T.);
#4111=EDGE_CURVE('',#3106,#3207,#1268,.T.);
#4112=EDGE_CURVE('',#3204,#3203,#1921,.T.);
#4113=EDGE_CURVE('',#3203,#3163,#1922,.T.);
#4114=EDGE_CURVE('',#3162,#3197,#1923,.T.);
#4115=EDGE_CURVE('',#3206,#3159,#1924,.T.);
#4116=EDGE_CURVE('',#3164,#3207,#1925,.T.);
#4117=EDGE_CURVE('',#3208,#3208,#423,.T.);
#4118=EDGE_CURVE('',#3061,#3208,#1926,.T.);
#4119=EDGE_CURVE('',#3031,#3058,#1927,.T.);
#4120=EDGE_CURVE('',#3030,#3089,#1928,.T.);
#4121=EDGE_CURVE('',#3035,#3075,#1929,.T.);
#4122=EDGE_CURVE('',#3043,#3067,#1930,.T.);
#4123=EDGE_CURVE('',#3046,#2987,#1931,.T.);
#4124=EDGE_CURVE('',#3090,#2978,#1932,.T.);
#4125=EDGE_CURVE('',#3014,#3209,#1933,.T.);
#4126=EDGE_CURVE('',#3209,#3209,#424,.T.);
#4127=EDGE_CURVE('',#3209,#3210,#1934,.T.);
#4128=EDGE_CURVE('',#3210,#3210,#425,.T.);
#4129=EDGE_CURVE('',#3013,#3211,#1935,.T.);
#4130=EDGE_CURVE('',#3211,#3211,#426,.T.);
#4131=EDGE_CURVE('',#3211,#3212,#1936,.T.);
#4132=EDGE_CURVE('',#3212,#3212,#427,.T.);
#4133=EDGE_CURVE('',#2645,#3129,#1937,.T.);
#4134=EDGE_CURVE('',#3213,#3213,#428,.T.);
#4135=EDGE_CURVE('',#3213,#2979,#1938,.T.);
#4136=EDGE_CURVE('',#3122,#3214,#1939,.T.);
#4137=EDGE_CURVE('',#3214,#3215,#429,.T.);
#4138=EDGE_CURVE('',#3123,#3215,#1940,.T.);
#4139=EDGE_CURVE('',#3102,#3214,#1941,.T.);
#4140=EDGE_CURVE('',#3216,#3217,#1942,.T.);
#4141=EDGE_CURVE('',#3215,#3216,#1943,.T.);
#4142=EDGE_CURVE('',#3217,#3101,#430,.T.);
#4143=EDGE_CURVE('',#3217,#2972,#1944,.T.);
#4144=EDGE_CURVE('',#3216,#2971,#1945,.T.);
#4145=EDGE_CURVE('',#3121,#2861,#1946,.T.);
#4146=EDGE_CURVE('',#3120,#2862,#1947,.T.);
#4147=ORIENTED_EDGE('',*,*,#3218,.T.);
#4148=ORIENTED_EDGE('',*,*,#3219,.T.);
#4149=ORIENTED_EDGE('',*,*,#3220,.T.);
#4150=ORIENTED_EDGE('',*,*,#3221,.T.);
#4151=ORIENTED_EDGE('',*,*,#3222,.T.);
#4152=ORIENTED_EDGE('',*,*,#3223,.T.);
#4153=ORIENTED_EDGE('',*,*,#3224,.T.);
#4154=ORIENTED_EDGE('',*,*,#3225,.T.);
#4155=ORIENTED_EDGE('',*,*,#3226,.F.);
#4156=ORIENTED_EDGE('',*,*,#3227,.T.);
#4157=ORIENTED_EDGE('',*,*,#3228,.T.);
#4158=ORIENTED_EDGE('',*,*,#3224,.F.);
#4159=ORIENTED_EDGE('',*,*,#3229,.T.);
#4160=ORIENTED_EDGE('',*,*,#3230,.T.);
#4161=ORIENTED_EDGE('',*,*,#3231,.T.);
#4162=ORIENTED_EDGE('',*,*,#3219,.F.);
#4163=ORIENTED_EDGE('',*,*,#3232,.T.);
#4164=ORIENTED_EDGE('',*,*,#3222,.F.);
#4165=ORIENTED_EDGE('',*,*,#3233,.T.);
#4166=ORIENTED_EDGE('',*,*,#3226,.T.);
#4167=ORIENTED_EDGE('',*,*,#3223,.F.);
#4168=ORIENTED_EDGE('',*,*,#3234,.F.);
#4169=ORIENTED_EDGE('',*,*,#3235,.F.);
#4170=ORIENTED_EDGE('',*,*,#3236,.T.);
#4171=ORIENTED_EDGE('',*,*,#3229,.F.);
#4172=ORIENTED_EDGE('',*,*,#3233,.F.);
#4173=ORIENTED_EDGE('',*,*,#3221,.F.);
#4174=ORIENTED_EDGE('',*,*,#3237,.F.);
#4175=ORIENTED_EDGE('',*,*,#3238,.F.);
#4176=ORIENTED_EDGE('',*,*,#3234,.T.);
#4177=ORIENTED_EDGE('',*,*,#3227,.F.);
#4178=ORIENTED_EDGE('',*,*,#3239,.F.);
#4179=ORIENTED_EDGE('',*,*,#3240,.F.);
#4180=ORIENTED_EDGE('',*,*,#3241,.F.);
#4181=ORIENTED_EDGE('',*,*,#3242,.T.);
#4182=ORIENTED_EDGE('',*,*,#3243,.T.);
#4183=ORIENTED_EDGE('',*,*,#3244,.T.);
#4184=ORIENTED_EDGE('',*,*,#3245,.F.);
#4185=ORIENTED_EDGE('',*,*,#3246,.F.);
#4186=ORIENTED_EDGE('',*,*,#3247,.T.);
#4187=ORIENTED_EDGE('',*,*,#3248,.T.);
#4188=ORIENTED_EDGE('',*,*,#3225,.F.);
#4189=ORIENTED_EDGE('',*,*,#3228,.F.);
#4190=ORIENTED_EDGE('',*,*,#3218,.F.);
#4191=ORIENTED_EDGE('',*,*,#3232,.F.);
#4192=ORIENTED_EDGE('',*,*,#3249,.T.);
#4193=ORIENTED_EDGE('',*,*,#3250,.T.);
#4194=ORIENTED_EDGE('',*,*,#3251,.T.);
#4195=ORIENTED_EDGE('',*,*,#3252,.F.);
#4196=ORIENTED_EDGE('',*,*,#3253,.T.);
#4197=ORIENTED_EDGE('',*,*,#3254,.T.);
#4198=ORIENTED_EDGE('',*,*,#3255,.T.);
#4199=ORIENTED_EDGE('',*,*,#3250,.F.);
#4200=ORIENTED_EDGE('',*,*,#3256,.T.);
#4201=ORIENTED_EDGE('',*,*,#3257,.T.);
#4202=ORIENTED_EDGE('',*,*,#3258,.T.);
#4203=ORIENTED_EDGE('',*,*,#3254,.F.);
#4204=ORIENTED_EDGE('',*,*,#3259,.T.);
#4205=ORIENTED_EDGE('',*,*,#3257,.F.);
#4206=ORIENTED_EDGE('',*,*,#3260,.T.);
#4207=ORIENTED_EDGE('',*,*,#3252,.T.);
#4208=ORIENTED_EDGE('',*,*,#3259,.F.);
#4209=ORIENTED_EDGE('',*,*,#3261,.F.);
#4210=ORIENTED_EDGE('',*,*,#3262,.F.);
#4211=ORIENTED_EDGE('',*,*,#3263,.T.);
#4212=ORIENTED_EDGE('',*,*,#3251,.F.);
#4213=ORIENTED_EDGE('',*,*,#3264,.F.);
#4214=ORIENTED_EDGE('',*,*,#3265,.F.);
#4215=ORIENTED_EDGE('',*,*,#3261,.T.);
#4216=ORIENTED_EDGE('',*,*,#3249,.F.);
#4217=ORIENTED_EDGE('',*,*,#3260,.F.);
#4218=ORIENTED_EDGE('',*,*,#3256,.F.);
#4219=ORIENTED_EDGE('',*,*,#3253,.F.);
#4220=ORIENTED_EDGE('',*,*,#3266,.T.);
#4221=ORIENTED_EDGE('',*,*,#3267,.T.);
#4222=ORIENTED_EDGE('',*,*,#3268,.T.);
#4223=ORIENTED_EDGE('',*,*,#3269,.F.);
#4224=ORIENTED_EDGE('',*,*,#3270,.T.);
#4225=ORIENTED_EDGE('',*,*,#3271,.T.);
#4226=ORIENTED_EDGE('',*,*,#3272,.T.);
#4227=ORIENTED_EDGE('',*,*,#3267,.F.);
#4228=ORIENTED_EDGE('',*,*,#3273,.T.);
#4229=ORIENTED_EDGE('',*,*,#3274,.T.);
#4230=ORIENTED_EDGE('',*,*,#3275,.T.);
#4231=ORIENTED_EDGE('',*,*,#3271,.F.);
#4232=ORIENTED_EDGE('',*,*,#3276,.T.);
#4233=ORIENTED_EDGE('',*,*,#3274,.F.);
#4234=ORIENTED_EDGE('',*,*,#3277,.T.);
#4235=ORIENTED_EDGE('',*,*,#3269,.T.);
#4236=ORIENTED_EDGE('',*,*,#3276,.F.);
#4237=ORIENTED_EDGE('',*,*,#3278,.F.);
#4238=ORIENTED_EDGE('',*,*,#3279,.F.);
#4239=ORIENTED_EDGE('',*,*,#3280,.T.);
#4240=ORIENTED_EDGE('',*,*,#3268,.F.);
#4241=ORIENTED_EDGE('',*,*,#3281,.F.);
#4242=ORIENTED_EDGE('',*,*,#3282,.F.);
#4243=ORIENTED_EDGE('',*,*,#3278,.T.);
#4244=ORIENTED_EDGE('',*,*,#3266,.F.);
#4245=ORIENTED_EDGE('',*,*,#3277,.F.);
#4246=ORIENTED_EDGE('',*,*,#3273,.F.);
#4247=ORIENTED_EDGE('',*,*,#3270,.F.);
#4248=ORIENTED_EDGE('',*,*,#3283,.T.);
#4249=ORIENTED_EDGE('',*,*,#3284,.T.);
#4250=ORIENTED_EDGE('',*,*,#3285,.T.);
#4251=ORIENTED_EDGE('',*,*,#3286,.T.);
#4252=ORIENTED_EDGE('',*,*,#3287,.F.);
#4253=ORIENTED_EDGE('',*,*,#3288,.T.);
#4254=ORIENTED_EDGE('',*,*,#3289,.T.);
#4255=ORIENTED_EDGE('',*,*,#3290,.T.);
#4256=ORIENTED_EDGE('',*,*,#3284,.F.);
#4257=ORIENTED_EDGE('',*,*,#3291,.T.);
#4258=ORIENTED_EDGE('',*,*,#3292,.T.);
#4259=ORIENTED_EDGE('',*,*,#3293,.T.);
#4260=ORIENTED_EDGE('',*,*,#3294,.T.);
#4261=ORIENTED_EDGE('',*,*,#3289,.F.);
#4262=ORIENTED_EDGE('',*,*,#3295,.T.);
#4263=ORIENTED_EDGE('',*,*,#3296,.T.);
#4264=ORIENTED_EDGE('',*,*,#3297,.T.);
#4265=ORIENTED_EDGE('',*,*,#3292,.F.);
#4266=ORIENTED_EDGE('',*,*,#3298,.T.);
#4267=ORIENTED_EDGE('',*,*,#3296,.F.);
#4268=ORIENTED_EDGE('',*,*,#3299,.T.);
#4269=ORIENTED_EDGE('',*,*,#3300,.T.);
#4270=ORIENTED_EDGE('',*,*,#3301,.T.);
#4271=ORIENTED_EDGE('',*,*,#3300,.F.);
#4272=ORIENTED_EDGE('',*,*,#3302,.T.);
#4273=ORIENTED_EDGE('',*,*,#3287,.T.);
#4274=ORIENTED_EDGE('',*,*,#3298,.F.);
#4275=ORIENTED_EDGE('',*,*,#3303,.F.);
#4276=ORIENTED_EDGE('',*,*,#3304,.F.);
#4277=ORIENTED_EDGE('',*,*,#3305,.T.);
#4278=ORIENTED_EDGE('',*,*,#3301,.F.);
#4279=ORIENTED_EDGE('',*,*,#3306,.F.);
#4280=ORIENTED_EDGE('',*,*,#3307,.F.);
#4281=ORIENTED_EDGE('',*,*,#3303,.T.);
#4282=ORIENTED_EDGE('',*,*,#3286,.F.);
#4283=ORIENTED_EDGE('',*,*,#3308,.F.);
#4284=ORIENTED_EDGE('',*,*,#3309,.F.);
#4285=ORIENTED_EDGE('',*,*,#3306,.T.);
#4286=ORIENTED_EDGE('',*,*,#3283,.F.);
#4287=ORIENTED_EDGE('',*,*,#3302,.F.);
#4288=ORIENTED_EDGE('',*,*,#3299,.F.);
#4289=ORIENTED_EDGE('',*,*,#3295,.F.);
#4290=ORIENTED_EDGE('',*,*,#3291,.F.);
#4291=ORIENTED_EDGE('',*,*,#3288,.F.);
#4292=ORIENTED_EDGE('',*,*,#3310,.T.);
#4293=ORIENTED_EDGE('',*,*,#3294,.F.);
#4294=ORIENTED_EDGE('',*,*,#3311,.T.);
#4295=ORIENTED_EDGE('',*,*,#3312,.F.);
#4296=ORIENTED_EDGE('',*,*,#3308,.T.);
#4297=ORIENTED_EDGE('',*,*,#3285,.F.);
#4298=ORIENTED_EDGE('',*,*,#3290,.F.);
#4299=ORIENTED_EDGE('',*,*,#3310,.F.);
#4300=ORIENTED_EDGE('',*,*,#3313,.T.);
#4301=ORIENTED_EDGE('',*,*,#3314,.F.);
#4302=ORIENTED_EDGE('',*,*,#3313,.F.);
#4303=ORIENTED_EDGE('',*,*,#3314,.T.);
#4304=ORIENTED_EDGE('',*,*,#3275,.F.);
#4305=ORIENTED_EDGE('',*,*,#3280,.F.);
#4306=ORIENTED_EDGE('',*,*,#3315,.F.);
#4307=ORIENTED_EDGE('',*,*,#3316,.T.);
#4308=ORIENTED_EDGE('',*,*,#3272,.F.);
#4309=ORIENTED_EDGE('',*,*,#3316,.F.);
#4310=ORIENTED_EDGE('',*,*,#3317,.F.);
#4311=ORIENTED_EDGE('',*,*,#3281,.T.);
#4312=ORIENTED_EDGE('',*,*,#3293,.F.);
#4313=ORIENTED_EDGE('',*,*,#3318,.F.);
#4314=ORIENTED_EDGE('',*,*,#3319,.F.);
#4315=ORIENTED_EDGE('',*,*,#3311,.F.);
#4316=ORIENTED_EDGE('',*,*,#3297,.F.);
#4317=ORIENTED_EDGE('',*,*,#3305,.F.);
#4318=ORIENTED_EDGE('',*,*,#3320,.F.);
#4319=ORIENTED_EDGE('',*,*,#3318,.T.);
#4320=ORIENTED_EDGE('',*,*,#3258,.F.);
#4321=ORIENTED_EDGE('',*,*,#3263,.F.);
#4322=ORIENTED_EDGE('',*,*,#3321,.F.);
#4323=ORIENTED_EDGE('',*,*,#3322,.T.);
#4324=ORIENTED_EDGE('',*,*,#3255,.F.);
#4325=ORIENTED_EDGE('',*,*,#3322,.F.);
#4326=ORIENTED_EDGE('',*,*,#3323,.F.);
#4327=ORIENTED_EDGE('',*,*,#3264,.T.);
#4328=ORIENTED_EDGE('',*,*,#3230,.F.);
#4329=ORIENTED_EDGE('',*,*,#3236,.F.);
#4330=ORIENTED_EDGE('',*,*,#3324,.F.);
#4331=ORIENTED_EDGE('',*,*,#3325,.T.);
#4332=ORIENTED_EDGE('',*,*,#3220,.F.);
#4333=ORIENTED_EDGE('',*,*,#3231,.F.);
#4334=ORIENTED_EDGE('',*,*,#3325,.F.);
#4335=ORIENTED_EDGE('',*,*,#3326,.F.);
#4336=ORIENTED_EDGE('',*,*,#3237,.T.);
#4337=ORIENTED_EDGE('',*,*,#3327,.F.);
#4338=ORIENTED_EDGE('',*,*,#3328,.F.);
#4339=ORIENTED_EDGE('',*,*,#3329,.F.);
#4340=ORIENTED_EDGE('',*,*,#3330,.F.);
#4341=ORIENTED_EDGE('',*,*,#3330,.T.);
#4342=ORIENTED_EDGE('',*,*,#3331,.F.);
#4343=ORIENTED_EDGE('',*,*,#3332,.T.);
#4344=ORIENTED_EDGE('',*,*,#3333,.F.);
#4345=ORIENTED_EDGE('',*,*,#3334,.F.);
#4346=ORIENTED_EDGE('',*,*,#3335,.F.);
#4347=ORIENTED_EDGE('',*,*,#3336,.F.);
#4348=ORIENTED_EDGE('',*,*,#3337,.T.);
#4349=ORIENTED_EDGE('',*,*,#3338,.F.);
#4350=ORIENTED_EDGE('',*,*,#3339,.T.);
#4351=ORIENTED_EDGE('',*,*,#3339,.F.);
#4352=ORIENTED_EDGE('',*,*,#3340,.F.);
#4353=ORIENTED_EDGE('',*,*,#3341,.F.);
#4354=ORIENTED_EDGE('',*,*,#3342,.T.);
#4355=ORIENTED_EDGE('',*,*,#3343,.F.);
#4356=ORIENTED_EDGE('',*,*,#3344,.F.);
#4357=ORIENTED_EDGE('',*,*,#3345,.T.);
#4358=ORIENTED_EDGE('',*,*,#3346,.F.);
#4359=ORIENTED_EDGE('',*,*,#3347,.F.);
#4360=ORIENTED_EDGE('',*,*,#3348,.F.);
#4361=ORIENTED_EDGE('',*,*,#3349,.F.);
#4362=ORIENTED_EDGE('',*,*,#3350,.F.);
#4363=ORIENTED_EDGE('',*,*,#3351,.F.);
#4364=ORIENTED_EDGE('',*,*,#3352,.F.);
#4365=ORIENTED_EDGE('',*,*,#3353,.F.);
#4366=ORIENTED_EDGE('',*,*,#3354,.F.);
#4367=ORIENTED_EDGE('',*,*,#3355,.F.);
#4368=ORIENTED_EDGE('',*,*,#3356,.F.);
#4369=ORIENTED_EDGE('',*,*,#3357,.F.);
#4370=ORIENTED_EDGE('',*,*,#3358,.F.);
#4371=ORIENTED_EDGE('',*,*,#3359,.F.);
#4372=ORIENTED_EDGE('',*,*,#3360,.T.);
#4373=ORIENTED_EDGE('',*,*,#3361,.F.);
#4374=ORIENTED_EDGE('',*,*,#3357,.T.);
#4375=ORIENTED_EDGE('',*,*,#3362,.F.);
#4376=ORIENTED_EDGE('',*,*,#3363,.F.);
#4377=ORIENTED_EDGE('',*,*,#3364,.F.);
#4378=ORIENTED_EDGE('',*,*,#3365,.F.);
#4379=ORIENTED_EDGE('',*,*,#3353,.T.);
#4380=ORIENTED_EDGE('',*,*,#3366,.F.);
#4381=ORIENTED_EDGE('',*,*,#3360,.F.);
#4382=ORIENTED_EDGE('',*,*,#3367,.F.);
#4383=ORIENTED_EDGE('',*,*,#3363,.T.);
#4384=ORIENTED_EDGE('',*,*,#3365,.T.);
#4385=ORIENTED_EDGE('',*,*,#3368,.F.);
#4386=ORIENTED_EDGE('',*,*,#3369,.T.);
#4387=ORIENTED_EDGE('',*,*,#3370,.T.);
#4388=ORIENTED_EDGE('',*,*,#3354,.T.);
#4389=ORIENTED_EDGE('',*,*,#3355,.T.);
#4390=ORIENTED_EDGE('',*,*,#3370,.F.);
#4391=ORIENTED_EDGE('',*,*,#3371,.T.);
#4392=ORIENTED_EDGE('',*,*,#3372,.T.);
#4393=ORIENTED_EDGE('',*,*,#3373,.F.);
#4394=ORIENTED_EDGE('',*,*,#3245,.T.);
#4395=ORIENTED_EDGE('',*,*,#3374,.T.);
#4396=ORIENTED_EDGE('',*,*,#3375,.T.);
#4397=ORIENTED_EDGE('',*,*,#3352,.T.);
#4398=ORIENTED_EDGE('',*,*,#3361,.T.);
#4399=ORIENTED_EDGE('',*,*,#3366,.T.);
#4400=ORIENTED_EDGE('',*,*,#3362,.T.);
#4401=ORIENTED_EDGE('',*,*,#3376,.F.);
#4402=ORIENTED_EDGE('',*,*,#3377,.F.);
#4403=ORIENTED_EDGE('',*,*,#3378,.F.);
#4404=ORIENTED_EDGE('',*,*,#3379,.F.);
#4405=ORIENTED_EDGE('',*,*,#3377,.T.);
#4406=ORIENTED_EDGE('',*,*,#3380,.T.);
#4407=ORIENTED_EDGE('',*,*,#3381,.T.);
#4408=ORIENTED_EDGE('',*,*,#3382,.F.);
#4409=ORIENTED_EDGE('',*,*,#3383,.T.);
#4410=ORIENTED_EDGE('',*,*,#3381,.F.);
#4411=ORIENTED_EDGE('',*,*,#3384,.F.);
#4412=ORIENTED_EDGE('',*,*,#3385,.F.);
#4413=ORIENTED_EDGE('',*,*,#3386,.T.);
#4414=ORIENTED_EDGE('',*,*,#3387,.F.);
#4415=ORIENTED_EDGE('',*,*,#3388,.F.);
#4416=ORIENTED_EDGE('',*,*,#3389,.F.);
#4417=ORIENTED_EDGE('',*,*,#3385,.T.);
#4418=ORIENTED_EDGE('',*,*,#3390,.T.);
#4419=ORIENTED_EDGE('',*,*,#3387,.T.);
#4420=ORIENTED_EDGE('',*,*,#3391,.F.);
#4421=ORIENTED_EDGE('',*,*,#3392,.F.);
#4422=ORIENTED_EDGE('',*,*,#3393,.F.);
#4423=ORIENTED_EDGE('',*,*,#3394,.F.);
#4424=ORIENTED_EDGE('',*,*,#3395,.F.);
#4425=ORIENTED_EDGE('',*,*,#3389,.T.);
#4426=ORIENTED_EDGE('',*,*,#3396,.T.);
#4427=ORIENTED_EDGE('',*,*,#3395,.T.);
#4428=ORIENTED_EDGE('',*,*,#3397,.F.);
#4429=ORIENTED_EDGE('',*,*,#3398,.F.);
#4430=ORIENTED_EDGE('',*,*,#3399,.F.);
#4431=ORIENTED_EDGE('',*,*,#3400,.F.);
#4432=ORIENTED_EDGE('',*,*,#3401,.F.);
#4433=ORIENTED_EDGE('',*,*,#3401,.T.);
#4434=ORIENTED_EDGE('',*,*,#3402,.F.);
#4435=ORIENTED_EDGE('',*,*,#3403,.T.);
#4436=ORIENTED_EDGE('',*,*,#3404,.T.);
#4437=ORIENTED_EDGE('',*,*,#3405,.F.);
#4438=ORIENTED_EDGE('',*,*,#3403,.F.);
#4439=ORIENTED_EDGE('',*,*,#3406,.F.);
#4440=ORIENTED_EDGE('',*,*,#3407,.F.);
#4441=ORIENTED_EDGE('',*,*,#3408,.F.);
#4442=ORIENTED_EDGE('',*,*,#3409,.F.);
#4443=ORIENTED_EDGE('',*,*,#3410,.T.);
#4444=ORIENTED_EDGE('',*,*,#3411,.F.);
#4445=ORIENTED_EDGE('',*,*,#3412,.F.);
#4446=ORIENTED_EDGE('',*,*,#3409,.T.);
#4447=ORIENTED_EDGE('',*,*,#3413,.T.);
#4448=ORIENTED_EDGE('',*,*,#3414,.F.);
#4449=ORIENTED_EDGE('',*,*,#3415,.F.);
#4450=ORIENTED_EDGE('',*,*,#3416,.T.);
#4451=ORIENTED_EDGE('',*,*,#3417,.T.);
#4452=ORIENTED_EDGE('',*,*,#3418,.F.);
#4453=ORIENTED_EDGE('',*,*,#3419,.F.);
#4454=ORIENTED_EDGE('',*,*,#3420,.F.);
#4455=ORIENTED_EDGE('',*,*,#3421,.T.);
#4456=ORIENTED_EDGE('',*,*,#3422,.F.);
#4457=ORIENTED_EDGE('',*,*,#3423,.F.);
#4458=ORIENTED_EDGE('',*,*,#3424,.F.);
#4459=ORIENTED_EDGE('',*,*,#3425,.F.);
#4460=ORIENTED_EDGE('',*,*,#3426,.F.);
#4461=ORIENTED_EDGE('',*,*,#3427,.F.);
#4462=ORIENTED_EDGE('',*,*,#3428,.F.);
#4463=ORIENTED_EDGE('',*,*,#3429,.F.);
#4464=ORIENTED_EDGE('',*,*,#3371,.F.);
#4465=ORIENTED_EDGE('',*,*,#3369,.F.);
#4466=ORIENTED_EDGE('',*,*,#3430,.F.);
#4467=ORIENTED_EDGE('',*,*,#3431,.F.);
#4468=ORIENTED_EDGE('',*,*,#3432,.F.);
#4469=ORIENTED_EDGE('',*,*,#3433,.T.);
#4470=ORIENTED_EDGE('',*,*,#3434,.F.);
#4471=ORIENTED_EDGE('',*,*,#3435,.F.);
#4472=ORIENTED_EDGE('',*,*,#3436,.F.);
#4473=ORIENTED_EDGE('',*,*,#3435,.T.);
#4474=ORIENTED_EDGE('',*,*,#3437,.F.);
#4475=ORIENTED_EDGE('',*,*,#3438,.F.);
#4476=ORIENTED_EDGE('',*,*,#3439,.F.);
#4477=ORIENTED_EDGE('',*,*,#3438,.T.);
#4478=ORIENTED_EDGE('',*,*,#3440,.F.);
#4479=ORIENTED_EDGE('',*,*,#3441,.F.);
#4480=ORIENTED_EDGE('',*,*,#3442,.F.);
#4481=ORIENTED_EDGE('',*,*,#3443,.F.);
#4482=ORIENTED_EDGE('',*,*,#3444,.F.);
#4483=ORIENTED_EDGE('',*,*,#3445,.F.);
#4484=ORIENTED_EDGE('',*,*,#3442,.T.);
#4485=ORIENTED_EDGE('',*,*,#3446,.F.);
#4486=ORIENTED_EDGE('',*,*,#3447,.F.);
#4487=ORIENTED_EDGE('',*,*,#3448,.F.);
#4488=ORIENTED_EDGE('',*,*,#3444,.T.);
#4489=ORIENTED_EDGE('',*,*,#3449,.F.);
#4490=ORIENTED_EDGE('',*,*,#3450,.F.);
#4491=ORIENTED_EDGE('',*,*,#3433,.F.);
#4492=ORIENTED_EDGE('',*,*,#3451,.F.);
#4493=ORIENTED_EDGE('',*,*,#3447,.T.);
#4494=ORIENTED_EDGE('',*,*,#3434,.T.);
#4495=ORIENTED_EDGE('',*,*,#3452,.F.);
#4496=ORIENTED_EDGE('',*,*,#3422,.T.);
#4497=ORIENTED_EDGE('',*,*,#3453,.T.);
#4498=ORIENTED_EDGE('',*,*,#3437,.T.);
#4499=ORIENTED_EDGE('',*,*,#3453,.F.);
#4500=ORIENTED_EDGE('',*,*,#3454,.T.);
#4501=ORIENTED_EDGE('',*,*,#3408,.T.);
#4502=ORIENTED_EDGE('',*,*,#3455,.T.);
#4503=ORIENTED_EDGE('',*,*,#3412,.T.);
#4504=ORIENTED_EDGE('',*,*,#3456,.T.);
#4505=ORIENTED_EDGE('',*,*,#3440,.T.);
#4506=ORIENTED_EDGE('',*,*,#3455,.F.);
#4507=ORIENTED_EDGE('',*,*,#3432,.T.);
#4508=ORIENTED_EDGE('',*,*,#3436,.T.);
#4509=ORIENTED_EDGE('',*,*,#3439,.T.);
#4510=ORIENTED_EDGE('',*,*,#3445,.T.);
#4511=ORIENTED_EDGE('',*,*,#3448,.T.);
#4512=ORIENTED_EDGE('',*,*,#3451,.T.);
#4513=ORIENTED_EDGE('',*,*,#3457,.F.);
#4514=ORIENTED_EDGE('',*,*,#3458,.F.);
#4515=ORIENTED_EDGE('',*,*,#3459,.T.);
#4516=ORIENTED_EDGE('',*,*,#3460,.F.);
#4517=ORIENTED_EDGE('',*,*,#3461,.F.);
#4518=ORIENTED_EDGE('',*,*,#3462,.F.);
#4519=ORIENTED_EDGE('',*,*,#3461,.T.);
#4520=ORIENTED_EDGE('',*,*,#3463,.F.);
#4521=ORIENTED_EDGE('',*,*,#3464,.F.);
#4522=ORIENTED_EDGE('',*,*,#3465,.F.);
#4523=ORIENTED_EDGE('',*,*,#3464,.T.);
#4524=ORIENTED_EDGE('',*,*,#3466,.F.);
#4525=ORIENTED_EDGE('',*,*,#3467,.F.);
#4526=ORIENTED_EDGE('',*,*,#3468,.F.);
#4527=ORIENTED_EDGE('',*,*,#3459,.F.);
#4528=ORIENTED_EDGE('',*,*,#3469,.F.);
#4529=ORIENTED_EDGE('',*,*,#3467,.T.);
#4530=ORIENTED_EDGE('',*,*,#3468,.T.);
#4531=ORIENTED_EDGE('',*,*,#3470,.F.);
#4532=ORIENTED_EDGE('',*,*,#3428,.T.);
#4533=ORIENTED_EDGE('',*,*,#3471,.T.);
#4534=ORIENTED_EDGE('',*,*,#3460,.T.);
#4535=ORIENTED_EDGE('',*,*,#3471,.F.);
#4536=ORIENTED_EDGE('',*,*,#3427,.T.);
#4537=ORIENTED_EDGE('',*,*,#3472,.T.);
#4538=ORIENTED_EDGE('',*,*,#3458,.T.);
#4539=ORIENTED_EDGE('',*,*,#3462,.T.);
#4540=ORIENTED_EDGE('',*,*,#3465,.T.);
#4541=ORIENTED_EDGE('',*,*,#3469,.T.);
#4542=ORIENTED_EDGE('',*,*,#3473,.F.);
#4543=ORIENTED_EDGE('',*,*,#3474,.T.);
#4544=ORIENTED_EDGE('',*,*,#3475,.F.);
#4545=ORIENTED_EDGE('',*,*,#3476,.F.);
#4546=ORIENTED_EDGE('',*,*,#3477,.F.);
#4547=ORIENTED_EDGE('',*,*,#3476,.T.);
#4548=ORIENTED_EDGE('',*,*,#3478,.F.);
#4549=ORIENTED_EDGE('',*,*,#3479,.F.);
#4550=ORIENTED_EDGE('',*,*,#3480,.F.);
#4551=ORIENTED_EDGE('',*,*,#3479,.T.);
#4552=ORIENTED_EDGE('',*,*,#3481,.F.);
#4553=ORIENTED_EDGE('',*,*,#3482,.F.);
#4554=ORIENTED_EDGE('',*,*,#3483,.F.);
#4555=ORIENTED_EDGE('',*,*,#3474,.F.);
#4556=ORIENTED_EDGE('',*,*,#3484,.F.);
#4557=ORIENTED_EDGE('',*,*,#3482,.T.);
#4558=ORIENTED_EDGE('',*,*,#3483,.T.);
#4559=ORIENTED_EDGE('',*,*,#3485,.F.);
#4560=ORIENTED_EDGE('',*,*,#3418,.T.);
#4561=ORIENTED_EDGE('',*,*,#3486,.T.);
#4562=ORIENTED_EDGE('',*,*,#3475,.T.);
#4563=ORIENTED_EDGE('',*,*,#3486,.F.);
#4564=ORIENTED_EDGE('',*,*,#3487,.T.);
#4565=ORIENTED_EDGE('',*,*,#3488,.T.);
#4566=ORIENTED_EDGE('',*,*,#3473,.T.);
#4567=ORIENTED_EDGE('',*,*,#3477,.T.);
#4568=ORIENTED_EDGE('',*,*,#3480,.T.);
#4569=ORIENTED_EDGE('',*,*,#3484,.T.);
#4570=ORIENTED_EDGE('',*,*,#3489,.F.);
#4571=ORIENTED_EDGE('',*,*,#3490,.F.);
#4572=ORIENTED_EDGE('',*,*,#3491,.F.);
#4573=ORIENTED_EDGE('',*,*,#3492,.F.);
#4574=ORIENTED_EDGE('',*,*,#3493,.F.);
#4575=ORIENTED_EDGE('',*,*,#3494,.F.);
#4576=ORIENTED_EDGE('',*,*,#3489,.T.);
#4577=ORIENTED_EDGE('',*,*,#3495,.F.);
#4578=ORIENTED_EDGE('',*,*,#3496,.F.);
#4579=ORIENTED_EDGE('',*,*,#3497,.F.);
#4580=ORIENTED_EDGE('',*,*,#3493,.T.);
#4581=ORIENTED_EDGE('',*,*,#3498,.F.);
#4582=ORIENTED_EDGE('',*,*,#3497,.T.);
#4583=ORIENTED_EDGE('',*,*,#3499,.T.);
#4584=ORIENTED_EDGE('',*,*,#3334,.T.);
#4585=ORIENTED_EDGE('',*,*,#3500,.T.);
#4586=ORIENTED_EDGE('',*,*,#3501,.T.);
#4587=ORIENTED_EDGE('',*,*,#3494,.T.);
#4588=ORIENTED_EDGE('',*,*,#3501,.F.);
#4589=ORIENTED_EDGE('',*,*,#3502,.F.);
#4590=ORIENTED_EDGE('',*,*,#3503,.F.);
#4591=ORIENTED_EDGE('',*,*,#3490,.T.);
#4592=ORIENTED_EDGE('',*,*,#3503,.T.);
#4593=ORIENTED_EDGE('',*,*,#3504,.F.);
#4594=ORIENTED_EDGE('',*,*,#3505,.T.);
#4595=ORIENTED_EDGE('',*,*,#3449,.T.);
#4596=ORIENTED_EDGE('',*,*,#3443,.T.);
#4597=ORIENTED_EDGE('',*,*,#3441,.T.);
#4598=ORIENTED_EDGE('',*,*,#3456,.F.);
#4599=ORIENTED_EDGE('',*,*,#3411,.T.);
#4600=ORIENTED_EDGE('',*,*,#3506,.T.);
#4601=ORIENTED_EDGE('',*,*,#3507,.F.);
#4602=ORIENTED_EDGE('',*,*,#3415,.T.);
#4603=ORIENTED_EDGE('',*,*,#3508,.F.);
#4604=ORIENTED_EDGE('',*,*,#3509,.T.);
#4605=ORIENTED_EDGE('',*,*,#3510,.F.);
#4606=ORIENTED_EDGE('',*,*,#3511,.T.);
#4607=ORIENTED_EDGE('',*,*,#3512,.T.);
#4608=ORIENTED_EDGE('',*,*,#3513,.T.);
#4609=ORIENTED_EDGE('',*,*,#3512,.F.);
#4610=ORIENTED_EDGE('',*,*,#3513,.F.);
#4611=ORIENTED_EDGE('',*,*,#3514,.T.);
#4612=ORIENTED_EDGE('',*,*,#3515,.T.);
#4613=ORIENTED_EDGE('',*,*,#3399,.T.);
#4614=ORIENTED_EDGE('',*,*,#3516,.T.);
#4615=ORIENTED_EDGE('',*,*,#3517,.T.);
#4616=ORIENTED_EDGE('',*,*,#3518,.T.);
#4617=ORIENTED_EDGE('',*,*,#3519,.F.);
#4618=ORIENTED_EDGE('',*,*,#3520,.T.);
#4619=ORIENTED_EDGE('',*,*,#3344,.T.);
#4620=ORIENTED_EDGE('',*,*,#3521,.F.);
#4621=ORIENTED_EDGE('',*,*,#3522,.F.);
#4622=ORIENTED_EDGE('',*,*,#3523,.T.);
#4623=ORIENTED_EDGE('',*,*,#3522,.T.);
#4624=ORIENTED_EDGE('',*,*,#3524,.F.);
#4625=ORIENTED_EDGE('',*,*,#3525,.F.);
#4626=ORIENTED_EDGE('',*,*,#3526,.T.);
#4627=ORIENTED_EDGE('',*,*,#3525,.T.);
#4628=ORIENTED_EDGE('',*,*,#3527,.F.);
#4629=ORIENTED_EDGE('',*,*,#3518,.F.);
#4630=ORIENTED_EDGE('',*,*,#3393,.T.);
#4631=ORIENTED_EDGE('',*,*,#3528,.T.);
#4632=ORIENTED_EDGE('',*,*,#3407,.T.);
#4633=ORIENTED_EDGE('',*,*,#3529,.F.);
#4634=ORIENTED_EDGE('',*,*,#3530,.T.);
#4635=ORIENTED_EDGE('',*,*,#3531,.T.);
#4636=ORIENTED_EDGE('',*,*,#3532,.T.);
#4637=ORIENTED_EDGE('',*,*,#3531,.F.);
#4638=ORIENTED_EDGE('',*,*,#3532,.F.);
#4639=ORIENTED_EDGE('',*,*,#3533,.T.);
#4640=ORIENTED_EDGE('',*,*,#3534,.T.);
#4641=ORIENTED_EDGE('',*,*,#3533,.F.);
#4642=ORIENTED_EDGE('',*,*,#3502,.T.);
#4643=ORIENTED_EDGE('',*,*,#3500,.F.);
#4644=ORIENTED_EDGE('',*,*,#3333,.T.);
#4645=ORIENTED_EDGE('',*,*,#3535,.T.);
#4646=ORIENTED_EDGE('',*,*,#3504,.T.);
#4647=ORIENTED_EDGE('',*,*,#3534,.F.);
#4648=ORIENTED_EDGE('',*,*,#3498,.T.);
#4649=ORIENTED_EDGE('',*,*,#3495,.T.);
#4650=ORIENTED_EDGE('',*,*,#3492,.T.);
#4651=ORIENTED_EDGE('',*,*,#3536,.T.);
#4652=ORIENTED_EDGE('',*,*,#3537,.T.);
#4653=ORIENTED_EDGE('',*,*,#3530,.F.);
#4654=ORIENTED_EDGE('',*,*,#3536,.F.);
#4655=ORIENTED_EDGE('',*,*,#3491,.T.);
#4656=ORIENTED_EDGE('',*,*,#3505,.F.);
#4657=ORIENTED_EDGE('',*,*,#3535,.F.);
#4658=ORIENTED_EDGE('',*,*,#3332,.F.);
#4659=ORIENTED_EDGE('',*,*,#3538,.T.);
#4660=ORIENTED_EDGE('',*,*,#3539,.F.);
#4661=ORIENTED_EDGE('',*,*,#3540,.T.);
#4662=ORIENTED_EDGE('',*,*,#3541,.F.);
#4663=ORIENTED_EDGE('',*,*,#3542,.F.);
#4664=ORIENTED_EDGE('',*,*,#3543,.F.);
#4665=ORIENTED_EDGE('',*,*,#3544,.F.);
#4666=ORIENTED_EDGE('',*,*,#3545,.F.);
#4667=ORIENTED_EDGE('',*,*,#3248,.F.);
#4668=ORIENTED_EDGE('',*,*,#3546,.T.);
#4669=ORIENTED_EDGE('',*,*,#3547,.F.);
#4670=ORIENTED_EDGE('',*,*,#3375,.F.);
#4671=ORIENTED_EDGE('',*,*,#3548,.F.);
#4672=ORIENTED_EDGE('',*,*,#3549,.F.);
#4673=ORIENTED_EDGE('',*,*,#3550,.F.);
#4674=ORIENTED_EDGE('',*,*,#3551,.F.);
#4675=ORIENTED_EDGE('',*,*,#3552,.F.);
#4676=ORIENTED_EDGE('',*,*,#3553,.F.);
#4677=ORIENTED_EDGE('',*,*,#3554,.F.);
#4678=ORIENTED_EDGE('',*,*,#3555,.F.);
#4679=ORIENTED_EDGE('',*,*,#3556,.F.);
#4680=ORIENTED_EDGE('',*,*,#3557,.F.);
#4681=ORIENTED_EDGE('',*,*,#3558,.F.);
#4682=ORIENTED_EDGE('',*,*,#3559,.F.);
#4683=ORIENTED_EDGE('',*,*,#3560,.T.);
#4684=ORIENTED_EDGE('',*,*,#3561,.F.);
#4685=ORIENTED_EDGE('',*,*,#3562,.F.);
#4686=ORIENTED_EDGE('',*,*,#3563,.F.);
#4687=ORIENTED_EDGE('',*,*,#3564,.T.);
#4688=ORIENTED_EDGE('',*,*,#3565,.T.);
#4689=ORIENTED_EDGE('',*,*,#3566,.F.);
#4690=ORIENTED_EDGE('',*,*,#3567,.F.);
#4691=ORIENTED_EDGE('',*,*,#3561,.T.);
#4692=ORIENTED_EDGE('',*,*,#3568,.T.);
#4693=ORIENTED_EDGE('',*,*,#3569,.T.);
#4694=ORIENTED_EDGE('',*,*,#3570,.F.);
#4695=ORIENTED_EDGE('',*,*,#3571,.F.);
#4696=ORIENTED_EDGE('',*,*,#3566,.T.);
#4697=ORIENTED_EDGE('',*,*,#3572,.T.);
#4698=ORIENTED_EDGE('',*,*,#3562,.T.);
#4699=ORIENTED_EDGE('',*,*,#3567,.T.);
#4700=ORIENTED_EDGE('',*,*,#3571,.T.);
#4701=ORIENTED_EDGE('',*,*,#3573,.T.);
#4702=ORIENTED_EDGE('',*,*,#3574,.T.);
#4703=ORIENTED_EDGE('',*,*,#3575,.T.);
#4704=ORIENTED_EDGE('',*,*,#3576,.T.);
#4705=ORIENTED_EDGE('',*,*,#3577,.F.);
#4706=ORIENTED_EDGE('',*,*,#3573,.F.);
#4707=ORIENTED_EDGE('',*,*,#3570,.T.);
#4708=ORIENTED_EDGE('',*,*,#3578,.T.);
#4709=ORIENTED_EDGE('',*,*,#3579,.F.);
#4710=ORIENTED_EDGE('',*,*,#3574,.F.);
#4711=ORIENTED_EDGE('',*,*,#3577,.T.);
#4712=ORIENTED_EDGE('',*,*,#3580,.T.);
#4713=ORIENTED_EDGE('',*,*,#3563,.T.);
#4714=ORIENTED_EDGE('',*,*,#3572,.F.);
#4715=ORIENTED_EDGE('',*,*,#3579,.T.);
#4716=ORIENTED_EDGE('',*,*,#3565,.F.);
#4717=ORIENTED_EDGE('',*,*,#3581,.T.);
#4718=ORIENTED_EDGE('',*,*,#3538,.F.);
#4719=ORIENTED_EDGE('',*,*,#3331,.T.);
#4720=ORIENTED_EDGE('',*,*,#3329,.T.);
#4721=ORIENTED_EDGE('',*,*,#3582,.T.);
#4722=ORIENTED_EDGE('',*,*,#3510,.T.);
#4723=ORIENTED_EDGE('',*,*,#3349,.T.);
#4724=ORIENTED_EDGE('',*,*,#3583,.F.);
#4725=ORIENTED_EDGE('',*,*,#3552,.T.);
#4726=ORIENTED_EDGE('',*,*,#3584,.T.);
#4727=ORIENTED_EDGE('',*,*,#3568,.F.);
#4728=ORIENTED_EDGE('',*,*,#3328,.T.);
#4729=ORIENTED_EDGE('',*,*,#3585,.T.);
#4730=ORIENTED_EDGE('',*,*,#3586,.F.);
#4731=ORIENTED_EDGE('',*,*,#3416,.F.);
#4732=ORIENTED_EDGE('',*,*,#3582,.F.);
#4733=ORIENTED_EDGE('',*,*,#3587,.F.);
#4734=ORIENTED_EDGE('',*,*,#3588,.T.);
#4735=ORIENTED_EDGE('',*,*,#3589,.F.);
#4736=ORIENTED_EDGE('',*,*,#3590,.F.);
#4737=ORIENTED_EDGE('',*,*,#3588,.F.);
#4738=ORIENTED_EDGE('',*,*,#3590,.T.);
#4739=ORIENTED_EDGE('',*,*,#3591,.T.);
#4740=ORIENTED_EDGE('',*,*,#3575,.F.);
#4741=ORIENTED_EDGE('',*,*,#3591,.F.);
#4742=ORIENTED_EDGE('',*,*,#3589,.T.);
#4743=ORIENTED_EDGE('',*,*,#3592,.T.);
#4744=ORIENTED_EDGE('',*,*,#3593,.T.);
#4745=ORIENTED_EDGE('',*,*,#3594,.T.);
#4746=ORIENTED_EDGE('',*,*,#3542,.T.);
#4747=ORIENTED_EDGE('',*,*,#3595,.T.);
#4748=ORIENTED_EDGE('',*,*,#3596,.T.);
#4749=ORIENTED_EDGE('',*,*,#3597,.F.);
#4750=ORIENTED_EDGE('',*,*,#3587,.T.);
#4751=ORIENTED_EDGE('',*,*,#3598,.T.);
#4752=ORIENTED_EDGE('',*,*,#3543,.T.);
#4753=ORIENTED_EDGE('',*,*,#3594,.F.);
#4754=ORIENTED_EDGE('',*,*,#3599,.F.);
#4755=ORIENTED_EDGE('',*,*,#3600,.T.);
#4756=ORIENTED_EDGE('',*,*,#3599,.T.);
#4757=ORIENTED_EDGE('',*,*,#3593,.F.);
#4758=ORIENTED_EDGE('',*,*,#3601,.F.);
#4759=ORIENTED_EDGE('',*,*,#3602,.T.);
#4760=ORIENTED_EDGE('',*,*,#3601,.T.);
#4761=ORIENTED_EDGE('',*,*,#3592,.F.);
#4762=ORIENTED_EDGE('',*,*,#3603,.T.);
#4763=ORIENTED_EDGE('',*,*,#3499,.F.);
#4764=ORIENTED_EDGE('',*,*,#3496,.T.);
#4765=ORIENTED_EDGE('',*,*,#3537,.F.);
#4766=ORIENTED_EDGE('',*,*,#3545,.T.);
#4767=ORIENTED_EDGE('',*,*,#3604,.T.);
#4768=ORIENTED_EDGE('',*,*,#3605,.T.);
#4769=ORIENTED_EDGE('',*,*,#3585,.F.);
#4770=ORIENTED_EDGE('',*,*,#3327,.T.);
#4771=ORIENTED_EDGE('',*,*,#3335,.T.);
#4772=ORIENTED_EDGE('',*,*,#3605,.F.);
#4773=ORIENTED_EDGE('',*,*,#3606,.F.);
#4774=ORIENTED_EDGE('',*,*,#3607,.T.);
#4775=ORIENTED_EDGE('',*,*,#3608,.T.);
#4776=ORIENTED_EDGE('',*,*,#3609,.F.);
#4777=ORIENTED_EDGE('',*,*,#3610,.T.);
#4778=ORIENTED_EDGE('',*,*,#3413,.F.);
#4779=ORIENTED_EDGE('',*,*,#3454,.F.);
#4780=ORIENTED_EDGE('',*,*,#3421,.F.);
#4781=ORIENTED_EDGE('',*,*,#3487,.F.);
#4782=ORIENTED_EDGE('',*,*,#3417,.F.);
#4783=ORIENTED_EDGE('',*,*,#3586,.T.);
#4784=ORIENTED_EDGE('',*,*,#3540,.F.);
#4785=ORIENTED_EDGE('',*,*,#3611,.F.);
#4786=ORIENTED_EDGE('',*,*,#3612,.F.);
#4787=ORIENTED_EDGE('',*,*,#3613,.F.);
#4788=ORIENTED_EDGE('',*,*,#3564,.F.);
#4789=ORIENTED_EDGE('',*,*,#3560,.F.);
#4790=ORIENTED_EDGE('',*,*,#3580,.F.);
#4791=ORIENTED_EDGE('',*,*,#3578,.F.);
#4792=ORIENTED_EDGE('',*,*,#3576,.F.);
#4793=ORIENTED_EDGE('',*,*,#3569,.F.);
#4794=ORIENTED_EDGE('',*,*,#3584,.F.);
#4795=ORIENTED_EDGE('',*,*,#3551,.T.);
#4796=ORIENTED_EDGE('',*,*,#3614,.T.);
#4797=ORIENTED_EDGE('',*,*,#3615,.T.);
#4798=ORIENTED_EDGE('',*,*,#3611,.T.);
#4799=ORIENTED_EDGE('',*,*,#3539,.T.);
#4800=ORIENTED_EDGE('',*,*,#3581,.F.);
#4801=ORIENTED_EDGE('',*,*,#3612,.T.);
#4802=ORIENTED_EDGE('',*,*,#3615,.F.);
#4803=ORIENTED_EDGE('',*,*,#3616,.T.);
#4804=ORIENTED_EDGE('',*,*,#3617,.F.);
#4805=ORIENTED_EDGE('',*,*,#3595,.F.);
#4806=ORIENTED_EDGE('',*,*,#3541,.T.);
#4807=ORIENTED_EDGE('',*,*,#3613,.T.);
#4808=ORIENTED_EDGE('',*,*,#3617,.T.);
#4809=ORIENTED_EDGE('',*,*,#3618,.T.);
#4810=ORIENTED_EDGE('',*,*,#3619,.T.);
#4811=ORIENTED_EDGE('',*,*,#3616,.F.);
#4812=ORIENTED_EDGE('',*,*,#3614,.F.);
#4813=ORIENTED_EDGE('',*,*,#3550,.T.);
#4814=ORIENTED_EDGE('',*,*,#3620,.T.);
#4815=ORIENTED_EDGE('',*,*,#3597,.T.);
#4816=ORIENTED_EDGE('',*,*,#3621,.T.);
#4817=ORIENTED_EDGE('',*,*,#3618,.F.);
#4818=ORIENTED_EDGE('',*,*,#3596,.F.);
#4819=ORIENTED_EDGE('',*,*,#3619,.F.);
#4820=ORIENTED_EDGE('',*,*,#3621,.F.);
#4821=ORIENTED_EDGE('',*,*,#3622,.T.);
#4822=ORIENTED_EDGE('',*,*,#3623,.T.);
#4823=ORIENTED_EDGE('',*,*,#3624,.T.);
#4824=ORIENTED_EDGE('',*,*,#3623,.F.);
#4825=ORIENTED_EDGE('',*,*,#3625,.T.);
#4826=ORIENTED_EDGE('',*,*,#3626,.T.);
#4827=ORIENTED_EDGE('',*,*,#3627,.T.);
#4828=ORIENTED_EDGE('',*,*,#3628,.T.);
#4829=ORIENTED_EDGE('',*,*,#3629,.T.);
#4830=ORIENTED_EDGE('',*,*,#3630,.T.);
#4831=ORIENTED_EDGE('',*,*,#3631,.T.);
#4832=ORIENTED_EDGE('',*,*,#3626,.F.);
#4833=ORIENTED_EDGE('',*,*,#3629,.F.);
#4834=ORIENTED_EDGE('',*,*,#3632,.T.);
#4835=ORIENTED_EDGE('',*,*,#3633,.T.);
#4836=ORIENTED_EDGE('',*,*,#3634,.T.);
#4837=ORIENTED_EDGE('',*,*,#3635,.T.);
#4838=ORIENTED_EDGE('',*,*,#3609,.T.);
#4839=ORIENTED_EDGE('',*,*,#3636,.T.);
#4840=ORIENTED_EDGE('',*,*,#3637,.T.);
#4841=ORIENTED_EDGE('',*,*,#3638,.T.);
#4842=ORIENTED_EDGE('',*,*,#3630,.F.);
#4843=ORIENTED_EDGE('',*,*,#3638,.F.);
#4844=ORIENTED_EDGE('',*,*,#3639,.F.);
#4845=ORIENTED_EDGE('',*,*,#3640,.F.);
#4846=ORIENTED_EDGE('',*,*,#3641,.T.);
#4847=ORIENTED_EDGE('',*,*,#3642,.T.);
#4848=ORIENTED_EDGE('',*,*,#3643,.F.);
#4849=ORIENTED_EDGE('',*,*,#3644,.F.);
#4850=ORIENTED_EDGE('',*,*,#3625,.F.);
#4851=ORIENTED_EDGE('',*,*,#3645,.T.);
#4852=ORIENTED_EDGE('',*,*,#3646,.T.);
#4853=ORIENTED_EDGE('',*,*,#3647,.T.);
#4854=ORIENTED_EDGE('',*,*,#3648,.T.);
#4855=ORIENTED_EDGE('',*,*,#3649,.F.);
#4856=ORIENTED_EDGE('',*,*,#3642,.F.);
#4857=ORIENTED_EDGE('',*,*,#3650,.T.);
#4858=ORIENTED_EDGE('',*,*,#3644,.T.);
#4859=ORIENTED_EDGE('',*,*,#3651,.F.);
#4860=ORIENTED_EDGE('',*,*,#3652,.F.);
#4861=ORIENTED_EDGE('',*,*,#3653,.T.);
#4862=ORIENTED_EDGE('',*,*,#3654,.T.);
#4863=ORIENTED_EDGE('',*,*,#3655,.T.);
#4864=ORIENTED_EDGE('',*,*,#3652,.T.);
#4865=ORIENTED_EDGE('',*,*,#3656,.F.);
#4866=ORIENTED_EDGE('',*,*,#3648,.F.);
#4867=ORIENTED_EDGE('',*,*,#3657,.T.);
#4868=ORIENTED_EDGE('',*,*,#3658,.T.);
#4869=ORIENTED_EDGE('',*,*,#3624,.F.);
#4870=ORIENTED_EDGE('',*,*,#3643,.T.);
#4871=ORIENTED_EDGE('',*,*,#3649,.T.);
#4872=ORIENTED_EDGE('',*,*,#3656,.T.);
#4873=ORIENTED_EDGE('',*,*,#3651,.T.);
#4874=ORIENTED_EDGE('',*,*,#3631,.F.);
#4875=ORIENTED_EDGE('',*,*,#3640,.T.);
#4876=ORIENTED_EDGE('',*,*,#3659,.T.);
#4877=ORIENTED_EDGE('',*,*,#3660,.T.);
#4878=ORIENTED_EDGE('',*,*,#3645,.F.);
#4879=ORIENTED_EDGE('',*,*,#3641,.F.);
#4880=ORIENTED_EDGE('',*,*,#3650,.F.);
#4881=ORIENTED_EDGE('',*,*,#3661,.T.);
#4882=ORIENTED_EDGE('',*,*,#3662,.T.);
#4883=ORIENTED_EDGE('',*,*,#3663,.T.);
#4884=ORIENTED_EDGE('',*,*,#3627,.F.);
#4885=ORIENTED_EDGE('',*,*,#3646,.F.);
#4886=ORIENTED_EDGE('',*,*,#3660,.F.);
#4887=ORIENTED_EDGE('',*,*,#3664,.T.);
#4888=ORIENTED_EDGE('',*,*,#3665,.T.);
#4889=ORIENTED_EDGE('',*,*,#3647,.F.);
#4890=ORIENTED_EDGE('',*,*,#3665,.F.);
#4891=ORIENTED_EDGE('',*,*,#3666,.F.);
#4892=ORIENTED_EDGE('',*,*,#3667,.F.);
#4893=ORIENTED_EDGE('',*,*,#3668,.F.);
#4894=ORIENTED_EDGE('',*,*,#3657,.F.);
#4895=ORIENTED_EDGE('',*,*,#3654,.F.);
#4896=ORIENTED_EDGE('',*,*,#3669,.T.);
#4897=ORIENTED_EDGE('',*,*,#3670,.T.);
#4898=ORIENTED_EDGE('',*,*,#3661,.F.);
#4899=ORIENTED_EDGE('',*,*,#3671,.T.);
#4900=ORIENTED_EDGE('',*,*,#3672,.T.);
#4901=ORIENTED_EDGE('',*,*,#3673,.T.);
#4902=ORIENTED_EDGE('',*,*,#3674,.T.);
#4903=ORIENTED_EDGE('',*,*,#3639,.T.);
#4904=ORIENTED_EDGE('',*,*,#3675,.T.);
#4905=ORIENTED_EDGE('',*,*,#3676,.F.);
#4906=ORIENTED_EDGE('',*,*,#3677,.F.);
#4907=ORIENTED_EDGE('',*,*,#3675,.F.);
#4908=ORIENTED_EDGE('',*,*,#3637,.F.);
#4909=ORIENTED_EDGE('',*,*,#3608,.F.);
#4910=ORIENTED_EDGE('',*,*,#3678,.F.);
#4911=ORIENTED_EDGE('',*,*,#3676,.T.);
#4912=ORIENTED_EDGE('',*,*,#3636,.F.);
#4913=ORIENTED_EDGE('',*,*,#3628,.F.);
#4914=ORIENTED_EDGE('',*,*,#3663,.F.);
#4915=ORIENTED_EDGE('',*,*,#3673,.F.);
#4916=ORIENTED_EDGE('',*,*,#3632,.F.);
#4917=ORIENTED_EDGE('',*,*,#3674,.F.);
#4918=ORIENTED_EDGE('',*,*,#3679,.F.);
#4919=ORIENTED_EDGE('',*,*,#3664,.F.);
#4920=ORIENTED_EDGE('',*,*,#3659,.F.);
#4921=ORIENTED_EDGE('',*,*,#3680,.F.);
#4922=ORIENTED_EDGE('',*,*,#3633,.F.);
#4923=ORIENTED_EDGE('',*,*,#3672,.F.);
#4924=ORIENTED_EDGE('',*,*,#3681,.F.);
#4925=ORIENTED_EDGE('',*,*,#3682,.F.);
#4926=ORIENTED_EDGE('',*,*,#3634,.F.);
#4927=ORIENTED_EDGE('',*,*,#3680,.T.);
#4928=ORIENTED_EDGE('',*,*,#3683,.F.);
#4929=ORIENTED_EDGE('',*,*,#3670,.F.);
#4930=ORIENTED_EDGE('',*,*,#3684,.F.);
#4931=ORIENTED_EDGE('',*,*,#3671,.F.);
#4932=ORIENTED_EDGE('',*,*,#3662,.F.);
#4933=ORIENTED_EDGE('',*,*,#3653,.F.);
#4934=ORIENTED_EDGE('',*,*,#3655,.F.);
#4935=ORIENTED_EDGE('',*,*,#3685,.F.);
#4936=ORIENTED_EDGE('',*,*,#3686,.F.);
#4937=ORIENTED_EDGE('',*,*,#3687,.F.);
#4938=ORIENTED_EDGE('',*,*,#3669,.F.);
#4939=ORIENTED_EDGE('',*,*,#3678,.T.);
#4940=ORIENTED_EDGE('',*,*,#3607,.F.);
#4941=ORIENTED_EDGE('',*,*,#3688,.F.);
#4942=ORIENTED_EDGE('',*,*,#3689,.F.);
#4943=ORIENTED_EDGE('',*,*,#3677,.T.);
#4944=ORIENTED_EDGE('',*,*,#3689,.T.);
#4945=ORIENTED_EDGE('',*,*,#3690,.T.);
#4946=ORIENTED_EDGE('',*,*,#3666,.T.);
#4947=ORIENTED_EDGE('',*,*,#3679,.T.);
#4948=ORIENTED_EDGE('',*,*,#3658,.F.);
#4949=ORIENTED_EDGE('',*,*,#3668,.T.);
#4950=ORIENTED_EDGE('',*,*,#3691,.T.);
#4951=ORIENTED_EDGE('',*,*,#3685,.T.);
#4952=ORIENTED_EDGE('',*,*,#3683,.T.);
#4953=ORIENTED_EDGE('',*,*,#3692,.F.);
#4954=ORIENTED_EDGE('',*,*,#3693,.F.);
#4955=ORIENTED_EDGE('',*,*,#3694,.F.);
#4956=ORIENTED_EDGE('',*,*,#3681,.T.);
#4957=ORIENTED_EDGE('',*,*,#3684,.T.);
#4958=ORIENTED_EDGE('',*,*,#3687,.T.);
#4959=ORIENTED_EDGE('',*,*,#3695,.T.);
#4960=ORIENTED_EDGE('',*,*,#3692,.T.);
#4961=ORIENTED_EDGE('',*,*,#3696,.T.);
#4962=ORIENTED_EDGE('',*,*,#3457,.T.);
#4963=ORIENTED_EDGE('',*,*,#3697,.T.);
#4964=ORIENTED_EDGE('',*,*,#3696,.F.);
#4965=ORIENTED_EDGE('',*,*,#3697,.F.);
#4966=ORIENTED_EDGE('',*,*,#3450,.T.);
#4967=ORIENTED_EDGE('',*,*,#3698,.F.);
#4968=ORIENTED_EDGE('',*,*,#3423,.T.);
#4969=ORIENTED_EDGE('',*,*,#3452,.T.);
#4970=ORIENTED_EDGE('',*,*,#3506,.F.);
#4971=ORIENTED_EDGE('',*,*,#3410,.F.);
#4972=ORIENTED_EDGE('',*,*,#3425,.T.);
#4973=ORIENTED_EDGE('',*,*,#3699,.T.);
#4974=ORIENTED_EDGE('',*,*,#3446,.T.);
#4975=ORIENTED_EDGE('',*,*,#3507,.T.);
#4976=ORIENTED_EDGE('',*,*,#3699,.F.);
#4977=ORIENTED_EDGE('',*,*,#3424,.T.);
#4978=ORIENTED_EDGE('',*,*,#3698,.T.);
#4979=ORIENTED_EDGE('',*,*,#3481,.T.);
#4980=ORIENTED_EDGE('',*,*,#3700,.F.);
#4981=ORIENTED_EDGE('',*,*,#3419,.T.);
#4982=ORIENTED_EDGE('',*,*,#3485,.T.);
#4983=ORIENTED_EDGE('',*,*,#3478,.T.);
#4984=ORIENTED_EDGE('',*,*,#3488,.F.);
#4985=ORIENTED_EDGE('',*,*,#3420,.T.);
#4986=ORIENTED_EDGE('',*,*,#3700,.T.);
#4987=ORIENTED_EDGE('',*,*,#3463,.T.);
#4988=ORIENTED_EDGE('',*,*,#3472,.F.);
#4989=ORIENTED_EDGE('',*,*,#3426,.T.);
#4990=ORIENTED_EDGE('',*,*,#3701,.T.);
#4991=ORIENTED_EDGE('',*,*,#3466,.T.);
#4992=ORIENTED_EDGE('',*,*,#3701,.F.);
#4993=ORIENTED_EDGE('',*,*,#3429,.T.);
#4994=ORIENTED_EDGE('',*,*,#3470,.T.);
#4995=ORIENTED_EDGE('',*,*,#3367,.T.);
#4996=ORIENTED_EDGE('',*,*,#3359,.T.);
#4997=ORIENTED_EDGE('',*,*,#3702,.F.);
#4998=ORIENTED_EDGE('',*,*,#3430,.T.);
#4999=ORIENTED_EDGE('',*,*,#3368,.T.);
#5000=ORIENTED_EDGE('',*,*,#3364,.T.);
#5001=ORIENTED_EDGE('',*,*,#3358,.T.);
#5002=ORIENTED_EDGE('',*,*,#3356,.T.);
#5003=ORIENTED_EDGE('',*,*,#3372,.F.);
#5004=ORIENTED_EDGE('',*,*,#3431,.T.);
#5005=ORIENTED_EDGE('',*,*,#3702,.T.);
#5006=ORIENTED_EDGE('',*,*,#3338,.T.);
#5007=ORIENTED_EDGE('',*,*,#3703,.T.);
#5008=ORIENTED_EDGE('',*,*,#3704,.T.);
#5009=ORIENTED_EDGE('',*,*,#3340,.T.);
#5010=ORIENTED_EDGE('',*,*,#3705,.T.);
#5011=ORIENTED_EDGE('',*,*,#3706,.T.);
#5012=ORIENTED_EDGE('',*,*,#3707,.T.);
#5013=ORIENTED_EDGE('',*,*,#3706,.F.);
#5014=ORIENTED_EDGE('',*,*,#3707,.F.);
#5015=ORIENTED_EDGE('',*,*,#3708,.T.);
#5016=ORIENTED_EDGE('',*,*,#3709,.T.);
#5017=ORIENTED_EDGE('',*,*,#3708,.F.);
#5018=ORIENTED_EDGE('',*,*,#3247,.F.);
#5019=ORIENTED_EDGE('',*,*,#3710,.T.);
#5020=ORIENTED_EDGE('',*,*,#3546,.F.);
#5021=ORIENTED_EDGE('',*,*,#3710,.F.);
#5022=ORIENTED_EDGE('',*,*,#3246,.T.);
#5023=ORIENTED_EDGE('',*,*,#3373,.T.);
#5024=ORIENTED_EDGE('',*,*,#3547,.T.);
#5025=ORIENTED_EDGE('',*,*,#3711,.T.);
#5026=ORIENTED_EDGE('',*,*,#3712,.T.);
#5027=ORIENTED_EDGE('',*,*,#3351,.T.);
#5028=ORIENTED_EDGE('',*,*,#3712,.F.);
#5029=ORIENTED_EDGE('',*,*,#3554,.T.);
#5030=ORIENTED_EDGE('',*,*,#3713,.T.);
#5031=ORIENTED_EDGE('',*,*,#3714,.F.);
#5032=ORIENTED_EDGE('',*,*,#3715,.F.);
#5033=ORIENTED_EDGE('',*,*,#3555,.T.);
#5034=ORIENTED_EDGE('',*,*,#3715,.T.);
#5035=ORIENTED_EDGE('',*,*,#3716,.F.);
#5036=ORIENTED_EDGE('',*,*,#3717,.T.);
#5037=ORIENTED_EDGE('',*,*,#3718,.T.);
#5038=ORIENTED_EDGE('',*,*,#3719,.T.);
#5039=ORIENTED_EDGE('',*,*,#3720,.T.);
#5040=ORIENTED_EDGE('',*,*,#3716,.T.);
#5041=ORIENTED_EDGE('',*,*,#3714,.T.);
#5042=ORIENTED_EDGE('',*,*,#3721,.T.);
#5043=ORIENTED_EDGE('',*,*,#3711,.F.);
#5044=ORIENTED_EDGE('',*,*,#3718,.F.);
#5045=ORIENTED_EDGE('',*,*,#3722,.T.);
#5046=ORIENTED_EDGE('',*,*,#3347,.T.);
#5047=ORIENTED_EDGE('',*,*,#3723,.F.);
#5048=ORIENTED_EDGE('',*,*,#3724,.T.);
#5049=ORIENTED_EDGE('',*,*,#3341,.T.);
#5050=ORIENTED_EDGE('',*,*,#3704,.F.);
#5051=ORIENTED_EDGE('',*,*,#3719,.F.);
#5052=ORIENTED_EDGE('',*,*,#3723,.T.);
#5053=ORIENTED_EDGE('',*,*,#3346,.T.);
#5054=ORIENTED_EDGE('',*,*,#3725,.F.);
#5055=ORIENTED_EDGE('',*,*,#3722,.F.);
#5056=ORIENTED_EDGE('',*,*,#3721,.F.);
#5057=ORIENTED_EDGE('',*,*,#3713,.F.);
#5058=ORIENTED_EDGE('',*,*,#3553,.T.);
#5059=ORIENTED_EDGE('',*,*,#3583,.T.);
#5060=ORIENTED_EDGE('',*,*,#3348,.T.);
#5061=ORIENTED_EDGE('',*,*,#3603,.F.);
#5062=ORIENTED_EDGE('',*,*,#3620,.F.);
#5063=ORIENTED_EDGE('',*,*,#3549,.T.);
#5064=ORIENTED_EDGE('',*,*,#3726,.T.);
#5065=ORIENTED_EDGE('',*,*,#3727,.T.);
#5066=ORIENTED_EDGE('',*,*,#3728,.T.);
#5067=ORIENTED_EDGE('',*,*,#3729,.T.);
#5068=ORIENTED_EDGE('',*,*,#3730,.T.);
#5069=ORIENTED_EDGE('',*,*,#3728,.F.);
#5070=ORIENTED_EDGE('',*,*,#3731,.T.);
#5071=ORIENTED_EDGE('',*,*,#3732,.T.);
#5072=ORIENTED_EDGE('',*,*,#3733,.T.);
#5073=ORIENTED_EDGE('',*,*,#3734,.F.);
#5074=ORIENTED_EDGE('',*,*,#3735,.T.);
#5075=ORIENTED_EDGE('',*,*,#3736,.T.);
#5076=ORIENTED_EDGE('',*,*,#3337,.F.);
#5077=ORIENTED_EDGE('',*,*,#3737,.T.);
#5078=ORIENTED_EDGE('',*,*,#3738,.T.);
#5079=ORIENTED_EDGE('',*,*,#3739,.T.);
#5080=ORIENTED_EDGE('',*,*,#3740,.F.);
#5081=ORIENTED_EDGE('',*,*,#3741,.T.);
#5082=ORIENTED_EDGE('',*,*,#3738,.F.);
#5083=ORIENTED_EDGE('',*,*,#3740,.T.);
#5084=ORIENTED_EDGE('',*,*,#3742,.T.);
#5085=ORIENTED_EDGE('',*,*,#3743,.T.);
#5086=ORIENTED_EDGE('',*,*,#3744,.T.);
#5087=ORIENTED_EDGE('',*,*,#3745,.T.);
#5088=ORIENTED_EDGE('',*,*,#3746,.T.);
#5089=ORIENTED_EDGE('',*,*,#3747,.F.);
#5090=ORIENTED_EDGE('',*,*,#3748,.T.);
#5091=ORIENTED_EDGE('',*,*,#3749,.T.);
#5092=ORIENTED_EDGE('',*,*,#3750,.F.);
#5093=ORIENTED_EDGE('',*,*,#3751,.T.);
#5094=ORIENTED_EDGE('',*,*,#3752,.T.);
#5095=ORIENTED_EDGE('',*,*,#3753,.T.);
#5096=ORIENTED_EDGE('',*,*,#3739,.F.);
#5097=ORIENTED_EDGE('',*,*,#3737,.F.);
#5098=ORIENTED_EDGE('',*,*,#3336,.T.);
#5099=ORIENTED_EDGE('',*,*,#3350,.T.);
#5100=ORIENTED_EDGE('',*,*,#3509,.F.);
#5101=ORIENTED_EDGE('',*,*,#3754,.T.);
#5102=ORIENTED_EDGE('',*,*,#3755,.T.);
#5103=ORIENTED_EDGE('',*,*,#3742,.F.);
#5104=ORIENTED_EDGE('',*,*,#3756,.T.);
#5105=ORIENTED_EDGE('',*,*,#3757,.T.);
#5106=ORIENTED_EDGE('',*,*,#3758,.T.);
#5107=ORIENTED_EDGE('',*,*,#3759,.T.);
#5108=ORIENTED_EDGE('',*,*,#3760,.T.);
#5109=ORIENTED_EDGE('',*,*,#3761,.T.);
#5110=ORIENTED_EDGE('',*,*,#3762,.T.);
#5111=ORIENTED_EDGE('',*,*,#3757,.F.);
#5112=ORIENTED_EDGE('',*,*,#3763,.T.);
#5113=ORIENTED_EDGE('',*,*,#3764,.F.);
#5114=ORIENTED_EDGE('',*,*,#3765,.T.);
#5115=ORIENTED_EDGE('',*,*,#3766,.T.);
#5116=ORIENTED_EDGE('',*,*,#3761,.F.);
#5117=ORIENTED_EDGE('',*,*,#3767,.T.);
#5118=ORIENTED_EDGE('',*,*,#3768,.T.);
#5119=ORIENTED_EDGE('',*,*,#3769,.T.);
#5120=ORIENTED_EDGE('',*,*,#3770,.T.);
#5121=ORIENTED_EDGE('',*,*,#3769,.F.);
#5122=ORIENTED_EDGE('',*,*,#3771,.T.);
#5123=ORIENTED_EDGE('',*,*,#3764,.T.);
#5124=ORIENTED_EDGE('',*,*,#3767,.F.);
#5125=ORIENTED_EDGE('',*,*,#3760,.F.);
#5126=ORIENTED_EDGE('',*,*,#3772,.F.);
#5127=ORIENTED_EDGE('',*,*,#3773,.F.);
#5128=ORIENTED_EDGE('',*,*,#3774,.T.);
#5129=ORIENTED_EDGE('',*,*,#3759,.F.);
#5130=ORIENTED_EDGE('',*,*,#3775,.F.);
#5131=ORIENTED_EDGE('',*,*,#3776,.F.);
#5132=ORIENTED_EDGE('',*,*,#3772,.T.);
#5133=ORIENTED_EDGE('',*,*,#3777,.T.);
#5134=ORIENTED_EDGE('',*,*,#3778,.F.);
#5135=ORIENTED_EDGE('',*,*,#3779,.F.);
#5136=ORIENTED_EDGE('',*,*,#3243,.F.);
#5137=ORIENTED_EDGE('',*,*,#3756,.F.);
#5138=ORIENTED_EDGE('',*,*,#3766,.F.);
#5139=ORIENTED_EDGE('',*,*,#3770,.F.);
#5140=ORIENTED_EDGE('',*,*,#3763,.F.);
#5141=ORIENTED_EDGE('',*,*,#3780,.T.);
#5142=ORIENTED_EDGE('',*,*,#3781,.T.);
#5143=ORIENTED_EDGE('',*,*,#3782,.T.);
#5144=ORIENTED_EDGE('',*,*,#3783,.T.);
#5145=ORIENTED_EDGE('',*,*,#3784,.F.);
#5146=ORIENTED_EDGE('',*,*,#3516,.F.);
#5147=ORIENTED_EDGE('',*,*,#3398,.T.);
#5148=ORIENTED_EDGE('',*,*,#3404,.F.);
#5149=ORIENTED_EDGE('',*,*,#3405,.T.);
#5150=ORIENTED_EDGE('',*,*,#3528,.F.);
#5151=ORIENTED_EDGE('',*,*,#3392,.T.);
#5152=ORIENTED_EDGE('',*,*,#3396,.F.);
#5153=ORIENTED_EDGE('',*,*,#3388,.T.);
#5154=ORIENTED_EDGE('',*,*,#3390,.F.);
#5155=ORIENTED_EDGE('',*,*,#3384,.T.);
#5156=ORIENTED_EDGE('',*,*,#3380,.F.);
#5157=ORIENTED_EDGE('',*,*,#3376,.T.);
#5158=ORIENTED_EDGE('',*,*,#3785,.T.);
#5159=ORIENTED_EDGE('',*,*,#3780,.F.);
#5160=ORIENTED_EDGE('',*,*,#3786,.T.);
#5161=ORIENTED_EDGE('',*,*,#3787,.F.);
#5162=ORIENTED_EDGE('',*,*,#3788,.T.);
#5163=ORIENTED_EDGE('',*,*,#3789,.F.);
#5164=ORIENTED_EDGE('',*,*,#3790,.T.);
#5165=ORIENTED_EDGE('',*,*,#3791,.F.);
#5166=ORIENTED_EDGE('',*,*,#3792,.T.);
#5167=ORIENTED_EDGE('',*,*,#3793,.F.);
#5168=ORIENTED_EDGE('',*,*,#3794,.T.);
#5169=ORIENTED_EDGE('',*,*,#3795,.F.);
#5170=ORIENTED_EDGE('',*,*,#3796,.T.);
#5171=ORIENTED_EDGE('',*,*,#3797,.T.);
#5172=ORIENTED_EDGE('',*,*,#3705,.F.);
#5173=ORIENTED_EDGE('',*,*,#3798,.T.);
#5174=ORIENTED_EDGE('',*,*,#3783,.F.);
#5175=ORIENTED_EDGE('',*,*,#3799,.T.);
#5176=ORIENTED_EDGE('',*,*,#3800,.F.);
#5177=ORIENTED_EDGE('',*,*,#3786,.F.);
#5178=ORIENTED_EDGE('',*,*,#3801,.F.);
#5179=ORIENTED_EDGE('',*,*,#3802,.T.);
#5180=ORIENTED_EDGE('',*,*,#3787,.T.);
#5181=ORIENTED_EDGE('',*,*,#3800,.T.);
#5182=ORIENTED_EDGE('',*,*,#3803,.F.);
#5183=ORIENTED_EDGE('',*,*,#3804,.T.);
#5184=ORIENTED_EDGE('',*,*,#3789,.T.);
#5185=ORIENTED_EDGE('',*,*,#3805,.T.);
#5186=ORIENTED_EDGE('',*,*,#3802,.F.);
#5187=ORIENTED_EDGE('',*,*,#3806,.T.);
#5188=ORIENTED_EDGE('',*,*,#3805,.F.);
#5189=ORIENTED_EDGE('',*,*,#3788,.F.);
#5190=ORIENTED_EDGE('',*,*,#3791,.T.);
#5191=ORIENTED_EDGE('',*,*,#3807,.T.);
#5192=ORIENTED_EDGE('',*,*,#3808,.T.);
#5193=ORIENTED_EDGE('',*,*,#3809,.T.);
#5194=ORIENTED_EDGE('',*,*,#3804,.F.);
#5195=ORIENTED_EDGE('',*,*,#3810,.T.);
#5196=ORIENTED_EDGE('',*,*,#3807,.F.);
#5197=ORIENTED_EDGE('',*,*,#3790,.F.);
#5198=ORIENTED_EDGE('',*,*,#3795,.T.);
#5199=ORIENTED_EDGE('',*,*,#3811,.T.);
#5200=ORIENTED_EDGE('',*,*,#3812,.T.);
#5201=ORIENTED_EDGE('',*,*,#3813,.T.);
#5202=ORIENTED_EDGE('',*,*,#3811,.F.);
#5203=ORIENTED_EDGE('',*,*,#3794,.F.);
#5204=ORIENTED_EDGE('',*,*,#3814,.F.);
#5205=ORIENTED_EDGE('',*,*,#3815,.T.);
#5206=ORIENTED_EDGE('',*,*,#3793,.T.);
#5207=ORIENTED_EDGE('',*,*,#3816,.T.);
#5208=ORIENTED_EDGE('',*,*,#3817,.T.);
#5209=ORIENTED_EDGE('',*,*,#3814,.T.);
#5210=ORIENTED_EDGE('',*,*,#3818,.T.);
#5211=ORIENTED_EDGE('',*,*,#3819,.T.);
#5212=ORIENTED_EDGE('',*,*,#3820,.T.);
#5213=ORIENTED_EDGE('',*,*,#3821,.F.);
#5214=ORIENTED_EDGE('',*,*,#3822,.T.);
#5215=ORIENTED_EDGE('',*,*,#3822,.F.);
#5216=ORIENTED_EDGE('',*,*,#3823,.T.);
#5217=ORIENTED_EDGE('',*,*,#3824,.T.);
#5218=ORIENTED_EDGE('',*,*,#3825,.T.);
#5219=ORIENTED_EDGE('',*,*,#3826,.T.);
#5220=ORIENTED_EDGE('',*,*,#3827,.F.);
#5221=ORIENTED_EDGE('',*,*,#3828,.T.);
#5222=ORIENTED_EDGE('',*,*,#3829,.T.);
#5223=ORIENTED_EDGE('',*,*,#3830,.T.);
#5224=ORIENTED_EDGE('',*,*,#3831,.F.);
#5225=ORIENTED_EDGE('',*,*,#3832,.F.);
#5226=ORIENTED_EDGE('',*,*,#3833,.T.);
#5227=ORIENTED_EDGE('',*,*,#3834,.T.);
#5228=ORIENTED_EDGE('',*,*,#3835,.F.);
#5229=ORIENTED_EDGE('',*,*,#3836,.T.);
#5230=ORIENTED_EDGE('',*,*,#3837,.T.);
#5231=ORIENTED_EDGE('',*,*,#3838,.T.);
#5232=ORIENTED_EDGE('',*,*,#3839,.T.);
#5233=ORIENTED_EDGE('',*,*,#3776,.T.);
#5234=ORIENTED_EDGE('',*,*,#3840,.T.);
#5235=ORIENTED_EDGE('',*,*,#3841,.T.);
#5236=ORIENTED_EDGE('',*,*,#3773,.T.);
#5237=ORIENTED_EDGE('',*,*,#3842,.T.);
#5238=ORIENTED_EDGE('',*,*,#3843,.T.);
#5239=ORIENTED_EDGE('',*,*,#3844,.T.);
#5240=ORIENTED_EDGE('',*,*,#3845,.F.);
#5241=ORIENTED_EDGE('',*,*,#3846,.T.);
#5242=ORIENTED_EDGE('',*,*,#3847,.T.);
#5243=ORIENTED_EDGE('',*,*,#3848,.T.);
#5244=ORIENTED_EDGE('',*,*,#3843,.F.);
#5245=ORIENTED_EDGE('',*,*,#3849,.T.);
#5246=ORIENTED_EDGE('',*,*,#3850,.T.);
#5247=ORIENTED_EDGE('',*,*,#3851,.T.);
#5248=ORIENTED_EDGE('',*,*,#3852,.T.);
#5249=ORIENTED_EDGE('',*,*,#3847,.F.);
#5250=ORIENTED_EDGE('',*,*,#3853,.T.);
#5251=ORIENTED_EDGE('',*,*,#3850,.F.);
#5252=ORIENTED_EDGE('',*,*,#3854,.T.);
#5253=ORIENTED_EDGE('',*,*,#3855,.T.);
#5254=ORIENTED_EDGE('',*,*,#3856,.T.);
#5255=ORIENTED_EDGE('',*,*,#3857,.T.);
#5256=ORIENTED_EDGE('',*,*,#3855,.F.);
#5257=ORIENTED_EDGE('',*,*,#3858,.T.);
#5258=ORIENTED_EDGE('',*,*,#3859,.T.);
#5259=ORIENTED_EDGE('',*,*,#3860,.T.);
#5260=ORIENTED_EDGE('',*,*,#3859,.F.);
#5261=ORIENTED_EDGE('',*,*,#3861,.T.);
#5262=ORIENTED_EDGE('',*,*,#3845,.T.);
#5263=ORIENTED_EDGE('',*,*,#3844,.F.);
#5264=ORIENTED_EDGE('',*,*,#3862,.F.);
#5265=ORIENTED_EDGE('',*,*,#3826,.F.);
#5266=ORIENTED_EDGE('',*,*,#3863,.T.);
#5267=ORIENTED_EDGE('',*,*,#3848,.F.);
#5268=ORIENTED_EDGE('',*,*,#3864,.F.);
#5269=ORIENTED_EDGE('',*,*,#3818,.F.);
#5270=ORIENTED_EDGE('',*,*,#3865,.F.);
#5271=ORIENTED_EDGE('',*,*,#3862,.T.);
#5272=ORIENTED_EDGE('',*,*,#3819,.F.);
#5273=ORIENTED_EDGE('',*,*,#3864,.T.);
#5274=ORIENTED_EDGE('',*,*,#3852,.F.);
#5275=ORIENTED_EDGE('',*,*,#3866,.F.);
#5276=ORIENTED_EDGE('',*,*,#3842,.F.);
#5277=ORIENTED_EDGE('',*,*,#3861,.F.);
#5278=ORIENTED_EDGE('',*,*,#3858,.F.);
#5279=ORIENTED_EDGE('',*,*,#3854,.F.);
#5280=ORIENTED_EDGE('',*,*,#3849,.F.);
#5281=ORIENTED_EDGE('',*,*,#3846,.F.);
#5282=ORIENTED_EDGE('',*,*,#3867,.T.);
#5283=ORIENTED_EDGE('',*,*,#3868,.T.);
#5284=ORIENTED_EDGE('',*,*,#3869,.T.);
#5285=ORIENTED_EDGE('',*,*,#3870,.T.);
#5286=ORIENTED_EDGE('',*,*,#3871,.F.);
#5287=ORIENTED_EDGE('',*,*,#3872,.T.);
#5288=ORIENTED_EDGE('',*,*,#3873,.T.);
#5289=ORIENTED_EDGE('',*,*,#3874,.T.);
#5290=ORIENTED_EDGE('',*,*,#3869,.F.);
#5291=ORIENTED_EDGE('',*,*,#3875,.T.);
#5292=ORIENTED_EDGE('',*,*,#3876,.T.);
#5293=ORIENTED_EDGE('',*,*,#3877,.T.);
#5294=ORIENTED_EDGE('',*,*,#3873,.F.);
#5295=ORIENTED_EDGE('',*,*,#3878,.T.);
#5296=ORIENTED_EDGE('',*,*,#3876,.F.);
#5297=ORIENTED_EDGE('',*,*,#3879,.T.);
#5298=ORIENTED_EDGE('',*,*,#3871,.T.);
#5299=ORIENTED_EDGE('',*,*,#3878,.F.);
#5300=ORIENTED_EDGE('',*,*,#3880,.F.);
#5301=ORIENTED_EDGE('',*,*,#3838,.F.);
#5302=ORIENTED_EDGE('',*,*,#3881,.T.);
#5303=ORIENTED_EDGE('',*,*,#3870,.F.);
#5304=ORIENTED_EDGE('',*,*,#3882,.F.);
#5305=ORIENTED_EDGE('',*,*,#3839,.F.);
#5306=ORIENTED_EDGE('',*,*,#3880,.T.);
#5307=ORIENTED_EDGE('',*,*,#3868,.F.);
#5308=ORIENTED_EDGE('',*,*,#3879,.F.);
#5309=ORIENTED_EDGE('',*,*,#3875,.F.);
#5310=ORIENTED_EDGE('',*,*,#3872,.F.);
#5311=ORIENTED_EDGE('',*,*,#3883,.T.);
#5312=ORIENTED_EDGE('',*,*,#3884,.T.);
#5313=ORIENTED_EDGE('',*,*,#3885,.T.);
#5314=ORIENTED_EDGE('',*,*,#3886,.F.);
#5315=ORIENTED_EDGE('',*,*,#3887,.T.);
#5316=ORIENTED_EDGE('',*,*,#3888,.T.);
#5317=ORIENTED_EDGE('',*,*,#3889,.T.);
#5318=ORIENTED_EDGE('',*,*,#3884,.F.);
#5319=ORIENTED_EDGE('',*,*,#3890,.T.);
#5320=ORIENTED_EDGE('',*,*,#3891,.T.);
#5321=ORIENTED_EDGE('',*,*,#3892,.T.);
#5322=ORIENTED_EDGE('',*,*,#3888,.F.);
#5323=ORIENTED_EDGE('',*,*,#3893,.T.);
#5324=ORIENTED_EDGE('',*,*,#3891,.F.);
#5325=ORIENTED_EDGE('',*,*,#3894,.T.);
#5326=ORIENTED_EDGE('',*,*,#3886,.T.);
#5327=ORIENTED_EDGE('',*,*,#3893,.F.);
#5328=ORIENTED_EDGE('',*,*,#3895,.F.);
#5329=ORIENTED_EDGE('',*,*,#3830,.F.);
#5330=ORIENTED_EDGE('',*,*,#3896,.T.);
#5331=ORIENTED_EDGE('',*,*,#3885,.F.);
#5332=ORIENTED_EDGE('',*,*,#3897,.F.);
#5333=ORIENTED_EDGE('',*,*,#3898,.F.);
#5334=ORIENTED_EDGE('',*,*,#3895,.T.);
#5335=ORIENTED_EDGE('',*,*,#3883,.F.);
#5336=ORIENTED_EDGE('',*,*,#3894,.F.);
#5337=ORIENTED_EDGE('',*,*,#3890,.F.);
#5338=ORIENTED_EDGE('',*,*,#3887,.F.);
#5339=ORIENTED_EDGE('',*,*,#3899,.T.);
#5340=ORIENTED_EDGE('',*,*,#3900,.T.);
#5341=ORIENTED_EDGE('',*,*,#3901,.T.);
#5342=ORIENTED_EDGE('',*,*,#3902,.T.);
#5343=ORIENTED_EDGE('',*,*,#3903,.T.);
#5344=ORIENTED_EDGE('',*,*,#3904,.T.);
#5345=ORIENTED_EDGE('',*,*,#3899,.F.);
#5346=ORIENTED_EDGE('',*,*,#3905,.T.);
#5347=ORIENTED_EDGE('',*,*,#3906,.T.);
#5348=ORIENTED_EDGE('',*,*,#3907,.T.);
#5349=ORIENTED_EDGE('',*,*,#3903,.F.);
#5350=ORIENTED_EDGE('',*,*,#3908,.T.);
#5351=ORIENTED_EDGE('',*,*,#3908,.F.);
#5352=ORIENTED_EDGE('',*,*,#3909,.F.);
#5353=ORIENTED_EDGE('',*,*,#3910,.F.);
#5354=ORIENTED_EDGE('',*,*,#3732,.F.);
#5355=ORIENTED_EDGE('',*,*,#3911,.F.);
#5356=ORIENTED_EDGE('',*,*,#3905,.F.);
#5357=ORIENTED_EDGE('',*,*,#3912,.T.);
#5358=ORIENTED_EDGE('',*,*,#3913,.T.);
#5359=ORIENTED_EDGE('',*,*,#3909,.T.);
#5360=ORIENTED_EDGE('',*,*,#3902,.F.);
#5361=ORIENTED_EDGE('',*,*,#3914,.F.);
#5362=ORIENTED_EDGE('',*,*,#3915,.T.);
#5363=ORIENTED_EDGE('',*,*,#3912,.F.);
#5364=ORIENTED_EDGE('',*,*,#3857,.F.);
#5365=ORIENTED_EDGE('',*,*,#3916,.T.);
#5366=ORIENTED_EDGE('',*,*,#3917,.F.);
#5367=ORIENTED_EDGE('',*,*,#3820,.F.);
#5368=ORIENTED_EDGE('',*,*,#3866,.T.);
#5369=ORIENTED_EDGE('',*,*,#3851,.F.);
#5370=ORIENTED_EDGE('',*,*,#3853,.F.);
#5371=ORIENTED_EDGE('',*,*,#3918,.F.);
#5372=ORIENTED_EDGE('',*,*,#3754,.F.);
#5373=ORIENTED_EDGE('',*,*,#3508,.T.);
#5374=ORIENTED_EDGE('',*,*,#3919,.T.);
#5375=ORIENTED_EDGE('',*,*,#3833,.F.);
#5376=ORIENTED_EDGE('',*,*,#3920,.T.);
#5377=ORIENTED_EDGE('',*,*,#3755,.F.);
#5378=ORIENTED_EDGE('',*,*,#3918,.T.);
#5379=ORIENTED_EDGE('',*,*,#3919,.F.);
#5380=ORIENTED_EDGE('',*,*,#3414,.T.);
#5381=ORIENTED_EDGE('',*,*,#3921,.F.);
#5382=ORIENTED_EDGE('',*,*,#3834,.F.);
#5383=ORIENTED_EDGE('',*,*,#3315,.T.);
#5384=ORIENTED_EDGE('',*,*,#3279,.T.);
#5385=ORIENTED_EDGE('',*,*,#3282,.T.);
#5386=ORIENTED_EDGE('',*,*,#3317,.T.);
#5387=ORIENTED_EDGE('',*,*,#3319,.T.);
#5388=ORIENTED_EDGE('',*,*,#3320,.T.);
#5389=ORIENTED_EDGE('',*,*,#3304,.T.);
#5390=ORIENTED_EDGE('',*,*,#3307,.T.);
#5391=ORIENTED_EDGE('',*,*,#3309,.T.);
#5392=ORIENTED_EDGE('',*,*,#3312,.T.);
#5393=ORIENTED_EDGE('',*,*,#3321,.T.);
#5394=ORIENTED_EDGE('',*,*,#3262,.T.);
#5395=ORIENTED_EDGE('',*,*,#3265,.T.);
#5396=ORIENTED_EDGE('',*,*,#3323,.T.);
#5397=ORIENTED_EDGE('',*,*,#3326,.T.);
#5398=ORIENTED_EDGE('',*,*,#3324,.T.);
#5399=ORIENTED_EDGE('',*,*,#3235,.T.);
#5400=ORIENTED_EDGE('',*,*,#3238,.T.);
#5401=ORIENTED_EDGE('',*,*,#3736,.F.);
#5402=ORIENTED_EDGE('',*,*,#3922,.T.);
#5403=ORIENTED_EDGE('',*,*,#3923,.T.);
#5404=ORIENTED_EDGE('',*,*,#3750,.T.);
#5405=ORIENTED_EDGE('',*,*,#3924,.T.);
#5406=ORIENTED_EDGE('',*,*,#3925,.T.);
#5407=ORIENTED_EDGE('',*,*,#3926,.T.);
#5408=ORIENTED_EDGE('',*,*,#3514,.F.);
#5409=ORIENTED_EDGE('',*,*,#3927,.F.);
#5410=ORIENTED_EDGE('',*,*,#3342,.F.);
#5411=ORIENTED_EDGE('',*,*,#3724,.F.);
#5412=ORIENTED_EDGE('',*,*,#3703,.F.);
#5413=ORIENTED_EDGE('',*,*,#3928,.F.);
#5414=ORIENTED_EDGE('',*,*,#3929,.T.);
#5415=ORIENTED_EDGE('',*,*,#3930,.F.);
#5416=ORIENTED_EDGE('',*,*,#3929,.F.);
#5417=ORIENTED_EDGE('',*,*,#3930,.T.);
#5418=ORIENTED_EDGE('',*,*,#3925,.F.);
#5419=ORIENTED_EDGE('',*,*,#3931,.F.);
#5420=ORIENTED_EDGE('',*,*,#3813,.F.);
#5421=ORIENTED_EDGE('',*,*,#3932,.T.);
#5422=ORIENTED_EDGE('',*,*,#3933,.F.);
#5423=ORIENTED_EDGE('',*,*,#3934,.F.);
#5424=ORIENTED_EDGE('',*,*,#3796,.F.);
#5425=ORIENTED_EDGE('',*,*,#3801,.T.);
#5426=ORIENTED_EDGE('',*,*,#3799,.F.);
#5427=ORIENTED_EDGE('',*,*,#3782,.F.);
#5428=ORIENTED_EDGE('',*,*,#3935,.F.);
#5429=ORIENTED_EDGE('',*,*,#3378,.T.);
#5430=ORIENTED_EDGE('',*,*,#3382,.T.);
#5431=ORIENTED_EDGE('',*,*,#3383,.F.);
#5432=ORIENTED_EDGE('',*,*,#3391,.T.);
#5433=ORIENTED_EDGE('',*,*,#3386,.F.);
#5434=ORIENTED_EDGE('',*,*,#3397,.T.);
#5435=ORIENTED_EDGE('',*,*,#3394,.T.);
#5436=ORIENTED_EDGE('',*,*,#3529,.T.);
#5437=ORIENTED_EDGE('',*,*,#3406,.T.);
#5438=ORIENTED_EDGE('',*,*,#3402,.T.);
#5439=ORIENTED_EDGE('',*,*,#3400,.T.);
#5440=ORIENTED_EDGE('',*,*,#3519,.T.);
#5441=ORIENTED_EDGE('',*,*,#3527,.T.);
#5442=ORIENTED_EDGE('',*,*,#3524,.T.);
#5443=ORIENTED_EDGE('',*,*,#3521,.T.);
#5444=ORIENTED_EDGE('',*,*,#3343,.T.);
#5445=ORIENTED_EDGE('',*,*,#3927,.T.);
#5446=ORIENTED_EDGE('',*,*,#3515,.F.);
#5447=ORIENTED_EDGE('',*,*,#3926,.F.);
#5448=ORIENTED_EDGE('',*,*,#3931,.T.);
#5449=ORIENTED_EDGE('',*,*,#3924,.F.);
#5450=ORIENTED_EDGE('',*,*,#3749,.F.);
#5451=ORIENTED_EDGE('',*,*,#3936,.F.);
#5452=ORIENTED_EDGE('',*,*,#3937,.F.);
#5453=ORIENTED_EDGE('',*,*,#3938,.F.);
#5454=ORIENTED_EDGE('',*,*,#3932,.F.);
#5455=ORIENTED_EDGE('',*,*,#3812,.F.);
#5456=ORIENTED_EDGE('',*,*,#3815,.F.);
#5457=ORIENTED_EDGE('',*,*,#3817,.F.);
#5458=ORIENTED_EDGE('',*,*,#3939,.F.);
#5459=ORIENTED_EDGE('',*,*,#3808,.F.);
#5460=ORIENTED_EDGE('',*,*,#3810,.F.);
#5461=ORIENTED_EDGE('',*,*,#3803,.T.);
#5462=ORIENTED_EDGE('',*,*,#3806,.F.);
#5463=ORIENTED_EDGE('',*,*,#3511,.F.);
#5464=ORIENTED_EDGE('',*,*,#3928,.T.);
#5465=ORIENTED_EDGE('',*,*,#3940,.F.);
#5466=ORIENTED_EDGE('',*,*,#3941,.T.);
#5467=ORIENTED_EDGE('',*,*,#3936,.T.);
#5468=ORIENTED_EDGE('',*,*,#3748,.F.);
#5469=ORIENTED_EDGE('',*,*,#3942,.F.);
#5470=ORIENTED_EDGE('',*,*,#3943,.T.);
#5471=ORIENTED_EDGE('',*,*,#3937,.T.);
#5472=ORIENTED_EDGE('',*,*,#3941,.F.);
#5473=ORIENTED_EDGE('',*,*,#3944,.F.);
#5474=ORIENTED_EDGE('',*,*,#3933,.T.);
#5475=ORIENTED_EDGE('',*,*,#3938,.T.);
#5476=ORIENTED_EDGE('',*,*,#3943,.F.);
#5477=ORIENTED_EDGE('',*,*,#3809,.F.);
#5478=ORIENTED_EDGE('',*,*,#3939,.T.);
#5479=ORIENTED_EDGE('',*,*,#3816,.F.);
#5480=ORIENTED_EDGE('',*,*,#3792,.F.);
#5481=ORIENTED_EDGE('',*,*,#3781,.F.);
#5482=ORIENTED_EDGE('',*,*,#3785,.F.);
#5483=ORIENTED_EDGE('',*,*,#3379,.T.);
#5484=ORIENTED_EDGE('',*,*,#3935,.T.);
#5485=ORIENTED_EDGE('',*,*,#3934,.T.);
#5486=ORIENTED_EDGE('',*,*,#3944,.T.);
#5487=ORIENTED_EDGE('',*,*,#3942,.T.);
#5488=ORIENTED_EDGE('',*,*,#3940,.T.);
#5489=ORIENTED_EDGE('',*,*,#3747,.T.);
#5490=ORIENTED_EDGE('',*,*,#3945,.F.);
#5491=ORIENTED_EDGE('',*,*,#3946,.T.);
#5492=ORIENTED_EDGE('',*,*,#3947,.T.);
#5493=ORIENTED_EDGE('',*,*,#3948,.F.);
#5494=ORIENTED_EDGE('',*,*,#3949,.T.);
#5495=ORIENTED_EDGE('',*,*,#3556,.T.);
#5496=ORIENTED_EDGE('',*,*,#3717,.F.);
#5497=ORIENTED_EDGE('',*,*,#3720,.F.);
#5498=ORIENTED_EDGE('',*,*,#3725,.T.);
#5499=ORIENTED_EDGE('',*,*,#3345,.F.);
#5500=ORIENTED_EDGE('',*,*,#3520,.F.);
#5501=ORIENTED_EDGE('',*,*,#3523,.F.);
#5502=ORIENTED_EDGE('',*,*,#3526,.F.);
#5503=ORIENTED_EDGE('',*,*,#3517,.F.);
#5504=ORIENTED_EDGE('',*,*,#3784,.T.);
#5505=ORIENTED_EDGE('',*,*,#3921,.T.);
#5506=ORIENTED_EDGE('',*,*,#3610,.F.);
#5507=ORIENTED_EDGE('',*,*,#3635,.F.);
#5508=ORIENTED_EDGE('',*,*,#3682,.T.);
#5509=ORIENTED_EDGE('',*,*,#3694,.T.);
#5510=ORIENTED_EDGE('',*,*,#3950,.F.);
#5511=ORIENTED_EDGE('',*,*,#3951,.F.);
#5512=ORIENTED_EDGE('',*,*,#3952,.F.);
#5513=ORIENTED_EDGE('',*,*,#3953,.T.);
#5514=ORIENTED_EDGE('',*,*,#3954,.T.);
#5515=ORIENTED_EDGE('',*,*,#3955,.F.);
#5516=ORIENTED_EDGE('',*,*,#3956,.T.);
#5517=ORIENTED_EDGE('',*,*,#3957,.F.);
#5518=ORIENTED_EDGE('',*,*,#3956,.F.);
#5519=ORIENTED_EDGE('',*,*,#3957,.T.);
#5520=ORIENTED_EDGE('',*,*,#3958,.T.);
#5521=ORIENTED_EDGE('',*,*,#3959,.F.);
#5522=ORIENTED_EDGE('',*,*,#3958,.F.);
#5523=ORIENTED_EDGE('',*,*,#3913,.F.);
#5524=ORIENTED_EDGE('',*,*,#3915,.F.);
#5525=ORIENTED_EDGE('',*,*,#3960,.F.);
#5526=ORIENTED_EDGE('',*,*,#3733,.F.);
#5527=ORIENTED_EDGE('',*,*,#3910,.T.);
#5528=ORIENTED_EDGE('',*,*,#3959,.T.);
#5529=ORIENTED_EDGE('',*,*,#3907,.F.);
#5530=ORIENTED_EDGE('',*,*,#3961,.F.);
#5531=ORIENTED_EDGE('',*,*,#3962,.F.);
#5532=ORIENTED_EDGE('',*,*,#3900,.F.);
#5533=ORIENTED_EDGE('',*,*,#3904,.F.);
#5534=ORIENTED_EDGE('',*,*,#3955,.T.);
#5535=ORIENTED_EDGE('',*,*,#3962,.T.);
#5536=ORIENTED_EDGE('',*,*,#3963,.T.);
#5537=ORIENTED_EDGE('',*,*,#3964,.T.);
#5538=ORIENTED_EDGE('',*,*,#3965,.T.);
#5539=ORIENTED_EDGE('',*,*,#3966,.T.);
#5540=ORIENTED_EDGE('',*,*,#3967,.T.);
#5541=ORIENTED_EDGE('',*,*,#3968,.F.);
#5542=ORIENTED_EDGE('',*,*,#3969,.T.);
#5543=ORIENTED_EDGE('',*,*,#3970,.F.);
#5544=ORIENTED_EDGE('',*,*,#3734,.T.);
#5545=ORIENTED_EDGE('',*,*,#3960,.T.);
#5546=ORIENTED_EDGE('',*,*,#3914,.T.);
#5547=ORIENTED_EDGE('',*,*,#3901,.F.);
#5548=ORIENTED_EDGE('',*,*,#3240,.T.);
#5549=ORIENTED_EDGE('',*,*,#3971,.T.);
#5550=ORIENTED_EDGE('',*,*,#3972,.T.);
#5551=ORIENTED_EDGE('',*,*,#3973,.T.);
#5552=ORIENTED_EDGE('',*,*,#3948,.T.);
#5553=ORIENTED_EDGE('',*,*,#3974,.T.);
#5554=ORIENTED_EDGE('',*,*,#3975,.T.);
#5555=ORIENTED_EDGE('',*,*,#3976,.T.);
#5556=ORIENTED_EDGE('',*,*,#3977,.T.);
#5557=ORIENTED_EDGE('',*,*,#3978,.T.);
#5558=ORIENTED_EDGE('',*,*,#3979,.T.);
#5559=ORIENTED_EDGE('',*,*,#3980,.T.);
#5560=ORIENTED_EDGE('',*,*,#3981,.T.);
#5561=ORIENTED_EDGE('',*,*,#3778,.T.);
#5562=ORIENTED_EDGE('',*,*,#3982,.T.);
#5563=ORIENTED_EDGE('',*,*,#3983,.F.);
#5564=ORIENTED_EDGE('',*,*,#3984,.F.);
#5565=ORIENTED_EDGE('',*,*,#3985,.T.);
#5566=ORIENTED_EDGE('',*,*,#3986,.T.);
#5567=ORIENTED_EDGE('',*,*,#3987,.T.);
#5568=ORIENTED_EDGE('',*,*,#3988,.F.);
#5569=ORIENTED_EDGE('',*,*,#3987,.F.);
#5570=ORIENTED_EDGE('',*,*,#3989,.T.);
#5571=ORIENTED_EDGE('',*,*,#3990,.T.);
#5572=ORIENTED_EDGE('',*,*,#3991,.F.);
#5573=ORIENTED_EDGE('',*,*,#3992,.F.);
#5574=ORIENTED_EDGE('',*,*,#3990,.F.);
#5575=ORIENTED_EDGE('',*,*,#3993,.T.);
#5576=ORIENTED_EDGE('',*,*,#3994,.T.);
#5577=ORIENTED_EDGE('',*,*,#3995,.F.);
#5578=ORIENTED_EDGE('',*,*,#3996,.F.);
#5579=ORIENTED_EDGE('',*,*,#3997,.F.);
#5580=ORIENTED_EDGE('',*,*,#3998,.F.);
#5581=ORIENTED_EDGE('',*,*,#3993,.F.);
#5582=ORIENTED_EDGE('',*,*,#3989,.F.);
#5583=ORIENTED_EDGE('',*,*,#3986,.F.);
#5584=ORIENTED_EDGE('',*,*,#3999,.F.);
#5585=ORIENTED_EDGE('',*,*,#4000,.F.);
#5586=ORIENTED_EDGE('',*,*,#3994,.F.);
#5587=ORIENTED_EDGE('',*,*,#3998,.T.);
#5588=ORIENTED_EDGE('',*,*,#4001,.T.);
#5589=ORIENTED_EDGE('',*,*,#4002,.F.);
#5590=ORIENTED_EDGE('',*,*,#4001,.F.);
#5591=ORIENTED_EDGE('',*,*,#3997,.T.);
#5592=ORIENTED_EDGE('',*,*,#4003,.T.);
#5593=ORIENTED_EDGE('',*,*,#4004,.F.);
#5594=ORIENTED_EDGE('',*,*,#4003,.F.);
#5595=ORIENTED_EDGE('',*,*,#3996,.T.);
#5596=ORIENTED_EDGE('',*,*,#3985,.F.);
#5597=ORIENTED_EDGE('',*,*,#3991,.T.);
#5598=ORIENTED_EDGE('',*,*,#3992,.T.);
#5599=ORIENTED_EDGE('',*,*,#4005,.F.);
#5600=ORIENTED_EDGE('',*,*,#3977,.F.);
#5601=ORIENTED_EDGE('',*,*,#4006,.T.);
#5602=ORIENTED_EDGE('',*,*,#3743,.F.);
#5603=ORIENTED_EDGE('',*,*,#3920,.F.);
#5604=ORIENTED_EDGE('',*,*,#4007,.F.);
#5605=ORIENTED_EDGE('',*,*,#3729,.F.);
#5606=ORIENTED_EDGE('',*,*,#3735,.F.);
#5607=ORIENTED_EDGE('',*,*,#3970,.T.);
#5608=ORIENTED_EDGE('',*,*,#4008,.F.);
#5609=ORIENTED_EDGE('',*,*,#3730,.F.);
#5610=ORIENTED_EDGE('',*,*,#4007,.T.);
#5611=ORIENTED_EDGE('',*,*,#3832,.T.);
#5612=ORIENTED_EDGE('',*,*,#4009,.T.);
#5613=ORIENTED_EDGE('',*,*,#4010,.F.);
#5614=ORIENTED_EDGE('',*,*,#4011,.T.);
#5615=ORIENTED_EDGE('',*,*,#4012,.T.);
#5616=ORIENTED_EDGE('',*,*,#4013,.T.);
#5617=ORIENTED_EDGE('',*,*,#4014,.T.);
#5618=ORIENTED_EDGE('',*,*,#4012,.F.);
#5619=ORIENTED_EDGE('',*,*,#4013,.F.);
#5620=ORIENTED_EDGE('',*,*,#4014,.F.);
#5621=ORIENTED_EDGE('',*,*,#4015,.T.);
#5622=ORIENTED_EDGE('',*,*,#3999,.T.);
#5623=ORIENTED_EDGE('',*,*,#4015,.F.);
#5624=ORIENTED_EDGE('',*,*,#4016,.F.);
#5625=ORIENTED_EDGE('',*,*,#4017,.T.);
#5626=ORIENTED_EDGE('',*,*,#4018,.F.);
#5627=ORIENTED_EDGE('',*,*,#4019,.F.);
#5628=ORIENTED_EDGE('',*,*,#3966,.F.);
#5629=ORIENTED_EDGE('',*,*,#4020,.F.);
#5630=ORIENTED_EDGE('',*,*,#4021,.F.);
#5631=ORIENTED_EDGE('',*,*,#4011,.F.);
#5632=ORIENTED_EDGE('',*,*,#4022,.F.);
#5633=ORIENTED_EDGE('',*,*,#4023,.T.);
#5634=ORIENTED_EDGE('',*,*,#4020,.T.);
#5635=ORIENTED_EDGE('',*,*,#3965,.F.);
#5636=ORIENTED_EDGE('',*,*,#4024,.F.);
#5637=ORIENTED_EDGE('',*,*,#4025,.T.);
#5638=ORIENTED_EDGE('',*,*,#4021,.T.);
#5639=ORIENTED_EDGE('',*,*,#4023,.F.);
#5640=ORIENTED_EDGE('',*,*,#4026,.F.);
#5641=ORIENTED_EDGE('',*,*,#4027,.F.);
#5642=ORIENTED_EDGE('',*,*,#4016,.T.);
#5643=ORIENTED_EDGE('',*,*,#4025,.F.);
#5644=ORIENTED_EDGE('',*,*,#4026,.T.);
#5645=ORIENTED_EDGE('',*,*,#4024,.T.);
#5646=ORIENTED_EDGE('',*,*,#4022,.T.);
#5647=ORIENTED_EDGE('',*,*,#3964,.F.);
#5648=ORIENTED_EDGE('',*,*,#4028,.T.);
#5649=ORIENTED_EDGE('',*,*,#4029,.F.);
#5650=ORIENTED_EDGE('',*,*,#4030,.F.);
#5651=ORIENTED_EDGE('',*,*,#4031,.T.);
#5652=ORIENTED_EDGE('',*,*,#4032,.F.);
#5653=ORIENTED_EDGE('',*,*,#4033,.T.);
#5654=ORIENTED_EDGE('',*,*,#4034,.F.);
#5655=ORIENTED_EDGE('',*,*,#4035,.T.);
#5656=ORIENTED_EDGE('',*,*,#4036,.F.);
#5657=ORIENTED_EDGE('',*,*,#3950,.T.);
#5658=ORIENTED_EDGE('',*,*,#3693,.T.);
#5659=ORIENTED_EDGE('',*,*,#3695,.F.);
#5660=ORIENTED_EDGE('',*,*,#3686,.T.);
#5661=ORIENTED_EDGE('',*,*,#3691,.F.);
#5662=ORIENTED_EDGE('',*,*,#3667,.T.);
#5663=ORIENTED_EDGE('',*,*,#3690,.F.);
#5664=ORIENTED_EDGE('',*,*,#3688,.T.);
#5665=ORIENTED_EDGE('',*,*,#3606,.T.);
#5666=ORIENTED_EDGE('',*,*,#3604,.F.);
#5667=ORIENTED_EDGE('',*,*,#3544,.T.);
#5668=ORIENTED_EDGE('',*,*,#3598,.F.);
#5669=ORIENTED_EDGE('',*,*,#3600,.F.);
#5670=ORIENTED_EDGE('',*,*,#3602,.F.);
#5671=ORIENTED_EDGE('',*,*,#3726,.F.);
#5672=ORIENTED_EDGE('',*,*,#3548,.T.);
#5673=ORIENTED_EDGE('',*,*,#3374,.F.);
#5674=ORIENTED_EDGE('',*,*,#3244,.F.);
#5675=ORIENTED_EDGE('',*,*,#3779,.T.);
#5676=ORIENTED_EDGE('',*,*,#3981,.F.);
#5677=ORIENTED_EDGE('',*,*,#4037,.T.);
#5678=ORIENTED_EDGE('',*,*,#3622,.F.);
#5679=ORIENTED_EDGE('',*,*,#4038,.T.);
#5680=ORIENTED_EDGE('',*,*,#3911,.T.);
#5681=ORIENTED_EDGE('',*,*,#3731,.F.);
#5682=ORIENTED_EDGE('',*,*,#3727,.F.);
#5683=ORIENTED_EDGE('',*,*,#4010,.T.);
#5684=ORIENTED_EDGE('',*,*,#4039,.F.);
#5685=ORIENTED_EDGE('',*,*,#4028,.F.);
#5686=ORIENTED_EDGE('',*,*,#3963,.F.);
#5687=ORIENTED_EDGE('',*,*,#3961,.T.);
#5688=ORIENTED_EDGE('',*,*,#3906,.F.);
#5689=ORIENTED_EDGE('',*,*,#4039,.T.);
#5690=ORIENTED_EDGE('',*,*,#4009,.F.);
#5691=ORIENTED_EDGE('',*,*,#3831,.T.);
#5692=ORIENTED_EDGE('',*,*,#3898,.T.);
#5693=ORIENTED_EDGE('',*,*,#3827,.T.);
#5694=ORIENTED_EDGE('',*,*,#3865,.T.);
#5695=ORIENTED_EDGE('',*,*,#3835,.T.);
#5696=ORIENTED_EDGE('',*,*,#3954,.F.);
#5697=ORIENTED_EDGE('',*,*,#4040,.T.);
#5698=ORIENTED_EDGE('',*,*,#4041,.F.);
#5699=ORIENTED_EDGE('',*,*,#4042,.F.);
#5700=ORIENTED_EDGE('',*,*,#4029,.T.);
#5701=ORIENTED_EDGE('',*,*,#3968,.T.);
#5702=ORIENTED_EDGE('',*,*,#4043,.T.);
#5703=ORIENTED_EDGE('',*,*,#4044,.T.);
#5704=ORIENTED_EDGE('',*,*,#4045,.T.);
#5705=ORIENTED_EDGE('',*,*,#3988,.T.);
#5706=ORIENTED_EDGE('',*,*,#4008,.T.);
#5707=ORIENTED_EDGE('',*,*,#3969,.F.);
#5708=ORIENTED_EDGE('',*,*,#4045,.F.);
#5709=ORIENTED_EDGE('',*,*,#4046,.F.);
#5710=ORIENTED_EDGE('',*,*,#4047,.F.);
#5711=ORIENTED_EDGE('',*,*,#3978,.F.);
#5712=ORIENTED_EDGE('',*,*,#4005,.T.);
#5713=ORIENTED_EDGE('',*,*,#3995,.T.);
#5714=ORIENTED_EDGE('',*,*,#4000,.T.);
#5715=ORIENTED_EDGE('',*,*,#4002,.T.);
#5716=ORIENTED_EDGE('',*,*,#4004,.T.);
#5717=ORIENTED_EDGE('',*,*,#3984,.T.);
#5718=ORIENTED_EDGE('',*,*,#4044,.F.);
#5719=ORIENTED_EDGE('',*,*,#4048,.T.);
#5720=ORIENTED_EDGE('',*,*,#4049,.F.);
#5721=ORIENTED_EDGE('',*,*,#4046,.T.);
#5722=ORIENTED_EDGE('',*,*,#4019,.T.);
#5723=ORIENTED_EDGE('',*,*,#4050,.F.);
#5724=ORIENTED_EDGE('',*,*,#4051,.F.);
#5725=ORIENTED_EDGE('',*,*,#4048,.F.);
#5726=ORIENTED_EDGE('',*,*,#4043,.F.);
#5727=ORIENTED_EDGE('',*,*,#3967,.F.);
#5728=ORIENTED_EDGE('',*,*,#4049,.T.);
#5729=ORIENTED_EDGE('',*,*,#4051,.T.);
#5730=ORIENTED_EDGE('',*,*,#4052,.F.);
#5731=ORIENTED_EDGE('',*,*,#4017,.F.);
#5732=ORIENTED_EDGE('',*,*,#4053,.F.);
#5733=ORIENTED_EDGE('',*,*,#3979,.F.);
#5734=ORIENTED_EDGE('',*,*,#4047,.T.);
#5735=ORIENTED_EDGE('',*,*,#4018,.T.);
#5736=ORIENTED_EDGE('',*,*,#4052,.T.);
#5737=ORIENTED_EDGE('',*,*,#4050,.T.);
#5738=ORIENTED_EDGE('',*,*,#4038,.F.);
#5739=ORIENTED_EDGE('',*,*,#4054,.T.);
#5740=ORIENTED_EDGE('',*,*,#4055,.F.);
#5741=ORIENTED_EDGE('',*,*,#4054,.F.);
#5742=ORIENTED_EDGE('',*,*,#4056,.F.);
#5743=ORIENTED_EDGE('',*,*,#4057,.T.);
#5744=ORIENTED_EDGE('',*,*,#4058,.F.);
#5745=ORIENTED_EDGE('',*,*,#4059,.F.);
#5746=ORIENTED_EDGE('',*,*,#4060,.F.);
#5747=ORIENTED_EDGE('',*,*,#4061,.F.);
#5748=ORIENTED_EDGE('',*,*,#4062,.F.);
#5749=ORIENTED_EDGE('',*,*,#4057,.F.);
#5750=ORIENTED_EDGE('',*,*,#4060,.T.);
#5751=ORIENTED_EDGE('',*,*,#4063,.F.);
#5752=ORIENTED_EDGE('',*,*,#4064,.F.);
#5753=ORIENTED_EDGE('',*,*,#4065,.F.);
#5754=ORIENTED_EDGE('',*,*,#4040,.F.);
#5755=ORIENTED_EDGE('',*,*,#3953,.F.);
#5756=ORIENTED_EDGE('',*,*,#4066,.F.);
#5757=ORIENTED_EDGE('',*,*,#4067,.F.);
#5758=ORIENTED_EDGE('',*,*,#4068,.F.);
#5759=ORIENTED_EDGE('',*,*,#4059,.T.);
#5760=ORIENTED_EDGE('',*,*,#4069,.T.);
#5761=ORIENTED_EDGE('',*,*,#4070,.T.);
#5762=ORIENTED_EDGE('',*,*,#4063,.T.);
#5763=ORIENTED_EDGE('',*,*,#4071,.F.);
#5764=ORIENTED_EDGE('',*,*,#4072,.T.);
#5765=ORIENTED_EDGE('',*,*,#4073,.T.);
#5766=ORIENTED_EDGE('',*,*,#4074,.F.);
#5767=ORIENTED_EDGE('',*,*,#4056,.T.);
#5768=ORIENTED_EDGE('',*,*,#4075,.F.);
#5769=ORIENTED_EDGE('',*,*,#4074,.T.);
#5770=ORIENTED_EDGE('',*,*,#4076,.T.);
#5771=ORIENTED_EDGE('',*,*,#4077,.F.);
#5772=ORIENTED_EDGE('',*,*,#4078,.F.);
#5773=ORIENTED_EDGE('',*,*,#4079,.F.);
#5774=ORIENTED_EDGE('',*,*,#4080,.F.);
#5775=ORIENTED_EDGE('',*,*,#4081,.F.);
#5776=ORIENTED_EDGE('',*,*,#4082,.F.);
#5777=ORIENTED_EDGE('',*,*,#4083,.T.);
#5778=ORIENTED_EDGE('',*,*,#4084,.T.);
#5779=ORIENTED_EDGE('',*,*,#4072,.F.);
#5780=ORIENTED_EDGE('',*,*,#4085,.F.);
#5781=ORIENTED_EDGE('',*,*,#4086,.F.);
#5782=ORIENTED_EDGE('',*,*,#4087,.F.);
#5783=ORIENTED_EDGE('',*,*,#4077,.T.);
#5784=ORIENTED_EDGE('',*,*,#4088,.T.);
#5785=ORIENTED_EDGE('',*,*,#4083,.F.);
#5786=ORIENTED_EDGE('',*,*,#4055,.T.);
#5787=ORIENTED_EDGE('',*,*,#4073,.F.);
#5788=ORIENTED_EDGE('',*,*,#4084,.F.);
#5789=ORIENTED_EDGE('',*,*,#4088,.F.);
#5790=ORIENTED_EDGE('',*,*,#4076,.F.);
#5791=ORIENTED_EDGE('',*,*,#4058,.T.);
#5792=ORIENTED_EDGE('',*,*,#4062,.T.);
#5793=ORIENTED_EDGE('',*,*,#4089,.F.);
#5794=ORIENTED_EDGE('',*,*,#4090,.F.);
#5795=ORIENTED_EDGE('',*,*,#4091,.F.);
#5796=ORIENTED_EDGE('',*,*,#4080,.T.);
#5797=ORIENTED_EDGE('',*,*,#4071,.T.);
#5798=ORIENTED_EDGE('',*,*,#4075,.T.);
#5799=ORIENTED_EDGE('',*,*,#4092,.F.);
#5800=ORIENTED_EDGE('',*,*,#4093,.F.);
#5801=ORIENTED_EDGE('',*,*,#4069,.F.);
#5802=ORIENTED_EDGE('',*,*,#4079,.T.);
#5803=ORIENTED_EDGE('',*,*,#4094,.F.);
#5804=ORIENTED_EDGE('',*,*,#4095,.F.);
#5805=ORIENTED_EDGE('',*,*,#4092,.T.);
#5806=ORIENTED_EDGE('',*,*,#4078,.T.);
#5807=ORIENTED_EDGE('',*,*,#4087,.T.);
#5808=ORIENTED_EDGE('',*,*,#4096,.T.);
#5809=ORIENTED_EDGE('',*,*,#4032,.T.);
#5810=ORIENTED_EDGE('',*,*,#4097,.T.);
#5811=ORIENTED_EDGE('',*,*,#4094,.T.);
#5812=ORIENTED_EDGE('',*,*,#4081,.T.);
#5813=ORIENTED_EDGE('',*,*,#4091,.T.);
#5814=ORIENTED_EDGE('',*,*,#4098,.F.);
#5815=ORIENTED_EDGE('',*,*,#4099,.F.);
#5816=ORIENTED_EDGE('',*,*,#4100,.F.);
#5817=ORIENTED_EDGE('',*,*,#4101,.F.);
#5818=ORIENTED_EDGE('',*,*,#4102,.F.);
#5819=ORIENTED_EDGE('',*,*,#4103,.F.);
#5820=ORIENTED_EDGE('',*,*,#4104,.F.);
#5821=ORIENTED_EDGE('',*,*,#4070,.F.);
#5822=ORIENTED_EDGE('',*,*,#4105,.T.);
#5823=ORIENTED_EDGE('',*,*,#4064,.T.);
#5824=ORIENTED_EDGE('',*,*,#4104,.T.);
#5825=ORIENTED_EDGE('',*,*,#4106,.T.);
#5826=ORIENTED_EDGE('',*,*,#4041,.T.);
#5827=ORIENTED_EDGE('',*,*,#4065,.T.);
#5828=ORIENTED_EDGE('',*,*,#4105,.F.);
#5829=ORIENTED_EDGE('',*,*,#4107,.T.);
#5830=ORIENTED_EDGE('',*,*,#4061,.T.);
#5831=ORIENTED_EDGE('',*,*,#4068,.T.);
#5832=ORIENTED_EDGE('',*,*,#4101,.T.);
#5833=ORIENTED_EDGE('',*,*,#4089,.T.);
#5834=ORIENTED_EDGE('',*,*,#4103,.T.);
#5835=ORIENTED_EDGE('',*,*,#4093,.T.);
#5836=ORIENTED_EDGE('',*,*,#4095,.T.);
#5837=ORIENTED_EDGE('',*,*,#4108,.T.);
#5838=ORIENTED_EDGE('',*,*,#4109,.T.);
#5839=ORIENTED_EDGE('',*,*,#4110,.T.);
#5840=ORIENTED_EDGE('',*,*,#4102,.T.);
#5841=ORIENTED_EDGE('',*,*,#4067,.T.);
#5842=ORIENTED_EDGE('',*,*,#3952,.T.);
#5843=ORIENTED_EDGE('',*,*,#4111,.T.);
#5844=ORIENTED_EDGE('',*,*,#4109,.F.);
#5845=ORIENTED_EDGE('',*,*,#4066,.T.);
#5846=ORIENTED_EDGE('',*,*,#4098,.T.);
#5847=ORIENTED_EDGE('',*,*,#4090,.T.);
#5848=ORIENTED_EDGE('',*,*,#4100,.T.);
#5849=ORIENTED_EDGE('',*,*,#4112,.T.);
#5850=ORIENTED_EDGE('',*,*,#4082,.T.);
#5851=ORIENTED_EDGE('',*,*,#4099,.T.);
#5852=ORIENTED_EDGE('',*,*,#4113,.T.);
#5853=ORIENTED_EDGE('',*,*,#4034,.T.);
#5854=ORIENTED_EDGE('',*,*,#4114,.T.);
#5855=ORIENTED_EDGE('',*,*,#4085,.T.);
#5856=ORIENTED_EDGE('',*,*,#4107,.F.);
#5857=ORIENTED_EDGE('',*,*,#4115,.T.);
#5858=ORIENTED_EDGE('',*,*,#4030,.T.);
#5859=ORIENTED_EDGE('',*,*,#4042,.T.);
#5860=ORIENTED_EDGE('',*,*,#4106,.F.);
#5861=ORIENTED_EDGE('',*,*,#4108,.F.);
#5862=ORIENTED_EDGE('',*,*,#4097,.F.);
#5863=ORIENTED_EDGE('',*,*,#4031,.F.);
#5864=ORIENTED_EDGE('',*,*,#4115,.F.);
#5865=ORIENTED_EDGE('',*,*,#4086,.T.);
#5866=ORIENTED_EDGE('',*,*,#4114,.F.);
#5867=ORIENTED_EDGE('',*,*,#4033,.F.);
#5868=ORIENTED_EDGE('',*,*,#4096,.F.);
#5869=ORIENTED_EDGE('',*,*,#4111,.F.);
#5870=ORIENTED_EDGE('',*,*,#3951,.T.);
#5871=ORIENTED_EDGE('',*,*,#4036,.T.);
#5872=ORIENTED_EDGE('',*,*,#4116,.T.);
#5873=ORIENTED_EDGE('',*,*,#4110,.F.);
#5874=ORIENTED_EDGE('',*,*,#4116,.F.);
#5875=ORIENTED_EDGE('',*,*,#4035,.F.);
#5876=ORIENTED_EDGE('',*,*,#4113,.F.);
#5877=ORIENTED_EDGE('',*,*,#4112,.F.);
#5878=ORIENTED_EDGE('',*,*,#4117,.F.);
#5879=ORIENTED_EDGE('',*,*,#3867,.F.);
#5880=ORIENTED_EDGE('',*,*,#4118,.T.);
#5881=ORIENTED_EDGE('',*,*,#4117,.T.);
#5882=ORIENTED_EDGE('',*,*,#4118,.F.);
#5883=ORIENTED_EDGE('',*,*,#3860,.F.);
#5884=ORIENTED_EDGE('',*,*,#3863,.F.);
#5885=ORIENTED_EDGE('',*,*,#3825,.F.);
#5886=ORIENTED_EDGE('',*,*,#4119,.T.);
#5887=ORIENTED_EDGE('',*,*,#3917,.T.);
#5888=ORIENTED_EDGE('',*,*,#4120,.F.);
#5889=ORIENTED_EDGE('',*,*,#3823,.F.);
#5890=ORIENTED_EDGE('',*,*,#3821,.T.);
#5891=ORIENTED_EDGE('',*,*,#3856,.F.);
#5892=ORIENTED_EDGE('',*,*,#4119,.F.);
#5893=ORIENTED_EDGE('',*,*,#3824,.F.);
#5894=ORIENTED_EDGE('',*,*,#4120,.T.);
#5895=ORIENTED_EDGE('',*,*,#3916,.F.);
#5896=ORIENTED_EDGE('',*,*,#3892,.F.);
#5897=ORIENTED_EDGE('',*,*,#3896,.F.);
#5898=ORIENTED_EDGE('',*,*,#3829,.F.);
#5899=ORIENTED_EDGE('',*,*,#4121,.T.);
#5900=ORIENTED_EDGE('',*,*,#3889,.F.);
#5901=ORIENTED_EDGE('',*,*,#4121,.F.);
#5902=ORIENTED_EDGE('',*,*,#3828,.F.);
#5903=ORIENTED_EDGE('',*,*,#3897,.T.);
#5904=ORIENTED_EDGE('',*,*,#3874,.F.);
#5905=ORIENTED_EDGE('',*,*,#4122,.F.);
#5906=ORIENTED_EDGE('',*,*,#3836,.F.);
#5907=ORIENTED_EDGE('',*,*,#3882,.T.);
#5908=ORIENTED_EDGE('',*,*,#3877,.F.);
#5909=ORIENTED_EDGE('',*,*,#3881,.F.);
#5910=ORIENTED_EDGE('',*,*,#3837,.F.);
#5911=ORIENTED_EDGE('',*,*,#4122,.T.);
#5912=ORIENTED_EDGE('',*,*,#3771,.F.);
#5913=ORIENTED_EDGE('',*,*,#3768,.F.);
#5914=ORIENTED_EDGE('',*,*,#3774,.F.);
#5915=ORIENTED_EDGE('',*,*,#3841,.F.);
#5916=ORIENTED_EDGE('',*,*,#4123,.T.);
#5917=ORIENTED_EDGE('',*,*,#3765,.F.);
#5918=ORIENTED_EDGE('',*,*,#3762,.F.);
#5919=ORIENTED_EDGE('',*,*,#4123,.F.);
#5920=ORIENTED_EDGE('',*,*,#3840,.F.);
#5921=ORIENTED_EDGE('',*,*,#3775,.T.);
#5922=ORIENTED_EDGE('',*,*,#3758,.F.);
#5923=ORIENTED_EDGE('',*,*,#3741,.F.);
#5924=ORIENTED_EDGE('',*,*,#3752,.F.);
#5925=ORIENTED_EDGE('',*,*,#4124,.F.);
#5926=ORIENTED_EDGE('',*,*,#3922,.F.);
#5927=ORIENTED_EDGE('',*,*,#3798,.F.);
#5928=ORIENTED_EDGE('',*,*,#4125,.T.);
#5929=ORIENTED_EDGE('',*,*,#4126,.F.);
#5930=ORIENTED_EDGE('',*,*,#4125,.F.);
#5931=ORIENTED_EDGE('',*,*,#4126,.T.);
#5932=ORIENTED_EDGE('',*,*,#4127,.T.);
#5933=ORIENTED_EDGE('',*,*,#4128,.F.);
#5934=ORIENTED_EDGE('',*,*,#4127,.F.);
#5935=ORIENTED_EDGE('',*,*,#3797,.F.);
#5936=ORIENTED_EDGE('',*,*,#4129,.T.);
#5937=ORIENTED_EDGE('',*,*,#4130,.T.);
#5938=ORIENTED_EDGE('',*,*,#4129,.F.);
#5939=ORIENTED_EDGE('',*,*,#4130,.F.);
#5940=ORIENTED_EDGE('',*,*,#4131,.T.);
#5941=ORIENTED_EDGE('',*,*,#4132,.F.);
#5942=ORIENTED_EDGE('',*,*,#4131,.F.);
#5943=ORIENTED_EDGE('',*,*,#3241,.T.);
#5944=ORIENTED_EDGE('',*,*,#3983,.T.);
#5945=ORIENTED_EDGE('',*,*,#4133,.F.);
#5946=ORIENTED_EDGE('',*,*,#4133,.T.);
#5947=ORIENTED_EDGE('',*,*,#3982,.F.);
#5948=ORIENTED_EDGE('',*,*,#3777,.F.);
#5949=ORIENTED_EDGE('',*,*,#3242,.F.);
#5950=ORIENTED_EDGE('',*,*,#4134,.F.);
#5951=ORIENTED_EDGE('',*,*,#4135,.T.);
#5952=ORIENTED_EDGE('',*,*,#3753,.F.);
#5953=ORIENTED_EDGE('',*,*,#4135,.F.);
#5954=ORIENTED_EDGE('',*,*,#3975,.F.);
#5955=ORIENTED_EDGE('',*,*,#4136,.T.);
#5956=ORIENTED_EDGE('',*,*,#4137,.T.);
#5957=ORIENTED_EDGE('',*,*,#4138,.F.);
#5958=ORIENTED_EDGE('',*,*,#3974,.F.);
#5959=ORIENTED_EDGE('',*,*,#3947,.F.);
#5960=ORIENTED_EDGE('',*,*,#4139,.T.);
#5961=ORIENTED_EDGE('',*,*,#4136,.F.);
#5962=ORIENTED_EDGE('',*,*,#4140,.F.);
#5963=ORIENTED_EDGE('',*,*,#4141,.F.);
#5964=ORIENTED_EDGE('',*,*,#4137,.F.);
#5965=ORIENTED_EDGE('',*,*,#4139,.F.);
#5966=ORIENTED_EDGE('',*,*,#3946,.F.);
#5967=ORIENTED_EDGE('',*,*,#4142,.F.);
#5968=ORIENTED_EDGE('',*,*,#4134,.T.);
#5969=ORIENTED_EDGE('',*,*,#4140,.T.);
#5970=ORIENTED_EDGE('',*,*,#4143,.T.);
#5971=ORIENTED_EDGE('',*,*,#3745,.F.);
#5972=ORIENTED_EDGE('',*,*,#4144,.F.);
#5973=ORIENTED_EDGE('',*,*,#3923,.F.);
#5974=ORIENTED_EDGE('',*,*,#4124,.T.);
#5975=ORIENTED_EDGE('',*,*,#3751,.F.);
#5976=ORIENTED_EDGE('',*,*,#4142,.T.);
#5977=ORIENTED_EDGE('',*,*,#3945,.T.);
#5978=ORIENTED_EDGE('',*,*,#3746,.F.);
#5979=ORIENTED_EDGE('',*,*,#4143,.F.);
#5980=ORIENTED_EDGE('',*,*,#4144,.T.);
#5981=ORIENTED_EDGE('',*,*,#3744,.F.);
#5982=ORIENTED_EDGE('',*,*,#4006,.F.);
#5983=ORIENTED_EDGE('',*,*,#3976,.F.);
#5984=ORIENTED_EDGE('',*,*,#4138,.T.);
#5985=ORIENTED_EDGE('',*,*,#4141,.T.);
#5986=ORIENTED_EDGE('',*,*,#4027,.T.);
#5987=ORIENTED_EDGE('',*,*,#4037,.F.);
#5988=ORIENTED_EDGE('',*,*,#3980,.F.);
#5989=ORIENTED_EDGE('',*,*,#4053,.T.);
#5990=ORIENTED_EDGE('',*,*,#3973,.F.);
#5991=ORIENTED_EDGE('',*,*,#4145,.T.);
#5992=ORIENTED_EDGE('',*,*,#3557,.T.);
#5993=ORIENTED_EDGE('',*,*,#3949,.F.);
#5994=ORIENTED_EDGE('',*,*,#3971,.F.);
#5995=ORIENTED_EDGE('',*,*,#3239,.T.);
#5996=ORIENTED_EDGE('',*,*,#3559,.T.);
#5997=ORIENTED_EDGE('',*,*,#4146,.F.);
#5998=ORIENTED_EDGE('',*,*,#4145,.F.);
#5999=ORIENTED_EDGE('',*,*,#3972,.F.);
#6000=ORIENTED_EDGE('',*,*,#4146,.T.);
#6001=ORIENTED_EDGE('',*,*,#3558,.T.);
#6002=ORIENTED_EDGE('',*,*,#3709,.F.);
#6003=ORIENTED_EDGE('',*,*,#4132,.T.);
#6004=ORIENTED_EDGE('',*,*,#4128,.T.);
#6005=CYLINDRICAL_SURFACE('',#6496,1.);
#6006=CYLINDRICAL_SURFACE('',#6500,1.);
#6007=CYLINDRICAL_SURFACE('',#6504,1.);
#6008=CYLINDRICAL_SURFACE('',#6507,1.);
#6009=CYLINDRICAL_SURFACE('',#6511,0.5);
#6010=CYLINDRICAL_SURFACE('',#6514,0.5);
#6011=CYLINDRICAL_SURFACE('',#6516,0.5);
#6012=CYLINDRICAL_SURFACE('',#6518,0.5);
#6013=CYLINDRICAL_SURFACE('',#6522,0.5);
#6014=CYLINDRICAL_SURFACE('',#6525,0.5);
#6015=CYLINDRICAL_SURFACE('',#6527,0.5);
#6016=CYLINDRICAL_SURFACE('',#6529,0.5);
#6017=CYLINDRICAL_SURFACE('',#6533,0.5);
#6018=CYLINDRICAL_SURFACE('',#6537,0.5);
#6019=CYLINDRICAL_SURFACE('',#6539,0.5);
#6020=CYLINDRICAL_SURFACE('',#6544,0.5);
#6021=CYLINDRICAL_SURFACE('',#6546,0.5);
#6022=CYLINDRICAL_SURFACE('',#6553,0.95);
#6023=CYLINDRICAL_SURFACE('',#6559,1.95);
#6024=CYLINDRICAL_SURFACE('',#6571,1.);
#6025=CYLINDRICAL_SURFACE('',#6576,1.);
#6026=CYLINDRICAL_SURFACE('',#6579,1.);
#6027=CYLINDRICAL_SURFACE('',#6582,1.);
#6028=CYLINDRICAL_SURFACE('',#6586,0.5);
#6029=CYLINDRICAL_SURFACE('',#6590,0.5);
#6030=CYLINDRICAL_SURFACE('',#6593,0.5);
#6031=CYLINDRICAL_SURFACE('',#6597,0.5);
#6032=CYLINDRICAL_SURFACE('',#6601,0.5);
#6033=CYLINDRICAL_SURFACE('',#6605,0.5);
#6034=CYLINDRICAL_SURFACE('',#6608,0.5);
#6035=CYLINDRICAL_SURFACE('',#6614,0.5);
#6036=CYLINDRICAL_SURFACE('',#6616,0.5);
#6037=CYLINDRICAL_SURFACE('',#6618,0.5);
#6038=CYLINDRICAL_SURFACE('',#6621,0.5);
#6039=CYLINDRICAL_SURFACE('',#6623,0.5);
#6040=CYLINDRICAL_SURFACE('',#6633,0.5);
#6041=CYLINDRICAL_SURFACE('',#6636,0.5);
#6042=CYLINDRICAL_SURFACE('',#6638,0.5);
#6043=CYLINDRICAL_SURFACE('',#6640,0.5);
#6044=CYLINDRICAL_SURFACE('',#6644,0.5);
#6045=CYLINDRICAL_SURFACE('',#6647,0.5);
#6046=CYLINDRICAL_SURFACE('',#6649,0.5);
#6047=CYLINDRICAL_SURFACE('',#6651,0.5);
#6048=CYLINDRICAL_SURFACE('',#6655,0.5);
#6049=CYLINDRICAL_SURFACE('',#6662,0.5);
#6050=CYLINDRICAL_SURFACE('',#6665,4.25);
#6051=CYLINDRICAL_SURFACE('',#6670,1.45);
#6052=CYLINDRICAL_SURFACE('',#6674,3.);
#6053=CYLINDRICAL_SURFACE('',#6685,1.6);
#6054=CYLINDRICAL_SURFACE('',#6706,1.6);
#6055=CYLINDRICAL_SURFACE('',#6710,0.999999999999992);
#6056=CYLINDRICAL_SURFACE('',#6721,1.6);
#6057=CYLINDRICAL_SURFACE('',#6724,1.6);
#6058=CYLINDRICAL_SURFACE('',#6732,0.15);
#6059=CYLINDRICAL_SURFACE('',#6746,1.25);
#6060=CYLINDRICAL_SURFACE('',#6757,0.15);
#6061=CYLINDRICAL_SURFACE('',#6760,0.15);
#6062=CYLINDRICAL_SURFACE('',#6761,0.15);
#6063=CYLINDRICAL_SURFACE('',#6762,0.15);
#6064=CYLINDRICAL_SURFACE('',#6765,0.15);
#6065=CYLINDRICAL_SURFACE('',#6766,1.25);
#6066=CYLINDRICAL_SURFACE('',#6768,1.25);
#6067=CYLINDRICAL_SURFACE('',#6772,1.25);
#6068=CYLINDRICAL_SURFACE('',#6777,0.75);
#6069=CYLINDRICAL_SURFACE('',#6778,1.75);
#6070=CYLINDRICAL_SURFACE('',#6791,1.675);
#6071=CYLINDRICAL_SURFACE('',#6795,1.675);
#6072=CYLINDRICAL_SURFACE('',#6797,5.25);
#6073=CYLINDRICAL_SURFACE('',#6804,5.);
#6074=CYLINDRICAL_SURFACE('',#6815,1.);
#6075=CYLINDRICAL_SURFACE('',#6820,1.);
#6076=CYLINDRICAL_SURFACE('',#6823,1.);
#6077=CYLINDRICAL_SURFACE('',#6826,1.);
#6078=CYLINDRICAL_SURFACE('',#6830,0.5);
#6079=CYLINDRICAL_SURFACE('',#6842,0.5);
#6080=CYLINDRICAL_SURFACE('',#6844,0.5);
#6081=CYLINDRICAL_SURFACE('',#6847,0.5);
#6082=CYLINDRICAL_SURFACE('',#6850,0.5);
#6083=CYLINDRICAL_SURFACE('',#6853,0.5);
#6084=CYLINDRICAL_SURFACE('',#6855,0.5);
#6085=CYLINDRICAL_SURFACE('',#6861,0.5);
#6086=CYLINDRICAL_SURFACE('',#6863,0.5);
#6087=CYLINDRICAL_SURFACE('',#6865,0.5);
#6088=CYLINDRICAL_SURFACE('',#6868,0.5);
#6089=CYLINDRICAL_SURFACE('',#6870,0.5);
#6090=CYLINDRICAL_SURFACE('',#6880,0.5);
#6091=CYLINDRICAL_SURFACE('',#6883,0.5);
#6092=CYLINDRICAL_SURFACE('',#6885,0.5);
#6093=CYLINDRICAL_SURFACE('',#6887,0.5);
#6094=CYLINDRICAL_SURFACE('',#6891,0.5);
#6095=CYLINDRICAL_SURFACE('',#6894,0.5);
#6096=CYLINDRICAL_SURFACE('',#6896,0.5);
#6097=CYLINDRICAL_SURFACE('',#6898,0.5);
#6098=CYLINDRICAL_SURFACE('',#6902,0.5);
#6099=CYLINDRICAL_SURFACE('',#6909,0.5);
#6100=CYLINDRICAL_SURFACE('',#6912,4.25);
#6101=CYLINDRICAL_SURFACE('',#6921,1.45);
#6102=CYLINDRICAL_SURFACE('',#6925,3.);
#6103=CYLINDRICAL_SURFACE('',#6939,1.6);
#6104=CYLINDRICAL_SURFACE('',#6960,1.6);
#6105=CYLINDRICAL_SURFACE('',#6964,0.999999999999992);
#6106=CYLINDRICAL_SURFACE('',#6981,1.6);
#6107=CYLINDRICAL_SURFACE('',#6983,1.6);
#6108=CYLINDRICAL_SURFACE('',#6991,0.15);
#6109=CYLINDRICAL_SURFACE('',#7005,1.25);
#6110=CYLINDRICAL_SURFACE('',#7015,0.15);
#6111=CYLINDRICAL_SURFACE('',#7018,0.15);
#6112=CYLINDRICAL_SURFACE('',#7019,0.15);
#6113=CYLINDRICAL_SURFACE('',#7020,0.15);
#6114=CYLINDRICAL_SURFACE('',#7023,0.15);
#6115=CYLINDRICAL_SURFACE('',#7024,1.25);
#6116=CYLINDRICAL_SURFACE('',#7025,1.25);
#6117=CYLINDRICAL_SURFACE('',#7028,1.25);
#6118=CYLINDRICAL_SURFACE('',#7032,0.75);
#6119=CYLINDRICAL_SURFACE('',#7033,1.75);
#6120=CYLINDRICAL_SURFACE('',#7045,1.675);
#6121=CYLINDRICAL_SURFACE('',#7049,1.675);
#6122=CYLINDRICAL_SURFACE('',#7053,1.675);
#6123=CYLINDRICAL_SURFACE('',#7055,5.25);
#6124=CYLINDRICAL_SURFACE('',#7062,5.);
#6125=ADVANCED_FACE('',(#431),#6005,.T.);
#6126=ADVANCED_FACE('',(#432),#6006,.T.);
#6127=ADVANCED_FACE('',(#433),#6007,.T.);
#6128=ADVANCED_FACE('',(#434),#6008,.T.);
#6129=ADVANCED_FACE('',(#435),#97,.F.);
#6130=ADVANCED_FACE('',(#436),#98,.F.);
#6131=ADVANCED_FACE('',(#437,#57),#99,.T.);
#6132=ADVANCED_FACE('',(#438),#6009,.T.);
#6133=ADVANCED_FACE('',(#439),#6010,.T.);
#6134=ADVANCED_FACE('',(#440),#6011,.T.);
#6135=ADVANCED_FACE('',(#441),#6012,.T.);
#6136=ADVANCED_FACE('',(#442),#100,.T.);
#6137=ADVANCED_FACE('',(#443),#101,.T.);
#6138=ADVANCED_FACE('',(#444),#102,.T.);
#6139=ADVANCED_FACE('',(#445),#6013,.T.);
#6140=ADVANCED_FACE('',(#446),#6014,.T.);
#6141=ADVANCED_FACE('',(#447),#6015,.T.);
#6142=ADVANCED_FACE('',(#448),#6016,.T.);
#6143=ADVANCED_FACE('',(#449),#103,.T.);
#6144=ADVANCED_FACE('',(#450),#104,.T.);
#6145=ADVANCED_FACE('',(#451),#105,.T.);
#6146=ADVANCED_FACE('',(#452),#6017,.T.);
#6147=ADVANCED_FACE('',(#453),#6018,.T.);
#6148=ADVANCED_FACE('',(#454),#6019,.T.);
#6149=ADVANCED_FACE('',(#455),#34,.T.);
#6150=ADVANCED_FACE('',(#456),#6020,.T.);
#6151=ADVANCED_FACE('',(#457),#6021,.T.);
#6152=ADVANCED_FACE('',(#458),#106,.T.);
#6153=ADVANCED_FACE('',(#459),#107,.T.);
#6154=ADVANCED_FACE('',(#460),#108,.T.);
#6155=ADVANCED_FACE('',(#461,#58),#109,.T.);
#6156=ADVANCED_FACE('',(#462),#110,.T.);
#6157=ADVANCED_FACE('',(#463),#6022,.F.);
#6158=ADVANCED_FACE('',(#464),#111,.T.);
#6159=ADVANCED_FACE('',(#465),#112,.T.);
#6160=ADVANCED_FACE('',(#466),#113,.T.);
#6161=ADVANCED_FACE('',(#467),#114,.T.);
#6162=ADVANCED_FACE('',(#468),#6023,.T.);
#6163=ADVANCED_FACE('',(#469),#115,.T.);
#6164=ADVANCED_FACE('',(#470),#116,.T.);
#6165=ADVANCED_FACE('',(#471),#117,.F.);
#6166=ADVANCED_FACE('',(#472),#118,.F.);
#6167=ADVANCED_FACE('',(#473),#119,.F.);
#6168=ADVANCED_FACE('',(#474),#120,.F.);
#6169=ADVANCED_FACE('',(#475),#121,.F.);
#6170=ADVANCED_FACE('',(#476,#59),#122,.T.);
#6171=ADVANCED_FACE('',(#477),#6024,.T.);
#6172=ADVANCED_FACE('',(#478),#6025,.T.);
#6173=ADVANCED_FACE('',(#479),#6026,.T.);
#6174=ADVANCED_FACE('',(#480),#6027,.T.);
#6175=ADVANCED_FACE('',(#481),#123,.T.);
#6176=ADVANCED_FACE('',(#482),#124,.T.);
#6177=ADVANCED_FACE('',(#483,#60),#125,.F.);
#6178=ADVANCED_FACE('',(#484),#6028,.T.);
#6179=ADVANCED_FACE('',(#485),#126,.T.);
#6180=ADVANCED_FACE('',(#486),#6029,.F.);
#6181=ADVANCED_FACE('',(#487),#6030,.F.);
#6182=ADVANCED_FACE('',(#488),#127,.T.);
#6183=ADVANCED_FACE('',(#489),#6031,.T.);
#6184=ADVANCED_FACE('',(#490),#128,.T.);
#6185=ADVANCED_FACE('',(#491),#6032,.T.);
#6186=ADVANCED_FACE('',(#492),#129,.T.);
#6187=ADVANCED_FACE('',(#493),#6033,.T.);
#6188=ADVANCED_FACE('',(#494),#6034,.F.);
#6189=ADVANCED_FACE('',(#495,#61,#62),#130,.F.);
#6190=ADVANCED_FACE('',(#496),#6035,.T.);
#6191=ADVANCED_FACE('',(#497),#6036,.T.);
#6192=ADVANCED_FACE('',(#498),#6037,.T.);
#6193=ADVANCED_FACE('',(#499),#6038,.T.);
#6194=ADVANCED_FACE('',(#500),#6039,.T.);
#6195=ADVANCED_FACE('',(#501),#35,.T.);
#6196=ADVANCED_FACE('',(#502),#131,.F.);
#6197=ADVANCED_FACE('',(#503),#132,.F.);
#6198=ADVANCED_FACE('',(#504),#133,.F.);
#6199=ADVANCED_FACE('',(#505,#63),#134,.F.);
#6200=ADVANCED_FACE('',(#506),#6040,.T.);
#6201=ADVANCED_FACE('',(#507),#6041,.T.);
#6202=ADVANCED_FACE('',(#508),#6042,.T.);
#6203=ADVANCED_FACE('',(#509),#6043,.T.);
#6204=ADVANCED_FACE('',(#510),#135,.F.);
#6205=ADVANCED_FACE('',(#511),#136,.F.);
#6206=ADVANCED_FACE('',(#512),#137,.F.);
#6207=ADVANCED_FACE('',(#513),#6044,.T.);
#6208=ADVANCED_FACE('',(#514),#6045,.T.);
#6209=ADVANCED_FACE('',(#515),#6046,.T.);
#6210=ADVANCED_FACE('',(#516),#6047,.T.);
#6211=ADVANCED_FACE('',(#517),#138,.F.);
#6212=ADVANCED_FACE('',(#518),#139,.F.);
#6213=ADVANCED_FACE('',(#519),#140,.F.);
#6214=ADVANCED_FACE('',(#520),#6048,.T.);
#6215=ADVANCED_FACE('',(#521),#36,.T.);
#6216=ADVANCED_FACE('',(#522),#6049,.T.);
#6217=ADVANCED_FACE('',(#523),#141,.F.);
#6218=ADVANCED_FACE('',(#524),#6050,.T.);
#6219=ADVANCED_FACE('',(#525),#142,.F.);
#6220=ADVANCED_FACE('',(#526),#143,.F.);
#6221=ADVANCED_FACE('',(#527),#144,.T.);
#6222=ADVANCED_FACE('',(#528),#6051,.F.);
#6223=ADVANCED_FACE('',(#529),#145,.F.);
#6224=ADVANCED_FACE('',(#530),#6052,.T.);
#6225=ADVANCED_FACE('',(#531),#146,.T.);
#6226=ADVANCED_FACE('',(#532),#147,.T.);
#6227=ADVANCED_FACE('',(#533),#148,.T.);
#6228=ADVANCED_FACE('',(#534),#149,.T.);
#6229=ADVANCED_FACE('',(#535),#150,.T.);
#6230=ADVANCED_FACE('',(#536),#27,.F.);
#6231=ADVANCED_FACE('',(#537),#6053,.F.);
#6232=ADVANCED_FACE('',(#538,#64),#151,.F.);
#6233=ADVANCED_FACE('',(#539,#65),#152,.F.);
#6234=ADVANCED_FACE('',(#540),#153,.F.);
#6235=ADVANCED_FACE('',(#541),#154,.F.);
#6236=ADVANCED_FACE('',(#542),#155,.T.);
#6237=ADVANCED_FACE('',(#543),#156,.T.);
#6238=ADVANCED_FACE('',(#544),#157,.T.);
#6239=ADVANCED_FACE('',(#545,#66),#158,.F.);
#6240=ADVANCED_FACE('',(#546),#159,.T.);
#6241=ADVANCED_FACE('',(#547),#160,.T.);
#6242=ADVANCED_FACE('',(#548),#161,.T.);
#6243=ADVANCED_FACE('',(#549),#162,.F.);
#6244=ADVANCED_FACE('',(#550),#163,.T.);
#6245=ADVANCED_FACE('',(#551),#28,.F.);
#6246=ADVANCED_FACE('',(#552),#6054,.F.);
#6247=ADVANCED_FACE('',(#553,#67),#164,.F.);
#6248=ADVANCED_FACE('',(#554),#165,.T.);
#6249=ADVANCED_FACE('',(#555),#6055,.F.);
#6250=ADVANCED_FACE('',(#556),#166,.T.);
#6251=ADVANCED_FACE('',(#557),#167,.F.);
#6252=ADVANCED_FACE('',(#558),#168,.F.);
#6253=ADVANCED_FACE('',(#559),#169,.F.);
#6254=ADVANCED_FACE('',(#560),#170,.F.);
#6255=ADVANCED_FACE('',(#561),#171,.F.);
#6256=ADVANCED_FACE('',(#562),#172,.F.);
#6257=ADVANCED_FACE('',(#563),#173,.F.);
#6258=ADVANCED_FACE('',(#564),#174,.T.);
#6259=ADVANCED_FACE('',(#565),#6056,.F.);
#6260=ADVANCED_FACE('',(#566),#6057,.F.);
#6261=ADVANCED_FACE('',(#567),#175,.F.);
#6262=ADVANCED_FACE('',(#568),#6058,.T.);
#6263=ADVANCED_FACE('',(#569,#68),#176,.T.);
#6264=ADVANCED_FACE('',(#570),#177,.T.);
#6265=ADVANCED_FACE('',(#571),#178,.T.);
#6266=ADVANCED_FACE('',(#572,#69),#179,.T.);
#6267=ADVANCED_FACE('',(#573),#180,.T.);
#6268=ADVANCED_FACE('',(#574),#181,.F.);
#6269=ADVANCED_FACE('',(#575),#19,.T.);
#6270=ADVANCED_FACE('',(#576),#6059,.T.);
#6271=ADVANCED_FACE('',(#577),#20,.T.);
#6272=ADVANCED_FACE('',(#578),#15,.T.);
#6273=ADVANCED_FACE('',(#579),#16,.T.);
#6274=ADVANCED_FACE('',(#580),#6060,.T.);
#6275=ADVANCED_FACE('',(#581),#21,.T.);
#6276=ADVANCED_FACE('',(#582),#6061,.T.);
#6277=ADVANCED_FACE('',(#583),#6062,.T.);
#6278=ADVANCED_FACE('',(#584),#6063,.T.);
#6279=ADVANCED_FACE('',(#585),#22,.T.);
#6280=ADVANCED_FACE('',(#586),#6064,.T.);
#6281=ADVANCED_FACE('',(#587),#6065,.T.);
#6282=ADVANCED_FACE('',(#588),#6066,.F.);
#6283=ADVANCED_FACE('',(#589),#182,.F.);
#6284=ADVANCED_FACE('',(#590),#183,.F.);
#6285=ADVANCED_FACE('',(#591),#6067,.F.);
#6286=ADVANCED_FACE('',(#592),#184,.F.);
#6287=ADVANCED_FACE('',(#593),#185,.F.);
#6288=ADVANCED_FACE('',(#594),#6068,.F.);
#6289=ADVANCED_FACE('',(#595),#6069,.T.);
#6290=ADVANCED_FACE('',(#596),#186,.F.);
#6291=ADVANCED_FACE('',(#597),#187,.F.);
#6292=ADVANCED_FACE('',(#598),#188,.F.);
#6293=ADVANCED_FACE('',(#599),#189,.F.);
#6294=ADVANCED_FACE('',(#600),#190,.F.);
#6295=ADVANCED_FACE('',(#601),#191,.F.);
#6296=ADVANCED_FACE('',(#602),#192,.T.);
#6297=ADVANCED_FACE('',(#603),#193,.T.);
#6298=ADVANCED_FACE('',(#604),#194,.F.);
#6299=ADVANCED_FACE('',(#605),#29,.F.);
#6300=ADVANCED_FACE('',(#606),#6070,.F.);
#6301=ADVANCED_FACE('',(#607),#195,.F.);
#6302=ADVANCED_FACE('',(#608),#196,.F.);
#6303=ADVANCED_FACE('',(#609),#6071,.F.);
#6304=ADVANCED_FACE('',(#610),#6072,.F.);
#6305=ADVANCED_FACE('',(#611),#197,.T.);
#6306=ADVANCED_FACE('',(#612,#70),#198,.F.);
#6307=ADVANCED_FACE('',(#613),#199,.F.);
#6308=ADVANCED_FACE('',(#614),#200,.F.);
#6309=ADVANCED_FACE('',(#615),#6073,.T.);
#6310=ADVANCED_FACE('',(#616),#201,.F.);
#6311=ADVANCED_FACE('',(#617),#202,.F.);
#6312=ADVANCED_FACE('',(#618),#203,.T.);
#6313=ADVANCED_FACE('',(#619),#204,.T.);
#6314=ADVANCED_FACE('',(#620),#205,.T.);
#6315=ADVANCED_FACE('',(#621),#206,.T.);
#6316=ADVANCED_FACE('',(#622,#71),#207,.F.);
#6317=ADVANCED_FACE('',(#623),#208,.T.);
#6318=ADVANCED_FACE('',(#624),#6074,.T.);
#6319=ADVANCED_FACE('',(#625),#6075,.T.);
#6320=ADVANCED_FACE('',(#626),#6076,.T.);
#6321=ADVANCED_FACE('',(#627),#6077,.T.);
#6322=ADVANCED_FACE('',(#628),#209,.F.);
#6323=ADVANCED_FACE('',(#629),#210,.F.);
#6324=ADVANCED_FACE('',(#630,#72),#211,.T.);
#6325=ADVANCED_FACE('',(#631),#6078,.T.);
#6326=ADVANCED_FACE('',(#632,#73,#74,#75),#212,.F.);
#6327=ADVANCED_FACE('',(#633),#213,.F.);
#6328=ADVANCED_FACE('',(#634),#6079,.F.);
#6329=ADVANCED_FACE('',(#635),#6080,.F.);
#6330=ADVANCED_FACE('',(#636),#214,.F.);
#6331=ADVANCED_FACE('',(#637),#6081,.T.);
#6332=ADVANCED_FACE('',(#638),#215,.F.);
#6333=ADVANCED_FACE('',(#639),#6082,.T.);
#6334=ADVANCED_FACE('',(#640),#216,.F.);
#6335=ADVANCED_FACE('',(#641),#6083,.T.);
#6336=ADVANCED_FACE('',(#642),#6084,.F.);
#6337=ADVANCED_FACE('',(#643,#76,#77),#217,.T.);
#6338=ADVANCED_FACE('',(#644),#6085,.T.);
#6339=ADVANCED_FACE('',(#645),#6086,.T.);
#6340=ADVANCED_FACE('',(#646),#6087,.T.);
#6341=ADVANCED_FACE('',(#647),#6088,.T.);
#6342=ADVANCED_FACE('',(#648),#6089,.T.);
#6343=ADVANCED_FACE('',(#649),#37,.T.);
#6344=ADVANCED_FACE('',(#650),#218,.T.);
#6345=ADVANCED_FACE('',(#651),#219,.T.);
#6346=ADVANCED_FACE('',(#652),#220,.T.);
#6347=ADVANCED_FACE('',(#653,#78),#221,.T.);
#6348=ADVANCED_FACE('',(#654),#6090,.T.);
#6349=ADVANCED_FACE('',(#655),#6091,.T.);
#6350=ADVANCED_FACE('',(#656),#6092,.T.);
#6351=ADVANCED_FACE('',(#657),#6093,.T.);
#6352=ADVANCED_FACE('',(#658),#222,.T.);
#6353=ADVANCED_FACE('',(#659),#223,.T.);
#6354=ADVANCED_FACE('',(#660),#224,.T.);
#6355=ADVANCED_FACE('',(#661),#6094,.T.);
#6356=ADVANCED_FACE('',(#662),#6095,.T.);
#6357=ADVANCED_FACE('',(#663),#6096,.T.);
#6358=ADVANCED_FACE('',(#664),#6097,.T.);
#6359=ADVANCED_FACE('',(#665),#225,.T.);
#6360=ADVANCED_FACE('',(#666),#226,.T.);
#6361=ADVANCED_FACE('',(#667),#227,.T.);
#6362=ADVANCED_FACE('',(#668),#6098,.T.);
#6363=ADVANCED_FACE('',(#669),#38,.T.);
#6364=ADVANCED_FACE('',(#670),#6099,.T.);
#6365=ADVANCED_FACE('',(#671),#228,.T.);
#6366=ADVANCED_FACE('',(#672),#6100,.T.);
#6367=ADVANCED_FACE('',(#673),#229,.T.);
#6368=ADVANCED_FACE('',(#674),#230,.T.);
#6369=ADVANCED_FACE('',(#675),#231,.F.);
#6370=ADVANCED_FACE('',(#676),#232,.F.);
#6371=ADVANCED_FACE('',(#677,#79,#80,#81,#82),#233,.T.);
#6372=ADVANCED_FACE('',(#678),#234,.T.);
#6373=ADVANCED_FACE('',(#679),#6101,.F.);
#6374=ADVANCED_FACE('',(#680),#235,.T.);
#6375=ADVANCED_FACE('',(#681),#6102,.T.);
#6376=ADVANCED_FACE('',(#682),#236,.F.);
#6377=ADVANCED_FACE('',(#683,#83,#84),#237,.F.);
#6378=ADVANCED_FACE('',(#684),#238,.F.);
#6379=ADVANCED_FACE('',(#685),#239,.F.);
#6380=ADVANCED_FACE('',(#686),#240,.F.);
#6381=ADVANCED_FACE('',(#687),#241,.F.);
#6382=ADVANCED_FACE('',(#688),#242,.F.);
#6383=ADVANCED_FACE('',(#689),#243,.T.);
#6384=ADVANCED_FACE('',(#690),#244,.T.);
#6385=ADVANCED_FACE('',(#691),#30,.F.);
#6386=ADVANCED_FACE('',(#692),#6103,.F.);
#6387=ADVANCED_FACE('',(#693,#85),#245,.T.);
#6388=ADVANCED_FACE('',(#694,#86),#246,.T.);
#6389=ADVANCED_FACE('',(#695),#247,.T.);
#6390=ADVANCED_FACE('',(#696),#248,.T.);
#6391=ADVANCED_FACE('',(#697),#249,.F.);
#6392=ADVANCED_FACE('',(#698),#250,.F.);
#6393=ADVANCED_FACE('',(#699),#251,.F.);
#6394=ADVANCED_FACE('',(#700,#87),#252,.T.);
#6395=ADVANCED_FACE('',(#701),#253,.F.);
#6396=ADVANCED_FACE('',(#702),#254,.F.);
#6397=ADVANCED_FACE('',(#703),#255,.F.);
#6398=ADVANCED_FACE('',(#704),#256,.T.);
#6399=ADVANCED_FACE('',(#705),#257,.F.);
#6400=ADVANCED_FACE('',(#706),#31,.F.);
#6401=ADVANCED_FACE('',(#707),#6104,.F.);
#6402=ADVANCED_FACE('',(#708,#88),#258,.T.);
#6403=ADVANCED_FACE('',(#709),#259,.F.);
#6404=ADVANCED_FACE('',(#710),#6105,.F.);
#6405=ADVANCED_FACE('',(#711),#260,.F.);
#6406=ADVANCED_FACE('',(#712,#89,#90),#261,.T.);
#6407=ADVANCED_FACE('',(#713),#262,.T.);
#6408=ADVANCED_FACE('',(#714),#263,.T.);
#6409=ADVANCED_FACE('',(#715),#264,.T.);
#6410=ADVANCED_FACE('',(#716),#265,.T.);
#6411=ADVANCED_FACE('',(#717),#266,.T.);
#6412=ADVANCED_FACE('',(#718),#267,.T.);
#6413=ADVANCED_FACE('',(#719),#268,.T.);
#6414=ADVANCED_FACE('',(#720),#269,.F.);
#6415=ADVANCED_FACE('',(#721),#6106,.F.);
#6416=ADVANCED_FACE('',(#722),#6107,.F.);
#6417=ADVANCED_FACE('',(#723),#270,.T.);
#6418=ADVANCED_FACE('',(#724),#6108,.T.);
#6419=ADVANCED_FACE('',(#725,#91),#271,.F.);
#6420=ADVANCED_FACE('',(#726),#272,.F.);
#6421=ADVANCED_FACE('',(#727),#273,.F.);
#6422=ADVANCED_FACE('',(#728,#92),#274,.F.);
#6423=ADVANCED_FACE('',(#729),#275,.F.);
#6424=ADVANCED_FACE('',(#730),#276,.T.);
#6425=ADVANCED_FACE('',(#731),#23,.F.);
#6426=ADVANCED_FACE('',(#732),#6109,.T.);
#6427=ADVANCED_FACE('',(#733),#24,.F.);
#6428=ADVANCED_FACE('',(#734),#17,.T.);
#6429=ADVANCED_FACE('',(#735),#18,.T.);
#6430=ADVANCED_FACE('',(#736),#6110,.T.);
#6431=ADVANCED_FACE('',(#737),#25,.F.);
#6432=ADVANCED_FACE('',(#738),#6111,.T.);
#6433=ADVANCED_FACE('',(#739),#6112,.T.);
#6434=ADVANCED_FACE('',(#740),#6113,.T.);
#6435=ADVANCED_FACE('',(#741),#26,.F.);
#6436=ADVANCED_FACE('',(#742),#6114,.T.);
#6437=ADVANCED_FACE('',(#743),#6115,.T.);
#6438=ADVANCED_FACE('',(#744),#6116,.F.);
#6439=ADVANCED_FACE('',(#745),#277,.T.);
#6440=ADVANCED_FACE('',(#746),#278,.T.);
#6441=ADVANCED_FACE('',(#747),#6117,.F.);
#6442=ADVANCED_FACE('',(#748),#279,.T.);
#6443=ADVANCED_FACE('',(#749),#280,.T.);
#6444=ADVANCED_FACE('',(#750),#6118,.F.);
#6445=ADVANCED_FACE('',(#751),#6119,.T.);
#6446=ADVANCED_FACE('',(#752),#281,.T.);
#6447=ADVANCED_FACE('',(#753),#282,.T.);
#6448=ADVANCED_FACE('',(#754),#283,.T.);
#6449=ADVANCED_FACE('',(#755),#284,.T.);
#6450=ADVANCED_FACE('',(#756),#285,.T.);
#6451=ADVANCED_FACE('',(#757),#286,.T.);
#6452=ADVANCED_FACE('',(#758),#287,.F.);
#6453=ADVANCED_FACE('',(#759),#288,.F.);
#6454=ADVANCED_FACE('',(#760),#289,.T.);
#6455=ADVANCED_FACE('',(#761),#32,.F.);
#6456=ADVANCED_FACE('',(#762),#6120,.F.);
#6457=ADVANCED_FACE('',(#763),#33,.F.);
#6458=ADVANCED_FACE('',(#764),#6121,.F.);
#6459=ADVANCED_FACE('',(#765),#290,.T.);
#6460=ADVANCED_FACE('',(#766),#291,.T.);
#6461=ADVANCED_FACE('',(#767),#6122,.F.);
#6462=ADVANCED_FACE('',(#768),#6123,.F.);
#6463=ADVANCED_FACE('',(#769),#292,.F.);
#6464=ADVANCED_FACE('',(#770,#93),#293,.T.);
#6465=ADVANCED_FACE('',(#771),#294,.T.);
#6466=ADVANCED_FACE('',(#772),#295,.T.);
#6467=ADVANCED_FACE('',(#773),#6124,.T.);
#6468=ADVANCED_FACE('',(#774),#296,.T.);
#6469=ADVANCED_FACE('',(#775),#297,.T.);
#6470=ADVANCED_FACE('',(#776),#298,.T.);
#6471=ADVANCED_FACE('',(#777),#299,.T.);
#6472=ADVANCED_FACE('',(#778,#94,#95,#96),#300,.T.);
#6473=CLOSED_SHELL('',(#6125,#6126,#6127,#6128,#6129,#6130,#6131,#6132,
#6133,#6134,#6135,#6136,#6137,#6138,#6139,#6140,#6141,#6142,#6143,#6144,
#6145,#6146,#6147,#6148,#6149,#6150,#6151,#6152,#6153,#6154,#6155,#6156,
#6157,#6158,#6159,#6160,#6161,#6162,#6163,#6164,#6165,#6166,#6167,#6168,
#6169,#6170,#6171,#6172,#6173,#6174,#6175,#6176,#6177,#6178,#6179,#6180,
#6181,#6182,#6183,#6184,#6185,#6186,#6187,#6188,#6189,#6190,#6191,#6192,
#6193,#6194,#6195,#6196,#6197,#6198,#6199,#6200,#6201,#6202,#6203,#6204,
#6205,#6206,#6207,#6208,#6209,#6210,#6211,#6212,#6213,#6214,#6215,#6216,
#6217,#6218,#6219,#6220,#6221,#6222,#6223,#6224,#6225,#6226,#6227,#6228,
#6229,#6230,#6231,#6232,#6233,#6234,#6235,#6236,#6237,#6238,#6239,#6240,
#6241,#6242,#6243,#6244,#6245,#6246,#6247,#6248,#6249,#6250,#6251,#6252,
#6253,#6254,#6255,#6256,#6257,#6258,#6259,#6260,#6261,#6262,#6263,#6264,
#6265,#6266,#6267,#6268,#6269,#6270,#6271,#6272,#6273,#6274,#6275,#6276,
#6277,#6278,#6279,#6280,#6281,#6282,#6283,#6284,#6285,#6286,#6287,#6288,
#6289,#6290,#6291,#6292,#6293,#6294,#6295,#6296,#6297,#6298,#6299,#6300,
#6301,#6302,#6303,#6304,#6305,#6306,#6307,#6308,#6309,#6310,#6311,#6312,
#6313,#6314,#6315,#6316,#6317,#6318,#6319,#6320,#6321,#6322,#6323,#6324,
#6325,#6326,#6327,#6328,#6329,#6330,#6331,#6332,#6333,#6334,#6335,#6336,
#6337,#6338,#6339,#6340,#6341,#6342,#6343,#6344,#6345,#6346,#6347,#6348,
#6349,#6350,#6351,#6352,#6353,#6354,#6355,#6356,#6357,#6358,#6359,#6360,
#6361,#6362,#6363,#6364,#6365,#6366,#6367,#6368,#6369,#6370,#6371,#6372,
#6373,#6374,#6375,#6376,#6377,#6378,#6379,#6380,#6381,#6382,#6383,#6384,
#6385,#6386,#6387,#6388,#6389,#6390,#6391,#6392,#6393,#6394,#6395,#6396,
#6397,#6398,#6399,#6400,#6401,#6402,#6403,#6404,#6405,#6406,#6407,#6408,
#6409,#6410,#6411,#6412,#6413,#6414,#6415,#6416,#6417,#6418,#6419,#6420,
#6421,#6422,#6423,#6424,#6425,#6426,#6427,#6428,#6429,#6430,#6431,#6432,
#6433,#6434,#6435,#6436,#6437,#6438,#6439,#6440,#6441,#6442,#6443,#6444,
#6445,#6446,#6447,#6448,#6449,#6450,#6451,#6452,#6453,#6454,#6455,#6456,
#6457,#6458,#6459,#6460,#6461,#6462,#6463,#6464,#6465,#6466,#6467,#6468,
#6469,#6470,#6471,#6472));
#6474=DERIVED_UNIT_ELEMENT(#6477,1.);
#6475=DERIVED_UNIT_ELEMENT(#11189,-3.);
#6476=DIMENSIONAL_EXPONENTS(0.,1.,0.,0.,0.,0.,0.);
#6477=(
CONVERSION_BASED_UNIT('gram',#6479)
MASS_UNIT()
NAMED_UNIT(#6476)
);
#6478=(
MASS_UNIT()
NAMED_UNIT(*)
SI_UNIT(.KILO.,.GRAM.)
);
#6479=MASS_MEASURE_WITH_UNIT(MASS_MEASURE(0.001),#6478);
#6480=DERIVED_UNIT((#6474,#6475));
#6481=MEASURE_REPRESENTATION_ITEM('density measure',
POSITIVE_RATIO_MEASURE(1.),#6480);
#6482=PROPERTY_DEFINITION_REPRESENTATION(#6487,#6484);
#6483=PROPERTY_DEFINITION_REPRESENTATION(#6488,#6485);
#6484=REPRESENTATION('material name',(#6486),#11186);
#6485=REPRESENTATION('density',(#6481),#11186);
#6486=DESCRIPTIVE_REPRESENTATION_ITEM('V\X2\0161\X0\eobecn\X\E9',
'V\X2\0161\X0\eobecn\X\E9');
#6487=PROPERTY_DEFINITION('material property','material name',#11196);
#6488=PROPERTY_DEFINITION('material property','density of part',#11196);
#6489=DATE_TIME_ROLE('creation_date');
#6490=APPLIED_DATE_AND_TIME_ASSIGNMENT(#6491,#6489,(#11196));
#6491=DATE_AND_TIME(#6492,#6493);
#6492=CALENDAR_DATE(2026,17,9);
#6493=LOCAL_TIME(0,0,0.,#6494);
#6494=COORDINATED_UNIVERSAL_TIME_OFFSET(0,0,.BEHIND.);
#6495=AXIS2_PLACEMENT_3D('',#8893,#7068,#7069);
#6496=AXIS2_PLACEMENT_3D('',#8894,#7070,#7071);
#6497=AXIS2_PLACEMENT_3D('',#8899,#7073,#7074);
#6498=AXIS2_PLACEMENT_3D('',#8903,#7076,#7077);
#6499=AXIS2_PLACEMENT_3D('',#8904,#7078,#7079);
#6500=AXIS2_PLACEMENT_3D('',#8905,#7080,#7081);
#6501=AXIS2_PLACEMENT_3D('',#8910,#7083,#7084);
#6502=AXIS2_PLACEMENT_3D('',#8914,#7086,#7087);
#6503=AXIS2_PLACEMENT_3D('',#8915,#7088,#7089);
#6504=AXIS2_PLACEMENT_3D('',#8916,#7090,#7091);
#6505=AXIS2_PLACEMENT_3D('',#8919,#7093,#7094);
#6506=AXIS2_PLACEMENT_3D('',#8922,#7096,#7097);
#6507=AXIS2_PLACEMENT_3D('',#8923,#7098,#7099);
#6508=AXIS2_PLACEMENT_3D('',#8926,#7102,#7103);
#6509=AXIS2_PLACEMENT_3D('',#8932,#7107,#7108);
#6510=AXIS2_PLACEMENT_3D('',#8936,#7111,#7112);
#6511=AXIS2_PLACEMENT_3D('',#8957,#7123,#7124);
#6512=AXIS2_PLACEMENT_3D('',#8962,#7126,#7127);
#6513=AXIS2_PLACEMENT_3D('',#8965,#7129,#7130);
#6514=AXIS2_PLACEMENT_3D('',#8966,#7131,#7132);
#6515=AXIS2_PLACEMENT_3D('',#8970,#7134,#7135);
#6516=AXIS2_PLACEMENT_3D('',#8972,#7137,#7138);
#6517=AXIS2_PLACEMENT_3D('',#8976,#7140,#7141);
#6518=AXIS2_PLACEMENT_3D('',#8978,#7143,#7144);
#6519=AXIS2_PLACEMENT_3D('',#8981,#7147,#7148);
#6520=AXIS2_PLACEMENT_3D('',#8987,#7152,#7153);
#6521=AXIS2_PLACEMENT_3D('',#8991,#7156,#7157);
#6522=AXIS2_PLACEMENT_3D('',#8992,#7158,#7159);
#6523=AXIS2_PLACEMENT_3D('',#8997,#7161,#7162);
#6524=AXIS2_PLACEMENT_3D('',#9000,#7164,#7165);
#6525=AXIS2_PLACEMENT_3D('',#9001,#7166,#7167);
#6526=AXIS2_PLACEMENT_3D('',#9005,#7169,#7170);
#6527=AXIS2_PLACEMENT_3D('',#9007,#7172,#7173);
#6528=AXIS2_PLACEMENT_3D('',#9011,#7175,#7176);
#6529=AXIS2_PLACEMENT_3D('',#9013,#7178,#7179);
#6530=AXIS2_PLACEMENT_3D('',#9016,#7182,#7183);
#6531=AXIS2_PLACEMENT_3D('',#9022,#7187,#7188);
#6532=AXIS2_PLACEMENT_3D('',#9026,#7191,#7192);
#6533=AXIS2_PLACEMENT_3D('',#9027,#7193,#7194);
#6534=AXIS2_PLACEMENT_3D('',#9032,#7196,#7197);
#6535=AXIS2_PLACEMENT_3D('',#9034,#7198,#7199);
#6536=AXIS2_PLACEMENT_3D('',#9037,#7201,#7202);
#6537=AXIS2_PLACEMENT_3D('',#9038,#7203,#7204);
#6538=AXIS2_PLACEMENT_3D('',#9042,#7206,#7207);
#6539=AXIS2_PLACEMENT_3D('',#9044,#7209,#7210);
#6540=AXIS2_PLACEMENT_3D('',#9064,#7213,#7214);
#6541=AXIS2_PLACEMENT_3D('',#9065,#7215,#7216);
#6542=AXIS2_PLACEMENT_3D('',#9067,#7217,#7218);
#6543=AXIS2_PLACEMENT_3D('',#9083,#7219,#7220);
#6544=AXIS2_PLACEMENT_3D('',#9084,#7221,#7222);
#6545=AXIS2_PLACEMENT_3D('',#9089,#7225,#7226);
#6546=AXIS2_PLACEMENT_3D('',#9090,#7227,#7228);
#6547=AXIS2_PLACEMENT_3D('',#9093,#7231,#7232);
#6548=AXIS2_PLACEMENT_3D('',#9099,#7236,#7237);
#6549=AXIS2_PLACEMENT_3D('',#9103,#7240,#7241);
#6550=AXIS2_PLACEMENT_3D('',#9107,#7244,#7245);
#6551=AXIS2_PLACEMENT_3D('',#9109,#7246,#7247);
#6552=AXIS2_PLACEMENT_3D('',#9110,#7248,#7249);
#6553=AXIS2_PLACEMENT_3D('',#9114,#7252,#7253);
#6554=AXIS2_PLACEMENT_3D('',#9117,#7255,#7256);
#6555=AXIS2_PLACEMENT_3D('',#9118,#7257,#7258);
#6556=AXIS2_PLACEMENT_3D('',#9119,#7259,#7260);
#6557=AXIS2_PLACEMENT_3D('',#9123,#7263,#7264);
#6558=AXIS2_PLACEMENT_3D('',#9125,#7266,#7267);
#6559=AXIS2_PLACEMENT_3D('',#9129,#7270,#7271);
#6560=AXIS2_PLACEMENT_3D('',#9130,#7272,#7273);
#6561=AXIS2_PLACEMENT_3D('',#9131,#7274,#7275);
#6562=AXIS2_PLACEMENT_3D('',#9135,#7278,#7279);
#6563=AXIS2_PLACEMENT_3D('',#9137,#7281,#7282);
#6564=AXIS2_PLACEMENT_3D('',#9141,#7285,#7286);
#6565=AXIS2_PLACEMENT_3D('',#9143,#7288,#7289);
#6566=AXIS2_PLACEMENT_3D('',#9152,#7294,#7295);
#6567=AXIS2_PLACEMENT_3D('',#9162,#7301,#7302);
#6568=AXIS2_PLACEMENT_3D('',#9171,#7307,#7308);
#6569=AXIS2_PLACEMENT_3D('',#9185,#7315,#7316);
#6570=AXIS2_PLACEMENT_3D('',#9194,#7321,#7322);
#6571=AXIS2_PLACEMENT_3D('',#9195,#7323,#7324);
#6572=AXIS2_PLACEMENT_3D('',#9200,#7326,#7327);
#6573=AXIS2_PLACEMENT_3D('',#9202,#7328,#7329);
#6574=AXIS2_PLACEMENT_3D('',#9206,#7331,#7332);
#6575=AXIS2_PLACEMENT_3D('',#9207,#7333,#7334);
#6576=AXIS2_PLACEMENT_3D('',#9208,#7335,#7336);
#6577=AXIS2_PLACEMENT_3D('',#9212,#7338,#7339);
#6578=AXIS2_PLACEMENT_3D('',#9214,#7340,#7341);
#6579=AXIS2_PLACEMENT_3D('',#9216,#7343,#7344);
#6580=AXIS2_PLACEMENT_3D('',#9220,#7346,#7347);
#6581=AXIS2_PLACEMENT_3D('',#9222,#7348,#7349);
#6582=AXIS2_PLACEMENT_3D('',#9224,#7351,#7352);
#6583=AXIS2_PLACEMENT_3D('',#9227,#7355,#7356);
#6584=AXIS2_PLACEMENT_3D('',#9233,#7360,#7361);
#6585=AXIS2_PLACEMENT_3D('',#9237,#7364,#7365);
#6586=AXIS2_PLACEMENT_3D('',#9243,#7369,#7370);
#6587=AXIS2_PLACEMENT_3D('',#9246,#7371,#7372);
#6588=AXIS2_PLACEMENT_3D('',#9250,#7374,#7375);
#6589=AXIS2_PLACEMENT_3D('',#9252,#7377,#7378);
#6590=AXIS2_PLACEMENT_3D('',#9258,#7382,#7383);
#6591=AXIS2_PLACEMENT_3D('',#9260,#7384,#7385);
#6592=AXIS2_PLACEMENT_3D('',#9262,#7386,#7387);
#6593=AXIS2_PLACEMENT_3D('',#9264,#7389,#7390);
#6594=AXIS2_PLACEMENT_3D('',#9267,#7391,#7392);
#6595=AXIS2_PLACEMENT_3D('',#9271,#7394,#7395);
#6596=AXIS2_PLACEMENT_3D('',#9273,#7397,#7398);
#6597=AXIS2_PLACEMENT_3D('',#9276,#7401,#7402);
#6598=AXIS2_PLACEMENT_3D('',#9279,#7403,#7404);
#6599=AXIS2_PLACEMENT_3D('',#9283,#7406,#7407);
#6600=AXIS2_PLACEMENT_3D('',#9285,#7409,#7410);
#6601=AXIS2_PLACEMENT_3D('',#9288,#7413,#7414);
#6602=AXIS2_PLACEMENT_3D('',#9291,#7415,#7416);
#6603=AXIS2_PLACEMENT_3D('',#9295,#7418,#7419);
#6604=AXIS2_PLACEMENT_3D('',#9297,#7421,#7422);
#6605=AXIS2_PLACEMENT_3D('',#9303,#7426,#7427);
#6606=AXIS2_PLACEMENT_3D('',#9305,#7428,#7429);
#6607=AXIS2_PLACEMENT_3D('',#9307,#7430,#7431);
#6608=AXIS2_PLACEMENT_3D('',#9309,#7433,#7434);
#6609=AXIS2_PLACEMENT_3D('',#9312,#7435,#7436);
#6610=AXIS2_PLACEMENT_3D('',#9316,#7438,#7439);
#6611=AXIS2_PLACEMENT_3D('',#9318,#7440,#7441);
#6612=AXIS2_PLACEMENT_3D('',#9320,#7443,#7444);
#6613=AXIS2_PLACEMENT_3D('',#9342,#7455,#7456);
#6614=AXIS2_PLACEMENT_3D('',#9357,#7465,#7466);
#6615=AXIS2_PLACEMENT_3D('',#9378,#7469,#7470);
#6616=AXIS2_PLACEMENT_3D('',#9379,#7471,#7472);
#6617=AXIS2_PLACEMENT_3D('',#9384,#7475,#7476);
#6618=AXIS2_PLACEMENT_3D('',#9385,#7477,#7478);
#6619=AXIS2_PLACEMENT_3D('',#9391,#7481,#7482);
#6620=AXIS2_PLACEMENT_3D('',#9392,#7483,#7484);
#6621=AXIS2_PLACEMENT_3D('',#9393,#7485,#7486);
#6622=AXIS2_PLACEMENT_3D('',#9397,#7488,#7489);
#6623=AXIS2_PLACEMENT_3D('',#9399,#7491,#7492);
#6624=AXIS2_PLACEMENT_3D('',#9419,#7495,#7496);
#6625=AXIS2_PLACEMENT_3D('',#9420,#7497,#7498);
#6626=AXIS2_PLACEMENT_3D('',#9421,#7499,#7500);
#6627=AXIS2_PLACEMENT_3D('',#9422,#7501,#7502);
#6628=AXIS2_PLACEMENT_3D('',#9423,#7503,#7504);
#6629=AXIS2_PLACEMENT_3D('',#9426,#7507,#7508);
#6630=AXIS2_PLACEMENT_3D('',#9429,#7511,#7512);
#6631=AXIS2_PLACEMENT_3D('',#9431,#7514,#7515);
#6632=AXIS2_PLACEMENT_3D('',#9433,#7516,#7517);
#6633=AXIS2_PLACEMENT_3D('',#9434,#7518,#7519);
#6634=AXIS2_PLACEMENT_3D('',#9439,#7521,#7522);
#6635=AXIS2_PLACEMENT_3D('',#9442,#7524,#7525);
#6636=AXIS2_PLACEMENT_3D('',#9443,#7526,#7527);
#6637=AXIS2_PLACEMENT_3D('',#9448,#7530,#7531);
#6638=AXIS2_PLACEMENT_3D('',#9449,#7532,#7533);
#6639=AXIS2_PLACEMENT_3D('',#9454,#7536,#7537);
#6640=AXIS2_PLACEMENT_3D('',#9455,#7538,#7539);
#6641=AXIS2_PLACEMENT_3D('',#9458,#7542,#7543);
#6642=AXIS2_PLACEMENT_3D('',#9461,#7546,#7547);
#6643=AXIS2_PLACEMENT_3D('',#9463,#7549,#7550);
#6644=AXIS2_PLACEMENT_3D('',#9464,#7551,#7552);
#6645=AXIS2_PLACEMENT_3D('',#9469,#7554,#7555);
#6646=AXIS2_PLACEMENT_3D('',#9472,#7557,#7558);
#6647=AXIS2_PLACEMENT_3D('',#9473,#7559,#7560);
#6648=AXIS2_PLACEMENT_3D('',#9478,#7563,#7564);
#6649=AXIS2_PLACEMENT_3D('',#9479,#7565,#7566);
#6650=AXIS2_PLACEMENT_3D('',#9484,#7569,#7570);
#6651=AXIS2_PLACEMENT_3D('',#9485,#7571,#7572);
#6652=AXIS2_PLACEMENT_3D('',#9488,#7575,#7576);
#6653=AXIS2_PLACEMENT_3D('',#9491,#7579,#7580);
#6654=AXIS2_PLACEMENT_3D('',#9494,#7583,#7584);
#6655=AXIS2_PLACEMENT_3D('',#9495,#7585,#7586);
#6656=AXIS2_PLACEMENT_3D('',#9498,#7587,#7588);
#6657=AXIS2_PLACEMENT_3D('',#9502,#7590,#7591);
#6658=AXIS2_PLACEMENT_3D('',#9504,#7593,#7594);
#6659=AXIS2_PLACEMENT_3D('',#9507,#7595,#7596);
#6660=AXIS2_PLACEMENT_3D('',#9508,#7597,#7598);
#6661=AXIS2_PLACEMENT_3D('',#9509,#7599,#7600);
#6662=AXIS2_PLACEMENT_3D('',#9510,#7601,#7602);
#6663=AXIS2_PLACEMENT_3D('',#9513,#7603,#7604);
#6664=AXIS2_PLACEMENT_3D('',#9516,#7607,#7608);
#6665=AXIS2_PLACEMENT_3D('',#9521,#7612,#7613);
#6666=AXIS2_PLACEMENT_3D('',#9523,#7614,#7615);
#6667=AXIS2_PLACEMENT_3D('',#9525,#7617,#7618);
#6668=AXIS2_PLACEMENT_3D('',#9529,#7621,#7622);
#6669=AXIS2_PLACEMENT_3D('',#9533,#7625,#7626);
#6670=AXIS2_PLACEMENT_3D('',#9538,#7630,#7631);
#6671=AXIS2_PLACEMENT_3D('',#9540,#7632,#7633);
#6672=AXIS2_PLACEMENT_3D('',#9543,#7635,#7636);
#6673=AXIS2_PLACEMENT_3D('',#9544,#7637,#7638);
#6674=AXIS2_PLACEMENT_3D('',#9545,#7639,#7640);
#6675=AXIS2_PLACEMENT_3D('',#9548,#7641,#7642);
#6676=AXIS2_PLACEMENT_3D('',#9549,#7643,#7644);
#6677=AXIS2_PLACEMENT_3D('',#9550,#7645,#7646);
#6678=AXIS2_PLACEMENT_3D('',#9558,#7651,#7652);
#6679=AXIS2_PLACEMENT_3D('',#9564,#7656,#7657);
#6680=AXIS2_PLACEMENT_3D('',#9570,#7661,#7662);
#6681=AXIS2_PLACEMENT_3D('',#9573,#7665,#7666);
#6682=AXIS2_PLACEMENT_3D('',#9576,#7669,#7670);
#6683=AXIS2_PLACEMENT_3D('',#9578,#7671,#7672);
#6684=AXIS2_PLACEMENT_3D('',#9581,#7674,#7675);
#6685=AXIS2_PLACEMENT_3D('',#9582,#7676,#7677);
#6686=AXIS2_PLACEMENT_3D('',#9585,#7679,#7680);
#6687=AXIS2_PLACEMENT_3D('',#9586,#7681,#7682);
#6688=AXIS2_PLACEMENT_3D('',#9588,#7684,#7685);
#6689=AXIS2_PLACEMENT_3D('',#9592,#7688,#7689);
#6690=AXIS2_PLACEMENT_3D('',#9608,#7698,#7699);
#6691=AXIS2_PLACEMENT_3D('',#9625,#7708,#7709);
#6692=AXIS2_PLACEMENT_3D('',#9635,#7715,#7716);
#6693=AXIS2_PLACEMENT_3D('',#9644,#7721,#7722);
#6694=AXIS2_PLACEMENT_3D('',#9652,#7727,#7728);
#6695=AXIS2_PLACEMENT_3D('',#9660,#7733,#7734);
#6696=AXIS2_PLACEMENT_3D('',#9667,#7738,#7739);
#6697=AXIS2_PLACEMENT_3D('',#9668,#7740,#7741);
#6698=AXIS2_PLACEMENT_3D('',#9672,#7744,#7745);
#6699=AXIS2_PLACEMENT_3D('',#9676,#7748,#7749);
#6700=AXIS2_PLACEMENT_3D('',#9678,#7751,#7752);
#6701=AXIS2_PLACEMENT_3D('',#9683,#7757,#7758);
#6702=AXIS2_PLACEMENT_3D('',#9687,#7761,#7762);
#6703=AXIS2_PLACEMENT_3D('',#9689,#7763,#7764);
#6704=AXIS2_PLACEMENT_3D('',#9693,#7766,#7767);
#6705=AXIS2_PLACEMENT_3D('',#9694,#7768,#7769);
#6706=AXIS2_PLACEMENT_3D('',#9695,#7770,#7771);
#6707=AXIS2_PLACEMENT_3D('',#9697,#7773,#7774);
#6708=AXIS2_PLACEMENT_3D('',#9702,#7776,#7777);
#6709=AXIS2_PLACEMENT_3D('',#9709,#7782,#7783);
#6710=AXIS2_PLACEMENT_3D('',#9713,#7786,#7787);
#6711=AXIS2_PLACEMENT_3D('',#9715,#7788,#7789);
#6712=AXIS2_PLACEMENT_3D('',#9717,#7791,#7792);
#6713=AXIS2_PLACEMENT_3D('',#9721,#7795,#7796);
#6714=AXIS2_PLACEMENT_3D('',#9725,#7799,#7800);
#6715=AXIS2_PLACEMENT_3D('',#9742,#7805,#7806);
#6716=AXIS2_PLACEMENT_3D('',#9748,#7810,#7811);
#6717=AXIS2_PLACEMENT_3D('',#9752,#7814,#7815);
#6718=AXIS2_PLACEMENT_3D('',#9756,#7818,#7819);
#6719=AXIS2_PLACEMENT_3D('',#9760,#7822,#7823);
#6720=AXIS2_PLACEMENT_3D('',#9763,#7826,#7827);
#6721=AXIS2_PLACEMENT_3D('',#9764,#7828,#7829);
#6722=AXIS2_PLACEMENT_3D('',#9766,#7830,#7831);
#6723=AXIS2_PLACEMENT_3D('',#9769,#7833,#7834);
#6724=AXIS2_PLACEMENT_3D('',#9770,#7835,#7836);
#6725=AXIS2_PLACEMENT_3D('',#9772,#7837,#7838);
#6726=AXIS2_PLACEMENT_3D('',#9776,#7840,#7841);
#6727=AXIS2_PLACEMENT_3D('',#9785,#7842,#7843);
#6728=AXIS2_PLACEMENT_3D('',#9793,#7844,#7845);
#6729=AXIS2_PLACEMENT_3D('',#9794,#7846,#7847);
#6730=AXIS2_PLACEMENT_3D('',#9800,#7850,#7851);
#6731=AXIS2_PLACEMENT_3D('',#9803,#7853,#7854);
#6732=AXIS2_PLACEMENT_3D('',#9807,#7857,#7858);
#6733=AXIS2_PLACEMENT_3D('',#9809,#7859,#7860);
#6734=AXIS2_PLACEMENT_3D('',#9811,#7862,#7863);
#6735=AXIS2_PLACEMENT_3D('',#9820,#7868,#7869);
#6736=AXIS2_PLACEMENT_3D('',#9845,#7874,#7875);
#6737=AXIS2_PLACEMENT_3D('',#9870,#7880,#7881);
#6738=AXIS2_PLACEMENT_3D('',#9872,#7882,#7883);
#6739=AXIS2_PLACEMENT_3D('',#9875,#7885,#7886);
#6740=AXIS2_PLACEMENT_3D('',#9877,#7888,#7889);
#6741=AXIS2_PLACEMENT_3D('',#9878,#7890,#7891);
#6742=AXIS2_PLACEMENT_3D('',#9881,#7893,#7894);
#6743=AXIS2_PLACEMENT_3D('',#9883,#7895,#7896);
#6744=AXIS2_PLACEMENT_3D('',#9913,#7899,#7900);
#6745=AXIS2_PLACEMENT_3D('',#9914,#7901,#7902);
#6746=AXIS2_PLACEMENT_3D('',#9915,#7903,#7904);
#6747=AXIS2_PLACEMENT_3D('',#9919,#7906,#7907);
#6748=AXIS2_PLACEMENT_3D('',#9947,#7909,#7910);
#6749=AXIS2_PLACEMENT_3D('',#9948,#7911,#7912);
#6750=AXIS2_PLACEMENT_3D('',#9949,#7913,#7914);
#6751=AXIS2_PLACEMENT_3D('',#9951,#7915,#7916);
#6752=AXIS2_PLACEMENT_3D('',#9952,#7917,#7918);
#6753=AXIS2_PLACEMENT_3D('',#9953,#7919,#7920);
#6754=AXIS2_PLACEMENT_3D('',#9954,#7921,#7922);
#6755=AXIS2_PLACEMENT_3D('',#9956,#7923,#7924);
#6756=AXIS2_PLACEMENT_3D('',#9957,#7925,#7926);
#6757=AXIS2_PLACEMENT_3D('',#9958,#7927,#7928);
#6758=AXIS2_PLACEMENT_3D('',#9960,#7929,#7930);
#6759=AXIS2_PLACEMENT_3D('',#9992,#7932,#7933);
#6760=AXIS2_PLACEMENT_3D('',#9993,#7934,#7935);
#6761=AXIS2_PLACEMENT_3D('',#9994,#7936,#7937);
#6762=AXIS2_PLACEMENT_3D('',#9996,#7939,#7940);
#6763=AXIS2_PLACEMENT_3D('',#9998,#7941,#7942);
#6764=AXIS2_PLACEMENT_3D('',#10051,#7944,#7945);
#6765=AXIS2_PLACEMENT_3D('',#10052,#7946,#7947);
#6766=AXIS2_PLACEMENT_3D('',#10054,#7949,#7950);
#6767=AXIS2_PLACEMENT_3D('',#10058,#7952,#7953);
#6768=AXIS2_PLACEMENT_3D('',#10060,#7955,#7956);
#6769=AXIS2_PLACEMENT_3D('',#10062,#7957,#7958);
#6770=AXIS2_PLACEMENT_3D('',#10064,#7960,#7961);
#6771=AXIS2_PLACEMENT_3D('',#10066,#7963,#7964);
#6772=AXIS2_PLACEMENT_3D('',#10068,#7966,#7967);
#6773=AXIS2_PLACEMENT_3D('',#10072,#7969,#7970);
#6774=AXIS2_PLACEMENT_3D('',#10074,#7972,#7973);
#6775=AXIS2_PLACEMENT_3D('',#10076,#7975,#7976);
#6776=AXIS2_PLACEMENT_3D('',#10078,#7977,#7978);
#6777=AXIS2_PLACEMENT_3D('',#10079,#7979,#7980);
#6778=AXIS2_PLACEMENT_3D('',#10081,#7982,#7983);
#6779=AXIS2_PLACEMENT_3D('',#10083,#7985,#7986);
#6780=AXIS2_PLACEMENT_3D('',#10085,#7988,#7989);
#6781=AXIS2_PLACEMENT_3D('',#10086,#7990,#7991);
#6782=AXIS2_PLACEMENT_3D('',#10088,#7993,#7994);
#6783=AXIS2_PLACEMENT_3D('',#10089,#7995,#7996);
#6784=AXIS2_PLACEMENT_3D('',#10091,#7998,#7999);
#6785=AXIS2_PLACEMENT_3D('',#10092,#8000,#8001);
#6786=AXIS2_PLACEMENT_3D('',#10094,#8003,#8004);
#6787=AXIS2_PLACEMENT_3D('',#10095,#8005,#8006);
#6788=AXIS2_PLACEMENT_3D('',#10099,#8009,#8010);
#6789=AXIS2_PLACEMENT_3D('',#10101,#8011,#8012);
#6790=AXIS2_PLACEMENT_3D('',#10104,#8014,#8015);
#6791=AXIS2_PLACEMENT_3D('',#10105,#8016,#8017);
#6792=AXIS2_PLACEMENT_3D('',#10108,#8019,#8020);
#6793=AXIS2_PLACEMENT_3D('',#10109,#8021,#8022);
#6794=AXIS2_PLACEMENT_3D('',#10111,#8024,#8025);
#6795=AXIS2_PLACEMENT_3D('',#10112,#8026,#8027);
#6796=AXIS2_PLACEMENT_3D('',#10114,#8028,#8029);
#6797=AXIS2_PLACEMENT_3D('',#10116,#8031,#8032);
#6798=AXIS2_PLACEMENT_3D('',#10120,#8034,#8035);
#6799=AXIS2_PLACEMENT_3D('',#10122,#8037,#8038);
#6800=AXIS2_PLACEMENT_3D('',#10126,#8041,#8042);
#6801=AXIS2_PLACEMENT_3D('',#10131,#8044,#8045);
#6802=AXIS2_PLACEMENT_3D('',#10134,#8048,#8049);
#6803=AXIS2_PLACEMENT_3D('',#10137,#8052,#8053);
#6804=AXIS2_PLACEMENT_3D('',#10139,#8055,#8056);
#6805=AXIS2_PLACEMENT_3D('',#10141,#8058,#8059);
#6806=AXIS2_PLACEMENT_3D('',#10142,#8060,#8061);
#6807=AXIS2_PLACEMENT_3D('',#10144,#8063,#8064);
#6808=AXIS2_PLACEMENT_3D('',#10153,#8069,#8070);
#6809=AXIS2_PLACEMENT_3D('',#10163,#8076,#8077);
#6810=AXIS2_PLACEMENT_3D('',#10169,#8081,#8082);
#6811=AXIS2_PLACEMENT_3D('',#10175,#8086,#8087);
#6812=AXIS2_PLACEMENT_3D('',#10185,#8092,#8093);
#6813=AXIS2_PLACEMENT_3D('',#10198,#8100,#8101);
#6814=AXIS2_PLACEMENT_3D('',#10199,#8102,#8103);
#6815=AXIS2_PLACEMENT_3D('',#10203,#8106,#8107);
#6816=AXIS2_PLACEMENT_3D('',#10208,#8109,#8110);
#6817=AXIS2_PLACEMENT_3D('',#10210,#8111,#8112);
#6818=AXIS2_PLACEMENT_3D('',#10214,#8114,#8115);
#6819=AXIS2_PLACEMENT_3D('',#10215,#8116,#8117);
#6820=AXIS2_PLACEMENT_3D('',#10216,#8118,#8119);
#6821=AXIS2_PLACEMENT_3D('',#10222,#8122,#8123);
#6822=AXIS2_PLACEMENT_3D('',#10223,#8124,#8125);
#6823=AXIS2_PLACEMENT_3D('',#10224,#8126,#8127);
#6824=AXIS2_PLACEMENT_3D('',#10230,#8130,#8131);
#6825=AXIS2_PLACEMENT_3D('',#10231,#8132,#8133);
#6826=AXIS2_PLACEMENT_3D('',#10232,#8134,#8135);
#6827=AXIS2_PLACEMENT_3D('',#10235,#8138,#8139);
#6828=AXIS2_PLACEMENT_3D('',#10241,#8143,#8144);
#6829=AXIS2_PLACEMENT_3D('',#10245,#8147,#8148);
#6830=AXIS2_PLACEMENT_3D('',#10251,#8152,#8153);
#6831=AXIS2_PLACEMENT_3D('',#10254,#8154,#8155);
#6832=AXIS2_PLACEMENT_3D('',#10258,#8157,#8158);
#6833=AXIS2_PLACEMENT_3D('',#10260,#8160,#8161);
#6834=AXIS2_PLACEMENT_3D('',#10267,#8165,#8166);
#6835=AXIS2_PLACEMENT_3D('',#10271,#8168,#8169);
#6836=AXIS2_PLACEMENT_3D('',#10275,#8171,#8172);
#6837=AXIS2_PLACEMENT_3D('',#10279,#8174,#8175);
#6838=AXIS2_PLACEMENT_3D('',#10283,#8177,#8178);
#6839=AXIS2_PLACEMENT_3D('',#10286,#8180,#8181);
#6840=AXIS2_PLACEMENT_3D('',#10288,#8182,#8183);
#6841=AXIS2_PLACEMENT_3D('',#10289,#8184,#8185);
#6842=AXIS2_PLACEMENT_3D('',#10293,#8188,#8189);
#6843=AXIS2_PLACEMENT_3D('',#10295,#8190,#8191);
#6844=AXIS2_PLACEMENT_3D('',#10297,#8193,#8194);
#6845=AXIS2_PLACEMENT_3D('',#10300,#8195,#8196);
#6846=AXIS2_PLACEMENT_3D('',#10303,#8199,#8200);
#6847=AXIS2_PLACEMENT_3D('',#10305,#8202,#8203);
#6848=AXIS2_PLACEMENT_3D('',#10309,#8205,#8206);
#6849=AXIS2_PLACEMENT_3D('',#10311,#8208,#8209);
#6850=AXIS2_PLACEMENT_3D('',#10313,#8211,#8212);
#6851=AXIS2_PLACEMENT_3D('',#10317,#8214,#8215);
#6852=AXIS2_PLACEMENT_3D('',#10319,#8217,#8218);
#6853=AXIS2_PLACEMENT_3D('',#10323,#8221,#8222);
#6854=AXIS2_PLACEMENT_3D('',#10326,#8224,#8225);
#6855=AXIS2_PLACEMENT_3D('',#10327,#8226,#8227);
#6856=AXIS2_PLACEMENT_3D('',#10330,#8228,#8229);
#6857=AXIS2_PLACEMENT_3D('',#10334,#8231,#8232);
#6858=AXIS2_PLACEMENT_3D('',#10336,#8233,#8234);
#6859=AXIS2_PLACEMENT_3D('',#10338,#8236,#8237);
#6860=AXIS2_PLACEMENT_3D('',#10344,#8240,#8241);
#6861=AXIS2_PLACEMENT_3D('',#10375,#8258,#8259);
#6862=AXIS2_PLACEMENT_3D('',#10380,#8261,#8262);
#6863=AXIS2_PLACEMENT_3D('',#10397,#8264,#8265);
#6864=AXIS2_PLACEMENT_3D('',#10401,#8267,#8268);
#6865=AXIS2_PLACEMENT_3D('',#10403,#8270,#8271);
#6866=AXIS2_PLACEMENT_3D('',#10407,#8273,#8274);
#6867=AXIS2_PLACEMENT_3D('',#10409,#8275,#8276);
#6868=AXIS2_PLACEMENT_3D('',#10411,#8278,#8279);
#6869=AXIS2_PLACEMENT_3D('',#10416,#8282,#8283);
#6870=AXIS2_PLACEMENT_3D('',#10417,#8284,#8285);
#6871=AXIS2_PLACEMENT_3D('',#10421,#8287,#8288);
#6872=AXIS2_PLACEMENT_3D('',#10438,#8290,#8291);
#6873=AXIS2_PLACEMENT_3D('',#10439,#8292,#8293);
#6874=AXIS2_PLACEMENT_3D('',#10440,#8294,#8295);
#6875=AXIS2_PLACEMENT_3D('',#10441,#8296,#8297);
#6876=AXIS2_PLACEMENT_3D('',#10444,#8300,#8301);
#6877=AXIS2_PLACEMENT_3D('',#10447,#8304,#8305);
#6878=AXIS2_PLACEMENT_3D('',#10449,#8307,#8308);
#6879=AXIS2_PLACEMENT_3D('',#10451,#8309,#8310);
#6880=AXIS2_PLACEMENT_3D('',#10452,#8311,#8312);
#6881=AXIS2_PLACEMENT_3D('',#10457,#8314,#8315);
#6882=AXIS2_PLACEMENT_3D('',#10460,#8317,#8318);
#6883=AXIS2_PLACEMENT_3D('',#10461,#8319,#8320);
#6884=AXIS2_PLACEMENT_3D('',#10465,#8322,#8323);
#6885=AXIS2_PLACEMENT_3D('',#10467,#8325,#8326);
#6886=AXIS2_PLACEMENT_3D('',#10471,#8328,#8329);
#6887=AXIS2_PLACEMENT_3D('',#10473,#8331,#8332);
#6888=AXIS2_PLACEMENT_3D('',#10476,#8335,#8336);
#6889=AXIS2_PLACEMENT_3D('',#10479,#8339,#8340);
#6890=AXIS2_PLACEMENT_3D('',#10481,#8342,#8343);
#6891=AXIS2_PLACEMENT_3D('',#10482,#8344,#8345);
#6892=AXIS2_PLACEMENT_3D('',#10487,#8347,#8348);
#6893=AXIS2_PLACEMENT_3D('',#10490,#8350,#8351);
#6894=AXIS2_PLACEMENT_3D('',#10491,#8352,#8353);
#6895=AXIS2_PLACEMENT_3D('',#10495,#8355,#8356);
#6896=AXIS2_PLACEMENT_3D('',#10497,#8358,#8359);
#6897=AXIS2_PLACEMENT_3D('',#10501,#8361,#8362);
#6898=AXIS2_PLACEMENT_3D('',#10503,#8364,#8365);
#6899=AXIS2_PLACEMENT_3D('',#10506,#8368,#8369);
#6900=AXIS2_PLACEMENT_3D('',#10509,#8372,#8373);
#6901=AXIS2_PLACEMENT_3D('',#10512,#8376,#8377);
#6902=AXIS2_PLACEMENT_3D('',#10513,#8378,#8379);
#6903=AXIS2_PLACEMENT_3D('',#10516,#8380,#8381);
#6904=AXIS2_PLACEMENT_3D('',#10520,#8383,#8384);
#6905=AXIS2_PLACEMENT_3D('',#10522,#8386,#8387);
#6906=AXIS2_PLACEMENT_3D('',#10525,#8388,#8389);
#6907=AXIS2_PLACEMENT_3D('',#10526,#8390,#8391);
#6908=AXIS2_PLACEMENT_3D('',#10527,#8392,#8393);
#6909=AXIS2_PLACEMENT_3D('',#10528,#8394,#8395);
#6910=AXIS2_PLACEMENT_3D('',#10531,#8396,#8397);
#6911=AXIS2_PLACEMENT_3D('',#10534,#8400,#8401);
#6912=AXIS2_PLACEMENT_3D('',#10539,#8405,#8406);
#6913=AXIS2_PLACEMENT_3D('',#10542,#8408,#8409);
#6914=AXIS2_PLACEMENT_3D('',#10543,#8410,#8411);
#6915=AXIS2_PLACEMENT_3D('',#10547,#8414,#8415);
#6916=AXIS2_PLACEMENT_3D('',#10551,#8418,#8419);
#6917=AXIS2_PLACEMENT_3D('',#10554,#8422,#8423);
#6918=AXIS2_PLACEMENT_3D('',#10556,#8425,#8426);
#6919=AXIS2_PLACEMENT_3D('',#10558,#8428,#8429);
#6920=AXIS2_PLACEMENT_3D('',#10565,#8433,#8434);
#6921=AXIS2_PLACEMENT_3D('',#10568,#8437,#8438);
#6922=AXIS2_PLACEMENT_3D('',#10570,#8439,#8440);
#6923=AXIS2_PLACEMENT_3D('',#10573,#8442,#8443);
#6924=AXIS2_PLACEMENT_3D('',#10574,#8444,#8445);
#6925=AXIS2_PLACEMENT_3D('',#10575,#8446,#8447);
#6926=AXIS2_PLACEMENT_3D('',#10576,#8448,#8449);
#6927=AXIS2_PLACEMENT_3D('',#10577,#8450,#8451);
#6928=AXIS2_PLACEMENT_3D('',#10583,#8455,#8456);
#6929=AXIS2_PLACEMENT_3D('',#10591,#8462,#8463);
#6930=AXIS2_PLACEMENT_3D('',#10595,#8466,#8467);
#6931=AXIS2_PLACEMENT_3D('',#10599,#8470,#8471);
#6932=AXIS2_PLACEMENT_3D('',#10601,#8473,#8474);
#6933=AXIS2_PLACEMENT_3D('',#10602,#8475,#8476);
#6934=AXIS2_PLACEMENT_3D('',#10603,#8477,#8478);
#6935=AXIS2_PLACEMENT_3D('',#10613,#8484,#8485);
#6936=AXIS2_PLACEMENT_3D('',#10647,#8490,#8491);
#6937=AXIS2_PLACEMENT_3D('',#10649,#8492,#8493);
#6938=AXIS2_PLACEMENT_3D('',#10652,#8495,#8496);
#6939=AXIS2_PLACEMENT_3D('',#10653,#8497,#8498);
#6940=AXIS2_PLACEMENT_3D('',#10656,#8500,#8501);
#6941=AXIS2_PLACEMENT_3D('',#10657,#8502,#8503);
#6942=AXIS2_PLACEMENT_3D('',#10659,#8505,#8506);
#6943=AXIS2_PLACEMENT_3D('',#10663,#8509,#8510);
#6944=AXIS2_PLACEMENT_3D('',#10679,#8519,#8520);
#6945=AXIS2_PLACEMENT_3D('',#10688,#8525,#8526);
#6946=AXIS2_PLACEMENT_3D('',#10703,#8535,#8536);
#6947=AXIS2_PLACEMENT_3D('',#10712,#8541,#8542);
#6948=AXIS2_PLACEMENT_3D('',#10720,#8547,#8548);
#6949=AXIS2_PLACEMENT_3D('',#10728,#8553,#8554);
#6950=AXIS2_PLACEMENT_3D('',#10735,#8558,#8559);
#6951=AXIS2_PLACEMENT_3D('',#10736,#8560,#8561);
#6952=AXIS2_PLACEMENT_3D('',#10740,#8564,#8565);
#6953=AXIS2_PLACEMENT_3D('',#10744,#8568,#8569);
#6954=AXIS2_PLACEMENT_3D('',#10746,#8571,#8572);
#6955=AXIS2_PLACEMENT_3D('',#10751,#8577,#8578);
#6956=AXIS2_PLACEMENT_3D('',#10755,#8581,#8582);
#6957=AXIS2_PLACEMENT_3D('',#10757,#8583,#8584);
#6958=AXIS2_PLACEMENT_3D('',#10761,#8586,#8587);
#6959=AXIS2_PLACEMENT_3D('',#10762,#8588,#8589);
#6960=AXIS2_PLACEMENT_3D('',#10763,#8590,#8591);
#6961=AXIS2_PLACEMENT_3D('',#10765,#8593,#8594);
#6962=AXIS2_PLACEMENT_3D('',#10776,#8600,#8601);
#6963=AXIS2_PLACEMENT_3D('',#10777,#8602,#8603);
#6964=AXIS2_PLACEMENT_3D('',#10781,#8606,#8607);
#6965=AXIS2_PLACEMENT_3D('',#10783,#8608,#8609);
#6966=AXIS2_PLACEMENT_3D('',#10785,#8611,#8612);
#6967=AXIS2_PLACEMENT_3D('',#10789,#8615,#8616);
#6968=AXIS2_PLACEMENT_3D('',#10795,#8619,#8620);
#6969=AXIS2_PLACEMENT_3D('',#10799,#8622,#8623);
#6970=AXIS2_PLACEMENT_3D('',#10803,#8625,#8626);
#6971=AXIS2_PLACEMENT_3D('',#10806,#8628,#8629);
#6972=AXIS2_PLACEMENT_3D('',#10809,#8631,#8632);
#6973=AXIS2_PLACEMENT_3D('',#10810,#8633,#8634);
#6974=AXIS2_PLACEMENT_3D('',#10812,#8636,#8637);
#6975=AXIS2_PLACEMENT_3D('',#10825,#8640,#8641);
#6976=AXIS2_PLACEMENT_3D('',#10831,#8645,#8646);
#6977=AXIS2_PLACEMENT_3D('',#10835,#8649,#8650);
#6978=AXIS2_PLACEMENT_3D('',#10839,#8653,#8654);
#6979=AXIS2_PLACEMENT_3D('',#10843,#8657,#8658);
#6980=AXIS2_PLACEMENT_3D('',#10846,#8661,#8662);
#6981=AXIS2_PLACEMENT_3D('',#10847,#8663,#8664);
#6982=AXIS2_PLACEMENT_3D('',#10850,#8666,#8667);
#6983=AXIS2_PLACEMENT_3D('',#10851,#8668,#8669);
#6984=AXIS2_PLACEMENT_3D('',#10853,#8670,#8671);
#6985=AXIS2_PLACEMENT_3D('',#10857,#8673,#8674);
#6986=AXIS2_PLACEMENT_3D('',#10866,#8675,#8676);
#6987=AXIS2_PLACEMENT_3D('',#10874,#8677,#8678);
#6988=AXIS2_PLACEMENT_3D('',#10875,#8679,#8680);
#6989=AXIS2_PLACEMENT_3D('',#10880,#8683,#8684);
#6990=AXIS2_PLACEMENT_3D('',#10882,#8685,#8686);
#6991=AXIS2_PLACEMENT_3D('',#10886,#8689,#8690);
#6992=AXIS2_PLACEMENT_3D('',#10889,#8692,#8693);
#6993=AXIS2_PLACEMENT_3D('',#10890,#8694,#8695);
#6994=AXIS2_PLACEMENT_3D('',#10899,#8700,#8701);
#6995=AXIS2_PLACEMENT_3D('',#10924,#8706,#8707);
#6996=AXIS2_PLACEMENT_3D('',#10949,#8712,#8713);
#6997=AXIS2_PLACEMENT_3D('',#10951,#8714,#8715);
#6998=AXIS2_PLACEMENT_3D('',#10954,#8717,#8718);
#6999=AXIS2_PLACEMENT_3D('',#10956,#8720,#8721);
#7000=AXIS2_PLACEMENT_3D('',#10957,#8722,#8723);
#7001=AXIS2_PLACEMENT_3D('',#10962,#8726,#8727);
#7002=AXIS2_PLACEMENT_3D('',#10964,#8728,#8729);
#7003=AXIS2_PLACEMENT_3D('',#10992,#8731,#8732);
#7004=AXIS2_PLACEMENT_3D('',#10993,#8733,#8734);
#7005=AXIS2_PLACEMENT_3D('',#10994,#8735,#8736);
#7006=AXIS2_PLACEMENT_3D('',#11023,#8739,#8740);
#7007=AXIS2_PLACEMENT_3D('',#11024,#8741,#8742);
#7008=AXIS2_PLACEMENT_3D('',#11025,#8743,#8744);
#7009=AXIS2_PLACEMENT_3D('',#11027,#8745,#8746);
#7010=AXIS2_PLACEMENT_3D('',#11028,#8747,#8748);
#7011=AXIS2_PLACEMENT_3D('',#11029,#8749,#8750);
#7012=AXIS2_PLACEMENT_3D('',#11030,#8751,#8752);
#7013=AXIS2_PLACEMENT_3D('',#11032,#8753,#8754);
#7014=AXIS2_PLACEMENT_3D('',#11033,#8755,#8756);
#7015=AXIS2_PLACEMENT_3D('',#11034,#8757,#8758);
#7016=AXIS2_PLACEMENT_3D('',#11036,#8759,#8760);
#7017=AXIS2_PLACEMENT_3D('',#11068,#8762,#8763);
#7018=AXIS2_PLACEMENT_3D('',#11069,#8764,#8765);
#7019=AXIS2_PLACEMENT_3D('',#11070,#8766,#8767);
#7020=AXIS2_PLACEMENT_3D('',#11072,#8769,#8770);
#7021=AXIS2_PLACEMENT_3D('',#11074,#8771,#8772);
#7022=AXIS2_PLACEMENT_3D('',#11101,#8774,#8775);
#7023=AXIS2_PLACEMENT_3D('',#11102,#8776,#8777);
#7024=AXIS2_PLACEMENT_3D('',#11104,#8779,#8780);
#7025=AXIS2_PLACEMENT_3D('',#11107,#8783,#8784);
#7026=AXIS2_PLACEMENT_3D('',#11109,#8786,#8787);
#7027=AXIS2_PLACEMENT_3D('',#11110,#8788,#8789);
#7028=AXIS2_PLACEMENT_3D('',#11111,#8790,#8791);
#7029=AXIS2_PLACEMENT_3D('',#11113,#8793,#8794);
#7030=AXIS2_PLACEMENT_3D('',#11114,#8795,#8796);
#7031=AXIS2_PLACEMENT_3D('',#11116,#8797,#8798);
#7032=AXIS2_PLACEMENT_3D('',#11117,#8799,#8800);
#7033=AXIS2_PLACEMENT_3D('',#11119,#8802,#8803);
#7034=AXIS2_PLACEMENT_3D('',#11121,#8805,#8806);
#7035=AXIS2_PLACEMENT_3D('',#11123,#8808,#8809);
#7036=AXIS2_PLACEMENT_3D('',#11124,#8810,#8811);
#7037=AXIS2_PLACEMENT_3D('',#11126,#8813,#8814);
#7038=AXIS2_PLACEMENT_3D('',#11127,#8815,#8816);
#7039=AXIS2_PLACEMENT_3D('',#11129,#8818,#8819);
#7040=AXIS2_PLACEMENT_3D('',#11130,#8820,#8821);
#7041=AXIS2_PLACEMENT_3D('',#11132,#8823,#8824);
#7042=AXIS2_PLACEMENT_3D('',#11133,#8825,#8826);
#7043=AXIS2_PLACEMENT_3D('',#11135,#8828,#8829);
#7044=AXIS2_PLACEMENT_3D('',#11138,#8831,#8832);
#7045=AXIS2_PLACEMENT_3D('',#11139,#8833,#8834);
#7046=AXIS2_PLACEMENT_3D('',#11142,#8836,#8837);
#7047=AXIS2_PLACEMENT_3D('',#11143,#8838,#8839);
#7048=AXIS2_PLACEMENT_3D('',#11146,#8841,#8842);
#7049=AXIS2_PLACEMENT_3D('',#11147,#8843,#8844);
#7050=AXIS2_PLACEMENT_3D('',#11150,#8846,#8847);
#7051=AXIS2_PLACEMENT_3D('',#11151,#8848,#8849);
#7052=AXIS2_PLACEMENT_3D('',#11153,#8851,#8852);
#7053=AXIS2_PLACEMENT_3D('',#11154,#8853,#8854);
#7054=AXIS2_PLACEMENT_3D('',#11156,#8855,#8856);
#7055=AXIS2_PLACEMENT_3D('',#11158,#8858,#8859);
#7056=AXIS2_PLACEMENT_3D('',#11162,#8861,#8862);
#7057=AXIS2_PLACEMENT_3D('',#11164,#8864,#8865);
#7058=AXIS2_PLACEMENT_3D('',#11166,#8867,#8868);
#7059=AXIS2_PLACEMENT_3D('',#11171,#8871,#8872);
#7060=AXIS2_PLACEMENT_3D('',#11172,#8873,#8874);
#7061=AXIS2_PLACEMENT_3D('',#11175,#8877,#8878);
#7062=AXIS2_PLACEMENT_3D('',#11176,#8879,#8880);
#7063=AXIS2_PLACEMENT_3D('',#11177,#8881,#8882);
#7064=AXIS2_PLACEMENT_3D('',#11178,#8883,#8884);
#7065=AXIS2_PLACEMENT_3D('',#11179,#8885,#8886);
#7066=AXIS2_PLACEMENT_3D('',#11181,#8888,#8889);
#7067=AXIS2_PLACEMENT_3D('',#11183,#8891,#8892);
#7068=DIRECTION('axis',(0.,0.,1.));
#7069=DIRECTION('refdir',(1.,0.,0.));
#7070=DIRECTION('center_axis',(-2.37199442125587E-51,-0.866025403784439,
0.5));
#7071=DIRECTION('ref_axis',(-0.707106781186547,0.353553390593273,0.612372435695796));
#7072=DIRECTION('',(2.37199442125587E-51,0.866025403784439,-0.5));
#7073=DIRECTION('center_axis',(0.707106781186549,-0.612372435695793,0.353553390593274));
#7074=DIRECTION('ref_axis',(0.707106781186546,0.612372435695796,-0.353553390593274));
#7075=DIRECTION('',(-2.37199442125587E-51,-0.866025403784439,0.5));
#7076=DIRECTION('center_axis',(0.,1.,0.));
#7077=DIRECTION('ref_axis',(7.81203591343323E-16,0.,1.));
#7078=DIRECTION('center_axis',(0.707106781186546,0.612372435695795,-0.353553390593276));
#7079=DIRECTION('ref_axis',(-0.707106781186549,0.612372435695794,-0.353553390593272));
#7080=DIRECTION('center_axis',(2.37199442125587E-51,0.866025403784439,-0.5));
#7081=DIRECTION('ref_axis',(0.707106781186547,0.353553390593273,0.612372435695796));
#7082=DIRECTION('',(2.37199442125587E-51,0.866025403784439,-0.5));
#7083=DIRECTION('center_axis',(-0.707106781186549,-0.612372435695794,0.353553390593273));
#7084=DIRECTION('ref_axis',(0.707106781186546,-0.612372435695795,0.353553390593275));
#7085=DIRECTION('',(-2.37199442125587E-51,-0.866025403784439,0.5));
#7086=DIRECTION('center_axis',(0.707106781186548,-0.612372435695797,0.353553390593269));
#7087=DIRECTION('ref_axis',(0.707106781186547,0.612372435695798,-0.353553390593269));
#7088=DIRECTION('center_axis',(0.,1.,0.));
#7089=DIRECTION('ref_axis',(-7.81203591343323E-16,0.,1.));
#7090=DIRECTION('center_axis',(1.,1.22451068891772E-16,-7.06971575872219E-17));
#7091=DIRECTION('ref_axis',(0.,-0.499999999999999,0.866025403784439));
#7092=DIRECTION('',(-1.,-1.22451068891772E-16,7.06971575872219E-17));
#7093=DIRECTION('center_axis',(1.,-2.73894323525673E-51,0.));
#7094=DIRECTION('ref_axis',(0.,-0.499999999999999,0.866025403784439));
#7095=DIRECTION('',(1.,1.22451068891772E-16,-7.06971575872219E-17));
#7096=DIRECTION('center_axis',(-1.,2.73894323525673E-51,0.));
#7097=DIRECTION('ref_axis',(0.,-0.499999999999999,0.866025403784439));
#7098=DIRECTION('center_axis',(-1.,0.,0.));
#7099=DIRECTION('ref_axis',(0.,0.866025403784439,0.499999999999999));
#7100=DIRECTION('',(1.,0.,0.));
#7101=DIRECTION('',(-1.,0.,0.));
#7102=DIRECTION('center_axis',(-1.,2.73894323525673E-51,0.));
#7103=DIRECTION('ref_axis',(-2.73894323525673E-51,-1.,1.56280214335368E-17));
#7104=DIRECTION('',(0.,0.,1.));
#7105=DIRECTION('',(-2.73894323525673E-51,-1.,1.56280214335368E-17));
#7106=DIRECTION('',(0.,0.,1.));
#7107=DIRECTION('center_axis',(0.,-1.,0.));
#7108=DIRECTION('ref_axis',(1.,0.,1.75258477018666E-34));
#7109=DIRECTION('',(0.,0.,1.));
#7110=DIRECTION('',(1.,0.,1.75258477018666E-34));
#7111=DIRECTION('center_axis',(0.,0.5,0.866025403784439));
#7112=DIRECTION('ref_axis',(0.,0.866025403784439,-0.5));
#7113=DIRECTION('',(-1.,0.,0.));
#7114=DIRECTION('',(0.,-0.866025403784439,0.5));
#7115=DIRECTION('',(1.,0.,0.));
#7116=DIRECTION('',(-0.905507948328463,0.367479954059378,-0.212164650397973));
#7117=DIRECTION('',(-0.132788176096109,0.858356263574048,-0.495572219835078));
#7118=DIRECTION('',(-1.,0.,0.));
#7119=DIRECTION('',(0.132788176096109,0.858356263574048,-0.495572219835078));
#7120=DIRECTION('',(0.905507948328463,0.367479954059378,-0.212164650397973));
#7121=DIRECTION('',(-1.,0.,0.));
#7122=DIRECTION('',(0.,-0.866025403784439,0.5));
#7123=DIRECTION('center_axis',(1.,-1.79897249360558E-16,0.));
#7124=DIRECTION('ref_axis',(0.,0.707106781186549,-0.707106781186546));
#7125=DIRECTION('',(-1.,1.79897249360558E-16,0.));
#7126=DIRECTION('center_axis',(0.707106781186546,0.707106781186549,0.));
#7127=DIRECTION('ref_axis',(-0.707106781186549,0.707106781186546,0.));
#7128=DIRECTION('',(1.,-1.79897249360558E-16,0.));
#7129=DIRECTION('center_axis',(0.707106781186546,-0.707106781186549,0.));
#7130=DIRECTION('ref_axis',(0.707106781186549,0.707106781186546,0.));
#7131=DIRECTION('center_axis',(2.73894323525673E-51,1.,0.));
#7132=DIRECTION('ref_axis',(-0.70710678118654,0.,-0.707106781186555));
#7133=DIRECTION('',(-2.73894323525673E-51,-1.,0.));
#7134=DIRECTION('center_axis',(-0.707106781186549,0.707106781186546,0.));
#7135=DIRECTION('ref_axis',(-0.707106781186546,-0.707106781186549,0.));
#7136=DIRECTION('',(2.73894323525673E-51,1.,0.));
#7137=DIRECTION('center_axis',(-1.,1.11022302462516E-16,0.));
#7138=DIRECTION('ref_axis',(0.,-0.707106781186546,-0.707106781186549));
#7139=DIRECTION('',(1.,-1.11022302462516E-16,0.));
#7140=DIRECTION('center_axis',(-0.707106781186549,-0.707106781186546,0.));
#7141=DIRECTION('ref_axis',(0.707106781186546,-0.707106781186549,0.));
#7142=DIRECTION('',(-1.,1.11022302462516E-16,0.));
#7143=DIRECTION('center_axis',(-2.73894323525673E-51,-1.,0.));
#7144=DIRECTION('ref_axis',(0.707106781186552,0.,-0.707106781186543));
#7145=DIRECTION('',(-2.73894323525673E-51,-1.,0.));
#7146=DIRECTION('',(2.73894323525673E-51,1.,0.));
#7147=DIRECTION('center_axis',(1.,-2.73894323525673E-51,0.));
#7148=DIRECTION('ref_axis',(-2.73894323525673E-51,-1.,1.56280214335368E-17));
#7149=DIRECTION('',(0.,0.,-1.));
#7150=DIRECTION('',(2.73894323525673E-51,1.,-1.56280214335368E-17));
#7151=DIRECTION('',(0.,0.,-1.));
#7152=DIRECTION('center_axis',(1.79897249360558E-16,1.,0.));
#7153=DIRECTION('ref_axis',(1.,-1.79897249360558E-16,2.98669654585977E-33));
#7154=DIRECTION('',(0.,0.,-1.));
#7155=DIRECTION('',(-1.,1.79897249360558E-16,-2.98669654585977E-33));
#7156=DIRECTION('center_axis',(0.,0.,-1.));
#7157=DIRECTION('ref_axis',(-1.,0.,0.));
#7158=DIRECTION('center_axis',(-1.,2.05596856412066E-16,0.));
#7159=DIRECTION('ref_axis',(0.,-0.707106781186546,-0.707106781186549));
#7160=DIRECTION('',(1.,-2.05596856412066E-16,0.));
#7161=DIRECTION('center_axis',(-0.707106781186549,-0.707106781186546,0.));
#7162=DIRECTION('ref_axis',(0.707106781186546,-0.707106781186549,0.));
#7163=DIRECTION('',(-1.,2.05596856412066E-16,0.));
#7164=DIRECTION('center_axis',(-0.707106781186546,0.707106781186549,0.));
#7165=DIRECTION('ref_axis',(-0.707106781186549,-0.707106781186546,0.));
#7166=DIRECTION('center_axis',(-2.73894323525673E-51,-1.,0.));
#7167=DIRECTION('ref_axis',(0.70710678118654,0.,-0.707106781186555));
#7168=DIRECTION('',(2.73894323525673E-51,1.,0.));
#7169=DIRECTION('center_axis',(0.707106781186548,-0.707106781186548,0.));
#7170=DIRECTION('ref_axis',(0.707106781186548,0.707106781186548,0.));
#7171=DIRECTION('',(-2.73894323525673E-51,-1.,0.));
#7172=DIRECTION('center_axis',(1.,-4.44089209850062E-16,0.));
#7173=DIRECTION('ref_axis',(0.,0.707106781186549,-0.707106781186546));
#7174=DIRECTION('',(-1.,4.44089209850062E-16,0.));
#7175=DIRECTION('center_axis',(0.707106781186549,0.707106781186546,0.));
#7176=DIRECTION('ref_axis',(-0.707106781186546,0.707106781186549,0.));
#7177=DIRECTION('',(1.,-4.44089209850062E-16,0.));
#7178=DIRECTION('center_axis',(2.73894323525673E-51,1.,0.));
#7179=DIRECTION('ref_axis',(-0.70710678118654,0.,-0.707106781186555));
#7180=DIRECTION('',(2.73894323525673E-51,1.,0.));
#7181=DIRECTION('',(-2.73894323525673E-51,-1.,0.));
#7182=DIRECTION('center_axis',(-1.,2.73894323525673E-51,0.));
#7183=DIRECTION('ref_axis',(2.73894323525673E-51,1.,-1.56280214335368E-17));
#7184=DIRECTION('',(0.,0.,-1.));
#7185=DIRECTION('',(-2.73894323525673E-51,-1.,1.56280214335368E-17));
#7186=DIRECTION('',(0.,0.,-1.));
#7187=DIRECTION('center_axis',(-2.05596856412066E-16,-1.,0.));
#7188=DIRECTION('ref_axis',(-1.,2.05596856412066E-16,-3.38833055569422E-33));
#7189=DIRECTION('',(0.,0.,-1.));
#7190=DIRECTION('',(1.,-2.05596856412066E-16,3.38833055569422E-33));
#7191=DIRECTION('center_axis',(0.,0.,-1.));
#7192=DIRECTION('ref_axis',(-1.,0.,0.));
#7193=DIRECTION('center_axis',(2.73894323525673E-51,1.,-1.56280214335368E-17));
#7194=DIRECTION('ref_axis',(-0.707106781186552,0.,-0.707106781186543));
#7195=DIRECTION('',(-2.73894323525673E-51,-1.,1.56280214335368E-17));
#7196=DIRECTION('center_axis',(-0.70710678118655,0.707106781186545,0.));
#7197=DIRECTION('ref_axis',(-0.707106781186545,-0.70710678118655,2.21013598643651E-17));
#7198=DIRECTION('center_axis',(1.45378931359609E-16,0.707106781186547,0.707106781186548));
#7199=DIRECTION('ref_axis',(-1.47196168001604E-16,0.707106781186548,-0.707106781186547));
#7200=DIRECTION('',(2.73894323525673E-51,1.,-1.56280214335368E-17));
#7201=DIRECTION('center_axis',(0.707106781186549,0.707106781186546,0.));
#7202=DIRECTION('ref_axis',(-0.707106781186546,0.707106781186549,-4.22382676184778E-33));
#7203=DIRECTION('center_axis',(1.,-2.05596856412066E-16,3.38833055569422E-33));
#7204=DIRECTION('ref_axis',(0.,-0.382683432365093,-0.923879532511285));
#7205=DIRECTION('',(1.,-2.05596856412066E-16,3.38833055569422E-33));
#7206=DIRECTION('center_axis',(-0.70710678118655,-0.707106781186545,0.));
#7207=DIRECTION('ref_axis',(-0.707106781186545,0.70710678118655,-4.79182302566594E-33));
#7208=DIRECTION('',(-1.,2.05596856412066E-16,-1.69416527784711E-33));
#7209=DIRECTION('center_axis',(-2.73894323525673E-51,-1.,1.56280214335368E-17));
#7210=DIRECTION('ref_axis',(0.70710678118654,0.,-0.707106781186555));
#7211=DIRECTION('',(2.73894323525673E-51,1.,-1.56280214335368E-17));
#7212=DIRECTION('',(-2.73894323525673E-51,-1.,1.56280214335368E-17));
#7213=DIRECTION('center_axis',(1.45378931359609E-16,0.707106781186547,0.707106781186548));
#7214=DIRECTION('ref_axis',(-9.81307786677359E-17,0.707106781186548,-0.707106781186547));
#7215=DIRECTION('center_axis',(1.75258477018666E-34,-1.56280214335368E-17,
-1.));
#7216=DIRECTION('ref_axis',(1.,0.,0.));
#7217=DIRECTION('center_axis',(-1.75258477018666E-34,1.56280214335368E-17,
1.));
#7218=DIRECTION('ref_axis',(1.,4.00718498295814E-18,1.1263410421685E-34));
#7219=DIRECTION('center_axis',(1.75258477018666E-34,-1.56280214335368E-17,
-1.));
#7220=DIRECTION('ref_axis',(1.,4.00718498295814E-18,0.));
#7221=DIRECTION('center_axis',(-2.73894323525673E-51,-1.,1.56280214335368E-17));
#7222=DIRECTION('ref_axis',(0.70710678118654,0.,-0.707106781186555));
#7223=DIRECTION('',(-2.73894323525673E-51,-1.,1.56280214335368E-17));
#7224=DIRECTION('',(2.73894323525673E-51,1.,-1.56280214335368E-17));
#7225=DIRECTION('center_axis',(0.707106781186544,-0.707106781186551,0.));
#7226=DIRECTION('ref_axis',(0.707106781186551,0.707106781186544,-2.21013598643652E-17));
#7227=DIRECTION('center_axis',(1.,-1.79897249360558E-16,2.98669654585977E-33));
#7228=DIRECTION('ref_axis',(0.,0.707106781186549,-0.707106781186546));
#7229=DIRECTION('',(1.,-1.79897249360558E-16,2.98669654585977E-33));
#7230=DIRECTION('',(-1.,1.79897249360558E-16,-2.98669654585977E-33));
#7231=DIRECTION('center_axis',(1.,-2.73894323525673E-51,0.));
#7232=DIRECTION('ref_axis',(-2.73894323525673E-51,-1.,1.56280214335368E-17));
#7233=DIRECTION('',(0.,0.,-1.));
#7234=DIRECTION('',(2.73894323525673E-51,1.,-1.56280214335368E-17));
#7235=DIRECTION('',(0.,0.,-1.));
#7236=DIRECTION('center_axis',(1.79897249360558E-16,1.,0.));
#7237=DIRECTION('ref_axis',(1.,-1.79897249360558E-16,2.98669654585977E-33));
#7238=DIRECTION('',(0.,0.,-1.));
#7239=DIRECTION('',(-1.,1.79897249360558E-16,-2.98669654585977E-33));
#7240=DIRECTION('center_axis',(-1.,2.73894323525673E-51,0.));
#7241=DIRECTION('ref_axis',(2.73894323525673E-51,1.,-1.56280214335368E-17));
#7242=DIRECTION('',(1.93672533493506E-51,0.707106781186548,-0.707106781186547));
#7243=DIRECTION('',(-2.73894323525673E-51,-1.,1.56280214335368E-17));
#7244=DIRECTION('center_axis',(1.75258477018666E-34,-1.56280214335368E-17,
-1.));
#7245=DIRECTION('ref_axis',(-1.,0.,-1.75258477018666E-34));
#7246=DIRECTION('center_axis',(-1.75258477018666E-34,1.56280214335368E-17,
1.));
#7247=DIRECTION('ref_axis',(-1.,0.,0.));
#7248=DIRECTION('center_axis',(-1.45378931359609E-16,-0.707106781186547,
-0.707106781186548));
#7249=DIRECTION('ref_axis',(-1.,0.,2.05596856412066E-16));
#7250=DIRECTION('',(-1.93672533493506E-51,-0.707106781186548,0.707106781186547));
#7251=DIRECTION('',(1.,-2.05596856412066E-16,3.38833055569422E-33));
#7252=DIRECTION('center_axis',(0.,0.,-1.));
#7253=DIRECTION('ref_axis',(-1.,0.,0.));
#7254=DIRECTION('',(0.,0.,1.));
#7255=DIRECTION('center_axis',(0.,0.,-1.));
#7256=DIRECTION('ref_axis',(-1.,0.,0.));
#7257=DIRECTION('center_axis',(0.,0.,-1.));
#7258=DIRECTION('ref_axis',(-1.,0.,0.));
#7259=DIRECTION('center_axis',(4.44089209850062E-16,1.,0.));
#7260=DIRECTION('ref_axis',(1.,-4.44089209850062E-16,7.11549416695785E-33));
#7261=DIRECTION('',(-1.,4.44089209850062E-16,-7.11549416695785E-33));
#7262=DIRECTION('',(0.,0.,-1.));
#7263=DIRECTION('center_axis',(1.,-2.73894323525673E-51,0.));
#7264=DIRECTION('ref_axis',(-2.73894323525673E-51,-1.,1.56280214335368E-17));
#7265=DIRECTION('',(2.73894323525673E-51,1.,-1.56280214335368E-17));
#7266=DIRECTION('center_axis',(1.,-2.73894323525673E-51,0.));
#7267=DIRECTION('ref_axis',(-2.73894323525673E-51,-1.,1.56280214335368E-17));
#7268=DIRECTION('',(0.,0.,-1.));
#7269=DIRECTION('',(2.73894323525673E-51,1.,-1.56280214335368E-17));
#7270=DIRECTION('center_axis',(0.,0.,-1.));
#7271=DIRECTION('ref_axis',(1.,1.22464679914735E-16,0.));
#7272=DIRECTION('center_axis',(-1.75258477018666E-34,1.56280214335368E-17,
1.));
#7273=DIRECTION('ref_axis',(-1.,0.,0.));
#7274=DIRECTION('center_axis',(-1.11022302462516E-16,-1.,0.));
#7275=DIRECTION('ref_axis',(-1.,1.11022302462516E-16,-1.91031739950346E-33));
#7276=DIRECTION('',(1.,-1.11022302462516E-16,1.91031739950346E-33));
#7277=DIRECTION('',(0.,0.,-1.));
#7278=DIRECTION('center_axis',(-1.,2.73894323525673E-51,0.));
#7279=DIRECTION('ref_axis',(2.73894323525673E-51,1.,-1.56280214335368E-17));
#7280=DIRECTION('',(-2.73894323525673E-51,-1.,1.56280214335368E-17));
#7281=DIRECTION('center_axis',(-1.22451068891772E-16,1.,0.));
#7282=DIRECTION('ref_axis',(-1.,-1.22451068891772E-16,1.73840945218143E-33));
#7283=DIRECTION('',(-1.,-1.22451068891772E-16,1.73840945218143E-33));
#7284=DIRECTION('',(0.,0.,1.));
#7285=DIRECTION('center_axis',(1.,-2.73894323525673E-51,0.));
#7286=DIRECTION('ref_axis',(2.73894323525673E-51,1.,-1.56280214335368E-17));
#7287=DIRECTION('',(2.73894323525673E-51,1.,-1.56280214335368E-17));
#7288=DIRECTION('center_axis',(-0.923879532511287,0.38268343236509,0.));
#7289=DIRECTION('ref_axis',(0.,0.,1.));
#7290=DIRECTION('',(0.357406744336593,0.862856209461017,-0.357406744336593));
#7291=DIRECTION('',(0.,0.,1.));
#7292=DIRECTION('',(-0.28108463771482,-0.678598344545847,0.678598344545847));
#7293=DIRECTION('',(0.,0.,-1.));
#7294=DIRECTION('center_axis',(-0.707106781186548,0.707106781186548,0.));
#7295=DIRECTION('ref_axis',(0.,0.,1.));
#7296=DIRECTION('',(-0.577350269189626,-0.577350269189626,0.577350269189625));
#7297=DIRECTION('',(0.,0.,1.));
#7298=DIRECTION('',(0.608120402411343,0.608120402411343,-0.510273605374737));
#7299=DIRECTION('',(-0.540716203060937,-0.540716203060937,-0.644400477571771));
#7300=DIRECTION('',(0.577350269189626,0.577350269189626,-0.577350269189626));
#7301=DIRECTION('center_axis',(-0.249999999999999,0.866025403784439,0.433012701892219));
#7302=DIRECTION('ref_axis',(0.,0.447213595499957,-0.894427190999916));
#7303=DIRECTION('',(-0.866025403784439,6.16297582203915E-33,-0.5));
#7304=DIRECTION('',(-0.226044624379459,-0.487058473848148,0.84361002296195));
#7305=DIRECTION('',(0.866025403784439,-2.77555756156289E-17,0.5));
#7306=DIRECTION('',(0.,0.447213595499957,-0.894427190999916));
#7307=DIRECTION('center_axis',(1.,0.,0.));
#7308=DIRECTION('ref_axis',(0.,0.,-1.));
#7309=DIRECTION('',(0.,0.832050294337844,-0.554700196225229));
#7310=DIRECTION('',(0.,0.,-1.));
#7311=DIRECTION('',(0.,-0.866025403784439,0.5));
#7312=DIRECTION('',(-1.75258477018666E-34,-1.56280214335368E-17,-1.));
#7313=DIRECTION('',(0.,1.,0.));
#7314=DIRECTION('',(0.,-1.56280214335368E-17,-1.));
#7315=DIRECTION('center_axis',(-1.,0.,0.));
#7316=DIRECTION('ref_axis',(0.,1.,0.));
#7317=DIRECTION('',(0.,-1.,0.));
#7318=DIRECTION('',(0.,1.53134210293125E-16,1.));
#7319=DIRECTION('',(0.,-0.707106781186548,0.707106781186547));
#7320=DIRECTION('',(0.,-6.64789282513591E-17,-1.));
#7321=DIRECTION('center_axis',(1.,0.,0.));
#7322=DIRECTION('ref_axis',(0.,0.,-1.));
#7323=DIRECTION('center_axis',(0.866025403784439,7.39844384886971E-18,0.5));
#7324=DIRECTION('ref_axis',(-0.433012701892219,-0.5,0.75));
#7325=DIRECTION('',(0.866025403784439,7.39844384886971E-18,0.5));
#7326=DIRECTION('center_axis',(-0.789149130992434,-0.612372435695792,-0.0473671727453773));
#7327=DIRECTION('ref_axis',(0.435595740399155,-0.612372435695796,0.659739608441172));
#7328=DIRECTION('center_axis',(-0.866025403784439,-7.39844384886971E-18,
-0.5));
#7329=DIRECTION('ref_axis',(-0.433012701892219,-0.5,0.75));
#7330=DIRECTION('',(-0.866025403784439,-7.39844384886971E-18,-0.5));
#7331=DIRECTION('center_axis',(0.866025403784439,1.01669210259901E-15,0.5));
#7332=DIRECTION('ref_axis',(-0.433012701892219,-0.5,0.75));
#7333=DIRECTION('center_axis',(0.435595740399153,-0.612372435695795,0.659739608441173));
#7334=DIRECTION('ref_axis',(0.789149130992434,0.612372435695791,0.0473671727453768));
#7335=DIRECTION('center_axis',(-0.249999999999999,-0.866025403784438,0.43301270189222));
#7336=DIRECTION('ref_axis',(-0.918558653543692,0.353553390593272,0.176776695296636));
#7337=DIRECTION('',(0.249999999999999,0.866025403784438,-0.43301270189222));
#7338=DIRECTION('center_axis',(-2.04351294521544E-17,-1.,5.0191570168118E-17));
#7339=DIRECTION('ref_axis',(-0.499999999999998,4.24918736097038E-17,0.86602540378444));
#7340=DIRECTION('center_axis',(0.78914913099243,0.612372435695796,0.0473671727453767));
#7341=DIRECTION('ref_axis',(-0.43559574039916,0.612372435695794,-0.65973960844117));
#7342=DIRECTION('',(-0.25,-0.866025403784438,0.43301270189222));
#7343=DIRECTION('center_axis',(0.25,0.866025403784438,-0.43301270189222));
#7344=DIRECTION('ref_axis',(0.306186217847896,0.353553390593273,0.883883476483185));
#7345=DIRECTION('',(0.25,0.866025403784438,-0.43301270189222));
#7346=DIRECTION('center_axis',(0.435595740399157,-0.612372435695796,0.659739608441171));
#7347=DIRECTION('ref_axis',(0.789149130992433,0.612372435695793,0.0473671727453766));
#7348=DIRECTION('center_axis',(-2.04351294521544E-17,-1.,5.0191570168118E-17));
#7349=DIRECTION('ref_axis',(-0.5,4.24918736097037E-17,0.866025403784439));
#7350=DIRECTION('',(-0.25,-0.866025403784438,0.43301270189222));
#7351=DIRECTION('center_axis',(-0.866025403784439,-7.3984438488697E-18,
-0.5));
#7352=DIRECTION('ref_axis',(-0.249999999999999,0.866025403784438,0.433012701892221));
#7353=DIRECTION('',(-0.866025403784439,-7.3984438488697E-18,-0.5));
#7354=DIRECTION('',(0.866025403784439,7.39844384886971E-18,0.5));
#7355=DIRECTION('center_axis',(0.866025403784439,7.39844384886971E-18,0.5));
#7356=DIRECTION('ref_axis',(3.09760614432552E-17,1.,-6.84489999358328E-17));
#7357=DIRECTION('',(-0.5,5.36847395474966E-17,0.866025403784439));
#7358=DIRECTION('',(3.09760614432552E-17,1.,-6.84489999358328E-17));
#7359=DIRECTION('',(-0.5,5.36847395474966E-17,0.866025403784439));
#7360=DIRECTION('center_axis',(-2.04351294521544E-17,-1.,5.0191570168118E-17));
#7361=DIRECTION('ref_axis',(0.866025403784439,7.39844384886971E-18,0.5));
#7362=DIRECTION('',(0.866025403784439,7.39844384886971E-18,0.5));
#7363=DIRECTION('',(-0.5,5.36847395474966E-17,0.866025403784439));
#7364=DIRECTION('center_axis',(0.433012701892219,-0.500000000000001,-0.75));
#7365=DIRECTION('ref_axis',(-0.25,-0.866025403784438,0.43301270189222));
#7366=DIRECTION('',(-0.866025403784439,0.,-0.5));
#7367=DIRECTION('',(-0.866025403784439,1.22533810496026E-16,-0.5));
#7368=DIRECTION('',(0.,-0.832050294337843,0.55470019622523));
#7369=DIRECTION('center_axis',(0.,-1.,0.));
#7370=DIRECTION('ref_axis',(-0.44721359549995,0.,-0.89442719099992));
#7371=DIRECTION('center_axis',(0.,-0.90630778703665,-0.422618261740699));
#7372=DIRECTION('ref_axis',(-6.28877357853226E-17,0.422618261740699,-0.90630778703665));
#7373=DIRECTION('',(0.,-1.,0.));
#7374=DIRECTION('center_axis',(0.,-1.,0.));
#7375=DIRECTION('ref_axis',(-0.44721359549995,0.,-0.89442719099992));
#7376=DIRECTION('',(0.,1.,0.));
#7377=DIRECTION('center_axis',(-0.800000000000001,0.,-0.599999999999999));
#7378=DIRECTION('ref_axis',(-0.599999999999999,1.25024171468294E-17,0.8));
#7379=DIRECTION('',(-0.562157794180734,-0.34951797935733,0.749543725574313));
#7380=DIRECTION('',(0.,1.,0.));
#7381=DIRECTION('',(-0.599999999999999,1.25024171468294E-17,0.8));
#7382=DIRECTION('center_axis',(0.,-1.,0.));
#7383=DIRECTION('ref_axis',(0.447213595499958,0.,0.894427190999916));
#7384=DIRECTION('center_axis',(0.,1.,0.));
#7385=DIRECTION('ref_axis',(0.447213595499958,0.,0.894427190999916));
#7386=DIRECTION('center_axis',(0.,0.90630778703665,0.422618261740699));
#7387=DIRECTION('ref_axis',(-1.88663207355968E-16,-0.422618261740699,0.90630778703665));
#7388=DIRECTION('',(0.,-1.,0.));
#7389=DIRECTION('center_axis',(0.,-1.,0.));
#7390=DIRECTION('ref_axis',(-0.447213595499958,0.,0.894427190999916));
#7391=DIRECTION('center_axis',(0.,1.,0.));
#7392=DIRECTION('ref_axis',(-0.447213595499958,0.,0.894427190999916));
#7393=DIRECTION('',(0.,1.,0.));
#7394=DIRECTION('center_axis',(0.,0.90630778703665,0.422618261740699));
#7395=DIRECTION('ref_axis',(1.88663207355968E-16,-0.422618261740699,0.90630778703665));
#7396=DIRECTION('',(0.,-1.,0.));
#7397=DIRECTION('center_axis',(-1.75258477018666E-34,0.,-1.));
#7398=DIRECTION('ref_axis',(-1.,0.,1.75258477018666E-34));
#7399=DIRECTION('',(-1.,-8.17243699903859E-35,1.75258477018666E-34));
#7400=DIRECTION('',(-1.,0.,1.75258477018666E-34));
#7401=DIRECTION('center_axis',(0.,-1.,0.));
#7402=DIRECTION('ref_axis',(0.447213595499958,0.,-0.894427190999916));
#7403=DIRECTION('center_axis',(0.,-0.90630778703665,-0.422618261740699));
#7404=DIRECTION('ref_axis',(-1.88663207355968E-16,0.422618261740699,-0.90630778703665));
#7405=DIRECTION('',(0.,-1.,0.));
#7406=DIRECTION('center_axis',(0.,-1.,0.));
#7407=DIRECTION('ref_axis',(0.447213595499958,0.,-0.894427190999916));
#7408=DIRECTION('',(0.,1.,0.));
#7409=DIRECTION('center_axis',(0.8,0.,-0.6));
#7410=DIRECTION('ref_axis',(-0.6,-1.25024171468294E-17,-0.8));
#7411=DIRECTION('',(-0.562157794180734,0.34951797935733,-0.749543725574312));
#7412=DIRECTION('',(-0.6,-1.25024171468294E-17,-0.8));
#7413=DIRECTION('center_axis',(0.,-1.,0.));
#7414=DIRECTION('ref_axis',(-0.923879532511287,0.,-0.382683432365088));
#7415=DIRECTION('center_axis',(0.,-0.90630778703665,-0.422618261740699));
#7416=DIRECTION('ref_axis',(-6.28877357853226E-17,0.422618261740699,-0.90630778703665));
#7417=DIRECTION('',(0.,-1.,0.));
#7418=DIRECTION('center_axis',(0.,-1.,0.));
#7419=DIRECTION('ref_axis',(-0.923879532511287,0.,-0.382683432365088));
#7420=DIRECTION('',(0.,1.,0.));
#7421=DIRECTION('center_axis',(-0.707106781186548,0.,-0.707106781186547));
#7422=DIRECTION('ref_axis',(-0.707106781186547,1.10506799321826E-17,0.707106781186548));
#7423=DIRECTION('',(-0.707106781186547,1.10506799321826E-17,0.707106781186548));
#7424=DIRECTION('',(0.,-1.,0.));
#7425=DIRECTION('',(-0.671542934237818,-0.313145613014973,0.671542934237818));
#7426=DIRECTION('center_axis',(0.,-1.,0.));
#7427=DIRECTION('ref_axis',(-0.38268343236509,0.,-0.923879532511287));
#7428=DIRECTION('center_axis',(0.,-0.90630778703665,-0.422618261740699));
#7429=DIRECTION('ref_axis',(-6.28877357853226E-17,0.422618261740699,-0.90630778703665));
#7430=DIRECTION('center_axis',(0.,-1.,0.));
#7431=DIRECTION('ref_axis',(-0.38268343236509,0.,-0.923879532511287));
#7432=DIRECTION('',(0.,1.,0.));
#7433=DIRECTION('center_axis',(3.09760614432552E-17,1.,-6.84489999358328E-17));
#7434=DIRECTION('ref_axis',(-0.965925826289069,0.,0.258819045102519));
#7435=DIRECTION('center_axis',(1.27994868057059E-16,-1.,7.38978715276335E-17));
#7436=DIRECTION('ref_axis',(-0.965925826289069,0.,0.258819045102519));
#7437=DIRECTION('',(3.09760614432552E-17,1.,-6.84489999358328E-17));
#7438=DIRECTION('center_axis',(-2.81831583423407E-16,1.,-1.62715540555642E-16));
#7439=DIRECTION('ref_axis',(-0.965925826289069,0.,0.258819045102519));
#7440=DIRECTION('center_axis',(-0.353553390593274,0.707106781186548,0.612372435695794));
#7441=DIRECTION('ref_axis',(-0.353553390593274,-0.707106781186547,0.612372435695795));
#7442=DIRECTION('',(-3.09760614432552E-17,-1.,6.84489999358328E-17));
#7443=DIRECTION('center_axis',(-0.5,7.47666035296982E-17,0.866025403784439));
#7444=DIRECTION('ref_axis',(0.866025403784439,0.,0.5));
#7445=DIRECTION('',(0.866025403784439,1.75496624007997E-16,0.5));
#7446=DIRECTION('',(1.22464679914735E-16,1.,-1.56280214335368E-17));
#7447=DIRECTION('',(0.866025403784439,0.,0.5));
#7448=DIRECTION('',(0.,1.,1.23259516440783E-32));
#7449=DIRECTION('',(0.866025403784439,1.75496624007997E-16,0.5));
#7450=DIRECTION('',(3.09760614432552E-17,1.,-6.84489999358328E-17));
#7451=DIRECTION('',(-0.866025403784439,-7.39844384886971E-18,-0.5));
#7452=DIRECTION('',(-3.09760614432552E-17,-1.,6.84489999358328E-17));
#7453=DIRECTION('',(0.866025403784439,1.75496624007997E-16,0.5));
#7454=DIRECTION('',(-3.96348979975314E-16,1.,-3.15165227630312E-16));
#7455=DIRECTION('center_axis',(0.5,-7.47666035296982E-17,-0.866025403784439));
#7456=DIRECTION('ref_axis',(0.866025403784439,7.39844384886971E-18,0.5));
#7457=DIRECTION('',(-3.96348979975314E-16,1.,-3.15165227630312E-16));
#7458=DIRECTION('',(-0.866025403784439,-3.25431081111284E-16,-0.5));
#7459=DIRECTION('',(0.866025403784439,5.9951739031562E-16,0.5));
#7460=DIRECTION('',(3.09760614432552E-17,1.,-6.84489999358328E-17));
#7461=DIRECTION('',(-0.866025403784439,-3.25431081111284E-16,-0.5));
#7462=DIRECTION('',(-3.09760614432552E-17,-1.,6.84489999358328E-17));
#7463=DIRECTION('',(-0.866025403784439,-7.39844384886971E-18,-0.5));
#7464=DIRECTION('',(8.4309788691291E-16,-1.,5.73095829310904E-16));
#7465=DIRECTION('center_axis',(-3.96348979975314E-16,1.,-3.15165227630312E-16));
#7466=DIRECTION('ref_axis',(-0.258819045102524,0.,-0.965925826289067));
#7467=DIRECTION('',(-3.96348979975314E-16,1.,-3.15165227630312E-16));
#7468=DIRECTION('',(3.96348979975314E-16,-1.,3.15165227630312E-16));
#7469=DIRECTION('center_axis',(0.612372435695793,0.707106781186549,0.353553390593272));
#7470=DIRECTION('ref_axis',(-0.612372435695796,0.707106781186546,-0.353553390593274));
#7471=DIRECTION('center_axis',(0.866025403784439,1.47795743055267E-16,0.5));
#7472=DIRECTION('ref_axis',(0.353553390593277,0.707106781186548,-0.612372435695792));
#7473=DIRECTION('',(0.866025403784439,1.47795743055267E-16,0.5));
#7474=DIRECTION('',(-0.866025403784439,-1.47795743055267E-16,-0.5));
#7475=DIRECTION('center_axis',(0.612372435695795,-0.707106781186548,0.353553390593272));
#7476=DIRECTION('ref_axis',(0.612372435695794,0.707106781186547,0.353553390593275));
#7477=DIRECTION('center_axis',(-3.09760614432552E-17,-1.,6.84489999358328E-17));
#7478=DIRECTION('ref_axis',(0.965925826289069,0.,-0.258819045102519));
#7479=DIRECTION('',(-3.09760614432552E-17,-1.,6.84489999358328E-17));
#7480=DIRECTION('',(3.09760614432552E-17,1.,-6.84489999358328E-17));
#7481=DIRECTION('center_axis',(0.353553390593274,-0.707106781186548,-0.612372435695794));
#7482=DIRECTION('ref_axis',(0.353553390593274,0.707106781186547,-0.612372435695795));
#7483=DIRECTION('center_axis',(-0.612372435695793,-0.70710678118655,-0.353553390593272));
#7484=DIRECTION('ref_axis',(0.612372435695797,-0.707106781186545,0.353553390593274));
#7485=DIRECTION('center_axis',(0.866025403784439,3.14018491736755E-16,0.5));
#7486=DIRECTION('ref_axis',(0.461939766255639,-0.382683432365091,-0.800103145191268));
#7487=DIRECTION('',(0.866025403784439,3.14018491736755E-16,0.5));
#7488=DIRECTION('center_axis',(-0.612372435695796,0.707106781186546,-0.353553390593274));
#7489=DIRECTION('ref_axis',(0.612372435695793,0.707106781186549,0.353553390593273));
#7490=DIRECTION('',(-0.866025403784439,-3.14018491736755E-16,-0.5));
#7491=DIRECTION('center_axis',(-3.96348979975314E-16,1.,-3.15165227630312E-16));
#7492=DIRECTION('ref_axis',(-0.258819045102525,0.,-0.965925826289067));
#7493=DIRECTION('',(3.96348979975314E-16,-1.,3.15165227630312E-16));
#7494=DIRECTION('',(-3.96348979975314E-16,1.,-3.15165227630312E-16));
#7495=DIRECTION('center_axis',(0.353553390593274,-0.707106781186548,-0.612372435695794));
#7496=DIRECTION('ref_axis',(0.353553390593273,0.707106781186547,-0.612372435695795));
#7497=DIRECTION('center_axis',(0.5,-7.47666035296982E-17,-0.866025403784439));
#7498=DIRECTION('ref_axis',(-0.86602540378444,-3.04518315325756E-15,-0.499999999999997));
#7499=DIRECTION('center_axis',(-0.5,7.47666035296982E-17,0.866025403784439));
#7500=DIRECTION('ref_axis',(-0.866025403784439,-1.24746442713455E-15,-0.5));
#7501=DIRECTION('center_axis',(0.5,-7.47666035296982E-17,-0.866025403784439));
#7502=DIRECTION('ref_axis',(-0.866025403784439,-1.24746442713455E-15,-0.5));
#7503=DIRECTION('center_axis',(0.866025403784439,5.00830899237828E-16,0.5));
#7504=DIRECTION('ref_axis',(3.96348979975314E-16,-1.,3.15165227630312E-16));
#7505=DIRECTION('',(0.499999999999999,0.,-0.866025403784439));
#7506=DIRECTION('',(0.499999999999999,0.,-0.866025403784439));
#7507=DIRECTION('center_axis',(1.27994868057059E-16,-1.,7.38978715276335E-17));
#7508=DIRECTION('ref_axis',(-0.866025403784439,-1.47795743055267E-16,-0.5));
#7509=DIRECTION('',(0.866025403784439,1.75496624007997E-16,0.5));
#7510=DIRECTION('',(0.499999999999999,0.,-0.866025403784439));
#7511=DIRECTION('center_axis',(-0.866025403784439,-7.39844384886967E-18,
-0.5));
#7512=DIRECTION('ref_axis',(3.09760614432552E-17,1.,-6.84489999358328E-17));
#7513=DIRECTION('',(0.353553390593274,0.707106781186547,-0.612372435695795));
#7514=DIRECTION('center_axis',(-0.5,7.47666035296982E-17,0.866025403784439));
#7515=DIRECTION('ref_axis',(0.866025403784439,0.,0.5));
#7516=DIRECTION('center_axis',(0.5,-7.47666035296982E-17,-0.866025403784439));
#7517=DIRECTION('ref_axis',(-0.866025403784439,-7.39844384886971E-18,-0.5));
#7518=DIRECTION('center_axis',(-6.40724032159385E-18,1.,-3.69922192443483E-18));
#7519=DIRECTION('ref_axis',(-0.258819045102524,0.,-0.965925826289067));
#7520=DIRECTION('',(-6.40724032159385E-18,1.,-3.69922192443483E-18));
#7521=DIRECTION('center_axis',(-0.612372435695795,0.707106781186547,-0.353553390593273));
#7522=DIRECTION('ref_axis',(-0.612372435695794,-0.707106781186548,-0.353553390593274));
#7523=DIRECTION('',(6.40724032159385E-18,-1.,3.69922192443483E-18));
#7524=DIRECTION('center_axis',(0.612372435695795,0.707106781186547,0.353553390593273));
#7525=DIRECTION('ref_axis',(-0.612372435695795,0.707106781186548,-0.353553390593273));
#7526=DIRECTION('center_axis',(0.866025403784439,5.9951739031562E-16,0.5));
#7527=DIRECTION('ref_axis',(0.353553390593277,0.707106781186548,-0.612372435695792));
#7528=DIRECTION('',(0.866025403784439,5.9951739031562E-16,0.499999999999999));
#7529=DIRECTION('',(-0.866025403784439,-5.9951739031562E-16,-0.499999999999999));
#7530=DIRECTION('center_axis',(0.612372435695797,-0.707106781186545,0.353553390593273));
#7531=DIRECTION('ref_axis',(0.612372435695792,0.70710678118655,0.353553390593274));
#7532=DIRECTION('center_axis',(6.40724032159385E-18,-1.,3.69922192443483E-18));
#7533=DIRECTION('ref_axis',(0.965925826289069,0.,-0.258819045102518));
#7534=DIRECTION('',(6.40724032159385E-18,-1.,3.69922192443483E-18));
#7535=DIRECTION('',(-6.40724032159385E-18,1.,-3.69922192443483E-18));
#7536=DIRECTION('center_axis',(-0.612372435695794,-0.707106781186549,-0.353553390593272));
#7537=DIRECTION('ref_axis',(0.612372435695796,-0.707106781186546,0.353553390593273));
#7538=DIRECTION('center_axis',(-0.866025403784439,-3.25431081111284E-16,
-0.5));
#7539=DIRECTION('ref_axis',(0.353553390593273,-0.707106781186547,-0.612372435695796));
#7540=DIRECTION('',(0.866025403784439,3.25431081111284E-16,0.499999999999999));
#7541=DIRECTION('',(-0.866025403784439,-3.25431081111284E-16,-0.499999999999999));
#7542=DIRECTION('center_axis',(-2.81831583423407E-16,1.,-1.62715540555642E-16));
#7543=DIRECTION('ref_axis',(0.866025403784439,3.25431081111284E-16,0.5));
#7544=DIRECTION('',(0.499999999999999,0.,-0.866025403784439));
#7545=DIRECTION('',(0.499999999999999,0.,-0.866025403784439));
#7546=DIRECTION('center_axis',(0.866025403784439,7.39844384886967E-18,0.5));
#7547=DIRECTION('ref_axis',(-3.09760614432552E-17,-1.,6.84489999358328E-17));
#7548=DIRECTION('',(0.499999999999999,0.,-0.866025403784439));
#7549=DIRECTION('center_axis',(-0.5,0.,0.866025403784439));
#7550=DIRECTION('ref_axis',(0.866025403784439,0.,0.499999999999999));
#7551=DIRECTION('center_axis',(0.866025403784439,1.47795743055267E-16,0.5));
#7552=DIRECTION('ref_axis',(0.353553390593279,0.707106781186545,-0.612372435695794));
#7553=DIRECTION('',(0.866025403784439,1.47795743055267E-16,0.499999999999999));
#7554=DIRECTION('center_axis',(0.612372435695796,0.707106781186547,0.353553390593273));
#7555=DIRECTION('ref_axis',(-0.612372435695794,0.707106781186548,-0.353553390593273));
#7556=DIRECTION('',(-0.866025403784439,-1.47795743055267E-16,-0.499999999999999));
#7557=DIRECTION('center_axis',(0.612372435695796,-0.707106781186547,0.353553390593273));
#7558=DIRECTION('ref_axis',(0.612372435695793,0.707106781186549,0.353553390593274));
#7559=DIRECTION('center_axis',(6.40724032159385E-18,-1.,3.69922192443483E-18));
#7560=DIRECTION('ref_axis',(0.965925826289069,0.,-0.258819045102518));
#7561=DIRECTION('',(6.40724032159385E-18,-1.,3.69922192443483E-18));
#7562=DIRECTION('',(-6.40724032159385E-18,1.,-3.69922192443483E-18));
#7563=DIRECTION('center_axis',(-0.612372435695794,-0.707106781186549,-0.353553390593272));
#7564=DIRECTION('ref_axis',(0.612372435695796,-0.707106781186546,0.353553390593274));
#7565=DIRECTION('center_axis',(-0.866025403784439,-7.39844384886971E-18,
-0.5));
#7566=DIRECTION('ref_axis',(0.353553390593272,-0.70710678118655,-0.612372435695793));
#7567=DIRECTION('',(-0.866025403784439,-7.39844384886971E-18,-0.499999999999999));
#7568=DIRECTION('',(0.866025403784439,7.39844384886971E-18,0.499999999999999));
#7569=DIRECTION('center_axis',(-0.612372435695795,0.707106781186547,-0.353553390593273));
#7570=DIRECTION('ref_axis',(-0.612372435695794,-0.707106781186548,-0.353553390593274));
#7571=DIRECTION('center_axis',(-6.40724032159385E-18,1.,-3.69922192443483E-18));
#7572=DIRECTION('ref_axis',(-0.258819045102525,0.,-0.965925826289067));
#7573=DIRECTION('',(6.40724032159385E-18,-1.,3.69922192443483E-18));
#7574=DIRECTION('',(-6.40724032159385E-18,1.,-3.69922192443483E-18));
#7575=DIRECTION('center_axis',(0.866025403784439,7.39844384886967E-18,0.5));
#7576=DIRECTION('ref_axis',(-3.09760614432552E-17,-1.,6.84489999358328E-17));
#7577=DIRECTION('',(0.499999999999999,0.,-0.866025403784439));
#7578=DIRECTION('',(0.499999999999999,0.,-0.866025403784439));
#7579=DIRECTION('center_axis',(1.27994868057059E-16,-1.,7.38978715276335E-17));
#7580=DIRECTION('ref_axis',(-0.866025403784439,-1.47795743055267E-16,-0.5));
#7581=DIRECTION('',(0.866025403784439,1.75496624007997E-16,0.5));
#7582=DIRECTION('',(0.499999999999999,0.,-0.866025403784439));
#7583=DIRECTION('center_axis',(-0.5,0.,0.866025403784439));
#7584=DIRECTION('ref_axis',(0.866025403784439,0.,0.499999999999999));
#7585=DIRECTION('center_axis',(-1.,0.,0.));
#7586=DIRECTION('ref_axis',(0.,0.996194698091744,0.0871557427476706));
#7587=DIRECTION('center_axis',(1.,0.,0.));
#7588=DIRECTION('ref_axis',(0.,0.766044443118978,-0.642787609686539));
#7589=DIRECTION('',(1.,0.,0.));
#7590=DIRECTION('center_axis',(1.,0.,0.));
#7591=DIRECTION('ref_axis',(0.,0.996194698091744,0.0871557427476706));
#7592=DIRECTION('',(-1.,0.,0.));
#7593=DIRECTION('center_axis',(0.,-0.64278760968654,-0.766044443118978));
#7594=DIRECTION('ref_axis',(1.,0.,0.));
#7595=DIRECTION('center_axis',(-1.,0.,0.));
#7596=DIRECTION('ref_axis',(0.,-0.766044443118982,0.642787609686535));
#7597=DIRECTION('center_axis',(0.,-0.64278760968654,-0.766044443118978));
#7598=DIRECTION('ref_axis',(1.,-5.38784703126914E-16,4.73477466384258E-16));
#7599=DIRECTION('center_axis',(0.,0.64278760968654,0.766044443118978));
#7600=DIRECTION('ref_axis',(1.,-5.49313982375757E-16,4.60929160012021E-16));
#7601=DIRECTION('center_axis',(1.,0.,0.));
#7602=DIRECTION('ref_axis',(0.,-0.0871557427476457,0.996194698091747));
#7603=DIRECTION('center_axis',(0.707106781186548,0.,0.707106781186548));
#7604=DIRECTION('ref_axis',(-0.707106781186548,0.,0.707106781186547));
#7605=DIRECTION('',(-1.,0.,0.));
#7606=DIRECTION('',(1.,0.,0.));
#7607=DIRECTION('center_axis',(0.,0.766044443118978,-0.64278760968654));
#7608=DIRECTION('ref_axis',(0.,-0.64278760968654,-0.766044443118978));
#7609=DIRECTION('',(0.608120402411343,-0.510273605374737,-0.608120402411343));
#7610=DIRECTION('',(1.,0.,0.));
#7611=DIRECTION('',(0.,0.64278760968654,0.766044443118978));
#7612=DIRECTION('center_axis',(0.,0.642787609686539,0.766044443118978));
#7613=DIRECTION('ref_axis',(0.707106781186548,0.541675220419702,-0.454519477672043));
#7614=DIRECTION('center_axis',(0.,-0.64278760968654,-0.766044443118978));
#7615=DIRECTION('ref_axis',(0.707106781186548,-0.541675220419702,0.454519477672044));
#7616=DIRECTION('',(0.,-0.642787609686539,-0.766044443118978));
#7617=DIRECTION('center_axis',(0.,-0.766044443118978,0.642787609686539));
#7618=DIRECTION('ref_axis',(0.,-0.642787609686539,-0.766044443118978));
#7619=DIRECTION('',(1.,0.,0.));
#7620=DIRECTION('',(0.,0.642787609686539,0.766044443118978));
#7621=DIRECTION('center_axis',(-0.353553390593274,0.707106781186548,0.612372435695794));
#7622=DIRECTION('ref_axis',(0.866025403784439,0.,0.5));
#7623=DIRECTION('',(-0.866025403784439,-3.25431081111284E-16,-0.5));
#7624=DIRECTION('',(-0.353553390593273,-0.707106781186547,0.612372435695795));
#7625=DIRECTION('center_axis',(0.377964473009227,-0.654653670707978,-0.654653670707977));
#7626=DIRECTION('ref_axis',(-0.327326835353989,-0.755928946018454,0.566946709513841));
#7627=DIRECTION('',(0.17263264124476,0.744540072062512,-0.644870570168935));
#7628=DIRECTION('',(-0.866025403784439,0.,-0.5));
#7629=DIRECTION('',(0.,-0.707106781186548,0.707106781186547));
#7630=DIRECTION('center_axis',(0.,1.,0.));
#7631=DIRECTION('ref_axis',(-1.,0.,1.75258477018666E-34));
#7632=DIRECTION('center_axis',(0.,-1.,0.));
#7633=DIRECTION('ref_axis',(-1.,0.,1.75258477018666E-34));
#7634=DIRECTION('',(0.,1.,0.));
#7635=DIRECTION('center_axis',(0.,1.,0.));
#7636=DIRECTION('ref_axis',(-1.,0.,1.75258477018666E-34));
#7637=DIRECTION('center_axis',(0.,1.,0.));
#7638=DIRECTION('ref_axis',(-1.,0.,1.75258477018666E-34));
#7639=DIRECTION('center_axis',(0.,-1.,0.));
#7640=DIRECTION('ref_axis',(-1.,0.,1.75258477018666E-34));
#7641=DIRECTION('center_axis',(0.,-0.5,-0.866025403784439));
#7642=DIRECTION('ref_axis',(-8.76292385093332E-35,0.866025403784439,-0.5));
#7643=DIRECTION('center_axis',(0.,1.,0.));
#7644=DIRECTION('ref_axis',(-1.,0.,1.75258477018666E-34));
#7645=DIRECTION('center_axis',(-1.,0.,4.10107615753977E-16));
#7646=DIRECTION('ref_axis',(4.10107615753977E-16,1.56280214335368E-17,1.));
#7647=DIRECTION('',(3.71683725680864E-16,-0.422618261740699,0.90630778703665));
#7648=DIRECTION('',(4.10107615753977E-16,1.56280214335368E-17,1.));
#7649=DIRECTION('',(0.,1.,0.));
#7650=DIRECTION('',(4.10107615753977E-16,1.56280214335368E-17,1.));
#7651=DIRECTION('center_axis',(0.707106781186548,0.,0.707106781186547));
#7652=DIRECTION('ref_axis',(0.707106781186547,-1.10506799321826E-17,-0.707106781186548));
#7653=DIRECTION('',(0.707106781186547,-1.10506799321826E-17,-0.707106781186548));
#7654=DIRECTION('',(0.707106781186547,-1.10506799321826E-17,-0.707106781186548));
#7655=DIRECTION('',(0.,1.,0.));
#7656=DIRECTION('center_axis',(1.,0.,-1.75258477018666E-34));
#7657=DIRECTION('ref_axis',(-1.75258477018666E-34,-1.56280214335368E-17,
-1.));
#7658=DIRECTION('',(-1.75258477018666E-34,-1.56280214335368E-17,-1.));
#7659=DIRECTION('',(-1.75258477018666E-34,-1.56280214335368E-17,-1.));
#7660=DIRECTION('',(0.,1.,0.));
#7661=DIRECTION('center_axis',(-6.93889390390723E-16,0.,-1.));
#7662=DIRECTION('ref_axis',(-1.,1.084411826553E-32,6.93889390390723E-16));
#7663=DIRECTION('',(-1.,1.084411826553E-32,6.93889390390723E-16));
#7664=DIRECTION('',(-1.,1.084411826553E-32,6.93889390390723E-16));
#7665=DIRECTION('center_axis',(-1.75258477018666E-34,0.,-1.));
#7666=DIRECTION('ref_axis',(-1.,0.,1.75258477018666E-34));
#7667=DIRECTION('',(-1.,-8.17243699903859E-35,1.75258477018666E-34));
#7668=DIRECTION('',(-1.,0.,1.75258477018666E-34));
#7669=DIRECTION('center_axis',(0.,0.64278760968654,0.766044443118978));
#7670=DIRECTION('ref_axis',(-1.,0.,0.));
#7671=DIRECTION('center_axis',(0.,0.64278760968654,0.766044443118978));
#7672=DIRECTION('ref_axis',(-1.,0.,0.));
#7673=DIRECTION('',(-0.707106781186547,-0.454519477672044,-0.541675220419702));
#7674=DIRECTION('center_axis',(0.,-0.64278760968654,-0.766044443118978));
#7675=DIRECTION('ref_axis',(-1.,0.,0.));
#7676=DIRECTION('center_axis',(0.,-0.64278760968654,-0.766044443118978));
#7677=DIRECTION('ref_axis',(-1.,0.,0.));
#7678=DIRECTION('',(0.,-0.64278760968654,-0.766044443118978));
#7679=DIRECTION('center_axis',(0.,-0.64278760968654,-0.766044443118978));
#7680=DIRECTION('ref_axis',(-1.,0.,0.));
#7681=DIRECTION('center_axis',(0.,0.64278760968654,0.766044443118978));
#7682=DIRECTION('ref_axis',(0.,0.766044443118978,-0.64278760968654));
#7683=DIRECTION('',(0.,0.766044443118978,-0.64278760968654));
#7684=DIRECTION('center_axis',(0.,-0.64278760968654,-0.766044443118978));
#7685=DIRECTION('ref_axis',(0.,-0.766044443118978,0.64278760968654));
#7686=DIRECTION('',(0.,-0.766044443118978,0.64278760968654));
#7687=DIRECTION('',(-0.540716203060937,-0.644400477571772,0.540716203060937));
#7688=DIRECTION('center_axis',(-1.,0.,0.));
#7689=DIRECTION('ref_axis',(0.,0.,1.));
#7690=DIRECTION('',(0.,0.707106781186548,-0.707106781186547));
#7691=DIRECTION('',(0.,0.,1.));
#7692=DIRECTION('',(0.,0.766044443118978,-0.642787609686539));
#7693=DIRECTION('',(0.,-1.,0.));
#7694=DIRECTION('',(0.,2.45067620992052E-16,-1.));
#7695=DIRECTION('',(0.,-1.,0.));
#7696=DIRECTION('',(0.,1.19504288762369E-15,-1.));
#7697=DIRECTION('',(0.,1.,0.));
#7698=DIRECTION('center_axis',(1.,0.,0.));
#7699=DIRECTION('ref_axis',(0.,0.,-1.));
#7700=DIRECTION('',(2.22044604925031E-16,0.,-1.));
#7701=DIRECTION('',(0.,-0.447213595499958,0.894427190999916));
#7702=DIRECTION('',(0.,-2.45067620992052E-16,1.));
#7703=DIRECTION('',(0.,1.,0.));
#7704=DIRECTION('',(0.,0.707106781186548,-0.707106781186547));
#7705=DIRECTION('',(0.,0.,-1.));
#7706=DIRECTION('',(0.,0.707106781186548,-0.707106781186547));
#7707=DIRECTION('',(0.,-1.53134210293125E-16,-1.));
#7708=DIRECTION('center_axis',(-1.,0.,0.));
#7709=DIRECTION('ref_axis',(0.,1.,0.));
#7710=DIRECTION('',(0.,1.,0.));
#7711=DIRECTION('',(0.,-1.56280214335368E-17,-1.));
#7712=DIRECTION('',(0.,-1.,0.));
#7713=DIRECTION('',(0.,-0.4226182617407,0.90630778703665));
#7714=DIRECTION('',(0.,0.5,0.866025403784439));
#7715=DIRECTION('center_axis',(-1.,0.,6.8677238799413E-16));
#7716=DIRECTION('ref_axis',(-6.8677238799413E-16,0.,-1.));
#7717=DIRECTION('',(6.8677238799413E-16,0.,1.));
#7718=DIRECTION('',(0.,-1.,0.));
#7719=DIRECTION('',(6.8677238799413E-16,0.,1.));
#7720=DIRECTION('',(0.,1.,0.));
#7721=DIRECTION('center_axis',(-0.500000000000001,0.,-0.866025403784438));
#7722=DIRECTION('ref_axis',(0.866025403784438,0.,-0.500000000000001));
#7723=DIRECTION('',(-0.866025403784438,0.,0.500000000000001));
#7724=DIRECTION('',(-0.774596669241483,-0.447213595499959,0.447213595499958));
#7725=DIRECTION('',(0.,-1.,0.));
#7726=DIRECTION('',(-0.866025403784438,0.,0.500000000000001));
#7727=DIRECTION('center_axis',(0.5,0.,-0.866025403784439));
#7728=DIRECTION('ref_axis',(0.866025403784439,0.,0.499999999999999));
#7729=DIRECTION('',(-0.774596669241484,0.447213595499958,-0.447213595499958));
#7730=DIRECTION('',(-0.866025403784439,0.,-0.499999999999999));
#7731=DIRECTION('',(0.,-1.,0.));
#7732=DIRECTION('',(-0.866025403784439,0.,-0.499999999999999));
#7733=DIRECTION('center_axis',(0.,1.,0.));
#7734=DIRECTION('ref_axis',(0.,0.,-1.));
#7735=DIRECTION('',(0.866025403784439,0.,0.5));
#7736=DIRECTION('',(0.,0.,-1.));
#7737=DIRECTION('',(0.866025403784439,0.,-0.5));
#7738=DIRECTION('center_axis',(0.,1.,0.));
#7739=DIRECTION('ref_axis',(-1.,0.,0.));
#7740=DIRECTION('center_axis',(1.,0.,0.));
#7741=DIRECTION('ref_axis',(0.,0.,1.));
#7742=DIRECTION('',(0.,0.,-1.));
#7743=DIRECTION('',(0.,-1.,0.));
#7744=DIRECTION('center_axis',(0.5,0.,0.866025403784439));
#7745=DIRECTION('ref_axis',(-0.866025403784439,0.,0.5));
#7746=DIRECTION('',(0.866025403784439,0.,-0.5));
#7747=DIRECTION('',(0.,-1.,0.));
#7748=DIRECTION('center_axis',(-0.5,0.,0.866025403784439));
#7749=DIRECTION('ref_axis',(-0.866025403784439,0.,-0.5));
#7750=DIRECTION('',(0.866025403784439,0.,0.5));
#7751=DIRECTION('center_axis',(0.,0.707106781186547,0.707106781186548));
#7752=DIRECTION('ref_axis',(0.,-0.707106781186548,0.707106781186547));
#7753=DIRECTION('',(-1.,0.,0.));
#7754=DIRECTION('',(0.,-0.707106781186548,0.707106781186547));
#7755=DIRECTION('',(1.,0.,0.));
#7756=DIRECTION('',(-1.,0.,0.));
#7757=DIRECTION('center_axis',(1.,0.,0.));
#7758=DIRECTION('ref_axis',(0.,0.,-1.));
#7759=DIRECTION('',(0.,1.,0.));
#7760=DIRECTION('',(0.,0.832050294337844,-0.554700196225229));
#7761=DIRECTION('center_axis',(0.,1.,0.));
#7762=DIRECTION('ref_axis',(1.,0.,0.));
#7763=DIRECTION('center_axis',(0.,-1.,-2.45067620992052E-16));
#7764=DIRECTION('ref_axis',(1.,0.,0.));
#7765=DIRECTION('',(0.707106781186547,-0.707106781186548,8.65956056235493E-17));
#7766=DIRECTION('center_axis',(0.,1.,2.45067620992052E-16));
#7767=DIRECTION('ref_axis',(1.,0.,0.));
#7768=DIRECTION('center_axis',(0.,1.,2.45067620992052E-16));
#7769=DIRECTION('ref_axis',(1.,0.,0.));
#7770=DIRECTION('center_axis',(0.,-1.,-2.45067620992052E-16));
#7771=DIRECTION('ref_axis',(-1.,0.,0.));
#7772=DIRECTION('',(0.,-1.,-2.45067620992052E-16));
#7773=DIRECTION('center_axis',(0.,-1.,-2.45067620992052E-16));
#7774=DIRECTION('ref_axis',(0.,-2.45067620992052E-16,1.));
#7775=DIRECTION('',(0.,-2.45067620992052E-16,1.));
#7776=DIRECTION('center_axis',(0.,1.,2.45067620992052E-16));
#7777=DIRECTION('ref_axis',(0.,-2.45067620992052E-16,1.));
#7778=DIRECTION('',(1.,-1.71388797112118E-31,6.99353086378051E-16));
#7779=DIRECTION('',(-1.,0.,0.));
#7780=DIRECTION('',(0.,2.45067620992052E-16,-1.));
#7781=DIRECTION('',(1.,0.,0.));
#7782=DIRECTION('center_axis',(6.99353086378051E-16,0.,-1.));
#7783=DIRECTION('ref_axis',(1.,-1.71388797112118E-31,6.99353086378051E-16));
#7784=DIRECTION('',(1.,-1.71388797112118E-31,6.99353086378051E-16));
#7785=DIRECTION('',(0.,-1.,0.));
#7786=DIRECTION('center_axis',(0.,1.,0.));
#7787=DIRECTION('ref_axis',(0.,0.,1.));
#7788=DIRECTION('center_axis',(0.,1.,2.45067620992052E-16));
#7789=DIRECTION('ref_axis',(0.,0.,1.));
#7790=DIRECTION('',(0.,-1.,0.));
#7791=DIRECTION('center_axis',(1.,0.,0.));
#7792=DIRECTION('ref_axis',(0.,-2.45067620992052E-16,1.));
#7793=DIRECTION('',(0.,-2.45067620992052E-16,1.));
#7794=DIRECTION('',(0.,1.,0.));
#7795=DIRECTION('center_axis',(-0.707106781186548,0.,-0.707106781186548));
#7796=DIRECTION('ref_axis',(-0.707106781186548,0.,0.707106781186548));
#7797=DIRECTION('',(0.707106781186548,1.73288976652735E-16,-0.707106781186548));
#7798=DIRECTION('',(-0.36278404373897,-0.858356263574048,0.36278404373897));
#7799=DIRECTION('center_axis',(-0.433012701892219,0.5,0.75));
#7800=DIRECTION('ref_axis',(0.25,0.866025403784439,-0.43301270189222));
#7801=DIRECTION('',(-0.866025403784439,0.,-0.5));
#7802=DIRECTION('',(2.40370335797945E-17,-0.832050294337844,0.554700196225229));
#7803=DIRECTION('',(-0.866025403784439,1.48029736616688E-16,-0.5));
#7804=DIRECTION('',(-0.132788176096109,-0.858356263574049,0.495572219835078));
#7805=DIRECTION('center_axis',(0.,0.642787609686539,0.766044443118978));
#7806=DIRECTION('ref_axis',(1.,0.,0.));
#7807=DIRECTION('',(-1.,0.,0.));
#7808=DIRECTION('',(0.,-0.766044443118978,0.642787609686539));
#7809=DIRECTION('',(-1.,0.,0.));
#7810=DIRECTION('center_axis',(0.,1.,0.));
#7811=DIRECTION('ref_axis',(0.,0.,1.));
#7812=DIRECTION('',(-1.,0.,0.));
#7813=DIRECTION('',(0.,0.,-1.));
#7814=DIRECTION('center_axis',(1.,0.,0.));
#7815=DIRECTION('ref_axis',(0.,0.,-1.));
#7816=DIRECTION('',(0.,0.707106781186548,-0.707106781186547));
#7817=DIRECTION('',(0.,1.,0.));
#7818=DIRECTION('center_axis',(0.,0.,1.));
#7819=DIRECTION('ref_axis',(0.,-1.,0.));
#7820=DIRECTION('',(1.,0.,0.));
#7821=DIRECTION('',(0.,1.,0.));
#7822=DIRECTION('center_axis',(0.,0.707106781186547,0.707106781186548));
#7823=DIRECTION('ref_axis',(0.,-0.707106781186548,0.707106781186547));
#7824=DIRECTION('',(1.,0.,0.));
#7825=DIRECTION('',(0.,-0.707106781186548,0.707106781186547));
#7826=DIRECTION('center_axis',(1.,0.,0.));
#7827=DIRECTION('ref_axis',(0.,0.,-1.));
#7828=DIRECTION('center_axis',(0.,-1.,-2.45067620992052E-16));
#7829=DIRECTION('ref_axis',(-1.,0.,0.));
#7830=DIRECTION('center_axis',(0.,1.,2.45067620992052E-16));
#7831=DIRECTION('ref_axis',(-1.,0.,0.));
#7832=DIRECTION('',(0.,-1.,-2.45067620992052E-16));
#7833=DIRECTION('center_axis',(2.92163953848725E-16,-1.,0.));
#7834=DIRECTION('ref_axis',(-1.,0.,0.));
#7835=DIRECTION('center_axis',(0.,-1.,-2.45067620992052E-16));
#7836=DIRECTION('ref_axis',(-1.,0.,0.));
#7837=DIRECTION('center_axis',(-2.92163953848725E-16,1.,0.));
#7838=DIRECTION('ref_axis',(-1.,0.,0.));
#7839=DIRECTION('',(0.,-1.,-2.45067620992052E-16));
#7840=DIRECTION('center_axis',(0.,-0.707106781186547,-0.707106781186548));
#7841=DIRECTION('ref_axis',(0.,0.707106781186548,-0.707106781186547));
#7842=DIRECTION('center_axis',(0.,-1.,-2.96059473233375E-16));
#7843=DIRECTION('ref_axis',(-1.,0.,0.));
#7844=DIRECTION('center_axis',(0.,-0.707106781186547,-0.707106781186548));
#7845=DIRECTION('ref_axis',(0.,0.707106781186548,-0.707106781186547));
#7846=DIRECTION('center_axis',(0.,1.,2.96059473233375E-16));
#7847=DIRECTION('ref_axis',(0.,2.96059473233375E-16,-1.));
#7848=DIRECTION('',(1.,0.,0.));
#7849=DIRECTION('',(0.,-2.96059473233375E-16,1.));
#7850=DIRECTION('center_axis',(0.,1.,2.96059473233375E-16));
#7851=DIRECTION('ref_axis',(5.15079290995597E-16,-2.96059473233375E-16,
1.));
#7852=DIRECTION('',(-1.,0.,0.));
#7853=DIRECTION('center_axis',(0.,1.,2.96059473233375E-16));
#7854=DIRECTION('ref_axis',(-8.24786959303582E-17,-2.96059473233375E-16,
1.));
#7855=DIRECTION('',(0.,2.96059473233375E-16,-1.));
#7856=DIRECTION('',(1.,0.,0.));
#7857=DIRECTION('center_axis',(-1.,0.,0.));
#7858=DIRECTION('ref_axis',(0.,-0.923879532511289,-0.382683432365085));
#7859=DIRECTION('center_axis',(1.,0.,0.));
#7860=DIRECTION('ref_axis',(0.,-0.707106781186548,-0.707106781186548));
#7861=DIRECTION('',(-1.,0.,0.));
#7862=DIRECTION('center_axis',(-2.92163953848725E-16,1.,0.));
#7863=DIRECTION('ref_axis',(-1.,-2.92163953848725E-16,-8.64979062742337E-32));
#7864=DIRECTION('',(-1.,-2.92163953848725E-16,2.92163953848725E-16));
#7865=DIRECTION('',(0.,0.,1.));
#7866=DIRECTION('',(-1.,-2.92163953848725E-16,-8.64979062742337E-32));
#7867=DIRECTION('',(0.,0.,1.));
#7868=DIRECTION('center_axis',(1.,2.22044604925031E-16,0.));
#7869=DIRECTION('ref_axis',(-2.22044604925031E-16,1.,2.96059473233375E-16));
#7870=DIRECTION('',(-1.57009245868378E-16,0.707106781186548,-0.707106781186547));
#7871=DIRECTION('',(0.,1.,2.96059473233375E-16));
#7872=DIRECTION('',(0.,0.,1.));
#7873=DIRECTION('',(-2.22044604925031E-16,1.,2.96059473233375E-16));
#7874=DIRECTION('center_axis',(-1.,-4.44089209850063E-16,0.));
#7875=DIRECTION('ref_axis',(4.44089209850063E-16,-1.,-2.96059473233375E-16));
#7876=DIRECTION('',(3.14018491736755E-16,-0.707106781186548,0.707106781186547));
#7877=DIRECTION('',(4.44089209850063E-16,-1.,-2.96059473233375E-16));
#7878=DIRECTION('',(0.,0.,1.));
#7879=DIRECTION('',(0.,-1.,-2.96059473233375E-16));
#7880=DIRECTION('center_axis',(2.92163953848725E-16,-1.,0.));
#7881=DIRECTION('ref_axis',(1.,2.92163953848725E-16,8.64979062742337E-32));
#7882=DIRECTION('center_axis',(2.92163953848725E-16,-1.,0.));
#7883=DIRECTION('ref_axis',(0.707106781186547,0.,-0.707106781186547));
#7884=DIRECTION('',(1.,2.92163953848725E-16,8.64979062742337E-32));
#7885=DIRECTION('center_axis',(2.92163953848725E-16,-1.,0.));
#7886=DIRECTION('ref_axis',(-0.707106781186547,0.,-0.707106781186547));
#7887=DIRECTION('',(1.,2.92163953848725E-16,8.64979062742337E-32));
#7888=DIRECTION('center_axis',(0.,0.,-1.));
#7889=DIRECTION('ref_axis',(-1.,0.,0.));
#7890=DIRECTION('center_axis',(0.,0.707106781186547,0.707106781186548));
#7891=DIRECTION('ref_axis',(1.,0.,0.));
#7892=DIRECTION('',(0.,0.707106781186548,-0.707106781186547));
#7893=DIRECTION('center_axis',(0.,-0.707106781186547,-0.707106781186548));
#7894=DIRECTION('ref_axis',(1.78419597577702E-16,0.707106781186548,-0.707106781186547));
#7895=DIRECTION('center_axis',(0.,-0.707106781186547,-0.707106781186548));
#7896=DIRECTION('ref_axis',(0.,0.707106781186548,-0.707106781186547));
#7897=DIRECTION('',(0.,-0.707106781186548,0.707106781186547));
#7898=DIRECTION('',(-1.,0.,0.));
#7899=DIRECTION('center_axis',(0.,0.707106781186544,-0.707106781186551));
#7900=DIRECTION('ref_axis',(0.,-0.707106781186551,-0.707106781186544));
#7901=DIRECTION('center_axis',(0.,0.750713516922756,0.660627894892024));
#7902=DIRECTION('ref_axis',(0.,0.660627894892024,-0.750713516922756));
#7903=DIRECTION('center_axis',(0.,1.,2.96059473233375E-16));
#7904=DIRECTION('ref_axis',(-0.707106781186547,0.,-0.707106781186547));
#7905=DIRECTION('',(0.,-1.,-2.96059473233375E-16));
#7906=DIRECTION('center_axis',(0.,1.,2.45067620992052E-16));
#7907=DIRECTION('ref_axis',(-0.707106781186547,0.,-0.707106781186547));
#7908=DIRECTION('',(0.,1.,2.96059473233375E-16));
#7909=DIRECTION('center_axis',(0.,0.750713516922756,0.660627894892024));
#7910=DIRECTION('ref_axis',(0.,0.660627894892024,-0.750713516922756));
#7911=DIRECTION('center_axis',(0.,0.707106781186544,-0.707106781186551));
#7912=DIRECTION('ref_axis',(1.,0.,0.));
#7913=DIRECTION('center_axis',(0.,0.,1.));
#7914=DIRECTION('ref_axis',(-1.,0.,0.));
#7915=DIRECTION('center_axis',(3.66354907026211E-14,0.707106781186544,-0.707106781186551));
#7916=DIRECTION('ref_axis',(0.,-0.707106781186551,-0.707106781186544));
#7917=DIRECTION('center_axis',(0.,-7.40148683083454E-15,1.));
#7918=DIRECTION('ref_axis',(1.,0.,0.));
#7919=DIRECTION('center_axis',(-1.,0.,0.));
#7920=DIRECTION('ref_axis',(0.,-1.,0.));
#7921=DIRECTION('center_axis',(0.,0.,1.));
#7922=DIRECTION('ref_axis',(-1.,0.,0.));
#7923=DIRECTION('center_axis',(0.,0.70710678118654,-0.707106781186555));
#7924=DIRECTION('ref_axis',(-1.,0.,0.));
#7925=DIRECTION('center_axis',(-1.11022302462515E-14,0.,1.));
#7926=DIRECTION('ref_axis',(0.,-1.,0.));
#7927=DIRECTION('center_axis',(0.,2.96059473233375E-16,-1.));
#7928=DIRECTION('ref_axis',(-0.707106781186527,-0.707106781186568,0.));
#7929=DIRECTION('center_axis',(3.70074341541716E-15,0.,1.));
#7930=DIRECTION('ref_axis',(-1.,0.,3.70074341541716E-15));
#7931=DIRECTION('',(0.,-2.96059473233375E-16,1.));
#7932=DIRECTION('center_axis',(2.36861355285654E-17,-0.998576599285539,
-0.0533364355701471));
#7933=DIRECTION('ref_axis',(0.,-0.0533364355701471,0.998576599285539));
#7934=DIRECTION('center_axis',(-1.,0.,0.));
#7935=DIRECTION('ref_axis',(0.,-0.923879532511289,-0.382683432365085));
#7936=DIRECTION('center_axis',(0.,0.707106781186548,-0.707106781186547));
#7937=DIRECTION('ref_axis',(-0.707106781186535,-0.500000000000009,-0.500000000000009));
#7938=DIRECTION('',(0.,-0.707106781186548,0.707106781186547));
#7939=DIRECTION('center_axis',(0.,-2.96059473233375E-16,1.));
#7940=DIRECTION('ref_axis',(0.707106781186547,-0.707106781186547,0.));
#7941=DIRECTION('center_axis',(0.,0.,1.));
#7942=DIRECTION('ref_axis',(0.,-1.,0.));
#7943=DIRECTION('',(0.,2.96059473233375E-16,-1.));
#7944=DIRECTION('center_axis',(-3.07656175545794E-17,-0.998729919284268,
-0.0503840086380461));
#7945=DIRECTION('ref_axis',(0.,-0.0503840086380461,0.998729919284268));
#7946=DIRECTION('center_axis',(0.,-0.707106781186548,0.707106781186547));
#7947=DIRECTION('ref_axis',(0.707106781186535,-0.500000000000009,-0.500000000000009));
#7948=DIRECTION('',(0.,0.707106781186548,-0.707106781186547));
#7949=DIRECTION('center_axis',(0.,1.,2.96059473233375E-16));
#7950=DIRECTION('ref_axis',(0.707106781186547,0.,-0.707106781186547));
#7951=DIRECTION('',(0.,-1.,-2.96059473233375E-16));
#7952=DIRECTION('center_axis',(0.,1.,2.45067620992052E-16));
#7953=DIRECTION('ref_axis',(0.707106781186547,0.,-0.707106781186547));
#7954=DIRECTION('',(0.,1.,2.96059473233375E-16));
#7955=DIRECTION('center_axis',(0.,-0.832050294337843,0.554700196225229));
#7956=DIRECTION('ref_axis',(0.53244121652431,0.469535400794024,0.704303101191034));
#7957=DIRECTION('center_axis',(0.,-1.,-2.45067620992052E-16));
#7958=DIRECTION('ref_axis',(1.84752278884002E-16,-2.30163999944915E-16,
1.));
#7959=DIRECTION('',(0.,0.832050294337844,-0.554700196225229));
#7960=DIRECTION('center_axis',(1.,0.,0.));
#7961=DIRECTION('ref_axis',(0.,-2.45067620992052E-16,1.));
#7962=DIRECTION('',(0.,2.45067620992052E-16,-1.));
#7963=DIRECTION('center_axis',(0.,-2.96059473233375E-16,1.));
#7964=DIRECTION('ref_axis',(-1.,0.,0.));
#7965=DIRECTION('',(1.,0.,0.));
#7966=DIRECTION('center_axis',(0.,0.866025403784439,-0.5));
#7967=DIRECTION('ref_axis',(-0.707106781186547,0.353553390593274,0.612372435695795));
#7968=DIRECTION('',(0.,-0.866025403784439,0.5));
#7969=DIRECTION('center_axis',(0.,-1.,-2.45067620992052E-16));
#7970=DIRECTION('ref_axis',(-3.36518470117124E-16,-2.71947991102104E-16,
1.));
#7971=DIRECTION('',(0.,0.866025403784439,-0.5));
#7972=DIRECTION('center_axis',(-1.,0.,0.));
#7973=DIRECTION('ref_axis',(0.,2.45067620992052E-16,-1.));
#7974=DIRECTION('',(0.,-2.45067620992052E-16,1.));
#7975=DIRECTION('center_axis',(-0.5,7.47666035296982E-17,0.866025403784439));
#7976=DIRECTION('ref_axis',(0.866025403784439,0.,0.5));
#7977=DIRECTION('center_axis',(0.5,-7.47666035296982E-17,-0.866025403784439));
#7978=DIRECTION('ref_axis',(0.866025403784439,7.39844384886971E-18,0.5));
#7979=DIRECTION('center_axis',(-0.5,0.,0.866025403784439));
#7980=DIRECTION('ref_axis',(-0.866025403784439,-7.39844384886971E-18,-0.5));
#7981=DIRECTION('',(-0.5,0.,0.866025403784439));
#7982=DIRECTION('center_axis',(-0.5,0.,0.866025403784439));
#7983=DIRECTION('ref_axis',(-0.866025403784439,-2.99355823288457E-15,-0.5));
#7984=DIRECTION('',(0.499999999999999,0.,-0.866025403784439));
#7985=DIRECTION('center_axis',(-2.81831583423407E-16,1.,-1.62715540555642E-16));
#7986=DIRECTION('ref_axis',(0.866025403784439,3.25431081111284E-16,0.5));
#7987=DIRECTION('',(0.499999999999999,0.,-0.866025403784439));
#7988=DIRECTION('center_axis',(0.866025403784439,5.00830899237828E-16,0.5));
#7989=DIRECTION('ref_axis',(3.96348979975314E-16,-1.,3.15165227630312E-16));
#7990=DIRECTION('center_axis',(-6.40724032159389E-18,1.,-3.69922192443485E-18));
#7991=DIRECTION('ref_axis',(0.866025403784439,7.39844384886971E-18,0.5));
#7992=DIRECTION('',(0.499999999999999,0.,-0.866025403784439));
#7993=DIRECTION('center_axis',(-0.866025403784439,-7.39844384886967E-18,
-0.5));
#7994=DIRECTION('ref_axis',(3.09760614432552E-17,1.,-6.84489999358328E-17));
#7995=DIRECTION('center_axis',(5.19197290023878E-16,-1.,2.9975869515781E-16));
#7996=DIRECTION('ref_axis',(-0.866025403784439,-5.9951739031562E-16,-0.5));
#7997=DIRECTION('',(0.499999999999999,0.,-0.866025403784439));
#7998=DIRECTION('center_axis',(-0.866025403784439,-7.39844384886967E-18,
-0.5));
#7999=DIRECTION('ref_axis',(3.09760614432552E-17,1.,-6.84489999358328E-17));
#8000=DIRECTION('center_axis',(2.04351294521544E-17,1.,-5.0191570168118E-17));
#8001=DIRECTION('ref_axis',(-0.866025403784439,-7.39844384886971E-18,-0.5));
#8002=DIRECTION('',(-0.5,5.36847395474966E-17,0.866025403784439));
#8003=DIRECTION('center_axis',(-0.866025403784439,-1.01669210259901E-15,
-0.5));
#8004=DIRECTION('ref_axis',(8.4309788691291E-16,-1.,5.73095829310904E-16));
#8005=DIRECTION('center_axis',(-0.433012701892219,0.5,0.75));
#8006=DIRECTION('ref_axis',(0.25,0.866025403784439,-0.43301270189222));
#8007=DIRECTION('',(-0.132788176096109,-0.858356263574049,0.495572219835078));
#8008=DIRECTION('',(-0.866025403784439,0.,-0.5));
#8009=DIRECTION('center_axis',(0.,-0.90630778703665,-0.422618261740699));
#8010=DIRECTION('ref_axis',(-1.,0.,0.));
#8011=DIRECTION('center_axis',(0.,-0.90630778703665,-0.422618261740699));
#8012=DIRECTION('ref_axis',(-1.,0.,0.));
#8013=DIRECTION('',(-0.707106781186548,0.640856382055789,0.29883623873012));
#8014=DIRECTION('center_axis',(0.,0.90630778703665,0.422618261740699));
#8015=DIRECTION('ref_axis',(-1.,0.,0.));
#8016=DIRECTION('center_axis',(0.,0.90630778703665,0.422618261740699));
#8017=DIRECTION('ref_axis',(-1.,0.,0.));
#8018=DIRECTION('',(0.,0.90630778703665,0.422618261740699));
#8019=DIRECTION('center_axis',(0.,0.90630778703665,0.4226182617407));
#8020=DIRECTION('ref_axis',(-1.,0.,0.));
#8021=DIRECTION('center_axis',(0.,-1.,0.));
#8022=DIRECTION('ref_axis',(0.,0.,1.));
#8023=DIRECTION('',(-0.866025403784439,0.,-0.5));
#8024=DIRECTION('center_axis',(0.25,-0.866025403784439,-0.433012701892219));
#8025=DIRECTION('ref_axis',(-0.433012701892219,-0.5,0.75));
#8026=DIRECTION('center_axis',(1.,0.,0.));
#8027=DIRECTION('ref_axis',(0.,0.,-1.));
#8028=DIRECTION('center_axis',(-1.,0.,0.));
#8029=DIRECTION('ref_axis',(0.,0.,-1.));
#8030=DIRECTION('',(1.,0.,0.));
#8031=DIRECTION('center_axis',(-1.,0.,0.));
#8032=DIRECTION('ref_axis',(0.,1.,0.));
#8033=DIRECTION('',(1.,0.,0.));
#8034=DIRECTION('center_axis',(-1.,0.,0.));
#8035=DIRECTION('ref_axis',(0.,1.,0.));
#8036=DIRECTION('',(1.,0.,0.));
#8037=DIRECTION('center_axis',(0.,0.,-1.));
#8038=DIRECTION('ref_axis',(0.,1.,0.));
#8039=DIRECTION('',(0.,1.,0.));
#8040=DIRECTION('',(-1.,0.,0.));
#8041=DIRECTION('center_axis',(1.,0.,0.));
#8042=DIRECTION('ref_axis',(0.,0.,-1.));
#8043=DIRECTION('',(0.,-1.,0.));
#8044=DIRECTION('center_axis',(-1.,0.,0.));
#8045=DIRECTION('ref_axis',(0.,1.,0.));
#8046=DIRECTION('',(0.,1.56280214335368E-17,1.));
#8047=DIRECTION('',(0.,-1.53134210293125E-16,-1.));
#8048=DIRECTION('center_axis',(0.,0.,1.));
#8049=DIRECTION('ref_axis',(0.,-1.,0.));
#8050=DIRECTION('',(1.,0.,0.));
#8051=DIRECTION('',(1.,0.,0.));
#8052=DIRECTION('center_axis',(0.,1.,0.));
#8053=DIRECTION('ref_axis',(0.5,0.,-0.866025403784439));
#8054=DIRECTION('',(-1.,0.,0.));
#8055=DIRECTION('center_axis',(-1.,0.,0.));
#8056=DIRECTION('ref_axis',(0.,1.,0.));
#8057=DIRECTION('',(1.,0.,0.));
#8058=DIRECTION('center_axis',(0.,1.,-1.53134210293125E-16));
#8059=DIRECTION('ref_axis',(0.,1.53134210293125E-16,1.));
#8060=DIRECTION('center_axis',(0.,0.,1.));
#8061=DIRECTION('ref_axis',(0.,-1.,0.));
#8062=DIRECTION('',(1.,0.,0.));
#8063=DIRECTION('center_axis',(-0.923879532511287,-0.38268343236509,0.));
#8064=DIRECTION('ref_axis',(0.,0.,1.));
#8065=DIRECTION('',(-0.357406744336593,0.862856209461017,-0.357406744336593));
#8066=DIRECTION('',(0.,0.,-1.));
#8067=DIRECTION('',(0.28108463771482,-0.678598344545847,0.678598344545847));
#8068=DIRECTION('',(0.,0.,1.));
#8069=DIRECTION('center_axis',(-0.707106781186548,-0.707106781186548,0.));
#8070=DIRECTION('ref_axis',(0.,0.,1.));
#8071=DIRECTION('',(-0.577350269189626,0.577350269189626,-0.577350269189626));
#8072=DIRECTION('',(0.540716203060937,-0.540716203060937,-0.644400477571771));
#8073=DIRECTION('',(-0.608120402411343,0.608120402411343,-0.510273605374737));
#8074=DIRECTION('',(0.,0.,1.));
#8075=DIRECTION('',(0.577350269189626,-0.577350269189626,0.577350269189625));
#8076=DIRECTION('center_axis',(2.2159642750453E-17,-0.866025403784438,-0.500000000000001));
#8077=DIRECTION('ref_axis',(-1.,0.,-4.4319285500906E-17));
#8078=DIRECTION('',(-1.,-3.838162712136E-17,2.2159642750453E-17));
#8079=DIRECTION('',(1.,3.838162712136E-17,-2.2159642750453E-17));
#8080=DIRECTION('',(0.226044624379459,-0.487058473848148,0.84361002296195));
#8081=DIRECTION('center_axis',(-0.249999999999999,-0.866025403784439,-0.433012701892219));
#8082=DIRECTION('ref_axis',(0.,0.447213595499957,-0.894427190999916));
#8083=DIRECTION('',(0.866025403784439,6.16297582203915E-33,-0.5));
#8084=DIRECTION('',(0.,0.447213595499957,-0.894427190999916));
#8085=DIRECTION('',(-0.866025403784439,-2.77555756156289E-17,0.5));
#8086=DIRECTION('center_axis',(1.,0.,0.));
#8087=DIRECTION('ref_axis',(0.,0.,-1.));
#8088=DIRECTION('',(0.,-6.64789282513591E-17,-1.));
#8089=DIRECTION('',(0.,-0.707106781186548,0.707106781186547));
#8090=DIRECTION('',(0.,1.53134210293125E-16,1.));
#8091=DIRECTION('',(0.,-1.,0.));
#8092=DIRECTION('center_axis',(-1.,0.,0.));
#8093=DIRECTION('ref_axis',(0.,1.,0.));
#8094=DIRECTION('',(0.,-1.56280214335368E-17,-1.));
#8095=DIRECTION('',(0.,1.,0.));
#8096=DIRECTION('',(1.75258477018666E-34,-1.56280214335368E-17,-1.));
#8097=DIRECTION('',(0.,-0.866025403784439,0.5));
#8098=DIRECTION('',(0.,0.,-1.));
#8099=DIRECTION('',(0.,0.832050294337844,-0.554700196225229));
#8100=DIRECTION('center_axis',(1.,0.,0.));
#8101=DIRECTION('ref_axis',(0.,0.,-1.));
#8102=DIRECTION('center_axis',(3.838162712136E-17,-1.,6.64789282513591E-17));
#8103=DIRECTION('ref_axis',(0.866025403784439,0.,-0.5));
#8104=DIRECTION('',(1.,3.838162712136E-17,-3.32435857981392E-17));
#8105=DIRECTION('',(0.866025403784439,0.,-0.5));
#8106=DIRECTION('center_axis',(0.866025403784439,-7.39844384886971E-18,
-0.5));
#8107=DIRECTION('ref_axis',(0.433012701892219,-0.5,0.75));
#8108=DIRECTION('',(-0.866025403784439,7.39844384886971E-18,0.5));
#8109=DIRECTION('center_axis',(0.435595740399153,0.612372435695795,-0.659739608441173));
#8110=DIRECTION('ref_axis',(-0.789149130992434,0.612372435695791,0.0473671727453768));
#8111=DIRECTION('center_axis',(0.866025403784439,-1.01669210259901E-15,
-0.5));
#8112=DIRECTION('ref_axis',(0.433012701892219,-0.5,0.75));
#8113=DIRECTION('',(0.866025403784439,-7.39844384886971E-18,-0.5));
#8114=DIRECTION('center_axis',(-0.866025403784439,7.39844384886971E-18,
0.5));
#8115=DIRECTION('ref_axis',(0.433012701892219,-0.5,0.75));
#8116=DIRECTION('center_axis',(-0.789149130992434,0.612372435695792,0.0473671727453773));
#8117=DIRECTION('ref_axis',(-0.435595740399155,-0.612372435695796,0.659739608441172));
#8118=DIRECTION('center_axis',(-0.249999999999999,0.866025403784438,-0.43301270189222));
#8119=DIRECTION('ref_axis',(0.918558653543692,0.353553390593272,0.176776695296636));
#8120=DIRECTION('',(-0.249999999999999,0.866025403784438,-0.43301270189222));
#8121=DIRECTION('',(0.25,-0.866025403784438,0.43301270189222));
#8122=DIRECTION('center_axis',(0.78914913099243,-0.612372435695796,-0.0473671727453767));
#8123=DIRECTION('ref_axis',(0.43559574039916,0.612372435695794,-0.65973960844117));
#8124=DIRECTION('center_axis',(-2.04351294521544E-17,1.,-5.0191570168118E-17));
#8125=DIRECTION('ref_axis',(0.499999999999998,4.24918736097038E-17,0.86602540378444));
#8126=DIRECTION('center_axis',(0.25,-0.866025403784438,0.43301270189222));
#8127=DIRECTION('ref_axis',(-0.306186217847896,0.353553390593273,0.883883476483185));
#8128=DIRECTION('',(-0.25,0.866025403784438,-0.43301270189222));
#8129=DIRECTION('',(0.25,-0.866025403784438,0.43301270189222));
#8130=DIRECTION('center_axis',(-2.04351294521544E-17,1.,-5.0191570168118E-17));
#8131=DIRECTION('ref_axis',(0.5,4.24918736097037E-17,0.866025403784439));
#8132=DIRECTION('center_axis',(0.435595740399157,0.612372435695796,-0.659739608441171));
#8133=DIRECTION('ref_axis',(-0.789149130992433,0.612372435695793,0.0473671727453766));
#8134=DIRECTION('center_axis',(-0.866025403784439,7.3984438488697E-18,0.5));
#8135=DIRECTION('ref_axis',(0.249999999999999,0.866025403784438,0.433012701892221));
#8136=DIRECTION('',(0.866025403784439,-7.3984438488697E-18,-0.5));
#8137=DIRECTION('',(-0.866025403784439,7.39844384886971E-18,0.5));
#8138=DIRECTION('center_axis',(0.866025403784439,-7.39844384886971E-18,
-0.5));
#8139=DIRECTION('ref_axis',(-3.09760614432552E-17,1.,-6.84489999358328E-17));
#8140=DIRECTION('',(0.5,5.36847395474966E-17,0.866025403784439));
#8141=DIRECTION('',(-3.09760614432552E-17,1.,-6.84489999358328E-17));
#8142=DIRECTION('',(0.5,5.36847395474966E-17,0.866025403784439));
#8143=DIRECTION('center_axis',(-2.04351294521544E-17,1.,-5.0191570168118E-17));
#8144=DIRECTION('ref_axis',(-0.866025403784439,7.39844384886971E-18,0.5));
#8145=DIRECTION('',(0.5,5.36847395474966E-17,0.866025403784439));
#8146=DIRECTION('',(-0.866025403784439,7.39844384886971E-18,0.5));
#8147=DIRECTION('center_axis',(0.433012701892219,0.500000000000001,0.75));
#8148=DIRECTION('ref_axis',(0.25,-0.866025403784438,0.43301270189222));
#8149=DIRECTION('',(0.866025403784439,0.,-0.5));
#8150=DIRECTION('',(0.,-0.832050294337843,0.55470019622523));
#8151=DIRECTION('',(0.866025403784439,1.22533810496026E-16,-0.5));
#8152=DIRECTION('center_axis',(0.,1.,0.));
#8153=DIRECTION('ref_axis',(0.44721359549995,0.,-0.89442719099992));
#8154=DIRECTION('center_axis',(0.,0.90630778703665,0.422618261740699));
#8155=DIRECTION('ref_axis',(6.28877357853226E-17,0.422618261740699,-0.90630778703665));
#8156=DIRECTION('',(0.,1.,0.));
#8157=DIRECTION('center_axis',(0.,1.,0.));
#8158=DIRECTION('ref_axis',(0.44721359549995,0.,-0.89442719099992));
#8159=DIRECTION('',(0.,-1.,0.));
#8160=DIRECTION('center_axis',(0.,0.90630778703665,0.422618261740699));
#8161=DIRECTION('ref_axis',(0.,-0.422618261740699,0.90630778703665));
#8162=DIRECTION('',(1.,0.,0.));
#8163=DIRECTION('',(1.,-1.28423069430751E-16,2.75404161147326E-16));
#8164=DIRECTION('',(0.562157794180734,-0.34951797935733,0.749543725574313));
#8165=DIRECTION('center_axis',(0.,-0.90630778703665,-0.422618261740699));
#8166=DIRECTION('ref_axis',(1.88663207355968E-16,-0.422618261740699,0.90630778703665));
#8167=DIRECTION('',(1.,-8.17243699903859E-35,1.75258477018666E-34));
#8168=DIRECTION('center_axis',(0.,-0.90630778703665,-0.422618261740699));
#8169=DIRECTION('ref_axis',(-1.88663207355968E-16,-0.422618261740699,0.90630778703665));
#8170=DIRECTION('',(0.562157794180734,0.34951797935733,-0.749543725574312));
#8171=DIRECTION('center_axis',(0.,0.90630778703665,0.422618261740699));
#8172=DIRECTION('ref_axis',(1.88663207355968E-16,0.422618261740699,-0.90630778703665));
#8173=DIRECTION('',(1.,-8.17243699903859E-35,1.75258477018666E-34));
#8174=DIRECTION('center_axis',(0.,0.90630778703665,0.422618261740699));
#8175=DIRECTION('ref_axis',(6.28877357853226E-17,0.422618261740699,-0.90630778703665));
#8176=DIRECTION('',(0.671542934237818,-0.313145613014973,0.671542934237818));
#8177=DIRECTION('center_axis',(0.,0.90630778703665,0.422618261740699));
#8178=DIRECTION('ref_axis',(6.28877357853226E-17,0.422618261740699,-0.90630778703665));
#8179=DIRECTION('',(-3.71683725680864E-16,-0.422618261740699,0.90630778703665));
#8180=DIRECTION('center_axis',(0.,0.90630778703665,0.422618261740699));
#8181=DIRECTION('ref_axis',(1.,0.,0.));
#8182=DIRECTION('center_axis',(0.,0.90630778703665,0.422618261740699));
#8183=DIRECTION('ref_axis',(1.,0.,0.));
#8184=DIRECTION('center_axis',(-0.800000000000001,0.,0.599999999999999));
#8185=DIRECTION('ref_axis',(0.599999999999999,1.25024171468294E-17,0.8));
#8186=DIRECTION('',(0.599999999999999,1.25024171468294E-17,0.8));
#8187=DIRECTION('',(0.,1.,0.));
#8188=DIRECTION('center_axis',(0.,1.,0.));
#8189=DIRECTION('ref_axis',(-0.447213595499958,0.,0.894427190999916));
#8190=DIRECTION('center_axis',(0.,-1.,0.));
#8191=DIRECTION('ref_axis',(-0.447213595499958,0.,0.894427190999916));
#8192=DIRECTION('',(0.,-1.,0.));
#8193=DIRECTION('center_axis',(0.,1.,0.));
#8194=DIRECTION('ref_axis',(0.447213595499958,0.,0.894427190999916));
#8195=DIRECTION('center_axis',(0.,-1.,0.));
#8196=DIRECTION('ref_axis',(0.447213595499958,0.,0.894427190999916));
#8197=DIRECTION('',(0.,-1.,0.));
#8198=DIRECTION('',(0.,1.,0.));
#8199=DIRECTION('center_axis',(-1.75258477018666E-34,0.,1.));
#8200=DIRECTION('ref_axis',(1.,0.,1.75258477018666E-34));
#8201=DIRECTION('',(1.,0.,1.75258477018666E-34));
#8202=DIRECTION('center_axis',(0.,1.,0.));
#8203=DIRECTION('ref_axis',(-0.447213595499958,0.,-0.894427190999916));
#8204=DIRECTION('',(0.,1.,0.));
#8205=DIRECTION('center_axis',(0.,1.,0.));
#8206=DIRECTION('ref_axis',(-0.447213595499958,0.,-0.894427190999916));
#8207=DIRECTION('',(0.,-1.,0.));
#8208=DIRECTION('center_axis',(0.8,0.,0.6));
#8209=DIRECTION('ref_axis',(0.6,-1.25024171468294E-17,-0.8));
#8210=DIRECTION('',(0.6,-1.25024171468294E-17,-0.8));
#8211=DIRECTION('center_axis',(0.,1.,0.));
#8212=DIRECTION('ref_axis',(0.923879532511287,0.,-0.382683432365088));
#8213=DIRECTION('',(0.,1.,0.));
#8214=DIRECTION('center_axis',(0.,1.,0.));
#8215=DIRECTION('ref_axis',(0.923879532511287,0.,-0.382683432365088));
#8216=DIRECTION('',(0.,-1.,0.));
#8217=DIRECTION('center_axis',(-0.707106781186548,0.,0.707106781186547));
#8218=DIRECTION('ref_axis',(0.707106781186547,1.10506799321826E-17,0.707106781186548));
#8219=DIRECTION('',(0.,-1.,0.));
#8220=DIRECTION('',(0.707106781186547,1.10506799321826E-17,0.707106781186548));
#8221=DIRECTION('center_axis',(0.,1.,0.));
#8222=DIRECTION('ref_axis',(0.38268343236509,0.,-0.923879532511287));
#8223=DIRECTION('',(0.,1.,0.));
#8224=DIRECTION('center_axis',(0.,1.,0.));
#8225=DIRECTION('ref_axis',(0.38268343236509,0.,-0.923879532511287));
#8226=DIRECTION('center_axis',(3.09760614432552E-17,-1.,6.84489999358328E-17));
#8227=DIRECTION('ref_axis',(0.965925826289069,0.,0.258819045102519));
#8228=DIRECTION('center_axis',(1.27994868057059E-16,1.,-7.38978715276335E-17));
#8229=DIRECTION('ref_axis',(0.965925826289069,0.,0.258819045102519));
#8230=DIRECTION('',(3.09760614432552E-17,-1.,6.84489999358328E-17));
#8231=DIRECTION('center_axis',(-0.353553390593274,-0.707106781186548,-0.612372435695794));
#8232=DIRECTION('ref_axis',(0.353553390593274,-0.707106781186547,0.612372435695795));
#8233=DIRECTION('center_axis',(-2.81831583423407E-16,-1.,1.62715540555642E-16));
#8234=DIRECTION('ref_axis',(0.965925826289069,0.,0.258819045102519));
#8235=DIRECTION('',(-3.09760614432552E-17,1.,-6.84489999358328E-17));
#8236=DIRECTION('center_axis',(-0.5,-7.47666035296982E-17,-0.866025403784439));
#8237=DIRECTION('ref_axis',(-0.866025403784439,0.,0.5));
#8238=DIRECTION('',(0.866025403784439,-3.25431081111284E-16,-0.5));
#8239=DIRECTION('',(3.96348979975314E-16,1.,-3.15165227630312E-16));
#8240=DIRECTION('center_axis',(0.5,7.47666035296982E-17,0.866025403784439));
#8241=DIRECTION('ref_axis',(-0.866025403784439,7.39844384886971E-18,0.5));
#8242=DIRECTION('',(3.96348979975314E-16,1.,-3.15165227630312E-16));
#8243=DIRECTION('',(-0.866025403784439,1.75496624007997E-16,0.5));
#8244=DIRECTION('',(3.09760614432552E-17,-1.,6.84489999358328E-17));
#8245=DIRECTION('',(0.866025403784439,-7.39844384886971E-18,-0.5));
#8246=DIRECTION('',(-3.09760614432552E-17,1.,-6.84489999358328E-17));
#8247=DIRECTION('',(-0.866025403784439,1.75496624007997E-16,0.5));
#8248=DIRECTION('',(0.,1.,1.23259516440783E-32));
#8249=DIRECTION('',(-0.866025403784439,0.,0.5));
#8250=DIRECTION('',(-1.22464679914735E-16,1.,-1.56280214335368E-17));
#8251=DIRECTION('',(-0.866025403784439,1.75496624007997E-16,0.5));
#8252=DIRECTION('',(-0.866025403784439,5.9951739031562E-16,0.5));
#8253=DIRECTION('',(3.09760614432552E-17,-1.,6.84489999358328E-17));
#8254=DIRECTION('',(0.866025403784439,-3.25431081111284E-16,-0.5));
#8255=DIRECTION('',(-3.09760614432552E-17,1.,-6.84489999358328E-17));
#8256=DIRECTION('',(-8.4309788691291E-16,-1.,5.73095829310904E-16));
#8257=DIRECTION('',(0.866025403784439,-7.39844384886971E-18,-0.5));
#8258=DIRECTION('center_axis',(-3.96348979975314E-16,-1.,3.15165227630312E-16));
#8259=DIRECTION('ref_axis',(0.258819045102524,0.,-0.965925826289067));
#8260=DIRECTION('',(3.96348979975314E-16,1.,-3.15165227630312E-16));
#8261=DIRECTION('center_axis',(0.612372435695793,-0.707106781186549,-0.353553390593272));
#8262=DIRECTION('ref_axis',(0.612372435695796,0.707106781186546,-0.353553390593274));
#8263=DIRECTION('',(-3.96348979975314E-16,-1.,3.15165227630312E-16));
#8264=DIRECTION('center_axis',(0.866025403784439,-1.47795743055267E-16,
-0.5));
#8265=DIRECTION('ref_axis',(-0.353553390593277,0.707106781186548,-0.612372435695792));
#8266=DIRECTION('',(-0.866025403784439,1.47795743055267E-16,0.5));
#8267=DIRECTION('center_axis',(0.612372435695795,0.707106781186548,-0.353553390593272));
#8268=DIRECTION('ref_axis',(-0.612372435695794,0.707106781186547,0.353553390593275));
#8269=DIRECTION('',(0.866025403784439,-1.47795743055267E-16,-0.5));
#8270=DIRECTION('center_axis',(-3.09760614432552E-17,1.,-6.84489999358328E-17));
#8271=DIRECTION('ref_axis',(-0.965925826289069,0.,-0.258819045102519));
#8272=DIRECTION('',(3.09760614432552E-17,-1.,6.84489999358328E-17));
#8273=DIRECTION('center_axis',(-0.612372435695793,0.70710678118655,0.353553390593272));
#8274=DIRECTION('ref_axis',(-0.612372435695797,-0.707106781186545,0.353553390593274));
#8275=DIRECTION('center_axis',(0.353553390593274,0.707106781186548,0.612372435695794));
#8276=DIRECTION('ref_axis',(-0.353553390593274,0.707106781186547,-0.612372435695795));
#8277=DIRECTION('',(-3.09760614432552E-17,1.,-6.84489999358328E-17));
#8278=DIRECTION('center_axis',(0.866025403784439,-3.14018491736755E-16,
-0.5));
#8279=DIRECTION('ref_axis',(-0.461939766255639,-0.382683432365091,-0.800103145191268));
#8280=DIRECTION('',(-0.866025403784439,3.14018491736755E-16,0.5));
#8281=DIRECTION('',(0.866025403784439,-3.14018491736755E-16,-0.5));
#8282=DIRECTION('center_axis',(-0.612372435695796,-0.707106781186546,0.353553390593274));
#8283=DIRECTION('ref_axis',(-0.612372435695793,0.707106781186549,0.353553390593273));
#8284=DIRECTION('center_axis',(-3.96348979975314E-16,-1.,3.15165227630312E-16));
#8285=DIRECTION('ref_axis',(0.258819045102525,0.,-0.965925826289067));
#8286=DIRECTION('',(-3.96348979975314E-16,-1.,3.15165227630312E-16));
#8287=DIRECTION('center_axis',(0.353553390593274,0.707106781186548,0.612372435695794));
#8288=DIRECTION('ref_axis',(-0.353553390593273,0.707106781186547,-0.612372435695795));
#8289=DIRECTION('',(3.96348979975314E-16,1.,-3.15165227630312E-16));
#8290=DIRECTION('center_axis',(-0.5,-7.47666035296982E-17,-0.866025403784439));
#8291=DIRECTION('ref_axis',(0.866025403784439,2.03012210217171E-15,-0.499999999999999));
#8292=DIRECTION('center_axis',(-0.5,-7.47666035296982E-17,-0.866025403784439));
#8293=DIRECTION('ref_axis',(0.866025403784439,-1.24746442713455E-15,-0.5));
#8294=DIRECTION('center_axis',(0.5,7.47666035296982E-17,0.866025403784439));
#8295=DIRECTION('ref_axis',(0.866025403784439,-1.24746442713455E-15,-0.5));
#8296=DIRECTION('center_axis',(0.866025403784439,-5.00830899237828E-16,
-0.5));
#8297=DIRECTION('ref_axis',(-3.96348979975314E-16,-1.,3.15165227630312E-16));
#8298=DIRECTION('',(-0.499999999999999,0.,-0.866025403784439));
#8299=DIRECTION('',(-0.499999999999999,0.,-0.866025403784439));
#8300=DIRECTION('center_axis',(1.27994868057059E-16,1.,-7.38978715276335E-17));
#8301=DIRECTION('ref_axis',(0.866025403784439,-1.47795743055267E-16,-0.5));
#8302=DIRECTION('',(-0.499999999999999,0.,-0.866025403784439));
#8303=DIRECTION('',(-0.866025403784439,1.75496624007997E-16,0.5));
#8304=DIRECTION('center_axis',(-0.866025403784439,7.39844384886967E-18,
0.5));
#8305=DIRECTION('ref_axis',(-3.09760614432552E-17,1.,-6.84489999358328E-17));
#8306=DIRECTION('',(-0.353553390593274,0.707106781186547,-0.612372435695795));
#8307=DIRECTION('center_axis',(-0.5,-7.47666035296982E-17,-0.866025403784439));
#8308=DIRECTION('ref_axis',(-0.866025403784439,0.,0.5));
#8309=DIRECTION('center_axis',(0.5,7.47666035296982E-17,0.866025403784439));
#8310=DIRECTION('ref_axis',(0.866025403784439,-7.39844384886971E-18,-0.5));
#8311=DIRECTION('center_axis',(-6.40724032159385E-18,-1.,3.69922192443483E-18));
#8312=DIRECTION('ref_axis',(0.258819045102524,0.,-0.965925826289067));
#8313=DIRECTION('',(6.40724032159385E-18,1.,-3.69922192443483E-18));
#8314=DIRECTION('center_axis',(0.612372435695795,-0.707106781186547,-0.353553390593273));
#8315=DIRECTION('ref_axis',(0.612372435695795,0.707106781186548,-0.353553390593273));
#8316=DIRECTION('',(-6.40724032159385E-18,-1.,3.69922192443483E-18));
#8317=DIRECTION('center_axis',(-0.612372435695795,-0.707106781186547,0.353553390593273));
#8318=DIRECTION('ref_axis',(0.612372435695794,-0.707106781186548,-0.353553390593274));
#8319=DIRECTION('center_axis',(0.866025403784439,-5.9951739031562E-16,-0.5));
#8320=DIRECTION('ref_axis',(-0.353553390593277,0.707106781186548,-0.612372435695792));
#8321=DIRECTION('',(-0.866025403784439,5.9951739031562E-16,0.499999999999999));
#8322=DIRECTION('center_axis',(0.612372435695797,0.707106781186545,-0.353553390593273));
#8323=DIRECTION('ref_axis',(-0.612372435695792,0.70710678118655,0.353553390593274));
#8324=DIRECTION('',(0.866025403784439,-5.9951739031562E-16,-0.499999999999999));
#8325=DIRECTION('center_axis',(6.40724032159385E-18,1.,-3.69922192443483E-18));
#8326=DIRECTION('ref_axis',(-0.965925826289069,0.,-0.258819045102518));
#8327=DIRECTION('',(-6.40724032159385E-18,-1.,3.69922192443483E-18));
#8328=DIRECTION('center_axis',(-0.612372435695794,0.707106781186549,0.353553390593272));
#8329=DIRECTION('ref_axis',(-0.612372435695796,-0.707106781186546,0.353553390593273));
#8330=DIRECTION('',(6.40724032159385E-18,1.,-3.69922192443483E-18));
#8331=DIRECTION('center_axis',(-0.866025403784439,3.25431081111284E-16,
0.5));
#8332=DIRECTION('ref_axis',(-0.353553390593273,-0.707106781186547,-0.612372435695796));
#8333=DIRECTION('',(-0.866025403784439,3.25431081111284E-16,0.499999999999999));
#8334=DIRECTION('',(0.866025403784439,-3.25431081111284E-16,-0.499999999999999));
#8335=DIRECTION('center_axis',(-2.81831583423407E-16,-1.,1.62715540555642E-16));
#8336=DIRECTION('ref_axis',(-0.866025403784439,3.25431081111284E-16,0.5));
#8337=DIRECTION('',(-0.499999999999999,0.,-0.866025403784439));
#8338=DIRECTION('',(-0.499999999999999,0.,-0.866025403784439));
#8339=DIRECTION('center_axis',(0.866025403784439,-7.39844384886967E-18,
-0.5));
#8340=DIRECTION('ref_axis',(3.09760614432552E-17,-1.,6.84489999358328E-17));
#8341=DIRECTION('',(-0.499999999999999,0.,-0.866025403784439));
#8342=DIRECTION('center_axis',(-0.5,0.,-0.866025403784439));
#8343=DIRECTION('ref_axis',(-0.866025403784439,0.,0.499999999999999));
#8344=DIRECTION('center_axis',(0.866025403784439,-1.47795743055267E-16,
-0.5));
#8345=DIRECTION('ref_axis',(-0.353553390593279,0.707106781186545,-0.612372435695794));
#8346=DIRECTION('',(-0.866025403784439,1.47795743055267E-16,0.499999999999999));
#8347=DIRECTION('center_axis',(0.612372435695796,0.707106781186547,-0.353553390593273));
#8348=DIRECTION('ref_axis',(-0.612372435695793,0.707106781186549,0.353553390593274));
#8349=DIRECTION('',(0.866025403784439,-1.47795743055267E-16,-0.499999999999999));
#8350=DIRECTION('center_axis',(0.612372435695796,-0.707106781186547,-0.353553390593273));
#8351=DIRECTION('ref_axis',(0.612372435695794,0.707106781186548,-0.353553390593273));
#8352=DIRECTION('center_axis',(6.40724032159385E-18,1.,-3.69922192443483E-18));
#8353=DIRECTION('ref_axis',(-0.965925826289069,0.,-0.258819045102518));
#8354=DIRECTION('',(-6.40724032159385E-18,-1.,3.69922192443483E-18));
#8355=DIRECTION('center_axis',(-0.612372435695794,0.707106781186549,0.353553390593272));
#8356=DIRECTION('ref_axis',(-0.612372435695796,-0.707106781186546,0.353553390593274));
#8357=DIRECTION('',(6.40724032159385E-18,1.,-3.69922192443483E-18));
#8358=DIRECTION('center_axis',(-0.866025403784439,7.39844384886971E-18,
0.5));
#8359=DIRECTION('ref_axis',(-0.353553390593272,-0.70710678118655,-0.612372435695793));
#8360=DIRECTION('',(0.866025403784439,-7.39844384886971E-18,-0.499999999999999));
#8361=DIRECTION('center_axis',(-0.612372435695795,-0.707106781186547,0.353553390593273));
#8362=DIRECTION('ref_axis',(0.612372435695794,-0.707106781186548,-0.353553390593274));
#8363=DIRECTION('',(-0.866025403784439,7.39844384886971E-18,0.499999999999999));
#8364=DIRECTION('center_axis',(-6.40724032159385E-18,-1.,3.69922192443483E-18));
#8365=DIRECTION('ref_axis',(0.258819045102525,0.,-0.965925826289067));
#8366=DIRECTION('',(-6.40724032159385E-18,-1.,3.69922192443483E-18));
#8367=DIRECTION('',(6.40724032159385E-18,1.,-3.69922192443483E-18));
#8368=DIRECTION('center_axis',(0.866025403784439,-7.39844384886967E-18,
-0.5));
#8369=DIRECTION('ref_axis',(3.09760614432552E-17,-1.,6.84489999358328E-17));
#8370=DIRECTION('',(-0.499999999999999,0.,-0.866025403784439));
#8371=DIRECTION('',(-0.499999999999999,0.,-0.866025403784439));
#8372=DIRECTION('center_axis',(1.27994868057059E-16,1.,-7.38978715276335E-17));
#8373=DIRECTION('ref_axis',(0.866025403784439,-1.47795743055267E-16,-0.5));
#8374=DIRECTION('',(-0.499999999999999,0.,-0.866025403784439));
#8375=DIRECTION('',(-0.866025403784439,1.75496624007997E-16,0.5));
#8376=DIRECTION('center_axis',(-0.5,0.,-0.866025403784439));
#8377=DIRECTION('ref_axis',(-0.866025403784439,0.,0.499999999999999));
#8378=DIRECTION('center_axis',(-1.,0.,0.));
#8379=DIRECTION('ref_axis',(0.,0.996194698091744,0.0871557427476706));
#8380=DIRECTION('center_axis',(1.,0.,0.));
#8381=DIRECTION('ref_axis',(0.,0.766044443118978,-0.642787609686539));
#8382=DIRECTION('',(1.,0.,0.));
#8383=DIRECTION('center_axis',(1.,0.,0.));
#8384=DIRECTION('ref_axis',(0.,0.996194698091744,0.0871557427476706));
#8385=DIRECTION('',(-1.,0.,0.));
#8386=DIRECTION('center_axis',(0.,-0.64278760968654,-0.766044443118978));
#8387=DIRECTION('ref_axis',(-1.,0.,0.));
#8388=DIRECTION('center_axis',(-1.,0.,0.));
#8389=DIRECTION('ref_axis',(0.,-0.766044443118982,0.642787609686535));
#8390=DIRECTION('center_axis',(0.,-0.64278760968654,-0.766044443118978));
#8391=DIRECTION('ref_axis',(-1.,-5.49313982375757E-16,4.60929160012021E-16));
#8392=DIRECTION('center_axis',(0.,0.64278760968654,0.766044443118978));
#8393=DIRECTION('ref_axis',(-1.,-5.38784703126914E-16,4.73477466384258E-16));
#8394=DIRECTION('center_axis',(1.,0.,0.));
#8395=DIRECTION('ref_axis',(0.,-0.0871557427476457,0.996194698091747));
#8396=DIRECTION('center_axis',(0.707106781186548,0.,-0.707106781186548));
#8397=DIRECTION('ref_axis',(0.707106781186548,0.,0.707106781186547));
#8398=DIRECTION('',(-1.,0.,0.));
#8399=DIRECTION('',(1.,0.,0.));
#8400=DIRECTION('center_axis',(0.,-0.766044443118978,0.64278760968654));
#8401=DIRECTION('ref_axis',(0.,-0.64278760968654,-0.766044443118978));
#8402=DIRECTION('',(0.,0.64278760968654,0.766044443118978));
#8403=DIRECTION('',(-1.,0.,0.));
#8404=DIRECTION('',(-0.608120402411343,-0.510273605374737,-0.608120402411343));
#8405=DIRECTION('center_axis',(0.,-0.642787609686539,-0.766044443118978));
#8406=DIRECTION('ref_axis',(-0.707106781186548,0.541675220419702,-0.454519477672043));
#8407=DIRECTION('',(0.,-0.642787609686539,-0.766044443118978));
#8408=DIRECTION('center_axis',(0.,0.64278760968654,0.766044443118978));
#8409=DIRECTION('ref_axis',(-0.707106781186548,-0.541675220419702,0.454519477672044));
#8410=DIRECTION('center_axis',(0.,0.766044443118978,-0.642787609686539));
#8411=DIRECTION('ref_axis',(0.,-0.642787609686539,-0.766044443118978));
#8412=DIRECTION('',(0.,0.642787609686539,0.766044443118978));
#8413=DIRECTION('',(-1.,0.,0.));
#8414=DIRECTION('center_axis',(-0.353553390593274,-0.707106781186548,-0.612372435695794));
#8415=DIRECTION('ref_axis',(-0.866025403784439,0.,0.5));
#8416=DIRECTION('',(0.353553390593273,-0.707106781186547,0.612372435695795));
#8417=DIRECTION('',(0.866025403784439,-3.25431081111284E-16,-0.5));
#8418=DIRECTION('center_axis',(0.,0.654700053661784,0.755888774711768));
#8419=DIRECTION('ref_axis',(0.,-0.755888774711768,0.654700053661784));
#8420=DIRECTION('',(-0.17263264124476,0.744540072062512,-0.644870570168935));
#8421=DIRECTION('',(1.,2.02345966997472E-34,-1.75258477018666E-34));
#8422=DIRECTION('center_axis',(0.377964473009227,0.654653670707978,0.654653670707977));
#8423=DIRECTION('ref_axis',(0.327326835353989,-0.755928946018454,0.566946709513841));
#8424=DIRECTION('',(0.,-0.707106781186548,0.707106781186547));
#8425=DIRECTION('center_axis',(1.75258477018666E-34,-1.56280214335368E-17,
-1.));
#8426=DIRECTION('ref_axis',(-1.,0.,-1.75258477018666E-34));
#8427=DIRECTION('',(-1.,0.,0.));
#8428=DIRECTION('center_axis',(0.,-0.5,-0.866025403784439));
#8429=DIRECTION('ref_axis',(0.,-0.866025403784439,0.5));
#8430=DIRECTION('',(0.132788176096109,-0.858356263574049,0.495572219835078));
#8431=DIRECTION('',(1.,0.,0.));
#8432=DIRECTION('',(-1.,0.,0.));
#8433=DIRECTION('center_axis',(0.,0.5,0.866025403784439));
#8434=DIRECTION('ref_axis',(8.76292385093332E-35,0.866025403784439,-0.5));
#8435=DIRECTION('',(-1.,0.,0.));
#8436=DIRECTION('',(1.,0.,0.));
#8437=DIRECTION('center_axis',(0.,-1.,0.));
#8438=DIRECTION('ref_axis',(1.,0.,1.75258477018666E-34));
#8439=DIRECTION('center_axis',(0.,1.,0.));
#8440=DIRECTION('ref_axis',(1.,0.,1.75258477018666E-34));
#8441=DIRECTION('',(0.,1.,0.));
#8442=DIRECTION('center_axis',(0.,-1.,0.));
#8443=DIRECTION('ref_axis',(1.,0.,1.75258477018666E-34));
#8444=DIRECTION('center_axis',(0.,-1.,0.));
#8445=DIRECTION('ref_axis',(1.,0.,1.75258477018666E-34));
#8446=DIRECTION('center_axis',(0.,1.,0.));
#8447=DIRECTION('ref_axis',(1.,0.,1.75258477018666E-34));
#8448=DIRECTION('center_axis',(0.,-1.,0.));
#8449=DIRECTION('ref_axis',(1.,0.,1.75258477018666E-34));
#8450=DIRECTION('center_axis',(-1.,0.,-4.10107615753977E-16));
#8451=DIRECTION('ref_axis',(-4.10107615753977E-16,1.56280214335368E-17,
1.));
#8452=DIRECTION('',(-4.10107615753977E-16,1.56280214335368E-17,1.));
#8453=DIRECTION('',(0.,1.,0.));
#8454=DIRECTION('',(-4.10107615753977E-16,1.56280214335368E-17,1.));
#8455=DIRECTION('center_axis',(0.,1.,0.));
#8456=DIRECTION('ref_axis',(0.,0.,1.));
#8457=DIRECTION('',(1.,4.30402213329562E-33,2.75404161147326E-16));
#8458=DIRECTION('',(-0.707106781186547,-1.10506799321826E-17,-0.707106781186548));
#8459=DIRECTION('',(1.75258477018666E-34,-1.56280214335368E-17,-1.));
#8460=DIRECTION('',(1.,1.084411826553E-32,6.93889390390723E-16));
#8461=DIRECTION('',(1.,0.,1.75258477018666E-34));
#8462=DIRECTION('center_axis',(0.707106781186548,0.,-0.707106781186547));
#8463=DIRECTION('ref_axis',(-0.707106781186547,-1.10506799321826E-17,-0.707106781186548));
#8464=DIRECTION('',(-0.707106781186547,-1.10506799321826E-17,-0.707106781186548));
#8465=DIRECTION('',(0.,1.,0.));
#8466=DIRECTION('center_axis',(1.,0.,1.75258477018666E-34));
#8467=DIRECTION('ref_axis',(1.75258477018666E-34,-1.56280214335368E-17,
-1.));
#8468=DIRECTION('',(1.75258477018666E-34,-1.56280214335368E-17,-1.));
#8469=DIRECTION('',(0.,1.,0.));
#8470=DIRECTION('center_axis',(-6.93889390390723E-16,0.,1.));
#8471=DIRECTION('ref_axis',(1.,1.084411826553E-32,6.93889390390723E-16));
#8472=DIRECTION('',(1.,1.084411826553E-32,6.93889390390723E-16));
#8473=DIRECTION('center_axis',(-1.75258477018666E-34,0.,1.));
#8474=DIRECTION('ref_axis',(1.,0.,1.75258477018666E-34));
#8475=DIRECTION('center_axis',(-2.75404161147326E-16,0.,1.));
#8476=DIRECTION('ref_axis',(1.,4.30402213329562E-33,2.75404161147326E-16));
#8477=DIRECTION('center_axis',(0.,-1.,1.56280214335368E-17));
#8478=DIRECTION('ref_axis',(0.,1.56280214335368E-17,1.));
#8479=DIRECTION('',(-1.,0.,0.));
#8480=DIRECTION('',(0.,1.56280214335368E-17,1.));
#8481=DIRECTION('',(1.,0.,0.));
#8482=DIRECTION('',(0.,-1.56280214335368E-17,-1.));
#8483=DIRECTION('',(-1.,0.,0.));
#8484=DIRECTION('center_axis',(0.,-0.5,-0.866025403784439));
#8485=DIRECTION('ref_axis',(0.,-0.866025403784439,0.5));
#8486=DIRECTION('',(-1.,0.,0.));
#8487=DIRECTION('',(0.,0.866025403784439,-0.5));
#8488=DIRECTION('',(1.,0.,0.));
#8489=DIRECTION('',(0.132788176096109,-0.858356263574049,0.495572219835078));
#8490=DIRECTION('center_axis',(0.,0.64278760968654,0.766044443118978));
#8491=DIRECTION('ref_axis',(1.,0.,0.));
#8492=DIRECTION('center_axis',(0.,-0.64278760968654,-0.766044443118978));
#8493=DIRECTION('ref_axis',(1.,0.,0.));
#8494=DIRECTION('',(0.707106781186547,-0.454519477672044,-0.541675220419702));
#8495=DIRECTION('center_axis',(0.,0.64278760968654,0.766044443118978));
#8496=DIRECTION('ref_axis',(1.,0.,0.));
#8497=DIRECTION('center_axis',(0.,0.64278760968654,0.766044443118978));
#8498=DIRECTION('ref_axis',(1.,0.,0.));
#8499=DIRECTION('',(0.,-0.64278760968654,-0.766044443118978));
#8500=DIRECTION('center_axis',(0.,0.64278760968654,0.766044443118978));
#8501=DIRECTION('ref_axis',(1.,0.,0.));
#8502=DIRECTION('center_axis',(0.,-0.64278760968654,-0.766044443118978));
#8503=DIRECTION('ref_axis',(0.,0.766044443118978,-0.64278760968654));
#8504=DIRECTION('',(0.,0.766044443118978,-0.64278760968654));
#8505=DIRECTION('center_axis',(0.,0.64278760968654,0.766044443118978));
#8506=DIRECTION('ref_axis',(0.,-0.766044443118978,0.64278760968654));
#8507=DIRECTION('',(0.540716203060937,-0.644400477571772,0.540716203060937));
#8508=DIRECTION('',(0.,-0.766044443118978,0.64278760968654));
#8509=DIRECTION('center_axis',(-1.,0.,0.));
#8510=DIRECTION('ref_axis',(0.,0.,1.));
#8511=DIRECTION('',(0.,1.,0.));
#8512=DIRECTION('',(0.,1.19504288762369E-15,-1.));
#8513=DIRECTION('',(0.,-1.,0.));
#8514=DIRECTION('',(0.,2.45067620992052E-16,-1.));
#8515=DIRECTION('',(0.,-1.,0.));
#8516=DIRECTION('',(0.,0.766044443118978,-0.642787609686539));
#8517=DIRECTION('',(0.,0.,1.));
#8518=DIRECTION('',(0.,0.707106781186548,-0.707106781186547));
#8519=DIRECTION('center_axis',(1.,0.,0.));
#8520=DIRECTION('ref_axis',(0.,0.,-1.));
#8521=DIRECTION('',(0.,0.5,0.866025403784439));
#8522=DIRECTION('',(0.,-0.4226182617407,0.90630778703665));
#8523=DIRECTION('',(0.,-1.,0.));
#8524=DIRECTION('',(0.,1.,0.));
#8525=DIRECTION('center_axis',(-1.,0.,0.));
#8526=DIRECTION('ref_axis',(0.,1.,0.));
#8527=DIRECTION('',(0.,-1.53134210293125E-16,-1.));
#8528=DIRECTION('',(0.,0.707106781186548,-0.707106781186547));
#8529=DIRECTION('',(0.,0.,-1.));
#8530=DIRECTION('',(0.,0.707106781186548,-0.707106781186547));
#8531=DIRECTION('',(0.,1.,0.));
#8532=DIRECTION('',(0.,-2.45067620992052E-16,1.));
#8533=DIRECTION('',(0.,-0.447213595499958,0.894427190999916));
#8534=DIRECTION('',(-2.22044604925031E-16,0.,-1.));
#8535=DIRECTION('center_axis',(-1.,0.,-6.8677238799413E-16));
#8536=DIRECTION('ref_axis',(6.8677238799413E-16,0.,-1.));
#8537=DIRECTION('',(-6.8677238799413E-16,0.,1.));
#8538=DIRECTION('',(0.,1.,0.));
#8539=DIRECTION('',(-6.8677238799413E-16,0.,1.));
#8540=DIRECTION('',(0.,-1.,0.));
#8541=DIRECTION('center_axis',(-0.500000000000001,0.,0.866025403784438));
#8542=DIRECTION('ref_axis',(-0.866025403784438,0.,-0.500000000000001));
#8543=DIRECTION('',(0.866025403784438,0.,0.500000000000001));
#8544=DIRECTION('',(0.866025403784438,0.,0.500000000000001));
#8545=DIRECTION('',(0.,-1.,0.));
#8546=DIRECTION('',(0.774596669241483,-0.447213595499959,0.447213595499958));
#8547=DIRECTION('center_axis',(0.5,0.,0.866025403784439));
#8548=DIRECTION('ref_axis',(-0.866025403784439,0.,0.499999999999999));
#8549=DIRECTION('',(0.774596669241484,0.447213595499958,-0.447213595499958));
#8550=DIRECTION('',(0.866025403784439,0.,-0.499999999999999));
#8551=DIRECTION('',(0.,-1.,0.));
#8552=DIRECTION('',(0.866025403784439,0.,-0.499999999999999));
#8553=DIRECTION('center_axis',(0.,-1.,0.));
#8554=DIRECTION('ref_axis',(0.,0.,-1.));
#8555=DIRECTION('',(-0.866025403784439,0.,0.5));
#8556=DIRECTION('',(-0.866025403784439,0.,-0.5));
#8557=DIRECTION('',(0.,0.,-1.));
#8558=DIRECTION('center_axis',(0.,-1.,0.));
#8559=DIRECTION('ref_axis',(1.,0.,0.));
#8560=DIRECTION('center_axis',(1.,0.,0.));
#8561=DIRECTION('ref_axis',(0.,0.,1.));
#8562=DIRECTION('',(0.,0.,-1.));
#8563=DIRECTION('',(0.,-1.,0.));
#8564=DIRECTION('center_axis',(0.5,0.,-0.866025403784439));
#8565=DIRECTION('ref_axis',(0.866025403784439,0.,0.5));
#8566=DIRECTION('',(-0.866025403784439,0.,-0.5));
#8567=DIRECTION('',(0.,-1.,0.));
#8568=DIRECTION('center_axis',(-0.5,0.,-0.866025403784439));
#8569=DIRECTION('ref_axis',(0.866025403784439,0.,-0.5));
#8570=DIRECTION('',(-0.866025403784439,0.,0.5));
#8571=DIRECTION('center_axis',(0.,-0.707106781186547,-0.707106781186548));
#8572=DIRECTION('ref_axis',(0.,-0.707106781186548,0.707106781186547));
#8573=DIRECTION('',(1.,0.,0.));
#8574=DIRECTION('',(-1.,0.,0.));
#8575=DIRECTION('',(0.,-0.707106781186548,0.707106781186547));
#8576=DIRECTION('',(1.,0.,0.));
#8577=DIRECTION('center_axis',(1.,0.,0.));
#8578=DIRECTION('ref_axis',(0.,0.,-1.));
#8579=DIRECTION('',(0.,0.832050294337844,-0.554700196225229));
#8580=DIRECTION('',(0.,1.,0.));
#8581=DIRECTION('center_axis',(0.,1.,0.));
#8582=DIRECTION('ref_axis',(-1.,0.,0.));
#8583=DIRECTION('center_axis',(0.,1.,2.45067620992052E-16));
#8584=DIRECTION('ref_axis',(-1.,0.,0.));
#8585=DIRECTION('',(-0.707106781186547,-0.707106781186548,8.65956056235493E-17));
#8586=DIRECTION('center_axis',(0.,-1.,-2.45067620992052E-16));
#8587=DIRECTION('ref_axis',(-1.,0.,0.));
#8588=DIRECTION('center_axis',(0.,-1.,-2.45067620992052E-16));
#8589=DIRECTION('ref_axis',(-1.,0.,0.));
#8590=DIRECTION('center_axis',(0.,1.,2.45067620992052E-16));
#8591=DIRECTION('ref_axis',(1.,0.,0.));
#8592=DIRECTION('',(0.,-1.,-2.45067620992052E-16));
#8593=DIRECTION('center_axis',(0.,1.,2.45067620992052E-16));
#8594=DIRECTION('ref_axis',(0.,-2.45067620992052E-16,1.));
#8595=DIRECTION('',(0.,-2.45067620992052E-16,1.));
#8596=DIRECTION('',(-1.,0.,0.));
#8597=DIRECTION('',(0.,2.45067620992052E-16,-1.));
#8598=DIRECTION('',(1.,0.,0.));
#8599=DIRECTION('',(-1.,-1.71388797112118E-31,6.99353086378051E-16));
#8600=DIRECTION('center_axis',(0.,-1.,-2.45067620992052E-16));
#8601=DIRECTION('ref_axis',(0.,-2.45067620992052E-16,1.));
#8602=DIRECTION('center_axis',(6.99353086378051E-16,0.,1.));
#8603=DIRECTION('ref_axis',(-1.,-1.71388797112118E-31,6.99353086378051E-16));
#8604=DIRECTION('',(-1.,-1.71388797112118E-31,6.99353086378051E-16));
#8605=DIRECTION('',(0.,-1.,0.));
#8606=DIRECTION('center_axis',(0.,-1.,0.));
#8607=DIRECTION('ref_axis',(0.,0.,1.));
#8608=DIRECTION('center_axis',(0.,-1.,-2.45067620992052E-16));
#8609=DIRECTION('ref_axis',(0.,0.,1.));
#8610=DIRECTION('',(0.,-1.,0.));
#8611=DIRECTION('center_axis',(1.,0.,0.));
#8612=DIRECTION('ref_axis',(0.,-2.45067620992052E-16,1.));
#8613=DIRECTION('',(0.,-2.45067620992052E-16,1.));
#8614=DIRECTION('',(0.,1.,0.));
#8615=DIRECTION('center_axis',(0.,1.,2.45067620992052E-16));
#8616=DIRECTION('ref_axis',(0.,2.45067620992052E-16,-1.));
#8617=DIRECTION('',(-0.707106781186548,1.73288976652735E-16,-0.707106781186548));
#8618=DIRECTION('',(0.866025403784439,0.,-0.5));
#8619=DIRECTION('center_axis',(0.,1.,2.45067620992052E-16));
#8620=DIRECTION('ref_axis',(-1.84752278884002E-16,-2.30163999944915E-16,
1.));
#8621=DIRECTION('',(0.,2.45067620992052E-16,-1.));
#8622=DIRECTION('center_axis',(0.,-1.,-2.45067620992052E-16));
#8623=DIRECTION('ref_axis',(0.707106781186547,0.,-0.707106781186547));
#8624=DIRECTION('',(-1.,0.,0.));
#8625=DIRECTION('center_axis',(0.,-1.,-2.45067620992052E-16));
#8626=DIRECTION('ref_axis',(-0.707106781186547,0.,-0.707106781186547));
#8627=DIRECTION('',(0.,-2.45067620992052E-16,1.));
#8628=DIRECTION('center_axis',(0.,1.,2.45067620992052E-16));
#8629=DIRECTION('ref_axis',(3.36518470117124E-16,-2.71947991102104E-16,
1.));
#8630=DIRECTION('',(-1.,0.,0.));
#8631=DIRECTION('center_axis',(0.,-1.,-2.45067620992052E-16));
#8632=DIRECTION('ref_axis',(1.,0.,0.));
#8633=DIRECTION('center_axis',(-0.707106781186548,0.,0.707106781186548));
#8634=DIRECTION('ref_axis',(0.707106781186548,0.,0.707106781186548));
#8635=DIRECTION('',(0.36278404373897,-0.858356263574048,0.36278404373897));
#8636=DIRECTION('center_axis',(-0.433012701892219,-0.5,-0.75));
#8637=DIRECTION('ref_axis',(-0.25,0.866025403784439,-0.43301270189222));
#8638=DIRECTION('',(0.866025403784439,1.48029736616688E-16,-0.5));
#8639=DIRECTION('',(-2.40370335797945E-17,-0.832050294337844,0.554700196225229));
#8640=DIRECTION('center_axis',(0.,-0.642787609686539,-0.766044443118978));
#8641=DIRECTION('ref_axis',(-1.,0.,0.));
#8642=DIRECTION('',(1.,0.,0.));
#8643=DIRECTION('',(0.,-0.766044443118978,0.642787609686539));
#8644=DIRECTION('',(1.,0.,0.));
#8645=DIRECTION('center_axis',(0.,-1.,0.));
#8646=DIRECTION('ref_axis',(0.,0.,1.));
#8647=DIRECTION('',(0.,0.,-1.));
#8648=DIRECTION('',(1.,0.,0.));
#8649=DIRECTION('center_axis',(1.,0.,0.));
#8650=DIRECTION('ref_axis',(0.,0.,-1.));
#8651=DIRECTION('',(0.,1.,0.));
#8652=DIRECTION('',(0.,0.707106781186548,-0.707106781186547));
#8653=DIRECTION('center_axis',(0.,0.,-1.));
#8654=DIRECTION('ref_axis',(0.,-1.,0.));
#8655=DIRECTION('',(0.,1.,0.));
#8656=DIRECTION('',(-1.,0.,0.));
#8657=DIRECTION('center_axis',(0.,-0.707106781186547,-0.707106781186548));
#8658=DIRECTION('ref_axis',(0.,-0.707106781186548,0.707106781186547));
#8659=DIRECTION('',(0.,-0.707106781186548,0.707106781186547));
#8660=DIRECTION('',(-1.,0.,0.));
#8661=DIRECTION('center_axis',(1.,0.,0.));
#8662=DIRECTION('ref_axis',(0.,0.,-1.));
#8663=DIRECTION('center_axis',(0.,1.,2.45067620992052E-16));
#8664=DIRECTION('ref_axis',(1.,0.,0.));
#8665=DIRECTION('',(0.,-1.,-2.45067620992052E-16));
#8666=DIRECTION('center_axis',(2.92163953848725E-16,1.,0.));
#8667=DIRECTION('ref_axis',(1.,0.,0.));
#8668=DIRECTION('center_axis',(0.,1.,2.45067620992052E-16));
#8669=DIRECTION('ref_axis',(1.,0.,0.));
#8670=DIRECTION('center_axis',(-2.92163953848725E-16,-1.,0.));
#8671=DIRECTION('ref_axis',(1.,0.,0.));
#8672=DIRECTION('',(0.,-1.,-2.45067620992052E-16));
#8673=DIRECTION('center_axis',(0.,0.707106781186547,0.707106781186548));
#8674=DIRECTION('ref_axis',(0.,0.707106781186548,-0.707106781186547));
#8675=DIRECTION('center_axis',(0.,1.,2.96059473233375E-16));
#8676=DIRECTION('ref_axis',(1.,0.,0.));
#8677=DIRECTION('center_axis',(0.,0.707106781186547,0.707106781186548));
#8678=DIRECTION('ref_axis',(0.,0.707106781186548,-0.707106781186547));
#8679=DIRECTION('center_axis',(0.,-1.,-2.96059473233375E-16));
#8680=DIRECTION('ref_axis',(0.,2.96059473233375E-16,-1.));
#8681=DIRECTION('',(-1.,0.,0.));
#8682=DIRECTION('',(0.,2.96059473233375E-16,-1.));
#8683=DIRECTION('center_axis',(0.,-1.,-2.96059473233375E-16));
#8684=DIRECTION('ref_axis',(8.24786959303582E-17,-2.96059473233375E-16,
1.));
#8685=DIRECTION('center_axis',(0.,-1.,-2.96059473233375E-16));
#8686=DIRECTION('ref_axis',(-5.15079290995597E-16,-2.96059473233375E-16,
1.));
#8687=DIRECTION('',(0.,-2.96059473233375E-16,1.));
#8688=DIRECTION('',(-1.,0.,0.));
#8689=DIRECTION('center_axis',(-1.,0.,0.));
#8690=DIRECTION('ref_axis',(0.,-0.923879532511289,-0.382683432365085));
#8691=DIRECTION('',(1.,0.,0.));
#8692=DIRECTION('center_axis',(1.,0.,0.));
#8693=DIRECTION('ref_axis',(0.,-0.707106781186548,-0.707106781186548));
#8694=DIRECTION('center_axis',(-2.92163953848725E-16,-1.,0.));
#8695=DIRECTION('ref_axis',(1.,-2.92163953848725E-16,-8.64979062742337E-32));
#8696=DIRECTION('',(1.,-2.92163953848725E-16,2.92163953848725E-16));
#8697=DIRECTION('',(0.,0.,1.));
#8698=DIRECTION('',(1.,-2.92163953848725E-16,-8.64979062742337E-32));
#8699=DIRECTION('',(0.,0.,1.));
#8700=DIRECTION('center_axis',(1.,-2.22044604925031E-16,0.));
#8701=DIRECTION('ref_axis',(2.22044604925031E-16,1.,2.96059473233375E-16));
#8702=DIRECTION('',(1.57009245868378E-16,0.707106781186548,-0.707106781186547));
#8703=DIRECTION('',(2.22044604925031E-16,1.,2.96059473233375E-16));
#8704=DIRECTION('',(0.,0.,1.));
#8705=DIRECTION('',(0.,1.,2.96059473233375E-16));
#8706=DIRECTION('center_axis',(-1.,4.44089209850063E-16,0.));
#8707=DIRECTION('ref_axis',(-4.44089209850063E-16,-1.,-2.96059473233375E-16));
#8708=DIRECTION('',(-3.14018491736755E-16,-0.707106781186548,0.707106781186547));
#8709=DIRECTION('',(0.,-1.,-2.96059473233375E-16));
#8710=DIRECTION('',(0.,0.,1.));
#8711=DIRECTION('',(-4.44089209850063E-16,-1.,-2.96059473233375E-16));
#8712=DIRECTION('center_axis',(2.92163953848725E-16,1.,0.));
#8713=DIRECTION('ref_axis',(-1.,2.92163953848725E-16,8.64979062742337E-32));
#8714=DIRECTION('center_axis',(2.92163953848725E-16,1.,0.));
#8715=DIRECTION('ref_axis',(-0.707106781186547,0.,-0.707106781186547));
#8716=DIRECTION('',(-1.,2.92163953848725E-16,8.64979062742337E-32));
#8717=DIRECTION('center_axis',(2.92163953848725E-16,1.,0.));
#8718=DIRECTION('ref_axis',(0.707106781186547,0.,-0.707106781186547));
#8719=DIRECTION('',(-1.,2.92163953848725E-16,8.64979062742337E-32));
#8720=DIRECTION('center_axis',(0.,0.,1.));
#8721=DIRECTION('ref_axis',(1.,0.,0.));
#8722=DIRECTION('center_axis',(0.,-0.707106781186547,-0.707106781186548));
#8723=DIRECTION('ref_axis',(-1.,0.,0.));
#8724=DIRECTION('',(1.,0.,0.));
#8725=DIRECTION('',(0.,-0.707106781186548,0.707106781186547));
#8726=DIRECTION('center_axis',(0.,0.707106781186547,0.707106781186548));
#8727=DIRECTION('ref_axis',(0.,0.707106781186548,-0.707106781186547));
#8728=DIRECTION('center_axis',(0.,0.707106781186547,0.707106781186548));
#8729=DIRECTION('ref_axis',(-1.78419597577702E-16,0.707106781186548,-0.707106781186547));
#8730=DIRECTION('',(0.,0.707106781186548,-0.707106781186547));
#8731=DIRECTION('center_axis',(0.,-0.750713516922756,-0.660627894892024));
#8732=DIRECTION('ref_axis',(0.,0.660627894892024,-0.750713516922756));
#8733=DIRECTION('center_axis',(0.,-0.707106781186544,0.707106781186551));
#8734=DIRECTION('ref_axis',(0.,-0.707106781186551,-0.707106781186544));
#8735=DIRECTION('center_axis',(0.,-1.,-2.96059473233375E-16));
#8736=DIRECTION('ref_axis',(0.707106781186547,0.,-0.707106781186547));
#8737=DIRECTION('',(0.,1.,2.96059473233375E-16));
#8738=DIRECTION('',(0.,-1.,-2.96059473233375E-16));
#8739=DIRECTION('center_axis',(0.,-0.707106781186544,0.707106781186551));
#8740=DIRECTION('ref_axis',(-1.,0.,0.));
#8741=DIRECTION('center_axis',(0.,-0.750713516922756,-0.660627894892024));
#8742=DIRECTION('ref_axis',(0.,0.660627894892024,-0.750713516922756));
#8743=DIRECTION('center_axis',(0.,0.,1.));
#8744=DIRECTION('ref_axis',(1.,0.,0.));
#8745=DIRECTION('center_axis',(3.66354907026211E-14,-0.707106781186544,
0.707106781186551));
#8746=DIRECTION('ref_axis',(0.,-0.707106781186551,-0.707106781186544));
#8747=DIRECTION('center_axis',(-1.,0.,0.));
#8748=DIRECTION('ref_axis',(0.,-1.,0.));
#8749=DIRECTION('center_axis',(0.,7.40148683083454E-15,-1.));
#8750=DIRECTION('ref_axis',(-1.,0.,0.));
#8751=DIRECTION('center_axis',(0.,0.,1.));
#8752=DIRECTION('ref_axis',(1.,0.,0.));
#8753=DIRECTION('center_axis',(0.,-0.70710678118654,0.707106781186555));
#8754=DIRECTION('ref_axis',(1.,0.,0.));
#8755=DIRECTION('center_axis',(-1.11022302462515E-14,0.,-1.));
#8756=DIRECTION('ref_axis',(0.,-1.,0.));
#8757=DIRECTION('center_axis',(0.,-2.96059473233375E-16,1.));
#8758=DIRECTION('ref_axis',(0.707106781186527,-0.707106781186568,0.));
#8759=DIRECTION('center_axis',(3.70074341541716E-15,0.,-1.));
#8760=DIRECTION('ref_axis',(1.,0.,3.70074341541716E-15));
#8761=DIRECTION('',(0.,-2.96059473233375E-16,1.));
#8762=DIRECTION('center_axis',(2.36861355285654E-17,0.998576599285539,0.0533364355701471));
#8763=DIRECTION('ref_axis',(0.,-0.0533364355701471,0.998576599285539));
#8764=DIRECTION('center_axis',(-1.,0.,0.));
#8765=DIRECTION('ref_axis',(0.,-0.923879532511289,-0.382683432365085));
#8766=DIRECTION('center_axis',(0.,-0.707106781186548,0.707106781186547));
#8767=DIRECTION('ref_axis',(0.707106781186535,-0.500000000000009,-0.500000000000009));
#8768=DIRECTION('',(0.,-0.707106781186548,0.707106781186547));
#8769=DIRECTION('center_axis',(0.,2.96059473233375E-16,-1.));
#8770=DIRECTION('ref_axis',(-0.707106781186547,-0.707106781186547,0.));
#8771=DIRECTION('center_axis',(0.,0.,-1.));
#8772=DIRECTION('ref_axis',(0.,-1.,0.));
#8773=DIRECTION('',(0.,2.96059473233375E-16,-1.));
#8774=DIRECTION('center_axis',(-3.07656175545794E-17,0.998729919284268,
0.0503840086380461));
#8775=DIRECTION('ref_axis',(0.,-0.0503840086380461,0.998729919284268));
#8776=DIRECTION('center_axis',(0.,0.707106781186548,-0.707106781186547));
#8777=DIRECTION('ref_axis',(-0.707106781186535,-0.500000000000009,-0.500000000000009));
#8778=DIRECTION('',(0.,0.707106781186548,-0.707106781186547));
#8779=DIRECTION('center_axis',(0.,-1.,-2.96059473233375E-16));
#8780=DIRECTION('ref_axis',(-0.707106781186547,0.,-0.707106781186547));
#8781=DIRECTION('',(0.,1.,2.96059473233375E-16));
#8782=DIRECTION('',(0.,-1.,-2.96059473233375E-16));
#8783=DIRECTION('center_axis',(0.,0.832050294337843,-0.554700196225229));
#8784=DIRECTION('ref_axis',(-0.53244121652431,0.469535400794024,0.704303101191034));
#8785=DIRECTION('',(0.,0.832050294337844,-0.554700196225229));
#8786=DIRECTION('center_axis',(1.,0.,0.));
#8787=DIRECTION('ref_axis',(0.,-2.45067620992052E-16,1.));
#8788=DIRECTION('center_axis',(0.,2.96059473233375E-16,-1.));
#8789=DIRECTION('ref_axis',(1.,0.,0.));
#8790=DIRECTION('center_axis',(0.,-0.866025403784439,0.5));
#8791=DIRECTION('ref_axis',(0.707106781186547,0.353553390593274,0.612372435695795));
#8792=DIRECTION('',(0.,-0.866025403784439,0.5));
#8793=DIRECTION('center_axis',(-1.,0.,0.));
#8794=DIRECTION('ref_axis',(0.,2.45067620992052E-16,-1.));
#8795=DIRECTION('center_axis',(-0.5,-7.47666035296982E-17,-0.866025403784439));
#8796=DIRECTION('ref_axis',(-0.866025403784439,0.,0.5));
#8797=DIRECTION('center_axis',(0.5,7.47666035296982E-17,0.866025403784439));
#8798=DIRECTION('ref_axis',(-0.866025403784439,7.39844384886971E-18,0.5));
#8799=DIRECTION('center_axis',(-0.5,0.,-0.866025403784439));
#8800=DIRECTION('ref_axis',(0.866025403784439,-7.39844384886971E-18,-0.5));
#8801=DIRECTION('',(0.5,0.,0.866025403784439));
#8802=DIRECTION('center_axis',(-0.5,0.,-0.866025403784439));
#8803=DIRECTION('ref_axis',(0.866025403784439,-1.66129060333438E-15,-0.5));
#8804=DIRECTION('',(-0.499999999999999,0.,-0.866025403784439));
#8805=DIRECTION('center_axis',(-2.81831583423407E-16,-1.,1.62715540555642E-16));
#8806=DIRECTION('ref_axis',(-0.866025403784439,3.25431081111284E-16,0.5));
#8807=DIRECTION('',(-0.499999999999999,0.,-0.866025403784439));
#8808=DIRECTION('center_axis',(0.866025403784439,-5.00830899237828E-16,
-0.5));
#8809=DIRECTION('ref_axis',(-3.96348979975314E-16,-1.,3.15165227630312E-16));
#8810=DIRECTION('center_axis',(-6.40724032159389E-18,-1.,3.69922192443485E-18));
#8811=DIRECTION('ref_axis',(-0.866025403784439,7.39844384886971E-18,0.5));
#8812=DIRECTION('',(-0.499999999999999,0.,-0.866025403784439));
#8813=DIRECTION('center_axis',(-0.866025403784439,7.39844384886967E-18,
0.5));
#8814=DIRECTION('ref_axis',(-3.09760614432552E-17,1.,-6.84489999358328E-17));
#8815=DIRECTION('center_axis',(5.19197290023878E-16,1.,-2.9975869515781E-16));
#8816=DIRECTION('ref_axis',(0.866025403784439,-5.9951739031562E-16,-0.5));
#8817=DIRECTION('',(-0.499999999999999,0.,-0.866025403784439));
#8818=DIRECTION('center_axis',(-0.866025403784439,7.39844384886967E-18,
0.5));
#8819=DIRECTION('ref_axis',(-3.09760614432552E-17,1.,-6.84489999358328E-17));
#8820=DIRECTION('center_axis',(2.04351294521544E-17,-1.,5.0191570168118E-17));
#8821=DIRECTION('ref_axis',(0.866025403784439,-7.39844384886971E-18,-0.5));
#8822=DIRECTION('',(0.5,5.36847395474966E-17,0.866025403784439));
#8823=DIRECTION('center_axis',(-0.866025403784439,1.01669210259901E-15,
0.5));
#8824=DIRECTION('ref_axis',(-8.4309788691291E-16,-1.,5.73095829310904E-16));
#8825=DIRECTION('center_axis',(-0.433012701892219,-0.5,-0.75));
#8826=DIRECTION('ref_axis',(-0.25,0.866025403784439,-0.43301270189222));
#8827=DIRECTION('',(0.866025403784439,0.,-0.5));
#8828=DIRECTION('center_axis',(0.,-0.90630778703665,-0.422618261740699));
#8829=DIRECTION('ref_axis',(1.,0.,0.));
#8830=DIRECTION('',(0.707106781186548,0.640856382055789,0.29883623873012));
#8831=DIRECTION('center_axis',(0.,-0.90630778703665,-0.422618261740699));
#8832=DIRECTION('ref_axis',(1.,0.,0.));
#8833=DIRECTION('center_axis',(0.,-0.90630778703665,-0.422618261740699));
#8834=DIRECTION('ref_axis',(1.,0.,0.));
#8835=DIRECTION('',(0.,0.90630778703665,0.422618261740699));
#8836=DIRECTION('center_axis',(0.,-0.90630778703665,-0.4226182617407));
#8837=DIRECTION('ref_axis',(1.,0.,0.));
#8838=DIRECTION('center_axis',(0.,-0.90630778703665,-0.422618261740699));
#8839=DIRECTION('ref_axis',(1.,0.,0.));
#8840=DIRECTION('',(0.707106781186548,0.640856382055789,0.29883623873012));
#8841=DIRECTION('center_axis',(0.,0.90630778703665,0.422618261740699));
#8842=DIRECTION('ref_axis',(-1.,0.,0.));
#8843=DIRECTION('center_axis',(0.,-0.90630778703665,-0.422618261740699));
#8844=DIRECTION('ref_axis',(1.,0.,0.));
#8845=DIRECTION('',(0.,0.90630778703665,0.422618261740699));
#8846=DIRECTION('center_axis',(0.,-0.90630778703665,-0.4226182617407));
#8847=DIRECTION('ref_axis',(1.,0.,0.));
#8848=DIRECTION('center_axis',(0.,1.,0.));
#8849=DIRECTION('ref_axis',(0.,0.,1.));
#8850=DIRECTION('',(0.866025403784439,0.,-0.5));
#8851=DIRECTION('center_axis',(0.25,0.866025403784439,0.433012701892219));
#8852=DIRECTION('ref_axis',(0.433012701892219,-0.5,0.75));
#8853=DIRECTION('center_axis',(1.,0.,0.));
#8854=DIRECTION('ref_axis',(0.,0.,-1.));
#8855=DIRECTION('center_axis',(-1.,0.,0.));
#8856=DIRECTION('ref_axis',(0.,0.,-1.));
#8857=DIRECTION('',(-1.,0.,0.));
#8858=DIRECTION('center_axis',(-1.,0.,0.));
#8859=DIRECTION('ref_axis',(0.,1.,0.));
#8860=DIRECTION('',(-1.,0.,0.));
#8861=DIRECTION('center_axis',(-1.,0.,0.));
#8862=DIRECTION('ref_axis',(0.,1.,0.));
#8863=DIRECTION('',(-1.,0.,0.));
#8864=DIRECTION('center_axis',(0.,0.,1.));
#8865=DIRECTION('ref_axis',(0.,1.,0.));
#8866=DIRECTION('',(0.,1.,0.));
#8867=DIRECTION('center_axis',(1.,0.,0.));
#8868=DIRECTION('ref_axis',(0.,0.,-1.));
#8869=DIRECTION('',(0.,-1.,0.));
#8870=DIRECTION('',(0.,-1.53134210293125E-16,-1.));
#8871=DIRECTION('center_axis',(-1.,0.,0.));
#8872=DIRECTION('ref_axis',(0.,1.,0.));
#8873=DIRECTION('center_axis',(0.,0.,-1.));
#8874=DIRECTION('ref_axis',(0.,-1.,0.));
#8875=DIRECTION('',(-1.,0.,0.));
#8876=DIRECTION('',(-1.,0.,0.));
#8877=DIRECTION('center_axis',(0.,-1.,0.));
#8878=DIRECTION('ref_axis',(-0.5,0.,-0.866025403784439));
#8879=DIRECTION('center_axis',(-1.,0.,0.));
#8880=DIRECTION('ref_axis',(0.,1.,0.));
#8881=DIRECTION('center_axis',(0.,-1.,1.53134210293125E-16));
#8882=DIRECTION('ref_axis',(0.,1.53134210293125E-16,1.));
#8883=DIRECTION('center_axis',(0.,0.,-1.));
#8884=DIRECTION('ref_axis',(0.,-1.,0.));
#8885=DIRECTION('center_axis',(0.,0.,1.));
#8886=DIRECTION('ref_axis',(0.,1.,0.));
#8887=DIRECTION('',(-1.,0.,0.));
#8888=DIRECTION('center_axis',(0.,0.866025403784439,-0.5));
#8889=DIRECTION('ref_axis',(0.,-0.5,-0.866025403784439));
#8890=DIRECTION('',(-1.,0.,0.));
#8891=DIRECTION('center_axis',(0.,0.90630778703665,0.4226182617407));
#8892=DIRECTION('ref_axis',(0.,0.4226182617407,-0.90630778703665));
#8893=CARTESIAN_POINT('',(0.,0.,0.));
#8894=CARTESIAN_POINT('Origin',(-45.0999999999803,9.07797136428421,11.183844051232));
#8895=CARTESIAN_POINT('',(-45.0999999999803,12.6347449813805,10.2850403843341));
#8896=CARTESIAN_POINT('',(-45.0999999999803,19.0347449814199,6.58999866149781));
#8897=CARTESIAN_POINT('',(-45.0999999999803,9.5779713642842,12.0498694550164));
#8898=CARTESIAN_POINT('',(-46.0999999999803,17.6687195776354,6.22397325771337));
#8899=CARTESIAN_POINT('Origin',(-45.0999999999803,18.5347449814199,5.72397325771338));
#8900=CARTESIAN_POINT('',(-46.0999999999803,13.1347449813805,8.84166471136008));
#8901=CARTESIAN_POINT('',(-46.0999999999803,9.07797136428421,11.183844051232));
#8902=CARTESIAN_POINT('',(-45.9660254037648,13.1347449813805,9.4190149805497));
#8903=CARTESIAN_POINT('Origin',(-45.0999999999803,13.1347449813805,8.84166471136008));
#8904=CARTESIAN_POINT('Origin',(-45.0999999999803,12.1347449813805,9.4190149805497));
#8905=CARTESIAN_POINT('Origin',(-53.9000000000197,10.727971364299,10.2312161070606));
#8906=CARTESIAN_POINT('',(-52.9000000000197,13.1347449813805,8.84166471136007));
#8907=CARTESIAN_POINT('',(-52.9000000000197,17.6687195776354,6.22397325771338));
#8908=CARTESIAN_POINT('',(-52.9000000000197,10.727971364299,10.2312161070606));
#8909=CARTESIAN_POINT('',(-53.9000000000197,19.0347449814199,6.58999866149781));
#8910=CARTESIAN_POINT('Origin',(-53.9000000000197,18.5347449814199,5.72397325771337));
#8911=CARTESIAN_POINT('',(-53.9000000000197,12.6347449813805,10.2850403843341));
#8912=CARTESIAN_POINT('',(-53.9000000000197,11.227971364299,11.097241510845));
#8913=CARTESIAN_POINT('',(-53.0339745962352,13.1347449813805,9.4190149805497));
#8914=CARTESIAN_POINT('Origin',(-53.9000000000197,12.1347449813805,9.4190149805497));
#8915=CARTESIAN_POINT('Origin',(-53.9000000000197,13.1347449813805,8.84166471136008));
#8916=CARTESIAN_POINT('Origin',(-23.0499999999902,18.5347449814199,5.72397325771337));
#8917=CARTESIAN_POINT('',(-23.0499999999902,19.0347449814199,6.58999866149781));
#8918=CARTESIAN_POINT('',(-52.9000000000197,17.5347449814199,5.72397325771338));
#8919=CARTESIAN_POINT('Origin',(-52.9000000000197,18.5347449814199,5.72397325771338));
#8920=CARTESIAN_POINT('',(-46.0999999999803,17.5347449814199,5.72397325771338));
#8921=CARTESIAN_POINT('',(-23.0499999999902,17.5347449814199,5.72397325771337));
#8922=CARTESIAN_POINT('Origin',(-46.0999999999803,18.5347449814199,5.72397325771338));
#8923=CARTESIAN_POINT('Origin',(-26.4500000000098,12.1347449813805,9.4190149805497));
#8924=CARTESIAN_POINT('',(-26.4500000000098,12.6347449813805,10.2850403843341));
#8925=CARTESIAN_POINT('',(-26.4500000000098,13.1347449813805,9.4190149805497));
#8926=CARTESIAN_POINT('Origin',(-52.9000000000197,17.5347449814199,3.14595707073581));
#8927=CARTESIAN_POINT('',(-52.9000000000197,13.1347449813805,3.14595707073581));
#8928=CARTESIAN_POINT('',(-52.9000000000197,13.1347449813805,3.14595707073581));
#8929=CARTESIAN_POINT('',(-52.9000000000197,17.5347449814199,3.14595707073581));
#8930=CARTESIAN_POINT('',(-52.9000000000197,16.0173724907099,3.14595707073581));
#8931=CARTESIAN_POINT('',(-52.9000000000197,17.5347449814199,3.14595707073581));
#8932=CARTESIAN_POINT('Origin',(-52.9000000000197,13.1347449813805,3.14595707073581));
#8933=CARTESIAN_POINT('',(-46.0999999999803,13.1347449813805,3.14595707073581));
#8934=CARTESIAN_POINT('',(-46.0999999999803,13.1347449813805,3.14595707073581));
#8935=CARTESIAN_POINT('',(-46.0853629710917,13.1347449813805,3.14595707073581));
#8936=CARTESIAN_POINT('Origin',(0.,3.05488399253304,15.8159757050444));
#8937=CARTESIAN_POINT('',(0.,3.05488399253305,15.8159757050444));
#8938=CARTESIAN_POINT('',(-99.,3.05488399253305,15.8159757050444));
#8939=CARTESIAN_POINT('',(0.,3.05488399253305,15.8159757050444));
#8940=CARTESIAN_POINT('',(0.,6.5,13.8269370507439));
#8941=CARTESIAN_POINT('',(0.,29.5,0.54788085938249));
#8942=CARTESIAN_POINT('',(-15.9641016151378,6.5,13.8269370507439));
#8943=CARTESIAN_POINT('',(-8.05801270186202,6.5,13.8269370507439));
#8944=CARTESIAN_POINT('',(-28.6794919243112,11.6602540378444,10.8476629929076));
#8945=CARTESIAN_POINT('',(-20.2362914203317,8.23377176450377,12.8259434557943));
#8946=CARTESIAN_POINT('',(-31.4393102292058,29.5,0.547880859382492));
#8947=CARTESIAN_POINT('',(-27.505023065831,4.06836799281316,15.2308404446633));
#8948=CARTESIAN_POINT('',(-67.5606897707942,29.5,0.547880859382492));
#8949=CARTESIAN_POINT('',(0.,29.5,0.54788085938249));
#8950=CARTESIAN_POINT('',(-70.3205080756888,11.6602540378444,10.8476629929076));
#8951=CARTESIAN_POINT('',(-71.494976934169,4.06836799281316,15.2308404446633));
#8952=CARTESIAN_POINT('',(-83.0358983848623,6.5,13.8269370507439));
#8953=CARTESIAN_POINT('',(-78.7637085796683,8.23377176450377,12.8259434557943));
#8954=CARTESIAN_POINT('',(-99.,6.5,13.8269370507439));
#8955=CARTESIAN_POINT('',(-90.941987298138,6.5,13.8269370507439));
#8956=CARTESIAN_POINT('',(-99.,29.5,0.54788085938249));
#8957=CARTESIAN_POINT('Origin',(-52.925,19.3347449814002,1.89595707073581));
#8958=CARTESIAN_POINT('',(-47.8,19.3347449814002,1.39595707073581));
#8959=CARTESIAN_POINT('',(-54.3,19.3347449814002,1.39595707073581));
#8960=CARTESIAN_POINT('',(-52.925,19.3347449814002,1.39595707073581));
#8961=CARTESIAN_POINT('',(-54.8,19.8347449814002,1.89595707073581));
#8962=CARTESIAN_POINT('Origin',(-54.3,19.3347449814002,1.89595707073581));
#8963=CARTESIAN_POINT('',(-47.3,19.8347449814002,1.89595707073581));
#8964=CARTESIAN_POINT('',(-52.925,19.8347449814002,1.89595707073581));
#8965=CARTESIAN_POINT('Origin',(-47.8,19.3347449814002,1.89595707073581));
#8966=CARTESIAN_POINT('Origin',(-54.3,18.7097449814002,1.89595707073581));
#8967=CARTESIAN_POINT('',(-54.3,18.8347449814002,1.39595707073581));
#8968=CARTESIAN_POINT('',(-54.3,18.7097449814002,1.39595707073581));
#8969=CARTESIAN_POINT('',(-54.8,18.3347449814002,1.89595707073581));
#8970=CARTESIAN_POINT('Origin',(-54.3,18.8347449814002,1.89595707073581));
#8971=CARTESIAN_POINT('',(-54.8,18.7097449814002,1.89595707073581));
#8972=CARTESIAN_POINT('Origin',(-49.175,18.8347449814002,1.89595707073581));
#8973=CARTESIAN_POINT('',(-47.8,18.8347449814002,1.39595707073581));
#8974=CARTESIAN_POINT('',(-49.175,18.8347449814002,1.39595707073581));
#8975=CARTESIAN_POINT('',(-47.3,18.3347449814002,1.89595707073581));
#8976=CARTESIAN_POINT('Origin',(-47.8,18.8347449814002,1.89595707073581));
#8977=CARTESIAN_POINT('',(-49.175,18.3347449814002,1.89595707073581));
#8978=CARTESIAN_POINT('Origin',(-47.8,19.4597449814002,1.89595707073581));
#8979=CARTESIAN_POINT('',(-47.3,19.4597449814002,1.89595707073581));
#8980=CARTESIAN_POINT('',(-47.8,19.4597449814002,1.39595707073581));
#8981=CARTESIAN_POINT('Origin',(-47.3,19.8347449814002,3.14595707073581));
#8982=CARTESIAN_POINT('',(-47.3,19.8347449814002,3.14595707073581));
#8983=CARTESIAN_POINT('',(-47.3,19.8347449814002,3.14595707073581));
#8984=CARTESIAN_POINT('',(-47.3,18.3347449814002,3.14595707073581));
#8985=CARTESIAN_POINT('',(-47.3,17.1673724907001,3.14595707073581));
#8986=CARTESIAN_POINT('',(-47.3,18.3347449814002,3.14595707073581));
#8987=CARTESIAN_POINT('Origin',(-54.8,19.8347449814002,3.14595707073581));
#8988=CARTESIAN_POINT('',(-54.8,19.8347449814002,3.14595707073581));
#8989=CARTESIAN_POINT('',(-54.8,19.8347449814002,3.14595707073581));
#8990=CARTESIAN_POINT('',(-47.0353629710819,19.8347449814002,3.14595707073581));
#8991=CARTESIAN_POINT('Origin',(-51.05,19.0847449814002,1.39595707073581));
#8992=CARTESIAN_POINT('Origin',(-49.175,11.3347449814002,1.89595707073581));
#8993=CARTESIAN_POINT('',(-54.3,11.3347449814002,1.39595707073581));
#8994=CARTESIAN_POINT('',(-47.8,11.3347449814002,1.39595707073581));
#8995=CARTESIAN_POINT('',(-49.175,11.3347449814002,1.39595707073581));
#8996=CARTESIAN_POINT('',(-47.3,10.8347449814002,1.89595707073581));
#8997=CARTESIAN_POINT('Origin',(-47.8,11.3347449814002,1.89595707073581));
#8998=CARTESIAN_POINT('',(-54.8,10.8347449814002,1.89595707073581));
#8999=CARTESIAN_POINT('',(-49.175,10.8347449814002,1.89595707073581));
#9000=CARTESIAN_POINT('Origin',(-54.3,11.3347449814002,1.89595707073581));
#9001=CARTESIAN_POINT('Origin',(-47.8,11.9597449814002,1.89595707073581));
#9002=CARTESIAN_POINT('',(-47.8,11.8347449814002,1.39595707073581));
#9003=CARTESIAN_POINT('',(-47.8,11.9597449814002,1.39595707073581));
#9004=CARTESIAN_POINT('',(-47.3,12.3347449814002,1.89595707073581));
#9005=CARTESIAN_POINT('Origin',(-47.8,11.8347449814002,1.89595707073581));
#9006=CARTESIAN_POINT('',(-47.3,11.9597449814002,1.89595707073581));
#9007=CARTESIAN_POINT('Origin',(-52.925,11.8347449814002,1.89595707073581));
#9008=CARTESIAN_POINT('',(-54.3,11.8347449814002,1.39595707073581));
#9009=CARTESIAN_POINT('',(-52.925,11.8347449814002,1.39595707073581));
#9010=CARTESIAN_POINT('',(-54.8,12.3347449814002,1.89595707073581));
#9011=CARTESIAN_POINT('Origin',(-54.3,11.8347449814002,1.89595707073581));
#9012=CARTESIAN_POINT('',(-52.925,12.3347449814002,1.89595707073581));
#9013=CARTESIAN_POINT('Origin',(-54.3,11.2097449814002,1.89595707073581));
#9014=CARTESIAN_POINT('',(-54.8,11.2097449814002,1.89595707073581));
#9015=CARTESIAN_POINT('',(-54.3,11.2097449814002,1.39595707073581));
#9016=CARTESIAN_POINT('Origin',(-54.8,10.8347449814002,3.14595707073581));
#9017=CARTESIAN_POINT('',(-54.8,10.8347449814002,3.14595707073581));
#9018=CARTESIAN_POINT('',(-54.8,10.8347449814002,3.14595707073581));
#9019=CARTESIAN_POINT('',(-54.8,12.3347449814002,3.14595707073581));
#9020=CARTESIAN_POINT('',(-54.8,12.6673724907001,3.14595707073581));
#9021=CARTESIAN_POINT('',(-54.8,12.3347449814002,3.14595707073581));
#9022=CARTESIAN_POINT('Origin',(-47.3,10.8347449814002,3.14595707073581));
#9023=CARTESIAN_POINT('',(-47.3,10.8347449814002,3.14595707073581));
#9024=CARTESIAN_POINT('',(-47.3,10.8347449814002,3.14595707073581));
#9025=CARTESIAN_POINT('',(-43.2853629710819,10.8347449814002,3.14595707073581));
#9026=CARTESIAN_POINT('Origin',(-51.05,11.5847449814002,1.39595707073581));
#9027=CARTESIAN_POINT('Origin',(-59.8,13.0847449814002,1.89595707073581));
#9028=CARTESIAN_POINT('',(-59.8,19.3347449814002,1.39595707073581));
#9029=CARTESIAN_POINT('',(-59.8,12.7918517625867,1.39595707073581));
#9030=CARTESIAN_POINT('',(-59.8,13.0847449814002,1.39595707073581));
#9031=CARTESIAN_POINT('',(-60.1535533905933,12.4382983719935,1.54240368014254));
#9032=CARTESIAN_POINT('Origin',(-59.8,12.7918517625867,1.89595707073581));
#9033=CARTESIAN_POINT('',(-60.3,12.0847449814002,1.89595707073581));
#9034=CARTESIAN_POINT('Origin',(-59.8,12.0847449814002,1.89595707073581));
#9035=CARTESIAN_POINT('',(-60.3,19.8347449814002,1.89595707073581));
#9036=CARTESIAN_POINT('',(-60.3,13.0847449814002,1.89595707073581));
#9037=CARTESIAN_POINT('Origin',(-59.8,19.3347449814002,1.89595707073581));
#9038=CARTESIAN_POINT('Origin',(-57.75625,12.7918517625867,1.89595707073581));
#9039=CARTESIAN_POINT('',(-57.3,12.7918517625867,1.39595707073581));
#9040=CARTESIAN_POINT('',(-57.75625,12.7918517625867,1.39595707073581));
#9041=CARTESIAN_POINT('',(-56.9464466094067,12.4382983719935,1.54240368014254));
#9042=CARTESIAN_POINT('Origin',(-57.3,12.7918517625867,1.89595707073581));
#9043=CARTESIAN_POINT('',(-57.75625,12.4382983719935,1.54240368014254));
#9044=CARTESIAN_POINT('Origin',(-57.3,14.497711529261,1.89595707073581));
#9045=CARTESIAN_POINT('',(-57.3,13.9736792225186,1.39595707073581));
#9046=CARTESIAN_POINT('',(-57.3,14.497711529261,1.39595707073581));
#9047=CARTESIAN_POINT('',(-56.8,13.6606780771219,1.89595707073581));
#9048=CARTESIAN_POINT('Ctrl Pts',(-57.3,13.9736792225186,1.39595707073581));
#9049=CARTESIAN_POINT('Ctrl Pts',(-57.2989681069379,13.9729589792808,1.39595707073581));
#9050=CARTESIAN_POINT('Ctrl Pts',(-57.2979359454342,13.9722391203829,1.39596026514518));
#9051=CARTESIAN_POINT('Ctrl Pts',(-57.255688494234,13.9427978549953,1.39622190607554));
#9052=CARTESIAN_POINT('Ctrl Pts',(-57.2140748474104,13.9147159314401,1.40157473151404));
#9053=CARTESIAN_POINT('Ctrl Pts',(-57.1331281217947,13.8615700634028,1.4228194570159));
#9054=CARTESIAN_POINT('Ctrl Pts',(-57.0938441174167,13.8364980612667,1.43841768164073));
#9055=CARTESIAN_POINT('Ctrl Pts',(-57.0032725393894,13.7799521694265,1.48895748939296));
#9056=CARTESIAN_POINT('Ctrl Pts',(-56.9542929654575,13.7504691543911,1.52898121462399));
#9057=CARTESIAN_POINT('Ctrl Pts',(-56.8772798014562,13.7049840634163,1.62294718712805));
#9058=CARTESIAN_POINT('Ctrl Pts',(-56.848144889967,13.6881870879314,1.67377330443763));
#9059=CARTESIAN_POINT('Ctrl Pts',(-56.8097635164226,13.6661937546343,1.78276773759716));
#9060=CARTESIAN_POINT('Ctrl Pts',(-56.8,13.6606780771219,1.83891742407278));
#9061=CARTESIAN_POINT('Ctrl Pts',(-56.8,13.6606780771219,1.89595707073581));
#9062=CARTESIAN_POINT('',(-56.8,12.0847449814002,1.89595707073581));
#9063=CARTESIAN_POINT('',(-56.8,14.497711529261,1.89595707073581));
#9064=CARTESIAN_POINT('Origin',(-57.3,12.0847449814002,1.89595707073581));
#9065=CARTESIAN_POINT('Origin',(-57.8,15.3347449814002,1.89595707073581));
#9066=CARTESIAN_POINT('',(-57.3,16.6958107402818,1.39595707073581));
#9067=CARTESIAN_POINT('Origin',(-57.8,15.3347449814002,1.39595707073581));
#9068=CARTESIAN_POINT('',(-56.8,17.0088118856785,1.89595707073581));
#9069=CARTESIAN_POINT('Ctrl Pts',(-57.3,16.6958107402818,1.39595707073581));
#9070=CARTESIAN_POINT('Ctrl Pts',(-57.2989681069379,16.6965309835196,1.39595707073581));
#9071=CARTESIAN_POINT('Ctrl Pts',(-57.2979359454343,16.6972508424175,1.39596026514518));
#9072=CARTESIAN_POINT('Ctrl Pts',(-57.2556884942333,16.7266921078055,1.39622190607554));
#9073=CARTESIAN_POINT('Ctrl Pts',(-57.2140748474103,16.7547740313603,1.40157473151407));
#9074=CARTESIAN_POINT('Ctrl Pts',(-57.1331281217947,16.8079198993976,1.4228194570159));
#9075=CARTESIAN_POINT('Ctrl Pts',(-57.0938441174167,16.8329919015337,1.43841768164073));
#9076=CARTESIAN_POINT('Ctrl Pts',(-57.0032725393894,16.8895377933739,1.48895748939296));
#9077=CARTESIAN_POINT('Ctrl Pts',(-56.9542929654575,16.9190208084092,1.52898121462399));
#9078=CARTESIAN_POINT('Ctrl Pts',(-56.8772798014563,16.9645058993841,1.622947187128));
#9079=CARTESIAN_POINT('Ctrl Pts',(-56.848144889967,16.981302874869,1.6737733044376));
#9080=CARTESIAN_POINT('Ctrl Pts',(-56.8097635164225,17.0032962081661,1.78276773759722));
#9081=CARTESIAN_POINT('Ctrl Pts',(-56.8,17.0088118856785,1.83891742407281));
#9082=CARTESIAN_POINT('Ctrl Pts',(-56.8,17.0088118856785,1.89595707073581));
#9083=CARTESIAN_POINT('Origin',(-57.8,15.3347449814002,1.89595707073581));
#9084=CARTESIAN_POINT('Origin',(-57.3,17.5847449814002,1.89595707073581));
#9085=CARTESIAN_POINT('',(-56.8,19.8347449814002,1.89595707073581));
#9086=CARTESIAN_POINT('',(-56.8,17.5847449814002,1.89595707073581));
#9087=CARTESIAN_POINT('',(-57.3,19.3347449814002,1.39595707073581));
#9088=CARTESIAN_POINT('',(-57.3,17.5847449814002,1.39595707073581));
#9089=CARTESIAN_POINT('Origin',(-57.3,19.3347449814002,1.89595707073581));
#9090=CARTESIAN_POINT('Origin',(-59.1875,19.3347449814002,1.89595707073581));
#9091=CARTESIAN_POINT('',(-59.1875,19.8347449814002,1.89595707073581));
#9092=CARTESIAN_POINT('',(-59.1875,19.3347449814002,1.39595707073581));
#9093=CARTESIAN_POINT('Origin',(-56.8,19.8347449814002,3.14595707073581));
#9094=CARTESIAN_POINT('',(-56.8,19.8347449814002,3.14595707073581));
#9095=CARTESIAN_POINT('',(-56.8,19.8347449814002,3.14595707073581));
#9096=CARTESIAN_POINT('',(-56.8,17.0088118856785,3.14595707073581));
#9097=CARTESIAN_POINT('',(-56.8,17.1673724907001,3.14595707073581));
#9098=CARTESIAN_POINT('',(-56.8,17.0088118856785,3.14595707073581));
#9099=CARTESIAN_POINT('Origin',(-60.3,19.8347449814002,3.14595707073581));
#9100=CARTESIAN_POINT('',(-60.3,19.8347449814002,3.14595707073581));
#9101=CARTESIAN_POINT('',(-60.3,19.8347449814002,3.14595707073581));
#9102=CARTESIAN_POINT('',(-49.7853629710819,19.8347449814002,3.14595707073581));
#9103=CARTESIAN_POINT('Origin',(-60.3,10.8347449814002,3.14595707073581));
#9104=CARTESIAN_POINT('',(-60.3,10.8347449814002,3.14595707073581));
#9105=CARTESIAN_POINT('',(-60.3,11.2722449814002,2.70845707073581));
#9106=CARTESIAN_POINT('',(-60.3,12.6673724907001,3.14595707073581));
#9107=CARTESIAN_POINT('Origin',(-58.075,15.3347449814002,1.39595707073581));
#9108=CARTESIAN_POINT('',(-56.85,15.3347449814002,1.39595707073581));
#9109=CARTESIAN_POINT('Origin',(-57.8,15.3347449814002,1.39595707073581));
#9110=CARTESIAN_POINT('Origin',(-57.4375,11.7097449814002,2.27095707073581));
#9111=CARTESIAN_POINT('',(-56.8,10.8347449814002,3.14595707073581));
#9112=CARTESIAN_POINT('',(-56.8,11.9787282553306,2.00197379680539));
#9113=CARTESIAN_POINT('',(-48.0353629710818,10.8347449814002,3.14595707073581));
#9114=CARTESIAN_POINT('Origin',(-57.8,15.3347449814002,2.89595707073581));
#9115=CARTESIAN_POINT('',(-56.85,15.3347449814002,4.39595707073581));
#9116=CARTESIAN_POINT('',(-56.85,15.3347449814002,2.89595707073581));
#9117=CARTESIAN_POINT('Origin',(-57.8,15.3347449814002,4.39595707073581));
#9118=CARTESIAN_POINT('Origin',(-57.8,15.3347449814002,4.39595707073581));
#9119=CARTESIAN_POINT('Origin',(-54.8,12.3347449814002,3.14595707073581));
#9120=CARTESIAN_POINT('',(-47.3,12.3347449814002,3.14595707073581));
#9121=CARTESIAN_POINT('',(-47.0353629710819,12.3347449814002,3.14595707073581));
#9122=CARTESIAN_POINT('',(-47.3,12.3347449814002,3.14595707073581));
#9123=CARTESIAN_POINT('Origin',(-47.3,12.3347449814002,3.14595707073581));
#9124=CARTESIAN_POINT('',(-47.3,13.4173724907001,3.14595707073581));
#9125=CARTESIAN_POINT('Origin',(-56.8,13.6606780771219,3.14595707073581));
#9126=CARTESIAN_POINT('',(-56.8,13.6606780771219,3.14595707073581));
#9127=CARTESIAN_POINT('',(-56.8,13.6606780771219,3.14595707073581));
#9128=CARTESIAN_POINT('',(-56.8,14.0803390385609,3.14595707073581));
#9129=CARTESIAN_POINT('Origin',(-57.8,15.3347449814002,3.14595707073581));
#9130=CARTESIAN_POINT('Origin',(-57.8,15.3347449814002,3.14595707073581));
#9131=CARTESIAN_POINT('Origin',(-47.3,18.3347449814002,3.14595707073581));
#9132=CARTESIAN_POINT('',(-54.8,18.3347449814002,3.14595707073581));
#9133=CARTESIAN_POINT('',(-43.2853629710819,18.3347449814002,3.14595707073581));
#9134=CARTESIAN_POINT('',(-54.8,18.3347449814002,3.14595707073581));
#9135=CARTESIAN_POINT('Origin',(-54.8,18.3347449814002,3.14595707073581));
#9136=CARTESIAN_POINT('',(-54.8,16.4173724907001,3.14595707073581));
#9137=CARTESIAN_POINT('Origin',(-46.0999999999803,17.5347449814199,3.14595707073581));
#9138=CARTESIAN_POINT('',(-46.0999999999803,17.5347449814199,3.14595707073581));
#9139=CARTESIAN_POINT('',(-42.685362971072,17.5347449814199,3.14595707073581));
#9140=CARTESIAN_POINT('',(-46.0999999999803,17.5347449814199,3.14595707073581));
#9141=CARTESIAN_POINT('Origin',(-46.0999999999803,13.1347449813805,3.14595707073581));
#9142=CARTESIAN_POINT('',(-46.0999999999803,13.8173724906902,3.14595707073581));
#9143=CARTESIAN_POINT('Origin',(-94.7661165235168,15.5338834764832,-12.8246077092677));
#9144=CARTESIAN_POINT('',(-95.65,13.4,-14.7672006151142));
#9145=CARTESIAN_POINT('',(-93.8822330470336,17.6677669529664,-16.5349675680806));
#9146=CARTESIAN_POINT('',(-94.495085172207,16.1882110406437,-15.9221154429073));
#9147=CARTESIAN_POINT('',(-95.65,13.4,-15.4));
#9148=CARTESIAN_POINT('',(-95.65,13.4,-12.8246077092677));
#9149=CARTESIAN_POINT('',(-93.8822330470336,17.6677669529664,-19.6677669529664));
#9150=CARTESIAN_POINT('',(-94.2445067424204,16.7931608842728,-18.7931608842727));
#9151=CARTESIAN_POINT('',(-93.8822330470336,17.6677669529664,-12.8246077092677));
#9152=CARTESIAN_POINT('Origin',(-92.85,18.7,-17.5054720112166));
#9153=CARTESIAN_POINT('',(-90.05,21.5,-23.5));
#9154=CARTESIAN_POINT('',(-93.4740879981306,18.0759120018694,-20.0759120018694));
#9155=CARTESIAN_POINT('',(-90.05,21.5,-22.1305679725204));
#9156=CARTESIAN_POINT('',(-90.05,21.5,-26.8672006151142));
#9157=CARTESIAN_POINT('',(-91.1469529858844,20.4030470141156,-21.210115126646));
#9158=CARTESIAN_POINT('',(-92.148715009049,19.401284990951,-20.3695369824812));
#9159=CARTESIAN_POINT('',(-90.2618774445595,21.2881225554405,-20.1553231705548));
#9160=CARTESIAN_POINT('',(-90.3842473739132,21.1657526260868,-20.3011579734875));
#9161=CARTESIAN_POINT('',(-93.1644547673163,18.3855452326837,-17.252745847798));
#9162=CARTESIAN_POINT('Origin',(-56.2773486114277,7.70096189432334,16.52962884465));
#9163=CARTESIAN_POINT('',(-69.1547005383792,9.,6.49681003182169));
#9164=CARTESIAN_POINT('',(-95.65,9.,-8.8002582446048));
#9165=CARTESIAN_POINT('',(-55.1523486114277,9.,14.5810716861351));
#9166=CARTESIAN_POINT('',(-70.3604719043193,6.40192378864668,10.9968100318217));
#9167=CARTESIAN_POINT('',(-69.1547005383792,9.,6.49681003182169));
#9168=CARTESIAN_POINT('',(-95.65,6.40192378864668,-3.60410582189816));
#9169=CARTESIAN_POINT('',(-57.4023486114277,6.40192378864668,18.478186003165));
#9170=CARTESIAN_POINT('',(-95.65,3.99781580412419,1.20411014714684));
#9171=CARTESIAN_POINT('Origin',(-95.65,12.25,-8.14374340731889));
#9172=CARTESIAN_POINT('',(-95.65,5.5,-3.00282329613371));
#9173=CARTESIAN_POINT('',(-95.65,2.1888333196684,-0.795378842579308));
#9174=CARTESIAN_POINT('',(-95.65,5.5,11.5175359739854));
#9175=CARTESIAN_POINT('',(-95.65,5.5,13.5639981968403));
#9176=CARTESIAN_POINT('',(-95.65,-0.799999999999999,15.15484266988));
#9177=CARTESIAN_POINT('',(-95.65,24.2880418537782,0.670254952160599));
#9178=CARTESIAN_POINT('',(-95.65,-0.8,15.8416662928277));
#9179=CARTESIAN_POINT('',(-95.65,-0.8,0.));
#9180=CARTESIAN_POINT('',(-95.65,-5.,15.8416662928277));
#9181=CARTESIAN_POINT('',(-95.65,-5.,15.8416662928277));
#9182=CARTESIAN_POINT('',(-95.65,-5.,0.));
#9183=CARTESIAN_POINT('',(-95.65,-5.,18.5966673091992));
#9184=CARTESIAN_POINT('',(-95.65,0.,-5.));
#9185=CARTESIAN_POINT('Origin',(-95.65,0.,0.));
#9186=CARTESIAN_POINT('',(-95.65,5.25,-5.));
#9187=CARTESIAN_POINT('',(-95.65,0.,-5.));
#9188=CARTESIAN_POINT('',(-95.65,5.25,-7.25));
#9189=CARTESIAN_POINT('',(-95.65,5.25,0.));
#9190=CARTESIAN_POINT('',(-95.65,8.99999999999999,-11.));
#9191=CARTESIAN_POINT('',(-95.65,5.,-7.));
#9192=CARTESIAN_POINT('',(-95.65,9.,-4.4484666877486));
#9193=CARTESIAN_POINT('',(-95.65,-2.05128338857182E-16,1.675));
#9194=CARTESIAN_POINT('Origin',(-95.65,0.,0.));
#9195=CARTESIAN_POINT('Origin',(-63.3492941867218,18.7,8.84599790017734));
#9196=CARTESIAN_POINT('',(-86.5856007737229,19.2,-3.56948996280038));
#9197=CARTESIAN_POINT('',(-78.9645772204198,19.2,0.83051003719962));
#9198=CARTESIAN_POINT('',(-63.7823068886141,19.2,9.59599790017734));
#9199=CARTESIAN_POINT('',(-85.5365626680462,17.8339745962156,-3.38647726090816));
#9200=CARTESIAN_POINT('Origin',(-86.1525880718307,18.7,-4.31948996280038));
#9201=CARTESIAN_POINT('',(-85.2865626680462,17.7,-3.81948996280038));
#9202=CARTESIAN_POINT('Origin',(-85.2865626680462,18.7,-3.81948996280038));
#9203=CARTESIAN_POINT('',(-79.397589922312,17.7,-0.419489962800383));
#9204=CARTESIAN_POINT('',(-63.3492941867218,17.7,8.84599790017734));
#9205=CARTESIAN_POINT('',(-79.6475899223121,17.8339745962156,0.0135227390918347));
#9206=CARTESIAN_POINT('Origin',(-79.3975899223121,18.7,-0.419489962800383));
#9207=CARTESIAN_POINT('Origin',(-78.5315645185276,18.7,0.0805100371996204));
#9208=CARTESIAN_POINT('Origin',(-76.9979778659927,24.0125,-2.57573996280038));
#9209=CARTESIAN_POINT('',(-80.956435649124,13.3,2.28051003719962));
#9210=CARTESIAN_POINT('',(-77.8640032697771,24.0125,-3.07573996280038));
#9211=CARTESIAN_POINT('',(-81.1290853799344,13.3,2.84749733530741));
#9212=CARTESIAN_POINT('Origin',(-80.0904102453396,13.3,2.78051003719963));
#9213=CARTESIAN_POINT('',(-80.8120980818266,12.8,4.03051003719963));
#9214=CARTESIAN_POINT('Origin',(-80.3790853799344,12.3,3.28051003719963));
#9215=CARTESIAN_POINT('',(-77.4309905678849,24.5125,-1.82573996280038));
#9216=CARTESIAN_POINT('Origin',(-85.0953153913771,22.3625,-6.15073996280038));
#9217=CARTESIAN_POINT('',(-88.4331216351297,12.8,-0.369489962800371));
#9218=CARTESIAN_POINT('',(-85.5283280932694,22.8625,-5.40073996280038));
#9219=CARTESIAN_POINT('',(-87.2501089332375,13.3,-0.686477260908152));
#9220=CARTESIAN_POINT('Origin',(-88.0001089332375,12.3,-1.11948996280037));
#9221=CARTESIAN_POINT('',(-86.8454083948582,13.3,-1.11948996280038));
#9222=CARTESIAN_POINT('Origin',(-87.7114337986426,13.3,-1.61948996280037));
#9223=CARTESIAN_POINT('',(-84.2292899875927,22.3625,-5.65073996280038));
#9224=CARTESIAN_POINT('Origin',(-62.2523286752616,12.3,13.7459979001773));
#9225=CARTESIAN_POINT('',(-62.6853413771538,12.8,14.4959979001773));
#9226=CARTESIAN_POINT('',(-62.2523286752616,13.3,13.7459979001773));
#9227=CARTESIAN_POINT('Origin',(-84.0452595892885,13.3,-5.96948996280038));
#9228=CARTESIAN_POINT('',(-84.0452595892885,13.3,-5.96948996280038));
#9229=CARTESIAN_POINT('',(-84.0452595892885,13.3,-5.96948996280038));
#9230=CARTESIAN_POINT('',(-84.0452595892885,17.7,-5.96948996280038));
#9231=CARTESIAN_POINT('',(-84.0452595892885,13.9,-5.96948996280038));
#9232=CARTESIAN_POINT('',(-84.0452595892885,17.7,-5.96948996280038));
#9233=CARTESIAN_POINT('Origin',(-84.0452595892885,17.7,-5.96948996280038));
#9234=CARTESIAN_POINT('',(-78.1562868435543,17.7,-2.56948996280039));
#9235=CARTESIAN_POINT('',(-82.6309102034267,17.7,-5.15291496414486));
#9236=CARTESIAN_POINT('',(-78.1562868435543,17.7,-2.56948996280039));
#9237=CARTESIAN_POINT('Origin',(-38.8716845209631,29.5,17.1114857631551));
#9238=CARTESIAN_POINT('',(-99.,11.6602540378444,-5.7104493898152));
#9239=CARTESIAN_POINT('',(-44.0215755877257,11.6602540378444,26.0313587442329));
#9240=CARTESIAN_POINT('',(-99.,29.5,-17.6036133645856));
#9241=CARTESIAN_POINT('',(-65.0059284818308,29.5,2.02287297728072));
#9242=CARTESIAN_POINT('',(-99.,-0.607054598280066,2.4677563676011));
#9243=CARTESIAN_POINT('Origin',(-57.3125,-5.,16.9416662928277));
#9244=CARTESIAN_POINT('',(-57.7125,-1.55930143739672,16.6416662928277));
#9245=CARTESIAN_POINT('',(-57.3125,-1.46603990576572,16.4416662928277));
#9246=CARTESIAN_POINT('Origin',(-57.3125,-1.69919373484322,16.9416662928277));
#9247=CARTESIAN_POINT('',(-57.7125,-0.8,16.6416662928277));
#9248=CARTESIAN_POINT('',(-57.7125,-5.,16.6416662928277));
#9249=CARTESIAN_POINT('',(-57.3125,-0.8,16.4416662928277));
#9250=CARTESIAN_POINT('Origin',(-57.3125,-0.8,16.9416662928277));
#9251=CARTESIAN_POINT('',(-57.3125,-5.,16.4416662928277));
#9252=CARTESIAN_POINT('Origin',(-57.5625,-5.,16.4416662928277));
#9253=CARTESIAN_POINT('',(-60.6,-3.35458592129346,20.4916662928277));
#9254=CARTESIAN_POINT('',(-56.3190337410883,-0.69292278684857,14.7837112809454));
#9255=CARTESIAN_POINT('',(-60.6,-0.8,20.4916662928277));
#9256=CARTESIAN_POINT('',(-60.6,-5.,20.4916662928277));
#9257=CARTESIAN_POINT('',(-60.75,-0.8,20.6916662928277));
#9258=CARTESIAN_POINT('Origin',(-61.,-5.,20.1916662928277));
#9259=CARTESIAN_POINT('',(-61.,-0.8,20.6916662928277));
#9260=CARTESIAN_POINT('Origin',(-61.,-0.8,20.1916662928277));
#9261=CARTESIAN_POINT('',(-61.,-3.44784745292446,20.6916662928277));
#9262=CARTESIAN_POINT('Origin',(-61.,-3.21469362384696,20.1916662928277));
#9263=CARTESIAN_POINT('',(-61.,-5.,20.6916662928277));
#9264=CARTESIAN_POINT('Origin',(-73.,-5.,20.1916662928277));
#9265=CARTESIAN_POINT('',(-73.4,-0.8,20.4916662928277));
#9266=CARTESIAN_POINT('',(-73.,-0.8,20.6916662928277));
#9267=CARTESIAN_POINT('Origin',(-73.,-0.8,20.1916662928277));
#9268=CARTESIAN_POINT('',(-73.,-3.44784745292446,20.6916662928277));
#9269=CARTESIAN_POINT('',(-73.,-5.,20.6916662928277));
#9270=CARTESIAN_POINT('',(-73.4,-3.35458592129346,20.4916662928277));
#9271=CARTESIAN_POINT('Origin',(-73.,-3.21469362384696,20.1916662928277));
#9272=CARTESIAN_POINT('',(-73.4,-5.,20.4916662928277));
#9273=CARTESIAN_POINT('Origin',(-60.75,-5.,20.6916662928277));
#9274=CARTESIAN_POINT('',(-55.125,-3.44784745292446,20.6916662928277));
#9275=CARTESIAN_POINT('',(-73.25,-0.8,20.6916662928277));
#9276=CARTESIAN_POINT('Origin',(-76.6875,-5.,16.9416662928277));
#9277=CARTESIAN_POINT('',(-76.6875,-1.46603990576572,16.4416662928277));
#9278=CARTESIAN_POINT('',(-76.2875,-1.55930143739672,16.6416662928277));
#9279=CARTESIAN_POINT('Origin',(-76.6875,-1.69919373484322,16.9416662928277));
#9280=CARTESIAN_POINT('',(-76.6875,-0.8,16.4416662928277));
#9281=CARTESIAN_POINT('',(-76.6875,-5.,16.4416662928277));
#9282=CARTESIAN_POINT('',(-76.2875,-0.8,16.6416662928277));
#9283=CARTESIAN_POINT('Origin',(-76.6875,-0.8,16.9416662928277));
#9284=CARTESIAN_POINT('',(-76.2875,-5.,16.6416662928277));
#9285=CARTESIAN_POINT('Origin',(-73.25,-5.,20.6916662928277));
#9286=CARTESIAN_POINT('',(-70.7515390026627,-5.00124944847107,24.0229476226107));
#9287=CARTESIAN_POINT('',(-76.625,-0.8,16.1916662928277));
#9288=CARTESIAN_POINT('Origin',(-88.5,-5.,19.1058798552008));
#9289=CARTESIAN_POINT('',(-89.,-2.7083830928607,19.1058798552008));
#9290=CARTESIAN_POINT('',(-88.8535533905933,-2.5435184392604,18.7523264646075));
#9291=CARTESIAN_POINT('Origin',(-88.5,-2.7083830928607,19.1058798552008));
#9292=CARTESIAN_POINT('',(-89.,-0.8,19.1058798552008));
#9293=CARTESIAN_POINT('',(-89.,-5.,19.1058798552008));
#9294=CARTESIAN_POINT('',(-88.8535533905933,-0.8,18.7523264646075));
#9295=CARTESIAN_POINT('Origin',(-88.5,-0.8,19.1058798552008));
#9296=CARTESIAN_POINT('',(-88.8535533905933,-5.,18.7523264646075));
#9297=CARTESIAN_POINT('Origin',(-86.5428932188134,-5.,16.4416662928277));
#9298=CARTESIAN_POINT('',(-86.6893398282202,-0.8,16.5881129022344));
#9299=CARTESIAN_POINT('',(-89.,-0.8,18.8987730740142));
#9300=CARTESIAN_POINT('',(-86.6893398282202,-1.53432908124291,16.5881129022344));
#9301=CARTESIAN_POINT('',(-86.6893398282202,-5.,16.5881129022344));
#9302=CARTESIAN_POINT('',(-78.2229158187263,2.41362927157143,8.12168889274051));
#9303=CARTESIAN_POINT('Origin',(-86.3357864376269,-5.,16.9416662928277));
#9304=CARTESIAN_POINT('',(-86.3357864376269,-1.46603990576572,16.4416662928277));
#9305=CARTESIAN_POINT('Origin',(-86.3357864376269,-1.69919373484322,16.9416662928277));
#9306=CARTESIAN_POINT('',(-86.3357864376269,-0.8,16.4416662928277));
#9307=CARTESIAN_POINT('Origin',(-86.3357864376269,-0.8,16.9416662928277));
#9308=CARTESIAN_POINT('',(-86.3357864376269,-5.,16.4416662928277));
#9309=CARTESIAN_POINT('Origin',(-71.0646861536573,12.75,0.947497335307398));
#9310=CARTESIAN_POINT('',(-71.3146861536573,20.,1.38051003719962));
#9311=CARTESIAN_POINT('',(-71.4976988555495,20.,0.697497335307396));
#9312=CARTESIAN_POINT('Origin',(-71.0646861536573,20.,0.947497335307397));
#9313=CARTESIAN_POINT('',(-71.3146861536573,11.,1.38051003719962));
#9314=CARTESIAN_POINT('',(-71.3146861536573,12.75,1.38051003719962));
#9315=CARTESIAN_POINT('',(-71.5646861536573,11.,0.947497335307398));
#9316=CARTESIAN_POINT('Origin',(-71.0646861536573,11.,0.947497335307398));
#9317=CARTESIAN_POINT('',(-71.4976988555495,11.25,0.697497335307396));
#9318=CARTESIAN_POINT('Origin',(-71.0646861536573,11.25,0.947497335307398));
#9319=CARTESIAN_POINT('',(-71.4976988555495,12.75,0.697497335307397));
#9320=CARTESIAN_POINT('Origin',(-81.2165608175648,14.5,-4.33633996548935));
#9321=CARTESIAN_POINT('',(-68.2568421935008,20.,3.14595707073581));
#9322=CARTESIAN_POINT('',(-67.9103613133199,20.,3.34599790017734));
#9323=CARTESIAN_POINT('',(-68.2568421935008,10.6694899628004,3.14595707073581));
#9324=CARTESIAN_POINT('',(-68.2568421935008,14.5,3.14595707073581));
#9325=CARTESIAN_POINT('',(-95.65,10.6694899628004,-12.6694899628004));
#9326=CARTESIAN_POINT('',(-74.7367015055328,10.6694899628004,-0.595191447376769));
#9327=CARTESIAN_POINT('',(-95.65,20.,-12.6694899628004));
#9328=CARTESIAN_POINT('',(-95.65,11.4597449814002,-12.6694899628004));
#9329=CARTESIAN_POINT('',(-83.0060291047472,20.,-5.36948996280038));
#9330=CARTESIAN_POINT('',(-67.9103613133199,20.,3.34599790017734));
#9331=CARTESIAN_POINT('',(-83.0060291047472,18.5,-5.36948996280038));
#9332=CARTESIAN_POINT('',(-83.0060291047472,17.25,-5.36948996280038));
#9333=CARTESIAN_POINT('',(-76.5108385763639,18.5,-1.61948996280038));
#9334=CARTESIAN_POINT('',(-82.111294961156,18.5,-4.85291496414486));
#9335=CARTESIAN_POINT('',(-76.5108385763639,20.,-1.61948996280038));
#9336=CARTESIAN_POINT('',(-76.5108385763639,16.5,-1.61948996280038));
#9337=CARTESIAN_POINT('',(-74.778787768795,20.,-0.619489962800388));
#9338=CARTESIAN_POINT('',(-67.9103613133199,20.,3.34599790017734));
#9339=CARTESIAN_POINT('',(-74.778787768795,16.9361406616345,-0.619489962800388));
#9340=CARTESIAN_POINT('',(-74.778787768795,17.25,-0.619489962800387));
#9341=CARTESIAN_POINT('',(-74.778787768795,14.0638593383655,-0.619489962800386));
#9342=CARTESIAN_POINT('Origin',(-73.9127623650106,15.5,-0.119489962800388));
#9343=CARTESIAN_POINT('',(-74.778787768795,11.,-0.619489962800386));
#9344=CARTESIAN_POINT('',(-74.778787768795,14.2819296691827,-0.619489962800383));
#9345=CARTESIAN_POINT('',(-77.9976742931799,11.,-2.47791496414486));
#9346=CARTESIAN_POINT('',(-83.0060291047472,12.5,-5.36948996280038));
#9347=CARTESIAN_POINT('',(-76.5108385763639,12.5,-1.61948996280038));
#9348=CARTESIAN_POINT('',(-78.8636996969644,12.5,-2.97791496414486));
#9349=CARTESIAN_POINT('',(-83.0060291047472,11.,-5.36948996280038));
#9350=CARTESIAN_POINT('',(-83.0060291047472,13.5,-5.36948996280038));
#9351=CARTESIAN_POINT('',(-76.5108385763639,11.,-1.61948996280038));
#9352=CARTESIAN_POINT('',(-82.111294961156,11.,-4.85291496414486));
#9353=CARTESIAN_POINT('',(-76.5108385763639,12.75,-1.61948996280038));
#9354=CARTESIAN_POINT('',(-78.1562868435543,13.3,-2.56948996280038));
#9355=CARTESIAN_POINT('',(-79.6864238305596,13.3,-3.45291496414486));
#9356=CARTESIAN_POINT('',(-78.1562868435543,16.1,-2.56948996280038));
#9357=CARTESIAN_POINT('Origin',(-73.7207750669028,17.75,-1.45202171753093));
#9358=CARTESIAN_POINT('',(-73.4707750669028,16.645643923739,-1.88503441942315));
#9359=CARTESIAN_POINT('',(-73.4707750669028,19.5,-1.88503441942315));
#9360=CARTESIAN_POINT('',(-73.4707750669028,17.75,-1.88503441942315));
#9361=CARTESIAN_POINT('',(-74.153787768795,16.9361406616345,-1.70202171753094));
#9362=CARTESIAN_POINT('Ctrl Pts',(-73.4707750669028,16.645643923739,-1.88503441942315));
#9363=CARTESIAN_POINT('Ctrl Pts',(-73.4716693219897,16.6463199170443,-1.88555071783829));
#9364=CARTESIAN_POINT('Ctrl Pts',(-73.4725654136824,16.6469954913581,-1.88606438299905));
#9365=CARTESIAN_POINT('Ctrl Pts',(-73.5083492086831,16.6739014590395,-1.90642953631594));
#9366=CARTESIAN_POINT('Ctrl Pts',(-73.5459660330398,16.6994611933146,-1.92227757465322));
#9367=CARTESIAN_POINT('Ctrl Pts',(-73.6244751588074,16.747876585968,-1.94431494053014));
#9368=CARTESIAN_POINT('Ctrl Pts',(-73.6651648434459,16.7707088390471,-1.95067026047437));
#9369=CARTESIAN_POINT('Ctrl Pts',(-73.7681125144037,16.8232918069562,-1.95352891308744));
#9370=CARTESIAN_POINT('Ctrl Pts',(-73.8309054365765,16.8509546291767,-1.94401982386233));
#9371=CARTESIAN_POINT('Ctrl Pts',(-73.9460636378477,16.893966446315,-1.90211816190145));
#9372=CARTESIAN_POINT('Ctrl Pts',(-73.9977224685129,16.909911572317,-1.87264808052425));
#9373=CARTESIAN_POINT('Ctrl Pts',(-74.0873732403672,16.9308808047537,-1.79680908155621));
#9374=CARTESIAN_POINT('Ctrl Pts',(-74.1247484730199,16.9361406616345,-1.75231925322943));
#9375=CARTESIAN_POINT('Ctrl Pts',(-74.153787768795,16.9361406616345,-1.70202171753093));
#9376=CARTESIAN_POINT('',(-74.153787768795,20.,-1.70202171753094));
#9377=CARTESIAN_POINT('',(-74.153787768795,17.75,-1.70202171753093));
#9378=CARTESIAN_POINT('Origin',(-73.7207750669028,19.5,-1.45202171753093));
#9379=CARTESIAN_POINT('Origin',(-72.0428508470705,19.5,-0.483271717530933));
#9380=CARTESIAN_POINT('',(-71.3057115574417,19.5,-0.635034419423152));
#9381=CARTESIAN_POINT('',(-71.7928508470705,19.5,-0.916284419423153));
#9382=CARTESIAN_POINT('',(-71.1226988555495,20.,0.0479782824690679));
#9383=CARTESIAN_POINT('',(-72.0428508470705,20.,-0.483271717530933));
#9384=CARTESIAN_POINT('Origin',(-71.5557115574417,19.5,-0.202021717530932));
#9385=CARTESIAN_POINT('Origin',(-71.5557115574417,13.25,-0.202021717530933));
#9386=CARTESIAN_POINT('',(-71.3057115574417,12.7071067811865,-0.635034419423152));
#9387=CARTESIAN_POINT('',(-71.3057115574417,13.25,-0.635034419423152));
#9388=CARTESIAN_POINT('',(-71.1226988555495,12.,0.0479782824690664));
#9389=CARTESIAN_POINT('',(-71.1226988555495,13.25,0.0479782824690672));
#9390=CARTESIAN_POINT('',(-71.0727486442972,12.3535533905933,-0.331431240082193));
#9391=CARTESIAN_POINT('Origin',(-71.5557115574417,12.,-0.202021717530933));
#9392=CARTESIAN_POINT('Origin',(-71.5557115574417,12.7071067811865,-0.202021717530933));
#9393=CARTESIAN_POINT('Origin',(-73.2606990711423,12.7071067811865,-1.18639671753093));
#9394=CARTESIAN_POINT('',(-73.8501845894541,12.3535533905933,-1.93498463067547));
#9395=CARTESIAN_POINT('',(-73.0839223758457,12.3535533905933,-1.49258293537883));
#9396=CARTESIAN_POINT('',(-73.4707750669028,12.7071067811865,-1.88503441942315));
#9397=CARTESIAN_POINT('Origin',(-73.7207750669028,12.7071067811865,-1.45202171753093));
#9398=CARTESIAN_POINT('',(-73.0106990711423,12.7071067811865,-1.61940941942315));
#9399=CARTESIAN_POINT('Origin',(-73.7207750669028,14.7819296691827,-1.45202171753093));
#9400=CARTESIAN_POINT('',(-74.153787768795,14.0638593383655,-1.70202171753093));
#9401=CARTESIAN_POINT('',(-74.153787768795,12.,-1.70202171753093));
#9402=CARTESIAN_POINT('',(-74.153787768795,14.7819296691827,-1.70202171753093));
#9403=CARTESIAN_POINT('',(-73.4707750669028,14.354356076261,-1.88503441942315));
#9404=CARTESIAN_POINT('Ctrl Pts',(-73.4707750669028,14.354356076261,-1.88503441942316));
#9405=CARTESIAN_POINT('Ctrl Pts',(-73.4716693219913,14.3536800829546,-1.8855507178392));
#9406=CARTESIAN_POINT('Ctrl Pts',(-73.4725654136811,14.3530045086428,-1.88606438299826));
#9407=CARTESIAN_POINT('Ctrl Pts',(-73.5083492087056,14.3260985409445,-1.90642953632875));
#9408=CARTESIAN_POINT('Ctrl Pts',(-73.5459660330443,14.3005388066827,-1.92227757465449));
#9409=CARTESIAN_POINT('Ctrl Pts',(-73.6244751588075,14.2521234140319,-1.94431494053016));
#9410=CARTESIAN_POINT('Ctrl Pts',(-73.665164843446,14.2292911609529,-1.95067026047437));
#9411=CARTESIAN_POINT('Ctrl Pts',(-73.7681125144037,14.1767081930438,-1.95352891308744));
#9412=CARTESIAN_POINT('Ctrl Pts',(-73.8309054365765,14.1490453708233,-1.94401982386233));
#9413=CARTESIAN_POINT('Ctrl Pts',(-73.9460636378477,14.106033553685,-1.90211816190145));
#9414=CARTESIAN_POINT('Ctrl Pts',(-73.9977224685129,14.090088427683,-1.87264808052425));
#9415=CARTESIAN_POINT('Ctrl Pts',(-74.0873732403672,14.0691191952463,-1.7968090815562));
#9416=CARTESIAN_POINT('Ctrl Pts',(-74.1247484730199,14.0638593383655,-1.75231925322943));
#9417=CARTESIAN_POINT('Ctrl Pts',(-74.153787768795,14.0638593383655,-1.70202171753093));
#9418=CARTESIAN_POINT('',(-73.4707750669028,14.7819296691827,-1.88503441942315));
#9419=CARTESIAN_POINT('Origin',(-73.7207750669028,12.,-1.45202171753093));
#9420=CARTESIAN_POINT('Origin',(-73.2877623650106,15.5,-1.20202171753093));
#9421=CARTESIAN_POINT('Origin',(-73.2877623650106,15.5,-1.20202171753093));
#9422=CARTESIAN_POINT('Origin',(-73.0377623650106,15.5,-1.63503441942315));
#9423=CARTESIAN_POINT('Origin',(-74.778787768795,20.,-0.619489962800388));
#9424=CARTESIAN_POINT('',(-74.778787768795,16.9361406616345,-0.619489962800388));
#9425=CARTESIAN_POINT('',(-74.778787768795,20.,-0.619489962800388));
#9426=CARTESIAN_POINT('Origin',(-71.7476988555495,20.,1.13051003719961));
#9427=CARTESIAN_POINT('',(-67.9103613133199,20.,3.34599790017734));
#9428=CARTESIAN_POINT('',(-71.7476988555495,20.,1.13051003719961));
#9429=CARTESIAN_POINT('Origin',(-71.7476988555495,11.,1.13051003719962));
#9430=CARTESIAN_POINT('',(-71.4664488555495,11.3125,0.643370747570871));
#9431=CARTESIAN_POINT('Origin',(-72.7130028385914,15.5,-1.44753441942315));
#9432=CARTESIAN_POINT('',(-72.3882433121723,15.5,-1.26003441942315));
#9433=CARTESIAN_POINT('Origin',(-73.0377623650106,15.5,-1.63503441942315));
#9434=CARTESIAN_POINT('Origin',(-81.948016402855,12.125,-6.20202171753093));
#9435=CARTESIAN_POINT('',(-81.698016402855,11.5,-6.63503441942315));
#9436=CARTESIAN_POINT('',(-81.698016402855,12.,-6.63503441942315));
#9437=CARTESIAN_POINT('',(-81.698016402855,12.125,-6.63503441942315));
#9438=CARTESIAN_POINT('',(-82.3810291047472,11.,-6.45202171753093));
#9439=CARTESIAN_POINT('Origin',(-81.948016402855,11.5,-6.20202171753093));
#9440=CARTESIAN_POINT('',(-82.3810291047472,12.5,-6.45202171753093));
#9441=CARTESIAN_POINT('',(-82.3810291047472,12.125,-6.45202171753093));
#9442=CARTESIAN_POINT('Origin',(-81.948016402855,12.,-6.20202171753093));
#9443=CARTESIAN_POINT('Origin',(-77.5096362084597,12.,-3.63952171753093));
#9444=CARTESIAN_POINT('',(-76.0688512782561,12.,-3.38503441942316));
#9445=CARTESIAN_POINT('',(-77.2596362084597,12.,-4.07253441942315));
#9446=CARTESIAN_POINT('',(-75.8858385763639,12.5,-2.70202171753094));
#9447=CARTESIAN_POINT('',(-77.5096362084597,12.5,-3.63952171753093));
#9448=CARTESIAN_POINT('Origin',(-76.3188512782561,12.,-2.95202171753094));
#9449=CARTESIAN_POINT('Origin',(-76.3188512782561,11.375,-2.95202171753094));
#9450=CARTESIAN_POINT('',(-76.0688512782561,11.5,-3.38503441942316));
#9451=CARTESIAN_POINT('',(-76.0688512782561,11.375,-3.38503441942316));
#9452=CARTESIAN_POINT('',(-75.8858385763639,11.,-2.70202171753094));
#9453=CARTESIAN_POINT('',(-75.8858385763639,11.375,-2.70202171753094));
#9454=CARTESIAN_POINT('Origin',(-76.3188512782561,11.5,-2.95202171753094));
#9455=CARTESIAN_POINT('Origin',(-80.7572314726514,11.5,-5.51452171753093));
#9456=CARTESIAN_POINT('',(-80.7572314726514,11.,-5.51452171753093));
#9457=CARTESIAN_POINT('',(-80.5072314726514,11.5,-5.94753441942315));
#9458=CARTESIAN_POINT('Origin',(-83.0060291047472,11.,-5.36948996280038));
#9459=CARTESIAN_POINT('',(-76.5108385763639,11.,-1.61948996280038));
#9460=CARTESIAN_POINT('',(-83.0060291047472,11.,-5.36948996280038));
#9461=CARTESIAN_POINT('Origin',(-83.0060291047472,12.5,-5.36948996280038));
#9462=CARTESIAN_POINT('',(-83.0060291047472,12.5,-5.36948996280038));
#9463=CARTESIAN_POINT('Origin',(-78.8834338405556,11.75,-5.01003441942315));
#9464=CARTESIAN_POINT('Origin',(-77.5096362084597,19.5,-3.63952171753093));
#9465=CARTESIAN_POINT('',(-81.698016402855,19.5,-6.63503441942315));
#9466=CARTESIAN_POINT('',(-76.0688512782561,19.5,-3.38503441942315));
#9467=CARTESIAN_POINT('',(-77.2596362084597,19.5,-4.07253441942315));
#9468=CARTESIAN_POINT('',(-82.3810291047472,20.,-6.45202171753093));
#9469=CARTESIAN_POINT('Origin',(-81.948016402855,19.5,-6.20202171753093));
#9470=CARTESIAN_POINT('',(-75.8858385763639,20.,-2.70202171753093));
#9471=CARTESIAN_POINT('',(-77.5096362084597,20.,-3.63952171753093));
#9472=CARTESIAN_POINT('Origin',(-76.3188512782561,19.5,-2.95202171753093));
#9473=CARTESIAN_POINT('Origin',(-76.3188512782561,18.875,-2.95202171753094));
#9474=CARTESIAN_POINT('',(-76.0688512782561,19.,-3.38503441942315));
#9475=CARTESIAN_POINT('',(-76.0688512782561,18.875,-3.38503441942315));
#9476=CARTESIAN_POINT('',(-75.8858385763639,18.5,-2.70202171753093));
#9477=CARTESIAN_POINT('',(-75.8858385763639,18.875,-2.70202171753093));
#9478=CARTESIAN_POINT('Origin',(-76.3188512782561,19.,-2.95202171753094));
#9479=CARTESIAN_POINT('Origin',(-80.7572314726514,19.,-5.51452171753093));
#9480=CARTESIAN_POINT('',(-81.698016402855,19.,-6.63503441942315));
#9481=CARTESIAN_POINT('',(-80.5072314726514,19.,-5.94753441942315));
#9482=CARTESIAN_POINT('',(-82.3810291047472,18.5,-6.45202171753093));
#9483=CARTESIAN_POINT('',(-80.7572314726514,18.5,-5.51452171753093));
#9484=CARTESIAN_POINT('Origin',(-81.948016402855,19.,-6.20202171753093));
#9485=CARTESIAN_POINT('Origin',(-81.948016402855,19.625,-6.20202171753093));
#9486=CARTESIAN_POINT('',(-82.3810291047472,19.625,-6.45202171753093));
#9487=CARTESIAN_POINT('',(-81.698016402855,19.625,-6.63503441942315));
#9488=CARTESIAN_POINT('Origin',(-83.0060291047472,20.,-5.36948996280038));
#9489=CARTESIAN_POINT('',(-83.0060291047472,18.5,-5.36948996280038));
#9490=CARTESIAN_POINT('',(-83.0060291047472,20.,-5.36948996280038));
#9491=CARTESIAN_POINT('Origin',(-76.5108385763639,20.,-1.61948996280038));
#9492=CARTESIAN_POINT('',(-67.9103613133199,20.,3.34599790017734));
#9493=CARTESIAN_POINT('',(-76.5108385763639,20.,-1.61948996280038));
#9494=CARTESIAN_POINT('Origin',(-78.8834338405556,19.25,-5.01003441942315));
#9495=CARTESIAN_POINT('Origin',(-90.05,27.4955839735972,-25.2033493394599));
#9496=CARTESIAN_POINT('',(-85.8,27.8786061951567,-25.5247431443031));
#9497=CARTESIAN_POINT('',(-85.8,27.8169777784405,-24.8203271179004));
#9498=CARTESIAN_POINT('Origin',(-85.8,27.4955839735972,-25.2033493394599));
#9499=CARTESIAN_POINT('',(-90.05,27.8786061951567,-25.5247431443031));
#9500=CARTESIAN_POINT('',(-90.05,27.8786061951567,-25.5247431443031));
#9501=CARTESIAN_POINT('',(-90.05,27.8169777784405,-24.8203271179004));
#9502=CARTESIAN_POINT('Origin',(-90.05,27.4955839735972,-25.2033493394599));
#9503=CARTESIAN_POINT('',(-90.05,27.8169777784405,-24.8203271179004));
#9504=CARTESIAN_POINT('Origin',(-85.8,24.6229173119011,-22.7928958031353));
#9505=CARTESIAN_POINT('',(-85.8,21.3672284286454,-20.0610484619675));
#9506=CARTESIAN_POINT('',(-85.8,22.0716444550482,-19.9994200452513));
#9507=CARTESIAN_POINT('Origin',(-85.8,21.7502506502049,-20.3824422668108));
#9508=CARTESIAN_POINT('Origin',(-85.8,24.6229173119011,-22.7928958031353));
#9509=CARTESIAN_POINT('Origin',(-85.8,24.9443111167443,-22.4098735815758));
#9510=CARTESIAN_POINT('Origin',(-90.05,21.7502506502049,-20.3824422668108));
#9511=CARTESIAN_POINT('',(-90.3561521531467,21.3672284286454,-20.0610484619675));
#9512=CARTESIAN_POINT('',(-90.4177805698629,22.0716444550482,-19.9994200452513));
#9513=CARTESIAN_POINT('Origin',(-90.0347583483034,21.7502506502049,-20.3824422668108));
#9514=CARTESIAN_POINT('',(-90.05,21.3672284286454,-20.0610484619675));
#9515=CARTESIAN_POINT('',(-90.05,22.0716444550482,-19.9994200452513));
#9516=CARTESIAN_POINT('Origin',(-90.05,21.6886222334887,-19.678026240408));
#9517=CARTESIAN_POINT('',(-90.6454955208611,21.6100163417782,-19.7717050942531));
#9518=CARTESIAN_POINT('',(-85.8,20.4030470141156,-21.210115126646));
#9519=CARTESIAN_POINT('',(-90.05,20.4030470141156,-21.210115126646));
#9520=CARTESIAN_POINT('',(-85.8,21.3672284286454,-20.0610484619675));
#9521=CARTESIAN_POINT('Origin',(-85.8,24.6229173119011,-22.7928958031353));
#9522=CARTESIAN_POINT('',(-85.8,26.9144247806269,-26.6738098089816));
#9523=CARTESIAN_POINT('Origin',(-85.8,23.6587358973713,-23.9419624678138));
#9524=CARTESIAN_POINT('',(-85.8,27.8786061951567,-25.5247431443031));
#9525=CARTESIAN_POINT('Origin',(-90.05,28.2,-25.1417209227436));
#9526=CARTESIAN_POINT('',(-90.05,26.9144247806269,-26.6738098089816));
#9527=CARTESIAN_POINT('',(-90.05,26.9144247806269,-26.6738098089816));
#9528=CARTESIAN_POINT('',(-90.05,27.8501355912178,-25.5586730888306));
#9529=CARTESIAN_POINT('Origin',(-73.6833953036932,11.75,-1.14176536658482));
#9530=CARTESIAN_POINT('',(-74.653787768795,11.,-0.835996313746492));
#9531=CARTESIAN_POINT('',(-74.3560915362441,11.,-0.664121313746493));
#9532=CARTESIAN_POINT('',(-74.1145553514993,12.0784648345914,-1.76997425759081));
#9533=CARTESIAN_POINT('Origin',(-68.2568421935008,10.6694899628004,3.1459570707358));
#9534=CARTESIAN_POINT('',(-68.6439381640528,8.99999999999999,4.59195707073581));
#9535=CARTESIAN_POINT('',(-68.0741202102979,11.4575439342879,2.46339768543733));
#9536=CARTESIAN_POINT('',(-68.2428922738894,8.99999999999999,4.82350102337903));
#9537=CARTESIAN_POINT('',(-95.65,5.,-7.));
#9538=CARTESIAN_POINT('Origin',(-67.,0.700000000000001,16.1916662928277));
#9539=CARTESIAN_POINT('',(-65.55,-0.8,16.1916662928277));
#9540=CARTESIAN_POINT('Origin',(-67.,-0.8,16.1916662928277));
#9541=CARTESIAN_POINT('',(-65.55,2.2,16.1916662928277));
#9542=CARTESIAN_POINT('',(-65.55,0.700000000000001,16.1916662928277));
#9543=CARTESIAN_POINT('Origin',(-67.,2.2,16.1916662928277));
#9544=CARTESIAN_POINT('Origin',(-67.,2.2,16.1916662928277));
#9545=CARTESIAN_POINT('Origin',(-67.,-0.8,16.1916662928277));
#9546=CARTESIAN_POINT('',(-69.8151370792375,-0.8,15.15484266988));
#9547=CARTESIAN_POINT('',(-64.1848629207625,-0.8,15.15484266988));
#9548=CARTESIAN_POINT('Origin',(-67.,-2.59583119343295,16.1916662928277));
#9549=CARTESIAN_POINT('Origin',(-67.,-0.8,16.1916662928277));
#9550=CARTESIAN_POINT('Origin',(-89.,-5.,18.8987730740142));
#9551=CARTESIAN_POINT('',(-89.,-5.,24.0202681717177));
#9552=CARTESIAN_POINT('',(-89.,-1.96432337712235,17.5102386455275));
#9553=CARTESIAN_POINT('',(-89.,-5.,27.0202681717177));
#9554=CARTESIAN_POINT('',(-89.,-5.,18.2392434372453));
#9555=CARTESIAN_POINT('',(-89.,-0.8,27.0202681717177));
#9556=CARTESIAN_POINT('',(-89.,-5.,27.0202681717177));
#9557=CARTESIAN_POINT('',(-89.,-0.8,27.0202681717177));
#9558=CARTESIAN_POINT('Origin',(-97.,-5.,17.1916662928277));
#9559=CARTESIAN_POINT('',(-97.,-5.,17.1916662928277));
#9560=CARTESIAN_POINT('',(-97.5970118769122,-5.,17.7886781697399));
#9561=CARTESIAN_POINT('',(-97.,-0.8,17.1916662928277));
#9562=CARTESIAN_POINT('',(-92.,-0.8,12.1916662928277));
#9563=CARTESIAN_POINT('',(-97.,-5.,17.1916662928277));
#9564=CARTESIAN_POINT('Origin',(-97.,-5.,27.0202681717177));
#9565=CARTESIAN_POINT('',(-97.,-5.,27.0202681717177));
#9566=CARTESIAN_POINT('',(-97.,-5.,22.2999909860971));
#9567=CARTESIAN_POINT('',(-97.,-0.8,27.0202681717177));
#9568=CARTESIAN_POINT('',(-97.,-0.8,12.1916662928277));
#9569=CARTESIAN_POINT('',(-97.,-5.,27.0202681717177));
#9570=CARTESIAN_POINT('Origin',(-89.,-5.,27.0202681717177));
#9571=CARTESIAN_POINT('',(-94.,-5.,27.0202681717177));
#9572=CARTESIAN_POINT('',(-97.,-0.8,27.0202681717177));
#9573=CARTESIAN_POINT('Origin',(-76.4375,-5.,16.4416662928277));
#9574=CARTESIAN_POINT('',(-62.96875,-1.46603990576572,16.4416662928277));
#9575=CARTESIAN_POINT('',(-87.25,-0.8,16.4416662928277));
#9576=CARTESIAN_POINT('Origin',(-85.8,24.815753594807,-22.5630824701996));
#9577=CARTESIAN_POINT('',(-83.8,24.9443111167443,-22.4098735815758));
#9578=CARTESIAN_POINT('Origin',(-85.8,24.9443111167443,-22.4098735815758));
#9579=CARTESIAN_POINT('',(-84.2,24.6871960728697,-22.7162913588234));
#9580=CARTESIAN_POINT('',(-84.,24.815753594807,-22.5630824701996));
#9581=CARTESIAN_POINT('Origin',(-85.8,24.6871960728697,-22.7162913588234));
#9582=CARTESIAN_POINT('Origin',(-85.8,-34.1611222269446,-92.8489861107547));
#9583=CARTESIAN_POINT('',(-84.2,23.6587358973713,-23.9419624678138));
#9584=CARTESIAN_POINT('',(-84.2,-34.1611222269446,-92.8489861107547));
#9585=CARTESIAN_POINT('Origin',(-85.8,23.6587358973713,-23.9419624678138));
#9586=CARTESIAN_POINT('Origin',(-90.05,20.4030470141156,-21.210115126646));
#9587=CARTESIAN_POINT('',(-90.05,23.8925380105552,-24.1381457347549));
#9588=CARTESIAN_POINT('Origin',(-90.05,22.5099482704687,-20.3672006151142));
#9589=CARTESIAN_POINT('',(-90.05,22.5099482704687,-20.3672006151142));
#9590=CARTESIAN_POINT('',(-90.05,21.9224243466726,-19.8742095073491));
#9591=CARTESIAN_POINT('',(-91.85036166574,20.3643607873542,-18.5668389493743));
#9592=CARTESIAN_POINT('Origin',(-90.05,21.4564976422921,-20.9042971064642));
#9593=CARTESIAN_POINT('',(-90.05,22.,-24.));
#9594=CARTESIAN_POINT('',(-90.05,20.8401986871891,-22.8401986871891));
#9595=CARTESIAN_POINT('',(-90.05,22.,-29.7298578794366));
#9596=CARTESIAN_POINT('',(-90.05,22.,-26.8672006151142));
#9597=CARTESIAN_POINT('',(-90.05,24.4280105245896,-31.7672006151142));
#9598=CARTESIAN_POINT('',(-90.05,22.9289210962945,-30.5093152287301));
#9599=CARTESIAN_POINT('',(-90.05,28.5,-31.7672006151142));
#9600=CARTESIAN_POINT('',(-90.05,26.4,-31.7672006151142));
#9601=CARTESIAN_POINT('',(-90.05,28.5,-21.9672006151142));
#9602=CARTESIAN_POINT('',(-90.05,28.5,-28.6172006151142));
#9603=CARTESIAN_POINT('',(-90.05,29.5,-21.9672006151142));
#9604=CARTESIAN_POINT('',(-90.05,26.725,-21.9672006151143));
#9605=CARTESIAN_POINT('',(-90.05,29.5,-20.3672006151142));
#9606=CARTESIAN_POINT('',(-90.05,29.5,-19.0028232961337));
#9607=CARTESIAN_POINT('',(-90.05,21.5,-20.3672006151142));
#9608=CARTESIAN_POINT('Origin',(-99.,12.25,16.590698842576));
#9609=CARTESIAN_POINT('',(-99.,6.5,4.61005868587355));
#9610=CARTESIAN_POINT('',(-99.,6.5,0.));
#9611=CARTESIAN_POINT('',(-99.,-1.55346425436567,20.7169871946049));
#9612=CARTESIAN_POINT('',(-99.,29.5,-33.8672006151142));
#9613=CARTESIAN_POINT('',(-99.,29.5,-33.8672006151142));
#9614=CARTESIAN_POINT('',(-99.,28.5,-33.8672006151142));
#9615=CARTESIAN_POINT('',(-99.,28.5,-33.8672006151142));
#9616=CARTESIAN_POINT('',(-99.,22.,-27.3672006151142));
#9617=CARTESIAN_POINT('',(-99.,21.5,-26.8672006151142));
#9618=CARTESIAN_POINT('',(-99.,22.,-24.));
#9619=CARTESIAN_POINT('',(-99.,22.,-23.5));
#9620=CARTESIAN_POINT('',(-99.,5.25,-7.25));
#9621=CARTESIAN_POINT('',(-99.,5.,-7.));
#9622=CARTESIAN_POINT('',(-99.,5.25,0.));
#9623=CARTESIAN_POINT('',(-99.,5.25,0.));
#9624=CARTESIAN_POINT('',(-99.,-9.6440935432854E-16,5.25));
#9625=CARTESIAN_POINT('Origin',(-99.,0.,0.));
#9626=CARTESIAN_POINT('',(-99.,-5.,5.25));
#9627=CARTESIAN_POINT('',(-99.,3.625,5.25));
#9628=CARTESIAN_POINT('',(-99.,-5.,35.5202681717177));
#9629=CARTESIAN_POINT('',(-99.,-5.,35.5202681717177));
#9630=CARTESIAN_POINT('',(-99.,-4.,35.5202681717177));
#9631=CARTESIAN_POINT('',(-99.,-4.,35.5202681717177));
#9632=CARTESIAN_POINT('',(-99.,4.23506631979633,17.8601114580593));
#9633=CARTESIAN_POINT('',(-99.,4.23506631979633,17.8601114580593));
#9634=CARTESIAN_POINT('',(-99.,3.05488399253305,15.8159757050444));
#9635=CARTESIAN_POINT('Origin',(-90.6,21.5,-24.3506198613833));
#9636=CARTESIAN_POINT('',(-90.6,22.,-27.5837813688452));
#9637=CARTESIAN_POINT('',(-90.6,22.,-24.3506198613833));
#9638=CARTESIAN_POINT('',(-90.6,22.,-25.6089102382488));
#9639=CARTESIAN_POINT('',(-90.6,26.5,-24.3506198613833));
#9640=CARTESIAN_POINT('',(-90.6,21.5,-24.3506198613833));
#9641=CARTESIAN_POINT('',(-90.6,26.5,-27.5837813688452));
#9642=CARTESIAN_POINT('',(-90.6,26.5,-24.3506198613833));
#9643=CARTESIAN_POINT('',(-90.6,21.5,-27.5837813688452));
#9644=CARTESIAN_POINT('Origin',(-93.4,21.5,-22.7340391076524));
#9645=CARTESIAN_POINT('',(-91.2072914140587,22.,-24.));
#9646=CARTESIAN_POINT('',(-94.6051442841485,22.,-22.0382487307869));
#9647=CARTESIAN_POINT('',(-93.4,20.7340391076524,-22.7340391076524));
#9648=CARTESIAN_POINT('',(-94.6819950453529,19.9938789231181,-21.9938789231181));
#9649=CARTESIAN_POINT('',(-93.4,26.5,-22.7340391076524));
#9650=CARTESIAN_POINT('',(-93.4,21.5,-22.7340391076524));
#9651=CARTESIAN_POINT('',(-93.4,26.5,-22.7340391076524));
#9652=CARTESIAN_POINT('Origin',(-96.2,21.5,-24.3506198613833));
#9653=CARTESIAN_POINT('',(-95.5927085859413,22.,-24.));
#9654=CARTESIAN_POINT('',(-96.5980049546471,22.5804081290876,-24.5804081290876));
#9655=CARTESIAN_POINT('',(-96.2,22.,-24.3506198613833));
#9656=CARTESIAN_POINT('',(-97.7948557158515,22.,-25.2714102382488));
#9657=CARTESIAN_POINT('',(-96.2,26.5,-24.3506198613833));
#9658=CARTESIAN_POINT('',(-96.2,21.5,-24.3506198613833));
#9659=CARTESIAN_POINT('',(-96.2,26.5,-24.3506198613833));
#9660=CARTESIAN_POINT('Origin',(-93.4,26.5,-25.9672006151143));
#9661=CARTESIAN_POINT('',(-93.4,26.5,-29.2003621225762));
#9662=CARTESIAN_POINT('',(-90.6,26.5,-27.5837813688452));
#9663=CARTESIAN_POINT('',(-96.2,26.5,-27.5837813688452));
#9664=CARTESIAN_POINT('',(-96.2,26.5,-27.5837813688452));
#9665=CARTESIAN_POINT('',(-93.4,26.5,-29.2003621225762));
#9666=CARTESIAN_POINT('',(-91.8,26.5,-25.9672006151143));
#9667=CARTESIAN_POINT('Origin',(-93.4,26.5,-25.9672006151143));
#9668=CARTESIAN_POINT('Origin',(-96.2,21.5,-27.5837813688452));
#9669=CARTESIAN_POINT('',(-96.2,22.,-27.5837813688452));
#9670=CARTESIAN_POINT('',(-96.2,22.,-27.2254909919797));
#9671=CARTESIAN_POINT('',(-96.2,21.5,-27.5837813688452));
#9672=CARTESIAN_POINT('Origin',(-93.4,21.5,-29.2003621225762));
#9673=CARTESIAN_POINT('',(-93.4,22.,-29.2003621225762));
#9674=CARTESIAN_POINT('',(-96.0051442841485,22.,-27.6962813688452));
#9675=CARTESIAN_POINT('',(-93.4,21.5,-29.2003621225762));
#9676=CARTESIAN_POINT('Origin',(-90.6,21.5,-27.5837813688452));
#9677=CARTESIAN_POINT('',(-93.5948557158515,22.,-29.3128621225762));
#9678=CARTESIAN_POINT('Origin',(-99.,21.5,-23.5));
#9679=CARTESIAN_POINT('',(-99.,22.,-24.));
#9680=CARTESIAN_POINT('',(-95.65,5.,-7.));
#9681=CARTESIAN_POINT('',(-99.,5.25,-7.25));
#9682=CARTESIAN_POINT('',(-99.,22.,-24.));
#9683=CARTESIAN_POINT('Origin',(-95.65,12.25,-8.14374340731889));
#9684=CARTESIAN_POINT('',(-95.65,23.1465659784708,-14.7672006151142));
#9685=CARTESIAN_POINT('',(-95.65,16.875,-14.7672006151142));
#9686=CARTESIAN_POINT('',(-95.65,2.1888333196684,-0.795378842579308));
#9687=CARTESIAN_POINT('Origin',(-93.4,28.,-25.9672006151143));
#9688=CARTESIAN_POINT('',(-96.,28.5,-25.9672006151143));
#9689=CARTESIAN_POINT('Origin',(-93.4,28.5,-25.9672006151143));
#9690=CARTESIAN_POINT('',(-95.,27.5,-25.9672006151143));
#9691=CARTESIAN_POINT('',(-95.5,28.,-25.9672006151143));
#9692=CARTESIAN_POINT('',(-91.8,27.5,-25.9672006151143));
#9693=CARTESIAN_POINT('Origin',(-93.4,27.5,-25.9672006151143));
#9694=CARTESIAN_POINT('Origin',(-93.4,27.5,-25.9672006151143));
#9695=CARTESIAN_POINT('Origin',(-93.4,-63.4517309496867,-25.9672006151143));
#9696=CARTESIAN_POINT('',(-91.8,-63.4517309496867,-25.9672006151143));
#9697=CARTESIAN_POINT('Origin',(-93.725,28.5,-27.9172006151142));
#9698=CARTESIAN_POINT('',(-97.4,28.5,-33.8672006151142));
#9699=CARTESIAN_POINT('',(-97.4,28.5,-22.9672006151143));
#9700=CARTESIAN_POINT('',(-97.4,28.5,-22.9672006151142));
#9701=CARTESIAN_POINT('',(-96.4,28.5,-21.9672006151143));
#9702=CARTESIAN_POINT('Origin',(-96.4,28.5,-22.9672006151143));
#9703=CARTESIAN_POINT('',(-90.05,28.5,-21.9672006151142));
#9704=CARTESIAN_POINT('',(-95.65,28.5,-31.7672006151142));
#9705=CARTESIAN_POINT('',(-94.6875,28.5,-31.7672006151142));
#9706=CARTESIAN_POINT('',(-95.65,28.5,-33.8672006151142));
#9707=CARTESIAN_POINT('',(-95.65,28.5,-18.0304720112166));
#9708=CARTESIAN_POINT('',(-99.,28.5,-33.8672006151142));
#9709=CARTESIAN_POINT('Origin',(-96.4,29.5,-21.9672006151143));
#9710=CARTESIAN_POINT('',(-96.4,29.5,-21.9672006151143));
#9711=CARTESIAN_POINT('',(-97.7,29.5,-21.9672006151143));
#9712=CARTESIAN_POINT('',(-96.4,29.5,-21.9672006151143));
#9713=CARTESIAN_POINT('Origin',(-96.4,29.5,-22.9672006151143));
#9714=CARTESIAN_POINT('',(-97.4,29.5,-22.9672006151143));
#9715=CARTESIAN_POINT('Origin',(-96.4,29.5,-22.9672006151143));
#9716=CARTESIAN_POINT('',(-97.4,29.5,-22.9672006151143));
#9717=CARTESIAN_POINT('Origin',(-97.4,29.5,-33.8672006151142));
#9718=CARTESIAN_POINT('',(-97.4,29.5,-33.8672006151142));
#9719=CARTESIAN_POINT('',(-97.4,29.5,-16.6596598778659));
#9720=CARTESIAN_POINT('',(-97.4,29.5,-33.8672006151142));
#9721=CARTESIAN_POINT('Origin',(-92.85,16.875,-17.5672006151142));
#9722=CARTESIAN_POINT('',(-92.9647228210792,29.5,-17.452477794035));
#9723=CARTESIAN_POINT('',(-98.9162703686242,29.5,-11.5009302464901));
#9724=CARTESIAN_POINT('',(-98.3530596387246,16.7510582053039,-12.0641409763896));
#9725=CARTESIAN_POINT('Origin',(-44.3565120782646,5.49999999999999,26.6114857631551));
#9726=CARTESIAN_POINT('',(-70.1162658773653,29.5,-4.26091502701422));
#9727=CARTESIAN_POINT('',(-37.4283088479891,29.5,14.6114857631551));
#9728=CARTESIAN_POINT('',(-70.1162658773653,22.075,0.689084972985775));
#9729=CARTESIAN_POINT('',(-70.1162658773653,14.9947238438694,5.40926907707286));
#9730=CARTESIAN_POINT('',(-69.7412437471896,22.,0.95560410079476));
#9731=CARTESIAN_POINT('Ctrl Pts',(-69.7412437471896,22.,0.955604100794767));
#9732=CARTESIAN_POINT('Ctrl Pts',(-69.7618094946179,22.,0.943730460980927));
#9733=CARTESIAN_POINT('Ctrl Pts',(-69.782166955825,22.0007790425866,0.931457713548645));
#9734=CARTESIAN_POINT('Ctrl Pts',(-69.9127383457038,22.0102374916381,0.849766653752677));
#9735=CARTESIAN_POINT('Ctrl Pts',(-70.0166686449054,22.038638746959,0.77082829731769));
#9736=CARTESIAN_POINT('Ctrl Pts',(-70.115003202536,22.0745378411938,0.690122084509163));
#9737=CARTESIAN_POINT('Ctrl Pts',(-70.1156346399822,22.0747687594378,0.689603578433669));
#9738=CARTESIAN_POINT('Ctrl Pts',(-70.1162658773653,22.075,0.689084972985777));
#9739=CARTESIAN_POINT('',(-67.9474411167423,22.,1.99125653235656));
#9740=CARTESIAN_POINT('',(-52.6755059444336,22.,10.8085124151355));
#9741=CARTESIAN_POINT('',(-69.1937400520744,13.9437970391758,6.64250748043468));
#9742=CARTESIAN_POINT('Origin',(-97.325,22.9167292559845,-30.4990850600226));
#9743=CARTESIAN_POINT('',(-97.35,22.,-29.7298578794366));
#9744=CARTESIAN_POINT('',(-98.1625,22.,-29.7298578794366));
#9745=CARTESIAN_POINT('',(-97.35,24.4280105245896,-31.7672006151142));
#9746=CARTESIAN_POINT('',(-97.35,22.9289210962945,-30.5093152287301));
#9747=CARTESIAN_POINT('',(-96.4875,24.4280105245896,-31.7672006151142));
#9748=CARTESIAN_POINT('Origin',(-99.,22.,-26.8672006151142));
#9749=CARTESIAN_POINT('',(-97.35,22.,-27.3672006151142));
#9750=CARTESIAN_POINT('',(-99.,22.,-27.3672006151142));
#9751=CARTESIAN_POINT('',(-97.35,22.,-26.8672006151142));
#9752=CARTESIAN_POINT('Origin',(-97.35,23.95,-29.3172006151142));
#9753=CARTESIAN_POINT('',(-97.35,26.4,-31.7672006151142));
#9754=CARTESIAN_POINT('',(-97.35,26.225,-31.5922006151142));
#9755=CARTESIAN_POINT('',(-97.35,26.4,-31.7672006151142));
#9756=CARTESIAN_POINT('Origin',(-95.65,29.5,-31.7672006151142));
#9757=CARTESIAN_POINT('',(-95.65,26.4,-31.7672006151142));
#9758=CARTESIAN_POINT('',(-97.325,26.4,-31.7672006151142));
#9759=CARTESIAN_POINT('',(-95.65,20.875,-31.7672006151142));
#9760=CARTESIAN_POINT('Origin',(-99.,28.5,-33.8672006151142));
#9761=CARTESIAN_POINT('',(-99.,28.5,-33.8672006151142));
#9762=CARTESIAN_POINT('',(-95.65,21.5,-26.8672006151142));
#9763=CARTESIAN_POINT('Origin',(-95.65,12.25,-8.14374340731889));
#9764=CARTESIAN_POINT('Origin',(-64.5,-62.4517309496867,-4.45211914061753));
#9765=CARTESIAN_POINT('',(-62.9,29.5,-4.45211914061751));
#9766=CARTESIAN_POINT('Origin',(-64.5,29.5,-4.45211914061751));
#9767=CARTESIAN_POINT('',(-62.9,28.,-4.45211914061751));
#9768=CARTESIAN_POINT('',(-62.9,-62.4517309496867,-4.45211914061753));
#9769=CARTESIAN_POINT('Origin',(-64.5,28.,-4.45211914061751));
#9770=CARTESIAN_POINT('Origin',(-64.5,-62.4517309496867,-4.45211914061753));
#9771=CARTESIAN_POINT('',(-62.9,25.5,-4.45211914061751));
#9772=CARTESIAN_POINT('Origin',(-64.5,25.5,-4.45211914061751));
#9773=CARTESIAN_POINT('',(-62.9,22.675,-4.45211914061751));
#9774=CARTESIAN_POINT('',(-62.9,-62.4517309496867,-4.45211914061753));
#9775=CARTESIAN_POINT('',(-63.0297089805201,22.043933982822,-3.82105312343953));
#9776=CARTESIAN_POINT('Origin',(-64.5,22.675,-4.45211914061751));
#9777=CARTESIAN_POINT('',(-63.0799167757042,22.,-3.71498710626154));
#9778=CARTESIAN_POINT('Ctrl Pts',(-63.0297089805201,22.043933982822,-3.82105312343953));
#9779=CARTESIAN_POINT('Ctrl Pts',(-63.035545733213,22.0303352073633,-3.8074543479808));
#9780=CARTESIAN_POINT('Ctrl Pts',(-63.0430017764543,22.019022889784,-3.79063529412558));
#9781=CARTESIAN_POINT('Ctrl Pts',(-63.0603059221598,22.0036522521053,-3.75375962829193));
#9782=CARTESIAN_POINT('Ctrl Pts',(-63.0702700853624,22.,-3.73357143374421));
#9783=CARTESIAN_POINT('Ctrl Pts',(-63.0799167757042,22.,-3.71498710626154));
#9784=CARTESIAN_POINT('',(-65.9200832242958,22.,-3.71498710626154));
#9785=CARTESIAN_POINT('Origin',(-64.5,22.,-4.45211914061751));
#9786=CARTESIAN_POINT('',(-65.9702910194799,22.043933982822,-3.82105312343953));
#9787=CARTESIAN_POINT('Ctrl Pts',(-65.9200832242958,22.,-3.71498710626154));
#9788=CARTESIAN_POINT('Ctrl Pts',(-65.9297299146376,22.,-3.73357143374421));
#9789=CARTESIAN_POINT('Ctrl Pts',(-65.9396940778402,22.0036522521053,-3.75375962829193));
#9790=CARTESIAN_POINT('Ctrl Pts',(-65.9569982235457,22.019022889784,-3.79063529412558));
#9791=CARTESIAN_POINT('Ctrl Pts',(-65.964454266787,22.0303352073633,-3.80745434798081));
#9792=CARTESIAN_POINT('Ctrl Pts',(-65.9702910194799,22.043933982822,-3.82105312343953));
#9793=CARTESIAN_POINT('Origin',(-64.5,22.675,-4.45211914061751));
#9794=CARTESIAN_POINT('Origin',(-64.5,22.,-3.86461914061751));
#9795=CARTESIAN_POINT('',(-60.825,22.,-3.71498710626154));
#9796=CARTESIAN_POINT('',(-63.54375,22.,-3.71498710626154));
#9797=CARTESIAN_POINT('',(-60.825,22.,0.461278319004053));
#9798=CARTESIAN_POINT('',(-60.825,22.,-1.65836914061751));
#9799=CARTESIAN_POINT('',(-59.8770785330006,22.,1.99125653235656));
#9800=CARTESIAN_POINT('Origin',(-59.425,22.,0.46127831900405));
#9801=CARTESIAN_POINT('',(-81.75,22.,1.99125653235656));
#9802=CARTESIAN_POINT('',(-68.175,22.,-0.715081693680889));
#9803=CARTESIAN_POINT('Origin',(-69.575,22.,-0.71508169368089));
#9804=CARTESIAN_POINT('',(-68.175,22.,-3.71498710626154));
#9805=CARTESIAN_POINT('',(-68.175,22.,-6.07086914061751));
#9806=CARTESIAN_POINT('',(-63.54375,22.,-3.71498710626154));
#9807=CARTESIAN_POINT('Origin',(-63.54375,22.15,-3.71498710626154));
#9808=CARTESIAN_POINT('',(-68.175,22.043933982822,-3.82105312343953));
#9809=CARTESIAN_POINT('Origin',(-68.175,22.15,-3.71498710626154));
#9810=CARTESIAN_POINT('',(-63.54375,22.043933982822,-3.82105312343953));
#9811=CARTESIAN_POINT('Origin',(-61.65,25.5,-8.27711914061751));
#9812=CARTESIAN_POINT('',(-61.65,25.5,-7.27711914061751));
#9813=CARTESIAN_POINT('',(-67.35,25.5,-7.27711914061751));
#9814=CARTESIAN_POINT('',(-62.11875,25.5,-7.27711914061751));
#9815=CARTESIAN_POINT('',(-67.35,25.5,-1.60711914061751));
#9816=CARTESIAN_POINT('',(-67.35,25.5,-8.27711914061751));
#9817=CARTESIAN_POINT('',(-61.65,25.5,-1.60711914061751));
#9818=CARTESIAN_POINT('',(-67.35,25.5,-1.60711914061751));
#9819=CARTESIAN_POINT('',(-61.65,25.5,-8.27711914061751));
#9820=CARTESIAN_POINT('Origin',(-67.35,25.5,-8.27711914061751));
#9821=CARTESIAN_POINT('',(-67.35,26.421136437385,-8.19825557800253));
#9822=CARTESIAN_POINT('',(-67.35,25.125,-6.90211914061751));
#9823=CARTESIAN_POINT('',(-67.35,26.5351818934026,-8.24649398044323));
#9824=CARTESIAN_POINT('Ctrl Pts',(-67.3499991021396,26.4211240331604,-8.19824317377794));
#9825=CARTESIAN_POINT('Ctrl Pts',(-67.3499991462617,26.4290687487536,-8.20618797627311));
#9826=CARTESIAN_POINT('Ctrl Pts',(-67.3499997398849,26.4377911873032,-8.21332836723913));
#9827=CARTESIAN_POINT('Ctrl Pts',(-67.3500002157755,26.4471531780639,-8.21953810410773));
#9828=CARTESIAN_POINT('Ctrl Pts',(-67.3500005216217,26.4531699572353,-8.22352898771417));
#9829=CARTESIAN_POINT('Ctrl Pts',(-67.3500008662537,26.4594357565105,-8.22712422771699));
#9830=CARTESIAN_POINT('Ctrl Pts',(-67.3500001682106,26.465915297771,-8.23028639328048));
#9831=CARTESIAN_POINT('Ctrl Pts',(-67.3499997945714,26.4693835810781,-8.23197899551835));
#9832=CARTESIAN_POINT('Ctrl Pts',(-67.3499991317262,26.4729131586539,-8.23354735470769));
#9833=CARTESIAN_POINT('Ctrl Pts',(-67.3499985166512,26.4764972206514,-8.23498836194636));
#9834=CARTESIAN_POINT('Ctrl Pts',(-67.3499967973335,26.4865157399863,-8.23901640579509));
#9835=CARTESIAN_POINT('Ctrl Pts',(-67.3499951485752,26.4968865772288,-8.24202369219672));
#9836=CARTESIAN_POINT('Ctrl Pts',(-67.3499961449612,26.5074541819927,-8.24395662537691));
#9837=CARTESIAN_POINT('Ctrl Pts',(-67.3499970057555,26.5165837102421,-8.24562651826816));
#9838=CARTESIAN_POINT('Ctrl Pts',(-67.35,26.5258609572719,-8.24649398044323));
#9839=CARTESIAN_POINT('Ctrl Pts',(-67.35,26.5351818934026,-8.24649398044323));
#9840=CARTESIAN_POINT('',(-67.35,28.,-8.24649398044323));
#9841=CARTESIAN_POINT('',(-67.35,29.5,-8.24649398044323));
#9842=CARTESIAN_POINT('',(-67.35,28.,-1.60711914061751));
#9843=CARTESIAN_POINT('',(-67.35,28.,-8.27711914061751));
#9844=CARTESIAN_POINT('',(-67.35,28.,-1.60711914061751));
#9845=CARTESIAN_POINT('Origin',(-61.65,28.,-8.27711914061751));
#9846=CARTESIAN_POINT('',(-61.65,26.421136437385,-8.19825557800253));
#9847=CARTESIAN_POINT('',(-61.65,25.75,-7.52711914061751));
#9848=CARTESIAN_POINT('',(-61.65,28.,-1.60711914061751));
#9849=CARTESIAN_POINT('',(-61.65,25.5,-1.60711914061751));
#9850=CARTESIAN_POINT('',(-61.65,28.,-8.24649398044323));
#9851=CARTESIAN_POINT('',(-61.65,28.,-8.27711914061751));
#9852=CARTESIAN_POINT('',(-61.65,26.5351818934026,-8.24649398044323));
#9853=CARTESIAN_POINT('',(-61.65,29.5,-8.24649398044323));
#9854=CARTESIAN_POINT('Ctrl Pts',(-61.65,26.5351818934026,-8.24649398044323));
#9855=CARTESIAN_POINT('Ctrl Pts',(-61.65,26.5243836329108,-8.24649398044323));
#9856=CARTESIAN_POINT('Ctrl Pts',(-61.6500039124213,26.5136461977986,-8.24533077387191));
#9857=CARTESIAN_POINT('Ctrl Pts',(-61.650004715989,26.5031300970968,-8.24310297218448));
#9858=CARTESIAN_POINT('Ctrl Pts',(-61.6500054720421,26.4932358098634,-8.24100689965536));
#9859=CARTESIAN_POINT('Ctrl Pts',(-61.6500040162301,26.4835361295851,-8.23796769821566));
#9860=CARTESIAN_POINT('Ctrl Pts',(-61.6500032195559,26.4741608207813,-8.23402661498607));
#9861=CARTESIAN_POINT('Ctrl Pts',(-61.6500029827954,26.471374609708,-8.23285537999374));
#9862=CARTESIAN_POINT('Ctrl Pts',(-61.650002638631,26.4686241598957,-8.23160717998177));
#9863=CARTESIAN_POINT('Ctrl Pts',(-61.6500024330504,26.4659126561252,-8.23028374814883));
#9864=CARTESIAN_POINT('Ctrl Pts',(-61.6500016763937,26.4559327400238,-8.22541274675019));
#9865=CARTESIAN_POINT('Ctrl Pts',(-61.6500030078745,26.4464794069622,-8.21952677859203));
#9866=CARTESIAN_POINT('Ctrl Pts',(-61.6500061265079,26.4376782585061,-8.21276665207335));
#9867=CARTESIAN_POINT('Ctrl Pts',(-61.6500081890576,26.4318575017475,-8.20829575235851));
#9868=CARTESIAN_POINT('Ctrl Pts',(-61.6500110529688,26.4263221287558,-8.20344129327474));
#9869=CARTESIAN_POINT('Ctrl Pts',(-61.6500128626463,26.4211137136783,-8.19823285429584));
#9870=CARTESIAN_POINT('Origin',(-67.35,28.,-8.27711914061751));
#9871=CARTESIAN_POINT('',(-61.925,28.,-8.27711914061751));
#9872=CARTESIAN_POINT('Origin',(-61.925,28.,-7.02711914061751));
#9873=CARTESIAN_POINT('',(-61.65,28.,-1.60711914061751));
#9874=CARTESIAN_POINT('',(-67.075,28.,-8.27711914061751));
#9875=CARTESIAN_POINT('Origin',(-67.075,28.,-7.02711914061751));
#9876=CARTESIAN_POINT('',(-64.0125,28.,-8.27711914061751));
#9877=CARTESIAN_POINT('Origin',(-64.5,26.75,-1.60711914061751));
#9878=CARTESIAN_POINT('Origin',(-62.5875,24.25,-6.02711914061751));
#9879=CARTESIAN_POINT('',(-68.175,25.356066017178,-7.13318515779549));
#9880=CARTESIAN_POINT('',(-68.175,26.125,-7.90211914061751));
#9881=CARTESIAN_POINT('Origin',(-67.075,25.356066017178,-7.13318515779549));
#9882=CARTESIAN_POINT('',(-60.825,25.356066017178,-7.13318515779549));
#9883=CARTESIAN_POINT('Origin',(-61.925,25.356066017178,-7.13318515779549));
#9884=CARTESIAN_POINT('',(-60.825,22.043933982822,-3.82105312343953));
#9885=CARTESIAN_POINT('',(-60.825,23.91875,-5.69586914061751));
#9886=CARTESIAN_POINT('',(-63.54375,22.043933982822,-3.82105312343953));
#9887=CARTESIAN_POINT('Ctrl Pts',(-67.35,26.5351818934026,-8.24649398044323));
#9888=CARTESIAN_POINT('Ctrl Pts',(-67.5849877907073,26.4885456635134,-8.19349826466009));
#9889=CARTESIAN_POINT('Ctrl Pts',(-68.0971670927062,26.2364786378988,-7.90705846282528));
#9890=CARTESIAN_POINT('Ctrl Pts',(-68.325,25.744775851866,-7.34830529687896));
#9891=CARTESIAN_POINT('Ctrl Pts',(-68.325,25.462132034356,-7.02711914061751));
#9892=CARTESIAN_POINT('Ctrl Pts',(-67.3451516614851,26.5125904990045,-8.24758740393209));
#9893=CARTESIAN_POINT('Ctrl Pts',(-67.5761572992217,26.4656885668013,-8.1964793055274));
#9894=CARTESIAN_POINT('Ctrl Pts',(-68.0809849059083,26.2122224414362,-7.92031808351104));
#9895=CARTESIAN_POINT('Ctrl Pts',(-68.3165965113983,25.7167912313396,-7.37641309266658));
#9896=CARTESIAN_POINT('Ctrl Pts',(-68.325,25.4303971562263,-7.05885401874721));
#9897=CARTESIAN_POINT('Ctrl Pts',(-67.3345740345973,26.4730864263104,-8.24018932356429));
#9898=CARTESIAN_POINT('Ctrl Pts',(-67.5565845505494,26.4257307494321,-8.19179771614574));
#9899=CARTESIAN_POINT('Ctrl Pts',(-68.0423436040163,26.1697840644597,-7.9303234089823));
#9900=CARTESIAN_POINT('Ctrl Pts',(-68.2743528614803,25.6678355684949,-7.415530692525));
#9901=CARTESIAN_POINT('Ctrl Pts',(-68.2873107905436,25.3754717190075,-7.11377945596594));
#9902=CARTESIAN_POINT('Ctrl Pts',(-67.3222715942979,26.4408032388657,-8.21792237948318));
#9903=CARTESIAN_POINT('Ctrl Pts',(-67.5336260395175,26.3937945383453,-8.17091537866402));
#9904=CARTESIAN_POINT('Ctrl Pts',(-67.9948618189011,26.1397481327746,-7.91683765172419));
#9905=CARTESIAN_POINT('Ctrl Pts',(-68.2048002907652,25.6430751209186,-7.42009487778204));
#9906=CARTESIAN_POINT('Ctrl Pts',(-68.2086599212885,25.356066017178,-7.13318515779549));
#9907=CARTESIAN_POINT('Ctrl Pts',(-67.317,26.4291158762246,-8.20623501684213));
#9908=CARTESIAN_POINT('Ctrl Pts',(-67.5237892558225,26.3824796463355,-8.15959878695296));
#9909=CARTESIAN_POINT('Ctrl Pts',(-67.9745070415814,26.1304126207208,-7.90753176133833));
#9910=CARTESIAN_POINT('Ctrl Pts',(-68.175,25.6387098346881,-7.41582897530557));
#9911=CARTESIAN_POINT('Ctrl Pts',(-68.175,25.356066017178,-7.13318515779549));
#9912=CARTESIAN_POINT('',(-68.325,25.462132034356,-7.02711914061751));
#9913=CARTESIAN_POINT('Origin',(-68.175,25.462132034356,-7.02711914061751));
#9914=CARTESIAN_POINT('Origin',(-67.075,25.462132034356,-7.02711914061751));
#9915=CARTESIAN_POINT('Origin',(-67.075,29.5,-7.02711914061751));
#9916=CARTESIAN_POINT('',(-68.325,29.5,-7.02711914061751));
#9917=CARTESIAN_POINT('',(-68.325,29.5,-7.02711914061751));
#9918=CARTESIAN_POINT('',(-67.075,29.5,-8.27711914061751));
#9919=CARTESIAN_POINT('Origin',(-67.075,29.5,-7.02711914061751));
#9920=CARTESIAN_POINT('',(-67.075,29.5,-8.27711914061751));
#9921=CARTESIAN_POINT('Ctrl Pts',(-60.675,25.462132034356,-7.02711914061751));
#9922=CARTESIAN_POINT('Ctrl Pts',(-60.675,25.6741148974885,-7.2680087578136));
#9923=CARTESIAN_POINT('Ctrl Pts',(-60.8417355598004,26.1692489710152,-7.83066111409386));
#9924=CARTESIAN_POINT('Ctrl Pts',(-61.3366829457236,26.4730002535504,-8.17583302606571));
#9925=CARTESIAN_POINT('Ctrl Pts',(-61.65,26.5351818934026,-8.24649398044323));
#9926=CARTESIAN_POINT('Ctrl Pts',(-60.675,25.4303971562263,-7.05885401874721));
#9927=CARTESIAN_POINT('Ctrl Pts',(-60.6813026164513,25.6451927125613,-7.29702332418673));
#9928=CARTESIAN_POINT('Ctrl Pts',(-60.8580686158675,26.1447249770856,-7.84676877852941));
#9929=CARTESIAN_POINT('Ctrl Pts',(-61.3468408215328,26.4500545894002,-8.17944327272584));
#9930=CARTESIAN_POINT('Ctrl Pts',(-61.6548483385149,26.5125904990045,-8.24758740393209));
#9931=CARTESIAN_POINT('Ctrl Pts',(-60.7126884613068,25.3754710842561,-7.11378009071737));
#9932=CARTESIAN_POINT('Ctrl Pts',(-60.7224069081042,25.5947439713716,-7.34009351813666));
#9933=CARTESIAN_POINT('Ctrl Pts',(-60.8986770795167,26.1017076296306,-7.86083800159813));
#9934=CARTESIAN_POINT('Ctrl Pts',(-61.3694119346292,26.4099454861355,-8.17566726015213));
#9935=CARTESIAN_POINT('Ctrl Pts',(-61.6654259558986,26.4730863886399,-8.24018940337687));
#9936=CARTESIAN_POINT('Ctrl Pts',(-60.7913400787115,25.356066017178,-7.13318515779549));
#9937=CARTESIAN_POINT('Ctrl Pts',(-60.794234801604,25.5713228449834,-7.3483674477854));
#9938=CARTESIAN_POINT('Ctrl Pts',(-60.949802060638,26.0720726801332,-7.84911941138871));
#9939=CARTESIAN_POINT('Ctrl Pts',(-61.3959224787426,26.3781249715052,-8.15524637839096));
#9940=CARTESIAN_POINT('Ctrl Pts',(-61.6777284057021,26.4408032388657,-8.21792237948318));
#9941=CARTESIAN_POINT('Ctrl Pts',(-60.825,25.356066017178,-7.13318515779549));
#9942=CARTESIAN_POINT('Ctrl Pts',(-60.825,25.5680488803105,-7.34516802092805));
#9943=CARTESIAN_POINT('Ctrl Pts',(-60.9717272926243,26.0631829538372,-7.84030209445467));
#9944=CARTESIAN_POINT('Ctrl Pts',(-61.4072809922367,26.3669342363724,-8.14405337698991));
#9945=CARTESIAN_POINT('Ctrl Pts',(-61.683,26.4291158762246,-8.20623501684213));
#9946=CARTESIAN_POINT('',(-60.675,25.462132034356,-7.02711914061751));
#9947=CARTESIAN_POINT('Origin',(-61.925,25.462132034356,-7.02711914061751));
#9948=CARTESIAN_POINT('Origin',(-60.825,25.462132034356,-7.02711914061751));
#9949=CARTESIAN_POINT('Origin',(-60.825,22.15,-3.71498710626154));
#9950=CARTESIAN_POINT('',(-60.675,22.15,-3.71498710626154));
#9951=CARTESIAN_POINT('Origin',(-60.825,22.15,-3.71498710626154));
#9952=CARTESIAN_POINT('Origin',(-60.825,22.15,-3.71498710626154));
#9953=CARTESIAN_POINT('Origin',(-60.825,22.15,-3.71498710626154));
#9954=CARTESIAN_POINT('Origin',(-68.175,22.15,-3.71498710626154));
#9955=CARTESIAN_POINT('',(-68.325,22.15,-3.71498710626155));
#9956=CARTESIAN_POINT('Origin',(-68.175,22.15,-3.71498710626155));
#9957=CARTESIAN_POINT('Origin',(-68.175,22.15,-3.71498710626154));
#9958=CARTESIAN_POINT('Origin',(-68.175,22.15,-6.07086914061751));
#9959=CARTESIAN_POINT('',(-68.325,22.15,-0.715081693680888));
#9960=CARTESIAN_POINT('Origin',(-68.175,22.15,-0.715081693680889));
#9961=CARTESIAN_POINT('',(-68.325,22.15,-6.07086914061751));
#9962=CARTESIAN_POINT('Ctrl Pts',(-70.1812177826491,22.,0.801584972985777));
#9963=CARTESIAN_POINT('Ctrl Pts',(-69.9386088036654,22.,0.941655332309831));
#9964=CARTESIAN_POINT('Ctrl Pts',(-69.385971483271,22.,1.04820784177931));
#9965=CARTESIAN_POINT('Ctrl Pts',(-68.4853570591124,22.,0.570985990704128));
#9966=CARTESIAN_POINT('Ctrl Pts',(-68.175,22.,-0.229863735713508));
#9967=CARTESIAN_POINT('Ctrl Pts',(-68.175,22.,-0.715081693680888));
#9968=CARTESIAN_POINT('Ctrl Pts',(-70.166257817632,22.,0.775673553496717));
#9969=CARTESIAN_POINT('Ctrl Pts',(-69.9299449964222,22.0000197383006,0.913875471496241));
#9970=CARTESIAN_POINT('Ctrl Pts',(-69.3903887480168,22.0000966574673,1.01912779110376));
#9971=CARTESIAN_POINT('Ctrl Pts',(-68.5121254987986,22.0000545379954,0.547904567115519));
#9972=CARTESIAN_POINT('Ctrl Pts',(-68.2152104956963,22.0001883330749,-0.240679008029342));
#9973=CARTESIAN_POINT('Ctrl Pts',(-68.2198798950513,22.,-0.715081693680888));
#9974=CARTESIAN_POINT('Ctrl Pts',(-70.140134907573,22.016164597432,0.730427346032901));
#9975=CARTESIAN_POINT('Ctrl Pts',(-69.9147803299104,22.0144639535069,0.86533762544176));
#9976=CARTESIAN_POINT('Ctrl Pts',(-69.3982102611855,22.0132472106329,0.968324668525129));
#9977=CARTESIAN_POINT('Ctrl Pts',(-68.5589414189576,22.0187732597027,0.507635365203253));
#9978=CARTESIAN_POINT('Ctrl Pts',(-68.2854553818358,22.0295011140766,-0.259256462076113));
#9979=CARTESIAN_POINT('Ctrl Pts',(-68.2975576734237,22.0376879758627,-0.715081693680889));
#9980=CARTESIAN_POINT('Ctrl Pts',(-70.1218758642467,22.0555664353832,0.698801755294175));
#9981=CARTESIAN_POINT('Ctrl Pts',(-69.9034268917556,22.0502263098261,0.830083419512313));
#9982=CARTESIAN_POINT('Ctrl Pts',(-69.404150932996,22.0462460571589,0.930152413689621));
#9983=CARTESIAN_POINT('Ctrl Pts',(-68.5919045346907,22.0641746641549,0.482286398348141));
#9984=CARTESIAN_POINT('Ctrl Pts',(-68.3195648361086,22.0957243398053,-0.265884429498287));
#9985=CARTESIAN_POINT('Ctrl Pts',(-68.325,22.1163400787115,-0.715081693680889));
#9986=CARTESIAN_POINT('Ctrl Pts',(-70.1162658773653,22.075,0.689084972985777));
#9987=CARTESIAN_POINT('Ctrl Pts',(-69.8996507175584,22.0680734437697,0.818765497964366));
#9988=CARTESIAN_POINT('Ctrl Pts',(-69.4062245386348,22.0628043636311,0.917414387225945));
#9989=CARTESIAN_POINT('Ctrl Pts',(-68.6021045170646,22.0864032463766,0.475590860268976));
#9990=CARTESIAN_POINT('Ctrl Pts',(-68.325,22.1260057053752,-0.26585517765065));
#9991=CARTESIAN_POINT('Ctrl Pts',(-68.325,22.15,-0.715081693680889));
#9992=CARTESIAN_POINT('Origin',(-69.575,22.15,-0.71508169368089));
#9993=CARTESIAN_POINT('Origin',(-63.54375,22.15,-3.71498710626154));
#9994=CARTESIAN_POINT('Origin',(-68.175,26.231066017178,-7.79605312343953));
#9995=CARTESIAN_POINT('',(-68.325,26.231066017178,-7.79605312343953));
#9996=CARTESIAN_POINT('Origin',(-60.825,22.15,-1.65836914061751));
#9997=CARTESIAN_POINT('',(-60.675,22.15,0.461278319004053));
#9998=CARTESIAN_POINT('Origin',(-60.825,22.15,0.461278319004053));
#9999=CARTESIAN_POINT('',(-60.675,22.15,-1.65836914061751));
#10000=CARTESIAN_POINT('Ctrl Pts',(-60.825,22.,0.461278319004054));
#10001=CARTESIAN_POINT('Ctrl Pts',(-60.825,22.,0.824038191850897));
#10002=CARTESIAN_POINT('Ctrl Pts',(-60.5690928635084,22.,1.67190094790439));
#10003=CARTESIAN_POINT('Ctrl Pts',(-59.8438790204786,22.,2.077859072735));
#10004=CARTESIAN_POINT('Ctrl Pts',(-59.425,22.,2.077859072735));
#10005=CARTESIAN_POINT('Ctrl Pts',(-60.7801201049487,22.,0.461278319004054));
#10006=CARTESIAN_POINT('Ctrl Pts',(-60.7833952921799,22.0001320996632,0.815278638936968));
#10007=CARTESIAN_POINT('Ctrl Pts',(-60.5406297300048,22.0001316264062,1.64737160330674));
#10008=CARTESIAN_POINT('Ctrl Pts',(-59.8335332839532,22.,2.04793914270082));
#10009=CARTESIAN_POINT('Ctrl Pts',(-59.425,22.,2.04793914270082));
#10010=CARTESIAN_POINT('Ctrl Pts',(-60.7024406159922,22.0376865502084,0.461278319004053));
#10011=CARTESIAN_POINT('Ctrl Pts',(-60.7109293460971,22.0319441617025,0.800232305661518));
#10012=CARTESIAN_POINT('Ctrl Pts',(-60.4906984420923,22.020509068774,1.6046649932752));
#10013=CARTESIAN_POINT('Ctrl Pts',(-59.8154947504904,22.0161642088512,1.99569306686751));
#10014=CARTESIAN_POINT('Ctrl Pts',(-59.425,22.0161642088512,1.99569306686751));
#10015=CARTESIAN_POINT('Ctrl Pts',(-60.675,22.1163400787115,0.461278319004053));
#10016=CARTESIAN_POINT('Ctrl Pts',(-60.6788123060426,22.1018798880758,0.794864153140631));
#10017=CARTESIAN_POINT('Ctrl Pts',(-60.4566374860847,22.0698379888095,1.58016737277043));
#10018=CARTESIAN_POINT('Ctrl Pts',(-59.8028684549881,22.0555664353832,1.95917523593016));
#10019=CARTESIAN_POINT('Ctrl Pts',(-59.425,22.0555664353832,1.95917523593016));
#10020=CARTESIAN_POINT('Ctrl Pts',(-60.675,22.15,0.461278319004053));
#10021=CARTESIAN_POINT('Ctrl Pts',(-60.675,22.1331700393558,0.794887844925704));
#10022=CARTESIAN_POINT('Ctrl Pts',(-60.4465114852753,22.0938341097666,1.57461877236776));
#10023=CARTESIAN_POINT('Ctrl Pts',(-59.7989991254274,22.075,1.94795526216734));
#10024=CARTESIAN_POINT('Ctrl Pts',(-59.425,22.075,1.94795526216734));
#10025=CARTESIAN_POINT('',(-59.425,22.075,1.94795526216734));
#10026=CARTESIAN_POINT('Ctrl Pts',(-59.425,22.075,1.94795526216734));
#10027=CARTESIAN_POINT('Ctrl Pts',(-59.4256957769632,22.074791266911,1.94807577427244));
#10028=CARTESIAN_POINT('Ctrl Pts',(-59.4263916554298,22.0745828301725,1.94819607920656));
#10029=CARTESIAN_POINT('Ctrl Pts',(-59.4270876367903,22.0743746910206,1.94831617590385));
#10030=CARTESIAN_POINT('Ctrl Pts',(-59.4547651370964,22.0660974988865,1.95309213193451));
#10031=CARTESIAN_POINT('Ctrl Pts',(-59.4825434582391,22.0583066125968,1.95752603824286));
#10032=CARTESIAN_POINT('Ctrl Pts',(-59.5104857837563,22.0510934985564,1.9615677004326));
#10033=CARTESIAN_POINT('Ctrl Pts',(-59.5379495881743,22.044003911359,1.96554014788813));
#10034=CARTESIAN_POINT('Ctrl Pts',(-59.5655715396709,22.0374717882706,1.96913433994655));
#10035=CARTESIAN_POINT('Ctrl Pts',(-59.5933818600888,22.0316180231301,1.97232296421437));
#10036=CARTESIAN_POINT('Ctrl Pts',(-59.6019889566448,22.0298063244145,1.97330982076769));
#10037=CARTESIAN_POINT('Ctrl Pts',(-59.6106138942405,22.0280598929869,1.97425794090816));
#10038=CARTESIAN_POINT('Ctrl Pts',(-59.6192570353727,22.0263831538726,1.9751667770506));
#10039=CARTESIAN_POINT('Ctrl Pts',(-59.6308517597067,22.0241338179525,1.97638597553125));
#10040=CARTESIAN_POINT('Ctrl Pts',(-59.6424793125819,22.0220098775753,1.97753448965603));
#10041=CARTESIAN_POINT('Ctrl Pts',(-59.6541390596783,22.0200170497634,1.97860764700874));
#10042=CARTESIAN_POINT('Ctrl Pts',(-59.6808289441235,22.0154553432718,1.9810641707651));
#10043=CARTESIAN_POINT('Ctrl Pts',(-59.7076799639183,22.0115819027063,1.98312120694733));
#10044=CARTESIAN_POINT('Ctrl Pts',(-59.7346541507234,22.0084823499732,1.9847304273917));
#10045=CARTESIAN_POINT('Ctrl Pts',(-59.7603998164051,22.0055239642764,1.98626635697757));
#10046=CARTESIAN_POINT('Ctrl Pts',(-59.7862577449633,22.003270575634,1.98739477828698));
#10047=CARTESIAN_POINT('Ctrl Pts',(-59.8121624229727,22.0018292449084,1.98806964937652));
#10048=CARTESIAN_POINT('Ctrl Pts',(-59.833500676157,22.0006419890802,1.98862555554028));
#10049=CARTESIAN_POINT('Ctrl Pts',(-59.8548702017307,22.0000062292463,1.98887374082377));
#10050=CARTESIAN_POINT('Ctrl Pts',(-59.8762155199062,22.,1.98878339469371));
#10051=CARTESIAN_POINT('Origin',(-59.425,22.15,0.461278319004051));
#10052=CARTESIAN_POINT('Origin',(-60.825,24.024816017178,-5.58980312343953));
#10053=CARTESIAN_POINT('',(-60.675,24.024816017178,-5.58980312343953));
#10054=CARTESIAN_POINT('Origin',(-61.925,29.5,-7.02711914061751));
#10055=CARTESIAN_POINT('',(-61.925,29.5,-8.27711914061751));
#10056=CARTESIAN_POINT('',(-61.925,29.5,-8.27711914061751));
#10057=CARTESIAN_POINT('',(-60.675,29.5,-7.02711914061751));
#10058=CARTESIAN_POINT('Origin',(-61.925,29.5,-7.02711914061751));
#10059=CARTESIAN_POINT('',(-60.675,29.5,-7.02711914061751));
#10060=CARTESIAN_POINT('Origin',(-69.575,14.3697238438694,4.47176907707286));
#10061=CARTESIAN_POINT('',(-68.325,29.5,-5.61508169368089));
#10062=CARTESIAN_POINT('Origin',(-69.575,29.5,-5.61508169368089));
#10063=CARTESIAN_POINT('',(-68.325,14.3697238438694,4.47176907707286));
#10064=CARTESIAN_POINT('Origin',(-68.325,29.5,-8.27711914061751));
#10065=CARTESIAN_POINT('',(-68.325,29.5,0.106606142806137));
#10066=CARTESIAN_POINT('Origin',(-60.675,29.5,-8.27711914061751));
#10067=CARTESIAN_POINT('',(-68.325,29.5,-8.27711914061751));
#10068=CARTESIAN_POINT('Origin',(-59.425,28.25,-3.06055832305267));
#10069=CARTESIAN_POINT('',(-60.675,29.5,-3.7822461595397));
#10070=CARTESIAN_POINT('',(-60.675,28.25,-3.06055832305267));
#10071=CARTESIAN_POINT('',(-59.425,29.5,-2.33887048656563));
#10072=CARTESIAN_POINT('Origin',(-59.425,29.5,-3.7822461595397));
#10073=CARTESIAN_POINT('',(-59.425,28.875,-1.97802656832212));
#10074=CARTESIAN_POINT('Origin',(-60.675,29.5,0.547880859382491));
#10075=CARTESIAN_POINT('',(-60.675,29.5,-8.27711914061751));
#10076=CARTESIAN_POINT('Origin',(-75.4127623650106,15.5,2.47858624855293));
#10077=CARTESIAN_POINT('',(-74.7632433121723,15.5,2.85358624855293));
#10078=CARTESIAN_POINT('Origin',(-75.4127623650106,15.5,2.47858624855293));
#10079=CARTESIAN_POINT('Origin',(-73.9127623650106,15.5,-0.119489962800385));
#10080=CARTESIAN_POINT('',(-73.2632433121723,15.5,0.255510037199614));
#10081=CARTESIAN_POINT('Origin',(-73.9127623650106,15.5,-0.119489962800385));
#10082=CARTESIAN_POINT('',(-74.778787768795,14.0638593383655,-0.619489962800386));
#10083=CARTESIAN_POINT('Origin',(-74.778787768795,11.,-0.619489962800386));
#10084=CARTESIAN_POINT('',(-74.778787768795,11.,-0.619489962800386));
#10085=CARTESIAN_POINT('Origin',(-74.778787768795,14.0638593383655,-0.619489962800386));
#10086=CARTESIAN_POINT('Origin',(-83.0060291047472,18.5,-5.36948996280038));
#10087=CARTESIAN_POINT('',(-76.5108385763639,18.5,-1.61948996280038));
#10088=CARTESIAN_POINT('Origin',(-76.5108385763639,18.5,-1.61948996280038));
#10089=CARTESIAN_POINT('Origin',(-76.5108385763639,12.5,-1.61948996280038));
#10090=CARTESIAN_POINT('',(-76.5108385763639,12.5,-1.61948996280038));
#10091=CARTESIAN_POINT('Origin',(-76.5108385763639,11.,-1.61948996280038));
#10092=CARTESIAN_POINT('Origin',(-78.1562868435543,13.3,-2.56948996280038));
#10093=CARTESIAN_POINT('',(-78.1562868435543,13.3,-2.56948996280038));
#10094=CARTESIAN_POINT('Origin',(-78.1562868435543,17.7,-2.56948996280039));
#10095=CARTESIAN_POINT('Origin',(-44.3565120782646,5.49999999999999,26.6114857631551));
#10096=CARTESIAN_POINT('',(-70.5,5.5,11.5175359739854));
#10097=CARTESIAN_POINT('',(-69.1937400520744,13.9437970391758,6.64250748043468));
#10098=CARTESIAN_POINT('',(-44.3565120782646,5.5,26.6114857631551));
#10099=CARTESIAN_POINT('Origin',(-84.5,-2.27439929479644,20.6301327393836));
#10100=CARTESIAN_POINT('',(-80.75,-3.21469362384697,20.1916662928277));
#10101=CARTESIAN_POINT('Origin',(-84.5,-3.21469362384697,20.1916662928277));
#10102=CARTESIAN_POINT('',(-82.825,-1.33410496574592,21.0685991859396));
#10103=CARTESIAN_POINT('',(-81.7875,-2.27439929479644,20.6301327393836));
#10104=CARTESIAN_POINT('Origin',(-84.5,-1.33410496574592,21.0685991859396));
#10105=CARTESIAN_POINT('Origin',(-84.5,80.1218761673531,59.0521469908327));
#10106=CARTESIAN_POINT('',(-82.825,2.01145572893042,22.6286597586895));
#10107=CARTESIAN_POINT('',(-82.825,80.1218761673531,59.0521469908327));
#10108=CARTESIAN_POINT('Origin',(-84.5,2.01145572893042,22.6286597586895));
#10109=CARTESIAN_POINT('Origin',(-82.883974596276,6.5,5.57591761777823));
#10110=CARTESIAN_POINT('',(-67.4926192179682,6.5,22.8008534618397));
#10111=CARTESIAN_POINT('Origin',(-44.0215755877257,11.6602540378444,26.0313587442329));
#10112=CARTESIAN_POINT('Origin',(-5.14826905031327,0.,0.));
#10113=CARTESIAN_POINT('',(-97.1,-2.05128338857182E-16,1.675));
#10114=CARTESIAN_POINT('Origin',(-97.1,0.,0.));
#10115=CARTESIAN_POINT('',(-5.14826905031327,-2.05128338857182E-16,1.675));
#10116=CARTESIAN_POINT('Origin',(-99.,0.,0.));
#10117=CARTESIAN_POINT('',(-97.1,5.25,0.));
#10118=CARTESIAN_POINT('',(-99.,5.25,0.));
#10119=CARTESIAN_POINT('',(-97.1,-9.6440935432854E-16,5.25));
#10120=CARTESIAN_POINT('Origin',(-97.1,0.,0.));
#10121=CARTESIAN_POINT('',(-99.,-9.6440935432854E-16,5.25));
#10122=CARTESIAN_POINT('Origin',(-99.,-5.,5.25));
#10123=CARTESIAN_POINT('',(-97.1,-5.,5.25));
#10124=CARTESIAN_POINT('',(-97.1,-9.6440935432854E-16,5.25));
#10125=CARTESIAN_POINT('',(-99.,-5.,5.25));
#10126=CARTESIAN_POINT('Origin',(-97.1,0.125,0.125));
#10127=CARTESIAN_POINT('',(-97.1,5.25,-5.));
#10128=CARTESIAN_POINT('',(-97.1,0.,-5.));
#10129=CARTESIAN_POINT('',(-97.1,2.6875,-5.));
#10130=CARTESIAN_POINT('',(-97.1,-5.,0.));
#10131=CARTESIAN_POINT('Origin',(-97.1,0.,0.));
#10132=CARTESIAN_POINT('',(-97.1,-5.,8.85235690023822));
#10133=CARTESIAN_POINT('',(-97.1,5.25,-7.25));
#10134=CARTESIAN_POINT('Origin',(-99.,5.25,-5.));
#10135=CARTESIAN_POINT('',(-99.,5.25,-5.));
#10136=CARTESIAN_POINT('',(-99.,0.,-5.));
#10137=CARTESIAN_POINT('Origin',(-49.3565120782646,5.5,35.2717398009994));
#10138=CARTESIAN_POINT('',(-74.1782560391323,5.5,11.5175359739854));
#10139=CARTESIAN_POINT('Origin',(-99.,0.,0.));
#10140=CARTESIAN_POINT('',(-99.,-5.,0.));
#10141=CARTESIAN_POINT('Origin',(-99.,5.25,-7.25));
#10142=CARTESIAN_POINT('Origin',(-99.,29.5,-33.8672006151142));
#10143=CARTESIAN_POINT('',(-99.,29.5,-33.8672006151142));
#10144=CARTESIAN_POINT('Origin',(-4.23388347648318,15.5338834764832,-12.8246077092677));
#10145=CARTESIAN_POINT('',(-3.35,13.4,-14.7672006151142));
#10146=CARTESIAN_POINT('',(-5.11776695296637,17.6677669529664,-16.5349675680806));
#10147=CARTESIAN_POINT('',(-4.50491482779301,16.1882110406437,-15.9221154429073));
#10148=CARTESIAN_POINT('',(-5.11776695296637,17.6677669529664,-19.6677669529664));
#10149=CARTESIAN_POINT('',(-5.11776695296637,17.6677669529664,-12.8246077092677));
#10150=CARTESIAN_POINT('',(-3.35,13.4,-15.4));
#10151=CARTESIAN_POINT('',(-4.75549325757966,16.7931608842728,-18.7931608842727));
#10152=CARTESIAN_POINT('',(-3.35,13.4,-12.8246077092677));
#10153=CARTESIAN_POINT('Origin',(-6.15,18.7,-17.5054720112166));
#10154=CARTESIAN_POINT('',(-8.73812255544052,21.2881225554405,-20.1553231705548));
#10155=CARTESIAN_POINT('',(-5.83554523268372,18.3855452326837,-17.252745847798));
#10156=CARTESIAN_POINT('',(-7.8530470141156,20.4030470141156,-21.210115126646));
#10157=CARTESIAN_POINT('',(-8.61575262608682,21.1657526260868,-20.3011579734875));
#10158=CARTESIAN_POINT('',(-8.95,21.5,-22.1305679725204));
#10159=CARTESIAN_POINT('',(-6.85128499095102,19.401284990951,-20.3695369824812));
#10160=CARTESIAN_POINT('',(-8.95,21.5,-23.5));
#10161=CARTESIAN_POINT('',(-8.95,21.5,-26.8672006151142));
#10162=CARTESIAN_POINT('',(-5.52591200186943,18.0759120018694,-20.0759120018694));
#10163=CARTESIAN_POINT('Origin',(-17.4796460717605,7.70096189432334,8.74681003182169));
#10164=CARTESIAN_POINT('',(-28.6395280956807,6.40192378864668,10.9968100318217));
#10165=CARTESIAN_POINT('',(-17.4796460717605,6.40192378864668,10.9968100318217));
#10166=CARTESIAN_POINT('',(-29.8452994616208,9.,6.49681003182169));
#10167=CARTESIAN_POINT('',(-17.4796460717605,9.,6.49681003182169));
#10168=CARTESIAN_POINT('',(-29.8452994616208,9.,6.49681003182169));
#10169=CARTESIAN_POINT('Origin',(-42.7226513885723,7.70096189432334,16.52962884465));
#10170=CARTESIAN_POINT('',(-3.35,9.,-8.8002582446048));
#10171=CARTESIAN_POINT('',(-43.8476513885723,9.,14.5810716861351));
#10172=CARTESIAN_POINT('',(-3.35,6.40192378864668,-3.60410582189816));
#10173=CARTESIAN_POINT('',(-3.35,3.99781580412419,1.20411014714684));
#10174=CARTESIAN_POINT('',(-41.5976513885723,6.40192378864668,18.478186003165));
#10175=CARTESIAN_POINT('Origin',(-3.35,12.25,-8.14374340731889));
#10176=CARTESIAN_POINT('',(-3.35,8.99999999999999,-11.));
#10177=CARTESIAN_POINT('',(-3.35,9.,-4.4484666877486));
#10178=CARTESIAN_POINT('',(-3.35,5.25,-7.25));
#10179=CARTESIAN_POINT('',(-3.35,5.,-7.));
#10180=CARTESIAN_POINT('',(-3.35,5.25,-5.));
#10181=CARTESIAN_POINT('',(-3.35,5.25,0.));
#10182=CARTESIAN_POINT('',(-3.35,0.,-5.));
#10183=CARTESIAN_POINT('',(-3.35,0.,-5.));
#10184=CARTESIAN_POINT('',(-3.35,-5.,0.));
#10185=CARTESIAN_POINT('Origin',(-3.35,0.,0.));
#10186=CARTESIAN_POINT('',(-3.35,-5.,15.8416662928277));
#10187=CARTESIAN_POINT('',(-3.35,-5.,18.5966673091992));
#10188=CARTESIAN_POINT('',(-3.35,-0.8,15.8416662928277));
#10189=CARTESIAN_POINT('',(-3.35,-5.,15.8416662928277));
#10190=CARTESIAN_POINT('',(-3.35,-0.799999999999999,15.15484266988));
#10191=CARTESIAN_POINT('',(-3.35,-0.8,0.));
#10192=CARTESIAN_POINT('',(-3.35,5.5,11.5175359739854));
#10193=CARTESIAN_POINT('',(-3.35,24.2880418537782,0.670254952160599));
#10194=CARTESIAN_POINT('',(-3.35,5.5,-3.00282329613371));
#10195=CARTESIAN_POINT('',(-3.35,5.5,13.5639981968403));
#10196=CARTESIAN_POINT('',(-3.35,2.1888333196684,-0.795378842579308));
#10197=CARTESIAN_POINT('',(-3.35000000000001,-2.05128338857182E-16,1.675));
#10198=CARTESIAN_POINT('Origin',(-3.35000000000001,0.,0.));
#10199=CARTESIAN_POINT('Origin',(-34.959292143521,8.99999999999999,-0.753189968178314));
#10200=CARTESIAN_POINT('',(-30.3560618359472,8.99999999999999,4.59195707073581));
#10201=CARTESIAN_POINT('',(-42.2296460717605,8.99999999999999,4.59195707073581));
#10202=CARTESIAN_POINT('',(-30.7571077261106,8.99999999999999,4.82350102337903));
#10203=CARTESIAN_POINT('Origin',(-35.6507058132782,18.7,8.84599790017734));
#10204=CARTESIAN_POINT('',(-12.4143992262771,19.2,-3.56948996280038));
#10205=CARTESIAN_POINT('',(-20.0354227795802,19.2,0.83051003719962));
#10206=CARTESIAN_POINT('',(-35.2176931113859,19.2,9.59599790017734));
#10207=CARTESIAN_POINT('',(-19.352410077688,17.8339745962156,0.0135227390918347));
#10208=CARTESIAN_POINT('Origin',(-20.4684354814724,18.7,0.0805100371996204));
#10209=CARTESIAN_POINT('',(-19.602410077688,17.7,-0.419489962800383));
#10210=CARTESIAN_POINT('Origin',(-19.602410077688,18.7,-0.419489962800383));
#10211=CARTESIAN_POINT('',(-13.7134373319538,17.7,-3.81948996280038));
#10212=CARTESIAN_POINT('',(-35.6507058132782,17.7,8.84599790017734));
#10213=CARTESIAN_POINT('',(-13.4634373319538,17.8339745962156,-3.38647726090816));
#10214=CARTESIAN_POINT('Origin',(-13.7134373319538,18.7,-3.81948996280038));
#10215=CARTESIAN_POINT('Origin',(-12.8474119281693,18.7,-4.31948996280038));
#10216=CARTESIAN_POINT('Origin',(-22.0020221340073,24.0125,-2.57573996280038));
#10217=CARTESIAN_POINT('',(-18.043564350876,13.3,2.28051003719962));
#10218=CARTESIAN_POINT('',(-21.1359967302229,24.0125,-3.07573996280038));
#10219=CARTESIAN_POINT('',(-18.1879019181734,12.8,4.03051003719963));
#10220=CARTESIAN_POINT('',(-21.5690094321151,24.5125,-1.82573996280038));
#10221=CARTESIAN_POINT('',(-17.8709146200656,13.3,2.84749733530741));
#10222=CARTESIAN_POINT('Origin',(-18.6209146200656,12.3,3.28051003719963));
#10223=CARTESIAN_POINT('Origin',(-18.9095897546604,13.3,2.78051003719963));
#10224=CARTESIAN_POINT('Origin',(-13.9046846086228,22.3625,-6.15073996280038));
#10225=CARTESIAN_POINT('',(-10.5668783648703,12.8,-0.369489962800371));
#10226=CARTESIAN_POINT('',(-13.4716719067306,22.8625,-5.40073996280038));
#10227=CARTESIAN_POINT('',(-12.1545916051418,13.3,-1.11948996280038));
#10228=CARTESIAN_POINT('',(-14.7707100124073,22.3625,-5.65073996280038));
#10229=CARTESIAN_POINT('',(-11.7498910667625,13.3,-0.686477260908152));
#10230=CARTESIAN_POINT('Origin',(-11.2885662013574,13.3,-1.61948996280037));
#10231=CARTESIAN_POINT('Origin',(-10.9998910667625,12.3,-1.11948996280037));
#10232=CARTESIAN_POINT('Origin',(-36.7476713247384,12.3,13.7459979001773));
#10233=CARTESIAN_POINT('',(-36.3146586228462,12.8,14.4959979001773));
#10234=CARTESIAN_POINT('',(-36.7476713247384,13.3,13.7459979001773));
#10235=CARTESIAN_POINT('Origin',(-14.9547404107115,13.3,-5.96948996280038));
#10236=CARTESIAN_POINT('',(-14.9547404107115,17.7,-5.96948996280038));
#10237=CARTESIAN_POINT('',(-14.9547404107115,17.7,-5.96948996280038));
#10238=CARTESIAN_POINT('',(-14.9547404107115,13.3,-5.96948996280038));
#10239=CARTESIAN_POINT('',(-14.9547404107115,13.9,-5.96948996280038));
#10240=CARTESIAN_POINT('',(-14.9547404107115,13.3,-5.96948996280038));
#10241=CARTESIAN_POINT('Origin',(-14.9547404107115,17.7,-5.96948996280038));
#10242=CARTESIAN_POINT('',(-20.8437131564457,17.7,-2.56948996280039));
#10243=CARTESIAN_POINT('',(-20.8437131564457,17.7,-2.56948996280039));
#10244=CARTESIAN_POINT('',(-16.3690897965733,17.7,-5.15291496414486));
#10245=CARTESIAN_POINT('Origin',(-60.1283154790369,29.5,17.1114857631551));
#10246=CARTESIAN_POINT('',(0.,11.6602540378444,-5.7104493898152));
#10247=CARTESIAN_POINT('',(-54.9784244122743,11.6602540378444,26.0313587442329));
#10248=CARTESIAN_POINT('',(0.,29.5,-17.6036133645856));
#10249=CARTESIAN_POINT('',(0.,-0.607054598280066,2.4677563676011));
#10250=CARTESIAN_POINT('',(-33.9940715181692,29.5,2.02287297728072));
#10251=CARTESIAN_POINT('Origin',(-41.6875,-5.,16.9416662928277));
#10252=CARTESIAN_POINT('',(-41.2875,-1.55930143739672,16.6416662928277));
#10253=CARTESIAN_POINT('',(-41.6875,-1.46603990576572,16.4416662928277));
#10254=CARTESIAN_POINT('Origin',(-41.6875,-1.69919373484322,16.9416662928277));
#10255=CARTESIAN_POINT('',(-41.6875,-0.8,16.4416662928277));
#10256=CARTESIAN_POINT('',(-41.6875,-5.,16.4416662928277));
#10257=CARTESIAN_POINT('',(-41.2875,-0.8,16.6416662928277));
#10258=CARTESIAN_POINT('Origin',(-41.6875,-0.8,16.9416662928277));
#10259=CARTESIAN_POINT('',(-41.2875,-5.,16.6416662928277));
#10260=CARTESIAN_POINT('Origin',(-49.5,-0.890293184273121,15.2069734641261));
#10261=CARTESIAN_POINT('',(-10.,-5.,24.0202681717177));
#10262=CARTESIAN_POINT('',(-24.75,-5.,24.0202681717177));
#10263=CARTESIAN_POINT('',(-49.5,-1.46603990576572,16.4416662928277));
#10264=CARTESIAN_POINT('',(-38.4,-3.35458592129346,20.4916662928277));
#10265=CARTESIAN_POINT('',(-42.6809662589117,-0.69292278684857,14.7837112809454));
#10266=CARTESIAN_POINT('',(-38.,-3.44784745292446,20.6916662928277));
#10267=CARTESIAN_POINT('Origin',(-38.,-3.21469362384696,20.1916662928277));
#10268=CARTESIAN_POINT('',(-26.,-3.44784745292446,20.6916662928277));
#10269=CARTESIAN_POINT('',(-43.875,-3.44784745292446,20.6916662928277));
#10270=CARTESIAN_POINT('',(-25.6,-3.35458592129346,20.4916662928277));
#10271=CARTESIAN_POINT('Origin',(-26.,-3.21469362384696,20.1916662928277));
#10272=CARTESIAN_POINT('',(-22.7125,-1.55930143739672,16.6416662928277));
#10273=CARTESIAN_POINT('',(-28.2484609973373,-5.00124944847107,24.0229476226107));
#10274=CARTESIAN_POINT('',(-22.3125,-1.46603990576572,16.4416662928277));
#10275=CARTESIAN_POINT('Origin',(-22.3125,-1.69919373484322,16.9416662928277));
#10276=CARTESIAN_POINT('',(-12.6642135623731,-1.46603990576572,16.4416662928277));
#10277=CARTESIAN_POINT('',(-36.03125,-1.46603990576572,16.4416662928277));
#10278=CARTESIAN_POINT('',(-12.3106601717798,-1.53432908124291,16.5881129022344));
#10279=CARTESIAN_POINT('Origin',(-12.6642135623731,-1.69919373484322,16.9416662928277));
#10280=CARTESIAN_POINT('',(-10.1464466094067,-2.5435184392604,18.7523264646075));
#10281=CARTESIAN_POINT('',(-20.7770841812737,2.41362927157143,8.12168889274051));
#10282=CARTESIAN_POINT('',(-10.,-2.7083830928607,19.1058798552008));
#10283=CARTESIAN_POINT('Origin',(-10.5,-2.7083830928607,19.1058798552008));
#10284=CARTESIAN_POINT('',(-10.,-1.96432337712235,17.5102386455275));
#10285=CARTESIAN_POINT('',(-53.25,-3.21469362384697,20.1916662928277));
#10286=CARTESIAN_POINT('Origin',(-49.5,-3.21469362384697,20.1916662928277));
#10287=CARTESIAN_POINT('',(-18.25,-3.21469362384697,20.1916662928277));
#10288=CARTESIAN_POINT('Origin',(-14.5,-3.21469362384697,20.1916662928277));
#10289=CARTESIAN_POINT('Origin',(-41.4375,-5.,16.4416662928277));
#10290=CARTESIAN_POINT('',(-38.4,-0.8,20.4916662928277));
#10291=CARTESIAN_POINT('',(-38.25,-0.8,20.6916662928277));
#10292=CARTESIAN_POINT('',(-38.4,-5.,20.4916662928277));
#10293=CARTESIAN_POINT('Origin',(-38.,-5.,20.1916662928277));
#10294=CARTESIAN_POINT('',(-38.,-0.8,20.6916662928277));
#10295=CARTESIAN_POINT('Origin',(-38.,-0.8,20.1916662928277));
#10296=CARTESIAN_POINT('',(-38.,-5.,20.6916662928277));
#10297=CARTESIAN_POINT('Origin',(-26.,-5.,20.1916662928277));
#10298=CARTESIAN_POINT('',(-25.6,-0.8,20.4916662928277));
#10299=CARTESIAN_POINT('',(-26.,-0.8,20.6916662928277));
#10300=CARTESIAN_POINT('Origin',(-26.,-0.8,20.1916662928277));
#10301=CARTESIAN_POINT('',(-25.6,-5.,20.4916662928277));
#10302=CARTESIAN_POINT('',(-26.,-5.,20.6916662928277));
#10303=CARTESIAN_POINT('Origin',(-38.25,-5.,20.6916662928277));
#10304=CARTESIAN_POINT('',(-25.75,-0.8,20.6916662928277));
#10305=CARTESIAN_POINT('Origin',(-22.3125,-5.,16.9416662928277));
#10306=CARTESIAN_POINT('',(-22.7125,-0.8,16.6416662928277));
#10307=CARTESIAN_POINT('',(-22.7125,-5.,16.6416662928277));
#10308=CARTESIAN_POINT('',(-22.3125,-0.8,16.4416662928277));
#10309=CARTESIAN_POINT('Origin',(-22.3125,-0.8,16.9416662928277));
#10310=CARTESIAN_POINT('',(-22.3125,-5.,16.4416662928277));
#10311=CARTESIAN_POINT('Origin',(-25.75,-5.,20.6916662928277));
#10312=CARTESIAN_POINT('',(-22.375,-0.8,16.1916662928277));
#10313=CARTESIAN_POINT('Origin',(-10.5,-5.,19.1058798552008));
#10314=CARTESIAN_POINT('',(-10.1464466094067,-0.8,18.7523264646075));
#10315=CARTESIAN_POINT('',(-10.1464466094067,-5.,18.7523264646075));
#10316=CARTESIAN_POINT('',(-10.,-0.8,19.1058798552008));
#10317=CARTESIAN_POINT('Origin',(-10.5,-0.8,19.1058798552008));
#10318=CARTESIAN_POINT('',(-10.,-5.,19.1058798552008));
#10319=CARTESIAN_POINT('Origin',(-12.4571067811865,-5.,16.4416662928277));
#10320=CARTESIAN_POINT('',(-12.3106601717798,-0.8,16.5881129022344));
#10321=CARTESIAN_POINT('',(-12.3106601717798,-5.,16.5881129022344));
#10322=CARTESIAN_POINT('',(-10.,-0.8,18.8987730740142));
#10323=CARTESIAN_POINT('Origin',(-12.6642135623731,-5.,16.9416662928277));
#10324=CARTESIAN_POINT('',(-12.6642135623731,-0.8,16.4416662928277));
#10325=CARTESIAN_POINT('',(-12.6642135623731,-5.,16.4416662928277));
#10326=CARTESIAN_POINT('Origin',(-12.6642135623731,-0.8,16.9416662928277));
#10327=CARTESIAN_POINT('Origin',(-27.9353138463427,12.75,0.947497335307398));
#10328=CARTESIAN_POINT('',(-27.6853138463427,20.,1.38051003719962));
#10329=CARTESIAN_POINT('',(-27.5023011444505,20.,0.697497335307396));
#10330=CARTESIAN_POINT('Origin',(-27.9353138463427,20.,0.947497335307397));
#10331=CARTESIAN_POINT('',(-27.5023011444505,11.25,0.697497335307396));
#10332=CARTESIAN_POINT('',(-27.5023011444505,12.75,0.697497335307397));
#10333=CARTESIAN_POINT('',(-27.4353138463427,11.,0.947497335307398));
#10334=CARTESIAN_POINT('Origin',(-27.9353138463427,11.25,0.947497335307398));
#10335=CARTESIAN_POINT('',(-27.6853138463427,11.,1.38051003719962));
#10336=CARTESIAN_POINT('Origin',(-27.9353138463427,11.,0.947497335307398));
#10337=CARTESIAN_POINT('',(-27.6853138463427,12.75,1.38051003719962));
#10338=CARTESIAN_POINT('Origin',(-17.7834391824352,14.5,-4.33633996548935));
#10339=CARTESIAN_POINT('',(-24.221212231205,11.,-0.619489962800386));
#10340=CARTESIAN_POINT('',(-21.0023257068201,11.,-2.47791496414486));
#10341=CARTESIAN_POINT('',(-24.221212231205,14.0638593383655,-0.619489962800386));
#10342=CARTESIAN_POINT('',(-24.221212231205,14.2819296691827,-0.619489962800383));
#10343=CARTESIAN_POINT('',(-24.221212231205,16.9361406616345,-0.619489962800388));
#10344=CARTESIAN_POINT('Origin',(-25.0872376349894,15.5,-0.119489962800388));
#10345=CARTESIAN_POINT('',(-24.221212231205,20.,-0.619489962800388));
#10346=CARTESIAN_POINT('',(-24.221212231205,17.25,-0.619489962800387));
#10347=CARTESIAN_POINT('',(-22.4891614236361,20.,-1.61948996280038));
#10348=CARTESIAN_POINT('',(-31.0896386866801,20.,3.34599790017734));
#10349=CARTESIAN_POINT('',(-22.4891614236361,18.5,-1.61948996280038));
#10350=CARTESIAN_POINT('',(-22.4891614236361,16.5,-1.61948996280038));
#10351=CARTESIAN_POINT('',(-15.9939708952528,18.5,-5.36948996280038));
#10352=CARTESIAN_POINT('',(-16.888705038844,18.5,-4.85291496414486));
#10353=CARTESIAN_POINT('',(-15.9939708952528,20.,-5.36948996280038));
#10354=CARTESIAN_POINT('',(-15.9939708952528,17.25,-5.36948996280038));
#10355=CARTESIAN_POINT('',(-3.34999999999999,20.,-12.6694899628004));
#10356=CARTESIAN_POINT('',(-31.0896386866801,20.,3.34599790017734));
#10357=CARTESIAN_POINT('',(-3.35,10.6694899628004,-12.6694899628004));
#10358=CARTESIAN_POINT('',(-3.35,11.4597449814002,-12.6694899628004));
#10359=CARTESIAN_POINT('',(-30.7431578064992,10.6694899628004,3.14595707073581));
#10360=CARTESIAN_POINT('',(-24.2632984944672,10.6694899628004,-0.595191447376769));
#10361=CARTESIAN_POINT('',(-30.7431578064992,20.,3.14595707073581));
#10362=CARTESIAN_POINT('',(-30.7431578064992,14.5,3.14595707073581));
#10363=CARTESIAN_POINT('',(-31.0896386866801,20.,3.34599790017734));
#10364=CARTESIAN_POINT('',(-15.9939708952528,12.5,-5.36948996280038));
#10365=CARTESIAN_POINT('',(-22.4891614236361,12.5,-1.61948996280038));
#10366=CARTESIAN_POINT('',(-20.1363003030356,12.5,-2.97791496414486));
#10367=CARTESIAN_POINT('',(-22.4891614236361,11.,-1.61948996280038));
#10368=CARTESIAN_POINT('',(-22.4891614236361,12.75,-1.61948996280038));
#10369=CARTESIAN_POINT('',(-15.9939708952528,11.,-5.36948996280038));
#10370=CARTESIAN_POINT('',(-16.888705038844,11.,-4.85291496414486));
#10371=CARTESIAN_POINT('',(-15.9939708952528,13.5,-5.36948996280038));
#10372=CARTESIAN_POINT('',(-20.8437131564457,13.3,-2.56948996280038));
#10373=CARTESIAN_POINT('',(-20.8437131564457,16.1,-2.56948996280038));
#10374=CARTESIAN_POINT('',(-19.3135761694404,13.3,-3.45291496414486));
#10375=CARTESIAN_POINT('Origin',(-25.2792249330972,17.75,-1.45202171753093));
#10376=CARTESIAN_POINT('',(-25.5292249330972,16.645643923739,-1.88503441942315));
#10377=CARTESIAN_POINT('',(-25.5292249330972,19.5,-1.88503441942315));
#10378=CARTESIAN_POINT('',(-25.5292249330972,17.75,-1.88503441942315));
#10379=CARTESIAN_POINT('',(-24.846212231205,20.,-1.70202171753094));
#10380=CARTESIAN_POINT('Origin',(-25.2792249330972,19.5,-1.45202171753093));
#10381=CARTESIAN_POINT('',(-24.846212231205,16.9361406616345,-1.70202171753094));
#10382=CARTESIAN_POINT('',(-24.846212231205,17.75,-1.70202171753093));
#10383=CARTESIAN_POINT('Ctrl Pts',(-25.5292249330972,16.645643923739,-1.88503441942315));
#10384=CARTESIAN_POINT('Ctrl Pts',(-25.5283306780103,16.6463199170443,-1.88555071783829));
#10385=CARTESIAN_POINT('Ctrl Pts',(-25.5274345863176,16.6469954913581,-1.88606438299905));
#10386=CARTESIAN_POINT('Ctrl Pts',(-25.4916507913169,16.6739014590395,-1.90642953631594));
#10387=CARTESIAN_POINT('Ctrl Pts',(-25.4540339669602,16.6994611933146,-1.92227757465322));
#10388=CARTESIAN_POINT('Ctrl Pts',(-25.3755248411926,16.747876585968,-1.94431494053014));
#10389=CARTESIAN_POINT('Ctrl Pts',(-25.3348351565541,16.7707088390471,-1.95067026047437));
#10390=CARTESIAN_POINT('Ctrl Pts',(-25.2318874855963,16.8232918069562,-1.95352891308744));
#10391=CARTESIAN_POINT('Ctrl Pts',(-25.1690945634235,16.8509546291767,-1.94401982386233));
#10392=CARTESIAN_POINT('Ctrl Pts',(-25.0539363621523,16.893966446315,-1.90211816190145));
#10393=CARTESIAN_POINT('Ctrl Pts',(-25.0022775314871,16.909911572317,-1.87264808052425));
#10394=CARTESIAN_POINT('Ctrl Pts',(-24.9126267596328,16.9308808047537,-1.79680908155621));
#10395=CARTESIAN_POINT('Ctrl Pts',(-24.8752515269801,16.9361406616345,-1.75231925322943));
#10396=CARTESIAN_POINT('Ctrl Pts',(-24.846212231205,16.9361406616345,-1.70202171753094));
#10397=CARTESIAN_POINT('Origin',(-26.9571491529295,19.5,-0.483271717530933));
#10398=CARTESIAN_POINT('',(-27.6942884425583,19.5,-0.635034419423152));
#10399=CARTESIAN_POINT('',(-27.2071491529295,19.5,-0.916284419423153));
#10400=CARTESIAN_POINT('',(-27.8773011444505,20.,0.0479782824690679));
#10401=CARTESIAN_POINT('Origin',(-27.4442884425583,19.5,-0.202021717530932));
#10402=CARTESIAN_POINT('',(-26.9571491529295,20.,-0.483271717530933));
#10403=CARTESIAN_POINT('Origin',(-27.4442884425583,13.25,-0.202021717530933));
#10404=CARTESIAN_POINT('',(-27.6942884425583,12.7071067811865,-0.635034419423152));
#10405=CARTESIAN_POINT('',(-27.6942884425583,13.25,-0.635034419423152));
#10406=CARTESIAN_POINT('',(-27.9272513557028,12.3535533905933,-0.331431240082193));
#10407=CARTESIAN_POINT('Origin',(-27.4442884425583,12.7071067811865,-0.202021717530933));
#10408=CARTESIAN_POINT('',(-27.8773011444505,12.,0.0479782824690664));
#10409=CARTESIAN_POINT('Origin',(-27.4442884425583,12.,-0.202021717530933));
#10410=CARTESIAN_POINT('',(-27.8773011444505,13.25,0.0479782824690672));
#10411=CARTESIAN_POINT('Origin',(-25.7393009288577,12.7071067811865,-1.18639671753093));
#10412=CARTESIAN_POINT('',(-25.1498154105459,12.3535533905933,-1.93498463067547));
#10413=CARTESIAN_POINT('',(-25.9160776241543,12.3535533905933,-1.49258293537883));
#10414=CARTESIAN_POINT('',(-25.5292249330972,12.7071067811865,-1.88503441942315));
#10415=CARTESIAN_POINT('',(-25.9893009288577,12.7071067811865,-1.61940941942315));
#10416=CARTESIAN_POINT('Origin',(-25.2792249330972,12.7071067811865,-1.45202171753093));
#10417=CARTESIAN_POINT('Origin',(-25.2792249330972,14.7819296691827,-1.45202171753093));
#10418=CARTESIAN_POINT('',(-24.846212231205,14.0638593383655,-1.70202171753093));
#10419=CARTESIAN_POINT('',(-24.846212231205,12.,-1.70202171753093));
#10420=CARTESIAN_POINT('',(-24.846212231205,14.7819296691827,-1.70202171753093));
#10421=CARTESIAN_POINT('Origin',(-25.2792249330972,12.,-1.45202171753093));
#10422=CARTESIAN_POINT('',(-25.5292249330972,14.354356076261,-1.88503441942315));
#10423=CARTESIAN_POINT('',(-25.5292249330972,14.7819296691827,-1.88503441942315));
#10424=CARTESIAN_POINT('Ctrl Pts',(-25.5292249330972,14.354356076261,-1.88503441942316));
#10425=CARTESIAN_POINT('Ctrl Pts',(-25.5283306780087,14.3536800829546,-1.8855507178392));
#10426=CARTESIAN_POINT('Ctrl Pts',(-25.5274345863189,14.3530045086428,-1.88606438299826));
#10427=CARTESIAN_POINT('Ctrl Pts',(-25.4916507912944,14.3260985409445,-1.90642953632875));
#10428=CARTESIAN_POINT('Ctrl Pts',(-25.4540339669557,14.3005388066827,-1.92227757465449));
#10429=CARTESIAN_POINT('Ctrl Pts',(-25.3755248411925,14.2521234140319,-1.94431494053016));
#10430=CARTESIAN_POINT('Ctrl Pts',(-25.334835156554,14.2292911609529,-1.95067026047437));
#10431=CARTESIAN_POINT('Ctrl Pts',(-25.2318874855963,14.1767081930438,-1.95352891308744));
#10432=CARTESIAN_POINT('Ctrl Pts',(-25.1690945634235,14.1490453708233,-1.94401982386233));
#10433=CARTESIAN_POINT('Ctrl Pts',(-25.0539363621523,14.106033553685,-1.90211816190145));
#10434=CARTESIAN_POINT('Ctrl Pts',(-25.0022775314871,14.090088427683,-1.87264808052425));
#10435=CARTESIAN_POINT('Ctrl Pts',(-24.9126267596328,14.0691191952463,-1.7968090815562));
#10436=CARTESIAN_POINT('Ctrl Pts',(-24.8752515269801,14.0638593383655,-1.75231925322943));
#10437=CARTESIAN_POINT('Ctrl Pts',(-24.846212231205,14.0638593383655,-1.70202171753093));
#10438=CARTESIAN_POINT('Origin',(-25.7122376349894,15.5,-1.20202171753093));
#10439=CARTESIAN_POINT('Origin',(-25.7122376349894,15.5,-1.20202171753093));
#10440=CARTESIAN_POINT('Origin',(-25.9622376349894,15.5,-1.63503441942315));
#10441=CARTESIAN_POINT('Origin',(-24.221212231205,20.,-0.619489962800388));
#10442=CARTESIAN_POINT('',(-24.221212231205,20.,-0.619489962800388));
#10443=CARTESIAN_POINT('',(-24.221212231205,16.9361406616345,-0.619489962800388));
#10444=CARTESIAN_POINT('Origin',(-27.2523011444505,20.,1.13051003719961));
#10445=CARTESIAN_POINT('',(-27.2523011444505,20.,1.13051003719961));
#10446=CARTESIAN_POINT('',(-31.0896386866801,20.,3.34599790017734));
#10447=CARTESIAN_POINT('Origin',(-27.2523011444505,11.,1.13051003719962));
#10448=CARTESIAN_POINT('',(-27.5335511444505,11.3125,0.643370747570871));
#10449=CARTESIAN_POINT('Origin',(-26.2869971614086,15.5,-1.44753441942315));
#10450=CARTESIAN_POINT('',(-26.6117566878277,15.5,-1.26003441942315));
#10451=CARTESIAN_POINT('Origin',(-25.9622376349894,15.5,-1.63503441942315));
#10452=CARTESIAN_POINT('Origin',(-17.051983597145,12.125,-6.20202171753093));
#10453=CARTESIAN_POINT('',(-17.301983597145,11.5,-6.63503441942315));
#10454=CARTESIAN_POINT('',(-17.301983597145,12.,-6.63503441942315));
#10455=CARTESIAN_POINT('',(-17.301983597145,12.125,-6.63503441942315));
#10456=CARTESIAN_POINT('',(-16.6189708952528,12.5,-6.45202171753093));
#10457=CARTESIAN_POINT('Origin',(-17.051983597145,12.,-6.20202171753093));
#10458=CARTESIAN_POINT('',(-16.6189708952528,11.,-6.45202171753093));
#10459=CARTESIAN_POINT('',(-16.6189708952528,12.125,-6.45202171753093));
#10460=CARTESIAN_POINT('Origin',(-17.051983597145,11.5,-6.20202171753093));
#10461=CARTESIAN_POINT('Origin',(-21.4903637915403,12.,-3.63952171753093));
#10462=CARTESIAN_POINT('',(-22.9311487217439,12.,-3.38503441942316));
#10463=CARTESIAN_POINT('',(-21.7403637915403,12.,-4.07253441942315));
#10464=CARTESIAN_POINT('',(-23.1141614236361,12.5,-2.70202171753094));
#10465=CARTESIAN_POINT('Origin',(-22.6811487217439,12.,-2.95202171753094));
#10466=CARTESIAN_POINT('',(-21.4903637915403,12.5,-3.63952171753093));
#10467=CARTESIAN_POINT('Origin',(-22.6811487217439,11.375,-2.95202171753094));
#10468=CARTESIAN_POINT('',(-22.9311487217439,11.5,-3.38503441942316));
#10469=CARTESIAN_POINT('',(-22.9311487217439,11.375,-3.38503441942316));
#10470=CARTESIAN_POINT('',(-23.1141614236361,11.,-2.70202171753094));
#10471=CARTESIAN_POINT('Origin',(-22.6811487217439,11.5,-2.95202171753094));
#10472=CARTESIAN_POINT('',(-23.1141614236361,11.375,-2.70202171753094));
#10473=CARTESIAN_POINT('Origin',(-18.2427685273486,11.5,-5.51452171753093));
#10474=CARTESIAN_POINT('',(-18.2427685273486,11.,-5.51452171753093));
#10475=CARTESIAN_POINT('',(-18.4927685273486,11.5,-5.94753441942315));
#10476=CARTESIAN_POINT('Origin',(-15.9939708952528,11.,-5.36948996280038));
#10477=CARTESIAN_POINT('',(-15.9939708952528,11.,-5.36948996280038));
#10478=CARTESIAN_POINT('',(-22.4891614236361,11.,-1.61948996280038));
#10479=CARTESIAN_POINT('Origin',(-15.9939708952528,12.5,-5.36948996280038));
#10480=CARTESIAN_POINT('',(-15.9939708952528,12.5,-5.36948996280038));
#10481=CARTESIAN_POINT('Origin',(-20.1165661594444,11.75,-5.01003441942315));
#10482=CARTESIAN_POINT('Origin',(-21.4903637915403,19.5,-3.63952171753093));
#10483=CARTESIAN_POINT('',(-17.301983597145,19.5,-6.63503441942315));
#10484=CARTESIAN_POINT('',(-22.9311487217439,19.5,-3.38503441942315));
#10485=CARTESIAN_POINT('',(-21.7403637915403,19.5,-4.07253441942315));
#10486=CARTESIAN_POINT('',(-23.1141614236361,20.,-2.70202171753093));
#10487=CARTESIAN_POINT('Origin',(-22.6811487217439,19.5,-2.95202171753093));
#10488=CARTESIAN_POINT('',(-16.6189708952528,20.,-6.45202171753093));
#10489=CARTESIAN_POINT('',(-21.4903637915403,20.,-3.63952171753093));
#10490=CARTESIAN_POINT('Origin',(-17.051983597145,19.5,-6.20202171753093));
#10491=CARTESIAN_POINT('Origin',(-22.6811487217439,18.875,-2.95202171753094));
#10492=CARTESIAN_POINT('',(-22.9311487217439,19.,-3.38503441942315));
#10493=CARTESIAN_POINT('',(-22.9311487217439,18.875,-3.38503441942315));
#10494=CARTESIAN_POINT('',(-23.1141614236361,18.5,-2.70202171753093));
#10495=CARTESIAN_POINT('Origin',(-22.6811487217439,19.,-2.95202171753094));
#10496=CARTESIAN_POINT('',(-23.1141614236361,18.875,-2.70202171753093));
#10497=CARTESIAN_POINT('Origin',(-18.2427685273486,19.,-5.51452171753093));
#10498=CARTESIAN_POINT('',(-17.301983597145,19.,-6.63503441942315));
#10499=CARTESIAN_POINT('',(-18.4927685273486,19.,-5.94753441942315));
#10500=CARTESIAN_POINT('',(-16.6189708952528,18.5,-6.45202171753093));
#10501=CARTESIAN_POINT('Origin',(-17.051983597145,19.,-6.20202171753093));
#10502=CARTESIAN_POINT('',(-18.2427685273486,18.5,-5.51452171753093));
#10503=CARTESIAN_POINT('Origin',(-17.051983597145,19.625,-6.20202171753093));
#10504=CARTESIAN_POINT('',(-16.6189708952528,19.625,-6.45202171753093));
#10505=CARTESIAN_POINT('',(-17.301983597145,19.625,-6.63503441942315));
#10506=CARTESIAN_POINT('Origin',(-15.9939708952528,20.,-5.36948996280038));
#10507=CARTESIAN_POINT('',(-15.9939708952528,20.,-5.36948996280038));
#10508=CARTESIAN_POINT('',(-15.9939708952528,18.5,-5.36948996280038));
#10509=CARTESIAN_POINT('Origin',(-22.4891614236361,20.,-1.61948996280038));
#10510=CARTESIAN_POINT('',(-22.4891614236361,20.,-1.61948996280038));
#10511=CARTESIAN_POINT('',(-31.0896386866801,20.,3.34599790017734));
#10512=CARTESIAN_POINT('Origin',(-20.1165661594444,19.25,-5.01003441942315));
#10513=CARTESIAN_POINT('Origin',(-8.95,27.4955839735972,-25.2033493394599));
#10514=CARTESIAN_POINT('',(-13.2,27.8786061951567,-25.5247431443031));
#10515=CARTESIAN_POINT('',(-13.2,27.8169777784405,-24.8203271179004));
#10516=CARTESIAN_POINT('Origin',(-13.2,27.4955839735972,-25.2033493394599));
#10517=CARTESIAN_POINT('',(-8.95,27.8169777784405,-24.8203271179004));
#10518=CARTESIAN_POINT('',(-8.95,27.8169777784405,-24.8203271179004));
#10519=CARTESIAN_POINT('',(-8.95,27.8786061951567,-25.5247431443031));
#10520=CARTESIAN_POINT('Origin',(-8.95,27.4955839735972,-25.2033493394599));
#10521=CARTESIAN_POINT('',(-8.95,27.8786061951567,-25.5247431443031));
#10522=CARTESIAN_POINT('Origin',(-13.2,24.6229173119011,-22.7928958031353));
#10523=CARTESIAN_POINT('',(-13.2,21.3672284286454,-20.0610484619675));
#10524=CARTESIAN_POINT('',(-13.2,22.0716444550482,-19.9994200452513));
#10525=CARTESIAN_POINT('Origin',(-13.2,21.7502506502049,-20.3824422668108));
#10526=CARTESIAN_POINT('Origin',(-13.2,24.9443111167443,-22.4098735815758));
#10527=CARTESIAN_POINT('Origin',(-13.2,24.6229173119011,-22.7928958031353));
#10528=CARTESIAN_POINT('Origin',(-8.95,21.7502506502049,-20.3824422668108));
#10529=CARTESIAN_POINT('',(-8.6438478468533,21.3672284286454,-20.0610484619675));
#10530=CARTESIAN_POINT('',(-8.58221943013707,22.0716444550482,-19.9994200452513));
#10531=CARTESIAN_POINT('Origin',(-8.96524165169657,21.7502506502049,-20.3824422668108));
#10532=CARTESIAN_POINT('',(-8.95,22.0716444550482,-19.9994200452513));
#10533=CARTESIAN_POINT('',(-8.95,21.3672284286454,-20.0610484619675));
#10534=CARTESIAN_POINT('Origin',(-8.95,21.6886222334887,-19.678026240408));
#10535=CARTESIAN_POINT('',(-13.2,20.4030470141156,-21.210115126646));
#10536=CARTESIAN_POINT('',(-13.2,21.3672284286454,-20.0610484619675));
#10537=CARTESIAN_POINT('',(-8.95,20.4030470141156,-21.210115126646));
#10538=CARTESIAN_POINT('',(-8.3545044791389,21.6100163417782,-19.7717050942531));
#10539=CARTESIAN_POINT('Origin',(-13.2,24.6229173119011,-22.7928958031353));
#10540=CARTESIAN_POINT('',(-13.2,26.9144247806269,-26.6738098089816));
#10541=CARTESIAN_POINT('',(-13.2,27.8786061951567,-25.5247431443031));
#10542=CARTESIAN_POINT('Origin',(-13.2,23.6587358973713,-23.9419624678138));
#10543=CARTESIAN_POINT('Origin',(-8.95,28.2,-25.1417209227436));
#10544=CARTESIAN_POINT('',(-8.95,26.9144247806269,-26.6738098089816));
#10545=CARTESIAN_POINT('',(-8.95,27.8501355912178,-25.5586730888306));
#10546=CARTESIAN_POINT('',(-8.95,26.9144247806269,-26.6738098089816));
#10547=CARTESIAN_POINT('Origin',(-25.3166046963068,11.75,-1.14176536658482));
#10548=CARTESIAN_POINT('',(-24.346212231205,11.,-0.835996313746492));
#10549=CARTESIAN_POINT('',(-24.8854446485007,12.0784648345914,-1.76997425759081));
#10550=CARTESIAN_POINT('',(-24.6439084637559,11.,-0.664121313746493));
#10551=CARTESIAN_POINT('Origin',(-49.5,10.6694899628004,3.14595707073581));
#10552=CARTESIAN_POINT('',(-30.9258797897021,11.4575439342879,2.46339768543733));
#10553=CARTESIAN_POINT('',(-54.6146370289182,10.6694899628004,3.14595707073581));
#10554=CARTESIAN_POINT('Origin',(-30.7431578064992,10.6694899628004,3.1459570707358));
#10555=CARTESIAN_POINT('',(-3.35,5.,-7.));
#10556=CARTESIAN_POINT('Origin',(-39.2707259421637,14.5,3.14595707073581));
#10557=CARTESIAN_POINT('',(-15.3715789032496,20.,3.14595707073581));
#10558=CARTESIAN_POINT('Origin',(0.,29.5,-2.33887048656563));
#10559=CARTESIAN_POINT('',(-28.5,5.5,11.5175359739854));
#10560=CARTESIAN_POINT('',(-29.8062599479256,13.9437970391758,6.64250748043468));
#10561=CARTESIAN_POINT('',(-24.8217439608677,5.5,11.5175359739854));
#10562=CARTESIAN_POINT('',(-29.1848629207625,-0.8,15.15484266988));
#10563=CARTESIAN_POINT('',(-12.875,-0.800000000000001,15.15484266988));
#10564=CARTESIAN_POINT('',(-34.8151370792375,-0.8,15.15484266988));
#10565=CARTESIAN_POINT('Origin',(-32.,-2.59583119343295,16.1916662928277));
#10566=CARTESIAN_POINT('',(-12.875,-0.800000000000001,15.15484266988));
#10567=CARTESIAN_POINT('',(-86.125,-0.800000000000001,15.15484266988));
#10568=CARTESIAN_POINT('Origin',(-32.,0.700000000000001,16.1916662928277));
#10569=CARTESIAN_POINT('',(-33.45,-0.8,16.1916662928277));
#10570=CARTESIAN_POINT('Origin',(-32.,-0.8,16.1916662928277));
#10571=CARTESIAN_POINT('',(-33.45,2.2,16.1916662928277));
#10572=CARTESIAN_POINT('',(-33.45,0.700000000000001,16.1916662928277));
#10573=CARTESIAN_POINT('Origin',(-32.,2.2,16.1916662928277));
#10574=CARTESIAN_POINT('Origin',(-32.,2.2,16.1916662928277));
#10575=CARTESIAN_POINT('Origin',(-32.,-0.8,16.1916662928277));
#10576=CARTESIAN_POINT('Origin',(-32.,-0.8,16.1916662928277));
#10577=CARTESIAN_POINT('Origin',(-10.,-5.,18.8987730740142));
#10578=CARTESIAN_POINT('',(-10.,-0.8,27.0202681717177));
#10579=CARTESIAN_POINT('',(-10.,-0.8,27.0202681717177));
#10580=CARTESIAN_POINT('',(-10.,-5.,27.0202681717177));
#10581=CARTESIAN_POINT('',(-10.,-5.,27.0202681717177));
#10582=CARTESIAN_POINT('',(-10.,-5.,18.2392434372453));
#10583=CARTESIAN_POINT('Origin',(-25.75,-0.8,17.6059672322727));
#10584=CARTESIAN_POINT('',(-41.4375,-0.8,16.4416662928277));
#10585=CARTESIAN_POINT('',(-2.,-0.8,17.1916662928277));
#10586=CARTESIAN_POINT('',(-7.,-0.8,12.1916662928277));
#10587=CARTESIAN_POINT('',(-2.,-0.8,27.0202681717177));
#10588=CARTESIAN_POINT('',(-2.,-0.8,12.1916662928277));
#10589=CARTESIAN_POINT('',(-2.,-0.8,27.0202681717177));
#10590=CARTESIAN_POINT('',(-11.75,-0.8,16.4416662928277));
#10591=CARTESIAN_POINT('Origin',(-2.,-5.,17.1916662928277));
#10592=CARTESIAN_POINT('',(-2.,-5.,17.1916662928277));
#10593=CARTESIAN_POINT('',(-1.40298812308781,-5.,17.7886781697399));
#10594=CARTESIAN_POINT('',(-2.,-5.,17.1916662928277));
#10595=CARTESIAN_POINT('Origin',(-2.,-5.,27.0202681717177));
#10596=CARTESIAN_POINT('',(-2.,-5.,27.0202681717177));
#10597=CARTESIAN_POINT('',(-2.,-5.,22.2999909860971));
#10598=CARTESIAN_POINT('',(-2.,-5.,27.0202681717177));
#10599=CARTESIAN_POINT('Origin',(-10.,-5.,27.0202681717177));
#10600=CARTESIAN_POINT('',(-5.00000000000001,-5.,27.0202681717177));
#10601=CARTESIAN_POINT('Origin',(-22.5625,-5.,16.4416662928277));
#10602=CARTESIAN_POINT('Origin',(-49.5,-5.,16.4416662928277));
#10603=CARTESIAN_POINT('Origin',(0.,-5.,17.5797138004764));
#10604=CARTESIAN_POINT('',(-1.9,-5.,0.));
#10605=CARTESIAN_POINT('',(0.,-5.,0.));
#10606=CARTESIAN_POINT('',(-1.9,-5.,5.25));
#10607=CARTESIAN_POINT('',(-1.9,-5.,8.85235690023822));
#10608=CARTESIAN_POINT('',(0.,-5.,5.25));
#10609=CARTESIAN_POINT('',(0.,-5.,5.25));
#10610=CARTESIAN_POINT('',(0.,-5.,35.5202681717177));
#10611=CARTESIAN_POINT('',(0.,-5.,35.5202681717177));
#10612=CARTESIAN_POINT('',(0.,-5.,35.5202681717177));
#10613=CARTESIAN_POINT('Origin',(0.,29.5,-2.33887048656563));
#10614=CARTESIAN_POINT('',(-39.575,29.5,-2.33887048656563));
#10615=CARTESIAN_POINT('',(0.,29.5,-2.33887048656563));
#10616=CARTESIAN_POINT('',(-39.575,22.075,1.94795526216734));
#10617=CARTESIAN_POINT('',(-39.575,28.875,-1.97802656832212));
#10618=CARTESIAN_POINT('',(-39.1229214669994,22.,1.99125653235656));
#10619=CARTESIAN_POINT('Ctrl Pts',(-39.575,22.075,1.94795526216734));
#10620=CARTESIAN_POINT('Ctrl Pts',(-39.5743042230368,22.074791266911,1.94807577427244));
#10621=CARTESIAN_POINT('Ctrl Pts',(-39.5736083444158,22.074582830104,1.94819607931961));
#10622=CARTESIAN_POINT('Ctrl Pts',(-39.5729123627469,22.074374690817,1.94831617624358));
#10623=CARTESIAN_POINT('Ctrl Pts',(-39.545227438554,22.0660952768026,1.95309342022084));
#10624=CARTESIAN_POINT('Ctrl Pts',(-39.5174413961835,22.0583023291399,1.95752861301483));
#10625=CARTESIAN_POINT('Ctrl Pts',(-39.4894910196117,22.0510874779515,1.96157153489987));
#10626=CARTESIAN_POINT('Ctrl Pts',(-39.4620313747036,22.0439992996871,1.96554347420698));
#10627=CARTESIAN_POINT('Ctrl Pts',(-39.4344133991655,22.0374684084218,1.96913746281159));
#10628=CARTESIAN_POINT('Ctrl Pts',(-39.4066069512813,22.0316156678823,1.97232621758498));
#10629=CARTESIAN_POINT('Ctrl Pts',(-39.398002374034,22.0298045642746,1.97331296306518));
#10630=CARTESIAN_POINT('Ctrl Pts',(-39.3893799518742,22.0280586876208,1.97426101613147));
#10631=CARTESIAN_POINT('Ctrl Pts',(-39.3807393266289,22.0263824588086,1.97516983088736));
#10632=CARTESIAN_POINT('Ctrl Pts',(-39.3691442061489,22.0241330758673,1.97638939732952));
#10633=CARTESIAN_POINT('Ctrl Pts',(-39.3575162369333,22.0220090895965,1.9775383158188));
#10634=CARTESIAN_POINT('Ctrl Pts',(-39.3458560592443,22.0200162129954,1.97861190907472));
#10635=CARTESIAN_POINT('Ctrl Pts',(-39.3191729113806,22.0154557146532,1.98106871962745));
#10636=CARTESIAN_POINT('Ctrl Pts',(-39.2923286556042,22.0115830585693,1.98312644109953));
#10637=CARTESIAN_POINT('Ctrl Pts',(-39.2653612376095,22.0084838465461,1.98473670530531));
#10638=CARTESIAN_POINT('Ctrl Pts',(-39.2396214911893,22.0055257238369,1.9862736634351));
#10639=CARTESIAN_POINT('Ctrl Pts',(-39.2137694831064,22.0032722219664,1.98740342256667));
#10640=CARTESIAN_POINT('Ctrl Pts',(-39.1878705715775,22.001830525296,1.98807987119521));
#10641=CARTESIAN_POINT('Ctrl Pts',(-39.1665165398256,22.0006418252829,1.98863761299359));
#10642=CARTESIAN_POINT('Ctrl Pts',(-39.1451310656533,22.0000055109442,1.98888720470391));
#10643=CARTESIAN_POINT('Ctrl Pts',(-39.1237696268054,22.,1.988797688957));
#10644=CARTESIAN_POINT('',(-31.0525588832577,22.,1.99125653235656));
#10645=CARTESIAN_POINT('',(-17.25,22.,1.99125653235656));
#10646=CARTESIAN_POINT('',(-29.8062599479256,13.9437970391758,6.64250748043468));
#10647=CARTESIAN_POINT('Origin',(-13.2,24.815753594807,-22.5630824701996));
#10648=CARTESIAN_POINT('',(-15.2,24.9443111167443,-22.4098735815758));
#10649=CARTESIAN_POINT('Origin',(-13.2,24.9443111167443,-22.4098735815758));
#10650=CARTESIAN_POINT('',(-14.8,24.6871960728697,-22.7162913588234));
#10651=CARTESIAN_POINT('',(-15.,24.815753594807,-22.5630824701996));
#10652=CARTESIAN_POINT('Origin',(-13.2,24.6871960728697,-22.7162913588234));
#10653=CARTESIAN_POINT('Origin',(-13.2,-34.1611222269446,-92.8489861107547));
#10654=CARTESIAN_POINT('',(-14.8,23.6587358973713,-23.9419624678138));
#10655=CARTESIAN_POINT('',(-14.8,-34.1611222269446,-92.8489861107547));
#10656=CARTESIAN_POINT('Origin',(-13.2,23.6587358973713,-23.9419624678138));
#10657=CARTESIAN_POINT('Origin',(-8.95,20.4030470141156,-21.210115126646));
#10658=CARTESIAN_POINT('',(-8.95,23.8925380105552,-24.1381457347549));
#10659=CARTESIAN_POINT('Origin',(-8.95,22.5099482704687,-20.3672006151142));
#10660=CARTESIAN_POINT('',(-8.95,22.5099482704687,-20.3672006151142));
#10661=CARTESIAN_POINT('',(-7.14963833426004,20.3643607873542,-18.5668389493743));
#10662=CARTESIAN_POINT('',(-8.95,21.9224243466726,-19.8742095073491));
#10663=CARTESIAN_POINT('Origin',(-8.95,21.4564976422921,-20.9042971064642));
#10664=CARTESIAN_POINT('',(-8.95,29.5,-20.3672006151142));
#10665=CARTESIAN_POINT('',(-8.95,21.5,-20.3672006151142));
#10666=CARTESIAN_POINT('',(-8.95,29.5,-21.9672006151142));
#10667=CARTESIAN_POINT('',(-8.95,29.5,-19.0028232961337));
#10668=CARTESIAN_POINT('',(-8.95,28.5,-21.9672006151142));
#10669=CARTESIAN_POINT('',(-8.95,26.725,-21.9672006151143));
#10670=CARTESIAN_POINT('',(-8.95,28.5,-31.7672006151142));
#10671=CARTESIAN_POINT('',(-8.95,28.5,-28.6172006151142));
#10672=CARTESIAN_POINT('',(-8.95,24.4280105245896,-31.7672006151142));
#10673=CARTESIAN_POINT('',(-8.95,26.4,-31.7672006151142));
#10674=CARTESIAN_POINT('',(-8.95,22.,-29.7298578794366));
#10675=CARTESIAN_POINT('',(-8.95,22.9289210962945,-30.5093152287301));
#10676=CARTESIAN_POINT('',(-8.95,22.,-24.));
#10677=CARTESIAN_POINT('',(-8.95,22.,-26.8672006151142));
#10678=CARTESIAN_POINT('',(-8.95,20.8401986871891,-22.8401986871891));
#10679=CARTESIAN_POINT('Origin',(0.,12.25,16.590698842576));
#10680=CARTESIAN_POINT('',(0.,4.23506631979633,17.8601114580593));
#10681=CARTESIAN_POINT('',(0.,3.05488399253305,15.8159757050444));
#10682=CARTESIAN_POINT('',(0.,-4.,35.5202681717177));
#10683=CARTESIAN_POINT('',(0.,4.23506631979633,17.8601114580593));
#10684=CARTESIAN_POINT('',(0.,-4.,35.5202681717177));
#10685=CARTESIAN_POINT('',(0.,-9.6440935432854E-16,5.25));
#10686=CARTESIAN_POINT('',(0.,3.625,5.25));
#10687=CARTESIAN_POINT('',(0.,5.25,0.));
#10688=CARTESIAN_POINT('Origin',(0.,0.,0.));
#10689=CARTESIAN_POINT('',(0.,5.25,-7.25));
#10690=CARTESIAN_POINT('',(0.,5.25,0.));
#10691=CARTESIAN_POINT('',(0.,22.,-24.));
#10692=CARTESIAN_POINT('',(0.,5.,-7.));
#10693=CARTESIAN_POINT('',(0.,22.,-27.3672006151142));
#10694=CARTESIAN_POINT('',(0.,22.,-23.5));
#10695=CARTESIAN_POINT('',(0.,28.5,-33.8672006151142));
#10696=CARTESIAN_POINT('',(0.,21.5,-26.8672006151142));
#10697=CARTESIAN_POINT('',(0.,29.5,-33.8672006151142));
#10698=CARTESIAN_POINT('',(0.,28.5,-33.8672006151142));
#10699=CARTESIAN_POINT('',(0.,29.5,-33.8672006151142));
#10700=CARTESIAN_POINT('',(4.29879658223021E-15,6.5,4.61005868587355));
#10701=CARTESIAN_POINT('',(-4.44089209850063E-15,-1.55346425436567,20.7169871946049));
#10702=CARTESIAN_POINT('',(3.27515792264421E-15,6.5,0.));
#10703=CARTESIAN_POINT('Origin',(-8.40000000000001,21.5,-24.3506198613833));
#10704=CARTESIAN_POINT('',(-8.40000000000001,22.,-27.5837813688452));
#10705=CARTESIAN_POINT('',(-8.40000000000001,22.,-24.3506198613833));
#10706=CARTESIAN_POINT('',(-8.40000000000001,22.,-25.6089102382488));
#10707=CARTESIAN_POINT('',(-8.40000000000001,26.5,-27.5837813688452));
#10708=CARTESIAN_POINT('',(-8.40000000000001,21.5,-27.5837813688452));
#10709=CARTESIAN_POINT('',(-8.40000000000001,26.5,-24.3506198613833));
#10710=CARTESIAN_POINT('',(-8.40000000000001,26.5,-24.3506198613833));
#10711=CARTESIAN_POINT('',(-8.40000000000001,21.5,-24.3506198613833));
#10712=CARTESIAN_POINT('Origin',(-5.60000000000001,21.5,-22.7340391076524));
#10713=CARTESIAN_POINT('',(-7.79270858594135,22.,-24.));
#10714=CARTESIAN_POINT('',(-4.39485571585151,22.,-22.0382487307869));
#10715=CARTESIAN_POINT('',(-5.60000000000001,26.5,-22.7340391076524));
#10716=CARTESIAN_POINT('',(-5.60000000000001,26.5,-22.7340391076524));
#10717=CARTESIAN_POINT('',(-5.60000000000001,20.7340391076524,-22.7340391076524));
#10718=CARTESIAN_POINT('',(-5.60000000000001,21.5,-22.7340391076524));
#10719=CARTESIAN_POINT('',(-4.31800495464708,19.9938789231181,-21.9938789231181));
#10720=CARTESIAN_POINT('Origin',(-2.80000000000001,21.5,-24.3506198613833));
#10721=CARTESIAN_POINT('',(-3.40729141405868,22.,-24.));
#10722=CARTESIAN_POINT('',(-2.40199504535293,22.5804081290876,-24.5804081290876));
#10723=CARTESIAN_POINT('',(-2.80000000000001,26.5,-24.3506198613833));
#10724=CARTESIAN_POINT('',(-2.80000000000001,26.5,-24.3506198613833));
#10725=CARTESIAN_POINT('',(-2.80000000000001,22.,-24.3506198613833));
#10726=CARTESIAN_POINT('',(-2.80000000000001,21.5,-24.3506198613833));
#10727=CARTESIAN_POINT('',(-1.20514428414851,22.,-25.2714102382488));
#10728=CARTESIAN_POINT('Origin',(-5.60000000000001,26.5,-25.9672006151143));
#10729=CARTESIAN_POINT('',(-5.60000000000001,26.5,-29.2003621225762));
#10730=CARTESIAN_POINT('',(-8.40000000000001,26.5,-27.5837813688452));
#10731=CARTESIAN_POINT('',(-2.80000000000001,26.5,-27.5837813688452));
#10732=CARTESIAN_POINT('',(-5.60000000000001,26.5,-29.2003621225762));
#10733=CARTESIAN_POINT('',(-2.80000000000001,26.5,-27.5837813688452));
#10734=CARTESIAN_POINT('',(-7.20000000000001,26.5,-25.9672006151143));
#10735=CARTESIAN_POINT('Origin',(-5.6,26.5,-25.9672006151143));
#10736=CARTESIAN_POINT('Origin',(-2.80000000000001,21.5,-27.5837813688452));
#10737=CARTESIAN_POINT('',(-2.80000000000001,22.,-27.5837813688452));
#10738=CARTESIAN_POINT('',(-2.80000000000001,22.,-27.2254909919797));
#10739=CARTESIAN_POINT('',(-2.80000000000001,21.5,-27.5837813688452));
#10740=CARTESIAN_POINT('Origin',(-5.60000000000001,21.5,-29.2003621225762));
#10741=CARTESIAN_POINT('',(-5.60000000000001,22.,-29.2003621225762));
#10742=CARTESIAN_POINT('',(-2.9948557158515,22.,-27.6962813688452));
#10743=CARTESIAN_POINT('',(-5.60000000000001,21.5,-29.2003621225762));
#10744=CARTESIAN_POINT('Origin',(-8.40000000000001,21.5,-27.5837813688452));
#10745=CARTESIAN_POINT('',(-5.40514428414851,22.,-29.3128621225762));
#10746=CARTESIAN_POINT('Origin',(0.,21.5,-23.5));
#10747=CARTESIAN_POINT('',(0.,22.,-24.));
#10748=CARTESIAN_POINT('',(0.,5.25,-7.25));
#10749=CARTESIAN_POINT('',(-3.35,5.,-7.));
#10750=CARTESIAN_POINT('',(0.,22.,-24.));
#10751=CARTESIAN_POINT('Origin',(-3.35,12.25,-8.14374340731889));
#10752=CARTESIAN_POINT('',(-3.35,23.1465659784708,-14.7672006151142));
#10753=CARTESIAN_POINT('',(-3.35,2.1888333196684,-0.795378842579308));
#10754=CARTESIAN_POINT('',(-3.35,16.875,-14.7672006151142));
#10755=CARTESIAN_POINT('Origin',(-5.6,28.,-25.9672006151143));
#10756=CARTESIAN_POINT('',(-3.,28.5,-25.9672006151143));
#10757=CARTESIAN_POINT('Origin',(-5.6,28.5,-25.9672006151143));
#10758=CARTESIAN_POINT('',(-4.,27.5,-25.9672006151143));
#10759=CARTESIAN_POINT('',(-3.5,28.,-25.9672006151143));
#10760=CARTESIAN_POINT('',(-7.20000000000001,27.5,-25.9672006151143));
#10761=CARTESIAN_POINT('Origin',(-5.6,27.5,-25.9672006151143));
#10762=CARTESIAN_POINT('Origin',(-5.6,27.5,-25.9672006151143));
#10763=CARTESIAN_POINT('Origin',(-5.6,-63.4517309496867,-25.9672006151143));
#10764=CARTESIAN_POINT('',(-7.20000000000001,-63.4517309496867,-25.9672006151143));
#10765=CARTESIAN_POINT('Origin',(-5.275,28.5,-27.9172006151142));
#10766=CARTESIAN_POINT('',(-1.6,28.5,-33.8672006151142));
#10767=CARTESIAN_POINT('',(-1.6,28.5,-22.9672006151143));
#10768=CARTESIAN_POINT('',(-1.6,28.5,-22.9672006151142));
#10769=CARTESIAN_POINT('',(-3.35,28.5,-33.8672006151142));
#10770=CARTESIAN_POINT('',(0.,28.5,-33.8672006151142));
#10771=CARTESIAN_POINT('',(-3.35,28.5,-31.7672006151142));
#10772=CARTESIAN_POINT('',(-3.35,28.5,-18.0304720112166));
#10773=CARTESIAN_POINT('',(-4.3125,28.5,-31.7672006151142));
#10774=CARTESIAN_POINT('',(-2.6,28.5,-21.9672006151143));
#10775=CARTESIAN_POINT('',(-8.95,28.5,-21.9672006151142));
#10776=CARTESIAN_POINT('Origin',(-2.6,28.5,-22.9672006151143));
#10777=CARTESIAN_POINT('Origin',(-2.6,29.5,-21.9672006151143));
#10778=CARTESIAN_POINT('',(-2.6,29.5,-21.9672006151143));
#10779=CARTESIAN_POINT('',(-1.30000000000001,29.5,-21.9672006151143));
#10780=CARTESIAN_POINT('',(-2.6,29.5,-21.9672006151143));
#10781=CARTESIAN_POINT('Origin',(-2.6,29.5,-22.9672006151143));
#10782=CARTESIAN_POINT('',(-1.6,29.5,-22.9672006151143));
#10783=CARTESIAN_POINT('Origin',(-2.6,29.5,-22.9672006151143));
#10784=CARTESIAN_POINT('',(-1.6,29.5,-22.9672006151143));
#10785=CARTESIAN_POINT('Origin',(-1.6,29.5,-33.8672006151142));
#10786=CARTESIAN_POINT('',(-1.6,29.5,-33.8672006151142));
#10787=CARTESIAN_POINT('',(-1.6,29.5,-16.6596598778659));
#10788=CARTESIAN_POINT('',(-1.6,29.5,-33.8672006151142));
#10789=CARTESIAN_POINT('Origin',(0.,29.5,0.547880859382492));
#10790=CARTESIAN_POINT('',(-6.03527717892079,29.5,-17.452477794035));
#10791=CARTESIAN_POINT('',(-0.0837296313758149,29.5,-11.5009302464901));
#10792=CARTESIAN_POINT('',(-28.8837341226347,29.5,-4.26091502701422));
#10793=CARTESIAN_POINT('',(-61.571691152011,29.5,14.6114857631551));
#10794=CARTESIAN_POINT('',(-30.675,29.5,-5.61508169368089));
#10795=CARTESIAN_POINT('Origin',(-29.425,29.5,-5.61508169368089));
#10796=CARTESIAN_POINT('',(-30.675,29.5,-7.02711914061751));
#10797=CARTESIAN_POINT('',(-30.675,29.5,0.106606142806137));
#10798=CARTESIAN_POINT('',(-31.925,29.5,-8.27711914061751));
#10799=CARTESIAN_POINT('Origin',(-31.925,29.5,-7.02711914061751));
#10800=CARTESIAN_POINT('',(-37.075,29.5,-8.27711914061751));
#10801=CARTESIAN_POINT('',(-30.675,29.5,-8.27711914061751));
#10802=CARTESIAN_POINT('',(-38.325,29.5,-7.02711914061751));
#10803=CARTESIAN_POINT('Origin',(-37.075,29.5,-7.02711914061751));
#10804=CARTESIAN_POINT('',(-38.325,29.5,-3.7822461595397));
#10805=CARTESIAN_POINT('',(-38.325,29.5,-8.27711914061751));
#10806=CARTESIAN_POINT('Origin',(-39.575,29.5,-3.7822461595397));
#10807=CARTESIAN_POINT('',(0.,29.5,-33.8672006151142));
#10808=CARTESIAN_POINT('',(-36.1,29.5,-4.45211914061751));
#10809=CARTESIAN_POINT('Origin',(-34.5,29.5,-4.45211914061751));
#10810=CARTESIAN_POINT('Origin',(-6.15,16.875,-17.5672006151142));
#10811=CARTESIAN_POINT('',(-0.64694036127535,16.7510582053039,-12.0641409763896));
#10812=CARTESIAN_POINT('Origin',(-54.6434879217354,5.49999999999999,26.6114857631551));
#10813=CARTESIAN_POINT('',(-29.2587562528104,22.,0.95560410079476));
#10814=CARTESIAN_POINT('',(-46.3244940555664,22.,10.8085124151355));
#10815=CARTESIAN_POINT('',(-28.8837341226347,22.075,0.689084972985775));
#10816=CARTESIAN_POINT('Ctrl Pts',(-29.2587562528104,22.,0.955604100794767));
#10817=CARTESIAN_POINT('Ctrl Pts',(-29.238190505382,22.,0.943730460980925));
#10818=CARTESIAN_POINT('Ctrl Pts',(-29.217833044175,22.0007790425866,0.931457713548645));
#10819=CARTESIAN_POINT('Ctrl Pts',(-29.0872616542962,22.0102374916381,0.849766653752677));
#10820=CARTESIAN_POINT('Ctrl Pts',(-28.9833313550946,22.038638746959,0.77082829731769));
#10821=CARTESIAN_POINT('Ctrl Pts',(-28.884996797464,22.0745378411938,0.690122084509163));
#10822=CARTESIAN_POINT('Ctrl Pts',(-28.8843653600178,22.0747687594378,0.689603578433669));
#10823=CARTESIAN_POINT('Ctrl Pts',(-28.8837341226347,22.075,0.689084972985777));
#10824=CARTESIAN_POINT('',(-28.8837341226347,14.9947238438694,5.40926907707286));
#10825=CARTESIAN_POINT('Origin',(-1.675,22.9167292559845,-30.4990850600226));
#10826=CARTESIAN_POINT('',(-1.65,24.4280105245896,-31.7672006151142));
#10827=CARTESIAN_POINT('',(-2.5125,24.4280105245896,-31.7672006151142));
#10828=CARTESIAN_POINT('',(-1.65,22.,-29.7298578794366));
#10829=CARTESIAN_POINT('',(-1.65,22.9289210962945,-30.5093152287301));
#10830=CARTESIAN_POINT('',(-0.8375,22.,-29.7298578794366));
#10831=CARTESIAN_POINT('Origin',(0.,22.,-26.8672006151142));
#10832=CARTESIAN_POINT('',(-1.65,22.,-27.3672006151142));
#10833=CARTESIAN_POINT('',(-1.65,22.,-26.8672006151142));
#10834=CARTESIAN_POINT('',(0.,22.,-27.3672006151142));
#10835=CARTESIAN_POINT('Origin',(-1.65,23.95,-29.3172006151142));
#10836=CARTESIAN_POINT('',(-1.65,26.4,-31.7672006151142));
#10837=CARTESIAN_POINT('',(-1.65,26.4,-31.7672006151142));
#10838=CARTESIAN_POINT('',(-1.65,26.225,-31.5922006151142));
#10839=CARTESIAN_POINT('Origin',(-3.35,29.5,-31.7672006151142));
#10840=CARTESIAN_POINT('',(-3.35,26.4,-31.7672006151142));
#10841=CARTESIAN_POINT('',(-3.35,20.875,-31.7672006151142));
#10842=CARTESIAN_POINT('',(-1.675,26.4,-31.7672006151142));
#10843=CARTESIAN_POINT('Origin',(0.,28.5,-33.8672006151142));
#10844=CARTESIAN_POINT('',(-3.35,21.5,-26.8672006151142));
#10845=CARTESIAN_POINT('',(0.,28.5,-33.8672006151142));
#10846=CARTESIAN_POINT('Origin',(-3.35,12.25,-8.14374340731889));
#10847=CARTESIAN_POINT('Origin',(-34.5,-62.4517309496867,-4.45211914061753));
#10848=CARTESIAN_POINT('',(-36.1,28.,-4.45211914061751));
#10849=CARTESIAN_POINT('',(-36.1,-62.4517309496867,-4.45211914061753));
#10850=CARTESIAN_POINT('Origin',(-34.5,28.,-4.45211914061751));
#10851=CARTESIAN_POINT('Origin',(-34.5,-62.4517309496867,-4.45211914061753));
#10852=CARTESIAN_POINT('',(-36.1,25.5,-4.45211914061751));
#10853=CARTESIAN_POINT('Origin',(-34.5,25.5,-4.45211914061751));
#10854=CARTESIAN_POINT('',(-36.1,22.675,-4.45211914061751));
#10855=CARTESIAN_POINT('',(-36.1,-62.4517309496867,-4.45211914061753));
#10856=CARTESIAN_POINT('',(-33.0297089805201,22.043933982822,-3.82105312343953));
#10857=CARTESIAN_POINT('Origin',(-34.5,22.675,-4.45211914061751));
#10858=CARTESIAN_POINT('',(-33.0799167757042,22.,-3.71498710626154));
#10859=CARTESIAN_POINT('Ctrl Pts',(-33.0799167757042,22.,-3.71498710626154));
#10860=CARTESIAN_POINT('Ctrl Pts',(-33.0702700853624,22.,-3.73357143374421));
#10861=CARTESIAN_POINT('Ctrl Pts',(-33.0603059221598,22.0036522521053,-3.75375962829193));
#10862=CARTESIAN_POINT('Ctrl Pts',(-33.0430017764543,22.019022889784,-3.79063529412558));
#10863=CARTESIAN_POINT('Ctrl Pts',(-33.035545733213,22.0303352073633,-3.80745434798081));
#10864=CARTESIAN_POINT('Ctrl Pts',(-33.0297089805201,22.043933982822,-3.82105312343953));
#10865=CARTESIAN_POINT('',(-35.9200832242958,22.,-3.71498710626154));
#10866=CARTESIAN_POINT('Origin',(-34.5,22.,-4.45211914061751));
#10867=CARTESIAN_POINT('',(-35.9702910194799,22.043933982822,-3.82105312343953));
#10868=CARTESIAN_POINT('Ctrl Pts',(-35.9702910194799,22.043933982822,-3.82105312343953));
#10869=CARTESIAN_POINT('Ctrl Pts',(-35.964454266787,22.0303352073633,-3.8074543479808));
#10870=CARTESIAN_POINT('Ctrl Pts',(-35.9569982235457,22.019022889784,-3.79063529412558));
#10871=CARTESIAN_POINT('Ctrl Pts',(-35.9396940778402,22.0036522521053,-3.75375962829193));
#10872=CARTESIAN_POINT('Ctrl Pts',(-35.9297299146376,22.,-3.73357143374421));
#10873=CARTESIAN_POINT('Ctrl Pts',(-35.9200832242958,22.,-3.71498710626154));
#10874=CARTESIAN_POINT('Origin',(-34.5,22.675,-4.45211914061751));
#10875=CARTESIAN_POINT('Origin',(-34.5,22.,-3.86461914061751));
#10876=CARTESIAN_POINT('',(-30.825,22.,-3.71498710626154));
#10877=CARTESIAN_POINT('',(-35.45625,22.,-3.71498710626154));
#10878=CARTESIAN_POINT('',(-30.825,22.,-0.715081693680889));
#10879=CARTESIAN_POINT('',(-30.825,22.,-6.07086914061751));
#10880=CARTESIAN_POINT('Origin',(-29.425,22.,-0.71508169368089));
#10881=CARTESIAN_POINT('',(-38.175,22.,0.461278319004053));
#10882=CARTESIAN_POINT('Origin',(-39.575,22.,0.46127831900405));
#10883=CARTESIAN_POINT('',(-38.175,22.,-3.71498710626154));
#10884=CARTESIAN_POINT('',(-38.175,22.,-1.65836914061751));
#10885=CARTESIAN_POINT('',(-35.45625,22.,-3.71498710626154));
#10886=CARTESIAN_POINT('Origin',(-35.45625,22.15,-3.71498710626154));
#10887=CARTESIAN_POINT('',(-30.825,22.043933982822,-3.82105312343953));
#10888=CARTESIAN_POINT('',(-35.45625,22.043933982822,-3.82105312343953));
#10889=CARTESIAN_POINT('Origin',(-30.825,22.15,-3.71498710626154));
#10890=CARTESIAN_POINT('Origin',(-37.35,25.5,-8.27711914061751));
#10891=CARTESIAN_POINT('',(-37.35,25.5,-7.27711914061751));
#10892=CARTESIAN_POINT('',(-31.65,25.5,-7.27711914061751));
#10893=CARTESIAN_POINT('',(-36.88125,25.5,-7.27711914061751));
#10894=CARTESIAN_POINT('',(-37.35,25.5,-1.60711914061751));
#10895=CARTESIAN_POINT('',(-37.35,25.5,-8.27711914061751));
#10896=CARTESIAN_POINT('',(-31.65,25.5,-1.60711914061751));
#10897=CARTESIAN_POINT('',(-31.65,25.5,-1.60711914061751));
#10898=CARTESIAN_POINT('',(-31.65,25.5,-8.27711914061751));
#10899=CARTESIAN_POINT('Origin',(-31.65,25.5,-8.27711914061751));
#10900=CARTESIAN_POINT('',(-31.65,26.421136437385,-8.19825557800253));
#10901=CARTESIAN_POINT('',(-31.65,25.125,-6.90211914061751));
#10902=CARTESIAN_POINT('',(-31.65,28.,-1.60711914061751));
#10903=CARTESIAN_POINT('',(-31.65,28.,-1.60711914061751));
#10904=CARTESIAN_POINT('',(-31.65,28.,-8.24649398044323));
#10905=CARTESIAN_POINT('',(-31.65,28.,-8.27711914061751));
#10906=CARTESIAN_POINT('',(-31.65,26.5351818934026,-8.24649398044323));
#10907=CARTESIAN_POINT('',(-31.65,29.5,-8.24649398044323));
#10908=CARTESIAN_POINT('Ctrl Pts',(-31.6500007375007,26.4211241828733,-8.19824332349086));
#10909=CARTESIAN_POINT('Ctrl Pts',(-31.6500007360612,26.4290688587425,-8.20618810198653));
#10910=CARTESIAN_POINT('Ctrl Pts',(-31.6500001574353,26.4377912225775,-8.21332857162469));
#10911=CARTESIAN_POINT('Ctrl Pts',(-31.6499996902693,26.447153149099,-8.21953838125288));
#10912=CARTESIAN_POINT('Ctrl Pts',(-31.6499993900302,26.4531698869849,-8.22352931162057));
#10913=CARTESIAN_POINT('Ctrl Pts',(-31.6499990484281,26.4594356498336,-8.22712459527472));
#10914=CARTESIAN_POINT('Ctrl Pts',(-31.6499997524207,26.4659151747573,-8.2302867678171));
#10915=CARTESIAN_POINT('Ctrl Pts',(-31.6500001292445,26.4693834493198,-8.23197937379055));
#10916=CARTESIAN_POINT('Ctrl Pts',(-31.6500007961232,26.4729130239632,-8.23354772612294));
#10917=CARTESIAN_POINT('Ctrl Pts',(-31.6500014159057,26.4764970873343,-8.2349887190306));
#10918=CARTESIAN_POINT('Ctrl Pts',(-31.6500031484398,26.4865159430044,-8.23901685650152));
#10919=CARTESIAN_POINT('Ctrl Pts',(-31.6500048157687,26.4968871737026,-8.24202411071623));
#10920=CARTESIAN_POINT('Ctrl Pts',(-31.6500038335763,26.5074551767832,-8.24395695245198));
#10921=CARTESIAN_POINT('Ctrl Pts',(-31.6500029851048,26.5165843954325,-8.24562664678168));
#10922=CARTESIAN_POINT('Ctrl Pts',(-31.65,26.5258613153433,-8.24649398044323));
#10923=CARTESIAN_POINT('Ctrl Pts',(-31.65,26.5351818934026,-8.24649398044323));
#10924=CARTESIAN_POINT('Origin',(-37.35,28.,-8.27711914061751));
#10925=CARTESIAN_POINT('',(-37.35,26.421136437385,-8.19825557800253));
#10926=CARTESIAN_POINT('',(-37.35,25.75,-7.52711914061751));
#10927=CARTESIAN_POINT('',(-37.35,26.5351818934026,-8.24649398044323));
#10928=CARTESIAN_POINT('Ctrl Pts',(-37.35,26.5351818934026,-8.24649398044323));
#10929=CARTESIAN_POINT('Ctrl Pts',(-37.35,26.5243834073259,-8.24649398044323));
#10930=CARTESIAN_POINT('Ctrl Pts',(-37.3499960953264,26.5136457243319,-8.24533078011939));
#10931=CARTESIAN_POINT('Ctrl Pts',(-37.3499953016164,26.5031293889603,-8.24310294365588));
#10932=CARTESIAN_POINT('Ctrl Pts',(-37.3499945548703,26.4932353073239,-8.2410069287359));
#10933=CARTESIAN_POINT('Ctrl Pts',(-37.3499960212476,26.4835358274404,-8.23796782986823));
#10934=CARTESIAN_POINT('Ctrl Pts',(-37.3499968245487,26.4741607251578,-8.23402685070949));
#10935=CARTESIAN_POINT('Ctrl Pts',(-37.3499970632839,26.4713745135955,-8.23285562063985));
#10936=CARTESIAN_POINT('Ctrl Pts',(-37.3499974090884,26.4686240651003,-8.23160742215293));
#10937=CARTESIAN_POINT('Ctrl Pts',(-37.3499976159253,26.4659125649143,-8.23028398746681));
#10938=CARTESIAN_POINT('Ctrl Pts',(-37.349998377145,26.4559334582879,-8.22541336421771));
#10939=CARTESIAN_POINT('Ctrl Pts',(-37.3499970453711,26.4464808808358,-8.21952787740704));
#10940=CARTESIAN_POINT('Ctrl Pts',(-37.3499939348438,26.4376803677711,-8.21276838228269));
#10941=CARTESIAN_POINT('Ctrl Pts',(-37.3499918772428,26.4318588645678,-8.20829700405394));
#10942=CARTESIAN_POINT('Ctrl Pts',(-37.3499890215974,26.4263228068541,-8.20344197866977));
#10943=CARTESIAN_POINT('Ctrl Pts',(-37.3499872282988,26.4211137756181,-8.19823291623563));
#10944=CARTESIAN_POINT('',(-37.35,28.,-8.24649398044323));
#10945=CARTESIAN_POINT('',(-37.35,29.5,-8.24649398044323));
#10946=CARTESIAN_POINT('',(-37.35,28.,-1.60711914061751));
#10947=CARTESIAN_POINT('',(-37.35,28.,-8.27711914061751));
#10948=CARTESIAN_POINT('',(-37.35,25.5,-1.60711914061751));
#10949=CARTESIAN_POINT('Origin',(-31.65,28.,-8.27711914061751));
#10950=CARTESIAN_POINT('',(-37.075,28.,-8.27711914061751));
#10951=CARTESIAN_POINT('Origin',(-37.075,28.,-7.02711914061751));
#10952=CARTESIAN_POINT('',(-31.925,28.,-8.27711914061751));
#10953=CARTESIAN_POINT('',(-34.9875,28.,-8.27711914061751));
#10954=CARTESIAN_POINT('Origin',(-31.925,28.,-7.02711914061751));
#10955=CARTESIAN_POINT('',(-37.35,28.,-1.60711914061751));
#10956=CARTESIAN_POINT('Origin',(-34.5,26.75,-1.60711914061751));
#10957=CARTESIAN_POINT('Origin',(-36.4125,24.25,-6.02711914061751));
#10958=CARTESIAN_POINT('',(-38.175,22.043933982822,-3.82105312343953));
#10959=CARTESIAN_POINT('',(-35.45625,22.043933982822,-3.82105312343953));
#10960=CARTESIAN_POINT('',(-38.175,25.356066017178,-7.13318515779549));
#10961=CARTESIAN_POINT('',(-38.175,23.91875,-5.69586914061751));
#10962=CARTESIAN_POINT('Origin',(-37.075,25.356066017178,-7.13318515779549));
#10963=CARTESIAN_POINT('',(-30.825,25.356066017178,-7.13318515779549));
#10964=CARTESIAN_POINT('Origin',(-31.925,25.356066017178,-7.13318515779549));
#10965=CARTESIAN_POINT('',(-30.825,26.125,-7.90211914061751));
#10966=CARTESIAN_POINT('Ctrl Pts',(-31.65,26.5351818934026,-8.24649398044323));
#10967=CARTESIAN_POINT('Ctrl Pts',(-31.4150122092927,26.4885456635134,-8.19349826466009));
#10968=CARTESIAN_POINT('Ctrl Pts',(-30.9027814830121,26.2365208867435,-7.90710647287608));
#10969=CARTESIAN_POINT('Ctrl Pts',(-30.675,25.744775851866,-7.34830529687896));
#10970=CARTESIAN_POINT('Ctrl Pts',(-30.675,25.462132034356,-7.02711914061751));
#10971=CARTESIAN_POINT('Ctrl Pts',(-31.6548483385149,26.5125904990045,-8.24758740393209));
#10972=CARTESIAN_POINT('Ctrl Pts',(-31.4238427007783,26.4656885668013,-8.1964793055274));
#10973=CARTESIAN_POINT('Ctrl Pts',(-30.9189499616221,26.2122583988101,-7.92036119383283));
#10974=CARTESIAN_POINT('Ctrl Pts',(-30.6834034886017,25.7167912313396,-7.37641309266658));
#10975=CARTESIAN_POINT('Ctrl Pts',(-30.675,25.4303971562263,-7.05885401874721));
#10976=CARTESIAN_POINT('Ctrl Pts',(-31.6654258838837,26.4730861032016,-8.24019000813574));
#10977=CARTESIAN_POINT('Ctrl Pts',(-31.4434153679316,26.4257304263233,-8.19179840071719));
#10978=CARTESIAN_POINT('Ctrl Pts',(-30.9576180342391,26.1698251839911,-7.93036706081082));
#10979=CARTESIAN_POINT('Ctrl Pts',(-30.7256407214624,25.6678301240811,-7.41553613693878));
#10980=CARTESIAN_POINT('Ctrl Pts',(-30.7126827923991,25.3754662745938,-7.11378490037972));
#10981=CARTESIAN_POINT('Ctrl Pts',(-31.6777284057021,26.4408032388657,-8.21792237948318));
#10982=CARTESIAN_POINT('Ctrl Pts',(-31.4663739604825,26.3937945383453,-8.17091537866401));
#10983=CARTESIAN_POINT('Ctrl Pts',(-31.0050966634541,26.1397869523232,-7.91688383159376));
#10984=CARTESIAN_POINT('Ctrl Pts',(-30.7951997092348,25.6430751209185,-7.42009487778204));
#10985=CARTESIAN_POINT('Ctrl Pts',(-30.7913400787115,25.356066017178,-7.13318515779549));
#10986=CARTESIAN_POINT('Ctrl Pts',(-31.683,26.4291158762246,-8.20623501684213));
#10987=CARTESIAN_POINT('Ctrl Pts',(-31.4762107441775,26.3824796463355,-8.15959878695296));
#10988=CARTESIAN_POINT('Ctrl Pts',(-31.0254477050506,26.1304548695655,-7.90757401018304));
#10989=CARTESIAN_POINT('Ctrl Pts',(-30.825,25.6387098346881,-7.41582897530557));
#10990=CARTESIAN_POINT('Ctrl Pts',(-30.825,25.356066017178,-7.13318515779549));
#10991=CARTESIAN_POINT('',(-30.675,25.462132034356,-7.02711914061751));
#10992=CARTESIAN_POINT('Origin',(-31.925,25.462132034356,-7.02711914061751));
#10993=CARTESIAN_POINT('Origin',(-30.825,25.462132034356,-7.02711914061751));
#10994=CARTESIAN_POINT('Origin',(-31.925,29.5,-7.02711914061751));
#10995=CARTESIAN_POINT('',(-31.925,29.5,-8.27711914061751));
#10996=CARTESIAN_POINT('',(-30.675,29.5,-7.02711914061751));
#10997=CARTESIAN_POINT('Ctrl Pts',(-38.325,25.462132034356,-7.02711914061751));
#10998=CARTESIAN_POINT('Ctrl Pts',(-38.325,25.6741148974885,-7.2680087578136));
#10999=CARTESIAN_POINT('Ctrl Pts',(-38.1583031478715,26.1692721700723,-7.83068747665884));
#11000=CARTESIAN_POINT('Ctrl Pts',(-37.6633170542764,26.4730002535504,-8.17583302606571));
#11001=CARTESIAN_POINT('Ctrl Pts',(-37.35,26.5351818934026,-8.24649398044323));
#11002=CARTESIAN_POINT('Ctrl Pts',(-38.325,25.4303971562263,-7.05885401874721));
#11003=CARTESIAN_POINT('Ctrl Pts',(-38.3186973835487,25.6451927125613,-7.29702332418674));
#11004=CARTESIAN_POINT('Ctrl Pts',(-38.1419841652331,26.1447423552248,-7.84679310546708));
#11005=CARTESIAN_POINT('Ctrl Pts',(-37.6531591784672,26.4500545894002,-8.17944327272584));
#11006=CARTESIAN_POINT('Ctrl Pts',(-37.3451516614851,26.5125904990045,-8.24758740393209));
#11007=CARTESIAN_POINT('Ctrl Pts',(-38.2873157962383,25.3754674720339,-7.11378370293955));
#11008=CARTESIAN_POINT('Ctrl Pts',(-38.2775973494408,25.5947403591494,-7.34009713035884));
#11009=CARTESIAN_POINT('Ctrl Pts',(-38.1013513367927,26.1017296341936,-7.86086278617731));
#11010=CARTESIAN_POINT('Ctrl Pts',(-37.6305881194565,26.4099452717615,-8.17566771434689));
#11011=CARTESIAN_POINT('Ctrl Pts',(-37.3345740981871,26.4730861742659,-8.24018985757162));
#11012=CARTESIAN_POINT('Ctrl Pts',(-38.2086599212885,25.356066017178,-7.13318515779549));
#11013=CARTESIAN_POINT('Ctrl Pts',(-38.205765198396,25.5713228449834,-7.3483674477854));
#11014=CARTESIAN_POINT('Ctrl Pts',(-38.0502285273605,26.0720926653942,-7.84914630961606));
#11015=CARTESIAN_POINT('Ctrl Pts',(-37.6040775212574,26.3781249715052,-8.15524637839096));
#11016=CARTESIAN_POINT('Ctrl Pts',(-37.3222715942979,26.4408032388657,-8.21792237948318));
#11017=CARTESIAN_POINT('Ctrl Pts',(-38.175,25.356066017178,-7.13318515779549));
#11018=CARTESIAN_POINT('Ctrl Pts',(-38.175,25.5680488803105,-7.34516802092805));
#11019=CARTESIAN_POINT('Ctrl Pts',(-38.0283067701269,26.0632061528944,-7.84032529351186));
#11020=CARTESIAN_POINT('Ctrl Pts',(-37.5927190077633,26.3669342363724,-8.14405337698991));
#11021=CARTESIAN_POINT('Ctrl Pts',(-37.317,26.4291158762246,-8.20623501684213));
#11022=CARTESIAN_POINT('',(-38.325,25.462132034356,-7.02711914061751));
#11023=CARTESIAN_POINT('Origin',(-38.175,25.462132034356,-7.02711914061751));
#11024=CARTESIAN_POINT('Origin',(-37.075,25.462132034356,-7.02711914061751));
#11025=CARTESIAN_POINT('Origin',(-38.175,22.15,-3.71498710626154));
#11026=CARTESIAN_POINT('',(-38.325,22.15,-3.71498710626154));
#11027=CARTESIAN_POINT('Origin',(-38.175,22.15,-3.71498710626154));
#11028=CARTESIAN_POINT('Origin',(-38.175,22.15,-3.71498710626154));
#11029=CARTESIAN_POINT('Origin',(-38.175,22.15,-3.71498710626154));
#11030=CARTESIAN_POINT('Origin',(-30.825,22.15,-3.71498710626154));
#11031=CARTESIAN_POINT('',(-30.675,22.15,-3.71498710626155));
#11032=CARTESIAN_POINT('Origin',(-30.825,22.15,-3.71498710626155));
#11033=CARTESIAN_POINT('Origin',(-30.825,22.15,-3.71498710626154));
#11034=CARTESIAN_POINT('Origin',(-30.825,22.15,-6.07086914061751));
#11035=CARTESIAN_POINT('',(-30.675,22.15,-0.715081693680888));
#11036=CARTESIAN_POINT('Origin',(-30.825,22.15,-0.715081693680889));
#11037=CARTESIAN_POINT('',(-30.675,22.15,-6.07086914061751));
#11038=CARTESIAN_POINT('Ctrl Pts',(-28.8187822173509,22.,0.801584972985777));
#11039=CARTESIAN_POINT('Ctrl Pts',(-29.0613911963346,22.,0.941655332309831));
#11040=CARTESIAN_POINT('Ctrl Pts',(-29.6140806092265,22.,1.04828688495362));
#11041=CARTESIAN_POINT('Ctrl Pts',(-30.5150133678963,22.,0.571187637122848));
#11042=CARTESIAN_POINT('Ctrl Pts',(-30.825,22.,-0.229863735713508));
#11043=CARTESIAN_POINT('Ctrl Pts',(-30.825,22.,-0.715081693680888));
#11044=CARTESIAN_POINT('Ctrl Pts',(-28.833742182368,22.,0.775673553496717));
#11045=CARTESIAN_POINT('Ctrl Pts',(-29.0700550035778,22.0000197383006,0.913875471496241));
#11046=CARTESIAN_POINT('Ctrl Pts',(-29.6096597689481,22.0000774653418,1.01920636429823));
#11047=CARTESIAN_POINT('Ctrl Pts',(-30.4882399137885,22.0000208402555,0.548109231143924));
#11048=CARTESIAN_POINT('Ctrl Pts',(-30.7847895043037,22.0001883330749,-0.240679008029342));
#11049=CARTESIAN_POINT('Ctrl Pts',(-30.7801201049487,22.,-0.715081693680888));
#11050=CARTESIAN_POINT('Ctrl Pts',(-28.8598659207628,22.0161620799798,0.730425911313325));
#11051=CARTESIAN_POINT('Ctrl Pts',(-29.0852204984254,22.0144614360546,0.865336190722185));
#11052=CARTESIAN_POINT('Ctrl Pts',(-29.6018463937731,22.0132475787804,0.968401508326375));
#11053=CARTESIAN_POINT('Ctrl Pts',(-30.4414587747379,22.0187726334481,0.507826561254304));
#11054=CARTESIAN_POINT('Ctrl Pts',(-30.7145335360081,22.0294918778611,-0.259256462076113));
#11055=CARTESIAN_POINT('Ctrl Pts',(-30.7024312444203,22.0376787396472,-0.715081693680889));
#11056=CARTESIAN_POINT('Ctrl Pts',(-28.8781241357533,22.0555664353832,0.698801755294175));
#11057=CARTESIAN_POINT('Ctrl Pts',(-29.0965731082444,22.0502263098261,0.830083419512312));
#11058=CARTESIAN_POINT('Ctrl Pts',(-29.5958962495926,22.0462453468419,0.930226459278438));
#11059=CARTESIAN_POINT('Ctrl Pts',(-30.4084454979162,22.064170527135,0.482474482402931));
#11060=CARTESIAN_POINT('Ctrl Pts',(-30.6804351638914,22.0957243398053,-0.265884429498287));
#11061=CARTESIAN_POINT('Ctrl Pts',(-30.675,22.1163400787115,-0.715081693680889));
#11062=CARTESIAN_POINT('Ctrl Pts',(-28.8837341226347,22.075,0.689084972985777));
#11063=CARTESIAN_POINT('Ctrl Pts',(-29.1003492824416,22.0680734437697,0.818765497964366));
#11064=CARTESIAN_POINT('Ctrl Pts',(-29.5938219725237,22.0628004549027,0.91748756730765));
#11065=CARTESIAN_POINT('Ctrl Pts',(-30.398226221336,22.0863932748504,0.475777549398395));
#11066=CARTESIAN_POINT('Ctrl Pts',(-30.675,22.1260057053752,-0.26585517765065));
#11067=CARTESIAN_POINT('Ctrl Pts',(-30.675,22.15,-0.715081693680889));
#11068=CARTESIAN_POINT('Origin',(-29.425,22.15,-0.71508169368089));
#11069=CARTESIAN_POINT('Origin',(-35.45625,22.15,-3.71498710626154));
#11070=CARTESIAN_POINT('Origin',(-30.825,26.231066017178,-7.79605312343953));
#11071=CARTESIAN_POINT('',(-30.675,26.231066017178,-7.79605312343953));
#11072=CARTESIAN_POINT('Origin',(-38.175,22.15,-1.65836914061751));
#11073=CARTESIAN_POINT('',(-38.325,22.15,0.461278319004053));
#11074=CARTESIAN_POINT('Origin',(-38.175,22.15,0.461278319004053));
#11075=CARTESIAN_POINT('',(-38.325,22.15,-1.65836914061751));
#11076=CARTESIAN_POINT('Ctrl Pts',(-38.175,22.,0.461278319004054));
#11077=CARTESIAN_POINT('Ctrl Pts',(-38.175,22.,0.824038191850897));
#11078=CARTESIAN_POINT('Ctrl Pts',(-38.4308196855444,22.,1.67198510750829));
#11079=CARTESIAN_POINT('Ctrl Pts',(-39.1561209795214,22.,2.077859072735));
#11080=CARTESIAN_POINT('Ctrl Pts',(-39.575,22.,2.077859072735));
#11081=CARTESIAN_POINT('Ctrl Pts',(-38.2198798950513,22.,0.461278319004054));
#11082=CARTESIAN_POINT('Ctrl Pts',(-38.2166047078201,22.0001320996632,0.815278638936968));
#11083=CARTESIAN_POINT('Ctrl Pts',(-38.4592891543763,22.0001149205144,1.64745823606855));
#11084=CARTESIAN_POINT('Ctrl Pts',(-39.1664667160468,22.,2.04793914270082));
#11085=CARTESIAN_POINT('Ctrl Pts',(-39.575,22.,2.04793914270082));
#11086=CARTESIAN_POINT('Ctrl Pts',(-38.2975647992017,22.0376820370165,0.461278319004053));
#11087=CARTESIAN_POINT('Ctrl Pts',(-38.2890760690967,22.0319396485106,0.800232305661518));
#11088=CARTESIAN_POINT('Ctrl Pts',(-38.5092085851677,22.0205093724146,1.60474512797551));
#11089=CARTESIAN_POINT('Ctrl Pts',(-39.1845052495097,22.0161629787212,1.99569225735021));
#11090=CARTESIAN_POINT('Ctrl Pts',(-39.575,22.0161629787212,1.99569225735021));
#11091=CARTESIAN_POINT('Ctrl Pts',(-38.325,22.1163400787115,0.461278319004053));
#11092=CARTESIAN_POINT('Ctrl Pts',(-38.3211876939573,22.1018798880758,0.794864153140631));
#11093=CARTESIAN_POINT('Ctrl Pts',(-38.543282871986,22.0698385358766,1.58024797604409));
#11094=CARTESIAN_POINT('Ctrl Pts',(-39.1971315450119,22.0555664353832,1.95917523593016));
#11095=CARTESIAN_POINT('Ctrl Pts',(-39.575,22.0555664353832,1.95917523593016));
#11096=CARTESIAN_POINT('Ctrl Pts',(-38.325,22.15,0.461278319004053));
#11097=CARTESIAN_POINT('Ctrl Pts',(-38.325,22.1331700393558,0.794887844925704));
#11098=CARTESIAN_POINT('Ctrl Pts',(-38.5534104335218,22.0938302052476,1.57469616914635));
#11099=CARTESIAN_POINT('Ctrl Pts',(-39.2010008745726,22.075,1.94795526216734));
#11100=CARTESIAN_POINT('Ctrl Pts',(-39.575,22.075,1.94795526216734));
#11101=CARTESIAN_POINT('Origin',(-39.575,22.15,0.461278319004051));
#11102=CARTESIAN_POINT('Origin',(-38.175,24.024816017178,-5.58980312343953));
#11103=CARTESIAN_POINT('',(-38.325,24.024816017178,-5.58980312343953));
#11104=CARTESIAN_POINT('Origin',(-37.075,29.5,-7.02711914061751));
#11105=CARTESIAN_POINT('',(-38.325,29.5,-7.02711914061751));
#11106=CARTESIAN_POINT('',(-37.075,29.5,-8.27711914061751));
#11107=CARTESIAN_POINT('Origin',(-29.425,14.3697238438694,4.47176907707286));
#11108=CARTESIAN_POINT('',(-30.675,14.3697238438694,4.47176907707286));
#11109=CARTESIAN_POINT('Origin',(-30.675,29.5,-8.27711914061751));
#11110=CARTESIAN_POINT('Origin',(-38.325,29.5,-8.27711914061751));
#11111=CARTESIAN_POINT('Origin',(-39.575,28.25,-3.06055832305267));
#11112=CARTESIAN_POINT('',(-38.325,28.25,-3.06055832305267));
#11113=CARTESIAN_POINT('Origin',(-38.325,29.5,0.547880859382491));
#11114=CARTESIAN_POINT('Origin',(-23.5872376349894,15.5,2.47858624855293));
#11115=CARTESIAN_POINT('',(-24.2367566878277,15.5,2.85358624855293));
#11116=CARTESIAN_POINT('Origin',(-23.5872376349894,15.5,2.47858624855293));
#11117=CARTESIAN_POINT('Origin',(-25.0872376349894,15.5,-0.119489962800385));
#11118=CARTESIAN_POINT('',(-25.7367566878277,15.5,0.255510037199614));
#11119=CARTESIAN_POINT('Origin',(-25.0872376349894,15.5,-0.119489962800385));
#11120=CARTESIAN_POINT('',(-24.221212231205,14.0638593383655,-0.619489962800386));
#11121=CARTESIAN_POINT('Origin',(-24.221212231205,11.,-0.619489962800386));
#11122=CARTESIAN_POINT('',(-24.221212231205,11.,-0.619489962800386));
#11123=CARTESIAN_POINT('Origin',(-24.221212231205,14.0638593383655,-0.619489962800386));
#11124=CARTESIAN_POINT('Origin',(-15.9939708952528,18.5,-5.36948996280038));
#11125=CARTESIAN_POINT('',(-22.4891614236361,18.5,-1.61948996280038));
#11126=CARTESIAN_POINT('Origin',(-22.4891614236361,18.5,-1.61948996280038));
#11127=CARTESIAN_POINT('Origin',(-22.4891614236361,12.5,-1.61948996280038));
#11128=CARTESIAN_POINT('',(-22.4891614236361,12.5,-1.61948996280038));
#11129=CARTESIAN_POINT('Origin',(-22.4891614236361,11.,-1.61948996280038));
#11130=CARTESIAN_POINT('Origin',(-20.8437131564457,13.3,-2.56948996280038));
#11131=CARTESIAN_POINT('',(-20.8437131564457,13.3,-2.56948996280038));
#11132=CARTESIAN_POINT('Origin',(-20.8437131564457,17.7,-2.56948996280039));
#11133=CARTESIAN_POINT('Origin',(-54.6434879217354,5.49999999999999,26.6114857631551));
#11134=CARTESIAN_POINT('',(-54.6434879217354,5.5,26.6114857631551));
#11135=CARTESIAN_POINT('Origin',(-14.5,-2.27439929479644,20.6301327393836));
#11136=CARTESIAN_POINT('',(-16.175,-1.33410496574592,21.0685991859396));
#11137=CARTESIAN_POINT('',(-17.2125,-2.27439929479644,20.6301327393836));
#11138=CARTESIAN_POINT('Origin',(-14.5,-1.33410496574592,21.0685991859396));
#11139=CARTESIAN_POINT('Origin',(-14.5,80.1218761673531,59.0521469908327));
#11140=CARTESIAN_POINT('',(-16.175,2.01145572893042,22.6286597586895));
#11141=CARTESIAN_POINT('',(-16.175,80.1218761673531,59.0521469908327));
#11142=CARTESIAN_POINT('Origin',(-14.5,2.01145572893042,22.6286597586895));
#11143=CARTESIAN_POINT('Origin',(-49.5,-2.27439929479644,20.6301327393836));
#11144=CARTESIAN_POINT('',(-51.175,-1.33410496574592,21.0685991859396));
#11145=CARTESIAN_POINT('',(-52.2125,-2.27439929479644,20.6301327393836));
#11146=CARTESIAN_POINT('Origin',(-49.5,-1.33410496574592,21.0685991859396));
#11147=CARTESIAN_POINT('Origin',(-49.5,80.1218761673531,59.0521469908327));
#11148=CARTESIAN_POINT('',(-51.175,2.01145572893042,22.6286597586895));
#11149=CARTESIAN_POINT('',(-51.175,80.1218761673531,59.0521469908327));
#11150=CARTESIAN_POINT('Origin',(-49.5,2.01145572893042,22.6286597586895));
#11151=CARTESIAN_POINT('Origin',(-16.116025403724,6.5,5.57591761777823));
#11152=CARTESIAN_POINT('',(-31.5073807820319,6.5,22.8008534618397));
#11153=CARTESIAN_POINT('Origin',(-54.9784244122743,11.6602540378444,26.0313587442329));
#11154=CARTESIAN_POINT('Origin',(-93.8517309496867,0.,0.));
#11155=CARTESIAN_POINT('',(-1.9,-2.05128338857182E-16,1.675));
#11156=CARTESIAN_POINT('Origin',(-1.9,0.,0.));
#11157=CARTESIAN_POINT('',(-93.8517309496867,-2.05128338857182E-16,1.675));
#11158=CARTESIAN_POINT('Origin',(0.,0.,0.));
#11159=CARTESIAN_POINT('',(-1.9,-9.6440935432854E-16,5.25));
#11160=CARTESIAN_POINT('',(0.,-9.6440935432854E-16,5.25));
#11161=CARTESIAN_POINT('',(-1.9,5.25,0.));
#11162=CARTESIAN_POINT('Origin',(-1.9,0.,0.));
#11163=CARTESIAN_POINT('',(0.,5.25,0.));
#11164=CARTESIAN_POINT('Origin',(0.,-5.,5.25));
#11165=CARTESIAN_POINT('',(-1.9,-9.6440935432854E-16,5.25));
#11166=CARTESIAN_POINT('Origin',(-1.9,0.125,0.125));
#11167=CARTESIAN_POINT('',(-1.9,5.25,-5.));
#11168=CARTESIAN_POINT('',(-1.9,0.,-5.));
#11169=CARTESIAN_POINT('',(-1.9,2.6875,-5.));
#11170=CARTESIAN_POINT('',(-1.9,5.25,-7.25));
#11171=CARTESIAN_POINT('Origin',(-1.9,0.,0.));
#11172=CARTESIAN_POINT('Origin',(0.,5.25,-5.));
#11173=CARTESIAN_POINT('',(0.,0.,-5.));
#11174=CARTESIAN_POINT('',(0.,5.25,-5.));
#11175=CARTESIAN_POINT('Origin',(-49.6434879217354,5.5,35.2717398009994));
#11176=CARTESIAN_POINT('Origin',(0.,0.,0.));
#11177=CARTESIAN_POINT('Origin',(0.,5.25,-7.25));
#11178=CARTESIAN_POINT('Origin',(0.,29.5,-33.8672006151142));
#11179=CARTESIAN_POINT('Origin',(0.,-5.,35.5202681717177));
#11180=CARTESIAN_POINT('',(0.,-4.,35.5202681717177));
#11181=CARTESIAN_POINT('Origin',(0.,4.23506631979633,17.8601114580593));
#11182=CARTESIAN_POINT('',(0.,4.23506631979633,17.8601114580593));
#11183=CARTESIAN_POINT('Origin',(0.,-4.,35.5202681717177));
#11184=UNCERTAINTY_MEASURE_WITH_UNIT(LENGTH_MEASURE(0.01),#11188,
'DISTANCE_ACCURACY_VALUE',
'Maximum model space distance between geometric entities at asserted c
onnectivities');
#11185=UNCERTAINTY_MEASURE_WITH_UNIT(LENGTH_MEASURE(0.01),#11188,
'DISTANCE_ACCURACY_VALUE',
'Maximum model space distance between geometric entities at asserted c
onnectivities');
#11186=(
GEOMETRIC_REPRESENTATION_CONTEXT(3)
GLOBAL_UNCERTAINTY_ASSIGNED_CONTEXT((#11184))
GLOBAL_UNIT_ASSIGNED_CONTEXT((#11188,#11190,#11191))
REPRESENTATION_CONTEXT('','3D')
);
#11187=(
GEOMETRIC_REPRESENTATION_CONTEXT(3)
GLOBAL_UNCERTAINTY_ASSIGNED_CONTEXT((#11185))
GLOBAL_UNIT_ASSIGNED_CONTEXT((#11188,#11190,#11191))
REPRESENTATION_CONTEXT('','3D')
);
#11188=(
LENGTH_UNIT()
NAMED_UNIT(*)
SI_UNIT(.MILLI.,.METRE.)
);
#11189=(
LENGTH_UNIT()
NAMED_UNIT(*)
SI_UNIT(.CENTI.,.METRE.)
);
#11190=(
NAMED_UNIT(*)
PLANE_ANGLE_UNIT()
SI_UNIT($,.RADIAN.)
);
#11191=(
NAMED_UNIT(*)
SI_UNIT($,.STERADIAN.)
SOLID_ANGLE_UNIT()
);
#11192=SHAPE_DEFINITION_REPRESENTATION(#11193,#11194);
#11193=PRODUCT_DEFINITION_SHAPE('',$,#11196);
#11194=SHAPE_REPRESENTATION('',(#6495),#11186);
#11195=PRODUCT_DEFINITION_CONTEXT('part definition',#11200,'design');
#11196=PRODUCT_DEFINITION('BodyFront','BodyFront',#11197,#11195);
#11197=PRODUCT_DEFINITION_FORMATION('',$,#11202);
#11198=PRODUCT_RELATED_PRODUCT_CATEGORY('BodyFront','BodyFront',(#11202));
#11199=APPLICATION_PROTOCOL_DEFINITION('international standard',
'automotive_design',2009,#11200);
#11200=APPLICATION_CONTEXT(
'Core Data for Automotive Mechanical Design Process');
#11201=PRODUCT_CONTEXT('part definition',#11200,'mechanical');
#11202=PRODUCT('BodyFront','BodyFront',$,(#11201));
#11203=PRESENTATION_STYLE_ASSIGNMENT((#11205));
#11204=PRESENTATION_STYLE_ASSIGNMENT((#11206));
#11205=SURFACE_STYLE_USAGE(.BOTH.,#11211);
#11206=SURFACE_STYLE_USAGE(.BOTH.,#11212);
#11207=SURFACE_STYLE_RENDERING_WITH_PROPERTIES($,#11219,(#11209));
#11208=SURFACE_STYLE_RENDERING_WITH_PROPERTIES($,#11220,(#11210));
#11209=SURFACE_STYLE_TRANSPARENT(0.);
#11210=SURFACE_STYLE_TRANSPARENT(0.);
#11211=SURFACE_SIDE_STYLE('',(#11213,#11207));
#11212=SURFACE_SIDE_STYLE('',(#11214,#11208));
#11213=SURFACE_STYLE_FILL_AREA(#11215);
#11214=SURFACE_STYLE_FILL_AREA(#11216);
#11215=FILL_AREA_STYLE('',(#11217));
#11216=FILL_AREA_STYLE('',(#11218));
#11217=FILL_AREA_STYLE_COLOUR('',#11219);
#11218=FILL_AREA_STYLE_COLOUR('',#11220);
#11219=COLOUR_RGB('',0.749019607843137,0.749019607843137,0.749019607843137);
#11220=COLOUR_RGB('',0.43921568627451,0.43921568627451,0.43921568627451);
ENDSEC;
END-ISO-10303-21;
