ISO-10303-21;
HEADER;
/* Generated by software containing ST-Developer
 * from STEP Tools, Inc. (www.steptools.com) 
 */

FILE_DESCRIPTION(
/* description */ (''),
/* implementation_level */ '2;1');

FILE_NAME(
/* name */ 'BodyMotor.stp',
/* time_stamp */ '2026-09-30T20:12:51+02:00',
/* author */ ('Vadim'),
/* organization */ (''),
/* preprocessor_version */ 'ST-DEVELOPER v20.2',
/* originating_system */ 'Autodesk Inventor 2027',
/* authorisation */ '');

FILE_SCHEMA (('AUTOMOTIVE_DESIGN { 1 0 10303 214 3 1 1 }'));
ENDSEC;

DATA;
#10=MECHANICAL_DESIGN_GEOMETRIC_PRESENTATION_REPRESENTATION('',(#13),#4802);
#11=SHAPE_REPRESENTATION_RELATIONSHIP('SRR','None',#4809,#12);
#12=ADVANCED_BREP_SHAPE_REPRESENTATION('',(#14),#4801);
#13=STYLED_ITEM('',(#4819),#14);
#14=MANIFOLD_SOLID_BREP('T\X2\011B\X0\leso1',#2462);
#15=(
BOUNDED_SURFACE()
B_SPLINE_SURFACE(2,2,((#4526,#4527,#4528),(#4529,#4530,#4531),(#4532,#4533,
#4534)),.UNSPECIFIED.,.F.,.F.,.F.)
B_SPLINE_SURFACE_WITH_KNOTS((3,3),(3,3),(-1.5707963267949,0.),(-0.283794109208327,
-2.80766626959938E-16),.UNSPECIFIED.)
GEOMETRIC_REPRESENTATION_ITEM()
RATIONAL_B_SPLINE_SURFACE(((1.,0.989949493661167,1.),(0.707106781186547,
0.7,0.707106781186547),(1.,0.989949493661167,1.)))
REPRESENTATION_ITEM('')
SURFACE()
);
#16=(
BOUNDED_SURFACE()
B_SPLINE_SURFACE(2,2,((#4546,#4547,#4548),(#4549,#4550,#4551),(#4552,#4553,
#4554)),.UNSPECIFIED.,.F.,.F.,.F.)
B_SPLINE_SURFACE_WITH_KNOTS((3,3),(3,3),(-1.5707963267949,0.),(-1.5707963267949,
-1.075862200454),.UNSPECIFIED.)
GEOMETRIC_REPRESENTATION_ITEM()
RATIONAL_B_SPLINE_SURFACE(((1.,0.969535971483266,1.),(0.70710678118655,
0.685565460040106,0.70710678118655),(1.,0.969535971483266,1.)))
REPRESENTATION_ITEM('')
SURFACE()
);
#17=(
BOUNDED_SURFACE()
B_SPLINE_SURFACE(2,2,((#4717,#4718,#4719),(#4720,#4721,#4722),(#4723,#4724,
#4725)),.UNSPECIFIED.,.F.,.F.,.F.)
B_SPLINE_SURFACE_WITH_KNOTS((3,3),(3,3),(-1.5707963267949,0.),(-2.06573045313579,
-1.5707963267949),.UNSPECIFIED.)
GEOMETRIC_REPRESENTATION_ITEM()
RATIONAL_B_SPLINE_SURFACE(((1.,0.969535971483266,1.),(0.707106781186549,
0.685565460040106,0.707106781186549),(1.,0.969535971483266,1.)))
REPRESENTATION_ITEM('')
SURFACE()
);
#18=(
BOUNDED_SURFACE()
B_SPLINE_SURFACE(2,2,((#4733,#4734,#4735),(#4736,#4737,#4738),(#4739,#4740,
#4741)),.UNSPECIFIED.,.F.,.F.,.F.)
B_SPLINE_SURFACE_WITH_KNOTS((3,3),(3,3),(-1.5707963267949,0.),(-3.14159265358979,
-2.85779854438147),.UNSPECIFIED.)
GEOMETRIC_REPRESENTATION_ITEM()
RATIONAL_B_SPLINE_SURFACE(((1.,0.989949493661167,1.),(0.707106781186547,
0.7,0.707106781186547),(1.,0.989949493661167,1.)))
REPRESENTATION_ITEM('')
SURFACE()
);
#19=SPHERICAL_SURFACE('',#2675,1.);
#20=SPHERICAL_SURFACE('',#2685,1.);
#21=B_SPLINE_SURFACE_WITH_KNOTS('',3,3,((#4132,#4133,#4134,#4135,#4136,
#4137),(#4138,#4139,#4140,#4141,#4142,#4143),(#4144,#4145,#4146,#4147,#4148,
#4149),(#4150,#4151,#4152,#4153,#4154,#4155),(#4156,#4157,#4158,#4159,#4160,
#4161)),.UNSPECIFIED.,.F.,.F.,.F.,(4,1,4),(4,1,1,4),(0.,0.571428571428571,
1.),(1.44621048060265,1.61244646403402,1.72327045298826,1.83409444194251),
 .UNSPECIFIED.);
#22=B_SPLINE_SURFACE_WITH_KNOTS('',3,3,((#4241,#4242,#4243,#4244,#4245,
#4246),(#4247,#4248,#4249,#4250,#4251,#4252),(#4253,#4254,#4255,#4256,#4257,
#4258),(#4259,#4260,#4261,#4262,#4263,#4264),(#4265,#4266,#4267,#4268,#4269,
#4270)),.UNSPECIFIED.,.F.,.F.,.F.,(4,1,4),(4,1,1,4),(0.,0.571428571428571,
1.),(0.114806983392574,0.170218977869697,0.281042966823943,0.502690944732433),
 .UNSPECIFIED.);
#23=B_SPLINE_SURFACE_WITH_KNOTS('',3,3,((#4289,#4290,#4291,#4292,#4293,
#4294),(#4295,#4296,#4297,#4298,#4299,#4300),(#4301,#4302,#4303,#4304,#4305,
#4306),(#4307,#4308,#4309,#4310,#4311,#4312),(#4313,#4314,#4315,#4316,#4317,
#4318)),.UNSPECIFIED.,.F.,.F.,.F.,(4,1,4),(4,1,1,4),(0.,0.571428571428571,
1.),(1.44620263290403,1.66785052282778,1.77867446778966,1.8340864402706),
 .UNSPECIFIED.);
#24=B_SPLINE_SURFACE_WITH_KNOTS('',3,3,((#4385,#4386,#4387,#4388,#4389,
#4390),(#4391,#4392,#4393,#4394,#4395,#4396),(#4397,#4398,#4399,#4400,#4401,
#4402),(#4403,#4404,#4405,#4406,#4407,#4408),(#4409,#4410,#4411,#4412,#4413,
#4414)),.UNSPECIFIED.,.F.,.F.,.F.,(4,1,4),(4,1,1,4),(0.,0.571428571428571,
1.),(0.114799629484537,0.170211601965475,0.281035546927351,0.502683436851103),
 .UNSPECIFIED.);
#25=TOROIDAL_SURFACE('',#2566,6.375,0.25);
#26=TOROIDAL_SURFACE('',#2571,6.375,0.25);
#27=TOROIDAL_SURFACE('',#2588,6.375,0.25);
#28=TOROIDAL_SURFACE('',#2593,6.375,0.25);
#29=TOROIDAL_SURFACE('',#2647,7.125,1.);
#30=TOROIDAL_SURFACE('',#2657,7.125,1.);
#31=TOROIDAL_SURFACE('',#2663,7.125,1.);
#32=TOROIDAL_SURFACE('',#2670,7.125,1.);
#33=TOROIDAL_SURFACE('',#2682,1.5,1.);
#34=TOROIDAL_SURFACE('',#2689,1.5,1.);
#35=TOROIDAL_SURFACE('',#2712,13.5,1.);
#36=TOROIDAL_SURFACE('',#2730,13.5,1.);
#37=FACE_BOUND('',#364,.T.);
#38=FACE_BOUND('',#370,.T.);
#39=FACE_BOUND('',#371,.T.);
#40=FACE_BOUND('',#372,.T.);
#41=FACE_BOUND('',#373,.T.);
#42=FACE_BOUND('',#374,.T.);
#43=FACE_BOUND('',#396,.T.);
#44=FACE_BOUND('',#399,.T.);
#45=FACE_BOUND('',#406,.T.);
#46=FACE_BOUND('',#425,.T.);
#47=FACE_BOUND('',#426,.T.);
#48=FACE_BOUND('',#436,.T.);
#49=FACE_BOUND('',#445,.T.);
#50=B_SPLINE_CURVE_WITH_KNOTS('',3,(#3567,#3568,#3569,#3570,#3571,#3572,
#3573,#3574,#3575,#3576),.UNSPECIFIED.,.F.,.F.,(4,2,2,2,4),(0.0255396799501837,
0.0283220963378204,0.0377625373040333,0.0472029782702462,0.0499853946578831),
 .UNSPECIFIED.);
#51=B_SPLINE_CURVE_WITH_KNOTS('',3,(#3588,#3589,#3590,#3591,#3592,#3593,
#3594,#3595,#3596,#3597),.UNSPECIFIED.,.F.,.F.,(4,2,2,2,4),(0.32416679348643,
0.370023038891258,0.42319703295363,0.476371027016002,0.522227272420829),
 .UNSPECIFIED.);
#52=B_SPLINE_CURVE_WITH_KNOTS('',3,(#3779,#3780,#3781,#3782,#3783,#3784,
#3785,#3786,#3787,#3788,#3789,#3790,#3791,#3792),.UNSPECIFIED.,.F.,.F.,
(4,2,2,2,2,2,4),(-0.0803058882614548,-0.080072520378209,-0.0693836365505023,
-0.0593404749921851,-0.0497232006384511,-0.0403216657866298,-0.0400385261538696),
 .UNSPECIFIED.);
#53=B_SPLINE_CURVE_WITH_KNOTS('',3,(#3797,#3798,#3799,#3800,#3801,#3802,
#3803,#3804,#3805,#3806,#3807,#3808,#3809,#3810),.UNSPECIFIED.,.F.,.F.,
(4,2,2,2,2,2,4),(-0.000233351852087358,0.,0.0106881495571405,0.0207306212025879,
0.0303472348996867,0.0397481239150515,0.0400312440975489),.UNSPECIFIED.);
#54=B_SPLINE_CURVE_WITH_KNOTS('',3,(#3822,#3823,#3824,#3825,#3826,#3827),
 .UNSPECIFIED.,.F.,.F.,(4,1,1,4),(1.44621048060265,1.61244646403402,1.72327045298826,
1.74674839213216),.UNSPECIFIED.);
#55=B_SPLINE_CURVE_WITH_KNOTS('',3,(#3835,#3836,#3837,#3838,#3839,#3840,
#3841,#3842,#3843,#3844),.UNSPECIFIED.,.F.,.F.,(4,2,2,2,4),(0.,0.0138954078884852,
0.0540047832997375,0.0963975901903867,0.0970729674552763),.UNSPECIFIED.);
#56=B_SPLINE_CURVE_WITH_KNOTS('',3,(#3849,#3850,#3851,#3852,#3853,#3854,
#3855,#3856,#3857,#3858),.UNSPECIFIED.,.F.,.F.,(4,2,2,2,4),(-0.000350305435062677,
0.,0.0180674924173592,0.0369977405592758,0.0826920758314258),
 .UNSPECIFIED.);
#57=B_SPLINE_CURVE_WITH_KNOTS('',3,(#3866,#3867,#3868,#3869,#3870,#3871,
#3872,#3873,#3874,#3875),.UNSPECIFIED.,.F.,.F.,(4,2,2,2,4),(0.,0.0138954618943887,
0.0540048019857705,0.0963975902041393,0.0970729668345195),.UNSPECIFIED.);
#58=B_SPLINE_CURVE_WITH_KNOTS('',3,(#3898,#3899,#3900,#3901,#3902,#3903,
#3904,#3905,#3906,#3907),.UNSPECIFIED.,.F.,.F.,(4,2,2,2,4),(-0.000350304969705565,
0.,0.0180674979564869,0.0369977593465211,0.0826920778559833),
 .UNSPECIFIED.);
#59=B_SPLINE_CURVE_WITH_KNOTS('',3,(#3915,#3916,#3917,#3918,#3919),
 .UNSPECIFIED.,.F.,.F.,(4,1,4),(0.201254072188778,0.281035546927351,0.502683436851103),
 .UNSPECIFIED.);
#60=B_SPLINE_CURVE_WITH_KNOTS('',3,(#3934,#3935,#3936,#3937,#3938,#3939,
#3940,#3941,#3942,#3943,#3944,#3945,#3946,#3947),.UNSPECIFIED.,.F.,.F.,
(4,2,2,2,2,2,4),(-0.0803058882614548,-0.080072520378209,-0.0693836365505023,
-0.0593404749921851,-0.0497232006384511,-0.0403216657866298,-0.0400385261538696),
 .UNSPECIFIED.);
#61=B_SPLINE_CURVE_WITH_KNOTS('',3,(#3951,#3952,#3953,#3954,#3955,#3956,
#3957,#3958,#3959,#3960,#3961,#3962,#3963,#3964),.UNSPECIFIED.,.F.,.F.,
(4,2,2,2,2,2,4),(-0.000233351852087358,0.,0.0106881495571405,0.0207306212025879,
0.0303472348996867,0.0397481239150515,0.0400312440975489),.UNSPECIFIED.);
#62=B_SPLINE_CURVE_WITH_KNOTS('',3,(#3973,#3974,#3975,#3976,#3977),
 .UNSPECIFIED.,.F.,.F.,(4,1,4),(1.44620263290403,1.66785052282778,1.7476319975671),
 .UNSPECIFIED.);
#63=B_SPLINE_CURVE_WITH_KNOTS('',3,(#3986,#3987,#3988,#3989,#3990),
 .UNSPECIFIED.,.F.,.F.,(4,1,4),(0.20126388677732,0.281042966823943,0.502690944732433),
 .UNSPECIFIED.);
#64=B_SPLINE_CURVE_WITH_KNOTS('',3,(#4017,#4018,#4019,#4020,#4021,#4022),
 .UNSPECIFIED.,.F.,.F.,(4,2,4),(0.10106475455825,0.103847170945887,0.1132876119121),
 .UNSPECIFIED.);
#65=B_SPLINE_CURVE_WITH_KNOTS('',3,(#4024,#4025,#4026,#4027,#4028,#4029),
 .UNSPECIFIED.,.F.,.F.,(4,2,4),(0.1132876119121,0.122728052878313,0.12551046926595),
 .UNSPECIFIED.);
#66=B_SPLINE_CURVE_WITH_KNOTS('',3,(#4038,#4039,#4040,#4041,#4042,#4043,
#4044,#4045,#4046,#4047,#4048),.UNSPECIFIED.,.F.,.F.,(4,2,3,2,4),(-0.099030239467196,
-0.0531739940623719,0.,0.053173994062372,0.0990302394671964),
 .UNSPECIFIED.);
#67=B_SPLINE_CURVE_WITH_KNOTS('',3,(#4162,#4163,#4164,#4165,#4166,#4167,
#4168,#4169,#4170,#4171,#4172,#4173,#4174,#4175,#4176,#4177,#4178,#4179,
#4180,#4181,#4182,#4183,#4184,#4185,#4186,#4187,#4188,#4189,#4190,#4191,
#4192,#4193,#4194,#4195,#4196,#4197,#4198,#4199,#4200,#4201,#4202,#4203,
#4204,#4205,#4206,#4207,#4208,#4209,#4210,#4211,#4212,#4213,#4214,#4215,
#4216),.UNSPECIFIED.,.F.,.F.,(4,3,3,3,3,3,3,3,3,3,3,3,3,3,3,3,3,3,4),(-1.83409444194251,
-1.83061663446988,-1.82050256846804,-1.80986435075933,-1.80614093010278,
-1.78426134447181,-1.7640773999907,-1.76238175884084,-1.74247681564074,
-1.72364179290331,-1.70072422406635,-1.68415019879394,-1.64837952764517,
-1.61252995141863,-1.5662400550417,-1.54956215256331,-1.50863036064721,
-1.47104950708065,-1.44621048060265),.UNSPECIFIED.);
#68=B_SPLINE_CURVE_WITH_KNOTS('',3,(#4271,#4272,#4273,#4274,#4275,#4276),
 .UNSPECIFIED.,.F.,.F.,(4,1,1,4),(-0.502690944732433,-0.281042966823943,
-0.170218977869697,-0.114806983392574),.UNSPECIFIED.);
#69=B_SPLINE_CURVE_WITH_KNOTS('',3,(#4319,#4320,#4321,#4322,#4323,#4324,
#4325,#4326,#4327,#4328,#4329,#4330,#4331,#4332,#4333,#4334,#4335,#4336,
#4337,#4338,#4339,#4340,#4341,#4342,#4343,#4344,#4345,#4346,#4347,#4348,
#4349,#4350,#4351,#4352,#4353,#4354,#4355,#4356,#4357,#4358,#4359,#4360,
#4361,#4362,#4363,#4364,#4365,#4366,#4367,#4368,#4369,#4370,#4371,#4372,
#4373),.UNSPECIFIED.,.F.,.F.,(4,3,3,3,3,3,3,3,3,3,3,3,3,3,3,3,3,3,4),(-1.83408644027059,
-1.82405075839497,-1.81614807973948,-1.80356645227802,-1.78972455733111,
-1.77834661763659,-1.76781774962133,-1.74539301197533,-1.72011939216211,
-1.693576000758,-1.69063972715525,-1.66769085439785,-1.63383565775535,-1.60073252031238,
-1.56872032030803,-1.55474040194226,-1.51526791722813,-1.47852256818541,
-1.44620263290403),.UNSPECIFIED.);
#70=B_SPLINE_CURVE_WITH_KNOTS('',3,(#4415,#4416,#4417,#4418,#4419,#4420),
 .UNSPECIFIED.,.F.,.F.,(4,1,1,4),(-0.502683436851103,-0.281035546927351,
-0.170211601965475,-0.114799629484537),.UNSPECIFIED.);
#71=B_SPLINE_CURVE_WITH_KNOTS('',3,(#4436,#4437,#4438,#4439,#4440,#4441,
#4442,#4443),.UNSPECIFIED.,.F.,.F.,(4,2,2,4),(0.472246240741049,0.505841645662127,
0.542412796017726,0.642674006377667),.UNSPECIFIED.);
#72=B_SPLINE_CURVE_WITH_KNOTS('',3,(#4458,#4459,#4460,#4461,#4462,#4463,
#4464,#4465),.UNSPECIFIED.,.F.,.F.,(4,2,2,4),(0.,0.10026121035994,0.13683236071554,
0.170427765636617),.UNSPECIFIED.);
#73=B_SPLINE_CURVE_WITH_KNOTS('',3,(#4489,#4490,#4491,#4492,#4493,#4494,
#4495,#4496),.UNSPECIFIED.,.F.,.F.,(4,2,2,4),(0.599635113535052,0.666875321102139,
0.734115528669226,0.868595943803399),.UNSPECIFIED.);
#74=B_SPLINE_CURVE_WITH_KNOTS('',3,(#4504,#4505,#4506,#4507,#4508,#4509,
#4510,#4511),.UNSPECIFIED.,.F.,.F.,(4,2,2,4),(0.,0.142787842241885,0.201207302388877,
0.259626762535869),.UNSPECIFIED.);
#75=B_SPLINE_CURVE_WITH_KNOTS('',3,(#4565,#4566,#4567,#4568,#4569,#4570,
#4571,#4572,#4573,#4574),.UNSPECIFIED.,.F.,.F.,(4,2,2,2,4),(0.630977796086577,
0.681591568084581,0.779509084091036,0.877426600097492,0.928040372095496),
 .UNSPECIFIED.);
#76=B_SPLINE_CURVE_WITH_KNOTS('',3,(#4578,#4579,#4580,#4581,#4582,#4583,
#4584,#4585,#4586,#4587),.UNSPECIFIED.,.F.,.F.,(4,2,2,2,4),(0.630977796086577,
0.681591568084581,0.779509084091036,0.877426600097492,0.928040372095496),
 .UNSPECIFIED.);
#77=B_SPLINE_CURVE_WITH_KNOTS('',3,(#4594,#4595,#4596,#4597,#4598,#4599,
#4600,#4601,#4602,#4603,#4604,#4605),.UNSPECIFIED.,.F.,.F.,(4,2,2,2,2,4),
(1.55038029561268,1.7131180235183,1.87585575142391,1.99307111803024,2.0516788013334,
2.11028648463657),.UNSPECIFIED.);
#78=B_SPLINE_CURVE_WITH_KNOTS('',3,(#4606,#4607,#4608,#4609,#4610,#4611,
#4612,#4613,#4614,#4615,#4616,#4617),.UNSPECIFIED.,.F.,.F.,(4,2,2,2,2,4),
(0.,0.0586076833031647,0.117215366606329,0.234430733212659,0.397168461118271,
0.559906189023884),.UNSPECIFIED.);
#79=B_SPLINE_CURVE_WITH_KNOTS('',3,(#4622,#4623,#4624,#4625,#4626,#4627,
#4628,#4629,#4630,#4631,#4632,#4633,#4634,#4635,#4636,#4637,#4638,#4639),
 .UNSPECIFIED.,.F.,.F.,(4,2,2,2,2,2,2,2,4),(1.23546255914826,1.30806441532071,
1.44866424873786,1.589264082155,1.76175079066089,1.93423749916678,2.05324885339605,
2.11275453051069,2.16488754129634),.UNSPECIFIED.);
#80=B_SPLINE_CURVE_WITH_KNOTS('',3,(#4641,#4642,#4643,#4644,#4645,#4646),
 .UNSPECIFIED.,.F.,.F.,(4,2,4),(2.40780575843558,2.41517135875975,2.42253695908391),
 .UNSPECIFIED.);
#81=B_SPLINE_CURVE_WITH_KNOTS('',3,(#4647,#4648,#4649,#4650,#4651,#4652,
#4653,#4654,#4655,#4656,#4657,#4658,#4659,#4660,#4661,#4662,#4663,#4664),
 .UNSPECIFIED.,.F.,.F.,(4,2,2,2,2,2,2,2,4),(0.00737266632898174,0.0595056771146356,
0.119011354229271,0.238022708458542,0.410509416964436,0.582996125470329,
0.72359595888747,0.864195792304611,0.936797648477064),.UNSPECIFIED.);
#82=B_SPLINE_CURVE_WITH_KNOTS('',3,(#4666,#4667,#4668,#4669,#4670,#4671,
#4672,#4673,#4674,#4675,#4676,#4677,#4678,#4679,#4680,#4681,#4682,#4683),
 .UNSPECIFIED.,.F.,.F.,(4,2,2,2,2,2,2,2,4),(2.32159266296092,2.39419451913338,
2.53479435255052,2.67539418596766,2.84788089447355,3.02036760297944,3.13937895720872,
3.19888463432335,3.25101764510901),.UNSPECIFIED.);
#83=B_SPLINE_CURVE_WITH_KNOTS('',3,(#4685,#4686,#4687,#4688,#4689,#4690,
#4691),.UNSPECIFIED.,.F.,.F.,(4,3,4),(-0.00736560030825167,0.,0.00736560032416553),
 .UNSPECIFIED.);
#84=B_SPLINE_CURVE_WITH_KNOTS('',3,(#4692,#4693,#4694,#4695,#4696,#4697,
#4698,#4699,#4700,#4701,#4702,#4703,#4704,#4705,#4706,#4707,#4708,#4709),
 .UNSPECIFIED.,.F.,.F.,(4,2,2,2,2,2,2,2,4),(1.09350277014164,1.1456357809273,
1.20514145804193,1.3241528122712,1.4966395207771,1.66912622928299,1.80972606270013,
1.95032589611727,2.02292775228973),.UNSPECIFIED.);
#85=CYLINDRICAL_SURFACE('',#2503,0.25);
#86=CYLINDRICAL_SURFACE('',#2506,2.05);
#87=CYLINDRICAL_SURFACE('',#2510,0.25);
#88=CYLINDRICAL_SURFACE('',#2513,0.25);
#89=CYLINDRICAL_SURFACE('',#2515,0.25);
#90=CYLINDRICAL_SURFACE('',#2517,0.25);
#91=CYLINDRICAL_SURFACE('',#2538,0.25);
#92=CYLINDRICAL_SURFACE('',#2541,0.25);
#93=CYLINDRICAL_SURFACE('',#2543,0.25);
#94=CYLINDRICAL_SURFACE('',#2545,0.25);
#95=CYLINDRICAL_SURFACE('',#2548,0.25);
#96=CYLINDRICAL_SURFACE('',#2551,0.25);
#97=CYLINDRICAL_SURFACE('',#2553,0.25);
#98=CYLINDRICAL_SURFACE('',#2555,0.25);
#99=CYLINDRICAL_SURFACE('',#2556,0.25);
#100=CYLINDRICAL_SURFACE('',#2559,0.25);
#101=CYLINDRICAL_SURFACE('',#2562,0.25);
#102=CYLINDRICAL_SURFACE('',#2563,0.25);
#103=CYLINDRICAL_SURFACE('',#2570,0.25);
#104=CYLINDRICAL_SURFACE('',#2575,6.125);
#105=CYLINDRICAL_SURFACE('',#2583,6.125);
#106=CYLINDRICAL_SURFACE('',#2592,0.25);
#107=CYLINDRICAL_SURFACE('',#2597,6.125);
#108=CYLINDRICAL_SURFACE('',#2599,6.125);
#109=CYLINDRICAL_SURFACE('',#2607,0.25);
#110=CYLINDRICAL_SURFACE('',#2609,0.25);
#111=CYLINDRICAL_SURFACE('',#2612,1.35);
#112=CYLINDRICAL_SURFACE('',#2614,2.05);
#113=CYLINDRICAL_SURFACE('',#2616,0.75);
#114=CYLINDRICAL_SURFACE('',#2618,15.125);
#115=CYLINDRICAL_SURFACE('',#2620,0.75);
#116=CYLINDRICAL_SURFACE('',#2623,0.75);
#117=CYLINDRICAL_SURFACE('',#2625,15.125);
#118=CYLINDRICAL_SURFACE('',#2627,0.75);
#119=CYLINDRICAL_SURFACE('',#2633,9.875);
#120=CYLINDRICAL_SURFACE('',#2634,0.25);
#121=CYLINDRICAL_SURFACE('',#2638,0.25);
#122=CYLINDRICAL_SURFACE('',#2640,0.5);
#123=CYLINDRICAL_SURFACE('',#2641,0.5);
#124=CYLINDRICAL_SURFACE('',#2644,9.875);
#125=CYLINDRICAL_SURFACE('',#2660,1.);
#126=CYLINDRICAL_SURFACE('',#2673,1.);
#127=CYLINDRICAL_SURFACE('',#2679,1.);
#128=CYLINDRICAL_SURFACE('',#2680,1.);
#129=CYLINDRICAL_SURFACE('',#2684,1.);
#130=CYLINDRICAL_SURFACE('',#2688,1.);
#131=CYLINDRICAL_SURFACE('',#2692,1.);
#132=CYLINDRICAL_SURFACE('',#2693,1.);
#133=CYLINDRICAL_SURFACE('',#2694,0.5);
#134=CYLINDRICAL_SURFACE('',#2696,0.5);
#135=CYLINDRICAL_SURFACE('',#2700,1.);
#136=CYLINDRICAL_SURFACE('',#2703,1.);
#137=CYLINDRICAL_SURFACE('',#2707,1.);
#138=CYLINDRICAL_SURFACE('',#2719,1.);
#139=CYLINDRICAL_SURFACE('',#2720,2.);
#140=CYLINDRICAL_SURFACE('',#2722,14.5);
#141=CYLINDRICAL_SURFACE('',#2724,2.);
#142=CYLINDRICAL_SURFACE('',#2726,1.);
#143=CYLINDRICAL_SURFACE('',#2736,1.);
#144=CYLINDRICAL_SURFACE('',#2738,2.);
#145=CYLINDRICAL_SURFACE('',#2739,3.);
#146=CYLINDRICAL_SURFACE('',#2742,3.);
#147=CYLINDRICAL_SURFACE('',#2747,3.);
#148=CYLINDRICAL_SURFACE('',#2750,1.6);
#149=CYLINDRICAL_SURFACE('',#2754,1.6);
#150=CYLINDRICAL_SURFACE('',#2755,3.);
#151=CYLINDRICAL_SURFACE('',#2758,1.6);
#152=CYLINDRICAL_SURFACE('',#2762,1.6);
#153=CYLINDRICAL_SURFACE('',#2763,3.);
#154=ELLIPSE('',#2502,1.54756097560976,1.35);
#155=ELLIPSE('',#2505,1.54756097560976,1.35);
#156=ELLIPSE('',#2511,0.353553390593274,0.25);
#157=ELLIPSE('',#2512,0.353553390593274,0.25);
#158=ELLIPSE('',#2514,0.353553390593274,0.25);
#159=ELLIPSE('',#2516,0.353553390593274,0.25);
#160=ELLIPSE('',#2539,0.353553390593274,0.25);
#161=ELLIPSE('',#2540,0.353553390593273,0.25);
#162=ELLIPSE('',#2542,0.353553390593274,0.25);
#163=ELLIPSE('',#2544,0.353553390593275,0.25);
#164=ELLIPSE('',#2549,0.353553390593274,0.25);
#165=ELLIPSE('',#2550,0.353553390593274,0.25);
#166=ELLIPSE('',#2552,0.353553390593274,0.25);
#167=ELLIPSE('',#2554,0.353553390593274,0.25);
#168=ELLIPSE('',#2557,0.353553390593274,0.25);
#169=ELLIPSE('',#2558,0.353553390593275,0.25);
#170=ELLIPSE('',#2560,0.353553390593273,0.25);
#171=ELLIPSE('',#2561,0.353553390593274,0.25);
#172=ELLIPSE('',#2611,1.54756097560976,1.35);
#173=ELLIPSE('',#2613,1.54756097560976,1.35);
#174=PLANE('',#2488);
#175=PLANE('',#2492);
#176=PLANE('',#2496);
#177=PLANE('',#2500);
#178=PLANE('',#2501);
#179=PLANE('',#2504);
#180=PLANE('',#2508);
#181=PLANE('',#2518);
#182=PLANE('',#2546);
#183=PLANE('',#2547);
#184=PLANE('',#2564);
#185=PLANE('',#2565);
#186=PLANE('',#2577);
#187=PLANE('',#2585);
#188=PLANE('',#2601);
#189=PLANE('',#2608);
#190=PLANE('',#2610);
#191=PLANE('',#2615);
#192=PLANE('',#2622);
#193=PLANE('',#2629);
#194=PLANE('',#2635);
#195=PLANE('',#2643);
#196=PLANE('',#2646);
#197=PLANE('',#2651);
#198=PLANE('',#2656);
#199=PLANE('',#2662);
#200=PLANE('',#2667);
#201=PLANE('',#2669);
#202=PLANE('',#2674);
#203=PLANE('',#2695);
#204=PLANE('',#2697);
#205=PLANE('',#2701);
#206=PLANE('',#2704);
#207=PLANE('',#2725);
#208=PLANE('',#2737);
#209=PLANE('',#2745);
#210=PLANE('',#2746);
#211=PLANE('',#2764);
#212=PLANE('',#2765);
#213=FACE_OUTER_BOUND('',#351,.T.);
#214=FACE_OUTER_BOUND('',#352,.T.);
#215=FACE_OUTER_BOUND('',#353,.T.);
#216=FACE_OUTER_BOUND('',#354,.T.);
#217=FACE_OUTER_BOUND('',#355,.T.);
#218=FACE_OUTER_BOUND('',#356,.T.);
#219=FACE_OUTER_BOUND('',#357,.T.);
#220=FACE_OUTER_BOUND('',#358,.T.);
#221=FACE_OUTER_BOUND('',#359,.T.);
#222=FACE_OUTER_BOUND('',#360,.T.);
#223=FACE_OUTER_BOUND('',#361,.T.);
#224=FACE_OUTER_BOUND('',#362,.T.);
#225=FACE_OUTER_BOUND('',#363,.T.);
#226=FACE_OUTER_BOUND('',#365,.T.);
#227=FACE_OUTER_BOUND('',#366,.T.);
#228=FACE_OUTER_BOUND('',#367,.T.);
#229=FACE_OUTER_BOUND('',#368,.T.);
#230=FACE_OUTER_BOUND('',#369,.T.);
#231=FACE_OUTER_BOUND('',#375,.T.);
#232=FACE_OUTER_BOUND('',#376,.T.);
#233=FACE_OUTER_BOUND('',#377,.T.);
#234=FACE_OUTER_BOUND('',#378,.T.);
#235=FACE_OUTER_BOUND('',#379,.T.);
#236=FACE_OUTER_BOUND('',#380,.T.);
#237=FACE_OUTER_BOUND('',#381,.T.);
#238=FACE_OUTER_BOUND('',#382,.T.);
#239=FACE_OUTER_BOUND('',#383,.T.);
#240=FACE_OUTER_BOUND('',#384,.T.);
#241=FACE_OUTER_BOUND('',#385,.T.);
#242=FACE_OUTER_BOUND('',#386,.T.);
#243=FACE_OUTER_BOUND('',#387,.T.);
#244=FACE_OUTER_BOUND('',#388,.T.);
#245=FACE_OUTER_BOUND('',#389,.T.);
#246=FACE_OUTER_BOUND('',#390,.T.);
#247=FACE_OUTER_BOUND('',#391,.T.);
#248=FACE_OUTER_BOUND('',#392,.T.);
#249=FACE_OUTER_BOUND('',#393,.T.);
#250=FACE_OUTER_BOUND('',#394,.T.);
#251=FACE_OUTER_BOUND('',#395,.T.);
#252=FACE_OUTER_BOUND('',#397,.T.);
#253=FACE_OUTER_BOUND('',#398,.T.);
#254=FACE_OUTER_BOUND('',#400,.T.);
#255=FACE_OUTER_BOUND('',#401,.T.);
#256=FACE_OUTER_BOUND('',#402,.T.);
#257=FACE_OUTER_BOUND('',#403,.T.);
#258=FACE_OUTER_BOUND('',#404,.T.);
#259=FACE_OUTER_BOUND('',#405,.T.);
#260=FACE_OUTER_BOUND('',#407,.T.);
#261=FACE_OUTER_BOUND('',#408,.T.);
#262=FACE_OUTER_BOUND('',#409,.T.);
#263=FACE_OUTER_BOUND('',#410,.T.);
#264=FACE_OUTER_BOUND('',#411,.T.);
#265=FACE_OUTER_BOUND('',#412,.T.);
#266=FACE_OUTER_BOUND('',#413,.T.);
#267=FACE_OUTER_BOUND('',#414,.T.);
#268=FACE_OUTER_BOUND('',#415,.T.);
#269=FACE_OUTER_BOUND('',#416,.T.);
#270=FACE_OUTER_BOUND('',#417,.T.);
#271=FACE_OUTER_BOUND('',#418,.T.);
#272=FACE_OUTER_BOUND('',#419,.T.);
#273=FACE_OUTER_BOUND('',#420,.T.);
#274=FACE_OUTER_BOUND('',#421,.T.);
#275=FACE_OUTER_BOUND('',#422,.T.);
#276=FACE_OUTER_BOUND('',#423,.T.);
#277=FACE_OUTER_BOUND('',#424,.T.);
#278=FACE_OUTER_BOUND('',#427,.T.);
#279=FACE_OUTER_BOUND('',#428,.T.);
#280=FACE_OUTER_BOUND('',#429,.T.);
#281=FACE_OUTER_BOUND('',#430,.T.);
#282=FACE_OUTER_BOUND('',#431,.T.);
#283=FACE_OUTER_BOUND('',#432,.T.);
#284=FACE_OUTER_BOUND('',#433,.T.);
#285=FACE_OUTER_BOUND('',#434,.T.);
#286=FACE_OUTER_BOUND('',#435,.T.);
#287=FACE_OUTER_BOUND('',#437,.T.);
#288=FACE_OUTER_BOUND('',#438,.T.);
#289=FACE_OUTER_BOUND('',#439,.T.);
#290=FACE_OUTER_BOUND('',#440,.T.);
#291=FACE_OUTER_BOUND('',#441,.T.);
#292=FACE_OUTER_BOUND('',#442,.T.);
#293=FACE_OUTER_BOUND('',#443,.T.);
#294=FACE_OUTER_BOUND('',#444,.T.);
#295=FACE_OUTER_BOUND('',#446,.T.);
#296=FACE_OUTER_BOUND('',#447,.T.);
#297=FACE_OUTER_BOUND('',#448,.T.);
#298=FACE_OUTER_BOUND('',#449,.T.);
#299=FACE_OUTER_BOUND('',#450,.T.);
#300=FACE_OUTER_BOUND('',#451,.T.);
#301=FACE_OUTER_BOUND('',#452,.T.);
#302=FACE_OUTER_BOUND('',#453,.T.);
#303=FACE_OUTER_BOUND('',#454,.T.);
#304=FACE_OUTER_BOUND('',#455,.T.);
#305=FACE_OUTER_BOUND('',#456,.T.);
#306=FACE_OUTER_BOUND('',#457,.T.);
#307=FACE_OUTER_BOUND('',#458,.T.);
#308=FACE_OUTER_BOUND('',#459,.T.);
#309=FACE_OUTER_BOUND('',#460,.T.);
#310=FACE_OUTER_BOUND('',#461,.T.);
#311=FACE_OUTER_BOUND('',#462,.T.);
#312=FACE_OUTER_BOUND('',#463,.T.);
#313=FACE_OUTER_BOUND('',#464,.T.);
#314=FACE_OUTER_BOUND('',#465,.T.);
#315=FACE_OUTER_BOUND('',#466,.T.);
#316=FACE_OUTER_BOUND('',#467,.T.);
#317=FACE_OUTER_BOUND('',#468,.T.);
#318=FACE_OUTER_BOUND('',#469,.T.);
#319=FACE_OUTER_BOUND('',#470,.T.);
#320=FACE_OUTER_BOUND('',#471,.T.);
#321=FACE_OUTER_BOUND('',#472,.T.);
#322=FACE_OUTER_BOUND('',#473,.T.);
#323=FACE_OUTER_BOUND('',#474,.T.);
#324=FACE_OUTER_BOUND('',#475,.T.);
#325=FACE_OUTER_BOUND('',#476,.T.);
#326=FACE_OUTER_BOUND('',#477,.T.);
#327=FACE_OUTER_BOUND('',#478,.T.);
#328=FACE_OUTER_BOUND('',#479,.T.);
#329=FACE_OUTER_BOUND('',#480,.T.);
#330=FACE_OUTER_BOUND('',#481,.T.);
#331=FACE_OUTER_BOUND('',#482,.T.);
#332=FACE_OUTER_BOUND('',#483,.T.);
#333=FACE_OUTER_BOUND('',#484,.T.);
#334=FACE_OUTER_BOUND('',#485,.T.);
#335=FACE_OUTER_BOUND('',#486,.T.);
#336=FACE_OUTER_BOUND('',#487,.T.);
#337=FACE_OUTER_BOUND('',#488,.T.);
#338=FACE_OUTER_BOUND('',#489,.T.);
#339=FACE_OUTER_BOUND('',#490,.T.);
#340=FACE_OUTER_BOUND('',#491,.T.);
#341=FACE_OUTER_BOUND('',#492,.T.);
#342=FACE_OUTER_BOUND('',#493,.T.);
#343=FACE_OUTER_BOUND('',#494,.T.);
#344=FACE_OUTER_BOUND('',#495,.T.);
#345=FACE_OUTER_BOUND('',#496,.T.);
#346=FACE_OUTER_BOUND('',#497,.T.);
#347=FACE_OUTER_BOUND('',#498,.T.);
#348=FACE_OUTER_BOUND('',#499,.T.);
#349=FACE_OUTER_BOUND('',#500,.T.);
#350=FACE_OUTER_BOUND('',#501,.T.);
#351=EDGE_LOOP('',(#1586,#1587,#1588,#1589));
#352=EDGE_LOOP('',(#1590,#1591,#1592,#1593));
#353=EDGE_LOOP('',(#1594,#1595,#1596,#1597));
#354=EDGE_LOOP('',(#1598,#1599,#1600,#1601));
#355=EDGE_LOOP('',(#1602,#1603,#1604,#1605));
#356=EDGE_LOOP('',(#1606,#1607,#1608,#1609));
#357=EDGE_LOOP('',(#1610,#1611,#1612,#1613));
#358=EDGE_LOOP('',(#1614,#1615,#1616,#1617));
#359=EDGE_LOOP('',(#1618,#1619,#1620,#1621));
#360=EDGE_LOOP('',(#1622,#1623,#1624,#1625));
#361=EDGE_LOOP('',(#1626,#1627,#1628,#1629));
#362=EDGE_LOOP('',(#1630,#1631,#1632,#1633,#1634,#1635));
#363=EDGE_LOOP('',(#1636));
#364=EDGE_LOOP('',(#1637,#1638,#1639,#1640,#1641,#1642,#1643,#1644));
#365=EDGE_LOOP('',(#1645,#1646,#1647,#1648));
#366=EDGE_LOOP('',(#1649,#1650,#1651,#1652));
#367=EDGE_LOOP('',(#1653,#1654,#1655,#1656));
#368=EDGE_LOOP('',(#1657,#1658,#1659,#1660));
#369=EDGE_LOOP('',(#1661,#1662,#1663,#1664,#1665,#1666,#1667,#1668,#1669,
#1670,#1671,#1672,#1673,#1674,#1675,#1676,#1677,#1678,#1679,#1680,#1681,
#1682,#1683,#1684,#1685,#1686,#1687,#1688));
#370=EDGE_LOOP('',(#1689,#1690,#1691,#1692));
#371=EDGE_LOOP('',(#1693,#1694,#1695,#1696));
#372=EDGE_LOOP('',(#1697,#1698,#1699,#1700,#1701,#1702,#1703,#1704));
#373=EDGE_LOOP('',(#1705,#1706,#1707,#1708));
#374=EDGE_LOOP('',(#1709,#1710,#1711,#1712));
#375=EDGE_LOOP('',(#1713,#1714,#1715,#1716));
#376=EDGE_LOOP('',(#1717,#1718,#1719,#1720));
#377=EDGE_LOOP('',(#1721,#1722,#1723,#1724));
#378=EDGE_LOOP('',(#1725,#1726,#1727,#1728));
#379=EDGE_LOOP('',(#1729,#1730,#1731,#1732));
#380=EDGE_LOOP('',(#1733,#1734,#1735,#1736));
#381=EDGE_LOOP('',(#1737,#1738,#1739,#1740));
#382=EDGE_LOOP('',(#1741,#1742,#1743,#1744));
#383=EDGE_LOOP('',(#1745,#1746,#1747,#1748));
#384=EDGE_LOOP('',(#1749,#1750,#1751,#1752));
#385=EDGE_LOOP('',(#1753,#1754,#1755,#1756));
#386=EDGE_LOOP('',(#1757,#1758,#1759,#1760));
#387=EDGE_LOOP('',(#1761,#1762,#1763,#1764));
#388=EDGE_LOOP('',(#1765,#1766,#1767,#1768));
#389=EDGE_LOOP('',(#1769,#1770,#1771,#1772));
#390=EDGE_LOOP('',(#1773,#1774,#1775,#1776));
#391=EDGE_LOOP('',(#1777,#1778,#1779,#1780));
#392=EDGE_LOOP('',(#1781,#1782,#1783,#1784));
#393=EDGE_LOOP('',(#1785,#1786,#1787,#1788));
#394=EDGE_LOOP('',(#1789,#1790,#1791,#1792,#1793));
#395=EDGE_LOOP('',(#1794,#1795,#1796,#1797,#1798,#1799,#1800,#1801,#1802,
#1803,#1804,#1805,#1806,#1807,#1808,#1809,#1810,#1811,#1812,#1813,#1814,
#1815,#1816,#1817));
#396=EDGE_LOOP('',(#1818));
#397=EDGE_LOOP('',(#1819,#1820,#1821,#1822,#1823));
#398=EDGE_LOOP('',(#1824,#1825,#1826,#1827,#1828,#1829));
#399=EDGE_LOOP('',(#1830));
#400=EDGE_LOOP('',(#1831,#1832,#1833,#1834));
#401=EDGE_LOOP('',(#1835,#1836,#1837,#1838));
#402=EDGE_LOOP('',(#1839,#1840,#1841,#1842));
#403=EDGE_LOOP('',(#1843,#1844,#1845,#1846,#1847));
#404=EDGE_LOOP('',(#1848,#1849,#1850,#1851,#1852));
#405=EDGE_LOOP('',(#1853,#1854,#1855,#1856,#1857,#1858,#1859,#1860,#1861,
#1862));
#406=EDGE_LOOP('',(#1863));
#407=EDGE_LOOP('',(#1864,#1865,#1866,#1867));
#408=EDGE_LOOP('',(#1868,#1869,#1870,#1871));
#409=EDGE_LOOP('',(#1872,#1873,#1874,#1875,#1876));
#410=EDGE_LOOP('',(#1877,#1878,#1879,#1880));
#411=EDGE_LOOP('',(#1881,#1882,#1883,#1884,#1885,#1886,#1887,#1888,#1889,
#1890,#1891,#1892));
#412=EDGE_LOOP('',(#1893,#1894,#1895,#1896,#1897,#1898));
#413=EDGE_LOOP('',(#1899,#1900,#1901,#1902));
#414=EDGE_LOOP('',(#1903,#1904,#1905,#1906));
#415=EDGE_LOOP('',(#1907,#1908,#1909,#1910));
#416=EDGE_LOOP('',(#1911,#1912,#1913,#1914));
#417=EDGE_LOOP('',(#1915,#1916,#1917,#1918));
#418=EDGE_LOOP('',(#1919,#1920,#1921,#1922));
#419=EDGE_LOOP('',(#1923,#1924,#1925,#1926));
#420=EDGE_LOOP('',(#1927,#1928,#1929,#1930));
#421=EDGE_LOOP('',(#1931,#1932,#1933,#1934,#1935,#1936,#1937,#1938));
#422=EDGE_LOOP('',(#1939,#1940,#1941,#1942));
#423=EDGE_LOOP('',(#1943,#1944,#1945,#1946));
#424=EDGE_LOOP('',(#1947,#1948,#1949,#1950,#1951,#1952,#1953,#1954,#1955,
#1956,#1957,#1958));
#425=EDGE_LOOP('',(#1959));
#426=EDGE_LOOP('',(#1960));
#427=EDGE_LOOP('',(#1961,#1962,#1963,#1964));
#428=EDGE_LOOP('',(#1965,#1966,#1967,#1968));
#429=EDGE_LOOP('',(#1969,#1970,#1971,#1972));
#430=EDGE_LOOP('',(#1973,#1974,#1975,#1976));
#431=EDGE_LOOP('',(#1977,#1978,#1979,#1980));
#432=EDGE_LOOP('',(#1981,#1982,#1983,#1984,#1985,#1986,#1987,#1988));
#433=EDGE_LOOP('',(#1989,#1990,#1991,#1992));
#434=EDGE_LOOP('',(#1993,#1994,#1995,#1996));
#435=EDGE_LOOP('',(#1997,#1998,#1999,#2000,#2001,#2002,#2003,#2004,#2005,
#2006));
#436=EDGE_LOOP('',(#2007));
#437=EDGE_LOOP('',(#2008,#2009,#2010));
#438=EDGE_LOOP('',(#2011,#2012,#2013,#2014));
#439=EDGE_LOOP('',(#2015,#2016,#2017,#2018));
#440=EDGE_LOOP('',(#2019,#2020,#2021,#2022));
#441=EDGE_LOOP('',(#2023,#2024,#2025));
#442=EDGE_LOOP('',(#2026,#2027,#2028,#2029));
#443=EDGE_LOOP('',(#2030,#2031,#2032,#2033));
#444=EDGE_LOOP('',(#2034,#2035,#2036,#2037,#2038,#2039));
#445=EDGE_LOOP('',(#2040));
#446=EDGE_LOOP('',(#2041,#2042,#2043,#2044));
#447=EDGE_LOOP('',(#2045,#2046,#2047,#2048));
#448=EDGE_LOOP('',(#2049,#2050,#2051,#2052));
#449=EDGE_LOOP('',(#2053,#2054,#2055,#2056));
#450=EDGE_LOOP('',(#2057,#2058,#2059,#2060));
#451=EDGE_LOOP('',(#2061,#2062,#2063));
#452=EDGE_LOOP('',(#2064,#2065,#2066,#2067));
#453=EDGE_LOOP('',(#2068,#2069,#2070,#2071));
#454=EDGE_LOOP('',(#2072,#2073,#2074,#2075));
#455=EDGE_LOOP('',(#2076,#2077,#2078,#2079));
#456=EDGE_LOOP('',(#2080,#2081,#2082));
#457=EDGE_LOOP('',(#2083,#2084,#2085,#2086));
#458=EDGE_LOOP('',(#2087,#2088,#2089,#2090));
#459=EDGE_LOOP('',(#2091,#2092,#2093,#2094));
#460=EDGE_LOOP('',(#2095,#2096,#2097,#2098));
#461=EDGE_LOOP('',(#2099,#2100,#2101,#2102));
#462=EDGE_LOOP('',(#2103,#2104,#2105,#2106));
#463=EDGE_LOOP('',(#2107,#2108,#2109,#2110));
#464=EDGE_LOOP('',(#2111,#2112,#2113,#2114,#2115,#2116,#2117,#2118,#2119));
#465=EDGE_LOOP('',(#2120,#2121,#2122,#2123));
#466=EDGE_LOOP('',(#2124,#2125,#2126,#2127));
#467=EDGE_LOOP('',(#2128,#2129,#2130,#2131));
#468=EDGE_LOOP('',(#2132,#2133,#2134,#2135,#2136,#2137,#2138,#2139,#2140));
#469=EDGE_LOOP('',(#2141,#2142,#2143,#2144));
#470=EDGE_LOOP('',(#2145,#2146,#2147,#2148));
#471=EDGE_LOOP('',(#2149,#2150,#2151,#2152));
#472=EDGE_LOOP('',(#2153,#2154,#2155,#2156));
#473=EDGE_LOOP('',(#2157,#2158,#2159,#2160));
#474=EDGE_LOOP('',(#2161,#2162,#2163,#2164,#2165,#2166,#2167,#2168));
#475=EDGE_LOOP('',(#2169,#2170,#2171,#2172,#2173,#2174,#2175,#2176,#2177,
#2178,#2179,#2180,#2181,#2182,#2183,#2184,#2185));
#476=EDGE_LOOP('',(#2186,#2187,#2188,#2189));
#477=EDGE_LOOP('',(#2190,#2191,#2192,#2193));
#478=EDGE_LOOP('',(#2194,#2195,#2196,#2197));
#479=EDGE_LOOP('',(#2198,#2199,#2200,#2201));
#480=EDGE_LOOP('',(#2202,#2203,#2204,#2205));
#481=EDGE_LOOP('',(#2206,#2207,#2208,#2209));
#482=EDGE_LOOP('',(#2210,#2211,#2212,#2213));
#483=EDGE_LOOP('',(#2214,#2215,#2216,#2217));
#484=EDGE_LOOP('',(#2218,#2219,#2220,#2221));
#485=EDGE_LOOP('',(#2222,#2223,#2224,#2225,#2226));
#486=EDGE_LOOP('',(#2227,#2228,#2229,#2230,#2231));
#487=EDGE_LOOP('',(#2232,#2233,#2234,#2235));
#488=EDGE_LOOP('',(#2236,#2237,#2238,#2239));
#489=EDGE_LOOP('',(#2240,#2241,#2242,#2243,#2244,#2245,#2246,#2247,#2248,
#2249));
#490=EDGE_LOOP('',(#2250,#2251,#2252,#2253,#2254,#2255));
#491=EDGE_LOOP('',(#2256,#2257,#2258,#2259));
#492=EDGE_LOOP('',(#2260,#2261,#2262,#2263));
#493=EDGE_LOOP('',(#2264,#2265,#2266,#2267));
#494=EDGE_LOOP('',(#2268,#2269,#2270,#2271));
#495=EDGE_LOOP('',(#2272,#2273,#2274,#2275,#2276,#2277));
#496=EDGE_LOOP('',(#2278,#2279,#2280,#2281));
#497=EDGE_LOOP('',(#2282,#2283,#2284,#2285));
#498=EDGE_LOOP('',(#2286,#2287,#2288,#2289));
#499=EDGE_LOOP('',(#2290,#2291,#2292,#2293));
#500=EDGE_LOOP('',(#2294,#2295,#2296,#2297,#2298,#2299,#2300,#2301,#2302,
#2303,#2304));
#501=EDGE_LOOP('',(#2305,#2306,#2307,#2308,#2309,#2310,#2311,#2312,#2313,
#2314,#2315));
#502=CIRCLE('',#2486,2.3);
#503=CIRCLE('',#2487,2.05);
#504=CIRCLE('',#2490,0.25);
#505=CIRCLE('',#2491,0.5);
#506=CIRCLE('',#2494,2.3);
#507=CIRCLE('',#2495,2.05);
#508=CIRCLE('',#2498,0.25);
#509=CIRCLE('',#2499,0.499999999999999);
#510=CIRCLE('',#2507,2.05);
#511=CIRCLE('',#2509,3.);
#512=CIRCLE('',#2519,0.25);
#513=CIRCLE('',#2520,1.);
#514=CIRCLE('',#2521,1.);
#515=CIRCLE('',#2522,1.);
#516=CIRCLE('',#2523,1.);
#517=CIRCLE('',#2524,0.25);
#518=CIRCLE('',#2525,15.125);
#519=CIRCLE('',#2526,0.75);
#520=CIRCLE('',#2527,0.75);
#521=CIRCLE('',#2528,9.875);
#522=CIRCLE('',#2529,0.5);
#523=CIRCLE('',#2530,0.5);
#524=CIRCLE('',#2531,9.875);
#525=CIRCLE('',#2532,0.75);
#526=CIRCLE('',#2533,0.75);
#527=CIRCLE('',#2534,15.125);
#528=CIRCLE('',#2535,0.25);
#529=CIRCLE('',#2536,2.05);
#530=CIRCLE('',#2537,0.25);
#531=CIRCLE('',#2567,6.125);
#532=CIRCLE('',#2568,0.25);
#533=CIRCLE('',#2569,6.375);
#534=CIRCLE('',#2572,6.375);
#535=CIRCLE('',#2573,0.25);
#536=CIRCLE('',#2574,6.125);
#537=CIRCLE('',#2576,6.125);
#538=CIRCLE('',#2578,1.5);
#539=CIRCLE('',#2579,1.);
#540=CIRCLE('',#2580,1.);
#541=CIRCLE('',#2581,1.5);
#542=CIRCLE('',#2582,1.35);
#543=CIRCLE('',#2584,6.125);
#544=CIRCLE('',#2586,1.);
#545=CIRCLE('',#2587,1.6);
#546=CIRCLE('',#2589,6.125);
#547=CIRCLE('',#2590,0.25);
#548=CIRCLE('',#2591,6.375);
#549=CIRCLE('',#2594,6.375);
#550=CIRCLE('',#2595,0.25);
#551=CIRCLE('',#2596,6.125);
#552=CIRCLE('',#2598,6.125);
#553=CIRCLE('',#2600,6.125);
#554=CIRCLE('',#2602,1.);
#555=CIRCLE('',#2603,0.5);
#556=CIRCLE('',#2604,1.);
#557=CIRCLE('',#2605,1.);
#558=CIRCLE('',#2606,1.6);
#559=CIRCLE('',#2617,0.75);
#560=CIRCLE('',#2619,15.125);
#561=CIRCLE('',#2621,0.75);
#562=CIRCLE('',#2624,0.75);
#563=CIRCLE('',#2626,15.125);
#564=CIRCLE('',#2628,0.75);
#565=CIRCLE('',#2630,9.875);
#566=CIRCLE('',#2631,0.5);
#567=CIRCLE('',#2632,0.25);
#568=CIRCLE('',#2636,3.);
#569=CIRCLE('',#2637,3.);
#570=CIRCLE('',#2639,0.25);
#571=CIRCLE('',#2642,0.5);
#572=CIRCLE('',#2645,9.875);
#573=CIRCLE('',#2648,1.);
#574=CIRCLE('',#2649,1.);
#575=CIRCLE('',#2650,7.125);
#576=CIRCLE('',#2652,1.);
#577=CIRCLE('',#2653,0.5);
#578=CIRCLE('',#2654,1.);
#579=CIRCLE('',#2655,1.6);
#580=CIRCLE('',#2658,7.125);
#581=CIRCLE('',#2659,1.);
#582=CIRCLE('',#2661,1.);
#583=CIRCLE('',#2664,1.);
#584=CIRCLE('',#2665,1.);
#585=CIRCLE('',#2666,7.125);
#586=CIRCLE('',#2668,1.6);
#587=CIRCLE('',#2671,7.125);
#588=CIRCLE('',#2672,1.);
#589=CIRCLE('',#2676,1.);
#590=CIRCLE('',#2677,1.);
#591=CIRCLE('',#2678,1.);
#592=CIRCLE('',#2681,1.);
#593=CIRCLE('',#2683,0.5);
#594=CIRCLE('',#2686,1.);
#595=CIRCLE('',#2687,1.);
#596=CIRCLE('',#2690,1.);
#597=CIRCLE('',#2691,0.5);
#598=CIRCLE('',#2698,14.5);
#599=CIRCLE('',#2699,2.);
#600=CIRCLE('',#2702,3.);
#601=CIRCLE('',#2705,2.);
#602=CIRCLE('',#2706,14.5);
#603=CIRCLE('',#2708,1.);
#604=CIRCLE('',#2709,0.999999999999996);
#605=CIRCLE('',#2710,1.);
#606=CIRCLE('',#2711,2.);
#607=CIRCLE('',#2713,1.);
#608=CIRCLE('',#2714,13.5);
#609=CIRCLE('',#2715,14.5);
#610=CIRCLE('',#2716,0.999999999999999);
#611=CIRCLE('',#2717,1.);
#612=CIRCLE('',#2718,2.);
#613=CIRCLE('',#2721,2.);
#614=CIRCLE('',#2723,14.5);
#615=CIRCLE('',#2727,1.);
#616=CIRCLE('',#2728,0.999999999999998);
#617=CIRCLE('',#2729,1.);
#618=CIRCLE('',#2731,1.);
#619=CIRCLE('',#2732,13.5);
#620=CIRCLE('',#2733,0.999999999999996);
#621=CIRCLE('',#2734,1.);
#622=CIRCLE('',#2735,2.);
#623=CIRCLE('',#2740,3.);
#624=CIRCLE('',#2741,3.);
#625=CIRCLE('',#2743,3.);
#626=CIRCLE('',#2744,3.);
#627=CIRCLE('',#2749,1.6);
#628=CIRCLE('',#2752,3.);
#629=CIRCLE('',#2753,1.6);
#630=CIRCLE('',#2757,1.6);
#631=CIRCLE('',#2760,3.);
#632=CIRCLE('',#2761,1.6);
#633=LINE('',#3513,#812);
#634=LINE('',#3517,#813);
#635=LINE('',#3522,#814);
#636=LINE('',#3523,#815);
#637=LINE('',#3524,#816);
#638=LINE('',#3529,#817);
#639=LINE('',#3534,#818);
#640=LINE('',#3535,#819);
#641=LINE('',#3536,#820);
#642=LINE('',#3540,#821);
#643=LINE('',#3546,#822);
#644=LINE('',#3547,#823);
#645=LINE('',#3548,#824);
#646=LINE('',#3553,#825);
#647=LINE('',#3556,#826);
#648=LINE('',#3557,#827);
#649=LINE('',#3560,#828);
#650=LINE('',#3563,#829);
#651=LINE('',#3566,#830);
#652=LINE('',#3579,#831);
#653=LINE('',#3583,#832);
#654=LINE('',#3587,#833);
#655=LINE('',#3604,#834);
#656=LINE('',#3608,#835);
#657=LINE('',#3612,#836);
#658=LINE('',#3614,#837);
#659=LINE('',#3618,#838);
#660=LINE('',#3620,#839);
#661=LINE('',#3623,#840);
#662=LINE('',#3624,#841);
#663=LINE('',#3630,#842);
#664=LINE('',#3634,#843);
#665=LINE('',#3636,#844);
#666=LINE('',#3638,#845);
#667=LINE('',#3642,#846);
#668=LINE('',#3646,#847);
#669=LINE('',#3648,#848);
#670=LINE('',#3650,#849);
#671=LINE('',#3654,#850);
#672=LINE('',#3662,#851);
#673=LINE('',#3670,#852);
#674=LINE('',#3678,#853);
#675=LINE('',#3684,#854);
#676=LINE('',#3686,#855);
#677=LINE('',#3688,#856);
#678=LINE('',#3689,#857);
#679=LINE('',#3692,#858);
#680=LINE('',#3694,#859);
#681=LINE('',#3696,#860);
#682=LINE('',#3697,#861);
#683=LINE('',#3699,#862);
#684=LINE('',#3703,#863);
#685=LINE('',#3707,#864);
#686=LINE('',#3710,#865);
#687=LINE('',#3713,#866);
#688=LINE('',#3715,#867);
#689=LINE('',#3717,#868);
#690=LINE('',#3718,#869);
#691=LINE('',#3723,#870);
#692=LINE('',#3727,#871);
#693=LINE('',#3731,#872);
#694=LINE('',#3734,#873);
#695=LINE('',#3741,#874);
#696=LINE('',#3746,#875);
#697=LINE('',#3749,#876);
#698=LINE('',#3752,#877);
#699=LINE('',#3757,#878);
#700=LINE('',#3763,#879);
#701=LINE('',#3766,#880);
#702=LINE('',#3768,#881);
#703=LINE('',#3795,#882);
#704=LINE('',#3811,#883);
#705=LINE('',#3820,#884);
#706=LINE('',#3830,#885);
#707=LINE('',#3833,#886);
#708=LINE('',#3845,#887);
#709=LINE('',#3847,#888);
#710=LINE('',#3860,#889);
#711=LINE('',#3862,#890);
#712=LINE('',#3864,#891);
#713=LINE('',#3877,#892);
#714=LINE('',#3879,#893);
#715=LINE('',#3883,#894);
#716=LINE('',#3887,#895);
#717=LINE('',#3891,#896);
#718=LINE('',#3895,#897);
#719=LINE('',#3897,#898);
#720=LINE('',#3912,#899);
#721=LINE('',#3921,#900);
#722=LINE('',#3923,#901);
#723=LINE('',#3950,#902);
#724=LINE('',#3980,#903);
#725=LINE('',#3983,#904);
#726=LINE('',#3993,#905);
#727=LINE('',#3997,#906);
#728=LINE('',#3999,#907);
#729=LINE('',#4003,#908);
#730=LINE('',#4010,#909);
#731=LINE('',#4011,#910);
#732=LINE('',#4013,#911);
#733=LINE('',#4030,#912);
#734=LINE('',#4031,#913);
#735=LINE('',#4035,#914);
#736=LINE('',#4050,#915);
#737=LINE('',#4056,#916);
#738=LINE('',#4057,#917);
#739=LINE('',#4060,#918);
#740=LINE('',#4066,#919);
#741=LINE('',#4067,#920);
#742=LINE('',#4069,#921);
#743=LINE('',#4074,#922);
#744=LINE('',#4075,#923);
#745=LINE('',#4079,#924);
#746=LINE('',#4084,#925);
#747=LINE('',#4085,#926);
#748=LINE('',#4087,#927);
#749=LINE('',#4093,#928);
#750=LINE('',#4096,#929);
#751=LINE('',#4098,#930);
#752=LINE('',#4100,#931);
#753=LINE('',#4102,#932);
#754=LINE('',#4104,#933);
#755=LINE('',#4105,#934);
#756=LINE('',#4107,#935);
#757=LINE('',#4109,#936);
#758=LINE('',#4110,#937);
#759=LINE('',#4120,#938);
#760=LINE('',#4221,#939);
#761=LINE('',#4225,#940);
#762=LINE('',#4227,#941);
#763=LINE('',#4230,#942);
#764=LINE('',#4235,#943);
#765=LINE('',#4236,#944);
#766=LINE('',#4279,#945);
#767=LINE('',#4282,#946);
#768=LINE('',#4375,#947);
#769=LINE('',#4376,#948);
#770=LINE('',#4380,#949);
#771=LINE('',#4422,#950);
#772=LINE('',#4433,#951);
#773=LINE('',#4446,#952);
#774=LINE('',#4452,#953);
#775=LINE('',#4467,#954);
#776=LINE('',#4470,#955);
#777=LINE('',#4471,#956);
#778=LINE('',#4474,#957);
#779=LINE('',#4475,#958);
#780=LINE('',#4478,#959);
#781=LINE('',#4480,#960);
#782=LINE('',#4485,#961);
#783=LINE('',#4488,#962);
#784=LINE('',#4499,#963);
#785=LINE('',#4503,#964);
#786=LINE('',#4514,#965);
#787=LINE('',#4519,#966);
#788=LINE('',#4522,#967);
#789=LINE('',#4525,#968);
#790=LINE('',#4560,#969);
#791=LINE('',#4563,#970);
#792=LINE('',#4576,#971);
#793=LINE('',#4589,#972);
#794=LINE('',#4592,#973);
#795=LINE('',#4619,#974);
#796=LINE('',#4711,#975);
#797=LINE('',#4716,#976);
#798=LINE('',#4748,#977);
#799=LINE('',#4749,#978);
#800=LINE('',#4751,#979);
#801=LINE('',#4764,#980);
#802=LINE('',#4767,#981);
#803=LINE('',#4770,#982);
#804=LINE('',#4775,#983);
#805=LINE('',#4778,#984);
#806=LINE('',#4780,#985);
#807=LINE('',#4783,#986);
#808=LINE('',#4786,#987);
#809=LINE('',#4791,#988);
#810=LINE('',#4794,#989);
#811=LINE('',#4796,#990);
#812=VECTOR('',#2770,10.);
#813=VECTOR('',#2773,10.);
#814=VECTOR('',#2778,10.);
#815=VECTOR('',#2779,10.);
#816=VECTOR('',#2780,10.);
#817=VECTOR('',#2785,10.);
#818=VECTOR('',#2790,10.);
#819=VECTOR('',#2791,10.);
#820=VECTOR('',#2792,10.);
#821=VECTOR('',#2795,10.);
#822=VECTOR('',#2802,10.);
#823=VECTOR('',#2803,10.);
#824=VECTOR('',#2804,10.);
#825=VECTOR('',#2809,10.);
#826=VECTOR('',#2814,10.);
#827=VECTOR('',#2815,10.);
#828=VECTOR('',#2818,10.);
#829=VECTOR('',#2821,10.);
#830=VECTOR('',#2824,10.);
#831=VECTOR('',#2827,10.);
#832=VECTOR('',#2832,10.);
#833=VECTOR('',#2835,10.);
#834=VECTOR('',#2842,10.);
#835=VECTOR('',#2845,0.25);
#836=VECTOR('',#2850,0.25);
#837=VECTOR('',#2851,10.);
#838=VECTOR('',#2856,0.25);
#839=VECTOR('',#2857,10.);
#840=VECTOR('',#2862,0.25);
#841=VECTOR('',#2863,10.);
#842=VECTOR('',#2868,10.);
#843=VECTOR('',#2871,10.);
#844=VECTOR('',#2872,10.);
#845=VECTOR('',#2873,10.);
#846=VECTOR('',#2876,10.);
#847=VECTOR('',#2879,10.);
#848=VECTOR('',#2880,10.);
#849=VECTOR('',#2881,10.);
#850=VECTOR('',#2884,10.);
#851=VECTOR('',#2891,10.);
#852=VECTOR('',#2898,10.);
#853=VECTOR('',#2905,10.);
#854=VECTOR('',#2910,0.25);
#855=VECTOR('',#2911,0.25);
#856=VECTOR('',#2912,0.25);
#857=VECTOR('',#2913,0.25);
#858=VECTOR('',#2914,0.25);
#859=VECTOR('',#2915,0.25);
#860=VECTOR('',#2916,0.25);
#861=VECTOR('',#2917,0.25);
#862=VECTOR('',#2918,10.);
#863=VECTOR('',#2921,10.);
#864=VECTOR('',#2924,10.);
#865=VECTOR('',#2927,10.);
#866=VECTOR('',#2928,0.25);
#867=VECTOR('',#2929,0.25);
#868=VECTOR('',#2930,0.25);
#869=VECTOR('',#2931,0.25);
#870=VECTOR('',#2936,10.);
#871=VECTOR('',#2941,10.);
#872=VECTOR('',#2946,10.);
#873=VECTOR('',#2951,10.);
#874=VECTOR('',#2960,10.);
#875=VECTOR('',#2967,10.);
#876=VECTOR('',#2970,10.);
#877=VECTOR('',#2975,10.);
#878=VECTOR('',#2980,10.);
#879=VECTOR('',#2987,10.);
#880=VECTOR('',#2992,10.);
#881=VECTOR('',#2995,10.);
#882=VECTOR('',#3010,10.);
#883=VECTOR('',#3011,10.);
#884=VECTOR('',#3022,10.);
#885=VECTOR('',#3025,10.);
#886=VECTOR('',#3028,10.);
#887=VECTOR('',#3029,10.);
#888=VECTOR('',#3030,10.);
#889=VECTOR('',#3031,10.);
#890=VECTOR('',#3032,10.);
#891=VECTOR('',#3033,10.);
#892=VECTOR('',#3034,10.);
#893=VECTOR('',#3035,10.);
#894=VECTOR('',#3038,10.);
#895=VECTOR('',#3041,10.);
#896=VECTOR('',#3044,10.);
#897=VECTOR('',#3047,10.);
#898=VECTOR('',#3048,10.);
#899=VECTOR('',#3053,10.);
#900=VECTOR('',#3058,10.);
#901=VECTOR('',#3059,10.);
#902=VECTOR('',#3074,10.);
#903=VECTOR('',#3087,10.);
#904=VECTOR('',#3090,10.);
#905=VECTOR('',#3095,10.);
#906=VECTOR('',#3098,10.);
#907=VECTOR('',#3099,10.);
#908=VECTOR('',#3102,10.);
#909=VECTOR('',#3111,10.);
#910=VECTOR('',#3112,10.);
#911=VECTOR('',#3115,10.);
#912=VECTOR('',#3118,10.);
#913=VECTOR('',#3119,10.);
#914=VECTOR('',#3126,1.35);
#915=VECTOR('',#3131,10.);
#916=VECTOR('',#3138,10.);
#917=VECTOR('',#3139,10.);
#918=VECTOR('',#3142,10.);
#919=VECTOR('',#3149,10.);
#920=VECTOR('',#3150,10.);
#921=VECTOR('',#3153,10.);
#922=VECTOR('',#3158,10.);
#923=VECTOR('',#3159,10.);
#924=VECTOR('',#3164,10.);
#925=VECTOR('',#3169,10.);
#926=VECTOR('',#3170,10.);
#927=VECTOR('',#3173,10.);
#928=VECTOR('',#3178,10.);
#929=VECTOR('',#3183,10.);
#930=VECTOR('',#3186,10.);
#931=VECTOR('',#3189,10.);
#932=VECTOR('',#3190,10.);
#933=VECTOR('',#3191,10.);
#934=VECTOR('',#3192,10.);
#935=VECTOR('',#3193,10.);
#936=VECTOR('',#3194,10.);
#937=VECTOR('',#3195,10.);
#938=VECTOR('',#3208,10.);
#939=VECTOR('',#3231,10.);
#940=VECTOR('',#3234,10.);
#941=VECTOR('',#3235,10.);
#942=VECTOR('',#3238,10.);
#943=VECTOR('',#3243,10.);
#944=VECTOR('',#3244,10.);
#945=VECTOR('',#3253,10.);
#946=VECTOR('',#3258,10.);
#947=VECTOR('',#3269,10.);
#948=VECTOR('',#3270,10.);
#949=VECTOR('',#3275,10.);
#950=VECTOR('',#3284,10.);
#951=VECTOR('',#3301,10.);
#952=VECTOR('',#3308,10.);
#953=VECTOR('',#3317,10.);
#954=VECTOR('',#3326,10.);
#955=VECTOR('',#3331,10.);
#956=VECTOR('',#3332,10.);
#957=VECTOR('',#3337,10.);
#958=VECTOR('',#3338,10.);
#959=VECTOR('',#3341,10.);
#960=VECTOR('',#3342,10.);
#961=VECTOR('',#3347,10.);
#962=VECTOR('',#3350,10.);
#963=VECTOR('',#3353,10.);
#964=VECTOR('',#3358,10.);
#965=VECTOR('',#3361,10.);
#966=VECTOR('',#3366,10.);
#967=VECTOR('',#3369,10.);
#968=VECTOR('',#3372,10.);
#969=VECTOR('',#3395,10.);
#970=VECTOR('',#3398,10.);
#971=VECTOR('',#3399,10.);
#972=VECTOR('',#3400,10.);
#973=VECTOR('',#3405,10.);
#974=VECTOR('',#3406,10.);
#975=VECTOR('',#3411,10.);
#976=VECTOR('',#3418,10.);
#977=VECTOR('',#3437,10.);
#978=VECTOR('',#3438,10.);
#979=VECTOR('',#3441,10.);
#980=VECTOR('',#3462,3.);
#981=VECTOR('',#3465,2.3);
#982=VECTOR('',#3470,1.6);
#983=VECTOR('',#3475,2.3);
#984=VECTOR('',#3480,1.6);
#985=VECTOR('',#3483,3.);
#986=VECTOR('',#3486,2.3);
#987=VECTOR('',#3491,1.6);
#988=VECTOR('',#3496,2.3);
#989=VECTOR('',#3501,1.6);
#990=VECTOR('',#3504,3.);
#991=VERTEX_POINT('',#3511);
#992=VERTEX_POINT('',#3512);
#993=VERTEX_POINT('',#3514);
#994=VERTEX_POINT('',#3516);
#995=VERTEX_POINT('',#3520);
#996=VERTEX_POINT('',#3521);
#997=VERTEX_POINT('',#3526);
#998=VERTEX_POINT('',#3528);
#999=VERTEX_POINT('',#3532);
#1000=VERTEX_POINT('',#3533);
#1001=VERTEX_POINT('',#3538);
#1002=VERTEX_POINT('',#3539);
#1003=VERTEX_POINT('',#3544);
#1004=VERTEX_POINT('',#3545);
#1005=VERTEX_POINT('',#3550);
#1006=VERTEX_POINT('',#3552);
#1007=VERTEX_POINT('',#3559);
#1008=VERTEX_POINT('',#3561);
#1009=VERTEX_POINT('',#3565);
#1010=VERTEX_POINT('',#3578);
#1011=VERTEX_POINT('',#3582);
#1012=VERTEX_POINT('',#3584);
#1013=VERTEX_POINT('',#3586);
#1014=VERTEX_POINT('',#3599);
#1015=VERTEX_POINT('',#3602);
#1016=VERTEX_POINT('',#3603);
#1017=VERTEX_POINT('',#3605);
#1018=VERTEX_POINT('',#3607);
#1019=VERTEX_POINT('',#3611);
#1020=VERTEX_POINT('',#3613);
#1021=VERTEX_POINT('',#3617);
#1022=VERTEX_POINT('',#3619);
#1023=VERTEX_POINT('',#3626);
#1024=VERTEX_POINT('',#3627);
#1025=VERTEX_POINT('',#3629);
#1026=VERTEX_POINT('',#3631);
#1027=VERTEX_POINT('',#3633);
#1028=VERTEX_POINT('',#3635);
#1029=VERTEX_POINT('',#3637);
#1030=VERTEX_POINT('',#3639);
#1031=VERTEX_POINT('',#3641);
#1032=VERTEX_POINT('',#3643);
#1033=VERTEX_POINT('',#3645);
#1034=VERTEX_POINT('',#3647);
#1035=VERTEX_POINT('',#3649);
#1036=VERTEX_POINT('',#3651);
#1037=VERTEX_POINT('',#3653);
#1038=VERTEX_POINT('',#3655);
#1039=VERTEX_POINT('',#3657);
#1040=VERTEX_POINT('',#3659);
#1041=VERTEX_POINT('',#3661);
#1042=VERTEX_POINT('',#3663);
#1043=VERTEX_POINT('',#3665);
#1044=VERTEX_POINT('',#3667);
#1045=VERTEX_POINT('',#3669);
#1046=VERTEX_POINT('',#3671);
#1047=VERTEX_POINT('',#3673);
#1048=VERTEX_POINT('',#3675);
#1049=VERTEX_POINT('',#3677);
#1050=VERTEX_POINT('',#3679);
#1051=VERTEX_POINT('',#3682);
#1052=VERTEX_POINT('',#3683);
#1053=VERTEX_POINT('',#3685);
#1054=VERTEX_POINT('',#3687);
#1055=VERTEX_POINT('',#3690);
#1056=VERTEX_POINT('',#3691);
#1057=VERTEX_POINT('',#3693);
#1058=VERTEX_POINT('',#3695);
#1059=VERTEX_POINT('',#3698);
#1060=VERTEX_POINT('',#3700);
#1061=VERTEX_POINT('',#3702);
#1062=VERTEX_POINT('',#3704);
#1063=VERTEX_POINT('',#3706);
#1064=VERTEX_POINT('',#3708);
#1065=VERTEX_POINT('',#3711);
#1066=VERTEX_POINT('',#3712);
#1067=VERTEX_POINT('',#3714);
#1068=VERTEX_POINT('',#3716);
#1069=VERTEX_POINT('',#3720);
#1070=VERTEX_POINT('',#3722);
#1071=VERTEX_POINT('',#3726);
#1072=VERTEX_POINT('',#3730);
#1073=VERTEX_POINT('',#3738);
#1074=VERTEX_POINT('',#3740);
#1075=VERTEX_POINT('',#3744);
#1076=VERTEX_POINT('',#3748);
#1077=VERTEX_POINT('',#3754);
#1078=VERTEX_POINT('',#3756);
#1079=VERTEX_POINT('',#3760);
#1080=VERTEX_POINT('',#3762);
#1081=VERTEX_POINT('',#3772);
#1082=VERTEX_POINT('',#3773);
#1083=VERTEX_POINT('',#3775);
#1084=VERTEX_POINT('',#3777);
#1085=VERTEX_POINT('',#3794);
#1086=VERTEX_POINT('',#3796);
#1087=VERTEX_POINT('',#3813);
#1088=VERTEX_POINT('',#3815);
#1089=VERTEX_POINT('',#3819);
#1090=VERTEX_POINT('',#3821);
#1091=VERTEX_POINT('',#3828);
#1092=VERTEX_POINT('',#3832);
#1093=VERTEX_POINT('',#3834);
#1094=VERTEX_POINT('',#3846);
#1095=VERTEX_POINT('',#3848);
#1096=VERTEX_POINT('',#3859);
#1097=VERTEX_POINT('',#3861);
#1098=VERTEX_POINT('',#3863);
#1099=VERTEX_POINT('',#3865);
#1100=VERTEX_POINT('',#3876);
#1101=VERTEX_POINT('',#3878);
#1102=VERTEX_POINT('',#3880);
#1103=VERTEX_POINT('',#3882);
#1104=VERTEX_POINT('',#3884);
#1105=VERTEX_POINT('',#3886);
#1106=VERTEX_POINT('',#3888);
#1107=VERTEX_POINT('',#3890);
#1108=VERTEX_POINT('',#3892);
#1109=VERTEX_POINT('',#3894);
#1110=VERTEX_POINT('',#3896);
#1111=VERTEX_POINT('',#3908);
#1112=VERTEX_POINT('',#3911);
#1113=VERTEX_POINT('',#3913);
#1114=VERTEX_POINT('',#3922);
#1115=VERTEX_POINT('',#3925);
#1116=VERTEX_POINT('',#3928);
#1117=VERTEX_POINT('',#3930);
#1118=VERTEX_POINT('',#3932);
#1119=VERTEX_POINT('',#3949);
#1120=VERTEX_POINT('',#3966);
#1121=VERTEX_POINT('',#3968);
#1122=VERTEX_POINT('',#3972);
#1123=VERTEX_POINT('',#3978);
#1124=VERTEX_POINT('',#3982);
#1125=VERTEX_POINT('',#3984);
#1126=VERTEX_POINT('',#3992);
#1127=VERTEX_POINT('',#3994);
#1128=VERTEX_POINT('',#3996);
#1129=VERTEX_POINT('',#3998);
#1130=VERTEX_POINT('',#4000);
#1131=VERTEX_POINT('',#4002);
#1132=VERTEX_POINT('',#4004);
#1133=VERTEX_POINT('',#4007);
#1134=VERTEX_POINT('',#4015);
#1135=VERTEX_POINT('',#4016);
#1136=VERTEX_POINT('',#4023);
#1137=VERTEX_POINT('',#4036);
#1138=VERTEX_POINT('',#4053);
#1139=VERTEX_POINT('',#4054);
#1140=VERTEX_POINT('',#4059);
#1141=VERTEX_POINT('',#4063);
#1142=VERTEX_POINT('',#4064);
#1143=VERTEX_POINT('',#4071);
#1144=VERTEX_POINT('',#4072);
#1145=VERTEX_POINT('',#4077);
#1146=VERTEX_POINT('',#4081);
#1147=VERTEX_POINT('',#4082);
#1148=VERTEX_POINT('',#4088);
#1149=VERTEX_POINT('',#4090);
#1150=VERTEX_POINT('',#4092);
#1151=VERTEX_POINT('',#4101);
#1152=VERTEX_POINT('',#4103);
#1153=VERTEX_POINT('',#4106);
#1154=VERTEX_POINT('',#4108);
#1155=VERTEX_POINT('',#4111);
#1156=VERTEX_POINT('',#4113);
#1157=VERTEX_POINT('',#4119);
#1158=VERTEX_POINT('',#4127);
#1159=VERTEX_POINT('',#4129);
#1160=VERTEX_POINT('',#4218);
#1161=VERTEX_POINT('',#4220);
#1162=VERTEX_POINT('',#4222);
#1163=VERTEX_POINT('',#4224);
#1164=VERTEX_POINT('',#4226);
#1165=VERTEX_POINT('',#4228);
#1166=VERTEX_POINT('',#4231);
#1167=VERTEX_POINT('',#4234);
#1168=VERTEX_POINT('',#4238);
#1169=VERTEX_POINT('',#4278);
#1170=VERTEX_POINT('',#4284);
#1171=VERTEX_POINT('',#4286);
#1172=VERTEX_POINT('',#4377);
#1173=VERTEX_POINT('',#4382);
#1174=VERTEX_POINT('',#4425);
#1175=VERTEX_POINT('',#4431);
#1176=VERTEX_POINT('',#4435);
#1177=VERTEX_POINT('',#4448);
#1178=VERTEX_POINT('',#4454);
#1179=VERTEX_POINT('',#4456);
#1180=VERTEX_POINT('',#4477);
#1181=VERTEX_POINT('',#4479);
#1182=VERTEX_POINT('',#4481);
#1183=VERTEX_POINT('',#4483);
#1184=VERTEX_POINT('',#4487);
#1185=VERTEX_POINT('',#4498);
#1186=VERTEX_POINT('',#4502);
#1187=VERTEX_POINT('',#4513);
#1188=VERTEX_POINT('',#4515);
#1189=VERTEX_POINT('',#4517);
#1190=VERTEX_POINT('',#4521);
#1191=VERTEX_POINT('',#4523);
#1192=VERTEX_POINT('',#4535);
#1193=VERTEX_POINT('',#4536);
#1194=VERTEX_POINT('',#4541);
#1195=VERTEX_POINT('',#4542);
#1196=VERTEX_POINT('',#4555);
#1197=VERTEX_POINT('',#4562);
#1198=VERTEX_POINT('',#4564);
#1199=VERTEX_POINT('',#4575);
#1200=VERTEX_POINT('',#4577);
#1201=VERTEX_POINT('',#4588);
#1202=VERTEX_POINT('',#4593);
#1203=VERTEX_POINT('',#4618);
#1204=VERTEX_POINT('',#4621);
#1205=VERTEX_POINT('',#4640);
#1206=VERTEX_POINT('',#4665);
#1207=VERTEX_POINT('',#4684);
#1208=VERTEX_POINT('',#4714);
#1209=VERTEX_POINT('',#4726);
#1210=VERTEX_POINT('',#4730);
#1211=VERTEX_POINT('',#4742);
#1212=VERTEX_POINT('',#4743);
#1213=VERTEX_POINT('',#4754);
#1214=VERTEX_POINT('',#4758);
#1215=VERTEX_POINT('',#4766);
#1216=VERTEX_POINT('',#4772);
#1217=VERTEX_POINT('',#4774);
#1218=VERTEX_POINT('',#4782);
#1219=VERTEX_POINT('',#4788);
#1220=VERTEX_POINT('',#4790);
#1221=EDGE_CURVE('',#991,#992,#633,.T.);
#1222=EDGE_CURVE('',#992,#993,#502,.T.);
#1223=EDGE_CURVE('',#993,#994,#634,.T.);
#1224=EDGE_CURVE('',#994,#991,#503,.T.);
#1225=EDGE_CURVE('',#995,#996,#635,.T.);
#1226=EDGE_CURVE('',#996,#992,#636,.T.);
#1227=EDGE_CURVE('',#991,#995,#637,.T.);
#1228=EDGE_CURVE('',#995,#997,#504,.T.);
#1229=EDGE_CURVE('',#997,#998,#638,.T.);
#1230=EDGE_CURVE('',#998,#996,#505,.T.);
#1231=EDGE_CURVE('',#999,#1000,#639,.T.);
#1232=EDGE_CURVE('',#1000,#998,#640,.T.);
#1233=EDGE_CURVE('',#997,#999,#641,.T.);
#1234=EDGE_CURVE('',#1001,#1002,#642,.T.);
#1235=EDGE_CURVE('',#1002,#1000,#506,.T.);
#1236=EDGE_CURVE('',#999,#1001,#507,.T.);
#1237=EDGE_CURVE('',#1003,#1004,#643,.T.);
#1238=EDGE_CURVE('',#1004,#1002,#644,.T.);
#1239=EDGE_CURVE('',#1001,#1003,#645,.T.);
#1240=EDGE_CURVE('',#1003,#1005,#508,.T.);
#1241=EDGE_CURVE('',#1005,#1006,#646,.T.);
#1242=EDGE_CURVE('',#1006,#1004,#509,.T.);
#1243=EDGE_CURVE('',#993,#1006,#647,.T.);
#1244=EDGE_CURVE('',#1005,#994,#648,.T.);
#1245=EDGE_CURVE('',#1007,#997,#649,.T.);
#1246=EDGE_CURVE('',#1007,#1008,#154,.T.);
#1247=EDGE_CURVE('',#999,#1008,#650,.T.);
#1248=EDGE_CURVE('',#995,#1009,#651,.T.);
#1249=EDGE_CURVE('',#1009,#1007,#50,.T.);
#1250=EDGE_CURVE('',#991,#1010,#652,.T.);
#1251=EDGE_CURVE('',#1010,#1009,#155,.T.);
#1252=EDGE_CURVE('',#994,#1011,#653,.T.);
#1253=EDGE_CURVE('',#1012,#1011,#510,.T.);
#1254=EDGE_CURVE('',#1013,#1012,#654,.T.);
#1255=EDGE_CURVE('',#1013,#1010,#51,.T.);
#1256=EDGE_CURVE('',#1014,#1014,#511,.T.);
#1257=EDGE_CURVE('',#1015,#1016,#655,.T.);
#1258=EDGE_CURVE('',#1015,#1017,#156,.T.);
#1259=EDGE_CURVE('',#1017,#1018,#656,.T.);
#1260=EDGE_CURVE('',#1018,#1016,#157,.T.);
#1261=EDGE_CURVE('',#1019,#1017,#657,.T.);
#1262=EDGE_CURVE('',#1020,#1015,#658,.T.);
#1263=EDGE_CURVE('',#1020,#1019,#158,.T.);
#1264=EDGE_CURVE('',#1021,#1019,#659,.T.);
#1265=EDGE_CURVE('',#1022,#1020,#660,.T.);
#1266=EDGE_CURVE('',#1022,#1021,#159,.T.);
#1267=EDGE_CURVE('',#1018,#1021,#661,.T.);
#1268=EDGE_CURVE('',#1016,#1022,#662,.T.);
#1269=EDGE_CURVE('',#1023,#1024,#512,.T.);
#1270=EDGE_CURVE('',#1023,#1025,#663,.T.);
#1271=EDGE_CURVE('',#1026,#1025,#513,.T.);
#1272=EDGE_CURVE('',#1027,#1026,#664,.T.);
#1273=EDGE_CURVE('',#1028,#1027,#665,.T.);
#1274=EDGE_CURVE('',#1028,#1029,#666,.T.);
#1275=EDGE_CURVE('',#1030,#1029,#514,.T.);
#1276=EDGE_CURVE('',#1030,#1031,#667,.T.);
#1277=EDGE_CURVE('',#1032,#1031,#515,.T.);
#1278=EDGE_CURVE('',#1032,#1033,#668,.T.);
#1279=EDGE_CURVE('',#1034,#1033,#669,.T.);
#1280=EDGE_CURVE('',#1035,#1034,#670,.T.);
#1281=EDGE_CURVE('',#1036,#1035,#516,.T.);
#1282=EDGE_CURVE('',#1036,#1037,#671,.T.);
#1283=EDGE_CURVE('',#1038,#1037,#517,.T.);
#1284=EDGE_CURVE('',#1038,#1039,#518,.T.);
#1285=EDGE_CURVE('',#1040,#1039,#519,.T.);
#1286=EDGE_CURVE('',#1040,#1041,#672,.T.);
#1287=EDGE_CURVE('',#1042,#1041,#520,.T.);
#1288=EDGE_CURVE('',#1042,#1043,#521,.T.);
#1289=EDGE_CURVE('',#1044,#1043,#522,.T.);
#1290=EDGE_CURVE('',#1044,#1045,#673,.T.);
#1291=EDGE_CURVE('',#1046,#1045,#523,.T.);
#1292=EDGE_CURVE('',#1046,#1047,#524,.T.);
#1293=EDGE_CURVE('',#1048,#1047,#525,.T.);
#1294=EDGE_CURVE('',#1048,#1049,#674,.T.);
#1295=EDGE_CURVE('',#1050,#1049,#526,.T.);
#1296=EDGE_CURVE('',#1050,#1024,#527,.T.);
#1297=EDGE_CURVE('',#1051,#1052,#675,.T.);
#1298=EDGE_CURVE('',#1053,#1051,#676,.T.);
#1299=EDGE_CURVE('',#1054,#1053,#677,.T.);
#1300=EDGE_CURVE('',#1052,#1054,#678,.T.);
#1301=EDGE_CURVE('',#1055,#1056,#679,.T.);
#1302=EDGE_CURVE('',#1057,#1055,#680,.T.);
#1303=EDGE_CURVE('',#1058,#1057,#681,.T.);
#1304=EDGE_CURVE('',#1056,#1058,#682,.T.);
#1305=EDGE_CURVE('',#1011,#1059,#683,.T.);
#1306=EDGE_CURVE('',#1060,#1059,#528,.T.);
#1307=EDGE_CURVE('',#1060,#1061,#684,.T.);
#1308=EDGE_CURVE('',#1061,#1062,#529,.T.);
#1309=EDGE_CURVE('',#1062,#1063,#685,.T.);
#1310=EDGE_CURVE('',#1064,#1063,#530,.T.);
#1311=EDGE_CURVE('',#1064,#1012,#686,.T.);
#1312=EDGE_CURVE('',#1065,#1066,#687,.T.);
#1313=EDGE_CURVE('',#1067,#1065,#688,.T.);
#1314=EDGE_CURVE('',#1068,#1067,#689,.T.);
#1315=EDGE_CURVE('',#1066,#1068,#690,.T.);
#1316=EDGE_CURVE('',#1052,#1069,#160,.T.);
#1317=EDGE_CURVE('',#1070,#1069,#691,.T.);
#1318=EDGE_CURVE('',#1070,#1051,#161,.T.);
#1319=EDGE_CURVE('',#1069,#1071,#692,.T.);
#1320=EDGE_CURVE('',#1071,#1054,#162,.T.);
#1321=EDGE_CURVE('',#1072,#1070,#693,.T.);
#1322=EDGE_CURVE('',#1072,#1053,#163,.T.);
#1323=EDGE_CURVE('',#1071,#1072,#694,.T.);
#1324=EDGE_CURVE('',#1066,#1073,#164,.T.);
#1325=EDGE_CURVE('',#1073,#1074,#695,.T.);
#1326=EDGE_CURVE('',#1074,#1065,#165,.T.);
#1327=EDGE_CURVE('',#1068,#1075,#166,.T.);
#1328=EDGE_CURVE('',#1075,#1073,#696,.T.);
#1329=EDGE_CURVE('',#1076,#1075,#697,.T.);
#1330=EDGE_CURVE('',#1067,#1076,#167,.T.);
#1331=EDGE_CURVE('',#1074,#1076,#698,.T.);
#1332=EDGE_CURVE('',#1057,#1077,#168,.T.);
#1333=EDGE_CURVE('',#1077,#1078,#699,.T.);
#1334=EDGE_CURVE('',#1058,#1078,#169,.T.);
#1335=EDGE_CURVE('',#1056,#1079,#170,.T.);
#1336=EDGE_CURVE('',#1079,#1080,#700,.T.);
#1337=EDGE_CURVE('',#1080,#1055,#171,.T.);
#1338=EDGE_CURVE('',#1078,#1079,#701,.T.);
#1339=EDGE_CURVE('',#1080,#1077,#702,.T.);
#1340=EDGE_CURVE('',#1081,#1082,#531,.T.);
#1341=EDGE_CURVE('',#1082,#1083,#532,.T.);
#1342=EDGE_CURVE('',#1083,#1084,#533,.T.);
#1343=EDGE_CURVE('',#1084,#1081,#52,.T.);
#1344=EDGE_CURVE('',#1084,#1085,#703,.T.);
#1345=EDGE_CURVE('',#1085,#1086,#53,.T.);
#1346=EDGE_CURVE('',#1086,#1081,#704,.T.);
#1347=EDGE_CURVE('',#1085,#1087,#534,.T.);
#1348=EDGE_CURVE('',#1087,#1088,#535,.T.);
#1349=EDGE_CURVE('',#1088,#1086,#536,.T.);
#1350=EDGE_CURVE('',#1081,#1089,#705,.T.);
#1351=EDGE_CURVE('',#1090,#1089,#54,.T.);
#1352=EDGE_CURVE('',#1091,#1090,#537,.T.);
#1353=EDGE_CURVE('',#1082,#1091,#706,.T.);
#1354=EDGE_CURVE('',#1092,#1086,#707,.T.);
#1355=EDGE_CURVE('',#1093,#1092,#55,.F.);
#1356=EDGE_CURVE('',#1031,#1093,#708,.T.);
#1357=EDGE_CURVE('',#1094,#1030,#709,.T.);
#1358=EDGE_CURVE('',#1095,#1094,#56,.F.);
#1359=EDGE_CURVE('',#1096,#1095,#710,.T.);
#1360=EDGE_CURVE('',#1097,#1096,#711,.T.);
#1361=EDGE_CURVE('',#1098,#1097,#712,.T.);
#1362=EDGE_CURVE('',#1099,#1098,#57,.F.);
#1363=EDGE_CURVE('',#1100,#1099,#713,.T.);
#1364=EDGE_CURVE('',#1101,#1100,#714,.T.);
#1365=EDGE_CURVE('',#1102,#1101,#538,.T.);
#1366=EDGE_CURVE('',#1102,#1103,#715,.T.);
#1367=EDGE_CURVE('',#1104,#1103,#539,.T.);
#1368=EDGE_CURVE('',#1104,#1105,#716,.T.);
#1369=EDGE_CURVE('',#1106,#1105,#540,.T.);
#1370=EDGE_CURVE('',#1106,#1107,#717,.T.);
#1371=EDGE_CURVE('',#1108,#1107,#541,.T.);
#1372=EDGE_CURVE('',#1109,#1108,#718,.T.);
#1373=EDGE_CURVE('',#1110,#1109,#719,.T.);
#1374=EDGE_CURVE('',#1089,#1110,#58,.F.);
#1375=EDGE_CURVE('',#1111,#1111,#542,.T.);
#1376=EDGE_CURVE('',#1088,#1112,#720,.T.);
#1377=EDGE_CURVE('',#1113,#1112,#543,.T.);
#1378=EDGE_CURVE('',#1092,#1113,#59,.T.);
#1379=EDGE_CURVE('',#1034,#1087,#721,.T.);
#1380=EDGE_CURVE('',#1033,#1114,#722,.T.);
#1381=EDGE_CURVE('',#1112,#1114,#544,.T.);
#1382=EDGE_CURVE('',#1115,#1115,#545,.T.);
#1383=EDGE_CURVE('',#1096,#1116,#546,.T.);
#1384=EDGE_CURVE('',#1116,#1117,#547,.T.);
#1385=EDGE_CURVE('',#1117,#1118,#548,.T.);
#1386=EDGE_CURVE('',#1118,#1096,#60,.T.);
#1387=EDGE_CURVE('',#1118,#1119,#723,.T.);
#1388=EDGE_CURVE('',#1119,#1097,#61,.T.);
#1389=EDGE_CURVE('',#1119,#1120,#549,.T.);
#1390=EDGE_CURVE('',#1120,#1121,#550,.T.);
#1391=EDGE_CURVE('',#1121,#1097,#551,.T.);
#1392=EDGE_CURVE('',#1122,#1095,#62,.T.);
#1393=EDGE_CURVE('',#1123,#1122,#552,.T.);
#1394=EDGE_CURVE('',#1123,#1116,#724,.T.);
#1395=EDGE_CURVE('',#1124,#1121,#725,.T.);
#1396=EDGE_CURVE('',#1125,#1124,#553,.T.);
#1397=EDGE_CURVE('',#1098,#1125,#63,.T.);
#1398=EDGE_CURVE('',#1126,#1120,#726,.T.);
#1399=EDGE_CURVE('',#1127,#1126,#554,.T.);
#1400=EDGE_CURVE('',#1128,#1127,#727,.T.);
#1401=EDGE_CURVE('',#1128,#1129,#728,.T.);
#1402=EDGE_CURVE('',#1130,#1129,#555,.T.);
#1403=EDGE_CURVE('',#1130,#1131,#729,.T.);
#1404=EDGE_CURVE('',#1132,#1131,#556,.T.);
#1405=EDGE_CURVE('',#1124,#1132,#557,.T.);
#1406=EDGE_CURVE('',#1133,#1133,#558,.T.);
#1407=EDGE_CURVE('',#1003,#1060,#730,.T.);
#1408=EDGE_CURVE('',#1059,#1005,#731,.T.);
#1409=EDGE_CURVE('',#1001,#1061,#732,.T.);
#1410=EDGE_CURVE('',#1134,#1135,#64,.T.);
#1411=EDGE_CURVE('',#1135,#1136,#65,.T.);
#1412=EDGE_CURVE('',#1136,#1064,#733,.T.);
#1413=EDGE_CURVE('',#1063,#1134,#734,.T.);
#1414=EDGE_CURVE('',#1136,#1013,#172,.T.);
#1415=EDGE_CURVE('',#1111,#1135,#735,.T.);
#1416=EDGE_CURVE('',#1137,#1134,#173,.T.);
#1417=EDGE_CURVE('',#1008,#1137,#66,.T.);
#1418=EDGE_CURVE('',#1137,#1062,#736,.T.);
#1419=EDGE_CURVE('',#1138,#1139,#559,.T.);
#1420=EDGE_CURVE('',#1138,#1040,#737,.T.);
#1421=EDGE_CURVE('',#1039,#1139,#738,.T.);
#1422=EDGE_CURVE('',#1140,#1038,#739,.T.);
#1423=EDGE_CURVE('',#1140,#1139,#560,.T.);
#1424=EDGE_CURVE('',#1141,#1142,#561,.T.);
#1425=EDGE_CURVE('',#1141,#1042,#740,.T.);
#1426=EDGE_CURVE('',#1041,#1142,#741,.T.);
#1427=EDGE_CURVE('',#1138,#1142,#742,.T.);
#1428=EDGE_CURVE('',#1143,#1144,#562,.T.);
#1429=EDGE_CURVE('',#1143,#1050,#743,.T.);
#1430=EDGE_CURVE('',#1049,#1144,#744,.T.);
#1431=EDGE_CURVE('',#1143,#1145,#563,.T.);
#1432=EDGE_CURVE('',#1024,#1145,#745,.T.);
#1433=EDGE_CURVE('',#1146,#1147,#564,.T.);
#1434=EDGE_CURVE('',#1146,#1048,#746,.T.);
#1435=EDGE_CURVE('',#1047,#1147,#747,.T.);
#1436=EDGE_CURVE('',#1146,#1144,#748,.T.);
#1437=EDGE_CURVE('',#1148,#1147,#565,.T.);
#1438=EDGE_CURVE('',#1149,#1148,#566,.F.);
#1439=EDGE_CURVE('',#1150,#1149,#749,.T.);
#1440=EDGE_CURVE('',#1145,#1150,#567,.F.);
#1441=EDGE_CURVE('',#1148,#1046,#750,.T.);
#1442=EDGE_CURVE('',#1150,#1023,#751,.T.);
#1443=EDGE_CURVE('',#1045,#1149,#752,.T.);
#1444=EDGE_CURVE('',#1151,#1044,#753,.T.);
#1445=EDGE_CURVE('',#1151,#1152,#754,.T.);
#1446=EDGE_CURVE('',#1037,#1152,#755,.T.);
#1447=EDGE_CURVE('',#1153,#1036,#756,.T.);
#1448=EDGE_CURVE('',#1154,#1153,#757,.T.);
#1449=EDGE_CURVE('',#1025,#1154,#758,.T.);
#1450=EDGE_CURVE('',#1155,#1155,#568,.T.);
#1451=EDGE_CURVE('',#1156,#1156,#569,.T.);
#1452=EDGE_CURVE('',#1152,#1140,#570,.F.);
#1453=EDGE_CURVE('',#1043,#1157,#759,.T.);
#1454=EDGE_CURVE('',#1157,#1151,#571,.F.);
#1455=EDGE_CURVE('',#1141,#1157,#572,.T.);
#1456=EDGE_CURVE('',#1158,#1091,#573,.T.);
#1457=EDGE_CURVE('',#1090,#1159,#574,.T.);
#1458=EDGE_CURVE('',#1159,#1158,#575,.T.);
#1459=EDGE_CURVE('',#1110,#1159,#67,.T.);
#1460=EDGE_CURVE('',#1160,#1158,#576,.T.);
#1461=EDGE_CURVE('',#1160,#1161,#760,.T.);
#1462=EDGE_CURVE('',#1162,#1161,#577,.T.);
#1463=EDGE_CURVE('',#1162,#1163,#761,.T.);
#1464=EDGE_CURVE('',#1164,#1163,#762,.T.);
#1465=EDGE_CURVE('',#1165,#1164,#578,.T.);
#1466=EDGE_CURVE('',#1083,#1165,#763,.T.);
#1467=EDGE_CURVE('',#1166,#1166,#579,.T.);
#1468=EDGE_CURVE('',#1167,#1159,#764,.T.);
#1469=EDGE_CURVE('',#1158,#1167,#765,.T.);
#1470=EDGE_CURVE('',#1132,#1168,#580,.T.);
#1471=EDGE_CURVE('',#1168,#1125,#581,.T.);
#1472=EDGE_CURVE('',#1168,#1099,#68,.T.);
#1473=EDGE_CURVE('',#1168,#1169,#766,.T.);
#1474=EDGE_CURVE('',#1169,#1100,#582,.F.);
#1475=EDGE_CURVE('',#1169,#1132,#767,.T.);
#1476=EDGE_CURVE('',#1170,#1123,#583,.T.);
#1477=EDGE_CURVE('',#1122,#1171,#584,.T.);
#1478=EDGE_CURVE('',#1171,#1170,#585,.T.);
#1479=EDGE_CURVE('',#1094,#1171,#69,.T.);
#1480=EDGE_CURVE('',#1170,#1028,#768,.T.);
#1481=EDGE_CURVE('',#1117,#1027,#769,.T.);
#1482=EDGE_CURVE('',#1172,#1172,#586,.T.);
#1483=EDGE_CURVE('',#1029,#1171,#770,.T.);
#1484=EDGE_CURVE('',#1114,#1173,#587,.T.);
#1485=EDGE_CURVE('',#1173,#1113,#588,.T.);
#1486=EDGE_CURVE('',#1173,#1093,#70,.T.);
#1487=EDGE_CURVE('',#1173,#1032,#771,.T.);
#1488=EDGE_CURVE('',#1167,#1174,#589,.F.);
#1489=EDGE_CURVE('',#1109,#1167,#590,.F.);
#1490=EDGE_CURVE('',#1174,#1109,#591,.F.);
#1491=EDGE_CURVE('',#1108,#1175,#592,.T.);
#1492=EDGE_CURVE('',#1175,#1174,#772,.T.);
#1493=EDGE_CURVE('',#1107,#1176,#71,.T.);
#1494=EDGE_CURVE('',#1176,#1175,#593,.T.);
#1495=EDGE_CURVE('',#1174,#1160,#773,.T.);
#1496=EDGE_CURVE('',#1100,#1177,#594,.F.);
#1497=EDGE_CURVE('',#1177,#1169,#595,.F.);
#1498=EDGE_CURVE('',#1131,#1177,#774,.T.);
#1499=EDGE_CURVE('',#1101,#1178,#596,.T.);
#1500=EDGE_CURVE('',#1178,#1179,#597,.T.);
#1501=EDGE_CURVE('',#1179,#1102,#72,.T.);
#1502=EDGE_CURVE('',#1177,#1178,#775,.T.);
#1503=EDGE_CURVE('',#1178,#1130,#776,.T.);
#1504=EDGE_CURVE('',#1129,#1179,#777,.T.);
#1505=EDGE_CURVE('',#1176,#1162,#778,.T.);
#1506=EDGE_CURVE('',#1161,#1175,#779,.T.);
#1507=EDGE_CURVE('',#1180,#1106,#780,.T.);
#1508=EDGE_CURVE('',#1180,#1181,#781,.T.);
#1509=EDGE_CURVE('',#1182,#1181,#598,.T.);
#1510=EDGE_CURVE('',#1183,#1182,#599,.T.);
#1511=EDGE_CURVE('',#1163,#1183,#782,.T.);
#1512=EDGE_CURVE('',#1105,#1184,#783,.T.);
#1513=EDGE_CURVE('',#1184,#1180,#73,.T.);
#1514=EDGE_CURVE('',#1185,#1104,#784,.T.);
#1515=EDGE_CURVE('',#1184,#1185,#600,.T.);
#1516=EDGE_CURVE('',#1103,#1186,#785,.T.);
#1517=EDGE_CURVE('',#1186,#1185,#74,.T.);
#1518=EDGE_CURVE('',#1187,#1128,#786,.T.);
#1519=EDGE_CURVE('',#1188,#1187,#601,.T.);
#1520=EDGE_CURVE('',#1189,#1188,#602,.T.);
#1521=EDGE_CURVE('',#1186,#1189,#787,.T.);
#1522=EDGE_CURVE('',#1164,#1190,#788,.T.);
#1523=EDGE_CURVE('',#1190,#1191,#603,.T.);
#1524=EDGE_CURVE('',#1191,#1165,#789,.T.);
#1525=EDGE_CURVE('',#1192,#1193,#604,.T.);
#1526=EDGE_CURVE('',#1193,#1191,#605,.T.);
#1527=EDGE_CURVE('',#1190,#1192,#606,.T.);
#1528=EDGE_CURVE('',#1194,#1195,#607,.T.);
#1529=EDGE_CURVE('',#1195,#1193,#608,.T.);
#1530=EDGE_CURVE('',#1192,#1194,#609,.T.);
#1531=EDGE_CURVE('',#1153,#1196,#610,.T.);
#1532=EDGE_CURVE('',#1196,#1195,#611,.T.);
#1533=EDGE_CURVE('',#1194,#1153,#612,.T.);
#1534=EDGE_CURVE('',#1035,#1196,#790,.T.);
#1535=EDGE_CURVE('',#1194,#1197,#791,.T.);
#1536=EDGE_CURVE('',#1197,#1198,#75,.T.);
#1537=EDGE_CURVE('',#1198,#1199,#792,.T.);
#1538=EDGE_CURVE('',#1199,#1200,#76,.T.);
#1539=EDGE_CURVE('',#1200,#1201,#793,.T.);
#1540=EDGE_CURVE('',#1154,#1201,#613,.T.);
#1541=EDGE_CURVE('',#1182,#1192,#794,.T.);
#1542=EDGE_CURVE('',#1181,#1202,#77,.T.);
#1543=EDGE_CURVE('',#1202,#1189,#78,.T.);
#1544=EDGE_CURVE('',#1203,#1188,#795,.T.);
#1545=EDGE_CURVE('',#1201,#1203,#614,.T.);
#1546=EDGE_CURVE('',#1200,#1204,#79,.T.);
#1547=EDGE_CURVE('',#1204,#1205,#80,.T.);
#1548=EDGE_CURVE('',#1205,#1199,#81,.T.);
#1549=EDGE_CURVE('',#1198,#1206,#82,.T.);
#1550=EDGE_CURVE('',#1206,#1207,#83,.T.);
#1551=EDGE_CURVE('',#1207,#1197,#84,.T.);
#1552=EDGE_CURVE('',#1190,#1183,#796,.T.);
#1553=EDGE_CURVE('',#1154,#1208,#615,.T.);
#1554=EDGE_CURVE('',#1208,#1026,#797,.T.);
#1555=EDGE_CURVE('',#1201,#1209,#616,.T.);
#1556=EDGE_CURVE('',#1209,#1208,#617,.T.);
#1557=EDGE_CURVE('',#1203,#1210,#618,.T.);
#1558=EDGE_CURVE('',#1210,#1209,#619,.T.);
#1559=EDGE_CURVE('',#1211,#1212,#620,.T.);
#1560=EDGE_CURVE('',#1212,#1210,#621,.T.);
#1561=EDGE_CURVE('',#1203,#1211,#622,.T.);
#1562=EDGE_CURVE('',#1126,#1212,#798,.T.);
#1563=EDGE_CURVE('',#1211,#1127,#799,.T.);
#1564=EDGE_CURVE('',#1187,#1211,#800,.T.);
#1565=EDGE_CURVE('',#1213,#1205,#623,.T.);
#1566=EDGE_CURVE('',#1204,#1213,#624,.T.);
#1567=EDGE_CURVE('',#1207,#1214,#625,.T.);
#1568=EDGE_CURVE('',#1214,#1206,#626,.T.);
#1569=EDGE_CURVE('',#1186,#1014,#801,.T.);
#1570=EDGE_CURVE('',#1214,#1215,#802,.T.);
#1571=EDGE_CURVE('',#1215,#1215,#627,.T.);
#1572=EDGE_CURVE('',#1215,#1166,#803,.T.);
#1573=EDGE_CURVE('',#1216,#1216,#628,.T.);
#1574=EDGE_CURVE('',#1216,#1217,#804,.T.);
#1575=EDGE_CURVE('',#1217,#1217,#629,.T.);
#1576=EDGE_CURVE('',#1217,#1115,#805,.T.);
#1577=EDGE_CURVE('',#1155,#1216,#806,.T.);
#1578=EDGE_CURVE('',#1213,#1218,#807,.T.);
#1579=EDGE_CURVE('',#1218,#1218,#630,.T.);
#1580=EDGE_CURVE('',#1218,#1133,#808,.T.);
#1581=EDGE_CURVE('',#1219,#1219,#631,.T.);
#1582=EDGE_CURVE('',#1219,#1220,#809,.T.);
#1583=EDGE_CURVE('',#1220,#1220,#632,.T.);
#1584=EDGE_CURVE('',#1220,#1172,#810,.T.);
#1585=EDGE_CURVE('',#1156,#1219,#811,.T.);
#1586=ORIENTED_EDGE('',*,*,#1221,.T.);
#1587=ORIENTED_EDGE('',*,*,#1222,.T.);
#1588=ORIENTED_EDGE('',*,*,#1223,.T.);
#1589=ORIENTED_EDGE('',*,*,#1224,.T.);
#1590=ORIENTED_EDGE('',*,*,#1225,.T.);
#1591=ORIENTED_EDGE('',*,*,#1226,.T.);
#1592=ORIENTED_EDGE('',*,*,#1221,.F.);
#1593=ORIENTED_EDGE('',*,*,#1227,.T.);
#1594=ORIENTED_EDGE('',*,*,#1225,.F.);
#1595=ORIENTED_EDGE('',*,*,#1228,.T.);
#1596=ORIENTED_EDGE('',*,*,#1229,.T.);
#1597=ORIENTED_EDGE('',*,*,#1230,.T.);
#1598=ORIENTED_EDGE('',*,*,#1231,.T.);
#1599=ORIENTED_EDGE('',*,*,#1232,.T.);
#1600=ORIENTED_EDGE('',*,*,#1229,.F.);
#1601=ORIENTED_EDGE('',*,*,#1233,.T.);
#1602=ORIENTED_EDGE('',*,*,#1234,.T.);
#1603=ORIENTED_EDGE('',*,*,#1235,.T.);
#1604=ORIENTED_EDGE('',*,*,#1231,.F.);
#1605=ORIENTED_EDGE('',*,*,#1236,.T.);
#1606=ORIENTED_EDGE('',*,*,#1237,.T.);
#1607=ORIENTED_EDGE('',*,*,#1238,.T.);
#1608=ORIENTED_EDGE('',*,*,#1234,.F.);
#1609=ORIENTED_EDGE('',*,*,#1239,.T.);
#1610=ORIENTED_EDGE('',*,*,#1237,.F.);
#1611=ORIENTED_EDGE('',*,*,#1240,.T.);
#1612=ORIENTED_EDGE('',*,*,#1241,.T.);
#1613=ORIENTED_EDGE('',*,*,#1242,.T.);
#1614=ORIENTED_EDGE('',*,*,#1223,.F.);
#1615=ORIENTED_EDGE('',*,*,#1243,.T.);
#1616=ORIENTED_EDGE('',*,*,#1241,.F.);
#1617=ORIENTED_EDGE('',*,*,#1244,.T.);
#1618=ORIENTED_EDGE('',*,*,#1233,.F.);
#1619=ORIENTED_EDGE('',*,*,#1245,.F.);
#1620=ORIENTED_EDGE('',*,*,#1246,.T.);
#1621=ORIENTED_EDGE('',*,*,#1247,.F.);
#1622=ORIENTED_EDGE('',*,*,#1228,.F.);
#1623=ORIENTED_EDGE('',*,*,#1248,.T.);
#1624=ORIENTED_EDGE('',*,*,#1249,.T.);
#1625=ORIENTED_EDGE('',*,*,#1245,.T.);
#1626=ORIENTED_EDGE('',*,*,#1227,.F.);
#1627=ORIENTED_EDGE('',*,*,#1250,.T.);
#1628=ORIENTED_EDGE('',*,*,#1251,.T.);
#1629=ORIENTED_EDGE('',*,*,#1248,.F.);
#1630=ORIENTED_EDGE('',*,*,#1224,.F.);
#1631=ORIENTED_EDGE('',*,*,#1252,.T.);
#1632=ORIENTED_EDGE('',*,*,#1253,.F.);
#1633=ORIENTED_EDGE('',*,*,#1254,.F.);
#1634=ORIENTED_EDGE('',*,*,#1255,.T.);
#1635=ORIENTED_EDGE('',*,*,#1250,.F.);
#1636=ORIENTED_EDGE('',*,*,#1256,.F.);
#1637=ORIENTED_EDGE('',*,*,#1222,.F.);
#1638=ORIENTED_EDGE('',*,*,#1226,.F.);
#1639=ORIENTED_EDGE('',*,*,#1230,.F.);
#1640=ORIENTED_EDGE('',*,*,#1232,.F.);
#1641=ORIENTED_EDGE('',*,*,#1235,.F.);
#1642=ORIENTED_EDGE('',*,*,#1238,.F.);
#1643=ORIENTED_EDGE('',*,*,#1242,.F.);
#1644=ORIENTED_EDGE('',*,*,#1243,.F.);
#1645=ORIENTED_EDGE('',*,*,#1257,.F.);
#1646=ORIENTED_EDGE('',*,*,#1258,.T.);
#1647=ORIENTED_EDGE('',*,*,#1259,.T.);
#1648=ORIENTED_EDGE('',*,*,#1260,.T.);
#1649=ORIENTED_EDGE('',*,*,#1261,.T.);
#1650=ORIENTED_EDGE('',*,*,#1258,.F.);
#1651=ORIENTED_EDGE('',*,*,#1262,.F.);
#1652=ORIENTED_EDGE('',*,*,#1263,.T.);
#1653=ORIENTED_EDGE('',*,*,#1264,.T.);
#1654=ORIENTED_EDGE('',*,*,#1263,.F.);
#1655=ORIENTED_EDGE('',*,*,#1265,.F.);
#1656=ORIENTED_EDGE('',*,*,#1266,.T.);
#1657=ORIENTED_EDGE('',*,*,#1267,.T.);
#1658=ORIENTED_EDGE('',*,*,#1266,.F.);
#1659=ORIENTED_EDGE('',*,*,#1268,.F.);
#1660=ORIENTED_EDGE('',*,*,#1260,.F.);
#1661=ORIENTED_EDGE('',*,*,#1269,.F.);
#1662=ORIENTED_EDGE('',*,*,#1270,.T.);
#1663=ORIENTED_EDGE('',*,*,#1271,.F.);
#1664=ORIENTED_EDGE('',*,*,#1272,.F.);
#1665=ORIENTED_EDGE('',*,*,#1273,.F.);
#1666=ORIENTED_EDGE('',*,*,#1274,.T.);
#1667=ORIENTED_EDGE('',*,*,#1275,.F.);
#1668=ORIENTED_EDGE('',*,*,#1276,.T.);
#1669=ORIENTED_EDGE('',*,*,#1277,.F.);
#1670=ORIENTED_EDGE('',*,*,#1278,.T.);
#1671=ORIENTED_EDGE('',*,*,#1279,.F.);
#1672=ORIENTED_EDGE('',*,*,#1280,.F.);
#1673=ORIENTED_EDGE('',*,*,#1281,.F.);
#1674=ORIENTED_EDGE('',*,*,#1282,.T.);
#1675=ORIENTED_EDGE('',*,*,#1283,.F.);
#1676=ORIENTED_EDGE('',*,*,#1284,.T.);
#1677=ORIENTED_EDGE('',*,*,#1285,.F.);
#1678=ORIENTED_EDGE('',*,*,#1286,.T.);
#1679=ORIENTED_EDGE('',*,*,#1287,.F.);
#1680=ORIENTED_EDGE('',*,*,#1288,.T.);
#1681=ORIENTED_EDGE('',*,*,#1289,.F.);
#1682=ORIENTED_EDGE('',*,*,#1290,.T.);
#1683=ORIENTED_EDGE('',*,*,#1291,.F.);
#1684=ORIENTED_EDGE('',*,*,#1292,.T.);
#1685=ORIENTED_EDGE('',*,*,#1293,.F.);
#1686=ORIENTED_EDGE('',*,*,#1294,.T.);
#1687=ORIENTED_EDGE('',*,*,#1295,.F.);
#1688=ORIENTED_EDGE('',*,*,#1296,.T.);
#1689=ORIENTED_EDGE('',*,*,#1297,.F.);
#1690=ORIENTED_EDGE('',*,*,#1298,.F.);
#1691=ORIENTED_EDGE('',*,*,#1299,.F.);
#1692=ORIENTED_EDGE('',*,*,#1300,.F.);
#1693=ORIENTED_EDGE('',*,*,#1301,.F.);
#1694=ORIENTED_EDGE('',*,*,#1302,.F.);
#1695=ORIENTED_EDGE('',*,*,#1303,.F.);
#1696=ORIENTED_EDGE('',*,*,#1304,.F.);
#1697=ORIENTED_EDGE('',*,*,#1305,.T.);
#1698=ORIENTED_EDGE('',*,*,#1306,.F.);
#1699=ORIENTED_EDGE('',*,*,#1307,.T.);
#1700=ORIENTED_EDGE('',*,*,#1308,.T.);
#1701=ORIENTED_EDGE('',*,*,#1309,.T.);
#1702=ORIENTED_EDGE('',*,*,#1310,.F.);
#1703=ORIENTED_EDGE('',*,*,#1311,.T.);
#1704=ORIENTED_EDGE('',*,*,#1253,.T.);
#1705=ORIENTED_EDGE('',*,*,#1312,.F.);
#1706=ORIENTED_EDGE('',*,*,#1313,.F.);
#1707=ORIENTED_EDGE('',*,*,#1314,.F.);
#1708=ORIENTED_EDGE('',*,*,#1315,.F.);
#1709=ORIENTED_EDGE('',*,*,#1259,.F.);
#1710=ORIENTED_EDGE('',*,*,#1261,.F.);
#1711=ORIENTED_EDGE('',*,*,#1264,.F.);
#1712=ORIENTED_EDGE('',*,*,#1267,.F.);
#1713=ORIENTED_EDGE('',*,*,#1297,.T.);
#1714=ORIENTED_EDGE('',*,*,#1316,.T.);
#1715=ORIENTED_EDGE('',*,*,#1317,.F.);
#1716=ORIENTED_EDGE('',*,*,#1318,.T.);
#1717=ORIENTED_EDGE('',*,*,#1319,.F.);
#1718=ORIENTED_EDGE('',*,*,#1316,.F.);
#1719=ORIENTED_EDGE('',*,*,#1300,.T.);
#1720=ORIENTED_EDGE('',*,*,#1320,.F.);
#1721=ORIENTED_EDGE('',*,*,#1298,.T.);
#1722=ORIENTED_EDGE('',*,*,#1318,.F.);
#1723=ORIENTED_EDGE('',*,*,#1321,.F.);
#1724=ORIENTED_EDGE('',*,*,#1322,.T.);
#1725=ORIENTED_EDGE('',*,*,#1299,.T.);
#1726=ORIENTED_EDGE('',*,*,#1322,.F.);
#1727=ORIENTED_EDGE('',*,*,#1323,.F.);
#1728=ORIENTED_EDGE('',*,*,#1320,.T.);
#1729=ORIENTED_EDGE('',*,*,#1268,.T.);
#1730=ORIENTED_EDGE('',*,*,#1265,.T.);
#1731=ORIENTED_EDGE('',*,*,#1262,.T.);
#1732=ORIENTED_EDGE('',*,*,#1257,.T.);
#1733=ORIENTED_EDGE('',*,*,#1319,.T.);
#1734=ORIENTED_EDGE('',*,*,#1323,.T.);
#1735=ORIENTED_EDGE('',*,*,#1321,.T.);
#1736=ORIENTED_EDGE('',*,*,#1317,.T.);
#1737=ORIENTED_EDGE('',*,*,#1312,.T.);
#1738=ORIENTED_EDGE('',*,*,#1324,.T.);
#1739=ORIENTED_EDGE('',*,*,#1325,.T.);
#1740=ORIENTED_EDGE('',*,*,#1326,.T.);
#1741=ORIENTED_EDGE('',*,*,#1315,.T.);
#1742=ORIENTED_EDGE('',*,*,#1327,.T.);
#1743=ORIENTED_EDGE('',*,*,#1328,.T.);
#1744=ORIENTED_EDGE('',*,*,#1324,.F.);
#1745=ORIENTED_EDGE('',*,*,#1329,.T.);
#1746=ORIENTED_EDGE('',*,*,#1327,.F.);
#1747=ORIENTED_EDGE('',*,*,#1314,.T.);
#1748=ORIENTED_EDGE('',*,*,#1330,.T.);
#1749=ORIENTED_EDGE('',*,*,#1313,.T.);
#1750=ORIENTED_EDGE('',*,*,#1326,.F.);
#1751=ORIENTED_EDGE('',*,*,#1331,.T.);
#1752=ORIENTED_EDGE('',*,*,#1330,.F.);
#1753=ORIENTED_EDGE('',*,*,#1303,.T.);
#1754=ORIENTED_EDGE('',*,*,#1332,.T.);
#1755=ORIENTED_EDGE('',*,*,#1333,.T.);
#1756=ORIENTED_EDGE('',*,*,#1334,.F.);
#1757=ORIENTED_EDGE('',*,*,#1301,.T.);
#1758=ORIENTED_EDGE('',*,*,#1335,.T.);
#1759=ORIENTED_EDGE('',*,*,#1336,.T.);
#1760=ORIENTED_EDGE('',*,*,#1337,.T.);
#1761=ORIENTED_EDGE('',*,*,#1338,.T.);
#1762=ORIENTED_EDGE('',*,*,#1335,.F.);
#1763=ORIENTED_EDGE('',*,*,#1304,.T.);
#1764=ORIENTED_EDGE('',*,*,#1334,.T.);
#1765=ORIENTED_EDGE('',*,*,#1302,.T.);
#1766=ORIENTED_EDGE('',*,*,#1337,.F.);
#1767=ORIENTED_EDGE('',*,*,#1339,.T.);
#1768=ORIENTED_EDGE('',*,*,#1332,.F.);
#1769=ORIENTED_EDGE('',*,*,#1331,.F.);
#1770=ORIENTED_EDGE('',*,*,#1325,.F.);
#1771=ORIENTED_EDGE('',*,*,#1328,.F.);
#1772=ORIENTED_EDGE('',*,*,#1329,.F.);
#1773=ORIENTED_EDGE('',*,*,#1339,.F.);
#1774=ORIENTED_EDGE('',*,*,#1336,.F.);
#1775=ORIENTED_EDGE('',*,*,#1338,.F.);
#1776=ORIENTED_EDGE('',*,*,#1333,.F.);
#1777=ORIENTED_EDGE('',*,*,#1340,.T.);
#1778=ORIENTED_EDGE('',*,*,#1341,.T.);
#1779=ORIENTED_EDGE('',*,*,#1342,.T.);
#1780=ORIENTED_EDGE('',*,*,#1343,.T.);
#1781=ORIENTED_EDGE('',*,*,#1344,.T.);
#1782=ORIENTED_EDGE('',*,*,#1345,.T.);
#1783=ORIENTED_EDGE('',*,*,#1346,.T.);
#1784=ORIENTED_EDGE('',*,*,#1343,.F.);
#1785=ORIENTED_EDGE('',*,*,#1347,.T.);
#1786=ORIENTED_EDGE('',*,*,#1348,.T.);
#1787=ORIENTED_EDGE('',*,*,#1349,.T.);
#1788=ORIENTED_EDGE('',*,*,#1345,.F.);
#1789=ORIENTED_EDGE('',*,*,#1340,.F.);
#1790=ORIENTED_EDGE('',*,*,#1350,.T.);
#1791=ORIENTED_EDGE('',*,*,#1351,.F.);
#1792=ORIENTED_EDGE('',*,*,#1352,.F.);
#1793=ORIENTED_EDGE('',*,*,#1353,.F.);
#1794=ORIENTED_EDGE('',*,*,#1346,.F.);
#1795=ORIENTED_EDGE('',*,*,#1354,.F.);
#1796=ORIENTED_EDGE('',*,*,#1355,.F.);
#1797=ORIENTED_EDGE('',*,*,#1356,.F.);
#1798=ORIENTED_EDGE('',*,*,#1276,.F.);
#1799=ORIENTED_EDGE('',*,*,#1357,.F.);
#1800=ORIENTED_EDGE('',*,*,#1358,.F.);
#1801=ORIENTED_EDGE('',*,*,#1359,.F.);
#1802=ORIENTED_EDGE('',*,*,#1360,.F.);
#1803=ORIENTED_EDGE('',*,*,#1361,.F.);
#1804=ORIENTED_EDGE('',*,*,#1362,.F.);
#1805=ORIENTED_EDGE('',*,*,#1363,.F.);
#1806=ORIENTED_EDGE('',*,*,#1364,.F.);
#1807=ORIENTED_EDGE('',*,*,#1365,.F.);
#1808=ORIENTED_EDGE('',*,*,#1366,.T.);
#1809=ORIENTED_EDGE('',*,*,#1367,.F.);
#1810=ORIENTED_EDGE('',*,*,#1368,.T.);
#1811=ORIENTED_EDGE('',*,*,#1369,.F.);
#1812=ORIENTED_EDGE('',*,*,#1370,.T.);
#1813=ORIENTED_EDGE('',*,*,#1371,.F.);
#1814=ORIENTED_EDGE('',*,*,#1372,.F.);
#1815=ORIENTED_EDGE('',*,*,#1373,.F.);
#1816=ORIENTED_EDGE('',*,*,#1374,.F.);
#1817=ORIENTED_EDGE('',*,*,#1350,.F.);
#1818=ORIENTED_EDGE('',*,*,#1375,.T.);
#1819=ORIENTED_EDGE('',*,*,#1349,.F.);
#1820=ORIENTED_EDGE('',*,*,#1376,.T.);
#1821=ORIENTED_EDGE('',*,*,#1377,.F.);
#1822=ORIENTED_EDGE('',*,*,#1378,.F.);
#1823=ORIENTED_EDGE('',*,*,#1354,.T.);
#1824=ORIENTED_EDGE('',*,*,#1348,.F.);
#1825=ORIENTED_EDGE('',*,*,#1379,.F.);
#1826=ORIENTED_EDGE('',*,*,#1279,.T.);
#1827=ORIENTED_EDGE('',*,*,#1380,.T.);
#1828=ORIENTED_EDGE('',*,*,#1381,.F.);
#1829=ORIENTED_EDGE('',*,*,#1376,.F.);
#1830=ORIENTED_EDGE('',*,*,#1382,.T.);
#1831=ORIENTED_EDGE('',*,*,#1383,.T.);
#1832=ORIENTED_EDGE('',*,*,#1384,.T.);
#1833=ORIENTED_EDGE('',*,*,#1385,.T.);
#1834=ORIENTED_EDGE('',*,*,#1386,.T.);
#1835=ORIENTED_EDGE('',*,*,#1360,.T.);
#1836=ORIENTED_EDGE('',*,*,#1386,.F.);
#1837=ORIENTED_EDGE('',*,*,#1387,.T.);
#1838=ORIENTED_EDGE('',*,*,#1388,.T.);
#1839=ORIENTED_EDGE('',*,*,#1389,.T.);
#1840=ORIENTED_EDGE('',*,*,#1390,.T.);
#1841=ORIENTED_EDGE('',*,*,#1391,.T.);
#1842=ORIENTED_EDGE('',*,*,#1388,.F.);
#1843=ORIENTED_EDGE('',*,*,#1383,.F.);
#1844=ORIENTED_EDGE('',*,*,#1359,.T.);
#1845=ORIENTED_EDGE('',*,*,#1392,.F.);
#1846=ORIENTED_EDGE('',*,*,#1393,.F.);
#1847=ORIENTED_EDGE('',*,*,#1394,.T.);
#1848=ORIENTED_EDGE('',*,*,#1391,.F.);
#1849=ORIENTED_EDGE('',*,*,#1395,.F.);
#1850=ORIENTED_EDGE('',*,*,#1396,.F.);
#1851=ORIENTED_EDGE('',*,*,#1397,.F.);
#1852=ORIENTED_EDGE('',*,*,#1361,.T.);
#1853=ORIENTED_EDGE('',*,*,#1390,.F.);
#1854=ORIENTED_EDGE('',*,*,#1398,.F.);
#1855=ORIENTED_EDGE('',*,*,#1399,.F.);
#1856=ORIENTED_EDGE('',*,*,#1400,.F.);
#1857=ORIENTED_EDGE('',*,*,#1401,.T.);
#1858=ORIENTED_EDGE('',*,*,#1402,.F.);
#1859=ORIENTED_EDGE('',*,*,#1403,.T.);
#1860=ORIENTED_EDGE('',*,*,#1404,.F.);
#1861=ORIENTED_EDGE('',*,*,#1405,.F.);
#1862=ORIENTED_EDGE('',*,*,#1395,.T.);
#1863=ORIENTED_EDGE('',*,*,#1406,.T.);
#1864=ORIENTED_EDGE('',*,*,#1240,.F.);
#1865=ORIENTED_EDGE('',*,*,#1407,.T.);
#1866=ORIENTED_EDGE('',*,*,#1306,.T.);
#1867=ORIENTED_EDGE('',*,*,#1408,.T.);
#1868=ORIENTED_EDGE('',*,*,#1239,.F.);
#1869=ORIENTED_EDGE('',*,*,#1409,.T.);
#1870=ORIENTED_EDGE('',*,*,#1307,.F.);
#1871=ORIENTED_EDGE('',*,*,#1407,.F.);
#1872=ORIENTED_EDGE('',*,*,#1410,.T.);
#1873=ORIENTED_EDGE('',*,*,#1411,.T.);
#1874=ORIENTED_EDGE('',*,*,#1412,.T.);
#1875=ORIENTED_EDGE('',*,*,#1310,.T.);
#1876=ORIENTED_EDGE('',*,*,#1413,.T.);
#1877=ORIENTED_EDGE('',*,*,#1412,.F.);
#1878=ORIENTED_EDGE('',*,*,#1414,.T.);
#1879=ORIENTED_EDGE('',*,*,#1254,.T.);
#1880=ORIENTED_EDGE('',*,*,#1311,.F.);
#1881=ORIENTED_EDGE('',*,*,#1375,.F.);
#1882=ORIENTED_EDGE('',*,*,#1415,.T.);
#1883=ORIENTED_EDGE('',*,*,#1410,.F.);
#1884=ORIENTED_EDGE('',*,*,#1416,.F.);
#1885=ORIENTED_EDGE('',*,*,#1417,.F.);
#1886=ORIENTED_EDGE('',*,*,#1246,.F.);
#1887=ORIENTED_EDGE('',*,*,#1249,.F.);
#1888=ORIENTED_EDGE('',*,*,#1251,.F.);
#1889=ORIENTED_EDGE('',*,*,#1255,.F.);
#1890=ORIENTED_EDGE('',*,*,#1414,.F.);
#1891=ORIENTED_EDGE('',*,*,#1411,.F.);
#1892=ORIENTED_EDGE('',*,*,#1415,.F.);
#1893=ORIENTED_EDGE('',*,*,#1236,.F.);
#1894=ORIENTED_EDGE('',*,*,#1247,.T.);
#1895=ORIENTED_EDGE('',*,*,#1417,.T.);
#1896=ORIENTED_EDGE('',*,*,#1418,.T.);
#1897=ORIENTED_EDGE('',*,*,#1308,.F.);
#1898=ORIENTED_EDGE('',*,*,#1409,.F.);
#1899=ORIENTED_EDGE('',*,*,#1413,.F.);
#1900=ORIENTED_EDGE('',*,*,#1309,.F.);
#1901=ORIENTED_EDGE('',*,*,#1418,.F.);
#1902=ORIENTED_EDGE('',*,*,#1416,.T.);
#1903=ORIENTED_EDGE('',*,*,#1419,.F.);
#1904=ORIENTED_EDGE('',*,*,#1420,.T.);
#1905=ORIENTED_EDGE('',*,*,#1285,.T.);
#1906=ORIENTED_EDGE('',*,*,#1421,.T.);
#1907=ORIENTED_EDGE('',*,*,#1421,.F.);
#1908=ORIENTED_EDGE('',*,*,#1284,.F.);
#1909=ORIENTED_EDGE('',*,*,#1422,.F.);
#1910=ORIENTED_EDGE('',*,*,#1423,.T.);
#1911=ORIENTED_EDGE('',*,*,#1424,.F.);
#1912=ORIENTED_EDGE('',*,*,#1425,.T.);
#1913=ORIENTED_EDGE('',*,*,#1287,.T.);
#1914=ORIENTED_EDGE('',*,*,#1426,.T.);
#1915=ORIENTED_EDGE('',*,*,#1420,.F.);
#1916=ORIENTED_EDGE('',*,*,#1427,.T.);
#1917=ORIENTED_EDGE('',*,*,#1426,.F.);
#1918=ORIENTED_EDGE('',*,*,#1286,.F.);
#1919=ORIENTED_EDGE('',*,*,#1428,.F.);
#1920=ORIENTED_EDGE('',*,*,#1429,.T.);
#1921=ORIENTED_EDGE('',*,*,#1295,.T.);
#1922=ORIENTED_EDGE('',*,*,#1430,.T.);
#1923=ORIENTED_EDGE('',*,*,#1429,.F.);
#1924=ORIENTED_EDGE('',*,*,#1431,.T.);
#1925=ORIENTED_EDGE('',*,*,#1432,.F.);
#1926=ORIENTED_EDGE('',*,*,#1296,.F.);
#1927=ORIENTED_EDGE('',*,*,#1433,.F.);
#1928=ORIENTED_EDGE('',*,*,#1434,.T.);
#1929=ORIENTED_EDGE('',*,*,#1293,.T.);
#1930=ORIENTED_EDGE('',*,*,#1435,.T.);
#1931=ORIENTED_EDGE('',*,*,#1428,.T.);
#1932=ORIENTED_EDGE('',*,*,#1436,.F.);
#1933=ORIENTED_EDGE('',*,*,#1433,.T.);
#1934=ORIENTED_EDGE('',*,*,#1437,.F.);
#1935=ORIENTED_EDGE('',*,*,#1438,.F.);
#1936=ORIENTED_EDGE('',*,*,#1439,.F.);
#1937=ORIENTED_EDGE('',*,*,#1440,.F.);
#1938=ORIENTED_EDGE('',*,*,#1431,.F.);
#1939=ORIENTED_EDGE('',*,*,#1435,.F.);
#1940=ORIENTED_EDGE('',*,*,#1292,.F.);
#1941=ORIENTED_EDGE('',*,*,#1441,.F.);
#1942=ORIENTED_EDGE('',*,*,#1437,.T.);
#1943=ORIENTED_EDGE('',*,*,#1269,.T.);
#1944=ORIENTED_EDGE('',*,*,#1432,.T.);
#1945=ORIENTED_EDGE('',*,*,#1440,.T.);
#1946=ORIENTED_EDGE('',*,*,#1442,.T.);
#1947=ORIENTED_EDGE('',*,*,#1442,.F.);
#1948=ORIENTED_EDGE('',*,*,#1439,.T.);
#1949=ORIENTED_EDGE('',*,*,#1443,.F.);
#1950=ORIENTED_EDGE('',*,*,#1290,.F.);
#1951=ORIENTED_EDGE('',*,*,#1444,.F.);
#1952=ORIENTED_EDGE('',*,*,#1445,.T.);
#1953=ORIENTED_EDGE('',*,*,#1446,.F.);
#1954=ORIENTED_EDGE('',*,*,#1282,.F.);
#1955=ORIENTED_EDGE('',*,*,#1447,.F.);
#1956=ORIENTED_EDGE('',*,*,#1448,.F.);
#1957=ORIENTED_EDGE('',*,*,#1449,.F.);
#1958=ORIENTED_EDGE('',*,*,#1270,.F.);
#1959=ORIENTED_EDGE('',*,*,#1450,.T.);
#1960=ORIENTED_EDGE('',*,*,#1451,.T.);
#1961=ORIENTED_EDGE('',*,*,#1283,.T.);
#1962=ORIENTED_EDGE('',*,*,#1446,.T.);
#1963=ORIENTED_EDGE('',*,*,#1452,.T.);
#1964=ORIENTED_EDGE('',*,*,#1422,.T.);
#1965=ORIENTED_EDGE('',*,*,#1291,.T.);
#1966=ORIENTED_EDGE('',*,*,#1443,.T.);
#1967=ORIENTED_EDGE('',*,*,#1438,.T.);
#1968=ORIENTED_EDGE('',*,*,#1441,.T.);
#1969=ORIENTED_EDGE('',*,*,#1289,.T.);
#1970=ORIENTED_EDGE('',*,*,#1453,.T.);
#1971=ORIENTED_EDGE('',*,*,#1454,.T.);
#1972=ORIENTED_EDGE('',*,*,#1444,.T.);
#1973=ORIENTED_EDGE('',*,*,#1430,.F.);
#1974=ORIENTED_EDGE('',*,*,#1294,.F.);
#1975=ORIENTED_EDGE('',*,*,#1434,.F.);
#1976=ORIENTED_EDGE('',*,*,#1436,.T.);
#1977=ORIENTED_EDGE('',*,*,#1425,.F.);
#1978=ORIENTED_EDGE('',*,*,#1455,.T.);
#1979=ORIENTED_EDGE('',*,*,#1453,.F.);
#1980=ORIENTED_EDGE('',*,*,#1288,.F.);
#1981=ORIENTED_EDGE('',*,*,#1419,.T.);
#1982=ORIENTED_EDGE('',*,*,#1423,.F.);
#1983=ORIENTED_EDGE('',*,*,#1452,.F.);
#1984=ORIENTED_EDGE('',*,*,#1445,.F.);
#1985=ORIENTED_EDGE('',*,*,#1454,.F.);
#1986=ORIENTED_EDGE('',*,*,#1455,.F.);
#1987=ORIENTED_EDGE('',*,*,#1424,.T.);
#1988=ORIENTED_EDGE('',*,*,#1427,.F.);
#1989=ORIENTED_EDGE('',*,*,#1456,.T.);
#1990=ORIENTED_EDGE('',*,*,#1352,.T.);
#1991=ORIENTED_EDGE('',*,*,#1457,.T.);
#1992=ORIENTED_EDGE('',*,*,#1458,.T.);
#1993=ORIENTED_EDGE('',*,*,#1374,.T.);
#1994=ORIENTED_EDGE('',*,*,#1459,.T.);
#1995=ORIENTED_EDGE('',*,*,#1457,.F.);
#1996=ORIENTED_EDGE('',*,*,#1351,.T.);
#1997=ORIENTED_EDGE('',*,*,#1341,.F.);
#1998=ORIENTED_EDGE('',*,*,#1353,.T.);
#1999=ORIENTED_EDGE('',*,*,#1456,.F.);
#2000=ORIENTED_EDGE('',*,*,#1460,.F.);
#2001=ORIENTED_EDGE('',*,*,#1461,.T.);
#2002=ORIENTED_EDGE('',*,*,#1462,.F.);
#2003=ORIENTED_EDGE('',*,*,#1463,.T.);
#2004=ORIENTED_EDGE('',*,*,#1464,.F.);
#2005=ORIENTED_EDGE('',*,*,#1465,.F.);
#2006=ORIENTED_EDGE('',*,*,#1466,.F.);
#2007=ORIENTED_EDGE('',*,*,#1467,.T.);
#2008=ORIENTED_EDGE('',*,*,#1458,.F.);
#2009=ORIENTED_EDGE('',*,*,#1468,.F.);
#2010=ORIENTED_EDGE('',*,*,#1469,.F.);
#2011=ORIENTED_EDGE('',*,*,#1405,.T.);
#2012=ORIENTED_EDGE('',*,*,#1470,.T.);
#2013=ORIENTED_EDGE('',*,*,#1471,.T.);
#2014=ORIENTED_EDGE('',*,*,#1396,.T.);
#2015=ORIENTED_EDGE('',*,*,#1362,.T.);
#2016=ORIENTED_EDGE('',*,*,#1397,.T.);
#2017=ORIENTED_EDGE('',*,*,#1471,.F.);
#2018=ORIENTED_EDGE('',*,*,#1472,.T.);
#2019=ORIENTED_EDGE('',*,*,#1472,.F.);
#2020=ORIENTED_EDGE('',*,*,#1473,.T.);
#2021=ORIENTED_EDGE('',*,*,#1474,.T.);
#2022=ORIENTED_EDGE('',*,*,#1363,.T.);
#2023=ORIENTED_EDGE('',*,*,#1470,.F.);
#2024=ORIENTED_EDGE('',*,*,#1475,.F.);
#2025=ORIENTED_EDGE('',*,*,#1473,.F.);
#2026=ORIENTED_EDGE('',*,*,#1476,.T.);
#2027=ORIENTED_EDGE('',*,*,#1393,.T.);
#2028=ORIENTED_EDGE('',*,*,#1477,.T.);
#2029=ORIENTED_EDGE('',*,*,#1478,.T.);
#2030=ORIENTED_EDGE('',*,*,#1358,.T.);
#2031=ORIENTED_EDGE('',*,*,#1479,.T.);
#2032=ORIENTED_EDGE('',*,*,#1477,.F.);
#2033=ORIENTED_EDGE('',*,*,#1392,.T.);
#2034=ORIENTED_EDGE('',*,*,#1384,.F.);
#2035=ORIENTED_EDGE('',*,*,#1394,.F.);
#2036=ORIENTED_EDGE('',*,*,#1476,.F.);
#2037=ORIENTED_EDGE('',*,*,#1480,.T.);
#2038=ORIENTED_EDGE('',*,*,#1273,.T.);
#2039=ORIENTED_EDGE('',*,*,#1481,.F.);
#2040=ORIENTED_EDGE('',*,*,#1482,.T.);
#2041=ORIENTED_EDGE('',*,*,#1478,.F.);
#2042=ORIENTED_EDGE('',*,*,#1483,.F.);
#2043=ORIENTED_EDGE('',*,*,#1274,.F.);
#2044=ORIENTED_EDGE('',*,*,#1480,.F.);
#2045=ORIENTED_EDGE('',*,*,#1381,.T.);
#2046=ORIENTED_EDGE('',*,*,#1484,.T.);
#2047=ORIENTED_EDGE('',*,*,#1485,.T.);
#2048=ORIENTED_EDGE('',*,*,#1377,.T.);
#2049=ORIENTED_EDGE('',*,*,#1355,.T.);
#2050=ORIENTED_EDGE('',*,*,#1378,.T.);
#2051=ORIENTED_EDGE('',*,*,#1485,.F.);
#2052=ORIENTED_EDGE('',*,*,#1486,.T.);
#2053=ORIENTED_EDGE('',*,*,#1486,.F.);
#2054=ORIENTED_EDGE('',*,*,#1487,.T.);
#2055=ORIENTED_EDGE('',*,*,#1277,.T.);
#2056=ORIENTED_EDGE('',*,*,#1356,.T.);
#2057=ORIENTED_EDGE('',*,*,#1484,.F.);
#2058=ORIENTED_EDGE('',*,*,#1380,.F.);
#2059=ORIENTED_EDGE('',*,*,#1278,.F.);
#2060=ORIENTED_EDGE('',*,*,#1487,.F.);
#2061=ORIENTED_EDGE('',*,*,#1488,.F.);
#2062=ORIENTED_EDGE('',*,*,#1489,.F.);
#2063=ORIENTED_EDGE('',*,*,#1490,.F.);
#2064=ORIENTED_EDGE('',*,*,#1459,.F.);
#2065=ORIENTED_EDGE('',*,*,#1373,.T.);
#2066=ORIENTED_EDGE('',*,*,#1489,.T.);
#2067=ORIENTED_EDGE('',*,*,#1468,.T.);
#2068=ORIENTED_EDGE('',*,*,#1491,.T.);
#2069=ORIENTED_EDGE('',*,*,#1492,.T.);
#2070=ORIENTED_EDGE('',*,*,#1490,.T.);
#2071=ORIENTED_EDGE('',*,*,#1372,.T.);
#2072=ORIENTED_EDGE('',*,*,#1493,.T.);
#2073=ORIENTED_EDGE('',*,*,#1494,.T.);
#2074=ORIENTED_EDGE('',*,*,#1491,.F.);
#2075=ORIENTED_EDGE('',*,*,#1371,.T.);
#2076=ORIENTED_EDGE('',*,*,#1460,.T.);
#2077=ORIENTED_EDGE('',*,*,#1469,.T.);
#2078=ORIENTED_EDGE('',*,*,#1488,.T.);
#2079=ORIENTED_EDGE('',*,*,#1495,.T.);
#2080=ORIENTED_EDGE('',*,*,#1496,.F.);
#2081=ORIENTED_EDGE('',*,*,#1474,.F.);
#2082=ORIENTED_EDGE('',*,*,#1497,.F.);
#2083=ORIENTED_EDGE('',*,*,#1404,.T.);
#2084=ORIENTED_EDGE('',*,*,#1498,.T.);
#2085=ORIENTED_EDGE('',*,*,#1497,.T.);
#2086=ORIENTED_EDGE('',*,*,#1475,.T.);
#2087=ORIENTED_EDGE('',*,*,#1499,.T.);
#2088=ORIENTED_EDGE('',*,*,#1500,.T.);
#2089=ORIENTED_EDGE('',*,*,#1501,.T.);
#2090=ORIENTED_EDGE('',*,*,#1365,.T.);
#2091=ORIENTED_EDGE('',*,*,#1496,.T.);
#2092=ORIENTED_EDGE('',*,*,#1502,.T.);
#2093=ORIENTED_EDGE('',*,*,#1499,.F.);
#2094=ORIENTED_EDGE('',*,*,#1364,.T.);
#2095=ORIENTED_EDGE('',*,*,#1479,.F.);
#2096=ORIENTED_EDGE('',*,*,#1357,.T.);
#2097=ORIENTED_EDGE('',*,*,#1275,.T.);
#2098=ORIENTED_EDGE('',*,*,#1483,.T.);
#2099=ORIENTED_EDGE('',*,*,#1500,.F.);
#2100=ORIENTED_EDGE('',*,*,#1503,.T.);
#2101=ORIENTED_EDGE('',*,*,#1402,.T.);
#2102=ORIENTED_EDGE('',*,*,#1504,.T.);
#2103=ORIENTED_EDGE('',*,*,#1498,.F.);
#2104=ORIENTED_EDGE('',*,*,#1403,.F.);
#2105=ORIENTED_EDGE('',*,*,#1503,.F.);
#2106=ORIENTED_EDGE('',*,*,#1502,.F.);
#2107=ORIENTED_EDGE('',*,*,#1494,.F.);
#2108=ORIENTED_EDGE('',*,*,#1505,.T.);
#2109=ORIENTED_EDGE('',*,*,#1462,.T.);
#2110=ORIENTED_EDGE('',*,*,#1506,.T.);
#2111=ORIENTED_EDGE('',*,*,#1370,.F.);
#2112=ORIENTED_EDGE('',*,*,#1507,.F.);
#2113=ORIENTED_EDGE('',*,*,#1508,.T.);
#2114=ORIENTED_EDGE('',*,*,#1509,.F.);
#2115=ORIENTED_EDGE('',*,*,#1510,.F.);
#2116=ORIENTED_EDGE('',*,*,#1511,.F.);
#2117=ORIENTED_EDGE('',*,*,#1463,.F.);
#2118=ORIENTED_EDGE('',*,*,#1505,.F.);
#2119=ORIENTED_EDGE('',*,*,#1493,.F.);
#2120=ORIENTED_EDGE('',*,*,#1369,.T.);
#2121=ORIENTED_EDGE('',*,*,#1512,.T.);
#2122=ORIENTED_EDGE('',*,*,#1513,.T.);
#2123=ORIENTED_EDGE('',*,*,#1507,.T.);
#2124=ORIENTED_EDGE('',*,*,#1512,.F.);
#2125=ORIENTED_EDGE('',*,*,#1368,.F.);
#2126=ORIENTED_EDGE('',*,*,#1514,.F.);
#2127=ORIENTED_EDGE('',*,*,#1515,.F.);
#2128=ORIENTED_EDGE('',*,*,#1367,.T.);
#2129=ORIENTED_EDGE('',*,*,#1516,.T.);
#2130=ORIENTED_EDGE('',*,*,#1517,.T.);
#2131=ORIENTED_EDGE('',*,*,#1514,.T.);
#2132=ORIENTED_EDGE('',*,*,#1504,.F.);
#2133=ORIENTED_EDGE('',*,*,#1401,.F.);
#2134=ORIENTED_EDGE('',*,*,#1518,.F.);
#2135=ORIENTED_EDGE('',*,*,#1519,.F.);
#2136=ORIENTED_EDGE('',*,*,#1520,.F.);
#2137=ORIENTED_EDGE('',*,*,#1521,.F.);
#2138=ORIENTED_EDGE('',*,*,#1516,.F.);
#2139=ORIENTED_EDGE('',*,*,#1366,.F.);
#2140=ORIENTED_EDGE('',*,*,#1501,.F.);
#2141=ORIENTED_EDGE('',*,*,#1465,.T.);
#2142=ORIENTED_EDGE('',*,*,#1522,.T.);
#2143=ORIENTED_EDGE('',*,*,#1523,.T.);
#2144=ORIENTED_EDGE('',*,*,#1524,.T.);
#2145=ORIENTED_EDGE('',*,*,#1525,.T.);
#2146=ORIENTED_EDGE('',*,*,#1526,.T.);
#2147=ORIENTED_EDGE('',*,*,#1523,.F.);
#2148=ORIENTED_EDGE('',*,*,#1527,.T.);
#2149=ORIENTED_EDGE('',*,*,#1528,.T.);
#2150=ORIENTED_EDGE('',*,*,#1529,.T.);
#2151=ORIENTED_EDGE('',*,*,#1525,.F.);
#2152=ORIENTED_EDGE('',*,*,#1530,.T.);
#2153=ORIENTED_EDGE('',*,*,#1531,.T.);
#2154=ORIENTED_EDGE('',*,*,#1532,.T.);
#2155=ORIENTED_EDGE('',*,*,#1528,.F.);
#2156=ORIENTED_EDGE('',*,*,#1533,.T.);
#2157=ORIENTED_EDGE('',*,*,#1281,.T.);
#2158=ORIENTED_EDGE('',*,*,#1534,.T.);
#2159=ORIENTED_EDGE('',*,*,#1531,.F.);
#2160=ORIENTED_EDGE('',*,*,#1447,.T.);
#2161=ORIENTED_EDGE('',*,*,#1533,.F.);
#2162=ORIENTED_EDGE('',*,*,#1535,.T.);
#2163=ORIENTED_EDGE('',*,*,#1536,.T.);
#2164=ORIENTED_EDGE('',*,*,#1537,.T.);
#2165=ORIENTED_EDGE('',*,*,#1538,.T.);
#2166=ORIENTED_EDGE('',*,*,#1539,.T.);
#2167=ORIENTED_EDGE('',*,*,#1540,.F.);
#2168=ORIENTED_EDGE('',*,*,#1448,.T.);
#2169=ORIENTED_EDGE('',*,*,#1530,.F.);
#2170=ORIENTED_EDGE('',*,*,#1541,.F.);
#2171=ORIENTED_EDGE('',*,*,#1509,.T.);
#2172=ORIENTED_EDGE('',*,*,#1542,.T.);
#2173=ORIENTED_EDGE('',*,*,#1543,.T.);
#2174=ORIENTED_EDGE('',*,*,#1520,.T.);
#2175=ORIENTED_EDGE('',*,*,#1544,.F.);
#2176=ORIENTED_EDGE('',*,*,#1545,.F.);
#2177=ORIENTED_EDGE('',*,*,#1539,.F.);
#2178=ORIENTED_EDGE('',*,*,#1546,.T.);
#2179=ORIENTED_EDGE('',*,*,#1547,.T.);
#2180=ORIENTED_EDGE('',*,*,#1548,.T.);
#2181=ORIENTED_EDGE('',*,*,#1537,.F.);
#2182=ORIENTED_EDGE('',*,*,#1549,.T.);
#2183=ORIENTED_EDGE('',*,*,#1550,.T.);
#2184=ORIENTED_EDGE('',*,*,#1551,.T.);
#2185=ORIENTED_EDGE('',*,*,#1535,.F.);
#2186=ORIENTED_EDGE('',*,*,#1527,.F.);
#2187=ORIENTED_EDGE('',*,*,#1552,.T.);
#2188=ORIENTED_EDGE('',*,*,#1510,.T.);
#2189=ORIENTED_EDGE('',*,*,#1541,.T.);
#2190=ORIENTED_EDGE('',*,*,#1522,.F.);
#2191=ORIENTED_EDGE('',*,*,#1464,.T.);
#2192=ORIENTED_EDGE('',*,*,#1511,.T.);
#2193=ORIENTED_EDGE('',*,*,#1552,.F.);
#2194=ORIENTED_EDGE('',*,*,#1271,.T.);
#2195=ORIENTED_EDGE('',*,*,#1449,.T.);
#2196=ORIENTED_EDGE('',*,*,#1553,.T.);
#2197=ORIENTED_EDGE('',*,*,#1554,.T.);
#2198=ORIENTED_EDGE('',*,*,#1555,.T.);
#2199=ORIENTED_EDGE('',*,*,#1556,.T.);
#2200=ORIENTED_EDGE('',*,*,#1553,.F.);
#2201=ORIENTED_EDGE('',*,*,#1540,.T.);
#2202=ORIENTED_EDGE('',*,*,#1557,.T.);
#2203=ORIENTED_EDGE('',*,*,#1558,.T.);
#2204=ORIENTED_EDGE('',*,*,#1555,.F.);
#2205=ORIENTED_EDGE('',*,*,#1545,.T.);
#2206=ORIENTED_EDGE('',*,*,#1559,.T.);
#2207=ORIENTED_EDGE('',*,*,#1560,.T.);
#2208=ORIENTED_EDGE('',*,*,#1557,.F.);
#2209=ORIENTED_EDGE('',*,*,#1561,.T.);
#2210=ORIENTED_EDGE('',*,*,#1399,.T.);
#2211=ORIENTED_EDGE('',*,*,#1562,.T.);
#2212=ORIENTED_EDGE('',*,*,#1559,.F.);
#2213=ORIENTED_EDGE('',*,*,#1563,.T.);
#2214=ORIENTED_EDGE('',*,*,#1563,.F.);
#2215=ORIENTED_EDGE('',*,*,#1564,.F.);
#2216=ORIENTED_EDGE('',*,*,#1518,.T.);
#2217=ORIENTED_EDGE('',*,*,#1400,.T.);
#2218=ORIENTED_EDGE('',*,*,#1561,.F.);
#2219=ORIENTED_EDGE('',*,*,#1544,.T.);
#2220=ORIENTED_EDGE('',*,*,#1519,.T.);
#2221=ORIENTED_EDGE('',*,*,#1564,.T.);
#2222=ORIENTED_EDGE('',*,*,#1538,.F.);
#2223=ORIENTED_EDGE('',*,*,#1548,.F.);
#2224=ORIENTED_EDGE('',*,*,#1565,.F.);
#2225=ORIENTED_EDGE('',*,*,#1566,.F.);
#2226=ORIENTED_EDGE('',*,*,#1546,.F.);
#2227=ORIENTED_EDGE('',*,*,#1536,.F.);
#2228=ORIENTED_EDGE('',*,*,#1551,.F.);
#2229=ORIENTED_EDGE('',*,*,#1567,.T.);
#2230=ORIENTED_EDGE('',*,*,#1568,.T.);
#2231=ORIENTED_EDGE('',*,*,#1549,.F.);
#2232=ORIENTED_EDGE('',*,*,#1492,.F.);
#2233=ORIENTED_EDGE('',*,*,#1506,.F.);
#2234=ORIENTED_EDGE('',*,*,#1461,.F.);
#2235=ORIENTED_EDGE('',*,*,#1495,.F.);
#2236=ORIENTED_EDGE('',*,*,#1244,.F.);
#2237=ORIENTED_EDGE('',*,*,#1408,.F.);
#2238=ORIENTED_EDGE('',*,*,#1305,.F.);
#2239=ORIENTED_EDGE('',*,*,#1252,.F.);
#2240=ORIENTED_EDGE('',*,*,#1521,.T.);
#2241=ORIENTED_EDGE('',*,*,#1543,.F.);
#2242=ORIENTED_EDGE('',*,*,#1542,.F.);
#2243=ORIENTED_EDGE('',*,*,#1508,.F.);
#2244=ORIENTED_EDGE('',*,*,#1513,.F.);
#2245=ORIENTED_EDGE('',*,*,#1515,.T.);
#2246=ORIENTED_EDGE('',*,*,#1517,.F.);
#2247=ORIENTED_EDGE('',*,*,#1569,.T.);
#2248=ORIENTED_EDGE('',*,*,#1256,.T.);
#2249=ORIENTED_EDGE('',*,*,#1569,.F.);
#2250=ORIENTED_EDGE('',*,*,#1550,.F.);
#2251=ORIENTED_EDGE('',*,*,#1568,.F.);
#2252=ORIENTED_EDGE('',*,*,#1570,.T.);
#2253=ORIENTED_EDGE('',*,*,#1571,.T.);
#2254=ORIENTED_EDGE('',*,*,#1570,.F.);
#2255=ORIENTED_EDGE('',*,*,#1567,.F.);
#2256=ORIENTED_EDGE('',*,*,#1571,.F.);
#2257=ORIENTED_EDGE('',*,*,#1572,.T.);
#2258=ORIENTED_EDGE('',*,*,#1467,.F.);
#2259=ORIENTED_EDGE('',*,*,#1572,.F.);
#2260=ORIENTED_EDGE('',*,*,#1573,.F.);
#2261=ORIENTED_EDGE('',*,*,#1574,.T.);
#2262=ORIENTED_EDGE('',*,*,#1575,.T.);
#2263=ORIENTED_EDGE('',*,*,#1574,.F.);
#2264=ORIENTED_EDGE('',*,*,#1575,.F.);
#2265=ORIENTED_EDGE('',*,*,#1576,.T.);
#2266=ORIENTED_EDGE('',*,*,#1382,.F.);
#2267=ORIENTED_EDGE('',*,*,#1576,.F.);
#2268=ORIENTED_EDGE('',*,*,#1450,.F.);
#2269=ORIENTED_EDGE('',*,*,#1577,.T.);
#2270=ORIENTED_EDGE('',*,*,#1573,.T.);
#2271=ORIENTED_EDGE('',*,*,#1577,.F.);
#2272=ORIENTED_EDGE('',*,*,#1547,.F.);
#2273=ORIENTED_EDGE('',*,*,#1566,.T.);
#2274=ORIENTED_EDGE('',*,*,#1578,.T.);
#2275=ORIENTED_EDGE('',*,*,#1579,.F.);
#2276=ORIENTED_EDGE('',*,*,#1578,.F.);
#2277=ORIENTED_EDGE('',*,*,#1565,.T.);
#2278=ORIENTED_EDGE('',*,*,#1579,.T.);
#2279=ORIENTED_EDGE('',*,*,#1580,.T.);
#2280=ORIENTED_EDGE('',*,*,#1406,.F.);
#2281=ORIENTED_EDGE('',*,*,#1580,.F.);
#2282=ORIENTED_EDGE('',*,*,#1581,.T.);
#2283=ORIENTED_EDGE('',*,*,#1582,.T.);
#2284=ORIENTED_EDGE('',*,*,#1583,.F.);
#2285=ORIENTED_EDGE('',*,*,#1582,.F.);
#2286=ORIENTED_EDGE('',*,*,#1583,.T.);
#2287=ORIENTED_EDGE('',*,*,#1584,.T.);
#2288=ORIENTED_EDGE('',*,*,#1482,.F.);
#2289=ORIENTED_EDGE('',*,*,#1584,.F.);
#2290=ORIENTED_EDGE('',*,*,#1451,.F.);
#2291=ORIENTED_EDGE('',*,*,#1585,.T.);
#2292=ORIENTED_EDGE('',*,*,#1581,.F.);
#2293=ORIENTED_EDGE('',*,*,#1585,.F.);
#2294=ORIENTED_EDGE('',*,*,#1342,.F.);
#2295=ORIENTED_EDGE('',*,*,#1466,.T.);
#2296=ORIENTED_EDGE('',*,*,#1524,.F.);
#2297=ORIENTED_EDGE('',*,*,#1526,.F.);
#2298=ORIENTED_EDGE('',*,*,#1529,.F.);
#2299=ORIENTED_EDGE('',*,*,#1532,.F.);
#2300=ORIENTED_EDGE('',*,*,#1534,.F.);
#2301=ORIENTED_EDGE('',*,*,#1280,.T.);
#2302=ORIENTED_EDGE('',*,*,#1379,.T.);
#2303=ORIENTED_EDGE('',*,*,#1347,.F.);
#2304=ORIENTED_EDGE('',*,*,#1344,.F.);
#2305=ORIENTED_EDGE('',*,*,#1385,.F.);
#2306=ORIENTED_EDGE('',*,*,#1481,.T.);
#2307=ORIENTED_EDGE('',*,*,#1272,.T.);
#2308=ORIENTED_EDGE('',*,*,#1554,.F.);
#2309=ORIENTED_EDGE('',*,*,#1556,.F.);
#2310=ORIENTED_EDGE('',*,*,#1558,.F.);
#2311=ORIENTED_EDGE('',*,*,#1560,.F.);
#2312=ORIENTED_EDGE('',*,*,#1562,.F.);
#2313=ORIENTED_EDGE('',*,*,#1398,.T.);
#2314=ORIENTED_EDGE('',*,*,#1389,.F.);
#2315=ORIENTED_EDGE('',*,*,#1387,.F.);
#2316=CONICAL_SURFACE('',#2485,2.175,0.78539816339745);
#2317=CONICAL_SURFACE('',#2489,0.375,0.78539816339745);
#2318=CONICAL_SURFACE('',#2493,2.175,0.78539816339745);
#2319=CONICAL_SURFACE('',#2497,0.375,0.785398163397449);
#2320=CONICAL_SURFACE('',#2748,2.3,0.785398163397448);
#2321=CONICAL_SURFACE('',#2751,2.3,0.785398163397448);
#2322=CONICAL_SURFACE('',#2756,2.3,0.785398163397448);
#2323=CONICAL_SURFACE('',#2759,2.3,0.785398163397448);
#2324=ADVANCED_FACE('',(#213),#2316,.F.);
#2325=ADVANCED_FACE('',(#214),#174,.T.);
#2326=ADVANCED_FACE('',(#215),#2317,.F.);
#2327=ADVANCED_FACE('',(#216),#175,.T.);
#2328=ADVANCED_FACE('',(#217),#2318,.F.);
#2329=ADVANCED_FACE('',(#218),#176,.T.);
#2330=ADVANCED_FACE('',(#219),#2319,.F.);
#2331=ADVANCED_FACE('',(#220),#177,.T.);
#2332=ADVANCED_FACE('',(#221),#178,.F.);
#2333=ADVANCED_FACE('',(#222),#85,.F.);
#2334=ADVANCED_FACE('',(#223),#179,.F.);
#2335=ADVANCED_FACE('',(#224),#86,.F.);
#2336=ADVANCED_FACE('',(#225,#37),#180,.T.);
#2337=ADVANCED_FACE('',(#226),#87,.T.);
#2338=ADVANCED_FACE('',(#227),#88,.T.);
#2339=ADVANCED_FACE('',(#228),#89,.T.);
#2340=ADVANCED_FACE('',(#229),#90,.T.);
#2341=ADVANCED_FACE('',(#230,#38,#39,#40,#41,#42),#181,.T.);
#2342=ADVANCED_FACE('',(#231),#91,.T.);
#2343=ADVANCED_FACE('',(#232),#92,.T.);
#2344=ADVANCED_FACE('',(#233),#93,.T.);
#2345=ADVANCED_FACE('',(#234),#94,.T.);
#2346=ADVANCED_FACE('',(#235),#182,.T.);
#2347=ADVANCED_FACE('',(#236),#183,.T.);
#2348=ADVANCED_FACE('',(#237),#95,.T.);
#2349=ADVANCED_FACE('',(#238),#96,.T.);
#2350=ADVANCED_FACE('',(#239),#97,.T.);
#2351=ADVANCED_FACE('',(#240),#98,.T.);
#2352=ADVANCED_FACE('',(#241),#99,.T.);
#2353=ADVANCED_FACE('',(#242),#100,.T.);
#2354=ADVANCED_FACE('',(#243),#101,.T.);
#2355=ADVANCED_FACE('',(#244),#102,.T.);
#2356=ADVANCED_FACE('',(#245),#184,.F.);
#2357=ADVANCED_FACE('',(#246),#185,.F.);
#2358=ADVANCED_FACE('',(#247),#25,.T.);
#2359=ADVANCED_FACE('',(#248),#103,.T.);
#2360=ADVANCED_FACE('',(#249),#26,.T.);
#2361=ADVANCED_FACE('',(#250),#104,.F.);
#2362=ADVANCED_FACE('',(#251,#43),#186,.T.);
#2363=ADVANCED_FACE('',(#252),#105,.F.);
#2364=ADVANCED_FACE('',(#253,#44),#187,.T.);
#2365=ADVANCED_FACE('',(#254),#27,.T.);
#2366=ADVANCED_FACE('',(#255),#106,.T.);
#2367=ADVANCED_FACE('',(#256),#28,.T.);
#2368=ADVANCED_FACE('',(#257),#107,.F.);
#2369=ADVANCED_FACE('',(#258),#108,.F.);
#2370=ADVANCED_FACE('',(#259,#45),#188,.T.);
#2371=ADVANCED_FACE('',(#260),#109,.F.);
#2372=ADVANCED_FACE('',(#261),#189,.F.);
#2373=ADVANCED_FACE('',(#262),#110,.F.);
#2374=ADVANCED_FACE('',(#263),#190,.F.);
#2375=ADVANCED_FACE('',(#264),#111,.F.);
#2376=ADVANCED_FACE('',(#265),#112,.F.);
#2377=ADVANCED_FACE('',(#266),#191,.F.);
#2378=ADVANCED_FACE('',(#267),#113,.F.);
#2379=ADVANCED_FACE('',(#268),#114,.F.);
#2380=ADVANCED_FACE('',(#269),#115,.F.);
#2381=ADVANCED_FACE('',(#270),#192,.F.);
#2382=ADVANCED_FACE('',(#271),#116,.F.);
#2383=ADVANCED_FACE('',(#272),#117,.F.);
#2384=ADVANCED_FACE('',(#273),#118,.F.);
#2385=ADVANCED_FACE('',(#274),#193,.T.);
#2386=ADVANCED_FACE('',(#275),#119,.T.);
#2387=ADVANCED_FACE('',(#276),#120,.T.);
#2388=ADVANCED_FACE('',(#277,#46,#47),#194,.T.);
#2389=ADVANCED_FACE('',(#278),#121,.T.);
#2390=ADVANCED_FACE('',(#279),#122,.T.);
#2391=ADVANCED_FACE('',(#280),#123,.T.);
#2392=ADVANCED_FACE('',(#281),#195,.F.);
#2393=ADVANCED_FACE('',(#282),#124,.T.);
#2394=ADVANCED_FACE('',(#283),#196,.T.);
#2395=ADVANCED_FACE('',(#284),#29,.T.);
#2396=ADVANCED_FACE('',(#285),#21,.F.);
#2397=ADVANCED_FACE('',(#286,#48),#197,.T.);
#2398=ADVANCED_FACE('',(#287),#198,.F.);
#2399=ADVANCED_FACE('',(#288),#30,.T.);
#2400=ADVANCED_FACE('',(#289),#22,.F.);
#2401=ADVANCED_FACE('',(#290),#125,.F.);
#2402=ADVANCED_FACE('',(#291),#199,.F.);
#2403=ADVANCED_FACE('',(#292),#31,.T.);
#2404=ADVANCED_FACE('',(#293),#23,.F.);
#2405=ADVANCED_FACE('',(#294,#49),#200,.T.);
#2406=ADVANCED_FACE('',(#295),#201,.F.);
#2407=ADVANCED_FACE('',(#296),#32,.T.);
#2408=ADVANCED_FACE('',(#297),#24,.F.);
#2409=ADVANCED_FACE('',(#298),#126,.F.);
#2410=ADVANCED_FACE('',(#299),#202,.F.);
#2411=ADVANCED_FACE('',(#300),#19,.F.);
#2412=ADVANCED_FACE('',(#301),#127,.F.);
#2413=ADVANCED_FACE('',(#302),#128,.F.);
#2414=ADVANCED_FACE('',(#303),#33,.F.);
#2415=ADVANCED_FACE('',(#304),#129,.F.);
#2416=ADVANCED_FACE('',(#305),#20,.F.);
#2417=ADVANCED_FACE('',(#306),#130,.F.);
#2418=ADVANCED_FACE('',(#307),#34,.F.);
#2419=ADVANCED_FACE('',(#308),#131,.F.);
#2420=ADVANCED_FACE('',(#309),#132,.F.);
#2421=ADVANCED_FACE('',(#310),#133,.T.);
#2422=ADVANCED_FACE('',(#311),#203,.F.);
#2423=ADVANCED_FACE('',(#312),#134,.T.);
#2424=ADVANCED_FACE('',(#313),#204,.F.);
#2425=ADVANCED_FACE('',(#314),#135,.F.);
#2426=ADVANCED_FACE('',(#315),#205,.F.);
#2427=ADVANCED_FACE('',(#316),#136,.F.);
#2428=ADVANCED_FACE('',(#317),#206,.F.);
#2429=ADVANCED_FACE('',(#318),#137,.T.);
#2430=ADVANCED_FACE('',(#319),#15,.F.);
#2431=ADVANCED_FACE('',(#320),#35,.T.);
#2432=ADVANCED_FACE('',(#321),#16,.F.);
#2433=ADVANCED_FACE('',(#322),#138,.T.);
#2434=ADVANCED_FACE('',(#323),#139,.T.);
#2435=ADVANCED_FACE('',(#324),#140,.T.);
#2436=ADVANCED_FACE('',(#325),#141,.T.);
#2437=ADVANCED_FACE('',(#326),#207,.T.);
#2438=ADVANCED_FACE('',(#327),#142,.T.);
#2439=ADVANCED_FACE('',(#328),#17,.F.);
#2440=ADVANCED_FACE('',(#329),#36,.T.);
#2441=ADVANCED_FACE('',(#330),#18,.F.);
#2442=ADVANCED_FACE('',(#331),#143,.T.);
#2443=ADVANCED_FACE('',(#332),#208,.T.);
#2444=ADVANCED_FACE('',(#333),#144,.T.);
#2445=ADVANCED_FACE('',(#334),#145,.F.);
#2446=ADVANCED_FACE('',(#335),#146,.F.);
#2447=ADVANCED_FACE('',(#336),#209,.F.);
#2448=ADVANCED_FACE('',(#337),#210,.F.);
#2449=ADVANCED_FACE('',(#338),#147,.F.);
#2450=ADVANCED_FACE('',(#339),#2320,.F.);
#2451=ADVANCED_FACE('',(#340),#148,.F.);
#2452=ADVANCED_FACE('',(#341),#2321,.F.);
#2453=ADVANCED_FACE('',(#342),#149,.F.);
#2454=ADVANCED_FACE('',(#343),#150,.F.);
#2455=ADVANCED_FACE('',(#344),#2322,.F.);
#2456=ADVANCED_FACE('',(#345),#151,.F.);
#2457=ADVANCED_FACE('',(#346),#2323,.F.);
#2458=ADVANCED_FACE('',(#347),#152,.F.);
#2459=ADVANCED_FACE('',(#348),#153,.F.);
#2460=ADVANCED_FACE('',(#349),#211,.F.);
#2461=ADVANCED_FACE('',(#350),#212,.T.);
#2462=CLOSED_SHELL('',(#2324,#2325,#2326,#2327,#2328,#2329,#2330,#2331,
#2332,#2333,#2334,#2335,#2336,#2337,#2338,#2339,#2340,#2341,#2342,#2343,
#2344,#2345,#2346,#2347,#2348,#2349,#2350,#2351,#2352,#2353,#2354,#2355,
#2356,#2357,#2358,#2359,#2360,#2361,#2362,#2363,#2364,#2365,#2366,#2367,
#2368,#2369,#2370,#2371,#2372,#2373,#2374,#2375,#2376,#2377,#2378,#2379,
#2380,#2381,#2382,#2383,#2384,#2385,#2386,#2387,#2388,#2389,#2390,#2391,
#2392,#2393,#2394,#2395,#2396,#2397,#2398,#2399,#2400,#2401,#2402,#2403,
#2404,#2405,#2406,#2407,#2408,#2409,#2410,#2411,#2412,#2413,#2414,#2415,
#2416,#2417,#2418,#2419,#2420,#2421,#2422,#2423,#2424,#2425,#2426,#2427,
#2428,#2429,#2430,#2431,#2432,#2433,#2434,#2435,#2436,#2437,#2438,#2439,
#2440,#2441,#2442,#2443,#2444,#2445,#2446,#2447,#2448,#2449,#2450,#2451,
#2452,#2453,#2454,#2455,#2456,#2457,#2458,#2459,#2460,#2461));
#2463=DERIVED_UNIT_ELEMENT(#2466,1.);
#2464=DERIVED_UNIT_ELEMENT(#4804,-3.);
#2465=DIMENSIONAL_EXPONENTS(0.,1.,0.,0.,0.,0.,0.);
#2466=(
CONVERSION_BASED_UNIT('gram',#2468)
MASS_UNIT()
NAMED_UNIT(#2465)
);
#2467=(
MASS_UNIT()
NAMED_UNIT(*)
SI_UNIT(.KILO.,.GRAM.)
);
#2468=MASS_MEASURE_WITH_UNIT(MASS_MEASURE(0.001),#2467);
#2469=DERIVED_UNIT((#2463,#2464));
#2470=MEASURE_REPRESENTATION_ITEM('density measure',
POSITIVE_RATIO_MEASURE(1.),#2469);
#2471=PROPERTY_DEFINITION_REPRESENTATION(#2476,#2473);
#2472=PROPERTY_DEFINITION_REPRESENTATION(#2477,#2474);
#2473=REPRESENTATION('material name',(#2475),#4801);
#2474=REPRESENTATION('density',(#2470),#4801);
#2475=DESCRIPTIVE_REPRESENTATION_ITEM('V\X2\0161\X0\eobecn\X\E9',
'V\X2\0161\X0\eobecn\X\E9');
#2476=PROPERTY_DEFINITION('material property','material name',#4811);
#2477=PROPERTY_DEFINITION('material property','density of part',#4811);
#2478=DATE_TIME_ROLE('creation_date');
#2479=APPLIED_DATE_AND_TIME_ASSIGNMENT(#2480,#2478,(#4811));
#2480=DATE_AND_TIME(#2481,#2482);
#2481=CALENDAR_DATE(2026,29,3);
#2482=LOCAL_TIME(0,0,0.,#2483);
#2483=COORDINATED_UNIVERSAL_TIME_OFFSET(0,0,.BEHIND.);
#2484=AXIS2_PLACEMENT_3D('',#3509,#2766,#2767);
#2485=AXIS2_PLACEMENT_3D('',#3510,#2768,#2769);
#2486=AXIS2_PLACEMENT_3D('',#3515,#2771,#2772);
#2487=AXIS2_PLACEMENT_3D('',#3518,#2774,#2775);
#2488=AXIS2_PLACEMENT_3D('',#3519,#2776,#2777);
#2489=AXIS2_PLACEMENT_3D('',#3525,#2781,#2782);
#2490=AXIS2_PLACEMENT_3D('',#3527,#2783,#2784);
#2491=AXIS2_PLACEMENT_3D('',#3530,#2786,#2787);
#2492=AXIS2_PLACEMENT_3D('',#3531,#2788,#2789);
#2493=AXIS2_PLACEMENT_3D('',#3537,#2793,#2794);
#2494=AXIS2_PLACEMENT_3D('',#3541,#2796,#2797);
#2495=AXIS2_PLACEMENT_3D('',#3542,#2798,#2799);
#2496=AXIS2_PLACEMENT_3D('',#3543,#2800,#2801);
#2497=AXIS2_PLACEMENT_3D('',#3549,#2805,#2806);
#2498=AXIS2_PLACEMENT_3D('',#3551,#2807,#2808);
#2499=AXIS2_PLACEMENT_3D('',#3554,#2810,#2811);
#2500=AXIS2_PLACEMENT_3D('',#3555,#2812,#2813);
#2501=AXIS2_PLACEMENT_3D('',#3558,#2816,#2817);
#2502=AXIS2_PLACEMENT_3D('',#3562,#2819,#2820);
#2503=AXIS2_PLACEMENT_3D('',#3564,#2822,#2823);
#2504=AXIS2_PLACEMENT_3D('',#3577,#2825,#2826);
#2505=AXIS2_PLACEMENT_3D('',#3580,#2828,#2829);
#2506=AXIS2_PLACEMENT_3D('',#3581,#2830,#2831);
#2507=AXIS2_PLACEMENT_3D('',#3585,#2833,#2834);
#2508=AXIS2_PLACEMENT_3D('',#3598,#2836,#2837);
#2509=AXIS2_PLACEMENT_3D('',#3600,#2838,#2839);
#2510=AXIS2_PLACEMENT_3D('',#3601,#2840,#2841);
#2511=AXIS2_PLACEMENT_3D('',#3606,#2843,#2844);
#2512=AXIS2_PLACEMENT_3D('',#3609,#2846,#2847);
#2513=AXIS2_PLACEMENT_3D('',#3610,#2848,#2849);
#2514=AXIS2_PLACEMENT_3D('',#3615,#2852,#2853);
#2515=AXIS2_PLACEMENT_3D('',#3616,#2854,#2855);
#2516=AXIS2_PLACEMENT_3D('',#3621,#2858,#2859);
#2517=AXIS2_PLACEMENT_3D('',#3622,#2860,#2861);
#2518=AXIS2_PLACEMENT_3D('',#3625,#2864,#2865);
#2519=AXIS2_PLACEMENT_3D('',#3628,#2866,#2867);
#2520=AXIS2_PLACEMENT_3D('',#3632,#2869,#2870);
#2521=AXIS2_PLACEMENT_3D('',#3640,#2874,#2875);
#2522=AXIS2_PLACEMENT_3D('',#3644,#2877,#2878);
#2523=AXIS2_PLACEMENT_3D('',#3652,#2882,#2883);
#2524=AXIS2_PLACEMENT_3D('',#3656,#2885,#2886);
#2525=AXIS2_PLACEMENT_3D('',#3658,#2887,#2888);
#2526=AXIS2_PLACEMENT_3D('',#3660,#2889,#2890);
#2527=AXIS2_PLACEMENT_3D('',#3664,#2892,#2893);
#2528=AXIS2_PLACEMENT_3D('',#3666,#2894,#2895);
#2529=AXIS2_PLACEMENT_3D('',#3668,#2896,#2897);
#2530=AXIS2_PLACEMENT_3D('',#3672,#2899,#2900);
#2531=AXIS2_PLACEMENT_3D('',#3674,#2901,#2902);
#2532=AXIS2_PLACEMENT_3D('',#3676,#2903,#2904);
#2533=AXIS2_PLACEMENT_3D('',#3680,#2906,#2907);
#2534=AXIS2_PLACEMENT_3D('',#3681,#2908,#2909);
#2535=AXIS2_PLACEMENT_3D('',#3701,#2919,#2920);
#2536=AXIS2_PLACEMENT_3D('',#3705,#2922,#2923);
#2537=AXIS2_PLACEMENT_3D('',#3709,#2925,#2926);
#2538=AXIS2_PLACEMENT_3D('',#3719,#2932,#2933);
#2539=AXIS2_PLACEMENT_3D('',#3721,#2934,#2935);
#2540=AXIS2_PLACEMENT_3D('',#3724,#2937,#2938);
#2541=AXIS2_PLACEMENT_3D('',#3725,#2939,#2940);
#2542=AXIS2_PLACEMENT_3D('',#3728,#2942,#2943);
#2543=AXIS2_PLACEMENT_3D('',#3729,#2944,#2945);
#2544=AXIS2_PLACEMENT_3D('',#3732,#2947,#2948);
#2545=AXIS2_PLACEMENT_3D('',#3733,#2949,#2950);
#2546=AXIS2_PLACEMENT_3D('',#3735,#2952,#2953);
#2547=AXIS2_PLACEMENT_3D('',#3736,#2954,#2955);
#2548=AXIS2_PLACEMENT_3D('',#3737,#2956,#2957);
#2549=AXIS2_PLACEMENT_3D('',#3739,#2958,#2959);
#2550=AXIS2_PLACEMENT_3D('',#3742,#2961,#2962);
#2551=AXIS2_PLACEMENT_3D('',#3743,#2963,#2964);
#2552=AXIS2_PLACEMENT_3D('',#3745,#2965,#2966);
#2553=AXIS2_PLACEMENT_3D('',#3747,#2968,#2969);
#2554=AXIS2_PLACEMENT_3D('',#3750,#2971,#2972);
#2555=AXIS2_PLACEMENT_3D('',#3751,#2973,#2974);
#2556=AXIS2_PLACEMENT_3D('',#3753,#2976,#2977);
#2557=AXIS2_PLACEMENT_3D('',#3755,#2978,#2979);
#2558=AXIS2_PLACEMENT_3D('',#3758,#2981,#2982);
#2559=AXIS2_PLACEMENT_3D('',#3759,#2983,#2984);
#2560=AXIS2_PLACEMENT_3D('',#3761,#2985,#2986);
#2561=AXIS2_PLACEMENT_3D('',#3764,#2988,#2989);
#2562=AXIS2_PLACEMENT_3D('',#3765,#2990,#2991);
#2563=AXIS2_PLACEMENT_3D('',#3767,#2993,#2994);
#2564=AXIS2_PLACEMENT_3D('',#3769,#2996,#2997);
#2565=AXIS2_PLACEMENT_3D('',#3770,#2998,#2999);
#2566=AXIS2_PLACEMENT_3D('',#3771,#3000,#3001);
#2567=AXIS2_PLACEMENT_3D('',#3774,#3002,#3003);
#2568=AXIS2_PLACEMENT_3D('',#3776,#3004,#3005);
#2569=AXIS2_PLACEMENT_3D('',#3778,#3006,#3007);
#2570=AXIS2_PLACEMENT_3D('',#3793,#3008,#3009);
#2571=AXIS2_PLACEMENT_3D('',#3812,#3012,#3013);
#2572=AXIS2_PLACEMENT_3D('',#3814,#3014,#3015);
#2573=AXIS2_PLACEMENT_3D('',#3816,#3016,#3017);
#2574=AXIS2_PLACEMENT_3D('',#3817,#3018,#3019);
#2575=AXIS2_PLACEMENT_3D('',#3818,#3020,#3021);
#2576=AXIS2_PLACEMENT_3D('',#3829,#3023,#3024);
#2577=AXIS2_PLACEMENT_3D('',#3831,#3026,#3027);
#2578=AXIS2_PLACEMENT_3D('',#3881,#3036,#3037);
#2579=AXIS2_PLACEMENT_3D('',#3885,#3039,#3040);
#2580=AXIS2_PLACEMENT_3D('',#3889,#3042,#3043);
#2581=AXIS2_PLACEMENT_3D('',#3893,#3045,#3046);
#2582=AXIS2_PLACEMENT_3D('',#3909,#3049,#3050);
#2583=AXIS2_PLACEMENT_3D('',#3910,#3051,#3052);
#2584=AXIS2_PLACEMENT_3D('',#3914,#3054,#3055);
#2585=AXIS2_PLACEMENT_3D('',#3920,#3056,#3057);
#2586=AXIS2_PLACEMENT_3D('',#3924,#3060,#3061);
#2587=AXIS2_PLACEMENT_3D('',#3926,#3062,#3063);
#2588=AXIS2_PLACEMENT_3D('',#3927,#3064,#3065);
#2589=AXIS2_PLACEMENT_3D('',#3929,#3066,#3067);
#2590=AXIS2_PLACEMENT_3D('',#3931,#3068,#3069);
#2591=AXIS2_PLACEMENT_3D('',#3933,#3070,#3071);
#2592=AXIS2_PLACEMENT_3D('',#3948,#3072,#3073);
#2593=AXIS2_PLACEMENT_3D('',#3965,#3075,#3076);
#2594=AXIS2_PLACEMENT_3D('',#3967,#3077,#3078);
#2595=AXIS2_PLACEMENT_3D('',#3969,#3079,#3080);
#2596=AXIS2_PLACEMENT_3D('',#3970,#3081,#3082);
#2597=AXIS2_PLACEMENT_3D('',#3971,#3083,#3084);
#2598=AXIS2_PLACEMENT_3D('',#3979,#3085,#3086);
#2599=AXIS2_PLACEMENT_3D('',#3981,#3088,#3089);
#2600=AXIS2_PLACEMENT_3D('',#3985,#3091,#3092);
#2601=AXIS2_PLACEMENT_3D('',#3991,#3093,#3094);
#2602=AXIS2_PLACEMENT_3D('',#3995,#3096,#3097);
#2603=AXIS2_PLACEMENT_3D('',#4001,#3100,#3101);
#2604=AXIS2_PLACEMENT_3D('',#4005,#3103,#3104);
#2605=AXIS2_PLACEMENT_3D('',#4006,#3105,#3106);
#2606=AXIS2_PLACEMENT_3D('',#4008,#3107,#3108);
#2607=AXIS2_PLACEMENT_3D('',#4009,#3109,#3110);
#2608=AXIS2_PLACEMENT_3D('',#4012,#3113,#3114);
#2609=AXIS2_PLACEMENT_3D('',#4014,#3116,#3117);
#2610=AXIS2_PLACEMENT_3D('',#4032,#3120,#3121);
#2611=AXIS2_PLACEMENT_3D('',#4033,#3122,#3123);
#2612=AXIS2_PLACEMENT_3D('',#4034,#3124,#3125);
#2613=AXIS2_PLACEMENT_3D('',#4037,#3127,#3128);
#2614=AXIS2_PLACEMENT_3D('',#4049,#3129,#3130);
#2615=AXIS2_PLACEMENT_3D('',#4051,#3132,#3133);
#2616=AXIS2_PLACEMENT_3D('',#4052,#3134,#3135);
#2617=AXIS2_PLACEMENT_3D('',#4055,#3136,#3137);
#2618=AXIS2_PLACEMENT_3D('',#4058,#3140,#3141);
#2619=AXIS2_PLACEMENT_3D('',#4061,#3143,#3144);
#2620=AXIS2_PLACEMENT_3D('',#4062,#3145,#3146);
#2621=AXIS2_PLACEMENT_3D('',#4065,#3147,#3148);
#2622=AXIS2_PLACEMENT_3D('',#4068,#3151,#3152);
#2623=AXIS2_PLACEMENT_3D('',#4070,#3154,#3155);
#2624=AXIS2_PLACEMENT_3D('',#4073,#3156,#3157);
#2625=AXIS2_PLACEMENT_3D('',#4076,#3160,#3161);
#2626=AXIS2_PLACEMENT_3D('',#4078,#3162,#3163);
#2627=AXIS2_PLACEMENT_3D('',#4080,#3165,#3166);
#2628=AXIS2_PLACEMENT_3D('',#4083,#3167,#3168);
#2629=AXIS2_PLACEMENT_3D('',#4086,#3171,#3172);
#2630=AXIS2_PLACEMENT_3D('',#4089,#3174,#3175);
#2631=AXIS2_PLACEMENT_3D('',#4091,#3176,#3177);
#2632=AXIS2_PLACEMENT_3D('',#4094,#3179,#3180);
#2633=AXIS2_PLACEMENT_3D('',#4095,#3181,#3182);
#2634=AXIS2_PLACEMENT_3D('',#4097,#3184,#3185);
#2635=AXIS2_PLACEMENT_3D('',#4099,#3187,#3188);
#2636=AXIS2_PLACEMENT_3D('',#4112,#3196,#3197);
#2637=AXIS2_PLACEMENT_3D('',#4114,#3198,#3199);
#2638=AXIS2_PLACEMENT_3D('',#4115,#3200,#3201);
#2639=AXIS2_PLACEMENT_3D('',#4116,#3202,#3203);
#2640=AXIS2_PLACEMENT_3D('',#4117,#3204,#3205);
#2641=AXIS2_PLACEMENT_3D('',#4118,#3206,#3207);
#2642=AXIS2_PLACEMENT_3D('',#4121,#3209,#3210);
#2643=AXIS2_PLACEMENT_3D('',#4122,#3211,#3212);
#2644=AXIS2_PLACEMENT_3D('',#4123,#3213,#3214);
#2645=AXIS2_PLACEMENT_3D('',#4124,#3215,#3216);
#2646=AXIS2_PLACEMENT_3D('',#4125,#3217,#3218);
#2647=AXIS2_PLACEMENT_3D('',#4126,#3219,#3220);
#2648=AXIS2_PLACEMENT_3D('',#4128,#3221,#3222);
#2649=AXIS2_PLACEMENT_3D('',#4130,#3223,#3224);
#2650=AXIS2_PLACEMENT_3D('',#4131,#3225,#3226);
#2651=AXIS2_PLACEMENT_3D('',#4217,#3227,#3228);
#2652=AXIS2_PLACEMENT_3D('',#4219,#3229,#3230);
#2653=AXIS2_PLACEMENT_3D('',#4223,#3232,#3233);
#2654=AXIS2_PLACEMENT_3D('',#4229,#3236,#3237);
#2655=AXIS2_PLACEMENT_3D('',#4232,#3239,#3240);
#2656=AXIS2_PLACEMENT_3D('',#4233,#3241,#3242);
#2657=AXIS2_PLACEMENT_3D('',#4237,#3245,#3246);
#2658=AXIS2_PLACEMENT_3D('',#4239,#3247,#3248);
#2659=AXIS2_PLACEMENT_3D('',#4240,#3249,#3250);
#2660=AXIS2_PLACEMENT_3D('',#4277,#3251,#3252);
#2661=AXIS2_PLACEMENT_3D('',#4280,#3254,#3255);
#2662=AXIS2_PLACEMENT_3D('',#4281,#3256,#3257);
#2663=AXIS2_PLACEMENT_3D('',#4283,#3259,#3260);
#2664=AXIS2_PLACEMENT_3D('',#4285,#3261,#3262);
#2665=AXIS2_PLACEMENT_3D('',#4287,#3263,#3264);
#2666=AXIS2_PLACEMENT_3D('',#4288,#3265,#3266);
#2667=AXIS2_PLACEMENT_3D('',#4374,#3267,#3268);
#2668=AXIS2_PLACEMENT_3D('',#4378,#3271,#3272);
#2669=AXIS2_PLACEMENT_3D('',#4379,#3273,#3274);
#2670=AXIS2_PLACEMENT_3D('',#4381,#3276,#3277);
#2671=AXIS2_PLACEMENT_3D('',#4383,#3278,#3279);
#2672=AXIS2_PLACEMENT_3D('',#4384,#3280,#3281);
#2673=AXIS2_PLACEMENT_3D('',#4421,#3282,#3283);
#2674=AXIS2_PLACEMENT_3D('',#4423,#3285,#3286);
#2675=AXIS2_PLACEMENT_3D('',#4424,#3287,#3288);
#2676=AXIS2_PLACEMENT_3D('',#4426,#3289,#3290);
#2677=AXIS2_PLACEMENT_3D('',#4427,#3291,#3292);
#2678=AXIS2_PLACEMENT_3D('',#4428,#3293,#3294);
#2679=AXIS2_PLACEMENT_3D('',#4429,#3295,#3296);
#2680=AXIS2_PLACEMENT_3D('',#4430,#3297,#3298);
#2681=AXIS2_PLACEMENT_3D('',#4432,#3299,#3300);
#2682=AXIS2_PLACEMENT_3D('',#4434,#3302,#3303);
#2683=AXIS2_PLACEMENT_3D('',#4444,#3304,#3305);
#2684=AXIS2_PLACEMENT_3D('',#4445,#3306,#3307);
#2685=AXIS2_PLACEMENT_3D('',#4447,#3309,#3310);
#2686=AXIS2_PLACEMENT_3D('',#4449,#3311,#3312);
#2687=AXIS2_PLACEMENT_3D('',#4450,#3313,#3314);
#2688=AXIS2_PLACEMENT_3D('',#4451,#3315,#3316);
#2689=AXIS2_PLACEMENT_3D('',#4453,#3318,#3319);
#2690=AXIS2_PLACEMENT_3D('',#4455,#3320,#3321);
#2691=AXIS2_PLACEMENT_3D('',#4457,#3322,#3323);
#2692=AXIS2_PLACEMENT_3D('',#4466,#3324,#3325);
#2693=AXIS2_PLACEMENT_3D('',#4468,#3327,#3328);
#2694=AXIS2_PLACEMENT_3D('',#4469,#3329,#3330);
#2695=AXIS2_PLACEMENT_3D('',#4472,#3333,#3334);
#2696=AXIS2_PLACEMENT_3D('',#4473,#3335,#3336);
#2697=AXIS2_PLACEMENT_3D('',#4476,#3339,#3340);
#2698=AXIS2_PLACEMENT_3D('',#4482,#3343,#3344);
#2699=AXIS2_PLACEMENT_3D('',#4484,#3345,#3346);
#2700=AXIS2_PLACEMENT_3D('',#4486,#3348,#3349);
#2701=AXIS2_PLACEMENT_3D('',#4497,#3351,#3352);
#2702=AXIS2_PLACEMENT_3D('',#4500,#3354,#3355);
#2703=AXIS2_PLACEMENT_3D('',#4501,#3356,#3357);
#2704=AXIS2_PLACEMENT_3D('',#4512,#3359,#3360);
#2705=AXIS2_PLACEMENT_3D('',#4516,#3362,#3363);
#2706=AXIS2_PLACEMENT_3D('',#4518,#3364,#3365);
#2707=AXIS2_PLACEMENT_3D('',#4520,#3367,#3368);
#2708=AXIS2_PLACEMENT_3D('',#4524,#3370,#3371);
#2709=AXIS2_PLACEMENT_3D('',#4537,#3373,#3374);
#2710=AXIS2_PLACEMENT_3D('',#4538,#3375,#3376);
#2711=AXIS2_PLACEMENT_3D('',#4539,#3377,#3378);
#2712=AXIS2_PLACEMENT_3D('',#4540,#3379,#3380);
#2713=AXIS2_PLACEMENT_3D('',#4543,#3381,#3382);
#2714=AXIS2_PLACEMENT_3D('',#4544,#3383,#3384);
#2715=AXIS2_PLACEMENT_3D('',#4545,#3385,#3386);
#2716=AXIS2_PLACEMENT_3D('',#4556,#3387,#3388);
#2717=AXIS2_PLACEMENT_3D('',#4557,#3389,#3390);
#2718=AXIS2_PLACEMENT_3D('',#4558,#3391,#3392);
#2719=AXIS2_PLACEMENT_3D('',#4559,#3393,#3394);
#2720=AXIS2_PLACEMENT_3D('',#4561,#3396,#3397);
#2721=AXIS2_PLACEMENT_3D('',#4590,#3401,#3402);
#2722=AXIS2_PLACEMENT_3D('',#4591,#3403,#3404);
#2723=AXIS2_PLACEMENT_3D('',#4620,#3407,#3408);
#2724=AXIS2_PLACEMENT_3D('',#4710,#3409,#3410);
#2725=AXIS2_PLACEMENT_3D('',#4712,#3412,#3413);
#2726=AXIS2_PLACEMENT_3D('',#4713,#3414,#3415);
#2727=AXIS2_PLACEMENT_3D('',#4715,#3416,#3417);
#2728=AXIS2_PLACEMENT_3D('',#4727,#3419,#3420);
#2729=AXIS2_PLACEMENT_3D('',#4728,#3421,#3422);
#2730=AXIS2_PLACEMENT_3D('',#4729,#3423,#3424);
#2731=AXIS2_PLACEMENT_3D('',#4731,#3425,#3426);
#2732=AXIS2_PLACEMENT_3D('',#4732,#3427,#3428);
#2733=AXIS2_PLACEMENT_3D('',#4744,#3429,#3430);
#2734=AXIS2_PLACEMENT_3D('',#4745,#3431,#3432);
#2735=AXIS2_PLACEMENT_3D('',#4746,#3433,#3434);
#2736=AXIS2_PLACEMENT_3D('',#4747,#3435,#3436);
#2737=AXIS2_PLACEMENT_3D('',#4750,#3439,#3440);
#2738=AXIS2_PLACEMENT_3D('',#4752,#3442,#3443);
#2739=AXIS2_PLACEMENT_3D('',#4753,#3444,#3445);
#2740=AXIS2_PLACEMENT_3D('',#4755,#3446,#3447);
#2741=AXIS2_PLACEMENT_3D('',#4756,#3448,#3449);
#2742=AXIS2_PLACEMENT_3D('',#4757,#3450,#3451);
#2743=AXIS2_PLACEMENT_3D('',#4759,#3452,#3453);
#2744=AXIS2_PLACEMENT_3D('',#4760,#3454,#3455);
#2745=AXIS2_PLACEMENT_3D('',#4761,#3456,#3457);
#2746=AXIS2_PLACEMENT_3D('',#4762,#3458,#3459);
#2747=AXIS2_PLACEMENT_3D('',#4763,#3460,#3461);
#2748=AXIS2_PLACEMENT_3D('',#4765,#3463,#3464);
#2749=AXIS2_PLACEMENT_3D('',#4768,#3466,#3467);
#2750=AXIS2_PLACEMENT_3D('',#4769,#3468,#3469);
#2751=AXIS2_PLACEMENT_3D('',#4771,#3471,#3472);
#2752=AXIS2_PLACEMENT_3D('',#4773,#3473,#3474);
#2753=AXIS2_PLACEMENT_3D('',#4776,#3476,#3477);
#2754=AXIS2_PLACEMENT_3D('',#4777,#3478,#3479);
#2755=AXIS2_PLACEMENT_3D('',#4779,#3481,#3482);
#2756=AXIS2_PLACEMENT_3D('',#4781,#3484,#3485);
#2757=AXIS2_PLACEMENT_3D('',#4784,#3487,#3488);
#2758=AXIS2_PLACEMENT_3D('',#4785,#3489,#3490);
#2759=AXIS2_PLACEMENT_3D('',#4787,#3492,#3493);
#2760=AXIS2_PLACEMENT_3D('',#4789,#3494,#3495);
#2761=AXIS2_PLACEMENT_3D('',#4792,#3497,#3498);
#2762=AXIS2_PLACEMENT_3D('',#4793,#3499,#3500);
#2763=AXIS2_PLACEMENT_3D('',#4795,#3502,#3503);
#2764=AXIS2_PLACEMENT_3D('',#4797,#3505,#3506);
#2765=AXIS2_PLACEMENT_3D('',#4798,#3507,#3508);
#2766=DIRECTION('axis',(0.,0.,1.));
#2767=DIRECTION('refdir',(1.,0.,0.));
#2768=DIRECTION('center_axis',(1.,0.,0.));
#2769=DIRECTION('ref_axis',(0.,0.,1.));
#2770=DIRECTION('',(0.707106781186549,0.616837830396774,0.345703761899402));
#2771=DIRECTION('center_axis',(1.,-1.70803542250024E-16,0.));
#2772=DIRECTION('ref_axis',(0.,0.,1.));
#2773=DIRECTION('',(-0.707106781186545,0.616837830396778,-0.345703761899403));
#2774=DIRECTION('center_axis',(-1.,1.70803542250024E-16,0.));
#2775=DIRECTION('ref_axis',(0.,0.,1.));
#2776=DIRECTION('center_axis',(0.707106781186546,-0.616837830396777,-0.345703761899403));
#2777=DIRECTION('ref_axis',(-0.43921742609743,0.,-0.898380794881741));
#2778=DIRECTION('',(0.70710678118655,0.616837830396774,0.345703761899401));
#2779=DIRECTION('',(-8.35056722302865E-17,-0.488898948641533,0.872340425531915));
#2780=DIRECTION('',(8.35056722302865E-17,0.488898948641533,-0.872340425531915));
#2781=DIRECTION('center_axis',(1.,0.,0.));
#2782=DIRECTION('ref_axis',(1.13869028166683E-16,1.,1.19315126884258E-16));
#2783=DIRECTION('center_axis',(-1.,1.70803542250024E-16,0.));
#2784=DIRECTION('ref_axis',(0.,1.,1.19315126884258E-16));
#2785=DIRECTION('',(0.707106781186546,0.616837830396777,-0.345703761899402));
#2786=DIRECTION('center_axis',(1.,-1.70803542250024E-16,0.));
#2787=DIRECTION('ref_axis',(1.70803542250024E-16,1.,1.19315126884258E-16));
#2788=DIRECTION('center_axis',(0.707106781186546,-0.616837830396777,0.345703761899403));
#2789=DIRECTION('ref_axis',(0.43921742609743,0.,-0.898380794881741));
#2790=DIRECTION('',(0.707106781186549,0.616837830396774,-0.345703761899402));
#2791=DIRECTION('',(8.35056722302865E-17,0.488898948641533,0.872340425531915));
#2792=DIRECTION('',(-8.35056722302865E-17,-0.488898948641533,-0.872340425531915));
#2793=DIRECTION('center_axis',(1.,0.,0.));
#2794=DIRECTION('ref_axis',(0.,0.,-1.));
#2795=DIRECTION('',(0.707106781186545,-0.616837830396778,-0.345703761899403));
#2796=DIRECTION('center_axis',(1.,-1.70803542250024E-16,0.));
#2797=DIRECTION('ref_axis',(0.,0.,-1.));
#2798=DIRECTION('center_axis',(-1.,1.70803542250024E-16,0.));
#2799=DIRECTION('ref_axis',(0.,0.,-1.));
#2800=DIRECTION('center_axis',(0.707106781186547,0.616837830396776,0.345703761899403));
#2801=DIRECTION('ref_axis',(0.43921742609743,0.,-0.898380794881741));
#2802=DIRECTION('',(0.707106781186548,-0.616837830396775,-0.345703761899403));
#2803=DIRECTION('',(8.35056722302867E-17,0.488898948641535,-0.872340425531915));
#2804=DIRECTION('',(-8.35056722302867E-17,-0.488898948641535,0.872340425531915));
#2805=DIRECTION('center_axis',(1.,0.,0.));
#2806=DIRECTION('ref_axis',(-1.13869028166683E-16,-1.,4.37488798575613E-16));
#2807=DIRECTION('center_axis',(-1.,1.70803542250024E-16,0.));
#2808=DIRECTION('ref_axis',(0.,-1.,4.37488798575613E-16));
#2809=DIRECTION('',(0.707106781186548,-0.616837830396774,0.345703761899403));
#2810=DIRECTION('center_axis',(1.,-1.70803542250024E-16,0.));
#2811=DIRECTION('ref_axis',(-1.70803542250024E-16,-1.,4.37488798575613E-16));
#2812=DIRECTION('center_axis',(0.707106781186547,0.616837830396776,-0.345703761899403));
#2813=DIRECTION('ref_axis',(-0.43921742609743,0.,-0.898380794881741));
#2814=DIRECTION('',(-8.35056722302867E-17,-0.488898948641535,-0.872340425531915));
#2815=DIRECTION('',(8.35056722302867E-17,0.488898948641535,0.872340425531915));
#2816=DIRECTION('center_axis',(1.55849355865698E-16,0.872340425531916,-0.488898948641533));
#2817=DIRECTION('ref_axis',(-8.35056722302865E-17,-0.488898948641533,-0.872340425531915));
#2818=DIRECTION('',(1.,-1.78656578675312E-16,0.));
#2819=DIRECTION('center_axis',(1.55849355865698E-16,0.872340425531916,-0.488898948641533));
#2820=DIRECTION('ref_axis',(0.,-0.488898948641533,-0.872340425531916));
#2821=DIRECTION('',(-1.,1.78656578675312E-16,0.));
#2822=DIRECTION('center_axis',(-1.,1.78656578675312E-16,0.));
#2823=DIRECTION('ref_axis',(0.,1.,1.19315126884258E-16));
#2824=DIRECTION('',(-1.,1.78656578675312E-16,0.));
#2825=DIRECTION('center_axis',(1.55849355865698E-16,0.872340425531916,0.488898948641533));
#2826=DIRECTION('ref_axis',(8.35056722302865E-17,0.488898948641533,-0.872340425531915));
#2827=DIRECTION('',(-1.,1.78656578675312E-16,0.));
#2828=DIRECTION('center_axis',(1.55849355865698E-16,0.872340425531916,0.488898948641533));
#2829=DIRECTION('ref_axis',(0.,0.488898948641533,-0.872340425531916));
#2830=DIRECTION('center_axis',(-1.,1.78656578675312E-16,0.));
#2831=DIRECTION('ref_axis',(-2.18791207221339E-32,-1.22464679914735E-16,
1.));
#2832=DIRECTION('',(-1.,1.78656578675312E-16,0.));
#2833=DIRECTION('center_axis',(1.,3.41607084500048E-16,0.));
#2834=DIRECTION('ref_axis',(0.,0.,-1.));
#2835=DIRECTION('',(-1.,1.78656578675312E-16,0.));
#2836=DIRECTION('center_axis',(1.,-1.70803542250024E-16,0.));
#2837=DIRECTION('ref_axis',(0.,0.,-1.));
#2838=DIRECTION('center_axis',(-1.,1.70803542250024E-16,0.));
#2839=DIRECTION('ref_axis',(0.,0.,-1.));
#2840=DIRECTION('center_axis',(3.41607084500048E-16,-1.,6.58224749921255E-34));
#2841=DIRECTION('ref_axis',(-0.199999999999996,0.,0.979795897113272));
#2842=DIRECTION('',(3.41607084500048E-16,-1.,6.58224749921255E-34));
#2843=DIRECTION('center_axis',(0.,-0.707106781186547,-0.707106781186548));
#2844=DIRECTION('ref_axis',(-4.83105371902699E-16,0.707106781186548,-0.707106781186547));
#2845=DIRECTION('',(3.41607084500048E-16,-1.,6.58224749921255E-34));
#2846=DIRECTION('center_axis',(1.57009245868378E-15,0.707106781186547,-0.707106781186548));
#2847=DIRECTION('ref_axis',(-2.05319783058648E-15,0.707106781186548,0.707106781186547));
#2848=DIRECTION('center_axis',(2.24854237766373E-49,-6.58224749921255E-34,
-1.));
#2849=DIRECTION('ref_axis',(-0.199999999999995,-0.979795897113272,0.));
#2850=DIRECTION('',(2.24854237766373E-49,-6.58224749921255E-34,-1.));
#2851=DIRECTION('',(2.24854237766373E-49,-6.58224749921255E-34,-1.));
#2852=DIRECTION('center_axis',(0.,0.707106781186548,-0.707106781186548));
#2853=DIRECTION('ref_axis',(-3.17991912606269E-49,0.707106781186548,0.707106781186548));
#2854=DIRECTION('center_axis',(-3.41607084500048E-16,1.,-6.58224749921255E-34));
#2855=DIRECTION('ref_axis',(-0.199999999999995,0.,-0.979795897113272));
#2856=DIRECTION('',(-3.41607084500048E-16,1.,-6.58224749921255E-34));
#2857=DIRECTION('',(-3.41607084500048E-16,1.,-6.58224749921255E-34));
#2858=DIRECTION('center_axis',(0.,0.707106781186548,0.707106781186548));
#2859=DIRECTION('ref_axis',(4.831053719027E-16,-0.707106781186548,0.707106781186548));
#2860=DIRECTION('center_axis',(-2.24854237766373E-49,6.58224749921255E-34,
1.));
#2861=DIRECTION('ref_axis',(-0.199999999999995,0.979795897113272,0.));
#2862=DIRECTION('',(-2.24854237766373E-49,6.58224749921255E-34,1.));
#2863=DIRECTION('',(-2.24854237766373E-49,6.58224749921255E-34,1.));
#2864=DIRECTION('center_axis',(-1.,-3.41607084500048E-16,0.));
#2865=DIRECTION('ref_axis',(3.41607084500048E-16,-1.,0.));
#2866=DIRECTION('center_axis',(1.,3.41607084500048E-16,0.));
#2867=DIRECTION('ref_axis',(0.,-0.614856715412455,-0.788638839718288));
#2868=DIRECTION('',(0.,0.,1.));
#2869=DIRECTION('center_axis',(1.,3.41607084500048E-16,0.));
#2870=DIRECTION('ref_axis',(0.,-0.707106781186546,0.707106781186549));
#2871=DIRECTION('',(3.41607084500048E-16,-1.,0.));
#2872=DIRECTION('',(0.,0.,1.));
#2873=DIRECTION('',(3.41607084500048E-16,-1.,6.56017384799178E-32));
#2874=DIRECTION('center_axis',(-1.,-3.41607084500048E-16,0.));
#2875=DIRECTION('ref_axis',(0.,-0.707106781186547,0.707106781186548));
#2876=DIRECTION('',(0.,0.,-1.));
#2877=DIRECTION('center_axis',(-1.,-3.41607084500048E-16,0.));
#2878=DIRECTION('ref_axis',(0.,-0.707106781186547,-0.707106781186548));
#2879=DIRECTION('',(-3.41607084500048E-16,1.,0.));
#2880=DIRECTION('',(0.,0.,1.));
#2881=DIRECTION('',(-3.41607084500048E-16,1.,0.));
#2882=DIRECTION('center_axis',(1.,3.41607084500048E-16,0.));
#2883=DIRECTION('ref_axis',(0.,-0.707106781186546,-0.707106781186549));
#2884=DIRECTION('',(0.,0.,1.));
#2885=DIRECTION('center_axis',(1.,3.41607084500048E-16,0.));
#2886=DIRECTION('ref_axis',(0.,-0.614856715412471,0.788638839718275));
#2887=DIRECTION('center_axis',(1.,3.41607084500048E-16,0.));
#2888=DIRECTION('ref_axis',(-1.38777878078144E-17,0.0499999999999998,-0.998749217771909));
#2889=DIRECTION('center_axis',(-1.,-3.41607084500048E-16,0.));
#2890=DIRECTION('ref_axis',(0.,0.707106781186546,-0.707106781186549));
#2891=DIRECTION('',(-2.27128894978046E-31,6.64883444412331E-16,1.));
#2892=DIRECTION('center_axis',(-1.,-3.41607084500048E-16,0.));
#2893=DIRECTION('ref_axis',(0.,0.707106781186548,0.707106781186547));
#2894=DIRECTION('center_axis',(-1.,-3.41607084500048E-16,0.));
#2895=DIRECTION('ref_axis',(2.08166817117217E-17,-0.0750000000000001,0.997183533758957));
#2896=DIRECTION('center_axis',(1.,3.41607084500048E-16,0.));
#2897=DIRECTION('ref_axis',(0.,-0.828653526310404,-0.559761854124888));
#2898=DIRECTION('',(0.,0.,1.));
#2899=DIRECTION('center_axis',(1.,3.41607084500048E-16,0.));
#2900=DIRECTION('ref_axis',(0.,-0.828653526310404,0.559761854124889));
#2901=DIRECTION('center_axis',(-1.,-3.41607084500048E-16,0.));
#2902=DIRECTION('ref_axis',(-1.11022302462516E-16,0.4,-0.916515138991168));
#2903=DIRECTION('center_axis',(-1.,-3.41607084500048E-16,0.));
#2904=DIRECTION('ref_axis',(0.,0.707106781186546,-0.707106781186549));
#2905=DIRECTION('',(7.57096316593487E-32,-2.2162781480411E-16,1.));
#2906=DIRECTION('center_axis',(-1.,-3.41607084500048E-16,0.));
#2907=DIRECTION('ref_axis',(0.,0.707106781186548,0.707106781186547));
#2908=DIRECTION('center_axis',(1.,3.41607084500048E-16,0.));
#2909=DIRECTION('ref_axis',(7.40148683083439E-17,-0.266666666666667,0.963788819653397));
#2910=DIRECTION('',(3.41607084500048E-16,-1.,6.58224749921255E-34));
#2911=DIRECTION('',(2.24854237766373E-49,-6.58224749921255E-34,-1.));
#2912=DIRECTION('',(-3.41607084500048E-16,1.,-6.58224749921255E-34));
#2913=DIRECTION('',(-2.24854237766373E-49,6.58224749921255E-34,1.));
#2914=DIRECTION('',(-3.41607084500048E-16,1.,6.58224749921255E-34));
#2915=DIRECTION('',(2.24854237766373E-49,-6.58224749921255E-34,1.));
#2916=DIRECTION('',(3.41607084500048E-16,-1.,-6.58224749921255E-34));
#2917=DIRECTION('',(-2.24854237766373E-49,6.58224749921255E-34,-1.));
#2918=DIRECTION('',(1.67011344460573E-16,-0.488898948641535,-0.872340425531915));
#2919=DIRECTION('center_axis',(-1.,-3.41607084500048E-16,0.));
#2920=DIRECTION('ref_axis',(0.,-1.,4.37488798575613E-16));
#2921=DIRECTION('',(-1.67011344460573E-16,0.488898948641535,-0.872340425531915));
#2922=DIRECTION('center_axis',(1.,3.41607084500048E-16,0.));
#2923=DIRECTION('ref_axis',(0.,0.,-1.));
#2924=DIRECTION('',(-1.67011344460573E-16,0.488898948641533,0.872340425531915));
#2925=DIRECTION('center_axis',(-1.,-3.41607084500048E-16,0.));
#2926=DIRECTION('ref_axis',(0.,1.,1.19315126884258E-16));
#2927=DIRECTION('',(1.67011344460573E-16,-0.488898948641533,0.872340425531915));
#2928=DIRECTION('',(-3.41607084500048E-16,1.,6.58224749921255E-34));
#2929=DIRECTION('',(2.24854237766373E-49,-6.58224749921255E-34,1.));
#2930=DIRECTION('',(3.41607084500048E-16,-1.,-6.58224749921255E-34));
#2931=DIRECTION('',(-2.24854237766373E-49,6.58224749921255E-34,-1.));
#2932=DIRECTION('center_axis',(3.41607084500048E-16,-1.,6.58224749921255E-34));
#2933=DIRECTION('ref_axis',(-0.199999999999995,0.,0.979795897113272));
#2934=DIRECTION('center_axis',(0.,0.707106781186548,-0.707106781186548));
#2935=DIRECTION('ref_axis',(-4.831053719027E-16,0.707106781186548,0.707106781186548));
#2936=DIRECTION('',(3.41607084500048E-16,-1.,6.58224749921255E-34));
#2937=DIRECTION('center_axis',(-2.35513868802568E-15,-0.70710678118655,
-0.707106781186545));
#2938=DIRECTION('ref_axis',(-2.8382440599284E-15,0.707106781186545,-0.70710678118655));
#2939=DIRECTION('center_axis',(-2.24854237766373E-49,6.58224749921255E-34,
1.));
#2940=DIRECTION('ref_axis',(-0.199999999999995,0.979795897113272,0.));
#2941=DIRECTION('',(-2.24854237766373E-49,6.58224749921255E-34,1.));
#2942=DIRECTION('center_axis',(0.,0.707106781186548,0.707106781186548));
#2943=DIRECTION('ref_axis',(4.831053719027E-16,-0.707106781186548,0.707106781186548));
#2944=DIRECTION('center_axis',(2.24854237766373E-49,-6.58224749921255E-34,
-1.));
#2945=DIRECTION('ref_axis',(-0.199999999999996,-0.979795897113272,0.));
#2946=DIRECTION('',(2.24854237766373E-49,-6.58224749921255E-34,-1.));
#2947=DIRECTION('center_axis',(0.,0.70710678118655,-0.707106781186546));
#2948=DIRECTION('ref_axis',(-3.17991912606268E-49,0.707106781186546,0.70710678118655));
#2949=DIRECTION('center_axis',(-3.41607084500048E-16,1.,-6.58224749921255E-34));
#2950=DIRECTION('ref_axis',(-0.199999999999995,0.,-0.979795897113272));
#2951=DIRECTION('',(-3.41607084500048E-16,1.,-6.58224749921255E-34));
#2952=DIRECTION('center_axis',(-1.,0.,0.));
#2953=DIRECTION('ref_axis',(0.,0.,1.));
#2954=DIRECTION('center_axis',(-1.,0.,0.));
#2955=DIRECTION('ref_axis',(0.,0.,1.));
#2956=DIRECTION('center_axis',(-3.41607084500048E-16,1.,6.58224749921255E-34));
#2957=DIRECTION('ref_axis',(-0.199999999999996,0.,-0.979795897113272));
#2958=DIRECTION('center_axis',(0.,-0.707106781186547,0.707106781186548));
#2959=DIRECTION('ref_axis',(4.83105371902699E-16,-0.707106781186548,-0.707106781186547));
#2960=DIRECTION('',(3.41607084500048E-16,-1.,-6.58224749921255E-34));
#2961=DIRECTION('center_axis',(1.57009245868378E-15,0.707106781186547,0.707106781186548));
#2962=DIRECTION('ref_axis',(2.05319783058648E-15,-0.707106781186548,0.707106781186547));
#2963=DIRECTION('center_axis',(-2.24854237766373E-49,6.58224749921255E-34,
-1.));
#2964=DIRECTION('ref_axis',(-0.199999999999995,-0.979795897113272,0.));
#2965=DIRECTION('center_axis',(0.,0.707106781186548,0.707106781186548));
#2966=DIRECTION('ref_axis',(3.17991912606269E-49,-0.707106781186548,0.707106781186548));
#2967=DIRECTION('',(2.24854237766373E-49,-6.58224749921255E-34,1.));
#2968=DIRECTION('center_axis',(3.41607084500048E-16,-1.,-6.58224749921255E-34));
#2969=DIRECTION('ref_axis',(-0.199999999999995,0.,0.979795897113272));
#2970=DIRECTION('',(-3.41607084500048E-16,1.,6.58224749921255E-34));
#2971=DIRECTION('center_axis',(0.,0.707106781186548,-0.707106781186548));
#2972=DIRECTION('ref_axis',(-4.831053719027E-16,0.707106781186548,0.707106781186548));
#2973=DIRECTION('center_axis',(2.24854237766373E-49,-6.58224749921255E-34,
1.));
#2974=DIRECTION('ref_axis',(-0.199999999999995,0.979795897113272,0.));
#2975=DIRECTION('',(-2.24854237766373E-49,6.58224749921255E-34,-1.));
#2976=DIRECTION('center_axis',(3.41607084500048E-16,-1.,-6.58224749921255E-34));
#2977=DIRECTION('ref_axis',(-0.199999999999995,0.,0.979795897113272));
#2978=DIRECTION('center_axis',(0.,0.707106781186548,-0.707106781186548));
#2979=DIRECTION('ref_axis',(-4.831053719027E-16,0.707106781186548,0.707106781186548));
#2980=DIRECTION('',(-3.41607084500048E-16,1.,6.58224749921255E-34));
#2981=DIRECTION('center_axis',(0.,0.70710678118655,0.707106781186546));
#2982=DIRECTION('ref_axis',(3.17991912606268E-49,-0.707106781186546,0.70710678118655));
#2983=DIRECTION('center_axis',(-3.41607084500048E-16,1.,6.58224749921255E-34));
#2984=DIRECTION('ref_axis',(-0.199999999999995,0.,-0.979795897113272));
#2985=DIRECTION('center_axis',(-2.35513868802568E-15,-0.70710678118655,
0.707106781186545));
#2986=DIRECTION('ref_axis',(2.8382440599284E-15,-0.707106781186545,-0.70710678118655));
#2987=DIRECTION('',(3.41607084500048E-16,-1.,-6.58224749921255E-34));
#2988=DIRECTION('center_axis',(0.,0.707106781186548,0.707106781186548));
#2989=DIRECTION('ref_axis',(4.831053719027E-16,-0.707106781186548,0.707106781186548));
#2990=DIRECTION('center_axis',(-2.24854237766373E-49,6.58224749921255E-34,
-1.));
#2991=DIRECTION('ref_axis',(-0.199999999999996,-0.979795897113272,0.));
#2992=DIRECTION('',(2.24854237766373E-49,-6.58224749921255E-34,1.));
#2993=DIRECTION('center_axis',(2.24854237766373E-49,-6.58224749921255E-34,
1.));
#2994=DIRECTION('ref_axis',(-0.199999999999995,0.979795897113272,0.));
#2995=DIRECTION('',(-2.24854237766373E-49,6.58224749921255E-34,-1.));
#2996=DIRECTION('center_axis',(1.,0.,0.));
#2997=DIRECTION('ref_axis',(0.,0.,-1.));
#2998=DIRECTION('center_axis',(1.,0.,0.));
#2999=DIRECTION('ref_axis',(0.,0.,-1.));
#3000=DIRECTION('center_axis',(0.,0.,1.));
#3001=DIRECTION('ref_axis',(1.,0.,0.));
#3002=DIRECTION('center_axis',(0.,0.,1.));
#3003=DIRECTION('ref_axis',(0.879661436089443,-0.47560041826838,0.));
#3004=DIRECTION('center_axis',(-8.35335532043892E-33,-1.,0.));
#3005=DIRECTION('ref_axis',(1.,-8.35335532043892E-33,0.));
#3006=DIRECTION('center_axis',(0.,0.,-1.));
#3007=DIRECTION('ref_axis',(0.879661436089443,-0.47560041826838,0.));
#3008=DIRECTION('center_axis',(1.,0.,0.));
#3009=DIRECTION('ref_axis',(0.,0.707106781186557,-0.707106781186538));
#3010=DIRECTION('',(-1.,0.,0.));
#3011=DIRECTION('',(1.,0.,0.));
#3012=DIRECTION('center_axis',(0.,0.,1.));
#3013=DIRECTION('ref_axis',(1.,0.,0.));
#3014=DIRECTION('center_axis',(0.,0.,-1.));
#3015=DIRECTION('ref_axis',(-0.879661436089443,-0.47560041826838,0.));
#3016=DIRECTION('center_axis',(-8.35335532043892E-33,-1.,0.));
#3017=DIRECTION('ref_axis',(-1.,8.35335532043892E-33,0.));
#3018=DIRECTION('center_axis',(0.,0.,1.));
#3019=DIRECTION('ref_axis',(-0.879661436089443,-0.47560041826838,0.));
#3020=DIRECTION('center_axis',(0.,0.,1.));
#3021=DIRECTION('ref_axis',(-0.547608484285884,0.836734693877406,0.));
#3022=DIRECTION('',(0.,0.,1.));
#3023=DIRECTION('center_axis',(0.,0.,-1.));
#3024=DIRECTION('ref_axis',(0.932527509866958,-0.361098938438387,0.));
#3025=DIRECTION('',(0.,0.,1.));
#3026=DIRECTION('center_axis',(0.,1.,0.));
#3027=DIRECTION('ref_axis',(-1.,0.,0.));
#3028=DIRECTION('',(0.,0.,-1.));
#3029=DIRECTION('',(1.,0.,0.));
#3030=DIRECTION('',(-1.,0.,-1.9203857723246E-16));
#3031=DIRECTION('',(0.,0.,-1.));
#3032=DIRECTION('',(-1.,0.,0.));
#3033=DIRECTION('',(0.,0.,1.));
#3034=DIRECTION('',(-1.,0.,-1.9203857723246E-16));
#3035=DIRECTION('',(2.40548322002117E-16,0.,1.));
#3036=DIRECTION('center_axis',(0.,1.,0.));
#3037=DIRECTION('ref_axis',(-0.707106781186547,0.,-0.707106781186548));
#3038=DIRECTION('',(-1.,0.,0.));
#3039=DIRECTION('center_axis',(0.,1.,0.));
#3040=DIRECTION('ref_axis',(-0.707106781186547,0.,0.707106781186548));
#3041=DIRECTION('',(-1.85037170770859E-16,0.,-1.));
#3042=DIRECTION('center_axis',(0.,1.,0.));
#3043=DIRECTION('ref_axis',(-0.707106781186548,0.,-0.707106781186548));
#3044=DIRECTION('',(1.,0.,9.3492465231592E-16));
#3045=DIRECTION('center_axis',(0.,1.,0.));
#3046=DIRECTION('ref_axis',(-0.707106781186548,0.,0.707106781186547));
#3047=DIRECTION('',(2.40548322002117E-16,0.,1.));
#3048=DIRECTION('',(1.,0.,0.));
#3049=DIRECTION('center_axis',(0.,-1.,0.));
#3050=DIRECTION('ref_axis',(1.,0.,0.));
#3051=DIRECTION('center_axis',(0.,0.,1.));
#3052=DIRECTION('ref_axis',(0.547608484285884,-0.836734693877406,0.));
#3053=DIRECTION('',(0.,0.,1.));
#3054=DIRECTION('center_axis',(0.,0.,-1.));
#3055=DIRECTION('ref_axis',(-0.932527509866958,-0.361098938438387,0.));
#3056=DIRECTION('center_axis',(8.35335532043892E-33,1.,0.));
#3057=DIRECTION('ref_axis',(-1.,8.35335532043892E-33,0.));
#3058=DIRECTION('',(1.,-8.35335532043892E-33,0.));
#3059=DIRECTION('',(1.,-8.35335532043892E-33,0.));
#3060=DIRECTION('center_axis',(-8.35335532043892E-33,-1.,0.));
#3061=DIRECTION('ref_axis',(-1.,8.35335532043892E-33,0.));
#3062=DIRECTION('center_axis',(-8.35335532043892E-33,-1.,0.));
#3063=DIRECTION('ref_axis',(1.,1.53134210293125E-16,0.));
#3064=DIRECTION('center_axis',(0.,0.,-1.));
#3065=DIRECTION('ref_axis',(-1.,0.,0.));
#3066=DIRECTION('center_axis',(0.,0.,-1.));
#3067=DIRECTION('ref_axis',(-0.879661436089443,-0.47560041826838,0.));
#3068=DIRECTION('center_axis',(-8.35335532043892E-33,-1.,0.));
#3069=DIRECTION('ref_axis',(-1.,8.35335532043892E-33,0.));
#3070=DIRECTION('center_axis',(0.,0.,1.));
#3071=DIRECTION('ref_axis',(-0.879661436089443,-0.47560041826838,0.));
#3072=DIRECTION('center_axis',(-1.,0.,0.));
#3073=DIRECTION('ref_axis',(0.,0.707106781186557,0.707106781186538));
#3074=DIRECTION('',(1.,0.,0.));
#3075=DIRECTION('center_axis',(0.,0.,-1.));
#3076=DIRECTION('ref_axis',(-1.,0.,0.));
#3077=DIRECTION('center_axis',(0.,0.,1.));
#3078=DIRECTION('ref_axis',(0.879661436089443,-0.47560041826838,0.));
#3079=DIRECTION('center_axis',(-8.35335532043892E-33,-1.,0.));
#3080=DIRECTION('ref_axis',(1.,-8.35335532043892E-33,0.));
#3081=DIRECTION('center_axis',(0.,0.,-1.));
#3082=DIRECTION('ref_axis',(0.879661436089443,-0.47560041826838,0.));
#3083=DIRECTION('center_axis',(0.,0.,1.));
#3084=DIRECTION('ref_axis',(0.547608484285884,-0.836734693877406,0.));
#3085=DIRECTION('center_axis',(-1.9203857723246E-16,0.,1.));
#3086=DIRECTION('ref_axis',(-0.932527509866958,-0.361098938438387,-1.81260901979617E-16));
#3087=DIRECTION('',(0.,0.,1.));
#3088=DIRECTION('center_axis',(0.,0.,1.));
#3089=DIRECTION('ref_axis',(-0.547608484285884,0.836734693877406,0.));
#3090=DIRECTION('',(0.,0.,1.));
#3091=DIRECTION('center_axis',(-1.9203857723246E-16,0.,1.));
#3092=DIRECTION('ref_axis',(0.932527509866958,-0.361098938438387,1.81260901979617E-16));
#3093=DIRECTION('center_axis',(8.35335532043892E-33,1.,0.));
#3094=DIRECTION('ref_axis',(-1.,8.35335532043892E-33,0.));
#3095=DIRECTION('',(-1.,8.35335532043892E-33,0.));
#3096=DIRECTION('center_axis',(-8.35335532043892E-33,-1.,0.));
#3097=DIRECTION('ref_axis',(0.707106781186546,0.,0.707106781186549));
#3098=DIRECTION('',(0.,0.,1.));
#3099=DIRECTION('',(-1.,8.35335532043892E-33,0.));
#3100=DIRECTION('center_axis',(-8.35335532043892E-33,-1.,0.));
#3101=DIRECTION('ref_axis',(-0.707106781186549,0.,-0.707106781186546));
#3102=DIRECTION('',(2.40548322002117E-16,-2.00938560541904E-48,1.));
#3103=DIRECTION('center_axis',(8.35335532043892E-33,1.,0.));
#3104=DIRECTION('ref_axis',(0.707106781186548,0.,0.707106781186548));
#3105=DIRECTION('center_axis',(-8.35335532043892E-33,-1.,0.));
#3106=DIRECTION('ref_axis',(1.,-8.35335532043892E-33,1.9203857723246E-16));
#3107=DIRECTION('center_axis',(-8.35335532043892E-33,-1.,0.));
#3108=DIRECTION('ref_axis',(1.,1.53134210293125E-16,0.));
#3109=DIRECTION('center_axis',(-1.,1.78656578675312E-16,0.));
#3110=DIRECTION('ref_axis',(0.,-1.,4.37488798575613E-16));
#3111=DIRECTION('',(-1.,1.78656578675312E-16,0.));
#3112=DIRECTION('',(1.,-1.78656578675312E-16,0.));
#3113=DIRECTION('center_axis',(-1.55849355865698E-16,-0.872340425531915,
-0.488898948641535));
#3114=DIRECTION('ref_axis',(-8.35056722302867E-17,-0.488898948641535,0.872340425531915));
#3115=DIRECTION('',(-1.,1.78656578675312E-16,0.));
#3116=DIRECTION('center_axis',(-1.,1.78656578675312E-16,0.));
#3117=DIRECTION('ref_axis',(0.,1.,1.19315126884258E-16));
#3118=DIRECTION('',(-1.,1.78656578675312E-16,0.));
#3119=DIRECTION('',(1.,-1.78656578675312E-16,0.));
#3120=DIRECTION('center_axis',(1.55849355865698E-16,0.872340425531916,0.488898948641533));
#3121=DIRECTION('ref_axis',(8.35056722302865E-17,0.488898948641533,-0.872340425531915));
#3122=DIRECTION('center_axis',(1.55849355865698E-16,0.872340425531916,0.488898948641533));
#3123=DIRECTION('ref_axis',(0.,0.488898948641533,-0.872340425531916));
#3124=DIRECTION('center_axis',(0.,1.,0.));
#3125=DIRECTION('ref_axis',(1.,0.,0.));
#3126=DIRECTION('',(0.,-1.,0.));
#3127=DIRECTION('center_axis',(1.55849355865698E-16,0.872340425531916,-0.488898948641533));
#3128=DIRECTION('ref_axis',(0.,-0.488898948641533,-0.872340425531916));
#3129=DIRECTION('center_axis',(-1.,1.78656578675312E-16,0.));
#3130=DIRECTION('ref_axis',(0.,0.,-1.));
#3131=DIRECTION('',(-1.,1.78656578675312E-16,0.));
#3132=DIRECTION('center_axis',(1.55849355865698E-16,0.872340425531916,-0.488898948641533));
#3133=DIRECTION('ref_axis',(-8.35056722302865E-17,-0.488898948641533,-0.872340425531915));
#3134=DIRECTION('center_axis',(1.,2.77555756156289E-16,0.));
#3135=DIRECTION('ref_axis',(0.,0.707106781186546,-0.707106781186549));
#3136=DIRECTION('center_axis',(-1.,-3.41607084500048E-16,0.));
#3137=DIRECTION('ref_axis',(0.,0.707106781186546,-0.707106781186549));
#3138=DIRECTION('',(-1.,-2.77555756156289E-16,0.));
#3139=DIRECTION('',(1.,2.77555756156289E-16,0.));
#3140=DIRECTION('center_axis',(1.,2.77555756156289E-16,0.));
#3141=DIRECTION('ref_axis',(-1.38777878078144E-17,0.0499999999999998,-0.998749217771909));
#3142=DIRECTION('',(-1.,-2.77555756156289E-16,0.));
#3143=DIRECTION('center_axis',(1.,3.41607084500048E-16,0.));
#3144=DIRECTION('ref_axis',(-1.38777878078144E-17,0.0499999999999998,-0.998749217771909));
#3145=DIRECTION('center_axis',(1.,2.77555756156289E-16,0.));
#3146=DIRECTION('ref_axis',(0.,0.707106781186548,0.707106781186547));
#3147=DIRECTION('center_axis',(-1.,-3.41607084500048E-16,0.));
#3148=DIRECTION('ref_axis',(0.,0.707106781186548,0.707106781186547));
#3149=DIRECTION('',(-1.,-2.77555756156289E-16,0.));
#3150=DIRECTION('',(1.,2.77555756156289E-16,0.));
#3151=DIRECTION('center_axis',(-2.77555756156289E-16,1.,-6.64883444412331E-16));
#3152=DIRECTION('ref_axis',(-2.27128894978046E-31,6.64883444412331E-16,
1.));
#3153=DIRECTION('',(-2.27128894978046E-31,6.64883444412331E-16,1.));
#3154=DIRECTION('center_axis',(1.,2.77555756156289E-16,0.));
#3155=DIRECTION('ref_axis',(0.,0.707106781186548,0.707106781186547));
#3156=DIRECTION('center_axis',(-1.,-3.41607084500048E-16,0.));
#3157=DIRECTION('ref_axis',(0.,0.707106781186548,0.707106781186547));
#3158=DIRECTION('',(-1.,-2.77555756156289E-16,0.));
#3159=DIRECTION('',(1.,2.77555756156289E-16,0.));
#3160=DIRECTION('center_axis',(1.,2.77555756156289E-16,0.));
#3161=DIRECTION('ref_axis',(7.40148683083439E-17,-0.266666666666667,0.963788819653397));
#3162=DIRECTION('center_axis',(1.,3.41607084500048E-16,0.));
#3163=DIRECTION('ref_axis',(7.40148683083439E-17,-0.266666666666667,0.963788819653397));
#3164=DIRECTION('',(1.,2.77555756156289E-16,0.));
#3165=DIRECTION('center_axis',(1.,2.77555756156289E-16,0.));
#3166=DIRECTION('ref_axis',(0.,0.707106781186546,-0.707106781186549));
#3167=DIRECTION('center_axis',(-1.,-3.41607084500048E-16,0.));
#3168=DIRECTION('ref_axis',(0.,0.707106781186546,-0.707106781186549));
#3169=DIRECTION('',(-1.,-2.77555756156289E-16,0.));
#3170=DIRECTION('',(1.,2.77555756156289E-16,0.));
#3171=DIRECTION('center_axis',(-1.,-3.41607084500048E-16,0.));
#3172=DIRECTION('ref_axis',(0.,0.,1.));
#3173=DIRECTION('',(7.57096316593487E-32,-2.2162781480411E-16,1.));
#3174=DIRECTION('center_axis',(-1.,-3.41607084500048E-16,0.));
#3175=DIRECTION('ref_axis',(-1.11022302462516E-16,0.4,-0.916515138991168));
#3176=DIRECTION('center_axis',(1.,3.41607084500048E-16,0.));
#3177=DIRECTION('ref_axis',(0.,-0.828653526310404,0.559761854124889));
#3178=DIRECTION('',(0.,0.,-1.));
#3179=DIRECTION('center_axis',(1.,3.41607084500048E-16,0.));
#3180=DIRECTION('ref_axis',(0.,-0.614856715412455,-0.788638839718288));
#3181=DIRECTION('center_axis',(1.,2.77555756156289E-16,0.));
#3182=DIRECTION('ref_axis',(-1.11022302462516E-16,0.4,-0.916515138991168));
#3183=DIRECTION('',(-1.,-2.77555756156289E-16,0.));
#3184=DIRECTION('center_axis',(1.,2.77555756156289E-16,0.));
#3185=DIRECTION('ref_axis',(0.,-0.614856715412455,-0.788638839718288));
#3186=DIRECTION('',(-1.,-1.53134210293125E-16,0.));
#3187=DIRECTION('center_axis',(1.53134210293125E-16,-1.,0.));
#3188=DIRECTION('ref_axis',(1.,1.53134210293125E-16,0.));
#3189=DIRECTION('',(1.,1.53134210293125E-16,-5.00709789996631E-17));
#3190=DIRECTION('',(-1.,-1.53134210293125E-16,-5.0070978999663E-17));
#3191=DIRECTION('',(0.,0.,-1.));
#3192=DIRECTION('',(1.,1.53134210293125E-16,0.));
#3193=DIRECTION('',(-1.,-1.53134210293125E-16,0.));
#3194=DIRECTION('',(0.,0.,-1.));
#3195=DIRECTION('',(1.,1.53134210293125E-16,0.));
#3196=DIRECTION('center_axis',(-1.53134210293125E-16,1.,0.));
#3197=DIRECTION('ref_axis',(1.,1.53134210293125E-16,0.));
#3198=DIRECTION('center_axis',(-1.53134210293125E-16,1.,0.));
#3199=DIRECTION('ref_axis',(1.,1.53134210293125E-16,0.));
#3200=DIRECTION('center_axis',(-1.,-2.77555756156289E-16,0.));
#3201=DIRECTION('ref_axis',(0.,-0.614856715412471,0.788638839718275));
#3202=DIRECTION('center_axis',(1.,3.41607084500048E-16,0.));
#3203=DIRECTION('ref_axis',(0.,-0.614856715412471,0.788638839718275));
#3204=DIRECTION('center_axis',(-1.,-1.53134210293125E-16,5.00709789996631E-17));
#3205=DIRECTION('ref_axis',(0.,-0.828653526310404,0.559761854124889));
#3206=DIRECTION('center_axis',(1.,1.53134210293125E-16,5.0070978999663E-17));
#3207=DIRECTION('ref_axis',(0.,-0.828653526310404,-0.559761854124888));
#3208=DIRECTION('',(1.,2.77555756156289E-16,0.));
#3209=DIRECTION('center_axis',(1.,3.41607084500048E-16,0.));
#3210=DIRECTION('ref_axis',(0.,-0.828653526310404,-0.559761854124888));
#3211=DIRECTION('center_axis',(-2.77555756156289E-16,1.,2.2162781480411E-16));
#3212=DIRECTION('ref_axis',(7.57096316593487E-32,-2.2162781480411E-16,1.));
#3213=DIRECTION('center_axis',(1.,2.77555756156289E-16,0.));
#3214=DIRECTION('ref_axis',(2.08166817117217E-17,-0.0750000000000001,0.997183533758957));
#3215=DIRECTION('center_axis',(-1.,-3.41607084500048E-16,0.));
#3216=DIRECTION('ref_axis',(2.08166817117217E-17,-0.0750000000000001,0.997183533758957));
#3217=DIRECTION('center_axis',(-1.,-3.41607084500048E-16,0.));
#3218=DIRECTION('ref_axis',(0.,0.,1.));
#3219=DIRECTION('center_axis',(0.,0.,1.));
#3220=DIRECTION('ref_axis',(1.,0.,0.));
#3221=DIRECTION('center_axis',(-8.35335532043892E-33,-1.,0.));
#3222=DIRECTION('ref_axis',(1.,-8.35335532043892E-33,0.));
#3223=DIRECTION('center_axis',(0.578947368421053,0.815364914991035,-4.5261845104729E-16));
#3224=DIRECTION('ref_axis',(-0.815364914991035,0.578947368421053,0.));
#3225=DIRECTION('center_axis',(0.,0.,1.));
#3226=DIRECTION('ref_axis',(0.932527509866958,-0.361098938438387,0.));
#3227=DIRECTION('center_axis',(8.35335532043892E-33,1.,0.));
#3228=DIRECTION('ref_axis',(-1.,8.35335532043892E-33,0.));
#3229=DIRECTION('center_axis',(8.35335532043892E-33,1.,0.));
#3230=DIRECTION('ref_axis',(0.707106781186547,0.,-0.707106781186548));
#3231=DIRECTION('',(2.40548322002117E-16,-2.00938560541904E-48,1.));
#3232=DIRECTION('center_axis',(-8.35335532043892E-33,-1.,0.));
#3233=DIRECTION('ref_axis',(-0.707106781186548,0.,0.707106781186547));
#3234=DIRECTION('',(1.,-8.35335532043892E-33,0.));
#3235=DIRECTION('',(0.,0.,1.));
#3236=DIRECTION('center_axis',(-8.35335532043892E-33,-1.,0.));
#3237=DIRECTION('ref_axis',(0.707106781186546,0.,-0.707106781186549));
#3238=DIRECTION('',(1.,-8.35335532043892E-33,0.));
#3239=DIRECTION('center_axis',(-8.35335532043892E-33,-1.,0.));
#3240=DIRECTION('ref_axis',(1.,1.53134210293125E-16,0.));
#3241=DIRECTION('center_axis',(0.,0.,-1.));
#3242=DIRECTION('ref_axis',(1.,-8.35335532043892E-33,0.));
#3243=DIRECTION('',(-1.,0.,0.));
#3244=DIRECTION('',(0.,-1.,0.));
#3245=DIRECTION('center_axis',(1.9203857723246E-16,0.,-1.));
#3246=DIRECTION('ref_axis',(-1.,0.,0.));
#3247=DIRECTION('center_axis',(1.9203857723246E-16,0.,-1.));
#3248=DIRECTION('ref_axis',(0.932527509866958,-0.361098938438387,1.79081256224979E-16));
#3249=DIRECTION('center_axis',(0.578947368421053,0.815364914991035,4.52618451047289E-16));
#3250=DIRECTION('ref_axis',(0.,5.55111512312577E-16,-1.));
#3251=DIRECTION('center_axis',(-1.,0.,-1.9203857723246E-16));
#3252=DIRECTION('ref_axis',(0.,-0.707106781186547,0.707106781186548));
#3253=DIRECTION('',(1.,0.,1.9203857723246E-16));
#3254=DIRECTION('center_axis',(-1.,-1.11022302462516E-15,0.));
#3255=DIRECTION('ref_axis',(0.,0.,1.));
#3256=DIRECTION('center_axis',(-1.9203857723246E-16,0.,1.));
#3257=DIRECTION('ref_axis',(-1.,8.35335532043892E-33,-1.9203857723246E-16));
#3258=DIRECTION('',(0.,1.,0.));
#3259=DIRECTION('center_axis',(1.9203857723246E-16,0.,-1.));
#3260=DIRECTION('ref_axis',(-1.,0.,0.));
#3261=DIRECTION('center_axis',(-8.35335532043892E-33,-1.,0.));
#3262=DIRECTION('ref_axis',(-1.,8.35335532043892E-33,-1.9203857723246E-16));
#3263=DIRECTION('center_axis',(-0.578947368421053,0.815364914991035,6.42760698467196E-16));
#3264=DIRECTION('ref_axis',(0.815364914991035,0.578947368421053,2.22044604925031E-15));
#3265=DIRECTION('center_axis',(1.9203857723246E-16,0.,-1.));
#3266=DIRECTION('ref_axis',(-0.932527509866958,-0.361098938438387,-1.79081256224979E-16));
#3267=DIRECTION('center_axis',(8.35335532043892E-33,1.,0.));
#3268=DIRECTION('ref_axis',(-1.,8.35335532043892E-33,0.));
#3269=DIRECTION('',(-1.,8.35335532043892E-33,-1.9203857723246E-16));
#3270=DIRECTION('',(-1.,8.35335532043892E-33,0.));
#3271=DIRECTION('center_axis',(-8.35335532043892E-33,-1.,0.));
#3272=DIRECTION('ref_axis',(1.,1.53134210293125E-16,0.));
#3273=DIRECTION('center_axis',(-1.9203857723246E-16,0.,1.));
#3274=DIRECTION('ref_axis',(-1.,8.35335532043892E-33,-1.9203857723246E-16));
#3275=DIRECTION('',(1.,0.,1.9203857723246E-16));
#3276=DIRECTION('center_axis',(0.,0.,1.));
#3277=DIRECTION('ref_axis',(1.,0.,0.));
#3278=DIRECTION('center_axis',(0.,0.,1.));
#3279=DIRECTION('ref_axis',(-0.932527509866958,-0.361098938438387,0.));
#3280=DIRECTION('center_axis',(-0.578947368421053,0.815364914991035,-6.42760698467196E-16));
#3281=DIRECTION('ref_axis',(-1.11022302462516E-15,0.,1.));
#3282=DIRECTION('center_axis',(1.,0.,0.));
#3283=DIRECTION('ref_axis',(0.,-0.707106781186547,-0.707106781186548));
#3284=DIRECTION('',(-1.,0.,0.));
#3285=DIRECTION('center_axis',(0.,0.,-1.));
#3286=DIRECTION('ref_axis',(1.,-8.35335532043892E-33,0.));
#3287=DIRECTION('center_axis',(-0.408248290463863,0.408248290463862,-0.816496580927726));
#3288=DIRECTION('ref_axis',(0.577350269189627,-0.577350269189624,-0.577350269189626));
#3289=DIRECTION('center_axis',(0.,1.,0.));
#3290=DIRECTION('ref_axis',(0.,0.,-1.));
#3291=DIRECTION('center_axis',(-1.,0.,-2.22044604925031E-15));
#3292=DIRECTION('ref_axis',(0.,-1.,0.));
#3293=DIRECTION('center_axis',(0.,0.,1.));
#3294=DIRECTION('ref_axis',(1.,0.,0.));
#3295=DIRECTION('center_axis',(1.,0.,0.));
#3296=DIRECTION('ref_axis',(0.,-0.707106781186547,-0.707106781186548));
#3297=DIRECTION('center_axis',(2.40548322002117E-16,0.,1.));
#3298=DIRECTION('ref_axis',(0.707106781186548,-0.707106781186547,0.));
#3299=DIRECTION('center_axis',(0.,0.,1.));
#3300=DIRECTION('ref_axis',(0.,-1.,0.));
#3301=DIRECTION('',(-2.40548322002117E-16,0.,-1.));
#3302=DIRECTION('center_axis',(0.,1.,0.));
#3303=DIRECTION('ref_axis',(0.,0.,1.));
#3304=DIRECTION('center_axis',(0.,-1.,0.));
#3305=DIRECTION('ref_axis',(-0.707106781186548,0.,0.707106781186547));
#3306=DIRECTION('center_axis',(0.,-1.,0.));
#3307=DIRECTION('ref_axis',(0.707106781186547,0.,-0.707106781186548));
#3308=DIRECTION('',(0.,1.,0.));
#3309=DIRECTION('center_axis',(0.408248290463864,-0.408248290463863,-0.816496580927726));
#3310=DIRECTION('ref_axis',(0.577350269189627,-0.577350269189625,0.577350269189626));
#3311=DIRECTION('center_axis',(0.,0.,-1.));
#3312=DIRECTION('ref_axis',(0.,-1.,0.));
#3313=DIRECTION('center_axis',(0.,1.,0.));
#3314=DIRECTION('ref_axis',(1.,0.,0.));
#3315=DIRECTION('center_axis',(0.,-1.,0.));
#3316=DIRECTION('ref_axis',(0.707106781186548,0.,0.707106781186548));
#3317=DIRECTION('',(0.,-1.,0.));
#3318=DIRECTION('center_axis',(0.,1.,0.));
#3319=DIRECTION('ref_axis',(0.,0.,1.));
#3320=DIRECTION('center_axis',(0.,0.,1.));
#3321=DIRECTION('ref_axis',(0.,-1.,0.));
#3322=DIRECTION('center_axis',(0.,-1.,0.));
#3323=DIRECTION('ref_axis',(-0.707106781186547,0.,-0.707106781186548));
#3324=DIRECTION('center_axis',(2.40548322002117E-16,0.,1.));
#3325=DIRECTION('ref_axis',(0.707106781186548,-0.707106781186547,0.));
#3326=DIRECTION('',(-2.40548322002117E-16,0.,-1.));
#3327=DIRECTION('center_axis',(-1.,0.,-1.9203857723246E-16));
#3328=DIRECTION('ref_axis',(0.,-0.707106781186547,0.707106781186548));
#3329=DIRECTION('center_axis',(0.,-1.,0.));
#3330=DIRECTION('ref_axis',(-0.707106781186549,0.,-0.707106781186546));
#3331=DIRECTION('',(0.,1.,0.));
#3332=DIRECTION('',(0.,-1.,0.));
#3333=DIRECTION('center_axis',(1.,0.,-2.40548322002117E-16));
#3334=DIRECTION('ref_axis',(2.40548322002117E-16,-2.00938560541904E-48,
1.));
#3335=DIRECTION('center_axis',(0.,1.,0.));
#3336=DIRECTION('ref_axis',(-0.707106781186548,0.,0.707106781186547));
#3337=DIRECTION('',(0.,1.,0.));
#3338=DIRECTION('',(0.,-1.,0.));
#3339=DIRECTION('center_axis',(0.,0.,-1.));
#3340=DIRECTION('ref_axis',(1.,-8.35335532043892E-33,0.));
#3341=DIRECTION('',(0.,1.,0.));
#3342=DIRECTION('',(1.,-1.69499698416054E-16,0.));
#3343=DIRECTION('center_axis',(0.,0.,-1.));
#3344=DIRECTION('ref_axis',(0.442939054436729,-0.896551724137931,0.));
#3345=DIRECTION('center_axis',(0.,0.,-1.));
#3346=DIRECTION('ref_axis',(0.989949493661167,-0.141421356237309,0.));
#3347=DIRECTION('',(-1.70803542250024E-16,-1.,0.));
#3348=DIRECTION('center_axis',(0.,-1.,0.));
#3349=DIRECTION('ref_axis',(-0.707106781186548,0.,-0.707106781186548));
#3350=DIRECTION('',(0.,-1.,0.));
#3351=DIRECTION('center_axis',(-1.,0.,1.85037170770859E-16));
#3352=DIRECTION('ref_axis',(-1.85037170770859E-16,0.,-1.));
#3353=DIRECTION('',(0.,1.,0.));
#3354=DIRECTION('center_axis',(1.,0.,-1.85037170770859E-16));
#3355=DIRECTION('ref_axis',(0.,0.,-1.));
#3356=DIRECTION('center_axis',(0.,-1.,0.));
#3357=DIRECTION('ref_axis',(-0.707106781186547,0.,0.707106781186548));
#3358=DIRECTION('',(0.,-1.,0.));
#3359=DIRECTION('center_axis',(0.,0.,1.));
#3360=DIRECTION('ref_axis',(-1.,8.35335532043892E-33,0.));
#3361=DIRECTION('',(1.70803542250024E-16,1.,0.));
#3362=DIRECTION('center_axis',(0.,0.,1.));
#3363=DIRECTION('ref_axis',(0.989949493661167,-0.141421356237309,0.));
#3364=DIRECTION('center_axis',(0.,0.,1.));
#3365=DIRECTION('ref_axis',(0.442939054436729,-0.896551724137931,0.));
#3366=DIRECTION('',(1.,-1.69499698416054E-16,0.));
#3367=DIRECTION('center_axis',(-1.70803542250024E-16,-1.,0.));
#3368=DIRECTION('ref_axis',(0.707106781186546,0.,-0.707106781186549));
#3369=DIRECTION('',(-1.70803542250024E-16,-1.,0.));
#3370=DIRECTION('center_axis',(0.,1.,0.));
#3371=DIRECTION('ref_axis',(1.,0.,0.));
#3372=DIRECTION('',(1.70803542250024E-16,1.,0.));
#3373=DIRECTION('center_axis',(0.28,0.96,0.));
#3374=DIRECTION('ref_axis',(0.96,-0.28,0.));
#3375=DIRECTION('center_axis',(0.,0.,1.));
#3376=DIRECTION('ref_axis',(0.989949493661167,-0.141421356237309,0.));
#3377=DIRECTION('center_axis',(0.,0.,-1.));
#3378=DIRECTION('ref_axis',(0.989949493661167,-0.141421356237309,0.));
#3379=DIRECTION('center_axis',(0.,0.,-1.));
#3380=DIRECTION('ref_axis',(-1.,0.,0.));
#3381=DIRECTION('center_axis',(0.880000000000001,0.474973683481515,0.));
#3382=DIRECTION('ref_axis',(0.474973683481515,-0.880000000000001,0.));
#3383=DIRECTION('center_axis',(0.,0.,1.));
#3384=DIRECTION('ref_axis',(0.777680762312614,-0.628659392619622,0.));
#3385=DIRECTION('center_axis',(0.,0.,-1.));
#3386=DIRECTION('ref_axis',(0.777680762312614,-0.628659392619622,0.));
#3387=DIRECTION('center_axis',(1.,0.,0.));
#3388=DIRECTION('ref_axis',(0.,-1.,0.));
#3389=DIRECTION('center_axis',(0.,0.,1.));
#3390=DIRECTION('ref_axis',(0.244948974278317,-0.969535971483266,0.));
#3391=DIRECTION('center_axis',(0.,0.,-1.));
#3392=DIRECTION('ref_axis',(0.244948974278317,-0.969535971483266,0.));
#3393=DIRECTION('center_axis',(-1.,-1.53134210293125E-16,0.));
#3394=DIRECTION('ref_axis',(0.,-0.707106781186546,-0.707106781186549));
#3395=DIRECTION('',(1.,1.53134210293125E-16,0.));
#3396=DIRECTION('center_axis',(0.,0.,1.));
#3397=DIRECTION('ref_axis',(0.244948974278317,-0.969535971483266,0.));
#3398=DIRECTION('',(0.,0.,1.));
#3399=DIRECTION('',(0.,0.,1.));
#3400=DIRECTION('',(0.,0.,1.));
#3401=DIRECTION('center_axis',(0.,0.,1.));
#3402=DIRECTION('ref_axis',(0.244948974278317,-0.969535971483266,0.));
#3403=DIRECTION('center_axis',(0.,0.,1.));
#3404=DIRECTION('ref_axis',(0.442939054436729,-0.896551724137931,0.));
#3405=DIRECTION('',(0.,0.,-1.));
#3406=DIRECTION('',(0.,0.,-1.));
#3407=DIRECTION('center_axis',(0.,0.,1.));
#3408=DIRECTION('ref_axis',(0.777680762312614,-0.628659392619622,0.));
#3409=DIRECTION('center_axis',(0.,0.,1.));
#3410=DIRECTION('ref_axis',(0.989949493661167,-0.141421356237309,0.));
#3411=DIRECTION('',(0.,0.,1.));
#3412=DIRECTION('center_axis',(1.,-1.70803542250024E-16,0.));
#3413=DIRECTION('ref_axis',(1.70803542250024E-16,1.,0.));
#3414=DIRECTION('center_axis',(1.,1.53134210293125E-16,0.));
#3415=DIRECTION('ref_axis',(0.,-0.707106781186546,0.707106781186549));
#3416=DIRECTION('center_axis',(-1.,1.11022302462515E-15,0.));
#3417=DIRECTION('ref_axis',(-1.11022302462515E-15,-1.,0.));
#3418=DIRECTION('',(-1.,-1.53134210293125E-16,0.));
#3419=DIRECTION('center_axis',(-0.88,-0.474973683481516,0.));
#3420=DIRECTION('ref_axis',(0.474973683481516,-0.88,0.));
#3421=DIRECTION('center_axis',(0.,0.,-1.));
#3422=DIRECTION('ref_axis',(0.244948974278317,-0.969535971483266,0.));
#3423=DIRECTION('center_axis',(0.,0.,1.));
#3424=DIRECTION('ref_axis',(1.,0.,0.));
#3425=DIRECTION('center_axis',(-0.280000000000002,-0.96,0.));
#3426=DIRECTION('ref_axis',(0.96,-0.280000000000002,0.));
#3427=DIRECTION('center_axis',(0.,0.,-1.));
#3428=DIRECTION('ref_axis',(0.777680762312614,-0.628659392619622,0.));
#3429=DIRECTION('center_axis',(-5.5511151231258E-16,-1.,0.));
#3430=DIRECTION('ref_axis',(1.,-5.5511151231258E-16,0.));
#3431=DIRECTION('center_axis',(0.,0.,-1.));
#3432=DIRECTION('ref_axis',(0.989949493661167,-0.141421356237309,0.));
#3433=DIRECTION('center_axis',(0.,0.,1.));
#3434=DIRECTION('ref_axis',(0.989949493661167,-0.141421356237309,0.));
#3435=DIRECTION('center_axis',(1.70803542250024E-16,1.,0.));
#3436=DIRECTION('ref_axis',(0.707106781186546,0.,0.707106781186549));
#3437=DIRECTION('',(-1.70803542250024E-16,-1.,0.));
#3438=DIRECTION('',(1.70803542250024E-16,1.,0.));
#3439=DIRECTION('center_axis',(1.,-1.70803542250024E-16,0.));
#3440=DIRECTION('ref_axis',(1.70803542250024E-16,1.,0.));
#3441=DIRECTION('',(0.,0.,1.));
#3442=DIRECTION('center_axis',(0.,0.,1.));
#3443=DIRECTION('ref_axis',(0.989949493661167,-0.141421356237309,0.));
#3444=DIRECTION('center_axis',(1.53134210293125E-16,-1.,0.));
#3445=DIRECTION('ref_axis',(-1.,-1.53134210293125E-16,1.22464679914735E-16));
#3446=DIRECTION('center_axis',(1.53134210293125E-16,-1.,0.));
#3447=DIRECTION('ref_axis',(1.,1.53134210293125E-16,0.));
#3448=DIRECTION('center_axis',(1.53134210293125E-16,-1.,0.));
#3449=DIRECTION('ref_axis',(1.,1.53134210293125E-16,0.));
#3450=DIRECTION('center_axis',(-1.53134210293125E-16,1.,0.));
#3451=DIRECTION('ref_axis',(-1.,-1.53134210293125E-16,1.22464679914735E-16));
#3452=DIRECTION('center_axis',(-1.53134210293125E-16,1.,0.));
#3453=DIRECTION('ref_axis',(1.,1.53134210293125E-16,0.));
#3454=DIRECTION('center_axis',(-1.53134210293125E-16,1.,0.));
#3455=DIRECTION('ref_axis',(1.,1.53134210293125E-16,0.));
#3456=DIRECTION('center_axis',(1.,0.,-2.40548322002117E-16));
#3457=DIRECTION('ref_axis',(2.40548322002117E-16,-2.00938560541904E-48,
1.));
#3458=DIRECTION('center_axis',(-1.55849355865698E-16,-0.872340425531915,
0.488898948641535));
#3459=DIRECTION('ref_axis',(8.35056722302867E-17,0.488898948641535,0.872340425531915));
#3460=DIRECTION('center_axis',(-1.,1.69499698416054E-16,0.));
#3461=DIRECTION('ref_axis',(0.,0.,-1.));
#3462=DIRECTION('',(-1.,1.69499698416054E-16,0.));
#3463=DIRECTION('center_axis',(1.53134210293125E-16,-1.,0.));
#3464=DIRECTION('ref_axis',(1.,1.53134210293125E-16,0.));
#3465=DIRECTION('',(0.707106781186547,0.707106781186548,-8.65956056235493E-17));
#3466=DIRECTION('center_axis',(-1.53134210293125E-16,1.,0.));
#3467=DIRECTION('ref_axis',(1.,1.53134210293125E-16,0.));
#3468=DIRECTION('center_axis',(-1.53134210293125E-16,1.,0.));
#3469=DIRECTION('ref_axis',(1.,1.53134210293125E-16,0.));
#3470=DIRECTION('',(-1.53134210293125E-16,1.,0.));
#3471=DIRECTION('center_axis',(1.53134210293125E-16,-1.,0.));
#3472=DIRECTION('ref_axis',(1.,1.53134210293125E-16,0.));
#3473=DIRECTION('center_axis',(-1.53134210293125E-16,1.,0.));
#3474=DIRECTION('ref_axis',(1.,1.53134210293125E-16,0.));
#3475=DIRECTION('',(0.707106781186547,0.707106781186548,-8.65956056235493E-17));
#3476=DIRECTION('center_axis',(-1.53134210293125E-16,1.,0.));
#3477=DIRECTION('ref_axis',(1.,1.53134210293125E-16,0.));
#3478=DIRECTION('center_axis',(-1.53134210293125E-16,1.,0.));
#3479=DIRECTION('ref_axis',(1.,1.53134210293125E-16,0.));
#3480=DIRECTION('',(-1.53134210293125E-16,1.,0.));
#3481=DIRECTION('center_axis',(-1.53134210293125E-16,1.,0.));
#3482=DIRECTION('ref_axis',(1.,1.53134210293125E-16,0.));
#3483=DIRECTION('',(-1.53134210293125E-16,1.,0.));
#3484=DIRECTION('center_axis',(1.53134210293125E-16,-1.,0.));
#3485=DIRECTION('ref_axis',(1.,1.53134210293125E-16,0.));
#3486=DIRECTION('',(0.707106781186547,0.707106781186548,8.65956056235493E-17));
#3487=DIRECTION('center_axis',(1.53134210293125E-16,-1.,0.));
#3488=DIRECTION('ref_axis',(1.,1.53134210293125E-16,0.));
#3489=DIRECTION('center_axis',(1.53134210293125E-16,-1.,0.));
#3490=DIRECTION('ref_axis',(1.,1.53134210293125E-16,0.));
#3491=DIRECTION('',(-1.53134210293125E-16,1.,0.));
#3492=DIRECTION('center_axis',(1.53134210293125E-16,-1.,0.));
#3493=DIRECTION('ref_axis',(1.,1.53134210293125E-16,0.));
#3494=DIRECTION('center_axis',(1.53134210293125E-16,-1.,0.));
#3495=DIRECTION('ref_axis',(1.,1.53134210293125E-16,0.));
#3496=DIRECTION('',(0.707106781186547,0.707106781186548,8.65956056235493E-17));
#3497=DIRECTION('center_axis',(1.53134210293125E-16,-1.,0.));
#3498=DIRECTION('ref_axis',(1.,1.53134210293125E-16,0.));
#3499=DIRECTION('center_axis',(1.53134210293125E-16,-1.,0.));
#3500=DIRECTION('ref_axis',(1.,1.53134210293125E-16,0.));
#3501=DIRECTION('',(-1.53134210293125E-16,1.,0.));
#3502=DIRECTION('center_axis',(1.53134210293125E-16,-1.,0.));
#3503=DIRECTION('ref_axis',(1.,1.53134210293125E-16,0.));
#3504=DIRECTION('',(-1.53134210293125E-16,1.,0.));
#3505=DIRECTION('center_axis',(0.,0.,1.));
#3506=DIRECTION('ref_axis',(1.,0.,0.));
#3507=DIRECTION('center_axis',(0.,0.,1.));
#3508=DIRECTION('ref_axis',(1.,0.,0.));
#3509=CARTESIAN_POINT('',(0.,0.,0.));
#3510=CARTESIAN_POINT('Origin',(0.775000000000001,-9.,0.));
#3511=CARTESIAN_POINT('',(0.650000000000002,-7.21170212765957,1.00224284471515));
#3512=CARTESIAN_POINT('',(0.900000000000001,-6.9936170212766,1.12446758187553));
#3513=CARTESIAN_POINT('',(0.650000000000002,-7.21170212765957,1.00224284471515));
#3514=CARTESIAN_POINT('',(0.900000000000001,-11.0063829787234,1.12446758187553));
#3515=CARTESIAN_POINT('Origin',(0.900000000000001,-9.,0.));
#3516=CARTESIAN_POINT('',(0.650000000000002,-10.7882978723404,1.00224284471515));
#3517=CARTESIAN_POINT('',(0.900000000000001,-11.0063829787234,1.12446758187553));
#3518=CARTESIAN_POINT('Origin',(0.650000000000002,-9.,0.));
#3519=CARTESIAN_POINT('Origin',(0.775,-7.10265957446808,1.06335521329534));
#3520=CARTESIAN_POINT('',(0.649999999999999,-6.71850025947068,0.122224737160384));
#3521=CARTESIAN_POINT('',(0.900000000000001,-6.5004151530877,0.244449474320767));
#3522=CARTESIAN_POINT('',(0.649999999999999,-6.71850025947068,0.122224737160384));
#3523=CARTESIAN_POINT('',(0.900000000000001,-6.99361702127659,1.12446758187553));
#3524=CARTESIAN_POINT('',(0.65,-7.21170212765957,1.00224284471515));
#3525=CARTESIAN_POINT('Origin',(0.775000000000001,-6.93658536585366,0.));
#3526=CARTESIAN_POINT('',(0.650000000000002,-6.71850025947068,-0.122224737160384));
#3527=CARTESIAN_POINT('Origin',(0.650000000000002,-6.93658536585366,0.));
#3528=CARTESIAN_POINT('',(0.900000000000001,-6.5004151530877,-0.244449474320767));
#3529=CARTESIAN_POINT('',(0.650000000000002,-6.71850025947068,-0.122224737160384));
#3530=CARTESIAN_POINT('Origin',(0.900000000000001,-6.93658536585366,0.));
#3531=CARTESIAN_POINT('Origin',(0.775,-6.8218085106383,-0.562233790937763));
#3532=CARTESIAN_POINT('',(0.649999999999999,-7.21170212765957,-1.00224284471515));
#3533=CARTESIAN_POINT('',(0.900000000000001,-6.9936170212766,-1.12446758187553));
#3534=CARTESIAN_POINT('',(0.649999999999999,-7.21170212765957,-1.00224284471515));
#3535=CARTESIAN_POINT('',(0.900000000000001,-6.71276595744681,-0.623346159517955));
#3536=CARTESIAN_POINT('',(0.65,-6.93085106382979,-0.501121422357572));
#3537=CARTESIAN_POINT('Origin',(0.775000000000001,-9.,0.));
#3538=CARTESIAN_POINT('',(0.650000000000002,-10.7882978723404,-1.00224284471515));
#3539=CARTESIAN_POINT('',(0.900000000000001,-11.0063829787234,-1.12446758187553));
#3540=CARTESIAN_POINT('',(0.650000000000002,-10.7882978723404,-1.00224284471515));
#3541=CARTESIAN_POINT('Origin',(0.900000000000001,-9.,0.));
#3542=CARTESIAN_POINT('Origin',(0.650000000000002,-9.,0.));
#3543=CARTESIAN_POINT('Origin',(0.775,-10.8973404255319,-1.06335521329534));
#3544=CARTESIAN_POINT('',(0.649999999999999,-11.2814997405293,-0.122224737160385));
#3545=CARTESIAN_POINT('',(0.9,-11.4995848469123,-0.244449474320769));
#3546=CARTESIAN_POINT('',(0.649999999999999,-11.2814997405293,-0.122224737160385));
#3547=CARTESIAN_POINT('',(0.900000000000001,-11.0063829787234,-1.12446758187553));
#3548=CARTESIAN_POINT('',(0.649999999999999,-10.7882978723404,-1.00224284471515));
#3549=CARTESIAN_POINT('Origin',(0.775000000000001,-11.0634146341463,-3.81639164714898E-16));
#3550=CARTESIAN_POINT('',(0.650000000000002,-11.2814997405293,0.122224737160384));
#3551=CARTESIAN_POINT('Origin',(0.650000000000002,-11.0634146341463,-3.81639164714898E-16));
#3552=CARTESIAN_POINT('',(0.9,-11.4995848469123,0.244449474320767));
#3553=CARTESIAN_POINT('',(0.650000000000002,-11.2814997405293,0.122224737160384));
#3554=CARTESIAN_POINT('Origin',(0.900000000000001,-11.0634146341463,-3.81639164714898E-16));
#3555=CARTESIAN_POINT('Origin',(0.775,-11.1781914893617,0.562233790937765));
#3556=CARTESIAN_POINT('',(0.9,-11.2872340425532,0.623346159517958));
#3557=CARTESIAN_POINT('',(0.649999999999999,-11.0691489361702,0.501121422357573));
#3558=CARTESIAN_POINT('Origin',(14.,-6.65,1.38777878078145E-16));
#3559=CARTESIAN_POINT('',(-4.28054430581515,-6.71850025947068,-0.122224737160384));
#3560=CARTESIAN_POINT('',(14.,-6.71850025947068,-0.122224737160384));
#3561=CARTESIAN_POINT('',(-4.72056134524377,-7.21170212765957,-1.00224284471515));
#3562=CARTESIAN_POINT('Origin',(-5.625,-6.64999999999999,8.88178419700125E-15));
#3563=CARTESIAN_POINT('',(14.,-7.21170212765958,-1.00224284471515));
#3564=CARTESIAN_POINT('Origin',(14.,-6.93658536585366,0.));
#3565=CARTESIAN_POINT('',(-4.28054430581515,-6.71850025947068,0.122224737160384));
#3566=CARTESIAN_POINT('',(14.,-6.71850025947068,0.122224737160384));
#3567=CARTESIAN_POINT('Ctrl Pts',(-4.28054430581515,-6.71850025947069,0.122224737160402));
#3568=CARTESIAN_POINT('Ctrl Pts',(-4.27976901579491,-6.71372073509306,0.113696651057943));
#3569=CARTESIAN_POINT('Ctrl Pts',(-4.27904674091126,-6.70942040227731,0.104845492601776));
#3570=CARTESIAN_POINT('Ctrl Pts',(-4.27621179269795,-6.69288912414809,0.064984621062251));
#3571=CARTESIAN_POINT('Ctrl Pts',(-4.275,-6.68658536585366,0.031468136554043));
#3572=CARTESIAN_POINT('Ctrl Pts',(-4.275,-6.68658536585366,-0.031468136554043));
#3573=CARTESIAN_POINT('Ctrl Pts',(-4.27621179269795,-6.69288912414809,-0.0649846210622511));
#3574=CARTESIAN_POINT('Ctrl Pts',(-4.27904674091126,-6.70942040227731,-0.104845492601776));
#3575=CARTESIAN_POINT('Ctrl Pts',(-4.27976901579492,-6.71372073509307,-0.113696651057944));
#3576=CARTESIAN_POINT('Ctrl Pts',(-4.28054430581515,-6.71850025947069,-0.122224737160403));
#3577=CARTESIAN_POINT('Origin',(14.,-7.21170212765958,1.00224284471515));
#3578=CARTESIAN_POINT('',(-4.72056134524375,-7.21170212765957,1.00224284471515));
#3579=CARTESIAN_POINT('',(14.,-7.21170212765958,1.00224284471515));
#3580=CARTESIAN_POINT('Origin',(-5.625,-6.65,8.88178419700125E-15));
#3581=CARTESIAN_POINT('Origin',(14.,-9.,0.));
#3582=CARTESIAN_POINT('',(-15.,-10.7882978723404,1.00224284471515));
#3583=CARTESIAN_POINT('',(14.,-10.7882978723404,1.00224284471515));
#3584=CARTESIAN_POINT('',(-15.,-7.21170212765957,1.00224284471515));
#3585=CARTESIAN_POINT('Origin',(-15.,-9.,0.));
#3586=CARTESIAN_POINT('',(-6.52943865475626,-7.21170212765957,1.00224284471515));
#3587=CARTESIAN_POINT('',(14.,-7.21170212765958,1.00224284471515));
#3588=CARTESIAN_POINT('Ctrl Pts',(-6.52943865475626,-7.21170212765958,1.00224284471515));
#3589=CARTESIAN_POINT('Ctrl Pts',(-6.42125872031373,-7.26641455330865,1.09986600550372));
#3590=CARTESIAN_POINT('Ctrl Pts',(-6.29157958169368,-7.32482025023419,1.18404133519916));
#3591=CARTESIAN_POINT('Ctrl Pts',(-5.98470446830967,-7.42359578238653,1.31342668513276));
#3592=CARTESIAN_POINT('Ctrl Pts',(-5.80224664687458,-7.45727513794586,1.35000000000001));
#3593=CARTESIAN_POINT('Ctrl Pts',(-5.44775335312543,-7.45727513794586,1.35000000000001));
#3594=CARTESIAN_POINT('Ctrl Pts',(-5.26529553169034,-7.42359578238653,1.31342668513276));
#3595=CARTESIAN_POINT('Ctrl Pts',(-4.95842041830633,-7.32482025023419,1.18404133519916));
#3596=CARTESIAN_POINT('Ctrl Pts',(-4.82874127968628,-7.26641455330865,1.09986600550372));
#3597=CARTESIAN_POINT('Ctrl Pts',(-4.72056134524375,-7.21170212765957,1.00224284471515));
#3598=CARTESIAN_POINT('Origin',(0.900000000000001,-9.,0.));
#3599=CARTESIAN_POINT('',(0.900000000000001,-9.,3.));
#3600=CARTESIAN_POINT('Origin',(0.900000000000001,-9.,0.));
#3601=CARTESIAN_POINT('Origin',(-14.75,-11.5,2.63005102572168));
#3602=CARTESIAN_POINT('',(-14.8,-6.5,2.875));
#3603=CARTESIAN_POINT('',(-14.8,-11.5,2.875));
#3604=CARTESIAN_POINT('',(-14.8,-11.5,2.875));
#3605=CARTESIAN_POINT('',(-15.,-6.25505102572169,2.63005102572168));
#3606=CARTESIAN_POINT('Origin',(-14.75,-6.25505102572169,2.63005102572168));
#3607=CARTESIAN_POINT('',(-15.,-11.7449489742783,2.63005102572168));
#3608=CARTESIAN_POINT('',(-15.,-11.5,2.63005102572168));
#3609=CARTESIAN_POINT('Origin',(-14.75,-11.7449489742783,2.63005102572168));
#3610=CARTESIAN_POINT('Origin',(-14.75,-6.25505102572169,2.875));
#3611=CARTESIAN_POINT('',(-15.,-6.25505102572169,9.11994897427832));
#3612=CARTESIAN_POINT('',(-15.,-6.25505102572169,2.875));
#3613=CARTESIAN_POINT('',(-14.8,-6.5,8.875));
#3614=CARTESIAN_POINT('',(-14.8,-6.5,2.875));
#3615=CARTESIAN_POINT('Origin',(-14.75,-6.25505102572169,9.11994897427832));
#3616=CARTESIAN_POINT('Origin',(-14.75,-6.5,9.11994897427832));
#3617=CARTESIAN_POINT('',(-15.,-11.7449489742783,9.11994897427832));
#3618=CARTESIAN_POINT('',(-15.,-6.5,9.11994897427832));
#3619=CARTESIAN_POINT('',(-14.8,-11.5,8.875));
#3620=CARTESIAN_POINT('',(-14.8,-6.5,8.875));
#3621=CARTESIAN_POINT('Origin',(-14.75,-11.7449489742783,9.11994897427832));
#3622=CARTESIAN_POINT('Origin',(-14.75,-11.7449489742783,8.875));
#3623=CARTESIAN_POINT('',(-15.,-11.7449489742783,8.875));
#3624=CARTESIAN_POINT('',(-14.8,-11.5,8.875));
#3625=CARTESIAN_POINT('Origin',(-15.,-4.27172858883759E-33,0.));
#3626=CARTESIAN_POINT('',(-15.,-13.,14.9106715140533));
#3627=CARTESIAN_POINT('',(-15.,-12.6890243902439,14.6682215707353));
#3628=CARTESIAN_POINT('Origin',(-15.,-12.75,14.9106715140533));
#3629=CARTESIAN_POINT('',(-15.,-13.,23.5));
#3630=CARTESIAN_POINT('',(-15.,-13.,0.));
#3631=CARTESIAN_POINT('',(-15.,-12.,24.5));
#3632=CARTESIAN_POINT('Origin',(-15.,-12.,23.5));
#3633=CARTESIAN_POINT('',(-15.,0.,24.5));
#3634=CARTESIAN_POINT('',(-15.,0.,24.5));
#3635=CARTESIAN_POINT('',(-15.,6.25313512425192E-33,15.));
#3636=CARTESIAN_POINT('',(-15.,-4.27172858883759E-33,0.));
#3637=CARTESIAN_POINT('',(-15.,-4.125,15.));
#3638=CARTESIAN_POINT('',(-15.,-3.9498319145318E-15,15.));
#3639=CARTESIAN_POINT('',(-15.,-5.125,14.));
#3640=CARTESIAN_POINT('Origin',(-15.,-4.125,14.));
#3641=CARTESIAN_POINT('',(-15.,-5.125,-14.));
#3642=CARTESIAN_POINT('',(-15.,-5.125,1.11022302462516E-15));
#3643=CARTESIAN_POINT('',(-15.,-4.125,-15.));
#3644=CARTESIAN_POINT('Origin',(-15.,-4.125,-14.));
#3645=CARTESIAN_POINT('',(-15.,6.25313512425192E-33,-15.));
#3646=CARTESIAN_POINT('',(-15.,9.90703267707167E-34,-15.));
#3647=CARTESIAN_POINT('',(-15.,0.,-24.5));
#3648=CARTESIAN_POINT('',(-15.,-4.27172858883759E-33,0.));
#3649=CARTESIAN_POINT('',(-15.,-12.,-24.5));
#3650=CARTESIAN_POINT('',(-15.,0.,-24.5));
#3651=CARTESIAN_POINT('',(-15.,-13.,-23.5));
#3652=CARTESIAN_POINT('Origin',(-15.,-12.,-23.5));
#3653=CARTESIAN_POINT('',(-15.,-13.,-14.9106715140533));
#3654=CARTESIAN_POINT('',(-15.,-13.,0.));
#3655=CARTESIAN_POINT('',(-15.,-12.6890243902439,-14.6682215707353));
#3656=CARTESIAN_POINT('Origin',(-15.,-12.75,-14.9106715140533));
#3657=CARTESIAN_POINT('',(-15.,-9.,-15.125));
#3658=CARTESIAN_POINT('Origin',(-15.,-9.,0.));
#3659=CARTESIAN_POINT('',(-15.,-8.25,-14.375));
#3660=CARTESIAN_POINT('Origin',(-15.,-9.,-14.375));
#3661=CARTESIAN_POINT('',(-15.,-8.25,-10.625));
#3662=CARTESIAN_POINT('',(-15.,-8.24999999999999,-7.49061913328932));
#3663=CARTESIAN_POINT('',(-15.,-9.,-9.875));
#3664=CARTESIAN_POINT('Origin',(-15.,-9.,-10.625));
#3665=CARTESIAN_POINT('',(-15.,-12.6866666666667,-9.16101052771411));
#3666=CARTESIAN_POINT('Origin',(-15.,-9.,0.));
#3667=CARTESIAN_POINT('',(-15.,-13.,-8.69716189339947));
#3668=CARTESIAN_POINT('Origin',(-15.,-12.5,-8.69716189339947));
#3669=CARTESIAN_POINT('',(-15.,-13.,8.69716189339947));
#3670=CARTESIAN_POINT('',(-15.,-13.,0.));
#3671=CARTESIAN_POINT('',(-15.,-12.6866666666667,9.16101052771411));
#3672=CARTESIAN_POINT('Origin',(-15.,-12.5,8.69716189339947));
#3673=CARTESIAN_POINT('',(-15.,-8.99999999999999,9.875));
#3674=CARTESIAN_POINT('Origin',(-15.,-9.,0.));
#3675=CARTESIAN_POINT('',(-15.,-8.24999999999999,10.625));
#3676=CARTESIAN_POINT('Origin',(-15.,-8.99999999999999,10.625));
#3677=CARTESIAN_POINT('',(-15.,-8.24999999999999,14.375));
#3678=CARTESIAN_POINT('',(-15.,-8.24999999999999,4.98591766879478));
#3679=CARTESIAN_POINT('',(-15.,-8.99999999999999,15.125));
#3680=CARTESIAN_POINT('Origin',(-15.,-8.99999999999999,14.375));
#3681=CARTESIAN_POINT('Origin',(-15.,-9.,0.));
#3682=CARTESIAN_POINT('',(-15.,-1.25505102572168,15.7550510257217));
#3683=CARTESIAN_POINT('',(-15.,-11.7449489742783,15.7550510257217));
#3684=CARTESIAN_POINT('',(-15.,-11.5,15.7550510257217));
#3685=CARTESIAN_POINT('',(-15.,-1.25505102572168,23.7449489742783));
#3686=CARTESIAN_POINT('',(-15.,-1.25505102572168,16.));
#3687=CARTESIAN_POINT('',(-15.,-11.7449489742783,23.7449489742783));
#3688=CARTESIAN_POINT('',(-15.,-1.5,23.7449489742783));
#3689=CARTESIAN_POINT('',(-15.,-11.7449489742783,23.5));
#3690=CARTESIAN_POINT('',(-15.,-11.7449489742783,-15.7550510257217));
#3691=CARTESIAN_POINT('',(-15.,-1.25505102572168,-15.7550510257217));
#3692=CARTESIAN_POINT('',(-15.,-11.5,-15.7550510257217));
#3693=CARTESIAN_POINT('',(-15.,-11.7449489742783,-23.7449489742783));
#3694=CARTESIAN_POINT('',(-15.,-11.7449489742783,-23.5));
#3695=CARTESIAN_POINT('',(-15.,-1.25505102572168,-23.7449489742783));
#3696=CARTESIAN_POINT('',(-15.,-1.5,-23.7449489742783));
#3697=CARTESIAN_POINT('',(-15.,-1.25505102572168,-16.));
#3698=CARTESIAN_POINT('',(-15.,-11.2814997405293,0.122224737160384));
#3699=CARTESIAN_POINT('',(-15.,-9.99354911724762,2.42030984840785));
#3700=CARTESIAN_POINT('',(-15.,-11.2814997405293,-0.122224737160385));
#3701=CARTESIAN_POINT('Origin',(-15.,-11.0634146341463,-3.81639164714898E-16));
#3702=CARTESIAN_POINT('',(-15.,-10.7882978723404,-1.00224284471515));
#3703=CARTESIAN_POINT('',(-15.,-9.71269805341783,-2.92143127076542));
#3704=CARTESIAN_POINT('',(-15.,-7.21170212765957,-1.00224284471515));
#3705=CARTESIAN_POINT('Origin',(-15.,-9.,0.));
#3706=CARTESIAN_POINT('',(-15.,-6.71850025947068,-0.122224737160383));
#3707=CARTESIAN_POINT('',(-15.,-5.8552512449072,1.4180670036927));
#3708=CARTESIAN_POINT('',(-15.,-6.71850025947068,0.122224737160384));
#3709=CARTESIAN_POINT('Origin',(-15.,-6.93658536585366,0.));
#3710=CARTESIAN_POINT('',(-15.,-6.13610230873699,-0.916945581335127));
#3711=CARTESIAN_POINT('',(-15.,-11.7449489742783,-2.63005102572168));
#3712=CARTESIAN_POINT('',(-15.,-6.25505102572169,-2.63005102572168));
#3713=CARTESIAN_POINT('',(-15.,-11.5,-2.63005102572168));
#3714=CARTESIAN_POINT('',(-15.,-11.7449489742783,-9.11994897427832));
#3715=CARTESIAN_POINT('',(-15.,-11.7449489742783,-8.875));
#3716=CARTESIAN_POINT('',(-15.,-6.25505102572169,-9.11994897427832));
#3717=CARTESIAN_POINT('',(-15.,-6.5,-9.11994897427832));
#3718=CARTESIAN_POINT('',(-15.,-6.25505102572169,-2.875));
#3719=CARTESIAN_POINT('Origin',(-14.75,-11.5,15.7550510257217));
#3720=CARTESIAN_POINT('',(-14.8,-11.5,16.));
#3721=CARTESIAN_POINT('Origin',(-14.75,-11.7449489742783,15.7550510257217));
#3722=CARTESIAN_POINT('',(-14.8,-1.5,16.));
#3723=CARTESIAN_POINT('',(-14.8,-11.5,16.));
#3724=CARTESIAN_POINT('Origin',(-14.75,-1.25505102572168,15.7550510257217));
#3725=CARTESIAN_POINT('Origin',(-14.75,-11.7449489742783,23.5));
#3726=CARTESIAN_POINT('',(-14.8,-11.5,23.5));
#3727=CARTESIAN_POINT('',(-14.8,-11.5,23.5));
#3728=CARTESIAN_POINT('Origin',(-14.75,-11.7449489742783,23.7449489742783));
#3729=CARTESIAN_POINT('Origin',(-14.75,-1.25505102572168,16.));
#3730=CARTESIAN_POINT('',(-14.8,-1.5,23.5));
#3731=CARTESIAN_POINT('',(-14.8,-1.5,16.));
#3732=CARTESIAN_POINT('Origin',(-14.75,-1.25505102572168,23.7449489742783));
#3733=CARTESIAN_POINT('Origin',(-14.75,-1.5,23.7449489742783));
#3734=CARTESIAN_POINT('',(-14.8,-1.5,23.5));
#3735=CARTESIAN_POINT('Origin',(-14.8,-9.,5.875));
#3736=CARTESIAN_POINT('Origin',(-14.8,-6.5,19.75));
#3737=CARTESIAN_POINT('Origin',(-14.75,-11.5,-2.63005102572168));
#3738=CARTESIAN_POINT('',(-14.8,-6.5,-2.875));
#3739=CARTESIAN_POINT('Origin',(-14.75,-6.25505102572169,-2.63005102572168));
#3740=CARTESIAN_POINT('',(-14.8,-11.5,-2.875));
#3741=CARTESIAN_POINT('',(-14.8,-11.5,-2.875));
#3742=CARTESIAN_POINT('Origin',(-14.75,-11.7449489742783,-2.63005102572168));
#3743=CARTESIAN_POINT('Origin',(-14.75,-6.25505102572169,-2.875));
#3744=CARTESIAN_POINT('',(-14.8,-6.5,-8.875));
#3745=CARTESIAN_POINT('Origin',(-14.75,-6.25505102572169,-9.11994897427832));
#3746=CARTESIAN_POINT('',(-14.8,-6.5,-2.875));
#3747=CARTESIAN_POINT('Origin',(-14.75,-6.5,-9.11994897427832));
#3748=CARTESIAN_POINT('',(-14.8,-11.5,-8.875));
#3749=CARTESIAN_POINT('',(-14.8,-6.5,-8.875));
#3750=CARTESIAN_POINT('Origin',(-14.75,-11.7449489742783,-9.11994897427832));
#3751=CARTESIAN_POINT('Origin',(-14.75,-11.7449489742783,-8.875));
#3752=CARTESIAN_POINT('',(-14.8,-11.5,-8.875));
#3753=CARTESIAN_POINT('Origin',(-14.75,-1.5,-23.7449489742783));
#3754=CARTESIAN_POINT('',(-14.8,-11.5,-23.5));
#3755=CARTESIAN_POINT('Origin',(-14.75,-11.7449489742783,-23.7449489742783));
#3756=CARTESIAN_POINT('',(-14.8,-1.5,-23.5));
#3757=CARTESIAN_POINT('',(-14.8,-1.5,-23.5));
#3758=CARTESIAN_POINT('Origin',(-14.75,-1.25505102572168,-23.7449489742783));
#3759=CARTESIAN_POINT('Origin',(-14.75,-11.5,-15.7550510257217));
#3760=CARTESIAN_POINT('',(-14.8,-1.5,-16.));
#3761=CARTESIAN_POINT('Origin',(-14.75,-1.25505102572168,-15.7550510257217));
#3762=CARTESIAN_POINT('',(-14.8,-11.5,-16.));
#3763=CARTESIAN_POINT('',(-14.8,-11.5,-16.));
#3764=CARTESIAN_POINT('Origin',(-14.75,-11.7449489742783,-15.7550510257217));
#3765=CARTESIAN_POINT('Origin',(-14.75,-1.25505102572168,-16.));
#3766=CARTESIAN_POINT('',(-14.8,-1.5,-16.));
#3767=CARTESIAN_POINT('Origin',(-14.75,-11.7449489742783,-23.5));
#3768=CARTESIAN_POINT('',(-14.8,-11.5,-23.5));
#3769=CARTESIAN_POINT('Origin',(-14.8,-9.,-5.875));
#3770=CARTESIAN_POINT('Origin',(-14.8,-6.5,-19.75));
#3771=CARTESIAN_POINT('Origin',(0.,0.,-24.25));
#3772=CARTESIAN_POINT('',(3.35410196625162,-5.125,-24.25));
#3773=CARTESIAN_POINT('',(6.125,-5.55111512312578E-16,-24.25));
#3774=CARTESIAN_POINT('Origin',(0.,0.,-24.25));
#3775=CARTESIAN_POINT('',(6.375,-1.82824698563219E-31,-24.5));
#3776=CARTESIAN_POINT('Origin',(6.375,-5.32526401677981E-32,-24.25));
#3777=CARTESIAN_POINT('',(3.42782730020052,-5.375,-24.5));
#3778=CARTESIAN_POINT('Origin',(0.,0.,-24.5));
#3779=CARTESIAN_POINT('Ctrl Pts',(3.42782730020052,-5.375,-24.5));
#3780=CARTESIAN_POINT('Ctrl Pts',(3.42760946156649,-5.37425328678322,-24.5));
#3781=CARTESIAN_POINT('Ctrl Pts',(3.42739160454586,-5.37350658172296,-24.4999966545162));
#3782=CARTESIAN_POINT('Ctrl Pts',(3.41719474944575,-5.33856018772941,-24.4996835092967));
#3783=CARTESIAN_POINT('Ctrl Pts',(3.40726552077172,-5.3046864194642,-24.4923614112815));
#3784=CARTESIAN_POINT('Ctrl Pts',(3.38933159671758,-5.24374659919741,-24.4652137949683));
#3785=CARTESIAN_POINT('Ctrl Pts',(3.38138123142507,-5.21684702945148,-24.4463701274923));
#3786=CARTESIAN_POINT('Ctrl Pts',(3.36825313164973,-5.17254395943344,-24.399986728425));
#3787=CARTESIAN_POINT('Ctrl Pts',(3.36309110168652,-5.15518457192677,-24.3732604341024));
#3788=CARTESIAN_POINT('Ctrl Pts',(3.35606742594529,-5.13158825634913,-24.3149444983791));
#3789=CARTESIAN_POINT('Ctrl Pts',(3.35421213446381,-5.12536951593657,-24.2841068303195));
#3790=CARTESIAN_POINT('Ctrl Pts',(3.35410355188356,-5.12500531837377,-24.2518832926183));
#3791=CARTESIAN_POINT('Ctrl Pts',(3.35410196624968,-5.125,-24.2509414866016));
#3792=CARTESIAN_POINT('Ctrl Pts',(3.35410196624968,-5.125,-24.25));
#3793=CARTESIAN_POINT('Origin',(1.42705098312581,-5.375,-24.25));
#3794=CARTESIAN_POINT('',(-3.42782730020052,-5.375,-24.5));
#3795=CARTESIAN_POINT('',(1.42705098312581,-5.375,-24.5));
#3796=CARTESIAN_POINT('',(-3.35410196625162,-5.125,-24.25));
#3797=CARTESIAN_POINT('Ctrl Pts',(-3.42782730020052,-5.375,-24.5));
#3798=CARTESIAN_POINT('Ctrl Pts',(-3.42760946156649,-5.37425328678323,-24.5));
#3799=CARTESIAN_POINT('Ctrl Pts',(-3.42739160454585,-5.37350658172296,-24.4999966545162));
#3800=CARTESIAN_POINT('Ctrl Pts',(-3.41719474944578,-5.33856018772931,-24.4996835092967));
#3801=CARTESIAN_POINT('Ctrl Pts',(-3.40726552077163,-5.3046864194639,-24.4923614112814));
#3802=CARTESIAN_POINT('Ctrl Pts',(-3.38933159671746,-5.24374659919702,-24.4652137949681));
#3803=CARTESIAN_POINT('Ctrl Pts',(-3.38138123142496,-5.21684702945111,-24.446370127492));
#3804=CARTESIAN_POINT('Ctrl Pts',(-3.36825313164965,-5.17254395943316,-24.3999867284246));
#3805=CARTESIAN_POINT('Ctrl Pts',(-3.36309110168645,-5.15518457192654,-24.373260434102));
#3806=CARTESIAN_POINT('Ctrl Pts',(-3.35606742594525,-5.13158825634901,-24.3149444983786));
#3807=CARTESIAN_POINT('Ctrl Pts',(-3.3542121344638,-5.12536951593651,-24.2841068303191));
#3808=CARTESIAN_POINT('Ctrl Pts',(-3.35410355188356,-5.12500531837377,-24.251883292618));
#3809=CARTESIAN_POINT('Ctrl Pts',(-3.35410196624968,-5.125,-24.2509414866015));
#3810=CARTESIAN_POINT('Ctrl Pts',(-3.35410196624968,-5.125,-24.25));
#3811=CARTESIAN_POINT('',(1.42705098312581,-5.125,-24.25));
#3812=CARTESIAN_POINT('Origin',(0.,0.,-24.25));
#3813=CARTESIAN_POINT('',(-6.375,-7.63194182276233E-32,-24.5));
#3814=CARTESIAN_POINT('Origin',(0.,0.,-24.5));
#3815=CARTESIAN_POINT('',(-6.125,5.55111512312578E-16,-24.25));
#3816=CARTESIAN_POINT('Origin',(-6.375,5.32526401677981E-32,-24.25));
#3817=CARTESIAN_POINT('Origin',(0.,0.,-24.25));
#3818=CARTESIAN_POINT('Origin',(0.,0.,0.));
#3819=CARTESIAN_POINT('',(3.35410196625168,-5.12499999999869,-14.7914579359094));
#3820=CARTESIAN_POINT('',(3.35410196625162,-5.125,0.));
#3821=CARTESIAN_POINT('',(4.99411010432009,-3.54605263157895,-16.));
#3822=CARTESIAN_POINT('Ctrl Pts',(4.99411010432009,-3.54605263157894,-16.));
#3823=CARTESIAN_POINT('Ctrl Pts',(4.71832926384762,-3.93445066879821,-16.));
#3824=CARTESIAN_POINT('Ctrl Pts',(4.18479799533139,-4.51656693814195,-15.7456729162935));
#3825=CARTESIAN_POINT('Ctrl Pts',(3.60820523637741,-4.95538263353571,-15.1911937053232));
#3826=CARTESIAN_POINT('Ctrl Pts',(3.39231620516223,-5.09963833119276,-14.8510032115589));
#3827=CARTESIAN_POINT('Ctrl Pts',(3.35706245679813,-5.12274047654523,-14.7889354008587));
#3828=CARTESIAN_POINT('',(6.125,-5.55111512312578E-16,-16.));
#3829=CARTESIAN_POINT('Origin',(0.,0.,-16.));
#3830=CARTESIAN_POINT('',(6.125,-5.55111512312578E-16,0.));
#3831=CARTESIAN_POINT('Origin',(3.35410196625162,-5.125,0.));
#3832=CARTESIAN_POINT('',(-3.3541019662531,-5.12499999999776,-14.7914579359144));
#3833=CARTESIAN_POINT('',(-3.35410196625162,-5.125,0.));
#3834=CARTESIAN_POINT('',(-3.64005494464026,-5.125,-14.));
#3835=CARTESIAN_POINT('Ctrl Pts',(-3.35410196624968,-5.125,-14.7914579359047));
#3836=CARTESIAN_POINT('Ctrl Pts',(-3.35410196624968,-5.125,-14.7451399096098));
#3837=CARTESIAN_POINT('Ctrl Pts',(-3.35614335406128,-5.12499999999478,-14.6987858208955));
#3838=CARTESIAN_POINT('Ctrl Pts',(-3.37276738137627,-5.12499999999478,-14.5195587406151));
#3839=CARTESIAN_POINT('Ctrl Pts',(-3.40383825669773,-5.125,-14.3874526301624));
#3840=CARTESIAN_POINT('Ctrl Pts',(-3.51658532760213,-5.125,-14.137704231726));
#3841=CARTESIAN_POINT('Ctrl Pts',(-3.58597263567304,-5.125,-14.0545248954523));
#3842=CARTESIAN_POINT('Ctrl Pts',(-3.63840531759567,-5.125,-14.001653068488));
#3843=CARTESIAN_POINT('Ctrl Pts',(-3.63922926681094,-5.125,-14.0008256778293));
#3844=CARTESIAN_POINT('Ctrl Pts',(-3.64005494464026,-5.125,-14.));
#3845=CARTESIAN_POINT('',(-5.82294901687419,-5.125,-14.));
#3846=CARTESIAN_POINT('',(-3.64005494464026,-5.125,14.));
#3847=CARTESIAN_POINT('',(5.73955098312581,-5.125,14.));
#3848=CARTESIAN_POINT('',(-3.35410196625116,-5.12499999999904,14.7914579359075));
#3849=CARTESIAN_POINT('Ctrl Pts',(-3.64005494464026,-5.125,14.));
#3850=CARTESIAN_POINT('Ctrl Pts',(-3.63922926681153,-5.125,14.0008256778287));
#3851=CARTESIAN_POINT('Ctrl Pts',(-3.63840531759509,-5.125,14.0016530684886));
#3852=CARTESIAN_POINT('Ctrl Pts',(-3.59517556260881,-5.125,14.0452448902595));
#3853=CARTESIAN_POINT('Ctrl Pts',(-3.55799626314026,-5.125,14.091977369529));
#3854=CARTESIAN_POINT('Ctrl Pts',(-3.49152526890051,-5.125,14.1953874696247));
#3855=CARTESIAN_POINT('Ctrl Pts',(-3.46315818243547,-5.125,14.2517159363459));
#3856=CARTESIAN_POINT('Ctrl Pts',(-3.38392924805925,-5.125,14.4512454557054));
#3857=CARTESIAN_POINT('Ctrl Pts',(-3.35410196624968,-5.125,14.6144070848697));
#3858=CARTESIAN_POINT('Ctrl Pts',(-3.35410196624968,-5.125,14.7914579359047));
#3859=CARTESIAN_POINT('',(-3.35410196625162,-5.125,24.25));
#3860=CARTESIAN_POINT('',(-3.35410196625162,-5.125,0.));
#3861=CARTESIAN_POINT('',(3.35410196625162,-5.125,24.25));
#3862=CARTESIAN_POINT('',(1.42705098312581,-5.125,24.25));
#3863=CARTESIAN_POINT('',(3.35410196625319,-5.12499999999771,14.7914579359147));
#3864=CARTESIAN_POINT('',(3.35410196625162,-5.125,0.));
#3865=CARTESIAN_POINT('',(3.64005494464026,-5.125,14.));
#3866=CARTESIAN_POINT('Ctrl Pts',(3.35410196624969,-5.125,14.7914579359047));
#3867=CARTESIAN_POINT('Ctrl Pts',(3.35410196624969,-5.125,14.7451397295901));
#3868=CARTESIAN_POINT('Ctrl Pts',(3.35614336992943,-5.12499999999477,14.6987854604354));
#3869=CARTESIAN_POINT('Ctrl Pts',(3.37276747066284,-5.12499999999477,14.5195583246561));
#3870=CARTESIAN_POINT('Ctrl Pts',(3.40383835934216,-5.125,14.3874523431421));
#3871=CARTESIAN_POINT('Ctrl Pts',(3.51658540333108,-5.125,14.1377041270237));
#3872=CARTESIAN_POINT('Ctrl Pts',(3.58597268143516,-5.125,14.0545248487402));
#3873=CARTESIAN_POINT('Ctrl Pts',(3.63840531969745,-5.125,14.0016530663779));
#3874=CARTESIAN_POINT('Ctrl Pts',(3.63922926790859,-5.125,14.0008256767317));
#3875=CARTESIAN_POINT('Ctrl Pts',(3.64005494464026,-5.125,14.));
#3876=CARTESIAN_POINT('',(7.125,-5.125,14.));
#3877=CARTESIAN_POINT('',(5.73955098312581,-5.125,14.));
#3878=CARTESIAN_POINT('',(7.125,-5.125,3.5));
#3879=CARTESIAN_POINT('',(7.12499999999999,-5.125,-7.5));
#3880=CARTESIAN_POINT('',(7.2107864376269,-5.125,3.));
#3881=CARTESIAN_POINT('Origin',(8.625,-5.125,3.5));
#3882=CARTESIAN_POINT('',(4.37499999999999,-5.125,3.));
#3883=CARTESIAN_POINT('',(5.73955098312581,-5.125,3.));
#3884=CARTESIAN_POINT('',(3.37499999999999,-5.125,2.));
#3885=CARTESIAN_POINT('Origin',(4.37499999999999,-5.125,2.));
#3886=CARTESIAN_POINT('',(3.37499999999999,-5.125,-2.));
#3887=CARTESIAN_POINT('',(3.37499999999999,-5.125,1.5));
#3888=CARTESIAN_POINT('',(4.37499999999999,-5.125,-3.00000000000001));
#3889=CARTESIAN_POINT('Origin',(4.37499999999999,-5.125,-2.));
#3890=CARTESIAN_POINT('',(7.2107864376269,-5.125,-3.));
#3891=CARTESIAN_POINT('',(3.36455098312581,-5.125,-3.00000000000001));
#3892=CARTESIAN_POINT('',(7.125,-5.125,-3.5));
#3893=CARTESIAN_POINT('Origin',(8.625,-5.125,-3.5));
#3894=CARTESIAN_POINT('',(7.12499999999999,-5.125,-14.));
#3895=CARTESIAN_POINT('',(7.12499999999999,-5.125,-7.5));
#3896=CARTESIAN_POINT('',(3.64005494464026,-5.125,-14.));
#3897=CARTESIAN_POINT('',(-5.82294901687419,-5.125,-14.));
#3898=CARTESIAN_POINT('Ctrl Pts',(3.64005494464026,-5.125,-14.));
#3899=CARTESIAN_POINT('Ctrl Pts',(3.63922926790839,-5.125,-14.0008256767319));
#3900=CARTESIAN_POINT('Ctrl Pts',(3.63840531969765,-5.125,-14.0016530663777));
#3901=CARTESIAN_POINT('Ctrl Pts',(3.59517555256497,-5.125,-14.0452448999219));
#3902=CARTESIAN_POINT('Ctrl Pts',(3.55799624281387,-5.125,-14.0919773947971));
#3903=CARTESIAN_POINT('Ctrl Pts',(3.49152521978847,-5.125,-14.1953875526866));
#3904=CARTESIAN_POINT('Ctrl Pts',(3.46315812005618,-5.125,-14.2517160636076));
#3905=CARTESIAN_POINT('Ctrl Pts',(3.38392922375385,-5.125,-14.4512455889296));
#3906=CARTESIAN_POINT('Ctrl Pts',(3.35410196624968,-5.125,-14.614407157007));
#3907=CARTESIAN_POINT('Ctrl Pts',(3.35410196624968,-5.125,-14.7914579359047));
#3908=CARTESIAN_POINT('',(-6.975,-5.125,9.04711151488615E-15));
#3909=CARTESIAN_POINT('Origin',(-5.625,-5.125,8.88178419700125E-15));
#3910=CARTESIAN_POINT('Origin',(0.,0.,0.));
#3911=CARTESIAN_POINT('',(-6.125,5.55111512312578E-16,-16.));
#3912=CARTESIAN_POINT('',(-6.125,5.55111512312578E-16,0.));
#3913=CARTESIAN_POINT('',(-4.99411010432009,-3.54605263157895,-16.));
#3914=CARTESIAN_POINT('Origin',(0.,0.,-16.));
#3915=CARTESIAN_POINT('Ctrl Pts',(-3.35403133827918,-5.12467506144713,-14.7913786343696));
#3916=CARTESIAN_POINT('Ctrl Pts',(-3.47000677523793,-5.04857631757777,-14.9999030137278));
#3917=CARTESIAN_POINT('Ctrl Pts',(-4.02026269456096,-4.66790754367293,-15.6598067678481));
#3918=CARTESIAN_POINT('Ctrl Pts',(-4.62640246298767,-4.06391647563482,-16.));
#3919=CARTESIAN_POINT('Ctrl Pts',(-4.99411010432009,-3.54605263157895,-16.));
#3920=CARTESIAN_POINT('Origin',(-6.125,-7.8407757057733E-32,0.));
#3921=CARTESIAN_POINT('',(14.,-2.46519032881566E-31,-24.5));
#3922=CARTESIAN_POINT('',(-7.125,-7.00544017372941E-32,-15.));
#3923=CARTESIAN_POINT('',(-10.5625,-4.13397428232853E-32,-15.));
#3924=CARTESIAN_POINT('Origin',(-7.125,5.95176566581273E-32,-16.));
#3925=CARTESIAN_POINT('',(-11.1,-2.45014736469E-16,-19.75));
#3926=CARTESIAN_POINT('Origin',(-9.5,0.,-19.75));
#3927=CARTESIAN_POINT('Origin',(0.,0.,24.25));
#3928=CARTESIAN_POINT('',(-6.125,5.55111512312578E-16,24.25));
#3929=CARTESIAN_POINT('Origin',(0.,0.,24.25));
#3930=CARTESIAN_POINT('',(-6.375,-7.63194182276233E-32,24.5));
#3931=CARTESIAN_POINT('Origin',(-6.375,5.32526401677981E-32,24.25));
#3932=CARTESIAN_POINT('',(-3.42782730020052,-5.375,24.5));
#3933=CARTESIAN_POINT('Origin',(0.,0.,24.5));
#3934=CARTESIAN_POINT('Ctrl Pts',(-3.42782730020052,-5.375,24.5));
#3935=CARTESIAN_POINT('Ctrl Pts',(-3.42760946156649,-5.37425328678322,24.5));
#3936=CARTESIAN_POINT('Ctrl Pts',(-3.42739160454586,-5.37350658172296,24.4999966545162));
#3937=CARTESIAN_POINT('Ctrl Pts',(-3.41719474944575,-5.33856018772941,24.4996835092967));
#3938=CARTESIAN_POINT('Ctrl Pts',(-3.40726552077172,-5.3046864194642,24.4923614112815));
#3939=CARTESIAN_POINT('Ctrl Pts',(-3.38933159671758,-5.24374659919741,24.4652137949683));
#3940=CARTESIAN_POINT('Ctrl Pts',(-3.38138123142507,-5.21684702945148,24.4463701274923));
#3941=CARTESIAN_POINT('Ctrl Pts',(-3.36825313164973,-5.17254395943344,24.399986728425));
#3942=CARTESIAN_POINT('Ctrl Pts',(-3.36309110168652,-5.15518457192677,24.3732604341024));
#3943=CARTESIAN_POINT('Ctrl Pts',(-3.35606742594529,-5.13158825634913,24.3149444983791));
#3944=CARTESIAN_POINT('Ctrl Pts',(-3.35421213446381,-5.12536951593657,24.2841068303195));
#3945=CARTESIAN_POINT('Ctrl Pts',(-3.35410355188356,-5.12500531837377,24.2518832926183));
#3946=CARTESIAN_POINT('Ctrl Pts',(-3.35410196624968,-5.125,24.2509414866016));
#3947=CARTESIAN_POINT('Ctrl Pts',(-3.35410196624968,-5.125,24.25));
#3948=CARTESIAN_POINT('Origin',(1.42705098312581,-5.375,24.25));
#3949=CARTESIAN_POINT('',(3.42782730020052,-5.375,24.5));
#3950=CARTESIAN_POINT('',(1.42705098312581,-5.375,24.5));
#3951=CARTESIAN_POINT('Ctrl Pts',(3.42782730020052,-5.375,24.5));
#3952=CARTESIAN_POINT('Ctrl Pts',(3.42760946156649,-5.37425328678323,24.5));
#3953=CARTESIAN_POINT('Ctrl Pts',(3.42739160454585,-5.37350658172296,24.4999966545162));
#3954=CARTESIAN_POINT('Ctrl Pts',(3.41719474944578,-5.33856018772931,24.4996835092967));
#3955=CARTESIAN_POINT('Ctrl Pts',(3.40726552077163,-5.3046864194639,24.4923614112814));
#3956=CARTESIAN_POINT('Ctrl Pts',(3.38933159671746,-5.24374659919702,24.4652137949681));
#3957=CARTESIAN_POINT('Ctrl Pts',(3.38138123142496,-5.21684702945111,24.446370127492));
#3958=CARTESIAN_POINT('Ctrl Pts',(3.36825313164965,-5.17254395943316,24.3999867284246));
#3959=CARTESIAN_POINT('Ctrl Pts',(3.36309110168645,-5.15518457192654,24.373260434102));
#3960=CARTESIAN_POINT('Ctrl Pts',(3.35606742594525,-5.13158825634901,24.3149444983786));
#3961=CARTESIAN_POINT('Ctrl Pts',(3.3542121344638,-5.12536951593651,24.2841068303191));
#3962=CARTESIAN_POINT('Ctrl Pts',(3.35410355188356,-5.12500531837377,24.251883292618));
#3963=CARTESIAN_POINT('Ctrl Pts',(3.35410196624968,-5.125,24.2509414866015));
#3964=CARTESIAN_POINT('Ctrl Pts',(3.35410196624968,-5.125,24.25));
#3965=CARTESIAN_POINT('Origin',(0.,0.,24.25));
#3966=CARTESIAN_POINT('',(6.375,-1.82824698563219E-31,24.5));
#3967=CARTESIAN_POINT('Origin',(0.,0.,24.5));
#3968=CARTESIAN_POINT('',(6.125,-5.55111512312578E-16,24.25));
#3969=CARTESIAN_POINT('Origin',(6.375,-5.32526401677981E-32,24.25));
#3970=CARTESIAN_POINT('Origin',(0.,0.,24.25));
#3971=CARTESIAN_POINT('Origin',(0.,0.,0.));
#3972=CARTESIAN_POINT('',(-4.99411010432009,-3.54605263157895,16.));
#3973=CARTESIAN_POINT('Ctrl Pts',(-4.99411010432009,-3.54605263157894,16.));
#3974=CARTESIAN_POINT('Ctrl Pts',(-4.62640246298767,-4.06391647563482,16.));
#3975=CARTESIAN_POINT('Ctrl Pts',(-4.02026269455946,-4.66790754367442,15.6598067678473));
#3976=CARTESIAN_POINT('Ctrl Pts',(-3.47000677523521,-5.04857631757964,14.9999030137245));
#3977=CARTESIAN_POINT('Ctrl Pts',(-3.35403133827594,-5.12467506144926,14.7913786343638));
#3978=CARTESIAN_POINT('',(-6.125,5.55111512312578E-16,16.));
#3979=CARTESIAN_POINT('Origin',(0.,0.,16.));
#3980=CARTESIAN_POINT('',(-6.125,5.55111512312578E-16,0.));
#3981=CARTESIAN_POINT('Origin',(0.,0.,0.));
#3982=CARTESIAN_POINT('',(6.125,-5.55111512312578E-16,16.));
#3983=CARTESIAN_POINT('',(6.125,-5.55111512312578E-16,0.));
#3984=CARTESIAN_POINT('',(4.99411010432009,-3.54605263157895,16.));
#3985=CARTESIAN_POINT('Origin',(0.,0.,16.));
#3986=CARTESIAN_POINT('Ctrl Pts',(3.35403030274538,-5.12467613573262,14.7913796039787));
#3987=CARTESIAN_POINT('Ctrl Pts',(3.47000100994581,-5.04858070754489,14.9998989266555));
#3988=CARTESIAN_POINT('Ctrl Pts',(4.02024871007085,-4.66791909086291,15.6597810456735));
#3989=CARTESIAN_POINT('Ctrl Pts',(4.62640231702346,-4.06391668120464,16.));
#3990=CARTESIAN_POINT('Ctrl Pts',(4.99411010432009,-3.54605263157895,16.));
#3991=CARTESIAN_POINT('Origin',(14.,-2.46519032881566E-31,0.));
#3992=CARTESIAN_POINT('',(13.,-2.38165677561127E-31,24.5));
#3993=CARTESIAN_POINT('',(14.,-2.46519032881566E-31,24.5));
#3994=CARTESIAN_POINT('',(14.,-2.46519032881566E-31,23.5));
#3995=CARTESIAN_POINT('Origin',(13.,0.,23.5));
#3996=CARTESIAN_POINT('',(14.,-2.35994169168477E-31,3.));
#3997=CARTESIAN_POINT('',(14.,-2.46519032881566E-31,0.));
#3998=CARTESIAN_POINT('',(8.625,-2.01619748034207E-31,3.));
#3999=CARTESIAN_POINT('',(14.,-2.46519032881566E-31,3.));
#4000=CARTESIAN_POINT('',(8.125,-1.97443070373988E-31,3.5));
#4001=CARTESIAN_POINT('Origin',(8.625,-2.46519032881566E-31,3.5));
#4002=CARTESIAN_POINT('',(8.125,-1.97443070373988E-31,14.));
#4003=CARTESIAN_POINT('',(8.12499999999999,-1.97443070373987E-31,-7.5));
#4004=CARTESIAN_POINT('',(7.125,-1.89089715053549E-31,15.));
#4005=CARTESIAN_POINT('Origin',(7.125,-2.46519032881566E-31,14.));
#4006=CARTESIAN_POINT('Origin',(7.125,-5.95176566581273E-32,16.));
#4007=CARTESIAN_POINT('',(7.9,-2.45014736469E-16,19.75));
#4008=CARTESIAN_POINT('Origin',(9.5,0.,19.75));
#4009=CARTESIAN_POINT('Origin',(14.,-11.0634146341463,-3.81639164714898E-16));
#4010=CARTESIAN_POINT('',(14.,-11.2814997405293,-0.122224737160385));
#4011=CARTESIAN_POINT('',(14.,-11.2814997405293,0.122224737160384));
#4012=CARTESIAN_POINT('Origin',(14.,-10.7882978723404,-1.00224284471515));
#4013=CARTESIAN_POINT('',(14.,-10.7882978723404,-1.00224284471515));
#4014=CARTESIAN_POINT('Origin',(14.,-6.93658536585366,0.));
#4015=CARTESIAN_POINT('',(-6.96945569418486,-6.71850025947068,-0.122224737160384));
#4016=CARTESIAN_POINT('',(-6.975,-6.68658536585366,4.51813474658066E-15));
#4017=CARTESIAN_POINT('Ctrl Pts',(-6.96945569418486,-6.71850025947069,-0.122224737160403));
#4018=CARTESIAN_POINT('Ctrl Pts',(-6.97023098420509,-6.71372073509306,-0.113696651057943));
#4019=CARTESIAN_POINT('Ctrl Pts',(-6.97095325908875,-6.70942040227731,-0.104845492601776));
#4020=CARTESIAN_POINT('Ctrl Pts',(-6.97378820730206,-6.69288912414809,-0.0649846210622511));
#4021=CARTESIAN_POINT('Ctrl Pts',(-6.975,-6.68658536585366,-0.0314681365540431));
#4022=CARTESIAN_POINT('Ctrl Pts',(-6.975,-6.68658536585366,-1.08420217248159E-17));
#4023=CARTESIAN_POINT('',(-6.96945569418486,-6.71850025947068,0.122224737160384));
#4024=CARTESIAN_POINT('Ctrl Pts',(-6.975,-6.68658536585366,-1.08420217248942E-17));
#4025=CARTESIAN_POINT('Ctrl Pts',(-6.975,-6.68658536585366,0.031468136554043));
#4026=CARTESIAN_POINT('Ctrl Pts',(-6.97378820730206,-6.69288912414809,0.0649846210622509));
#4027=CARTESIAN_POINT('Ctrl Pts',(-6.97095325908875,-6.70942040227731,0.104845492601776));
#4028=CARTESIAN_POINT('Ctrl Pts',(-6.9702309842051,-6.71372073509306,0.113696651057943));
#4029=CARTESIAN_POINT('Ctrl Pts',(-6.96945569418486,-6.71850025947069,0.122224737160403));
#4030=CARTESIAN_POINT('',(14.,-6.71850025947068,0.122224737160384));
#4031=CARTESIAN_POINT('',(14.,-6.71850025947068,-0.122224737160384));
#4032=CARTESIAN_POINT('Origin',(14.,-7.21170212765958,1.00224284471515));
#4033=CARTESIAN_POINT('Origin',(-5.625,-6.65,8.88178419700125E-15));
#4034=CARTESIAN_POINT('Origin',(-5.625,-6.45,8.88178419700125E-15));
#4035=CARTESIAN_POINT('',(-6.975,-6.45,9.04711151488615E-15));
#4036=CARTESIAN_POINT('',(-6.52943865475624,-7.21170212765957,-1.00224284471515));
#4037=CARTESIAN_POINT('Origin',(-5.625,-6.64999999999999,8.88178419700125E-15));
#4038=CARTESIAN_POINT('Ctrl Pts',(-4.72056134524377,-7.21170212765957,-1.00224284471515));
#4039=CARTESIAN_POINT('Ctrl Pts',(-4.8287412796863,-7.26641455330865,-1.09986600550372));
#4040=CARTESIAN_POINT('Ctrl Pts',(-4.95842041830633,-7.32482025023418,-1.18404133519915));
#4041=CARTESIAN_POINT('Ctrl Pts',(-5.26529553169034,-7.42359578238651,-1.31342668513274));
#4042=CARTESIAN_POINT('Ctrl Pts',(-5.44775335312543,-7.45727513794584,-1.34999999999999));
#4043=CARTESIAN_POINT('Ctrl Pts',(-5.625,-7.45727513794584,-1.34999999999999));
#4044=CARTESIAN_POINT('Ctrl Pts',(-5.80224664687458,-7.45727513794584,-1.34999999999999));
#4045=CARTESIAN_POINT('Ctrl Pts',(-5.98470446830966,-7.42359578238651,-1.31342668513274));
#4046=CARTESIAN_POINT('Ctrl Pts',(-6.29157958169367,-7.32482025023418,-1.18404133519915));
#4047=CARTESIAN_POINT('Ctrl Pts',(-6.42125872031371,-7.26641455330865,-1.09986600550372));
#4048=CARTESIAN_POINT('Ctrl Pts',(-6.52943865475624,-7.21170212765958,-1.00224284471515));
#4049=CARTESIAN_POINT('Origin',(14.,-9.,0.));
#4050=CARTESIAN_POINT('',(14.,-7.21170212765958,-1.00224284471515));
#4051=CARTESIAN_POINT('Origin',(14.,-6.65,1.38777878078145E-16));
#4052=CARTESIAN_POINT('Origin',(-15.,-9.,-14.375));
#4053=CARTESIAN_POINT('',(-11.,-8.25,-14.375));
#4054=CARTESIAN_POINT('',(-11.,-9.,-15.125));
#4055=CARTESIAN_POINT('Origin',(-11.,-9.,-14.375));
#4056=CARTESIAN_POINT('',(-15.,-8.25,-14.375));
#4057=CARTESIAN_POINT('',(-15.,-9.,-15.125));
#4058=CARTESIAN_POINT('Origin',(-15.,-9.,0.));
#4059=CARTESIAN_POINT('',(-11.,-12.6890243902439,-14.6682215707353));
#4060=CARTESIAN_POINT('',(-15.,-12.6890243902439,-14.6682215707353));
#4061=CARTESIAN_POINT('Origin',(-11.,-9.,0.));
#4062=CARTESIAN_POINT('Origin',(-15.,-9.,-10.625));
#4063=CARTESIAN_POINT('',(-11.,-8.99999999999999,-9.875));
#4064=CARTESIAN_POINT('',(-11.,-8.24999999999999,-10.625));
#4065=CARTESIAN_POINT('Origin',(-11.,-8.99999999999999,-10.625));
#4066=CARTESIAN_POINT('',(-15.,-9.,-9.875));
#4067=CARTESIAN_POINT('',(-15.,-8.25,-10.625));
#4068=CARTESIAN_POINT('Origin',(-15.,-8.25,-14.9812382665786));
#4069=CARTESIAN_POINT('',(-11.,-8.24999999999999,-9.97183533758957));
#4070=CARTESIAN_POINT('Origin',(-15.,-8.99999999999999,14.375));
#4071=CARTESIAN_POINT('',(-11.,-8.99999999999999,15.125));
#4072=CARTESIAN_POINT('',(-11.,-8.24999999999999,14.375));
#4073=CARTESIAN_POINT('Origin',(-11.,-8.99999999999999,14.375));
#4074=CARTESIAN_POINT('',(-15.,-8.99999999999999,15.125));
#4075=CARTESIAN_POINT('',(-15.,-8.24999999999999,14.375));
#4076=CARTESIAN_POINT('Origin',(-15.,-9.,0.));
#4077=CARTESIAN_POINT('',(-11.,-12.6890243902439,14.6682215707353));
#4078=CARTESIAN_POINT('Origin',(-11.,-9.,0.));
#4079=CARTESIAN_POINT('',(-15.,-12.6890243902439,14.6682215707353));
#4080=CARTESIAN_POINT('Origin',(-15.,-8.99999999999999,10.625));
#4081=CARTESIAN_POINT('',(-11.,-8.24999999999999,10.625));
#4082=CARTESIAN_POINT('',(-11.,-8.99999999999999,9.875));
#4083=CARTESIAN_POINT('Origin',(-11.,-8.99999999999999,10.625));
#4084=CARTESIAN_POINT('',(-15.,-8.24999999999999,10.625));
#4085=CARTESIAN_POINT('',(-15.,-8.99999999999999,9.875));
#4086=CARTESIAN_POINT('Origin',(-11.,-10.625,12.0825756949558));
#4087=CARTESIAN_POINT('',(-11.,-8.24999999999999,14.9812382665786));
#4088=CARTESIAN_POINT('',(-11.,-12.6866666666667,9.16101052771411));
#4089=CARTESIAN_POINT('Origin',(-11.,-9.,0.));
#4090=CARTESIAN_POINT('',(-11.,-13.,8.69716189339947));
#4091=CARTESIAN_POINT('Origin',(-11.,-12.5,8.69716189339947));
#4092=CARTESIAN_POINT('',(-11.,-13.,14.9106715140533));
#4093=CARTESIAN_POINT('',(-11.,-13.,6.04128784747792));
#4094=CARTESIAN_POINT('Origin',(-11.,-12.75,14.9106715140533));
#4095=CARTESIAN_POINT('Origin',(-15.,-9.,0.));
#4096=CARTESIAN_POINT('',(-15.,-12.6866666666667,9.16101052771411));
#4097=CARTESIAN_POINT('Origin',(-15.,-12.75,14.9106715140533));
#4098=CARTESIAN_POINT('',(-15.,-13.,14.9106715140533));
#4099=CARTESIAN_POINT('Origin',(-15.,-13.,0.));
#4100=CARTESIAN_POINT('',(-15.,-13.,8.69716189339947));
#4101=CARTESIAN_POINT('',(-11.,-13.,-8.69716189339947));
#4102=CARTESIAN_POINT('',(-15.,-13.,-8.69716189339947));
#4103=CARTESIAN_POINT('',(-11.,-13.,-14.9106715140533));
#4104=CARTESIAN_POINT('',(-11.,-13.,-6.04128784747792));
#4105=CARTESIAN_POINT('',(-15.,-13.,-14.9106715140533));
#4106=CARTESIAN_POINT('',(5.93717104351895,-13.,-23.5));
#4107=CARTESIAN_POINT('',(-7.75,-13.,-23.5));
#4108=CARTESIAN_POINT('',(5.93717104351895,-13.,23.5));
#4109=CARTESIAN_POINT('',(5.93717104351895,-13.,0.));
#4110=CARTESIAN_POINT('',(-7.75,-13.,23.5));
#4111=CARTESIAN_POINT('',(-12.5,-13.,-19.75));
#4112=CARTESIAN_POINT('Origin',(-9.5,-13.,-19.75));
#4113=CARTESIAN_POINT('',(-12.5,-13.,19.75));
#4114=CARTESIAN_POINT('Origin',(-9.5,-13.,19.75));
#4115=CARTESIAN_POINT('Origin',(-15.,-12.75,-14.9106715140533));
#4116=CARTESIAN_POINT('Origin',(-11.,-12.75,-14.9106715140533));
#4117=CARTESIAN_POINT('Origin',(-15.,-12.5,8.69716189339947));
#4118=CARTESIAN_POINT('Origin',(-15.,-12.5,-8.69716189339947));
#4119=CARTESIAN_POINT('',(-11.,-12.6866666666667,-9.16101052771411));
#4120=CARTESIAN_POINT('',(-15.,-12.6866666666667,-9.16101052771412));
#4121=CARTESIAN_POINT('Origin',(-11.,-12.5,-8.69716189339947));
#4122=CARTESIAN_POINT('Origin',(-15.,-8.24999999999999,9.97183533758957));
#4123=CARTESIAN_POINT('Origin',(-15.,-9.,0.));
#4124=CARTESIAN_POINT('Origin',(-11.,-9.,0.));
#4125=CARTESIAN_POINT('Origin',(-11.,-10.625,-12.0825756949558));
#4126=CARTESIAN_POINT('Origin',(0.,0.,-16.));
#4127=CARTESIAN_POINT('',(7.12499999999999,-1.89089715053549E-31,-15.));
#4128=CARTESIAN_POINT('Origin',(7.125,-5.95176566581273E-32,-16.));
#4129=CARTESIAN_POINT('',(5.80947501931112,-4.125,-15.));
#4130=CARTESIAN_POINT('Origin',(5.80947501931112,-4.125,-16.));
#4131=CARTESIAN_POINT('Origin',(0.,0.,-15.));
#4132=CARTESIAN_POINT('Ctrl Pts',(4.99411010432009,-3.54605263157894,-16.));
#4133=CARTESIAN_POINT('Ctrl Pts',(4.71832926384762,-3.93445066879821,-16.));
#4134=CARTESIAN_POINT('Ctrl Pts',(4.18479799533139,-4.51656693814195,-15.7456729162935));
#4135=CARTESIAN_POINT('Ctrl Pts',(3.44062870805336,-5.08291668537082,-15.0300440901757));
#4136=CARTESIAN_POINT('Ctrl Pts',(3.12917004012934,-5.26535087719298,-14.3694157913821));
#4137=CARTESIAN_POINT('Ctrl Pts',(3.12917004012935,-5.26535087719298,-14.));
#4138=CARTESIAN_POINT('Ctrl Pts',(4.99411010432009,-3.54605263157894,-15.7008006996581));
#4139=CARTESIAN_POINT('Ctrl Pts',(4.75135479729262,-3.88971205409518,-15.7262524657002));
#4140=CARTESIAN_POINT('Ctrl Pts',(4.2573021847939,-4.44839971222534,-15.5424351665352));
#4141=CARTESIAN_POINT('Ctrl Pts',(3.52951230836582,-5.02389227268926,-14.9251382799864));
#4142=CARTESIAN_POINT('Ctrl Pts',(3.21697113911229,-5.21317115074438,-14.3324868742941));
#4143=CARTESIAN_POINT('Ctrl Pts',(3.21697113911229,-5.21317115074438,-14.));
#4144=CARTESIAN_POINT('Ctrl Pts',(5.19881772614946,-3.69140465344654,-15.1827201636894));
#4145=CARTESIAN_POINT('Ctrl Pts',(4.96239039047177,-3.94730002475934,-15.2486868267765));
#4146=CARTESIAN_POINT('Ctrl Pts',(4.46580190844974,-4.42807403313348,-15.1863720738097));
#4147=CARTESIAN_POINT('Ctrl Pts',(3.71037460751597,-4.96330526432922,-14.7402817645741));
#4148=CARTESIAN_POINT('Ctrl Pts',(3.38470768391454,-5.14560632706799,-14.2678776310011));
#4149=CARTESIAN_POINT('Ctrl Pts',(3.38470768391454,-5.14560632706799,-14.));
#4150=CARTESIAN_POINT('Ctrl Pts',(5.62650756024465,-3.99508451432523,-15.));
#4151=CARTESIAN_POINT('Ctrl Pts',(5.33088647221779,-4.21732865236439,-15.0296257632403));
#4152=CARTESIAN_POINT('Ctrl Pts',(4.74738175761599,-4.59191835815908,-14.94427408698));
#4153=CARTESIAN_POINT('Ctrl Pts',(3.91473181156409,-4.99101081639071,-14.5783122212452));
#4154=CARTESIAN_POINT('Ctrl Pts',(3.56345296542555,-5.125,-14.2085139830761));
#4155=CARTESIAN_POINT('Ctrl Pts',(3.56345296542555,-5.125,-14.));
#4156=CARTESIAN_POINT('Ctrl Pts',(5.80947501931113,-4.125,-15.));
#4157=CARTESIAN_POINT('Ctrl Pts',(5.48866873549621,-4.35090498083161,-15.));
#4158=CARTESIAN_POINT('Ctrl Pts',(4.86803032109972,-4.68948281096016,-14.8728364581467));
#4159=CARTESIAN_POINT('Ctrl Pts',(4.00236400732735,-5.01889031700141,-14.5150220450878));
#4160=CARTESIAN_POINT('Ctrl Pts',(3.64005494464026,-5.125,-14.1847078956911));
#4161=CARTESIAN_POINT('Ctrl Pts',(3.64005494464026,-5.125,-14.));
#4162=CARTESIAN_POINT('Ctrl Pts',(3.64005494464026,-5.125,-14.));
#4163=CARTESIAN_POINT('Ctrl Pts',(3.64005494464026,-5.125,-14.0057963849339));
#4164=CARTESIAN_POINT('Ctrl Pts',(3.64022461597904,-5.12494773326672,-14.0115927397861));
#4165=CARTESIAN_POINT('Ctrl Pts',(3.64056354399808,-5.12484327853004,-14.0173856314101));
#4166=CARTESIAN_POINT('Ctrl Pts',(3.64154920533255,-5.12453950607877,-14.0342323627737));
#4167=CARTESIAN_POINT('Ctrl Pts',(3.64397072519333,-5.12379360745644,-14.0510418621534));
#4168=CARTESIAN_POINT('Ctrl Pts',(3.64777910611686,-5.12261756794512,-14.0677460925982));
#4169=CARTESIAN_POINT('Ctrl Pts',(3.65178485270531,-5.12138058132142,-14.0853160036601));
#4170=CARTESIAN_POINT('Ctrl Pts',(3.6573246603629,-5.11966749241066,-14.1027694082692));
#4171=CARTESIAN_POINT('Ctrl Pts',(3.66428611331784,-5.11750835252912,-14.1200201664457));
#4172=CARTESIAN_POINT('Ctrl Pts',(3.6667226509449,-5.11675264454725,-14.1260580039007));
#4173=CARTESIAN_POINT('Ctrl Pts',(3.66933288991008,-5.11594244821751,-14.1320709604888));
#4174=CARTESIAN_POINT('Ctrl Pts',(3.67211064462025,-5.11507955705918,-14.1380551792026));
#4175=CARTESIAN_POINT('Ctrl Pts',(3.68843330264067,-5.11000903112873,-14.1732196792308));
#4176=CARTESIAN_POINT('Ctrl Pts',(3.710546566092,-5.10312530322737,-14.2073350387362));
#4177=CARTESIAN_POINT('Ctrl Pts',(3.73706563493774,-5.09476484114513,-14.2402286382332));
#4178=CARTESIAN_POINT('Ctrl Pts',(3.76152950835385,-5.0870523046579,-14.2705730239647));
#4179=CARTESIAN_POINT('Ctrl Pts',(3.78974146964158,-5.07808386857701,-14.2998774664291));
#4180=CARTESIAN_POINT('Ctrl Pts',(3.82065004737619,-5.06814044065667,-14.3280220478889));
#4181=CARTESIAN_POINT('Ctrl Pts',(3.82324665857573,-5.06730509920157,-14.3303864574082));
#4182=CARTESIAN_POINT('Ctrl Pts',(3.82586232979636,-5.0664628831831,-14.3327426919457));
#4183=CARTESIAN_POINT('Ctrl Pts',(3.82849645417715,-5.06561396239506,-14.335090686597));
#4184=CARTESIAN_POINT('Ctrl Pts',(3.85941814783023,-5.05564857551549,-14.362653535124));
#4185=CARTESIAN_POINT('Ctrl Pts',(3.89303327504348,-5.04470858849299,-14.3892261568226));
#4186=CARTESIAN_POINT('Ctrl Pts',(3.92851318801864,-5.03298143798542,-14.4147991881186));
#4187=CARTESIAN_POINT('Ctrl Pts',(3.96208600261507,-5.02188463935431,-14.4389976307408));
#4188=CARTESIAN_POINT('Ctrl Pts',(3.99733055688558,-5.0100828230924,-14.4623016161666));
#4189=CARTESIAN_POINT('Ctrl Pts',(4.03356777889861,-4.99771226770423,-14.4847099265362));
#4190=CARTESIAN_POINT('Ctrl Pts',(4.07765952444737,-4.98266035836427,-14.5119753035191));
#4191=CARTESIAN_POINT('Ctrl Pts',(4.12322156444935,-4.96676788964622,-14.5379153804518));
#4192=CARTESIAN_POINT('Ctrl Pts',(4.17002632526875,-4.94999056505707,-14.562723994666));
#4193=CARTESIAN_POINT('Ctrl Pts',(4.20387560894314,-4.937857175005,-14.5806656272136));
#4194=CARTESIAN_POINT('Ctrl Pts',(4.23837511805988,-4.92525997294844,-14.5980154972216));
#4195=CARTESIAN_POINT('Ctrl Pts',(4.27343665586224,-4.9121656355634,-14.6148431092803));
#4196=CARTESIAN_POINT('Ctrl Pts',(4.34910775676168,-4.88390495484083,-14.6511610807616));
#4197=CARTESIAN_POINT('Ctrl Pts',(4.42684536351248,-4.85368462367606,-14.6845838469374));
#4198=CARTESIAN_POINT('Ctrl Pts',(4.50559976743359,-4.8216204610449,-14.715510377358));
#4199=CARTESIAN_POINT('Ctrl Pts',(4.58452789251137,-4.78948556937329,-14.7465051273622));
#4200=CARTESIAN_POINT('Ctrl Pts',(4.66447785717152,-4.75549833060758,-14.7749911353899));
#4201=CARTESIAN_POINT('Ctrl Pts',(4.74441953413573,-4.71978882696823,-14.8013393370215));
#4202=CARTESIAN_POINT('Ctrl Pts',(4.84764228688144,-4.67367979592443,-14.835360813748));
#4203=CARTESIAN_POINT('Ctrl Pts',(4.95085067880037,-4.62469825452972,-14.8658156350549));
#4204=CARTESIAN_POINT('Ctrl Pts',(5.05311493803322,-4.5731813502246,-14.8920494731994));
#4205=CARTESIAN_POINT('Ctrl Pts',(5.08995998362638,-4.5546201959936,-14.9015013283223));
#4206=CARTESIAN_POINT('Ctrl Pts',(5.12668286469025,-4.53573027596155,-14.9104052960722));
#4207=CARTESIAN_POINT('Ctrl Pts',(5.16324136403103,-4.51652824078148,-14.9187312100343));
#4208=CARTESIAN_POINT('Ctrl Pts',(5.25296517011038,-4.46940158865156,-14.9391651092162));
#4209=CARTESIAN_POINT('Ctrl Pts',(5.34170879666775,-4.42023432831635,-14.9561816699121));
#4210=CARTESIAN_POINT('Ctrl Pts',(5.42855669042123,-4.36929770341453,-14.9692644128748));
#4211=CARTESIAN_POINT('Ctrl Pts',(5.50829465997809,-4.3225310764969,-14.9812761188011));
#4212=CARTESIAN_POINT('Ctrl Pts',(5.5864336071414,-4.27427374609287,-14.9899713110408));
#4213=CARTESIAN_POINT('Ctrl Pts',(5.66228001486565,-4.22475830566024,-14.994983190184));
#4214=CARTESIAN_POINT('Ctrl Pts',(5.71241061997251,-4.19203112627892,-14.9982957865443));
#4215=CARTESIAN_POINT('Ctrl Pts',(5.76154005593253,-4.15875478452116,-15.));
#4216=CARTESIAN_POINT('Ctrl Pts',(5.80947501931113,-4.125,-15.));
#4217=CARTESIAN_POINT('Origin',(14.,-2.46519032881566E-31,0.));
#4218=CARTESIAN_POINT('',(8.12499999999999,-1.97443070373987E-31,-14.));
#4219=CARTESIAN_POINT('Origin',(7.12499999999999,-2.46519032881566E-31,
-14.));
#4220=CARTESIAN_POINT('',(8.125,-1.97443070373987E-31,-3.5));
#4221=CARTESIAN_POINT('',(8.12499999999999,-1.97443070373987E-31,-7.5));
#4222=CARTESIAN_POINT('',(8.625,-2.01619748034207E-31,-3.));
#4223=CARTESIAN_POINT('Origin',(8.625,-2.46519032881566E-31,-3.5));
#4224=CARTESIAN_POINT('',(14.,-2.35994169168477E-31,-3.));
#4225=CARTESIAN_POINT('',(11.0625,-2.21981051627777E-31,-3.));
#4226=CARTESIAN_POINT('',(14.,-2.46519032881566E-31,-23.5));
#4227=CARTESIAN_POINT('',(14.,-2.46519032881566E-31,0.));
#4228=CARTESIAN_POINT('',(13.,-2.38165677561127E-31,-24.5));
#4229=CARTESIAN_POINT('Origin',(13.,0.,-23.5));
#4230=CARTESIAN_POINT('',(14.,-2.46519032881566E-31,-24.5));
#4231=CARTESIAN_POINT('',(7.9,-2.45014736469E-16,-19.75));
#4232=CARTESIAN_POINT('Origin',(9.5,0.,-19.75));
#4233=CARTESIAN_POINT('Origin',(-15.,6.25313512425192E-33,-15.));
#4234=CARTESIAN_POINT('',(7.12499999999999,-4.125,-15.));
#4235=CARTESIAN_POINT('',(-5.82294901687419,-4.125,-15.));
#4236=CARTESIAN_POINT('',(7.12499999999999,-9.0332535768323E-32,-15.));
#4237=CARTESIAN_POINT('Origin',(0.,0.,16.));
#4238=CARTESIAN_POINT('',(5.80947501931112,-4.125,15.));
#4239=CARTESIAN_POINT('Origin',(1.9203857723246E-16,0.,15.));
#4240=CARTESIAN_POINT('Origin',(5.80947501931112,-4.125,16.));
#4241=CARTESIAN_POINT('Ctrl Pts',(3.12917004012935,-5.26535087719298,14.));
#4242=CARTESIAN_POINT('Ctrl Pts',(3.12917004012935,-5.26535087719298,14.1847078956911));
#4243=CARTESIAN_POINT('Ctrl Pts',(3.25715585192131,-5.19037189193396,14.7332215590243));
#4244=CARTESIAN_POINT('Ctrl Pts',(3.95781906742519,-4.73012717501778,15.624740838874));
#4245=CARTESIAN_POINT('Ctrl Pts',(4.62640231702346,-4.06391668120464,16.));
#4246=CARTESIAN_POINT('Ctrl Pts',(4.99411010432009,-3.54605263157895,16.));
#4247=CARTESIAN_POINT('Ctrl Pts',(3.21697113911229,-5.21317115074438,14.));
#4248=CARTESIAN_POINT('Ctrl Pts',(3.21697113911229,-5.21317115074438,14.1662434371471));
#4249=CARTESIAN_POINT('Ctrl Pts',(3.3452327067757,-5.1353739395954,14.6592430588155));
#4250=CARTESIAN_POINT('Ctrl Pts',(4.04139707886809,-4.66153759097836,15.4491521354237));
#4251=CARTESIAN_POINT('Ctrl Pts',(4.67043636161679,-4.00426519493393,15.7347363877142));
#4252=CARTESIAN_POINT('Ctrl Pts',(4.99411010432009,-3.54605263157895,15.7008006996581));
#4253=CARTESIAN_POINT('Ctrl Pts',(3.38470768391454,-5.14560632706799,14.));
#4254=CARTESIAN_POINT('Ctrl Pts',(3.38470768391454,-5.14560632706799,14.1339388155006));
#4255=CARTESIAN_POINT('Ctrl Pts',(3.51802157213563,-5.07046087592723,14.5291338088736));
#4256=CARTESIAN_POINT('Ctrl Pts',(4.24478775877439,-4.62211221147533,15.1412592623099));
#4257=CARTESIAN_POINT('Ctrl Pts',(4.88358127857923,-4.03259848186359,15.2706757144722));
#4258=CARTESIAN_POINT('Ctrl Pts',(5.19881772614946,-3.69140465344654,15.1827201636894));
#4259=CARTESIAN_POINT('Ctrl Pts',(3.56345296542555,-5.125,14.));
#4260=CARTESIAN_POINT('Ctrl Pts',(3.56345296542555,-5.125,14.1042569915381));
#4261=CARTESIAN_POINT('Ctrl Pts',(3.70764436261629,-5.06999464079592,14.4129082353246));
#4262=CARTESIAN_POINT('Ctrl Pts',(4.49623250877777,-4.73765296576412,14.8973641148999));
#4263=CARTESIAN_POINT('Ctrl Pts',(5.23234610954218,-4.29141003171075,15.0395010176537));
#4264=CARTESIAN_POINT('Ctrl Pts',(5.62650756024465,-3.99508451432523,15.));
#4265=CARTESIAN_POINT('Ctrl Pts',(3.64005494464026,-5.125,14.));
#4266=CARTESIAN_POINT('Ctrl Pts',(3.64005494464026,-5.125,14.0923539478455));
#4267=CARTESIAN_POINT('Ctrl Pts',(3.78893639917375,-5.08138977387997,14.3666107795121));
#4268=CARTESIAN_POINT('Ctrl Pts',(4.60399360904572,-4.81369641812252,14.8123704194371));
#4269=CARTESIAN_POINT('Ctrl Pts',(5.38173330755792,-4.42620664110879,15.));
#4270=CARTESIAN_POINT('Ctrl Pts',(5.80947501931112,-4.125,15.));
#4271=CARTESIAN_POINT('Ctrl Pts',(5.80947501931112,-4.125,15.));
#4272=CARTESIAN_POINT('Ctrl Pts',(5.38173330755792,-4.42620664110879,15.));
#4273=CARTESIAN_POINT('Ctrl Pts',(4.60399360904572,-4.81369641812252,14.8123704194371));
#4274=CARTESIAN_POINT('Ctrl Pts',(3.78893639917375,-5.08138977387997,14.3666107795121));
#4275=CARTESIAN_POINT('Ctrl Pts',(3.64005494464026,-5.125,14.0923539478455));
#4276=CARTESIAN_POINT('Ctrl Pts',(3.64005494464026,-5.125,14.));
#4277=CARTESIAN_POINT('Origin',(5.73955098312581,-4.125,14.));
#4278=CARTESIAN_POINT('',(7.125,-4.125,15.));
#4279=CARTESIAN_POINT('',(5.73955098312581,-4.125,15.));
#4280=CARTESIAN_POINT('Origin',(7.125,-4.125,14.));
#4281=CARTESIAN_POINT('Origin',(8.125,-1.86918206660898E-31,15.));
#4282=CARTESIAN_POINT('',(7.125,-1.86918206660898E-31,15.));
#4283=CARTESIAN_POINT('Origin',(0.,0.,16.));
#4284=CARTESIAN_POINT('',(-7.125,-7.00544017372941E-32,15.));
#4285=CARTESIAN_POINT('Origin',(-7.125,5.95176566581273E-32,16.));
#4286=CARTESIAN_POINT('',(-5.80947501931112,-4.125,15.));
#4287=CARTESIAN_POINT('Origin',(-5.80947501931112,-4.125,16.));
#4288=CARTESIAN_POINT('Origin',(1.9203857723246E-16,0.,15.));
#4289=CARTESIAN_POINT('Ctrl Pts',(-4.99411010432009,-3.54605263157894,16.));
#4290=CARTESIAN_POINT('Ctrl Pts',(-4.62640246298767,-4.06391647563482,16.));
#4291=CARTESIAN_POINT('Ctrl Pts',(-3.95783985883749,-4.73010909714705,15.624772230682));
#4292=CARTESIAN_POINT('Ctrl Pts',(-3.25716814489298,-5.1903643225171,14.7332296630678));
#4293=CARTESIAN_POINT('Ctrl Pts',(-3.12917004012934,-5.26535087719298,14.1847531375004));
#4294=CARTESIAN_POINT('Ctrl Pts',(-3.12917004012934,-5.26535087719298,14.));
#4295=CARTESIAN_POINT('Ctrl Pts',(-4.99411010432009,-3.54605263157894,15.7008006996581));
#4296=CARTESIAN_POINT('Ctrl Pts',(-4.67043649010138,-4.0042650130432,15.7347363742432));
#4297=CARTESIAN_POINT('Ctrl Pts',(-4.04141706482398,-4.66151955242946,15.4491792877203));
#4298=CARTESIAN_POINT('Ctrl Pts',(-3.34524497251935,-5.13536607186303,14.6592501694076));
#4299=CARTESIAN_POINT('Ctrl Pts',(-3.21697113911228,-5.21317115074438,14.1662841563262));
#4300=CARTESIAN_POINT('Ctrl Pts',(-3.21697113911229,-5.21317115074438,14.));
#4301=CARTESIAN_POINT('Ctrl Pts',(-5.19881772614946,-3.69140465344654,15.1827201636894));
#4302=CARTESIAN_POINT('Ctrl Pts',(-4.88358140371456,-4.03259834642429,15.2706756795576));
#4303=CARTESIAN_POINT('Ctrl Pts',(-4.24480837092429,-4.62209586051288,15.1412790732502));
#4304=CARTESIAN_POINT('Ctrl Pts',(-3.51803439932438,-5.07045334508835,14.5291391854276));
#4305=CARTESIAN_POINT('Ctrl Pts',(-3.38470768391453,-5.14560632706799,14.1339716220806));
#4306=CARTESIAN_POINT('Ctrl Pts',(-3.38470768391454,-5.14560632706799,14.));
#4307=CARTESIAN_POINT('Ctrl Pts',(-5.62650756024465,-3.99508451432523,15.));
#4308=CARTESIAN_POINT('Ctrl Pts',(-5.23234626600735,-4.29140991408225,15.0395010019735));
#4309=CARTESIAN_POINT('Ctrl Pts',(-4.49625562581298,-4.7376406033653,14.8973803247137));
#4310=CARTESIAN_POINT('Ctrl Pts',(-3.70765822111923,-5.06998910108952,14.4129125364033));
#4311=CARTESIAN_POINT('Ctrl Pts',(-3.56345296542555,-5.125,14.1042825279393));
#4312=CARTESIAN_POINT('Ctrl Pts',(-3.56345296542555,-5.125,14.));
#4313=CARTESIAN_POINT('Ctrl Pts',(-5.80947501931113,-4.125,15.));
#4314=CARTESIAN_POINT('Ctrl Pts',(-5.38173347735301,-4.42620652154269,15.));
#4315=CARTESIAN_POINT('Ctrl Pts',(-4.60401779497423,-4.81368590344266,14.812386115341));
#4316=CARTESIAN_POINT('Ctrl Pts',(-3.78895069916123,-5.08138537125994,14.3666148315339));
#4317=CARTESIAN_POINT('Ctrl Pts',(-3.64005494464026,-5.125,14.0923765687502));
#4318=CARTESIAN_POINT('Ctrl Pts',(-3.64005494464026,-5.125,14.));
#4319=CARTESIAN_POINT('Ctrl Pts',(-3.64005494464026,-5.125,14.));
#4320=CARTESIAN_POINT('Ctrl Pts',(-3.64005494464026,-5.125,14.0167303529406));
#4321=CARTESIAN_POINT('Ctrl Pts',(-3.64147702770465,-5.12452286739289,14.0334481946273));
#4322=CARTESIAN_POINT('Ctrl Pts',(-3.64428285997244,-5.12360645370556,14.0500913038463));
#4323=CARTESIAN_POINT('Ctrl Pts',(-3.64649233522767,-5.12288481635433,14.0631970544685));
#4324=CARTESIAN_POINT('Ctrl Pts',(-3.64955892018594,-5.12189066112845,14.0762554907147));
#4325=CARTESIAN_POINT('Ctrl Pts',(-3.65345206219284,-5.12064627660283,14.0892173501453));
#4326=CARTESIAN_POINT('Ctrl Pts',(-3.65965022164239,-5.11866512777942,14.1098535538521));
#4327=CARTESIAN_POINT('Ctrl Pts',(-3.66802923503629,-5.11605129155222,14.1302429521695));
#4328=CARTESIAN_POINT('Ctrl Pts',(-3.678247452739,-5.11288627600693,14.1503188233338));
#4329=CARTESIAN_POINT('Ctrl Pts',(-3.68948920158421,-5.10940422944201,14.1724056400413));
#4330=CARTESIAN_POINT('Ctrl Pts',(-3.70295795902425,-5.10525528160261,14.1941133550294));
#4331=CARTESIAN_POINT('Ctrl Pts',(-3.71826157458998,-5.10053516309327,14.2153641143137));
#4332=CARTESIAN_POINT('Ctrl Pts',(-3.73084103828932,-5.09665525908041,14.2328320880649));
#4333=CARTESIAN_POINT('Ctrl Pts',(-3.74466198126389,-5.09238915427988,14.2499917017096));
#4334=CARTESIAN_POINT('Ctrl Pts',(-3.75952543906085,-5.08778334537065,14.2668009881842));
#4335=CARTESIAN_POINT('Ctrl Pts',(-3.77327972055613,-5.08352124208915,14.2823558921013));
#4336=CARTESIAN_POINT('Ctrl Pts',(-3.78792673762679,-5.07896829661441,14.2976106517993));
#4337=CARTESIAN_POINT('Ctrl Pts',(-3.80343394328673,-5.07412301889398,14.3126012099282));
#4338=CARTESIAN_POINT('Ctrl Pts',(-3.83646171208797,-5.06380338324605,14.3445286054203));
#4339=CARTESIAN_POINT('Ctrl Pts',(-3.87281410054361,-5.05222542080665,14.3750344362993));
#4340=CARTESIAN_POINT('Ctrl Pts',(-3.91176151680141,-5.03950762824812,14.4042157397196));
#4341=CARTESIAN_POINT('Ctrl Pts',(-3.95565688836586,-5.02517414265458,14.4371042925287));
#4342=CARTESIAN_POINT('Ctrl Pts',(-4.00284640990618,-5.00939187130729,14.4683105049738));
#4343=CARTESIAN_POINT('Ctrl Pts',(-4.05222081874713,-4.99236058013383,14.4979674507953));
#4344=CARTESIAN_POINT('Ctrl Pts',(-4.10407584659424,-4.97447362009108,14.5291143908303));
#4345=CARTESIAN_POINT('Ctrl Pts',(-4.15833628150875,-4.95520851192425,14.5585524062027));
#4346=CARTESIAN_POINT('Ctrl Pts',(-4.21370453898827,-4.93483951017373,14.5864293183779));
#4347=CARTESIAN_POINT('Ctrl Pts',(-4.21982946667337,-4.93258625770708,14.5895131082411));
#4348=CARTESIAN_POINT('Ctrl Pts',(-4.22596798125487,-4.93031954123086,14.5925777894781));
#4349=CARTESIAN_POINT('Ctrl Pts',(-4.23211835633874,-4.92803976488629,14.595623558639));
#4350=CARTESIAN_POINT('Ctrl Pts',(-4.28018750598399,-4.91022184178886,14.6194282098324));
#4351=CARTESIAN_POINT('Ctrl Pts',(-4.32940957684218,-4.89154462223816,14.6421588592335));
#4352=CARTESIAN_POINT('Ctrl Pts',(-4.37908521482125,-4.87213598938978,14.6639525540336));
#4353=CARTESIAN_POINT('Ctrl Pts',(-4.45236892291021,-4.84350351194349,14.6961035808324));
#4354=CARTESIAN_POINT('Ctrl Pts',(-4.52664024947614,-4.81328163783623,14.7262156371658));
#4355=CARTESIAN_POINT('Ctrl Pts',(-4.6014387695047,-4.78155006927089,14.7541898365735));
#4356=CARTESIAN_POINT('Ctrl Pts',(-4.67457571551572,-4.75052338563968,14.7815426172302));
#4357=CARTESIAN_POINT('Ctrl Pts',(-4.74821717860607,-4.71805319680169,14.8068532906885));
#4358=CARTESIAN_POINT('Ctrl Pts',(-4.82190834954117,-4.68417167361894,14.8300294708));
#4359=CARTESIAN_POINT('Ctrl Pts',(-4.8931709755262,-4.65140674013048,14.8524418634121));
#4360=CARTESIAN_POINT('Ctrl Pts',(-4.96448039736869,-4.6173211756855,14.8728592585483));
#4361=CARTESIAN_POINT('Ctrl Pts',(-5.03539660147731,-4.58191112745261,14.8911770621053));
#4362=CARTESIAN_POINT('Ctrl Pts',(-5.06636613009809,-4.56644734853219,14.8991765559961));
#4363=CARTESIAN_POINT('Ctrl Pts',(-5.09726026321018,-4.55073061231298,14.9067752586874));
#4364=CARTESIAN_POINT('Ctrl Pts',(-5.12804033188749,-4.53475925975084,14.9139624230423));
#4365=CARTESIAN_POINT('Ctrl Pts',(-5.21494826357757,-4.4896639342004,14.9342554768152));
#4366=CARTESIAN_POINT('Ctrl Pts',(-5.30108110077199,-4.44269313806026,14.9511941369504));
#4367=CARTESIAN_POINT('Ctrl Pts',(-5.38557245288967,-4.39407063285717,14.964511677608));
#4368=CARTESIAN_POINT('Ctrl Pts',(-5.46422633665553,-4.34880743399958,14.976909115555));
#4369=CARTESIAN_POINT('Ctrl Pts',(-5.5414566952705,-4.3021133466222,14.986168587349));
#4370=CARTESIAN_POINT('Ctrl Pts',(-5.61658051772327,-4.2541857506403,14.9921113774492));
#4371=CARTESIAN_POINT('Ctrl Pts',(-5.6826568278691,-4.21203029857135,14.9973384496212));
#4372=CARTESIAN_POINT('Ctrl Pts',(-5.74710321438215,-4.1689209021387,15.));
#4373=CARTESIAN_POINT('Ctrl Pts',(-5.80947501931113,-4.125,15.));
#4374=CARTESIAN_POINT('Origin',(-6.125,-7.8407757057733E-32,0.));
#4375=CARTESIAN_POINT('',(1.,-1.3792541371586E-31,15.));
#4376=CARTESIAN_POINT('',(14.,-2.46519032881566E-31,24.5));
#4377=CARTESIAN_POINT('',(-11.1,-2.45014736469E-16,19.75));
#4378=CARTESIAN_POINT('Origin',(-9.5,0.,19.75));
#4379=CARTESIAN_POINT('Origin',(8.125,-1.86918206660898E-31,15.));
#4380=CARTESIAN_POINT('',(5.73955098312581,-4.125,15.));
#4381=CARTESIAN_POINT('Origin',(0.,0.,-16.));
#4382=CARTESIAN_POINT('',(-5.80947501931112,-4.125,-15.));
#4383=CARTESIAN_POINT('Origin',(0.,0.,-15.));
#4384=CARTESIAN_POINT('Origin',(-5.80947501931112,-4.125,-16.));
#4385=CARTESIAN_POINT('Ctrl Pts',(-3.12917004012935,-5.26535087719298,-14.));
#4386=CARTESIAN_POINT('Ctrl Pts',(-3.12917004012934,-5.26535087719298,-14.1847531375004));
#4387=CARTESIAN_POINT('Ctrl Pts',(-3.25716814489299,-5.19036432251709,-14.7332296630678));
#4388=CARTESIAN_POINT('Ctrl Pts',(-3.95783985883749,-4.73010909714705,-15.6247722306819));
#4389=CARTESIAN_POINT('Ctrl Pts',(-4.62640246298767,-4.06391647563482,-16.));
#4390=CARTESIAN_POINT('Ctrl Pts',(-4.99411010432009,-3.54605263157895,-16.));
#4391=CARTESIAN_POINT('Ctrl Pts',(-3.21697113911229,-5.21317115074438,-14.));
#4392=CARTESIAN_POINT('Ctrl Pts',(-3.21697113911228,-5.21317115074438,-14.1662841563262));
#4393=CARTESIAN_POINT('Ctrl Pts',(-3.34524497251936,-5.13536607186302,-14.6592501694076));
#4394=CARTESIAN_POINT('Ctrl Pts',(-4.04141706482397,-4.66151955242946,-15.4491792877202));
#4395=CARTESIAN_POINT('Ctrl Pts',(-4.67043649010139,-4.00426501304319,-15.7347363742432));
#4396=CARTESIAN_POINT('Ctrl Pts',(-4.99411010432009,-3.54605263157895,-15.7008006996581));
#4397=CARTESIAN_POINT('Ctrl Pts',(-3.38470768391454,-5.14560632706799,-14.));
#4398=CARTESIAN_POINT('Ctrl Pts',(-3.38470768391454,-5.14560632706799,-14.1339716220805));
#4399=CARTESIAN_POINT('Ctrl Pts',(-3.51803439932439,-5.07045334508834,-14.5291391854275));
#4400=CARTESIAN_POINT('Ctrl Pts',(-4.24480837092428,-4.62209586051289,-15.1412790732501));
#4401=CARTESIAN_POINT('Ctrl Pts',(-4.88358140371458,-4.03259834642426,-15.2706756795576));
#4402=CARTESIAN_POINT('Ctrl Pts',(-5.19881772614946,-3.69140465344654,-15.1827201636894));
#4403=CARTESIAN_POINT('Ctrl Pts',(-3.56345296542555,-5.125,-14.));
#4404=CARTESIAN_POINT('Ctrl Pts',(-3.56345296542555,-5.125,-14.1042825279393));
#4405=CARTESIAN_POINT('Ctrl Pts',(-3.70765822111924,-5.06998910108951,-14.4129125364033));
#4406=CARTESIAN_POINT('Ctrl Pts',(-4.49625562581297,-4.73764060336531,-14.8973803247137));
#4407=CARTESIAN_POINT('Ctrl Pts',(-5.23234626600738,-4.29140991408221,-15.0395010019735));
#4408=CARTESIAN_POINT('Ctrl Pts',(-5.62650756024465,-3.99508451432523,-15.));
#4409=CARTESIAN_POINT('Ctrl Pts',(-3.64005494464026,-5.125,-14.));
#4410=CARTESIAN_POINT('Ctrl Pts',(-3.64005494464026,-5.125,-14.0923765687502));
#4411=CARTESIAN_POINT('Ctrl Pts',(-3.78895069916124,-5.08138537125993,-14.3666148315339));
#4412=CARTESIAN_POINT('Ctrl Pts',(-4.60401779497422,-4.81368590344268,-14.812386115341));
#4413=CARTESIAN_POINT('Ctrl Pts',(-5.38173347735304,-4.42620652154265,-15.));
#4414=CARTESIAN_POINT('Ctrl Pts',(-5.80947501931113,-4.125,-15.));
#4415=CARTESIAN_POINT('Ctrl Pts',(-5.80947501931113,-4.125,-15.));
#4416=CARTESIAN_POINT('Ctrl Pts',(-5.38173347735304,-4.42620652154265,-15.));
#4417=CARTESIAN_POINT('Ctrl Pts',(-4.60401779497422,-4.81368590344268,-14.812386115341));
#4418=CARTESIAN_POINT('Ctrl Pts',(-3.78895069916124,-5.08138537125993,-14.3666148315339));
#4419=CARTESIAN_POINT('Ctrl Pts',(-3.64005494464026,-5.125,-14.0923765687502));
#4420=CARTESIAN_POINT('Ctrl Pts',(-3.64005494464026,-5.125,-14.));
#4421=CARTESIAN_POINT('Origin',(-5.82294901687419,-4.125,-14.));
#4422=CARTESIAN_POINT('',(-5.82294901687419,-4.125,-15.));
#4423=CARTESIAN_POINT('Origin',(-15.,6.25313512425192E-33,-15.));
#4424=CARTESIAN_POINT('Origin',(7.12499999999999,-4.125,-14.));
#4425=CARTESIAN_POINT('',(8.12499999999999,-4.125,-14.));
#4426=CARTESIAN_POINT('Origin',(7.12499999999999,-4.125,-14.));
#4427=CARTESIAN_POINT('Origin',(7.12499999999999,-4.125,-14.));
#4428=CARTESIAN_POINT('Origin',(7.12499999999999,-4.125,-14.));
#4429=CARTESIAN_POINT('Origin',(-5.82294901687419,-4.125,-14.));
#4430=CARTESIAN_POINT('Origin',(7.12499999999999,-4.125,-7.5));
#4431=CARTESIAN_POINT('',(8.125,-4.125,-3.5));
#4432=CARTESIAN_POINT('Origin',(7.125,-4.125,-3.5));
#4433=CARTESIAN_POINT('',(8.12499999999999,-4.125,-7.5));
#4434=CARTESIAN_POINT('Origin',(8.625,-4.125,-3.5));
#4435=CARTESIAN_POINT('',(8.625,-4.125,-3.));
#4436=CARTESIAN_POINT('Ctrl Pts',(7.2107864376269,-5.125,-3.));
#4437=CARTESIAN_POINT('Ctrl Pts',(7.32277112069716,-5.125,-3.));
#4438=CARTESIAN_POINT('Ctrl Pts',(7.45547230853904,-5.1038147585727,-3.));
#4439=CARTESIAN_POINT('Ctrl Pts',(7.67876978759424,-5.03422974217164,-3.));
#4440=CARTESIAN_POINT('Ctrl Pts',(7.81009311444198,-4.96978310968435,-3.));
#4441=CARTESIAN_POINT('Ctrl Pts',(8.1903431934839,-4.71790165820452,-3.));
#4442=CARTESIAN_POINT('Ctrl Pts',(8.43204721069803,-4.39787645152856,-3.));
#4443=CARTESIAN_POINT('Ctrl Pts',(8.625,-4.125,-3.));
#4444=CARTESIAN_POINT('Origin',(8.625,-4.125,-3.5));
#4445=CARTESIAN_POINT('Origin',(7.12499999999999,-9.0332535768323E-32,-14.));
#4446=CARTESIAN_POINT('',(8.12499999999999,-9.0332535768323E-32,-14.));
#4447=CARTESIAN_POINT('Origin',(7.125,-4.125,14.));
#4448=CARTESIAN_POINT('',(8.125,-4.125,14.));
#4449=CARTESIAN_POINT('Origin',(7.125,-4.125,14.));
#4450=CARTESIAN_POINT('Origin',(7.125,-4.125,14.));
#4451=CARTESIAN_POINT('Origin',(7.125,-1.86918206660898E-31,14.));
#4452=CARTESIAN_POINT('',(8.125,-1.86918206660898E-31,14.));
#4453=CARTESIAN_POINT('Origin',(8.625,-4.125,3.5));
#4454=CARTESIAN_POINT('',(8.125,-4.125,3.5));
#4455=CARTESIAN_POINT('Origin',(7.125,-4.125,3.5));
#4456=CARTESIAN_POINT('',(8.625,-4.125,3.));
#4457=CARTESIAN_POINT('Origin',(8.625,-4.125,3.5));
#4458=CARTESIAN_POINT('Ctrl Pts',(8.625,-4.125,3.));
#4459=CARTESIAN_POINT('Ctrl Pts',(8.43204721069803,-4.39787645152856,3.));
#4460=CARTESIAN_POINT('Ctrl Pts',(8.1903431934839,-4.71790165820452,3.));
#4461=CARTESIAN_POINT('Ctrl Pts',(7.81009311444198,-4.96978310968435,3.));
#4462=CARTESIAN_POINT('Ctrl Pts',(7.67876978759424,-5.03422974217164,3.));
#4463=CARTESIAN_POINT('Ctrl Pts',(7.45547230853904,-5.1038147585727,3.));
#4464=CARTESIAN_POINT('Ctrl Pts',(7.32277112069716,-5.125,3.));
#4465=CARTESIAN_POINT('Ctrl Pts',(7.2107864376269,-5.125,3.));
#4466=CARTESIAN_POINT('Origin',(7.12499999999999,-4.125,-7.5));
#4467=CARTESIAN_POINT('',(8.12499999999999,-4.125,-7.5));
#4468=CARTESIAN_POINT('Origin',(5.73955098312581,-4.125,14.));
#4469=CARTESIAN_POINT('Origin',(8.625,-2.11456187914687E-31,3.5));
#4470=CARTESIAN_POINT('',(8.125,-2.11456187914687E-31,3.5));
#4471=CARTESIAN_POINT('',(8.625,-2.11456187914687E-31,3.));
#4472=CARTESIAN_POINT('Origin',(8.12499999999999,-1.86918206660898E-31,
-15.));
#4473=CARTESIAN_POINT('Origin',(8.625,-1.86918206660898E-31,-3.5));
#4474=CARTESIAN_POINT('',(8.625,-1.86918206660898E-31,-3.));
#4475=CARTESIAN_POINT('',(8.125,-1.86918206660898E-31,-3.5));
#4476=CARTESIAN_POINT('Origin',(8.125,-1.86918206660898E-31,-3.));
#4477=CARTESIAN_POINT('',(4.37499999999999,-9.,-3.));
#4478=CARTESIAN_POINT('',(4.37499999999999,-2.5625,-3.));
#4479=CARTESIAN_POINT('',(11.3688170009021,-9.,-3.));
#4480=CARTESIAN_POINT('',(14.,-9.,-3.));
#4481=CARTESIAN_POINT('',(13.92,-4.05999999999999,-3.));
#4482=CARTESIAN_POINT('Origin',(0.,0.,-3.));
#4483=CARTESIAN_POINT('',(14.,-3.49999999999999,-3.));
#4484=CARTESIAN_POINT('Origin',(12.,-3.49999999999999,-3.));
#4485=CARTESIAN_POINT('',(14.,-1.88745860881769,-3.));
#4486=CARTESIAN_POINT('Origin',(4.37499999999999,-2.5625,-2.));
#4487=CARTESIAN_POINT('',(3.37499999999999,-6.76393202250021,-2.));
#4488=CARTESIAN_POINT('',(3.37499999999999,-2.5625,-2.));
#4489=CARTESIAN_POINT('Ctrl Pts',(3.37499999999999,-6.76393202250021,-2.));
#4490=CARTESIAN_POINT('Ctrl Pts',(3.37499999999999,-6.91335470598262,-2.16705963882356));
#4491=CARTESIAN_POINT('Ctrl Pts',(3.41496761165812,-7.07720926890198,-2.312885563376));
#4492=CARTESIAN_POINT('Ctrl Pts',(3.53764131914001,-7.42801669468626,-2.56426057288261));
#4493=CARTESIAN_POINT('Ctrl Pts',(3.62129975361935,-7.61488119196295,-2.6694671989019));
#4494=CARTESIAN_POINT('Ctrl Pts',(3.90946093204599,-8.19634187411107,-2.92104557984697));
#4495=CARTESIAN_POINT('Ctrl Pts',(4.15086597477637,-8.61178848060776,-3.));
#4496=CARTESIAN_POINT('Ctrl Pts',(4.37499999999999,-9.,-3.));
#4497=CARTESIAN_POINT('Origin',(3.37499999999999,-5.125,3.));
#4498=CARTESIAN_POINT('',(3.37499999999999,-6.76393202250021,2.));
#4499=CARTESIAN_POINT('',(3.37499999999999,-2.5625,2.));
#4500=CARTESIAN_POINT('Origin',(3.37499999999999,-9.,0.));
#4501=CARTESIAN_POINT('Origin',(4.37499999999999,-2.5625,2.));
#4502=CARTESIAN_POINT('',(4.375,-9.,3.));
#4503=CARTESIAN_POINT('',(4.37499999999999,-2.5625,3.));
#4504=CARTESIAN_POINT('Ctrl Pts',(4.37499999999999,-9.,3.));
#4505=CARTESIAN_POINT('Ctrl Pts',(4.13702026293019,-8.58780700422321,3.));
#4506=CARTESIAN_POINT('Ctrl Pts',(3.85626611559958,-8.1015287944364,2.89547967797268));
#4507=CARTESIAN_POINT('Ctrl Pts',(3.59082333132311,-7.54573505147645,2.63003689369621));
#4508=CARTESIAN_POINT('Ctrl Pts',(3.51593720224467,-7.37320175571028,2.52878934932657));
#4509=CARTESIAN_POINT('Ctrl Pts',(3.40776160714595,-7.04721471529077,2.28645537539103));
#4510=CARTESIAN_POINT('Ctrl Pts',(3.37499999999999,-6.89375304504908,2.14514431566391));
#4511=CARTESIAN_POINT('Ctrl Pts',(3.37499999999999,-6.76393202250021,2.));
#4512=CARTESIAN_POINT('Origin',(14.,-2.35994169168477E-31,3.));
#4513=CARTESIAN_POINT('',(14.,-3.49999999999999,3.));
#4514=CARTESIAN_POINT('',(14.,-1.88745860881769,3.));
#4515=CARTESIAN_POINT('',(13.92,-4.05999999999999,3.));
#4516=CARTESIAN_POINT('Origin',(12.,-3.49999999999999,3.));
#4517=CARTESIAN_POINT('',(11.3688170009021,-9.,3.));
#4518=CARTESIAN_POINT('Origin',(0.,0.,3.));
#4519=CARTESIAN_POINT('',(14.,-9.,3.));
#4520=CARTESIAN_POINT('Origin',(13.,-5.13745860881769,-23.5));
#4521=CARTESIAN_POINT('',(14.,-3.49999999999999,-23.5));
#4522=CARTESIAN_POINT('',(14.,-5.13745860881769,-23.5));
#4523=CARTESIAN_POINT('',(13.,-3.49999999999999,-24.5));
#4524=CARTESIAN_POINT('Origin',(13.,-3.49999999999999,-23.5));
#4525=CARTESIAN_POINT('',(13.,-5.13745860881769,-24.5));
#4526=CARTESIAN_POINT('Ctrl Pts',(12.96,-3.77999999999999,-24.5));
#4527=CARTESIAN_POINT('Ctrl Pts',(13.,-3.64285714285714,-24.5));
#4528=CARTESIAN_POINT('Ctrl Pts',(13.,-3.49999999999999,-24.5));
#4529=CARTESIAN_POINT('Ctrl Pts',(13.92,-4.05999999999999,-24.5));
#4530=CARTESIAN_POINT('Ctrl Pts',(14.,-3.78571428571428,-24.5));
#4531=CARTESIAN_POINT('Ctrl Pts',(14.,-3.49999999999999,-24.5));
#4532=CARTESIAN_POINT('Ctrl Pts',(13.92,-4.05999999999999,-23.5));
#4533=CARTESIAN_POINT('Ctrl Pts',(14.,-3.78571428571428,-23.5));
#4534=CARTESIAN_POINT('Ctrl Pts',(14.,-3.49999999999999,-23.5));
#4535=CARTESIAN_POINT('',(13.92,-4.05999999999999,-23.5));
#4536=CARTESIAN_POINT('',(12.96,-3.77999999999999,-24.5));
#4537=CARTESIAN_POINT('Origin',(12.96,-3.77999999999999,-23.5));
#4538=CARTESIAN_POINT('Origin',(12.,-3.49999999999999,-24.5));
#4539=CARTESIAN_POINT('Origin',(12.,-3.49999999999999,-23.5));
#4540=CARTESIAN_POINT('Origin',(0.,0.,-23.5));
#4541=CARTESIAN_POINT('',(6.88711841048199,-12.76,-23.5));
#4542=CARTESIAN_POINT('',(6.41214472700047,-11.88,-24.5));
#4543=CARTESIAN_POINT('Origin',(6.41214472700047,-11.88,-23.5));
#4544=CARTESIAN_POINT('Origin',(0.,0.,-24.5));
#4545=CARTESIAN_POINT('Origin',(0.,0.,-23.5));
#4546=CARTESIAN_POINT('Ctrl Pts',(5.93717104351895,-12.,-24.5));
#4547=CARTESIAN_POINT('Ctrl Pts',(6.18981661983891,-12.,-24.5));
#4548=CARTESIAN_POINT('Ctrl Pts',(6.41214472700047,-11.88,-24.5));
#4549=CARTESIAN_POINT('Ctrl Pts',(5.93717104351895,-13.,-24.5));
#4550=CARTESIAN_POINT('Ctrl Pts',(6.44246219615887,-13.,-24.5));
#4551=CARTESIAN_POINT('Ctrl Pts',(6.88711841048199,-12.76,-24.5));
#4552=CARTESIAN_POINT('Ctrl Pts',(5.93717104351895,-13.,-23.5));
#4553=CARTESIAN_POINT('Ctrl Pts',(6.44246219615887,-13.,-23.5));
#4554=CARTESIAN_POINT('Ctrl Pts',(6.88711841048199,-12.76,-23.5));
#4555=CARTESIAN_POINT('',(5.93717104351895,-12.,-24.5));
#4556=CARTESIAN_POINT('Origin',(5.93717104351895,-12.,-23.5));
#4557=CARTESIAN_POINT('Origin',(5.93717104351895,-11.,-24.5));
#4558=CARTESIAN_POINT('Origin',(5.93717104351895,-11.,-23.5));
#4559=CARTESIAN_POINT('Origin',(-7.75,-12.,-23.5));
#4560=CARTESIAN_POINT('',(-7.75,-12.,-24.5));
#4561=CARTESIAN_POINT('Origin',(5.93717104351895,-11.,0.));
#4562=CARTESIAN_POINT('',(6.887118410482,-12.76,-21.2240589537593));
#4563=CARTESIAN_POINT('',(6.88711841048199,-12.76,0.));
#4564=CARTESIAN_POINT('',(6.887118410482,-12.76,-18.2759410462407));
#4565=CARTESIAN_POINT('Ctrl Pts',(6.887118410482,-12.76,-21.2240589537593));
#4566=CARTESIAN_POINT('Ctrl Pts',(6.8039176198826,-12.8049070295222,-21.0765792254648));
#4567=CARTESIAN_POINT('Ctrl Pts',(6.73037265351628,-12.8370780818436,-20.9164182457029));
#4568=CARTESIAN_POINT('Ctrl Pts',(6.55722155966888,-12.9054118598854,-20.4263573952766));
#4569=CARTESIAN_POINT('Ctrl Pts',(6.5,-12.9191726253119,-20.0763917200215));
#4570=CARTESIAN_POINT('Ctrl Pts',(6.5,-12.9191726253119,-19.4236082799785));
#4571=CARTESIAN_POINT('Ctrl Pts',(6.55722155966887,-12.9054118598854,-19.0736426047234));
#4572=CARTESIAN_POINT('Ctrl Pts',(6.73037265351628,-12.8370780818436,-18.5835817542971));
#4573=CARTESIAN_POINT('Ctrl Pts',(6.8039176198826,-12.8049070295222,-18.4234207745352));
#4574=CARTESIAN_POINT('Ctrl Pts',(6.887118410482,-12.76,-18.2759410462407));
#4575=CARTESIAN_POINT('',(6.887118410482,-12.76,18.2759410462407));
#4576=CARTESIAN_POINT('',(6.88711841048199,-12.76,0.));
#4577=CARTESIAN_POINT('',(6.887118410482,-12.76,21.2240589537593));
#4578=CARTESIAN_POINT('Ctrl Pts',(6.887118410482,-12.76,18.2759410462407));
#4579=CARTESIAN_POINT('Ctrl Pts',(6.8039176198826,-12.8049070295222,18.4234207745352));
#4580=CARTESIAN_POINT('Ctrl Pts',(6.73037265351628,-12.8370780818436,18.5835817542971));
#4581=CARTESIAN_POINT('Ctrl Pts',(6.55722155966887,-12.9054118598854,19.0736426047234));
#4582=CARTESIAN_POINT('Ctrl Pts',(6.5,-12.9191726253119,19.4236082799785));
#4583=CARTESIAN_POINT('Ctrl Pts',(6.5,-12.9191726253119,20.0763917200215));
#4584=CARTESIAN_POINT('Ctrl Pts',(6.55722155966888,-12.9054118598854,20.4263573952766));
#4585=CARTESIAN_POINT('Ctrl Pts',(6.73037265351628,-12.8370780818436,20.9164182457029));
#4586=CARTESIAN_POINT('Ctrl Pts',(6.8039176198826,-12.8049070295222,21.0765792254648));
#4587=CARTESIAN_POINT('Ctrl Pts',(6.887118410482,-12.76,21.2240589537593));
#4588=CARTESIAN_POINT('',(6.88711841048199,-12.76,23.5));
#4589=CARTESIAN_POINT('',(6.88711841048199,-12.76,0.));
#4590=CARTESIAN_POINT('Origin',(5.93717104351895,-11.,23.5));
#4591=CARTESIAN_POINT('Origin',(0.,0.,0.));
#4592=CARTESIAN_POINT('',(13.92,-4.05999999999999,0.));
#4593=CARTESIAN_POINT('',(8.13941029804985,-12.,-1.04083408558608E-16));
#4594=CARTESIAN_POINT('Ctrl Pts',(11.3688170009021,-9.,-3.));
#4595=CARTESIAN_POINT('Ctrl Pts',(11.0321182535112,-9.42531849372448,-3.));
#4596=CARTESIAN_POINT('Ctrl Pts',(10.6455224450978,-9.86048788418243,-2.9060431682078));
#4597=CARTESIAN_POINT('Ctrl Pts',(9.86283306943555,-10.6433496612506,-2.54655231890476));
#4598=CARTESIAN_POINT('Ctrl Pts',(9.46684005707479,-10.9918818687997,-2.28263055150075));
#4599=CARTESIAN_POINT('Ctrl Pts',(8.8802646324306,-11.4669429983278,-1.73393621619033));
#4600=CARTESIAN_POINT('Ctrl Pts',(8.62930083028911,-11.6549346332384,-1.44276174843266));
#4601=CARTESIAN_POINT('Ctrl Pts',(8.35032823638221,-11.8547501844855,-0.939659996278678));
#4602=CARTESIAN_POINT('Ctrl Pts',(8.2735139311506,-11.9081094658568,-0.760813776906452));
#4603=CARTESIAN_POINT('Ctrl Pts',(8.16797281474756,-11.9807480535905,-0.388689209452741));
#4604=CARTESIAN_POINT('Ctrl Pts',(8.13941029804985,-12.,-0.195358944343883));
#4605=CARTESIAN_POINT('Ctrl Pts',(8.13941029804985,-12.,2.42861286636753E-16));
#4606=CARTESIAN_POINT('Ctrl Pts',(8.13941029804985,-12.,-1.04083408558608E-16));
#4607=CARTESIAN_POINT('Ctrl Pts',(8.13941029804985,-12.,0.195358944343882));
#4608=CARTESIAN_POINT('Ctrl Pts',(8.16797281474756,-11.9807480535905,0.388689209452739));
#4609=CARTESIAN_POINT('Ctrl Pts',(8.2735139311506,-11.9081094658568,0.76081377690645));
#4610=CARTESIAN_POINT('Ctrl Pts',(8.35032823638221,-11.8547501844855,0.939659996278676));
#4611=CARTESIAN_POINT('Ctrl Pts',(8.62930083028911,-11.6549346332384,1.44276174843266));
#4612=CARTESIAN_POINT('Ctrl Pts',(8.8802646324306,-11.4669429983278,1.73393621619032));
#4613=CARTESIAN_POINT('Ctrl Pts',(9.46684005707479,-10.9918818687997,2.28263055150075));
#4614=CARTESIAN_POINT('Ctrl Pts',(9.86283306943555,-10.6433496612506,2.54655231890476));
#4615=CARTESIAN_POINT('Ctrl Pts',(10.6455224450978,-9.86048788418244,2.9060431682078));
#4616=CARTESIAN_POINT('Ctrl Pts',(11.0321182535111,-9.42531849372449,3.));
#4617=CARTESIAN_POINT('Ctrl Pts',(11.3688170009021,-9.,3.));
#4618=CARTESIAN_POINT('',(13.92,-4.05999999999999,23.5));
#4619=CARTESIAN_POINT('',(13.92,-4.05999999999999,0.));
#4620=CARTESIAN_POINT('Origin',(0.,0.,23.5));
#4621=CARTESIAN_POINT('',(12.4990999675977,-7.35,19.823480503235));
#4622=CARTESIAN_POINT('Ctrl Pts',(6.887118410482,-12.76,21.2240589537593));
#4623=CARTESIAN_POINT('Ctrl Pts',(7.00827285874882,-12.6946077561779,21.4388144264337));
#4624=CARTESIAN_POINT('Ctrl Pts',(7.1533042582327,-12.6139518938291,21.6324388921737));
#4625=CARTESIAN_POINT('Ctrl Pts',(7.60380281672453,-12.3511329489979,22.1151731535199));
#4626=CARTESIAN_POINT('Ctrl Pts',(7.97466704422587,-12.1193076807386,22.3667297227727));
#4627=CARTESIAN_POINT('Ctrl Pts',(8.74621234704667,-11.5748306741905,22.6835503828505));
#4628=CARTESIAN_POINT('Ctrl Pts',(9.14593241221133,-11.261508257566,22.75));
#4629=CARTESIAN_POINT('Ctrl Pts',(9.93436717755631,-10.5777560395732,22.75));
#4630=CARTESIAN_POINT('Ctrl Pts',(10.3757065418545,-10.146046951142,22.6522367810978));
#4631=CARTESIAN_POINT('Ctrl Pts',(11.1651288201802,-9.27024548345309,22.2832168028302));
#4632=CARTESIAN_POINT('Ctrl Pts',(11.514095825291,-8.82609859776548,22.0139839941821));
#4633=CARTESIAN_POINT('Ctrl Pts',(11.9801445879181,-8.17514364198208,21.4633663787932));
#4634=CARTESIAN_POINT('Ctrl Pts',(12.1611067912026,-7.90045889978495,21.1795170833677));
#4635=CARTESIAN_POINT('Ctrl Pts',(12.3556745516241,-7.58961452989966,20.6861489584109));
#4636=CARTESIAN_POINT('Ctrl Pts',(12.4081278372288,-7.5028809962861,20.5103824231472));
#4637=CARTESIAN_POINT('Ctrl Pts',(12.4757976002304,-7.38974511479195,20.1643433109766));
#4638=CARTESIAN_POINT('Ctrl Pts',(12.4948711128758,-7.35719141196145,19.9960808189769));
#4639=CARTESIAN_POINT('Ctrl Pts',(12.4990999675977,-7.35,19.823480503235));
#4640=CARTESIAN_POINT('',(12.4990999675977,-7.35,19.676519496765));
#4641=CARTESIAN_POINT('Ctrl Pts',(12.4990999675977,-7.35,19.823480503235));
#4642=CARTESIAN_POINT('Ctrl Pts',(12.4993216147501,-7.34962307620188,19.799045268267));
#4643=CARTESIAN_POINT('Ctrl Pts',(12.4994332331877,-7.34943323318767,19.7745520010806));
#4644=CARTESIAN_POINT('Ctrl Pts',(12.4994332331877,-7.34943323318767,19.7254479989194));
#4645=CARTESIAN_POINT('Ctrl Pts',(12.4993216147501,-7.34962307620188,19.700954731733));
#4646=CARTESIAN_POINT('Ctrl Pts',(12.4990999675977,-7.35,19.676519496765));
#4647=CARTESIAN_POINT('Ctrl Pts',(12.4990999675977,-7.35,19.676519496765));
#4648=CARTESIAN_POINT('Ctrl Pts',(12.4948711128758,-7.35719141196145,19.5039191810231));
#4649=CARTESIAN_POINT('Ctrl Pts',(12.4757976002304,-7.38974511479195,19.3356566890234));
#4650=CARTESIAN_POINT('Ctrl Pts',(12.4081278372288,-7.5028809962861,18.9896175768528));
#4651=CARTESIAN_POINT('Ctrl Pts',(12.3556745516241,-7.58961452989966,18.8138510415891));
#4652=CARTESIAN_POINT('Ctrl Pts',(12.1611067912026,-7.90045889978495,18.3204829166323));
#4653=CARTESIAN_POINT('Ctrl Pts',(11.9801445879181,-8.17514364198208,18.0366336212068));
#4654=CARTESIAN_POINT('Ctrl Pts',(11.514095825291,-8.82609859776549,17.4860160058179));
#4655=CARTESIAN_POINT('Ctrl Pts',(11.1651288201802,-9.2702454834531,17.2167831971698));
#4656=CARTESIAN_POINT('Ctrl Pts',(10.3757065418546,-10.146046951142,16.8477632189022));
#4657=CARTESIAN_POINT('Ctrl Pts',(9.93436717755631,-10.5777560395732,16.75));
#4658=CARTESIAN_POINT('Ctrl Pts',(9.14593241221133,-11.261508257566,16.75));
#4659=CARTESIAN_POINT('Ctrl Pts',(8.74621234704668,-11.5748306741905,16.8164496171495));
#4660=CARTESIAN_POINT('Ctrl Pts',(7.97466704422587,-12.1193076807386,17.1332702772273));
#4661=CARTESIAN_POINT('Ctrl Pts',(7.60380281672454,-12.3511329489979,17.3848268464801));
#4662=CARTESIAN_POINT('Ctrl Pts',(7.1533042582327,-12.6139518938291,17.8675611078263));
#4663=CARTESIAN_POINT('Ctrl Pts',(7.00827285874882,-12.6946077561779,18.0611855735663));
#4664=CARTESIAN_POINT('Ctrl Pts',(6.887118410482,-12.76,18.2759410462407));
#4665=CARTESIAN_POINT('',(12.4990999675977,-7.35,-19.676519496765));
#4666=CARTESIAN_POINT('Ctrl Pts',(6.887118410482,-12.76,-18.2759410462407));
#4667=CARTESIAN_POINT('Ctrl Pts',(7.00827285874882,-12.6946077561779,-18.0611855735663));
#4668=CARTESIAN_POINT('Ctrl Pts',(7.1533042582327,-12.6139518938291,-17.8675611078263));
#4669=CARTESIAN_POINT('Ctrl Pts',(7.60380281672454,-12.3511329489979,-17.3848268464801));
#4670=CARTESIAN_POINT('Ctrl Pts',(7.97466704422587,-12.1193076807386,-17.1332702772273));
#4671=CARTESIAN_POINT('Ctrl Pts',(8.74621234704668,-11.5748306741905,-16.8164496171495));
#4672=CARTESIAN_POINT('Ctrl Pts',(9.14593241221133,-11.261508257566,-16.75));
#4673=CARTESIAN_POINT('Ctrl Pts',(9.93436717755631,-10.5777560395732,-16.75));
#4674=CARTESIAN_POINT('Ctrl Pts',(10.3757065418546,-10.146046951142,-16.8477632189022));
#4675=CARTESIAN_POINT('Ctrl Pts',(11.1651288201802,-9.2702454834531,-17.2167831971698));
#4676=CARTESIAN_POINT('Ctrl Pts',(11.514095825291,-8.82609859776549,-17.4860160058179));
#4677=CARTESIAN_POINT('Ctrl Pts',(11.9801445879181,-8.17514364198208,-18.0366336212068));
#4678=CARTESIAN_POINT('Ctrl Pts',(12.1611067912026,-7.90045889978495,-18.3204829166323));
#4679=CARTESIAN_POINT('Ctrl Pts',(12.3556745516241,-7.58961452989966,-18.8138510415891));
#4680=CARTESIAN_POINT('Ctrl Pts',(12.4081278372288,-7.5028809962861,-18.9896175768528));
#4681=CARTESIAN_POINT('Ctrl Pts',(12.4757976002304,-7.38974511479195,-19.3356566890234));
#4682=CARTESIAN_POINT('Ctrl Pts',(12.4948711128758,-7.35719141196145,-19.5039191810231));
#4683=CARTESIAN_POINT('Ctrl Pts',(12.4990999675977,-7.35,-19.676519496765));
#4684=CARTESIAN_POINT('',(12.4990999675977,-7.35,-19.823480503235));
#4685=CARTESIAN_POINT('Ctrl Pts',(12.4990999675977,-7.35,-19.676519496765));
#4686=CARTESIAN_POINT('Ctrl Pts',(12.4993216147506,-7.34962307620109,-19.7009547317841));
#4687=CARTESIAN_POINT('Ctrl Pts',(12.4994332331877,-7.34943323318768,-19.7254479989725));
#4688=CARTESIAN_POINT('Ctrl Pts',(12.4994332331877,-7.34943323318768,-19.75));
#4689=CARTESIAN_POINT('Ctrl Pts',(12.4994332331877,-7.34943323318768,-19.7745520010806));
#4690=CARTESIAN_POINT('Ctrl Pts',(12.4993216147501,-7.34962307620188,-19.799045268267));
#4691=CARTESIAN_POINT('Ctrl Pts',(12.4990999675977,-7.35,-19.823480503235));
#4692=CARTESIAN_POINT('Ctrl Pts',(12.4990999675977,-7.35,-19.823480503235));
#4693=CARTESIAN_POINT('Ctrl Pts',(12.4948711128758,-7.35719141196145,-19.9960808189769));
#4694=CARTESIAN_POINT('Ctrl Pts',(12.4757976002304,-7.38974511479195,-20.1643433109766));
#4695=CARTESIAN_POINT('Ctrl Pts',(12.4081278372288,-7.5028809962861,-20.5103824231472));
#4696=CARTESIAN_POINT('Ctrl Pts',(12.3556745516241,-7.58961452989966,-20.6861489584109));
#4697=CARTESIAN_POINT('Ctrl Pts',(12.1611067912026,-7.90045889978495,-21.1795170833677));
#4698=CARTESIAN_POINT('Ctrl Pts',(11.9801445879181,-8.17514364198208,-21.4633663787932));
#4699=CARTESIAN_POINT('Ctrl Pts',(11.514095825291,-8.82609859776549,-22.0139839941821));
#4700=CARTESIAN_POINT('Ctrl Pts',(11.1651288201802,-9.2702454834531,-22.2832168028302));
#4701=CARTESIAN_POINT('Ctrl Pts',(10.3757065418546,-10.146046951142,-22.6522367810978));
#4702=CARTESIAN_POINT('Ctrl Pts',(9.93436717755631,-10.5777560395732,-22.75));
#4703=CARTESIAN_POINT('Ctrl Pts',(9.14593241221133,-11.261508257566,-22.75));
#4704=CARTESIAN_POINT('Ctrl Pts',(8.74621234704668,-11.5748306741905,-22.6835503828505));
#4705=CARTESIAN_POINT('Ctrl Pts',(7.97466704422587,-12.1193076807386,-22.3667297227727));
#4706=CARTESIAN_POINT('Ctrl Pts',(7.60380281672454,-12.3511329489979,-22.1151731535199));
#4707=CARTESIAN_POINT('Ctrl Pts',(7.1533042582327,-12.6139518938291,-21.6324388921737));
#4708=CARTESIAN_POINT('Ctrl Pts',(7.00827285874882,-12.6946077561779,-21.4388144264337));
#4709=CARTESIAN_POINT('Ctrl Pts',(6.887118410482,-12.76,-21.2240589537593));
#4710=CARTESIAN_POINT('Origin',(12.,-3.49999999999999,0.));
#4711=CARTESIAN_POINT('',(14.,-3.49999999999999,0.));
#4712=CARTESIAN_POINT('Origin',(14.,-3.77491721763538,0.));
#4713=CARTESIAN_POINT('Origin',(-7.75,-12.,23.5));
#4714=CARTESIAN_POINT('',(5.93717104351896,-12.,24.5));
#4715=CARTESIAN_POINT('Origin',(5.93717104351896,-12.,23.5));
#4716=CARTESIAN_POINT('',(-7.75,-12.,24.5));
#4717=CARTESIAN_POINT('Ctrl Pts',(6.41214472700047,-11.88,24.5));
#4718=CARTESIAN_POINT('Ctrl Pts',(6.18981661983891,-12.,24.5));
#4719=CARTESIAN_POINT('Ctrl Pts',(5.93717104351895,-12.,24.5));
#4720=CARTESIAN_POINT('Ctrl Pts',(6.88711841048199,-12.76,24.5));
#4721=CARTESIAN_POINT('Ctrl Pts',(6.44246219615887,-13.,24.5));
#4722=CARTESIAN_POINT('Ctrl Pts',(5.93717104351895,-13.,24.5));
#4723=CARTESIAN_POINT('Ctrl Pts',(6.88711841048199,-12.76,23.5));
#4724=CARTESIAN_POINT('Ctrl Pts',(6.44246219615887,-13.,23.5));
#4725=CARTESIAN_POINT('Ctrl Pts',(5.93717104351895,-13.,23.5));
#4726=CARTESIAN_POINT('',(6.41214472700047,-11.88,24.5));
#4727=CARTESIAN_POINT('Origin',(6.41214472700047,-11.88,23.5));
#4728=CARTESIAN_POINT('Origin',(5.93717104351895,-11.,24.5));
#4729=CARTESIAN_POINT('Origin',(0.,0.,23.5));
#4730=CARTESIAN_POINT('',(12.96,-3.77999999999999,24.5));
#4731=CARTESIAN_POINT('Origin',(12.96,-3.77999999999999,23.5));
#4732=CARTESIAN_POINT('Origin',(0.,0.,24.5));
#4733=CARTESIAN_POINT('Ctrl Pts',(13.,-3.49999999999999,24.5));
#4734=CARTESIAN_POINT('Ctrl Pts',(13.,-3.64285714285714,24.5));
#4735=CARTESIAN_POINT('Ctrl Pts',(12.96,-3.77999999999999,24.5));
#4736=CARTESIAN_POINT('Ctrl Pts',(14.,-3.49999999999999,24.5));
#4737=CARTESIAN_POINT('Ctrl Pts',(14.,-3.78571428571428,24.5));
#4738=CARTESIAN_POINT('Ctrl Pts',(13.92,-4.05999999999999,24.5));
#4739=CARTESIAN_POINT('Ctrl Pts',(14.,-3.49999999999999,23.5));
#4740=CARTESIAN_POINT('Ctrl Pts',(14.,-3.78571428571428,23.5));
#4741=CARTESIAN_POINT('Ctrl Pts',(13.92,-4.05999999999999,23.5));
#4742=CARTESIAN_POINT('',(14.,-3.49999999999999,23.5));
#4743=CARTESIAN_POINT('',(13.,-3.49999999999999,24.5));
#4744=CARTESIAN_POINT('Origin',(13.,-3.49999999999999,23.5));
#4745=CARTESIAN_POINT('Origin',(12.,-3.49999999999999,24.5));
#4746=CARTESIAN_POINT('Origin',(12.,-3.49999999999999,23.5));
#4747=CARTESIAN_POINT('Origin',(13.,-5.13745860881769,23.5));
#4748=CARTESIAN_POINT('',(13.,-5.13745860881769,24.5));
#4749=CARTESIAN_POINT('',(14.,-5.13745860881769,23.5));
#4750=CARTESIAN_POINT('Origin',(14.,-3.77491721763538,0.));
#4751=CARTESIAN_POINT('',(14.,-3.49999999999999,0.));
#4752=CARTESIAN_POINT('Origin',(12.,-3.49999999999999,0.));
#4753=CARTESIAN_POINT('Origin',(9.5,-10.175,19.75));
#4754=CARTESIAN_POINT('',(6.5,-7.35,19.75));
#4755=CARTESIAN_POINT('Origin',(9.5,-7.35,19.75));
#4756=CARTESIAN_POINT('Origin',(9.5,-7.35,19.75));
#4757=CARTESIAN_POINT('Origin',(9.5,-10.175,-19.75));
#4758=CARTESIAN_POINT('',(6.5,-7.35,-19.75));
#4759=CARTESIAN_POINT('Origin',(9.5,-7.35,-19.75));
#4760=CARTESIAN_POINT('Origin',(9.5,-7.35,-19.75));
#4761=CARTESIAN_POINT('Origin',(8.12499999999999,-1.86918206660898E-31,
-15.));
#4762=CARTESIAN_POINT('Origin',(14.,-11.35,0.));
#4763=CARTESIAN_POINT('Origin',(14.,-9.,0.));
#4764=CARTESIAN_POINT('',(14.,-9.,3.));
#4765=CARTESIAN_POINT('Origin',(9.5,-6.65,-19.75));
#4766=CARTESIAN_POINT('',(7.9,-5.95,-19.75));
#4767=CARTESIAN_POINT('',(7.2,-6.65,-19.75));
#4768=CARTESIAN_POINT('Origin',(9.5,-5.94999999999999,-19.75));
#4769=CARTESIAN_POINT('Origin',(9.49999999999999,51.0537670017954,-19.75));
#4770=CARTESIAN_POINT('',(7.89999999999999,51.0537670017954,-19.75));
#4771=CARTESIAN_POINT('Origin',(-9.5,-10.3,-19.75));
#4772=CARTESIAN_POINT('',(-12.5,-11.,-19.75));
#4773=CARTESIAN_POINT('Origin',(-9.5,-11.,-19.75));
#4774=CARTESIAN_POINT('',(-11.1,-9.6,-19.75));
#4775=CARTESIAN_POINT('',(-11.8,-10.3,-19.75));
#4776=CARTESIAN_POINT('Origin',(-9.5,-9.6,-19.75));
#4777=CARTESIAN_POINT('Origin',(-9.50000000000001,47.4037670017954,-19.75));
#4778=CARTESIAN_POINT('',(-11.1,47.4037670017954,-19.75));
#4779=CARTESIAN_POINT('Origin',(-9.5,-12.,-19.75));
#4780=CARTESIAN_POINT('',(-12.5,-12.,-19.75));
#4781=CARTESIAN_POINT('Origin',(9.5,-6.65,19.75));
#4782=CARTESIAN_POINT('',(7.9,-5.95,19.75));
#4783=CARTESIAN_POINT('',(7.2,-6.65,19.75));
#4784=CARTESIAN_POINT('Origin',(9.5,-5.94999999999999,19.75));
#4785=CARTESIAN_POINT('Origin',(9.49999999999999,51.0537670017954,19.75));
#4786=CARTESIAN_POINT('',(7.89999999999999,51.0537670017954,19.75));
#4787=CARTESIAN_POINT('Origin',(-9.5,-10.3,19.75));
#4788=CARTESIAN_POINT('',(-12.5,-11.,19.75));
#4789=CARTESIAN_POINT('Origin',(-9.5,-11.,19.75));
#4790=CARTESIAN_POINT('',(-11.1,-9.6,19.75));
#4791=CARTESIAN_POINT('',(-11.8,-10.3,19.75));
#4792=CARTESIAN_POINT('Origin',(-9.5,-9.6,19.75));
#4793=CARTESIAN_POINT('Origin',(-9.50000000000001,47.4037670017954,19.75));
#4794=CARTESIAN_POINT('',(-11.1,47.4037670017954,19.75));
#4795=CARTESIAN_POINT('Origin',(-9.5,-12.,19.75));
#4796=CARTESIAN_POINT('',(-12.5,-12.,19.75));
#4797=CARTESIAN_POINT('Origin',(-0.499999999999999,-6.5,-24.5));
#4798=CARTESIAN_POINT('Origin',(-0.499999999999999,-6.5,24.5));
#4799=UNCERTAINTY_MEASURE_WITH_UNIT(LENGTH_MEASURE(0.01),#4803,
'DISTANCE_ACCURACY_VALUE',
'Maximum model space distance between geometric entities at asserted c
onnectivities');
#4800=UNCERTAINTY_MEASURE_WITH_UNIT(LENGTH_MEASURE(0.01),#4803,
'DISTANCE_ACCURACY_VALUE',
'Maximum model space distance between geometric entities at asserted c
onnectivities');
#4801=(
GEOMETRIC_REPRESENTATION_CONTEXT(3)
GLOBAL_UNCERTAINTY_ASSIGNED_CONTEXT((#4799))
GLOBAL_UNIT_ASSIGNED_CONTEXT((#4803,#4805,#4806))
REPRESENTATION_CONTEXT('','3D')
);
#4802=(
GEOMETRIC_REPRESENTATION_CONTEXT(3)
GLOBAL_UNCERTAINTY_ASSIGNED_CONTEXT((#4800))
GLOBAL_UNIT_ASSIGNED_CONTEXT((#4803,#4805,#4806))
REPRESENTATION_CONTEXT('','3D')
);
#4803=(
LENGTH_UNIT()
NAMED_UNIT(*)
SI_UNIT(.MILLI.,.METRE.)
);
#4804=(
LENGTH_UNIT()
NAMED_UNIT(*)
SI_UNIT(.CENTI.,.METRE.)
);
#4805=(
NAMED_UNIT(*)
PLANE_ANGLE_UNIT()
SI_UNIT($,.RADIAN.)
);
#4806=(
NAMED_UNIT(*)
SI_UNIT($,.STERADIAN.)
SOLID_ANGLE_UNIT()
);
#4807=SHAPE_DEFINITION_REPRESENTATION(#4808,#4809);
#4808=PRODUCT_DEFINITION_SHAPE('',$,#4811);
#4809=SHAPE_REPRESENTATION('',(#2484),#4801);
#4810=PRODUCT_DEFINITION_CONTEXT('part definition',#4815,'design');
#4811=PRODUCT_DEFINITION('MotorMountBottom','BodyMotor',#4812,#4810);
#4812=PRODUCT_DEFINITION_FORMATION('',$,#4817);
#4813=PRODUCT_RELATED_PRODUCT_CATEGORY('BodyMotor','BodyMotor',(#4817));
#4814=APPLICATION_PROTOCOL_DEFINITION('international standard',
'automotive_design',2009,#4815);
#4815=APPLICATION_CONTEXT(
'Core Data for Automotive Mechanical Design Process');
#4816=PRODUCT_CONTEXT('part definition',#4815,'mechanical');
#4817=PRODUCT('MotorMountBottom','BodyMotor',$,(#4816));
#4818=PRESENTATION_STYLE_ASSIGNMENT((#4820));
#4819=PRESENTATION_STYLE_ASSIGNMENT((#4821));
#4820=SURFACE_STYLE_USAGE(.BOTH.,#4826);
#4821=SURFACE_STYLE_USAGE(.BOTH.,#4827);
#4822=SURFACE_STYLE_RENDERING_WITH_PROPERTIES($,#4834,(#4824));
#4823=SURFACE_STYLE_RENDERING_WITH_PROPERTIES($,#4835,(#4825));
#4824=SURFACE_STYLE_TRANSPARENT(0.);
#4825=SURFACE_STYLE_TRANSPARENT(0.);
#4826=SURFACE_SIDE_STYLE('',(#4828,#4822));
#4827=SURFACE_SIDE_STYLE('',(#4829,#4823));
#4828=SURFACE_STYLE_FILL_AREA(#4830);
#4829=SURFACE_STYLE_FILL_AREA(#4831);
#4830=FILL_AREA_STYLE('',(#4832));
#4831=FILL_AREA_STYLE('',(#4833));
#4832=FILL_AREA_STYLE_COLOUR('',#4834);
#4833=FILL_AREA_STYLE_COLOUR('',#4835);
#4834=COLOUR_RGB('',0.749019607843137,0.749019607843137,0.749019607843137);
#4835=COLOUR_RGB('',0.43921568627451,0.43921568627451,0.43921568627451);
ENDSEC;
END-ISO-10303-21;
