ISO-10303-21;
HEADER;
/* Generated by software containing ST-Developer
 * from STEP Tools, Inc. (www.steptools.com) 
 */

FILE_DESCRIPTION(
/* description */ ('Front metal sheet for MiniSUmo robot MK-1'),
/* implementation_level */ '2;1');

FILE_NAME(
/* name */ 'FrontArmor.stp',
/* time_stamp */ '2026-10-01T15:05:09+02:00',
/* author */ ('Vadim'),
/* organization */ ('RoboCrew - Prosek'),
/* preprocessor_version */ 'ST-DEVELOPER v20.2',
/* originating_system */ 'Autodesk Inventor 2027',
/* authorisation */ 'Vadim Sob\X2\010D\X0\uk');

FILE_SCHEMA (('AUTOMOTIVE_DESIGN { 1 0 10303 214 3 1 1 }'));
ENDSEC;

DATA;
#10=MECHANICAL_DESIGN_GEOMETRIC_PRESENTATION_REPRESENTATION('',(#123,#124,
#125,#126,#127,#128,#129,#130,#131,#132,#133,#134,#135,#136,#137,#138,#139,
#140,#141,#142,#143,#144,#145,#146,#147,#148,#149,#150,#151,#152,#153,#154,
#155,#156,#157,#158,#159,#160,#161,#162,#163,#164,#165,#166,#167,#168,#169,
#170,#171,#172,#173,#174,#175,#176,#177,#178,#179,#180,#181,#182,#183,#184,
#185,#186,#187,#188,#189,#190,#191,#192,#193,#194,#195,#196,#197,#198,#199,
#200,#201,#202,#203,#204,#205,#206,#207,#208,#209,#210,#211,#212,#213,#214,
#215,#216,#217,#218,#219,#220,#221,#222,#223,#224,#225,#226,#227,#228,#229,
#230,#231,#232,#233,#234,#235,#236,#237,#238,#239,#240,#241,#242,#243,#244,
#245,#246,#247,#248,#249,#250,#251,#252,#253,#254,#255,#256,#257,#258,#259,
#260,#261,#262,#263,#264,#265,#266,#267,#268,#269,#270,#271,#272,#273,#274,
#275,#276,#277,#278,#279,#280,#281,#282,#283,#284,#285,#286,#287,#288,#289,
#13),#2711);
#11=SHAPE_REPRESENTATION_RELATIONSHIP('SRR','None',#2718,#12);
#12=ADVANCED_BREP_SHAPE_REPRESENTATION('',(#14),#2710);
#13=STYLED_ITEM('',(#2729),#14);
#14=MANIFOLD_SOLID_BREP('',#1663);
#15=CYLINDRICAL_SURFACE('',#1707,1.);
#16=CYLINDRICAL_SURFACE('',#1714,3.);
#17=CYLINDRICAL_SURFACE('',#1716,1.5);
#18=CYLINDRICAL_SURFACE('',#1719,1.);
#19=CYLINDRICAL_SURFACE('',#1733,3.);
#20=CYLINDRICAL_SURFACE('',#1734,1.5);
#21=B_SPLINE_CURVE_WITH_KNOTS('',2,(#2053,#2054,#2055,#2056),
 .UNSPECIFIED.,.F.,.F.,(3,1,3),(0.,1.,2.),.UNSPECIFIED.);
#22=B_SPLINE_CURVE_WITH_KNOTS('',2,(#2058,#2059,#2060,#2061),
 .UNSPECIFIED.,.F.,.F.,(3,1,3),(0.,1.,2.),.UNSPECIFIED.);
#23=B_SPLINE_CURVE_WITH_KNOTS('',2,(#2063,#2064,#2065,#2066),
 .UNSPECIFIED.,.F.,.F.,(3,1,3),(0.,1.,2.),.UNSPECIFIED.);
#24=B_SPLINE_CURVE_WITH_KNOTS('',2,(#2068,#2069,#2070,#2071),
 .UNSPECIFIED.,.F.,.F.,(3,1,3),(0.,1.,2.),.UNSPECIFIED.);
#25=B_SPLINE_CURVE_WITH_KNOTS('',2,(#2079,#2080,#2081,#2082),
 .UNSPECIFIED.,.F.,.F.,(3,1,3),(0.,1.,2.),.UNSPECIFIED.);
#26=B_SPLINE_CURVE_WITH_KNOTS('',2,(#2084,#2085,#2086,#2087),
 .UNSPECIFIED.,.F.,.F.,(3,1,3),(0.,1.,2.),.UNSPECIFIED.);
#27=B_SPLINE_CURVE_WITH_KNOTS('',2,(#2089,#2090,#2091,#2092),
 .UNSPECIFIED.,.F.,.F.,(3,1,3),(0.,1.,2.),.UNSPECIFIED.);
#28=B_SPLINE_CURVE_WITH_KNOTS('',2,(#2104,#2105,#2106,#2107),
 .UNSPECIFIED.,.F.,.F.,(3,1,3),(0.,1.,2.),.UNSPECIFIED.);
#29=B_SPLINE_CURVE_WITH_KNOTS('',2,(#2109,#2110,#2111,#2112),
 .UNSPECIFIED.,.F.,.F.,(3,1,3),(0.,1.,2.),.UNSPECIFIED.);
#30=B_SPLINE_CURVE_WITH_KNOTS('',2,(#2114,#2115,#2116,#2117),
 .UNSPECIFIED.,.F.,.F.,(3,1,3),(0.,1.,2.),.UNSPECIFIED.);
#31=B_SPLINE_CURVE_WITH_KNOTS('',2,(#2119,#2120,#2121,#2122),
 .UNSPECIFIED.,.F.,.F.,(3,1,3),(0.,1.,2.),.UNSPECIFIED.);
#32=B_SPLINE_CURVE_WITH_KNOTS('',2,(#2124,#2125,#2126,#2127),
 .UNSPECIFIED.,.F.,.F.,(3,1,3),(0.,1.,2.),.UNSPECIFIED.);
#33=B_SPLINE_CURVE_WITH_KNOTS('',2,(#2133,#2134,#2135,#2136),
 .UNSPECIFIED.,.F.,.F.,(3,1,3),(0.,1.,2.),.UNSPECIFIED.);
#34=B_SPLINE_CURVE_WITH_KNOTS('',2,(#2142,#2143,#2144,#2145),
 .UNSPECIFIED.,.F.,.F.,(3,1,3),(0.,1.,2.),.UNSPECIFIED.);
#35=B_SPLINE_CURVE_WITH_KNOTS('',2,(#2147,#2148,#2149,#2150),
 .UNSPECIFIED.,.F.,.F.,(3,1,3),(0.,1.,2.),.UNSPECIFIED.);
#36=B_SPLINE_CURVE_WITH_KNOTS('',2,(#2152,#2153,#2154,#2155),
 .UNSPECIFIED.,.F.,.F.,(3,1,3),(0.,1.,2.),.UNSPECIFIED.);
#37=B_SPLINE_CURVE_WITH_KNOTS('',2,(#2157,#2158,#2159,#2160),
 .UNSPECIFIED.,.F.,.F.,(3,1,3),(0.,1.,2.),.UNSPECIFIED.);
#38=B_SPLINE_CURVE_WITH_KNOTS('',2,(#2162,#2163,#2164,#2165),
 .UNSPECIFIED.,.F.,.F.,(3,1,3),(0.,1.,2.),.UNSPECIFIED.);
#39=B_SPLINE_CURVE_WITH_KNOTS('',2,(#2167,#2168,#2169,#2170),
 .UNSPECIFIED.,.F.,.F.,(3,1,3),(0.,1.,2.),.UNSPECIFIED.);
#40=B_SPLINE_CURVE_WITH_KNOTS('',2,(#2172,#2173,#2174,#2175),
 .UNSPECIFIED.,.F.,.F.,(3,1,3),(0.,1.,2.),.UNSPECIFIED.);
#41=B_SPLINE_CURVE_WITH_KNOTS('',2,(#2177,#2178,#2179,#2180),
 .UNSPECIFIED.,.F.,.F.,(3,1,3),(0.,1.,2.),.UNSPECIFIED.);
#42=B_SPLINE_CURVE_WITH_KNOTS('',2,(#2186,#2187,#2188,#2189),
 .UNSPECIFIED.,.F.,.F.,(3,1,3),(0.,1.,2.),.UNSPECIFIED.);
#43=B_SPLINE_CURVE_WITH_KNOTS('',2,(#2191,#2192,#2193,#2194),
 .UNSPECIFIED.,.F.,.F.,(3,1,3),(0.,1.,2.),.UNSPECIFIED.);
#44=B_SPLINE_CURVE_WITH_KNOTS('',2,(#2196,#2197,#2198,#2199),
 .UNSPECIFIED.,.F.,.F.,(3,1,3),(0.,1.,2.),.UNSPECIFIED.);
#45=B_SPLINE_CURVE_WITH_KNOTS('',2,(#2201,#2202,#2203,#2204),
 .UNSPECIFIED.,.F.,.F.,(3,1,3),(0.,1.,2.),.UNSPECIFIED.);
#46=B_SPLINE_CURVE_WITH_KNOTS('',2,(#2206,#2207,#2208,#2209),
 .UNSPECIFIED.,.F.,.F.,(3,1,3),(0.,1.,2.),.UNSPECIFIED.);
#47=B_SPLINE_CURVE_WITH_KNOTS('',2,(#2211,#2212,#2213,#2214),
 .UNSPECIFIED.,.F.,.F.,(3,1,3),(0.,1.,2.),.UNSPECIFIED.);
#48=B_SPLINE_CURVE_WITH_KNOTS('',2,(#2215,#2216,#2217,#2218),
 .UNSPECIFIED.,.F.,.F.,(3,1,3),(0.,1.,2.),.UNSPECIFIED.);
#49=B_SPLINE_CURVE_WITH_KNOTS('',2,(#2221,#2222,#2223,#2224),
 .UNSPECIFIED.,.F.,.F.,(3,1,3),(0.,1.,2.),.UNSPECIFIED.);
#50=B_SPLINE_CURVE_WITH_KNOTS('',2,(#2226,#2227,#2228,#2229),
 .UNSPECIFIED.,.F.,.F.,(3,1,3),(0.,1.,2.),.UNSPECIFIED.);
#51=B_SPLINE_CURVE_WITH_KNOTS('',2,(#2231,#2232,#2233,#2234),
 .UNSPECIFIED.,.F.,.F.,(3,1,3),(0.,1.,2.),.UNSPECIFIED.);
#52=B_SPLINE_CURVE_WITH_KNOTS('',2,(#2235,#2236,#2237,#2238),
 .UNSPECIFIED.,.F.,.F.,(3,1,3),(0.,1.,2.),.UNSPECIFIED.);
#53=B_SPLINE_CURVE_WITH_KNOTS('',2,(#2241,#2242,#2243,#2244),
 .UNSPECIFIED.,.F.,.F.,(3,1,3),(0.,1.,2.),.UNSPECIFIED.);
#54=B_SPLINE_CURVE_WITH_KNOTS('',2,(#2246,#2247,#2248,#2249),
 .UNSPECIFIED.,.F.,.F.,(3,1,3),(0.,1.,2.),.UNSPECIFIED.);
#55=B_SPLINE_CURVE_WITH_KNOTS('',2,(#2251,#2252,#2253,#2254),
 .UNSPECIFIED.,.F.,.F.,(3,1,3),(0.,1.,2.),.UNSPECIFIED.);
#56=B_SPLINE_CURVE_WITH_KNOTS('',2,(#2256,#2257,#2258,#2259),
 .UNSPECIFIED.,.F.,.F.,(3,1,3),(0.,1.,2.),.UNSPECIFIED.);
#57=B_SPLINE_CURVE_WITH_KNOTS('',2,(#2265,#2266,#2267,#2268),
 .UNSPECIFIED.,.F.,.F.,(3,1,3),(0.,1.,2.),.UNSPECIFIED.);
#58=B_SPLINE_CURVE_WITH_KNOTS('',2,(#2270,#2271,#2272,#2273),
 .UNSPECIFIED.,.F.,.F.,(3,1,3),(0.,1.,2.),.UNSPECIFIED.);
#59=B_SPLINE_CURVE_WITH_KNOTS('',2,(#2275,#2276,#2277,#2278),
 .UNSPECIFIED.,.F.,.F.,(3,1,3),(0.,1.,2.),.UNSPECIFIED.);
#60=B_SPLINE_CURVE_WITH_KNOTS('',2,(#2284,#2285,#2286,#2287),
 .UNSPECIFIED.,.F.,.F.,(3,1,3),(0.,1.,2.),.UNSPECIFIED.);
#61=B_SPLINE_CURVE_WITH_KNOTS('',2,(#2288,#2289,#2290,#2291),
 .UNSPECIFIED.,.F.,.F.,(3,1,3),(0.,1.,2.),.UNSPECIFIED.);
#62=B_SPLINE_CURVE_WITH_KNOTS('',2,(#2318,#2319,#2320,#2321),
 .UNSPECIFIED.,.F.,.F.,(3,1,3),(0.,1.,2.),.UNSPECIFIED.);
#63=B_SPLINE_CURVE_WITH_KNOTS('',2,(#2323,#2324,#2325,#2326),
 .UNSPECIFIED.,.F.,.F.,(3,1,3),(0.,1.,2.),.UNSPECIFIED.);
#64=B_SPLINE_CURVE_WITH_KNOTS('',2,(#2328,#2329,#2330,#2331),
 .UNSPECIFIED.,.F.,.F.,(3,1,3),(0.,1.,2.),.UNSPECIFIED.);
#65=B_SPLINE_CURVE_WITH_KNOTS('',2,(#2339,#2340,#2341,#2342),
 .UNSPECIFIED.,.F.,.F.,(3,1,3),(0.,1.,2.),.UNSPECIFIED.);
#66=B_SPLINE_CURVE_WITH_KNOTS('',2,(#2344,#2345,#2346,#2347),
 .UNSPECIFIED.,.F.,.F.,(3,1,3),(0.,1.,2.),.UNSPECIFIED.);
#67=B_SPLINE_CURVE_WITH_KNOTS('',2,(#2349,#2350,#2351,#2352),
 .UNSPECIFIED.,.F.,.F.,(3,1,3),(0.,1.,2.),.UNSPECIFIED.);
#68=B_SPLINE_CURVE_WITH_KNOTS('',2,(#2360,#2361,#2362,#2363),
 .UNSPECIFIED.,.F.,.F.,(3,1,3),(0.,1.,2.),.UNSPECIFIED.);
#69=B_SPLINE_CURVE_WITH_KNOTS('',2,(#2365,#2366,#2367,#2368),
 .UNSPECIFIED.,.F.,.F.,(3,1,3),(0.,1.,2.),.UNSPECIFIED.);
#70=B_SPLINE_CURVE_WITH_KNOTS('',2,(#2370,#2371,#2372,#2373),
 .UNSPECIFIED.,.F.,.F.,(3,1,3),(0.,1.,2.),.UNSPECIFIED.);
#71=B_SPLINE_CURVE_WITH_KNOTS('',2,(#2375,#2376,#2377,#2378),
 .UNSPECIFIED.,.F.,.F.,(3,1,3),(0.,1.,2.),.UNSPECIFIED.);
#72=B_SPLINE_CURVE_WITH_KNOTS('',2,(#2384,#2385,#2386,#2387),
 .UNSPECIFIED.,.F.,.F.,(3,1,3),(0.,1.,2.),.UNSPECIFIED.);
#73=B_SPLINE_CURVE_WITH_KNOTS('',2,(#2389,#2390,#2391,#2392),
 .UNSPECIFIED.,.F.,.F.,(3,1,3),(0.,1.,2.),.UNSPECIFIED.);
#74=B_SPLINE_CURVE_WITH_KNOTS('',2,(#2394,#2395,#2396,#2397),
 .UNSPECIFIED.,.F.,.F.,(3,1,3),(0.,1.,2.),.UNSPECIFIED.);
#75=B_SPLINE_CURVE_WITH_KNOTS('',2,(#2403,#2404,#2405,#2406),
 .UNSPECIFIED.,.F.,.F.,(3,1,3),(0.,1.,2.),.UNSPECIFIED.);
#76=B_SPLINE_CURVE_WITH_KNOTS('',2,(#2407,#2408,#2409,#2410),
 .UNSPECIFIED.,.F.,.F.,(3,1,3),(0.,1.,2.),.UNSPECIFIED.);
#77=B_SPLINE_CURVE_WITH_KNOTS('',2,(#2413,#2414,#2415,#2416),
 .UNSPECIFIED.,.F.,.F.,(3,1,3),(0.,1.,2.),.UNSPECIFIED.);
#78=B_SPLINE_CURVE_WITH_KNOTS('',2,(#2418,#2419,#2420,#2421),
 .UNSPECIFIED.,.F.,.F.,(3,1,3),(0.,1.,2.),.UNSPECIFIED.);
#79=B_SPLINE_CURVE_WITH_KNOTS('',2,(#2423,#2424,#2425,#2426),
 .UNSPECIFIED.,.F.,.F.,(3,1,3),(0.,1.,2.),.UNSPECIFIED.);
#80=B_SPLINE_CURVE_WITH_KNOTS('',2,(#2428,#2429,#2430,#2431),
 .UNSPECIFIED.,.F.,.F.,(3,1,3),(0.,1.,2.),.UNSPECIFIED.);
#81=B_SPLINE_CURVE_WITH_KNOTS('',2,(#2433,#2434,#2435,#2436),
 .UNSPECIFIED.,.F.,.F.,(3,1,3),(0.,1.,2.),.UNSPECIFIED.);
#82=B_SPLINE_CURVE_WITH_KNOTS('',2,(#2442,#2443,#2444,#2445),
 .UNSPECIFIED.,.F.,.F.,(3,1,3),(0.,1.,2.),.UNSPECIFIED.);
#83=B_SPLINE_CURVE_WITH_KNOTS('',2,(#2447,#2448,#2449,#2450),
 .UNSPECIFIED.,.F.,.F.,(3,1,3),(0.,1.,2.),.UNSPECIFIED.);
#84=B_SPLINE_CURVE_WITH_KNOTS('',2,(#2452,#2453,#2454,#2455),
 .UNSPECIFIED.,.F.,.F.,(3,1,3),(0.,1.,2.),.UNSPECIFIED.);
#85=B_SPLINE_CURVE_WITH_KNOTS('',2,(#2457,#2458,#2459,#2460),
 .UNSPECIFIED.,.F.,.F.,(3,1,3),(0.,1.,2.),.UNSPECIFIED.);
#86=B_SPLINE_CURVE_WITH_KNOTS('',2,(#2462,#2463,#2464,#2465),
 .UNSPECIFIED.,.F.,.F.,(3,1,3),(0.,1.,2.),.UNSPECIFIED.);
#87=B_SPLINE_CURVE_WITH_KNOTS('',2,(#2471,#2472,#2473,#2474),
 .UNSPECIFIED.,.F.,.F.,(3,1,3),(0.,1.,2.),.UNSPECIFIED.);
#88=B_SPLINE_CURVE_WITH_KNOTS('',2,(#2475,#2476,#2477,#2478),
 .UNSPECIFIED.,.F.,.F.,(3,1,3),(0.,1.,2.),.UNSPECIFIED.);
#89=B_SPLINE_CURVE_WITH_KNOTS('',2,(#2517,#2518,#2519,#2520),
 .UNSPECIFIED.,.F.,.F.,(3,1,3),(0.,1.,2.),.UNSPECIFIED.);
#90=B_SPLINE_CURVE_WITH_KNOTS('',2,(#2548,#2549,#2550,#2551),
 .UNSPECIFIED.,.F.,.F.,(3,1,3),(0.,1.,2.),.UNSPECIFIED.);
#91=B_SPLINE_CURVE_WITH_KNOTS('',2,(#2553,#2554,#2555,#2556),
 .UNSPECIFIED.,.F.,.F.,(3,1,3),(0.,1.,2.),.UNSPECIFIED.);
#92=B_SPLINE_CURVE_WITH_KNOTS('',2,(#2558,#2559,#2560,#2561),
 .UNSPECIFIED.,.F.,.F.,(3,1,3),(0.,1.,2.),.UNSPECIFIED.);
#93=B_SPLINE_CURVE_WITH_KNOTS('',2,(#2562,#2563,#2564,#2565),
 .UNSPECIFIED.,.F.,.F.,(3,1,3),(0.,1.,2.),.UNSPECIFIED.);
#94=B_SPLINE_CURVE_WITH_KNOTS('',2,(#2569,#2570,#2571,#2572),
 .UNSPECIFIED.,.F.,.F.,(3,1,3),(0.,1.,2.),.UNSPECIFIED.);
#95=B_SPLINE_CURVE_WITH_KNOTS('',2,(#2574,#2575,#2576,#2577),
 .UNSPECIFIED.,.F.,.F.,(3,1,3),(0.,1.,2.),.UNSPECIFIED.);
#96=B_SPLINE_CURVE_WITH_KNOTS('',2,(#2579,#2580,#2581,#2582),
 .UNSPECIFIED.,.F.,.F.,(3,1,3),(0.,1.,2.),.UNSPECIFIED.);
#97=B_SPLINE_CURVE_WITH_KNOTS('',2,(#2583,#2584,#2585,#2586),
 .UNSPECIFIED.,.F.,.F.,(3,1,3),(0.,1.,2.),.UNSPECIFIED.);
#98=B_SPLINE_CURVE_WITH_KNOTS('',2,(#2590,#2591,#2592,#2593),
 .UNSPECIFIED.,.F.,.F.,(3,1,3),(0.,1.,2.),.UNSPECIFIED.);
#99=B_SPLINE_CURVE_WITH_KNOTS('',2,(#2595,#2596,#2597,#2598),
 .UNSPECIFIED.,.F.,.F.,(3,1,3),(0.,1.,2.),.UNSPECIFIED.);
#100=B_SPLINE_CURVE_WITH_KNOTS('',2,(#2600,#2601,#2602,#2603),
 .UNSPECIFIED.,.F.,.F.,(3,1,3),(0.,1.,2.),.UNSPECIFIED.);
#101=B_SPLINE_CURVE_WITH_KNOTS('',2,(#2605,#2606,#2607,#2608),
 .UNSPECIFIED.,.F.,.F.,(3,1,3),(0.,1.,2.),.UNSPECIFIED.);
#102=FACE_BOUND('',#330,.T.);
#103=FACE_BOUND('',#331,.T.);
#104=FACE_BOUND('',#332,.T.);
#105=FACE_BOUND('',#333,.T.);
#106=FACE_BOUND('',#334,.T.);
#107=FACE_BOUND('',#335,.T.);
#108=FACE_BOUND('',#336,.T.);
#109=FACE_BOUND('',#337,.T.);
#110=FACE_BOUND('',#338,.T.);
#111=FACE_BOUND('',#339,.T.);
#112=FACE_BOUND('',#340,.T.);
#113=FACE_BOUND('',#341,.T.);
#114=FACE_BOUND('',#342,.T.);
#115=FACE_BOUND('',#343,.T.);
#116=FACE_BOUND('',#344,.T.);
#117=FACE_BOUND('',#349,.T.);
#118=FACE_BOUND('',#355,.T.);
#119=FACE_BOUND('',#357,.T.);
#120=FACE_BOUND('',#382,.T.);
#121=FACE_BOUND('',#383,.T.);
#122=FACE_BOUND('',#384,.T.);
#123=OVER_RIDING_STYLED_ITEM('',(#2730),#908,#13);
#124=OVER_RIDING_STYLED_ITEM('',(#2730),#909,#13);
#125=OVER_RIDING_STYLED_ITEM('',(#2730),#910,#13);
#126=OVER_RIDING_STYLED_ITEM('',(#2730),#911,#13);
#127=OVER_RIDING_STYLED_ITEM('',(#2730),#912,#13);
#128=OVER_RIDING_STYLED_ITEM('',(#2730),#913,#13);
#129=OVER_RIDING_STYLED_ITEM('',(#2730),#914,#13);
#130=OVER_RIDING_STYLED_ITEM('',(#2730),#915,#13);
#131=OVER_RIDING_STYLED_ITEM('',(#2730),#916,#13);
#132=OVER_RIDING_STYLED_ITEM('',(#2730),#917,#13);
#133=OVER_RIDING_STYLED_ITEM('',(#2730),#918,#13);
#134=OVER_RIDING_STYLED_ITEM('',(#2730),#919,#13);
#135=OVER_RIDING_STYLED_ITEM('',(#2730),#920,#13);
#136=OVER_RIDING_STYLED_ITEM('',(#2730),#921,#13);
#137=OVER_RIDING_STYLED_ITEM('',(#2730),#922,#13);
#138=OVER_RIDING_STYLED_ITEM('',(#2730),#923,#13);
#139=OVER_RIDING_STYLED_ITEM('',(#2730),#924,#13);
#140=OVER_RIDING_STYLED_ITEM('',(#2730),#925,#13);
#141=OVER_RIDING_STYLED_ITEM('',(#2730),#926,#13);
#142=OVER_RIDING_STYLED_ITEM('',(#2730),#927,#13);
#143=OVER_RIDING_STYLED_ITEM('',(#2730),#928,#13);
#144=OVER_RIDING_STYLED_ITEM('',(#2730),#929,#13);
#145=OVER_RIDING_STYLED_ITEM('',(#2730),#930,#13);
#146=OVER_RIDING_STYLED_ITEM('',(#2730),#931,#13);
#147=OVER_RIDING_STYLED_ITEM('',(#2730),#932,#13);
#148=OVER_RIDING_STYLED_ITEM('',(#2730),#933,#13);
#149=OVER_RIDING_STYLED_ITEM('',(#2730),#934,#13);
#150=OVER_RIDING_STYLED_ITEM('',(#2730),#935,#13);
#151=OVER_RIDING_STYLED_ITEM('',(#2730),#936,#13);
#152=OVER_RIDING_STYLED_ITEM('',(#2730),#937,#13);
#153=OVER_RIDING_STYLED_ITEM('',(#2730),#938,#13);
#154=OVER_RIDING_STYLED_ITEM('',(#2730),#939,#13);
#155=OVER_RIDING_STYLED_ITEM('',(#2730),#940,#13);
#156=OVER_RIDING_STYLED_ITEM('',(#2730),#941,#13);
#157=OVER_RIDING_STYLED_ITEM('',(#2730),#942,#13);
#158=OVER_RIDING_STYLED_ITEM('',(#2730),#943,#13);
#159=OVER_RIDING_STYLED_ITEM('',(#2730),#944,#13);
#160=OVER_RIDING_STYLED_ITEM('',(#2730),#945,#13);
#161=OVER_RIDING_STYLED_ITEM('',(#2730),#946,#13);
#162=OVER_RIDING_STYLED_ITEM('',(#2730),#947,#13);
#163=OVER_RIDING_STYLED_ITEM('',(#2730),#948,#13);
#164=OVER_RIDING_STYLED_ITEM('',(#2730),#949,#13);
#165=OVER_RIDING_STYLED_ITEM('',(#2730),#950,#13);
#166=OVER_RIDING_STYLED_ITEM('',(#2730),#951,#13);
#167=OVER_RIDING_STYLED_ITEM('',(#2730),#952,#13);
#168=OVER_RIDING_STYLED_ITEM('',(#2730),#953,#13);
#169=OVER_RIDING_STYLED_ITEM('',(#2730),#954,#13);
#170=OVER_RIDING_STYLED_ITEM('',(#2730),#955,#13);
#171=OVER_RIDING_STYLED_ITEM('',(#2730),#956,#13);
#172=OVER_RIDING_STYLED_ITEM('',(#2730),#957,#13);
#173=OVER_RIDING_STYLED_ITEM('',(#2730),#958,#13);
#174=OVER_RIDING_STYLED_ITEM('',(#2730),#959,#13);
#175=OVER_RIDING_STYLED_ITEM('',(#2730),#960,#13);
#176=OVER_RIDING_STYLED_ITEM('',(#2730),#961,#13);
#177=OVER_RIDING_STYLED_ITEM('',(#2730),#962,#13);
#178=OVER_RIDING_STYLED_ITEM('',(#2730),#963,#13);
#179=OVER_RIDING_STYLED_ITEM('',(#2730),#964,#13);
#180=OVER_RIDING_STYLED_ITEM('',(#2730),#965,#13);
#181=OVER_RIDING_STYLED_ITEM('',(#2730),#966,#13);
#182=OVER_RIDING_STYLED_ITEM('',(#2730),#967,#13);
#183=OVER_RIDING_STYLED_ITEM('',(#2730),#968,#13);
#184=OVER_RIDING_STYLED_ITEM('',(#2730),#969,#13);
#185=OVER_RIDING_STYLED_ITEM('',(#2730),#970,#13);
#186=OVER_RIDING_STYLED_ITEM('',(#2730),#971,#13);
#187=OVER_RIDING_STYLED_ITEM('',(#2730),#972,#13);
#188=OVER_RIDING_STYLED_ITEM('',(#2730),#973,#13);
#189=OVER_RIDING_STYLED_ITEM('',(#2730),#974,#13);
#190=OVER_RIDING_STYLED_ITEM('',(#2730),#975,#13);
#191=OVER_RIDING_STYLED_ITEM('',(#2730),#976,#13);
#192=OVER_RIDING_STYLED_ITEM('',(#2730),#977,#13);
#193=OVER_RIDING_STYLED_ITEM('',(#2730),#978,#13);
#194=OVER_RIDING_STYLED_ITEM('',(#2730),#979,#13);
#195=OVER_RIDING_STYLED_ITEM('',(#2730),#980,#13);
#196=OVER_RIDING_STYLED_ITEM('',(#2730),#981,#13);
#197=OVER_RIDING_STYLED_ITEM('',(#2730),#982,#13);
#198=OVER_RIDING_STYLED_ITEM('',(#2730),#983,#13);
#199=OVER_RIDING_STYLED_ITEM('',(#2730),#984,#13);
#200=OVER_RIDING_STYLED_ITEM('',(#2730),#985,#13);
#201=OVER_RIDING_STYLED_ITEM('',(#2730),#986,#13);
#202=OVER_RIDING_STYLED_ITEM('',(#2730),#987,#13);
#203=OVER_RIDING_STYLED_ITEM('',(#2730),#988,#13);
#204=OVER_RIDING_STYLED_ITEM('',(#2730),#989,#13);
#205=OVER_RIDING_STYLED_ITEM('',(#2730),#990,#13);
#206=OVER_RIDING_STYLED_ITEM('',(#2730),#991,#13);
#207=OVER_RIDING_STYLED_ITEM('',(#2730),#992,#13);
#208=OVER_RIDING_STYLED_ITEM('',(#2730),#993,#13);
#209=OVER_RIDING_STYLED_ITEM('',(#2730),#994,#13);
#210=OVER_RIDING_STYLED_ITEM('',(#2730),#995,#13);
#211=OVER_RIDING_STYLED_ITEM('',(#2730),#996,#13);
#212=OVER_RIDING_STYLED_ITEM('',(#2730),#997,#13);
#213=OVER_RIDING_STYLED_ITEM('',(#2730),#998,#13);
#214=OVER_RIDING_STYLED_ITEM('',(#2730),#999,#13);
#215=OVER_RIDING_STYLED_ITEM('',(#2730),#1000,#13);
#216=OVER_RIDING_STYLED_ITEM('',(#2730),#1001,#13);
#217=OVER_RIDING_STYLED_ITEM('',(#2730),#1002,#13);
#218=OVER_RIDING_STYLED_ITEM('',(#2730),#1003,#13);
#219=OVER_RIDING_STYLED_ITEM('',(#2730),#1004,#13);
#220=OVER_RIDING_STYLED_ITEM('',(#2730),#1005,#13);
#221=OVER_RIDING_STYLED_ITEM('',(#2730),#1006,#13);
#222=OVER_RIDING_STYLED_ITEM('',(#2730),#1007,#13);
#223=OVER_RIDING_STYLED_ITEM('',(#2730),#1008,#13);
#224=OVER_RIDING_STYLED_ITEM('',(#2730),#1009,#13);
#225=OVER_RIDING_STYLED_ITEM('',(#2730),#1010,#13);
#226=OVER_RIDING_STYLED_ITEM('',(#2730),#1011,#13);
#227=OVER_RIDING_STYLED_ITEM('',(#2730),#1012,#13);
#228=OVER_RIDING_STYLED_ITEM('',(#2730),#1013,#13);
#229=OVER_RIDING_STYLED_ITEM('',(#2730),#1014,#13);
#230=OVER_RIDING_STYLED_ITEM('',(#2730),#1015,#13);
#231=OVER_RIDING_STYLED_ITEM('',(#2730),#1016,#13);
#232=OVER_RIDING_STYLED_ITEM('',(#2730),#1017,#13);
#233=OVER_RIDING_STYLED_ITEM('',(#2730),#1018,#13);
#234=OVER_RIDING_STYLED_ITEM('',(#2730),#1019,#13);
#235=OVER_RIDING_STYLED_ITEM('',(#2730),#1020,#13);
#236=OVER_RIDING_STYLED_ITEM('',(#2730),#1021,#13);
#237=OVER_RIDING_STYLED_ITEM('',(#2730),#1022,#13);
#238=OVER_RIDING_STYLED_ITEM('',(#2730),#1023,#13);
#239=OVER_RIDING_STYLED_ITEM('',(#2730),#1024,#13);
#240=OVER_RIDING_STYLED_ITEM('',(#2730),#1025,#13);
#241=OVER_RIDING_STYLED_ITEM('',(#2730),#1026,#13);
#242=OVER_RIDING_STYLED_ITEM('',(#2730),#1027,#13);
#243=OVER_RIDING_STYLED_ITEM('',(#2730),#1028,#13);
#244=OVER_RIDING_STYLED_ITEM('',(#2730),#1029,#13);
#245=OVER_RIDING_STYLED_ITEM('',(#2730),#1030,#13);
#246=OVER_RIDING_STYLED_ITEM('',(#2730),#1031,#13);
#247=OVER_RIDING_STYLED_ITEM('',(#2730),#1032,#13);
#248=OVER_RIDING_STYLED_ITEM('',(#2730),#1033,#13);
#249=OVER_RIDING_STYLED_ITEM('',(#2730),#1034,#13);
#250=OVER_RIDING_STYLED_ITEM('',(#2730),#1035,#13);
#251=OVER_RIDING_STYLED_ITEM('',(#2730),#1036,#13);
#252=OVER_RIDING_STYLED_ITEM('',(#2730),#1037,#13);
#253=OVER_RIDING_STYLED_ITEM('',(#2730),#1038,#13);
#254=OVER_RIDING_STYLED_ITEM('',(#2730),#1039,#13);
#255=OVER_RIDING_STYLED_ITEM('',(#2730),#1040,#13);
#256=OVER_RIDING_STYLED_ITEM('',(#2730),#1041,#13);
#257=OVER_RIDING_STYLED_ITEM('',(#2730),#1042,#13);
#258=OVER_RIDING_STYLED_ITEM('',(#2730),#1043,#13);
#259=OVER_RIDING_STYLED_ITEM('',(#2730),#1044,#13);
#260=OVER_RIDING_STYLED_ITEM('',(#2730),#1045,#13);
#261=OVER_RIDING_STYLED_ITEM('',(#2730),#1046,#13);
#262=OVER_RIDING_STYLED_ITEM('',(#2730),#1047,#13);
#263=OVER_RIDING_STYLED_ITEM('',(#2730),#1048,#13);
#264=OVER_RIDING_STYLED_ITEM('',(#2730),#1049,#13);
#265=OVER_RIDING_STYLED_ITEM('',(#2730),#1050,#13);
#266=OVER_RIDING_STYLED_ITEM('',(#2730),#1051,#13);
#267=OVER_RIDING_STYLED_ITEM('',(#2730),#1052,#13);
#268=OVER_RIDING_STYLED_ITEM('',(#2730),#1053,#13);
#269=OVER_RIDING_STYLED_ITEM('',(#2730),#1054,#13);
#270=OVER_RIDING_STYLED_ITEM('',(#2730),#1055,#13);
#271=OVER_RIDING_STYLED_ITEM('',(#2730),#1056,#13);
#272=OVER_RIDING_STYLED_ITEM('',(#2730),#1057,#13);
#273=OVER_RIDING_STYLED_ITEM('',(#2730),#1058,#13);
#274=OVER_RIDING_STYLED_ITEM('',(#2730),#1059,#13);
#275=OVER_RIDING_STYLED_ITEM('',(#2730),#1060,#13);
#276=OVER_RIDING_STYLED_ITEM('',(#2730),#1067,#13);
#277=OVER_RIDING_STYLED_ITEM('',(#2730),#1068,#13);
#278=OVER_RIDING_STYLED_ITEM('',(#2730),#1069,#13);
#279=OVER_RIDING_STYLED_ITEM('',(#2730),#1070,#13);
#280=OVER_RIDING_STYLED_ITEM('',(#2730),#1071,#13);
#281=OVER_RIDING_STYLED_ITEM('',(#2730),#1072,#13);
#282=OVER_RIDING_STYLED_ITEM('',(#2730),#1073,#13);
#283=OVER_RIDING_STYLED_ITEM('',(#2730),#1074,#13);
#284=OVER_RIDING_STYLED_ITEM('',(#2730),#1075,#13);
#285=OVER_RIDING_STYLED_ITEM('',(#2730),#1076,#13);
#286=OVER_RIDING_STYLED_ITEM('',(#2730),#1077,#13);
#287=OVER_RIDING_STYLED_ITEM('',(#2730),#1078,#13);
#288=OVER_RIDING_STYLED_ITEM('',(#2730),#1079,#13);
#289=OVER_RIDING_STYLED_ITEM('',(#2730),#1080,#13);
#290=FACE_OUTER_BOUND('',#329,.T.);
#291=FACE_OUTER_BOUND('',#345,.T.);
#292=FACE_OUTER_BOUND('',#346,.T.);
#293=FACE_OUTER_BOUND('',#347,.T.);
#294=FACE_OUTER_BOUND('',#348,.T.);
#295=FACE_OUTER_BOUND('',#350,.T.);
#296=FACE_OUTER_BOUND('',#351,.T.);
#297=FACE_OUTER_BOUND('',#352,.T.);
#298=FACE_OUTER_BOUND('',#353,.T.);
#299=FACE_OUTER_BOUND('',#354,.T.);
#300=FACE_OUTER_BOUND('',#356,.T.);
#301=FACE_OUTER_BOUND('',#358,.T.);
#302=FACE_OUTER_BOUND('',#359,.T.);
#303=FACE_OUTER_BOUND('',#360,.T.);
#304=FACE_OUTER_BOUND('',#361,.T.);
#305=FACE_OUTER_BOUND('',#362,.T.);
#306=FACE_OUTER_BOUND('',#363,.T.);
#307=FACE_OUTER_BOUND('',#364,.T.);
#308=FACE_OUTER_BOUND('',#365,.T.);
#309=FACE_OUTER_BOUND('',#366,.T.);
#310=FACE_OUTER_BOUND('',#367,.T.);
#311=FACE_OUTER_BOUND('',#368,.T.);
#312=FACE_OUTER_BOUND('',#369,.T.);
#313=FACE_OUTER_BOUND('',#370,.T.);
#314=FACE_OUTER_BOUND('',#371,.T.);
#315=FACE_OUTER_BOUND('',#372,.T.);
#316=FACE_OUTER_BOUND('',#373,.T.);
#317=FACE_OUTER_BOUND('',#374,.T.);
#318=FACE_OUTER_BOUND('',#375,.T.);
#319=FACE_OUTER_BOUND('',#376,.T.);
#320=FACE_OUTER_BOUND('',#377,.T.);
#321=FACE_OUTER_BOUND('',#378,.T.);
#322=FACE_OUTER_BOUND('',#379,.T.);
#323=FACE_OUTER_BOUND('',#380,.T.);
#324=FACE_OUTER_BOUND('',#381,.T.);
#325=FACE_OUTER_BOUND('',#385,.T.);
#326=FACE_OUTER_BOUND('',#386,.T.);
#327=FACE_OUTER_BOUND('',#387,.T.);
#328=FACE_OUTER_BOUND('',#388,.T.);
#329=EDGE_LOOP('',(#1125,#1126,#1127,#1128,#1129,#1130,#1131,#1132,#1133,
#1134,#1135,#1136,#1137,#1138,#1139,#1140));
#330=EDGE_LOOP('',(#1141,#1142,#1143,#1144));
#331=EDGE_LOOP('',(#1145,#1146,#1147,#1148,#1149,#1150,#1151,#1152,#1153,
#1154,#1155,#1156,#1157));
#332=EDGE_LOOP('',(#1158,#1159,#1160,#1161,#1162,#1163,#1164,#1165,#1166,
#1167,#1168,#1169,#1170,#1171,#1172,#1173,#1174,#1175,#1176,#1177,#1178,
#1179,#1180));
#333=EDGE_LOOP('',(#1181,#1182,#1183,#1184,#1185,#1186,#1187,#1188,#1189,
#1190,#1191,#1192,#1193,#1194,#1195,#1196,#1197,#1198,#1199,#1200));
#334=EDGE_LOOP('',(#1201,#1202,#1203,#1204));
#335=EDGE_LOOP('',(#1205,#1206,#1207,#1208,#1209,#1210,#1211,#1212,#1213,
#1214,#1215,#1216,#1217));
#336=EDGE_LOOP('',(#1218,#1219,#1220,#1221,#1222,#1223,#1224,#1225,#1226,
#1227));
#337=EDGE_LOOP('',(#1228,#1229,#1230,#1231,#1232,#1233,#1234,#1235,#1236,
#1237,#1238,#1239,#1240,#1241));
#338=EDGE_LOOP('',(#1242,#1243,#1244,#1245,#1246,#1247,#1248,#1249,#1250,
#1251,#1252,#1253,#1254));
#339=EDGE_LOOP('',(#1255,#1256,#1257,#1258,#1259,#1260,#1261,#1262,#1263,
#1264,#1265,#1266,#1267,#1268,#1269,#1270));
#340=EDGE_LOOP('',(#1271,#1272,#1273,#1274,#1275,#1276,#1277,#1278,#1279,
#1280,#1281,#1282));
#341=EDGE_LOOP('',(#1283,#1284,#1285,#1286,#1287,#1288,#1289,#1290,#1291,
#1292,#1293));
#342=EDGE_LOOP('',(#1294,#1295,#1296,#1297));
#343=EDGE_LOOP('',(#1298));
#344=EDGE_LOOP('',(#1299));
#345=EDGE_LOOP('',(#1300,#1301,#1302,#1303,#1304,#1305,#1306,#1307,#1308,
#1309,#1310));
#346=EDGE_LOOP('',(#1311,#1312,#1313,#1314,#1315,#1316,#1317,#1318,#1319,
#1320,#1321,#1322));
#347=EDGE_LOOP('',(#1323,#1324,#1325,#1326,#1327,#1328,#1329,#1330,#1331,
#1332,#1333,#1334,#1335,#1336,#1337,#1338));
#348=EDGE_LOOP('',(#1339,#1340,#1341,#1342,#1343,#1344,#1345,#1346,#1347,
#1348,#1349,#1350,#1351));
#349=EDGE_LOOP('',(#1352,#1353,#1354,#1355,#1356));
#350=EDGE_LOOP('',(#1357,#1358,#1359,#1360));
#351=EDGE_LOOP('',(#1361,#1362,#1363,#1364,#1365));
#352=EDGE_LOOP('',(#1366,#1367,#1368,#1369,#1370,#1371,#1372,#1373,#1374,
#1375,#1376,#1377,#1378,#1379));
#353=EDGE_LOOP('',(#1380,#1381,#1382,#1383,#1384,#1385,#1386,#1387,#1388,
#1389));
#354=EDGE_LOOP('',(#1390,#1391,#1392,#1393,#1394,#1395,#1396,#1397,#1398,
#1399,#1400,#1401,#1402));
#355=EDGE_LOOP('',(#1403,#1404,#1405,#1406,#1407));
#356=EDGE_LOOP('',(#1408,#1409,#1410,#1411));
#357=EDGE_LOOP('',(#1412,#1413,#1414,#1415));
#358=EDGE_LOOP('',(#1416,#1417,#1418,#1419,#1420,#1421,#1422,#1423,#1424,
#1425,#1426,#1427,#1428,#1429,#1430,#1431,#1432,#1433,#1434,#1435));
#359=EDGE_LOOP('',(#1436,#1437,#1438,#1439,#1440));
#360=EDGE_LOOP('',(#1441,#1442,#1443,#1444,#1445,#1446,#1447,#1448,#1449,
#1450,#1451,#1452,#1453,#1454,#1455,#1456,#1457,#1458,#1459,#1460,#1461,
#1462,#1463));
#361=EDGE_LOOP('',(#1464,#1465,#1466,#1467,#1468,#1469,#1470,#1471,#1472,
#1473,#1474,#1475,#1476));
#362=EDGE_LOOP('',(#1477,#1478,#1479,#1480));
#363=EDGE_LOOP('',(#1481,#1482,#1483,#1484));
#364=EDGE_LOOP('',(#1485,#1486,#1487,#1488));
#365=EDGE_LOOP('',(#1489,#1490,#1491,#1492));
#366=EDGE_LOOP('',(#1493,#1494,#1495,#1496));
#367=EDGE_LOOP('',(#1497,#1498,#1499,#1500));
#368=EDGE_LOOP('',(#1501,#1502,#1503,#1504));
#369=EDGE_LOOP('',(#1505,#1506,#1507,#1508));
#370=EDGE_LOOP('',(#1509,#1510,#1511,#1512));
#371=EDGE_LOOP('',(#1513,#1514,#1515,#1516));
#372=EDGE_LOOP('',(#1517,#1518,#1519,#1520));
#373=EDGE_LOOP('',(#1521,#1522,#1523,#1524));
#374=EDGE_LOOP('',(#1525,#1526,#1527,#1528));
#375=EDGE_LOOP('',(#1529,#1530,#1531,#1532));
#376=EDGE_LOOP('',(#1533,#1534,#1535,#1536));
#377=EDGE_LOOP('',(#1537,#1538,#1539,#1540));
#378=EDGE_LOOP('',(#1541,#1542,#1543,#1544));
#379=EDGE_LOOP('',(#1545,#1546,#1547,#1548));
#380=EDGE_LOOP('',(#1549,#1550,#1551,#1552));
#381=EDGE_LOOP('',(#1553,#1554,#1555,#1556,#1557,#1558,#1559,#1560,#1561,
#1562,#1563,#1564,#1565,#1566,#1567,#1568));
#382=EDGE_LOOP('',(#1569));
#383=EDGE_LOOP('',(#1570,#1571,#1572,#1573));
#384=EDGE_LOOP('',(#1574));
#385=EDGE_LOOP('',(#1575,#1576,#1577,#1578));
#386=EDGE_LOOP('',(#1579,#1580,#1581,#1582));
#387=EDGE_LOOP('',(#1583,#1584,#1585,#1586));
#388=EDGE_LOOP('',(#1587,#1588,#1589,#1590));
#389=CIRCLE('',#1687,3.);
#390=CIRCLE('',#1688,3.);
#391=CIRCLE('',#1689,1.);
#392=CIRCLE('',#1690,1.);
#393=CIRCLE('',#1691,1.5);
#394=CIRCLE('',#1692,1.5);
#395=CIRCLE('',#1708,1.);
#396=CIRCLE('',#1715,3.);
#397=CIRCLE('',#1717,1.5);
#398=CIRCLE('',#1720,1.);
#399=CIRCLE('',#1731,3.);
#400=CIRCLE('',#1732,1.5);
#401=LINE('',#1985,#541);
#402=LINE('',#1989,#542);
#403=LINE('',#1991,#543);
#404=LINE('',#1993,#544);
#405=LINE('',#1995,#545);
#406=LINE('',#1997,#546);
#407=LINE('',#1999,#547);
#408=LINE('',#2001,#548);
#409=LINE('',#2005,#549);
#410=LINE('',#2007,#550);
#411=LINE('',#2011,#551);
#412=LINE('',#2014,#552);
#413=LINE('',#2017,#553);
#414=LINE('',#2019,#554);
#415=LINE('',#2021,#555);
#416=LINE('',#2022,#556);
#417=LINE('',#2025,#557);
#418=LINE('',#2027,#558);
#419=LINE('',#2029,#559);
#420=LINE('',#2031,#560);
#421=LINE('',#2033,#561);
#422=LINE('',#2035,#562);
#423=LINE('',#2037,#563);
#424=LINE('',#2039,#564);
#425=LINE('',#2041,#565);
#426=LINE('',#2043,#566);
#427=LINE('',#2045,#567);
#428=LINE('',#2047,#568);
#429=LINE('',#2048,#569);
#430=LINE('',#2051,#570);
#431=LINE('',#2073,#571);
#432=LINE('',#2075,#572);
#433=LINE('',#2077,#573);
#434=LINE('',#2094,#574);
#435=LINE('',#2096,#575);
#436=LINE('',#2098,#576);
#437=LINE('',#2100,#577);
#438=LINE('',#2102,#578);
#439=LINE('',#2129,#579);
#440=LINE('',#2130,#580);
#441=LINE('',#2138,#581);
#442=LINE('',#2140,#582);
#443=LINE('',#2182,#583);
#444=LINE('',#2184,#584);
#445=LINE('',#2261,#585);
#446=LINE('',#2263,#586);
#447=LINE('',#2280,#587);
#448=LINE('',#2282,#588);
#449=LINE('',#2294,#589);
#450=LINE('',#2296,#590);
#451=LINE('',#2298,#591);
#452=LINE('',#2300,#592);
#453=LINE('',#2302,#593);
#454=LINE('',#2304,#594);
#455=LINE('',#2306,#595);
#456=LINE('',#2308,#596);
#457=LINE('',#2310,#597);
#458=LINE('',#2311,#598);
#459=LINE('',#2314,#599);
#460=LINE('',#2316,#600);
#461=LINE('',#2333,#601);
#462=LINE('',#2335,#602);
#463=LINE('',#2337,#603);
#464=LINE('',#2354,#604);
#465=LINE('',#2356,#605);
#466=LINE('',#2357,#606);
#467=LINE('',#2380,#607);
#468=LINE('',#2382,#608);
#469=LINE('',#2399,#609);
#470=LINE('',#2401,#610);
#471=LINE('',#2438,#611);
#472=LINE('',#2440,#612);
#473=LINE('',#2467,#613);
#474=LINE('',#2469,#614);
#475=LINE('',#2481,#615);
#476=LINE('',#2483,#616);
#477=LINE('',#2485,#617);
#478=LINE('',#2487,#618);
#479=LINE('',#2489,#619);
#480=LINE('',#2491,#620);
#481=LINE('',#2493,#621);
#482=LINE('',#2495,#622);
#483=LINE('',#2497,#623);
#484=LINE('',#2499,#624);
#485=LINE('',#2501,#625);
#486=LINE('',#2502,#626);
#487=LINE('',#2505,#627);
#488=LINE('',#2507,#628);
#489=LINE('',#2509,#629);
#490=LINE('',#2511,#630);
#491=LINE('',#2513,#631);
#492=LINE('',#2515,#632);
#493=LINE('',#2522,#633);
#494=LINE('',#2524,#634);
#495=LINE('',#2526,#635);
#496=LINE('',#2527,#636);
#497=LINE('',#2530,#637);
#498=LINE('',#2532,#638);
#499=LINE('',#2534,#639);
#500=LINE('',#2535,#640);
#501=LINE('',#2546,#641);
#502=LINE('',#2609,#642);
#503=LINE('',#2620,#643);
#504=LINE('',#2623,#644);
#505=LINE('',#2626,#645);
#506=LINE('',#2627,#646);
#507=LINE('',#2630,#647);
#508=LINE('',#2632,#648);
#509=LINE('',#2633,#649);
#510=LINE('',#2636,#650);
#511=LINE('',#2637,#651);
#512=LINE('',#2640,#652);
#513=LINE('',#2642,#653);
#514=LINE('',#2643,#654);
#515=LINE('',#2646,#655);
#516=LINE('',#2647,#656);
#517=LINE('',#2651,#657);
#518=LINE('',#2655,#658);
#519=LINE('',#2657,#659);
#520=LINE('',#2660,#660);
#521=LINE('',#2663,#661);
#522=LINE('',#2666,#662);
#523=LINE('',#2667,#663);
#524=LINE('',#2671,#664);
#525=LINE('',#2672,#665);
#526=LINE('',#2673,#666);
#527=LINE('',#2676,#667);
#528=LINE('',#2677,#668);
#529=LINE('',#2680,#669);
#530=LINE('',#2681,#670);
#531=LINE('',#2683,#671);
#532=LINE('',#2686,#672);
#533=LINE('',#2687,#673);
#534=LINE('',#2690,#674);
#535=LINE('',#2691,#675);
#536=LINE('',#2693,#676);
#537=LINE('',#2695,#677);
#538=LINE('',#2699,#678);
#539=LINE('',#2703,#679);
#540=LINE('',#2705,#680);
#541=VECTOR('',#1741,0.661);
#542=VECTOR('',#1744,0.661);
#543=VECTOR('',#1745,10.);
#544=VECTOR('',#1746,10.);
#545=VECTOR('',#1747,10.);
#546=VECTOR('',#1748,10.);
#547=VECTOR('',#1749,10.);
#548=VECTOR('',#1750,0.661);
#549=VECTOR('',#1753,0.661);
#550=VECTOR('',#1754,10.);
#551=VECTOR('',#1757,10.);
#552=VECTOR('',#1760,10.);
#553=VECTOR('',#1761,10.);
#554=VECTOR('',#1762,10.);
#555=VECTOR('',#1763,10.);
#556=VECTOR('',#1764,10.);
#557=VECTOR('',#1765,10.);
#558=VECTOR('',#1766,10.);
#559=VECTOR('',#1767,10.);
#560=VECTOR('',#1768,10.);
#561=VECTOR('',#1769,10.);
#562=VECTOR('',#1770,10.);
#563=VECTOR('',#1771,10.);
#564=VECTOR('',#1772,10.);
#565=VECTOR('',#1773,10.);
#566=VECTOR('',#1774,10.);
#567=VECTOR('',#1775,10.);
#568=VECTOR('',#1776,10.);
#569=VECTOR('',#1777,10.);
#570=VECTOR('',#1778,10.);
#571=VECTOR('',#1779,10.);
#572=VECTOR('',#1780,10.);
#573=VECTOR('',#1781,10.);
#574=VECTOR('',#1782,10.);
#575=VECTOR('',#1783,10.);
#576=VECTOR('',#1784,10.);
#577=VECTOR('',#1785,10.);
#578=VECTOR('',#1786,10.);
#579=VECTOR('',#1787,10.);
#580=VECTOR('',#1788,10.);
#581=VECTOR('',#1789,10.);
#582=VECTOR('',#1790,10.);
#583=VECTOR('',#1791,10.);
#584=VECTOR('',#1792,10.);
#585=VECTOR('',#1793,10.);
#586=VECTOR('',#1794,10.);
#587=VECTOR('',#1795,10.);
#588=VECTOR('',#1796,10.);
#589=VECTOR('',#1797,10.);
#590=VECTOR('',#1798,10.);
#591=VECTOR('',#1799,10.);
#592=VECTOR('',#1800,10.);
#593=VECTOR('',#1801,10.);
#594=VECTOR('',#1802,10.);
#595=VECTOR('',#1803,10.);
#596=VECTOR('',#1804,10.);
#597=VECTOR('',#1805,10.);
#598=VECTOR('',#1806,10.);
#599=VECTOR('',#1807,10.);
#600=VECTOR('',#1808,10.);
#601=VECTOR('',#1809,10.);
#602=VECTOR('',#1810,10.);
#603=VECTOR('',#1811,10.);
#604=VECTOR('',#1812,10.);
#605=VECTOR('',#1813,10.);
#606=VECTOR('',#1814,10.);
#607=VECTOR('',#1815,10.);
#608=VECTOR('',#1816,10.);
#609=VECTOR('',#1817,10.);
#610=VECTOR('',#1818,10.);
#611=VECTOR('',#1819,10.);
#612=VECTOR('',#1820,10.);
#613=VECTOR('',#1821,10.);
#614=VECTOR('',#1822,10.);
#615=VECTOR('',#1823,10.);
#616=VECTOR('',#1824,10.);
#617=VECTOR('',#1825,10.);
#618=VECTOR('',#1826,10.);
#619=VECTOR('',#1827,10.);
#620=VECTOR('',#1828,10.);
#621=VECTOR('',#1829,10.);
#622=VECTOR('',#1830,10.);
#623=VECTOR('',#1831,10.);
#624=VECTOR('',#1832,10.);
#625=VECTOR('',#1833,10.);
#626=VECTOR('',#1834,10.);
#627=VECTOR('',#1835,10.);
#628=VECTOR('',#1836,10.);
#629=VECTOR('',#1837,10.);
#630=VECTOR('',#1838,10.);
#631=VECTOR('',#1839,10.);
#632=VECTOR('',#1840,10.);
#633=VECTOR('',#1841,10.);
#634=VECTOR('',#1842,10.);
#635=VECTOR('',#1843,10.);
#636=VECTOR('',#1844,10.);
#637=VECTOR('',#1845,10.);
#638=VECTOR('',#1846,10.);
#639=VECTOR('',#1847,10.);
#640=VECTOR('',#1848,10.);
#641=VECTOR('',#1861,10.);
#642=VECTOR('',#1866,10.);
#643=VECTOR('',#1885,10.);
#644=VECTOR('',#1888,10.);
#645=VECTOR('',#1891,10.);
#646=VECTOR('',#1892,10.);
#647=VECTOR('',#1895,10.);
#648=VECTOR('',#1896,10.);
#649=VECTOR('',#1897,10.);
#650=VECTOR('',#1900,10.);
#651=VECTOR('',#1901,10.);
#652=VECTOR('',#1904,10.);
#653=VECTOR('',#1905,10.);
#654=VECTOR('',#1906,10.);
#655=VECTOR('',#1909,0.661);
#656=VECTOR('',#1910,10.);
#657=VECTOR('',#1915,10.);
#658=VECTOR('',#1920,1.5);
#659=VECTOR('',#1923,0.661);
#660=VECTOR('',#1926,10.);
#661=VECTOR('',#1929,10.);
#662=VECTOR('',#1932,10.);
#663=VECTOR('',#1933,10.);
#664=VECTOR('',#1936,10.);
#665=VECTOR('',#1937,10.);
#666=VECTOR('',#1938,10.);
#667=VECTOR('',#1941,10.);
#668=VECTOR('',#1942,10.);
#669=VECTOR('',#1945,10.);
#670=VECTOR('',#1946,10.);
#671=VECTOR('',#1949,10.);
#672=VECTOR('',#1952,10.);
#673=VECTOR('',#1953,10.);
#674=VECTOR('',#1956,10.);
#675=VECTOR('',#1957,10.);
#676=VECTOR('',#1960,10.);
#677=VECTOR('',#1963,10.);
#678=VECTOR('',#1968,0.661);
#679=VECTOR('',#1973,10.);
#680=VECTOR('',#1976,1.5);
#681=VERTEX_POINT('',#1983);
#682=VERTEX_POINT('',#1984);
#683=VERTEX_POINT('',#1986);
#684=VERTEX_POINT('',#1988);
#685=VERTEX_POINT('',#1990);
#686=VERTEX_POINT('',#1992);
#687=VERTEX_POINT('',#1994);
#688=VERTEX_POINT('',#1996);
#689=VERTEX_POINT('',#1998);
#690=VERTEX_POINT('',#2000);
#691=VERTEX_POINT('',#2002);
#692=VERTEX_POINT('',#2004);
#693=VERTEX_POINT('',#2006);
#694=VERTEX_POINT('',#2008);
#695=VERTEX_POINT('',#2010);
#696=VERTEX_POINT('',#2012);
#697=VERTEX_POINT('',#2015);
#698=VERTEX_POINT('',#2016);
#699=VERTEX_POINT('',#2018);
#700=VERTEX_POINT('',#2020);
#701=VERTEX_POINT('',#2023);
#702=VERTEX_POINT('',#2024);
#703=VERTEX_POINT('',#2026);
#704=VERTEX_POINT('',#2028);
#705=VERTEX_POINT('',#2030);
#706=VERTEX_POINT('',#2032);
#707=VERTEX_POINT('',#2034);
#708=VERTEX_POINT('',#2036);
#709=VERTEX_POINT('',#2038);
#710=VERTEX_POINT('',#2040);
#711=VERTEX_POINT('',#2042);
#712=VERTEX_POINT('',#2044);
#713=VERTEX_POINT('',#2046);
#714=VERTEX_POINT('',#2049);
#715=VERTEX_POINT('',#2050);
#716=VERTEX_POINT('',#2052);
#717=VERTEX_POINT('',#2057);
#718=VERTEX_POINT('',#2062);
#719=VERTEX_POINT('',#2067);
#720=VERTEX_POINT('',#2072);
#721=VERTEX_POINT('',#2074);
#722=VERTEX_POINT('',#2076);
#723=VERTEX_POINT('',#2078);
#724=VERTEX_POINT('',#2083);
#725=VERTEX_POINT('',#2088);
#726=VERTEX_POINT('',#2093);
#727=VERTEX_POINT('',#2095);
#728=VERTEX_POINT('',#2097);
#729=VERTEX_POINT('',#2099);
#730=VERTEX_POINT('',#2101);
#731=VERTEX_POINT('',#2103);
#732=VERTEX_POINT('',#2108);
#733=VERTEX_POINT('',#2113);
#734=VERTEX_POINT('',#2118);
#735=VERTEX_POINT('',#2123);
#736=VERTEX_POINT('',#2128);
#737=VERTEX_POINT('',#2131);
#738=VERTEX_POINT('',#2132);
#739=VERTEX_POINT('',#2137);
#740=VERTEX_POINT('',#2139);
#741=VERTEX_POINT('',#2141);
#742=VERTEX_POINT('',#2146);
#743=VERTEX_POINT('',#2151);
#744=VERTEX_POINT('',#2156);
#745=VERTEX_POINT('',#2161);
#746=VERTEX_POINT('',#2166);
#747=VERTEX_POINT('',#2171);
#748=VERTEX_POINT('',#2176);
#749=VERTEX_POINT('',#2181);
#750=VERTEX_POINT('',#2183);
#751=VERTEX_POINT('',#2185);
#752=VERTEX_POINT('',#2190);
#753=VERTEX_POINT('',#2195);
#754=VERTEX_POINT('',#2200);
#755=VERTEX_POINT('',#2205);
#756=VERTEX_POINT('',#2210);
#757=VERTEX_POINT('',#2219);
#758=VERTEX_POINT('',#2220);
#759=VERTEX_POINT('',#2225);
#760=VERTEX_POINT('',#2230);
#761=VERTEX_POINT('',#2239);
#762=VERTEX_POINT('',#2240);
#763=VERTEX_POINT('',#2245);
#764=VERTEX_POINT('',#2250);
#765=VERTEX_POINT('',#2255);
#766=VERTEX_POINT('',#2260);
#767=VERTEX_POINT('',#2262);
#768=VERTEX_POINT('',#2264);
#769=VERTEX_POINT('',#2269);
#770=VERTEX_POINT('',#2274);
#771=VERTEX_POINT('',#2279);
#772=VERTEX_POINT('',#2281);
#773=VERTEX_POINT('',#2283);
#774=VERTEX_POINT('',#2292);
#775=VERTEX_POINT('',#2293);
#776=VERTEX_POINT('',#2295);
#777=VERTEX_POINT('',#2297);
#778=VERTEX_POINT('',#2299);
#779=VERTEX_POINT('',#2301);
#780=VERTEX_POINT('',#2303);
#781=VERTEX_POINT('',#2305);
#782=VERTEX_POINT('',#2307);
#783=VERTEX_POINT('',#2309);
#784=VERTEX_POINT('',#2312);
#785=VERTEX_POINT('',#2313);
#786=VERTEX_POINT('',#2315);
#787=VERTEX_POINT('',#2317);
#788=VERTEX_POINT('',#2322);
#789=VERTEX_POINT('',#2327);
#790=VERTEX_POINT('',#2332);
#791=VERTEX_POINT('',#2334);
#792=VERTEX_POINT('',#2336);
#793=VERTEX_POINT('',#2338);
#794=VERTEX_POINT('',#2343);
#795=VERTEX_POINT('',#2348);
#796=VERTEX_POINT('',#2353);
#797=VERTEX_POINT('',#2355);
#798=VERTEX_POINT('',#2358);
#799=VERTEX_POINT('',#2359);
#800=VERTEX_POINT('',#2364);
#801=VERTEX_POINT('',#2369);
#802=VERTEX_POINT('',#2374);
#803=VERTEX_POINT('',#2379);
#804=VERTEX_POINT('',#2381);
#805=VERTEX_POINT('',#2383);
#806=VERTEX_POINT('',#2388);
#807=VERTEX_POINT('',#2393);
#808=VERTEX_POINT('',#2398);
#809=VERTEX_POINT('',#2400);
#810=VERTEX_POINT('',#2402);
#811=VERTEX_POINT('',#2411);
#812=VERTEX_POINT('',#2412);
#813=VERTEX_POINT('',#2417);
#814=VERTEX_POINT('',#2422);
#815=VERTEX_POINT('',#2427);
#816=VERTEX_POINT('',#2432);
#817=VERTEX_POINT('',#2437);
#818=VERTEX_POINT('',#2439);
#819=VERTEX_POINT('',#2441);
#820=VERTEX_POINT('',#2446);
#821=VERTEX_POINT('',#2451);
#822=VERTEX_POINT('',#2456);
#823=VERTEX_POINT('',#2461);
#824=VERTEX_POINT('',#2466);
#825=VERTEX_POINT('',#2468);
#826=VERTEX_POINT('',#2470);
#827=VERTEX_POINT('',#2479);
#828=VERTEX_POINT('',#2480);
#829=VERTEX_POINT('',#2482);
#830=VERTEX_POINT('',#2484);
#831=VERTEX_POINT('',#2486);
#832=VERTEX_POINT('',#2488);
#833=VERTEX_POINT('',#2490);
#834=VERTEX_POINT('',#2492);
#835=VERTEX_POINT('',#2494);
#836=VERTEX_POINT('',#2496);
#837=VERTEX_POINT('',#2498);
#838=VERTEX_POINT('',#2500);
#839=VERTEX_POINT('',#2503);
#840=VERTEX_POINT('',#2504);
#841=VERTEX_POINT('',#2506);
#842=VERTEX_POINT('',#2508);
#843=VERTEX_POINT('',#2510);
#844=VERTEX_POINT('',#2512);
#845=VERTEX_POINT('',#2514);
#846=VERTEX_POINT('',#2516);
#847=VERTEX_POINT('',#2521);
#848=VERTEX_POINT('',#2523);
#849=VERTEX_POINT('',#2525);
#850=VERTEX_POINT('',#2528);
#851=VERTEX_POINT('',#2529);
#852=VERTEX_POINT('',#2531);
#853=VERTEX_POINT('',#2533);
#854=VERTEX_POINT('',#2536);
#855=VERTEX_POINT('',#2538);
#856=VERTEX_POINT('',#2544);
#857=VERTEX_POINT('',#2545);
#858=VERTEX_POINT('',#2547);
#859=VERTEX_POINT('',#2552);
#860=VERTEX_POINT('',#2557);
#861=VERTEX_POINT('',#2567);
#862=VERTEX_POINT('',#2568);
#863=VERTEX_POINT('',#2573);
#864=VERTEX_POINT('',#2578);
#865=VERTEX_POINT('',#2588);
#866=VERTEX_POINT('',#2589);
#867=VERTEX_POINT('',#2594);
#868=VERTEX_POINT('',#2599);
#869=VERTEX_POINT('',#2604);
#870=VERTEX_POINT('',#2619);
#871=VERTEX_POINT('',#2621);
#872=VERTEX_POINT('',#2625);
#873=VERTEX_POINT('',#2629);
#874=VERTEX_POINT('',#2631);
#875=VERTEX_POINT('',#2635);
#876=VERTEX_POINT('',#2639);
#877=VERTEX_POINT('',#2641);
#878=VERTEX_POINT('',#2645);
#879=VERTEX_POINT('',#2649);
#880=VERTEX_POINT('',#2653);
#881=VERTEX_POINT('',#2659);
#882=VERTEX_POINT('',#2661);
#883=VERTEX_POINT('',#2665);
#884=VERTEX_POINT('',#2669);
#885=VERTEX_POINT('',#2670);
#886=VERTEX_POINT('',#2675);
#887=VERTEX_POINT('',#2679);
#888=VERTEX_POINT('',#2685);
#889=VERTEX_POINT('',#2689);
#890=VERTEX_POINT('',#2697);
#891=VERTEX_POINT('',#2700);
#892=EDGE_CURVE('',#681,#682,#401,.T.);
#893=EDGE_CURVE('',#683,#682,#389,.T.);
#894=EDGE_CURVE('',#683,#684,#402,.T.);
#895=EDGE_CURVE('',#684,#685,#403,.T.);
#896=EDGE_CURVE('',#685,#686,#404,.T.);
#897=EDGE_CURVE('',#686,#687,#405,.T.);
#898=EDGE_CURVE('',#688,#687,#406,.T.);
#899=EDGE_CURVE('',#689,#688,#407,.T.);
#900=EDGE_CURVE('',#690,#689,#408,.T.);
#901=EDGE_CURVE('',#690,#691,#390,.T.);
#902=EDGE_CURVE('',#692,#691,#409,.T.);
#903=EDGE_CURVE('',#692,#693,#410,.T.);
#904=EDGE_CURVE('',#693,#694,#391,.T.);
#905=EDGE_CURVE('',#694,#695,#411,.T.);
#906=EDGE_CURVE('',#696,#695,#392,.T.);
#907=EDGE_CURVE('',#681,#696,#412,.T.);
#908=EDGE_CURVE('',#697,#698,#413,.T.);
#909=EDGE_CURVE('',#698,#699,#414,.T.);
#910=EDGE_CURVE('',#699,#700,#415,.T.);
#911=EDGE_CURVE('',#700,#697,#416,.T.);
#912=EDGE_CURVE('',#701,#702,#417,.T.);
#913=EDGE_CURVE('',#702,#703,#418,.T.);
#914=EDGE_CURVE('',#703,#704,#419,.T.);
#915=EDGE_CURVE('',#704,#705,#420,.T.);
#916=EDGE_CURVE('',#705,#706,#421,.T.);
#917=EDGE_CURVE('',#706,#707,#422,.T.);
#918=EDGE_CURVE('',#707,#708,#423,.T.);
#919=EDGE_CURVE('',#708,#709,#424,.T.);
#920=EDGE_CURVE('',#709,#710,#425,.T.);
#921=EDGE_CURVE('',#710,#711,#426,.T.);
#922=EDGE_CURVE('',#711,#712,#427,.T.);
#923=EDGE_CURVE('',#712,#713,#428,.T.);
#924=EDGE_CURVE('',#713,#701,#429,.T.);
#925=EDGE_CURVE('',#714,#715,#430,.T.);
#926=EDGE_CURVE('',#715,#716,#21,.T.);
#927=EDGE_CURVE('',#716,#717,#22,.T.);
#928=EDGE_CURVE('',#717,#718,#23,.T.);
#929=EDGE_CURVE('',#718,#719,#24,.T.);
#930=EDGE_CURVE('',#719,#720,#431,.T.);
#931=EDGE_CURVE('',#720,#721,#432,.T.);
#932=EDGE_CURVE('',#721,#722,#433,.T.);
#933=EDGE_CURVE('',#722,#723,#25,.T.);
#934=EDGE_CURVE('',#723,#724,#26,.T.);
#935=EDGE_CURVE('',#724,#725,#27,.T.);
#936=EDGE_CURVE('',#725,#726,#434,.T.);
#937=EDGE_CURVE('',#726,#727,#435,.T.);
#938=EDGE_CURVE('',#727,#728,#436,.T.);
#939=EDGE_CURVE('',#728,#729,#437,.T.);
#940=EDGE_CURVE('',#729,#730,#438,.T.);
#941=EDGE_CURVE('',#730,#731,#28,.T.);
#942=EDGE_CURVE('',#731,#732,#29,.T.);
#943=EDGE_CURVE('',#732,#733,#30,.T.);
#944=EDGE_CURVE('',#733,#734,#31,.T.);
#945=EDGE_CURVE('',#734,#735,#32,.T.);
#946=EDGE_CURVE('',#735,#736,#439,.T.);
#947=EDGE_CURVE('',#736,#714,#440,.T.);
#948=EDGE_CURVE('',#737,#738,#33,.T.);
#949=EDGE_CURVE('',#738,#739,#441,.T.);
#950=EDGE_CURVE('',#739,#740,#442,.T.);
#951=EDGE_CURVE('',#740,#741,#34,.T.);
#952=EDGE_CURVE('',#741,#742,#35,.T.);
#953=EDGE_CURVE('',#742,#743,#36,.T.);
#954=EDGE_CURVE('',#743,#744,#37,.T.);
#955=EDGE_CURVE('',#744,#745,#38,.T.);
#956=EDGE_CURVE('',#745,#746,#39,.T.);
#957=EDGE_CURVE('',#746,#747,#40,.T.);
#958=EDGE_CURVE('',#747,#748,#41,.T.);
#959=EDGE_CURVE('',#748,#749,#443,.T.);
#960=EDGE_CURVE('',#749,#750,#444,.T.);
#961=EDGE_CURVE('',#750,#751,#42,.T.);
#962=EDGE_CURVE('',#751,#752,#43,.T.);
#963=EDGE_CURVE('',#752,#753,#44,.T.);
#964=EDGE_CURVE('',#753,#754,#45,.T.);
#965=EDGE_CURVE('',#754,#755,#46,.T.);
#966=EDGE_CURVE('',#755,#756,#47,.T.);
#967=EDGE_CURVE('',#756,#737,#48,.T.);
#968=EDGE_CURVE('',#757,#758,#49,.T.);
#969=EDGE_CURVE('',#758,#759,#50,.T.);
#970=EDGE_CURVE('',#759,#760,#51,.T.);
#971=EDGE_CURVE('',#760,#757,#52,.T.);
#972=EDGE_CURVE('',#761,#762,#53,.T.);
#973=EDGE_CURVE('',#762,#763,#54,.T.);
#974=EDGE_CURVE('',#763,#764,#55,.T.);
#975=EDGE_CURVE('',#764,#765,#56,.T.);
#976=EDGE_CURVE('',#765,#766,#445,.T.);
#977=EDGE_CURVE('',#766,#767,#446,.T.);
#978=EDGE_CURVE('',#767,#768,#57,.T.);
#979=EDGE_CURVE('',#768,#769,#58,.T.);
#980=EDGE_CURVE('',#769,#770,#59,.T.);
#981=EDGE_CURVE('',#770,#771,#447,.T.);
#982=EDGE_CURVE('',#771,#772,#448,.T.);
#983=EDGE_CURVE('',#772,#773,#60,.T.);
#984=EDGE_CURVE('',#773,#761,#61,.T.);
#985=EDGE_CURVE('',#774,#775,#449,.T.);
#986=EDGE_CURVE('',#775,#776,#450,.T.);
#987=EDGE_CURVE('',#776,#777,#451,.T.);
#988=EDGE_CURVE('',#777,#778,#452,.T.);
#989=EDGE_CURVE('',#778,#779,#453,.T.);
#990=EDGE_CURVE('',#779,#780,#454,.T.);
#991=EDGE_CURVE('',#780,#781,#455,.T.);
#992=EDGE_CURVE('',#781,#782,#456,.T.);
#993=EDGE_CURVE('',#782,#783,#457,.T.);
#994=EDGE_CURVE('',#783,#774,#458,.T.);
#995=EDGE_CURVE('',#784,#785,#459,.T.);
#996=EDGE_CURVE('',#785,#786,#460,.T.);
#997=EDGE_CURVE('',#786,#787,#62,.T.);
#998=EDGE_CURVE('',#787,#788,#63,.T.);
#999=EDGE_CURVE('',#788,#789,#64,.T.);
#1000=EDGE_CURVE('',#789,#790,#461,.T.);
#1001=EDGE_CURVE('',#790,#791,#462,.T.);
#1002=EDGE_CURVE('',#791,#792,#463,.T.);
#1003=EDGE_CURVE('',#792,#793,#65,.T.);
#1004=EDGE_CURVE('',#793,#794,#66,.T.);
#1005=EDGE_CURVE('',#794,#795,#67,.T.);
#1006=EDGE_CURVE('',#795,#796,#464,.T.);
#1007=EDGE_CURVE('',#796,#797,#465,.T.);
#1008=EDGE_CURVE('',#797,#784,#466,.T.);
#1009=EDGE_CURVE('',#798,#799,#68,.T.);
#1010=EDGE_CURVE('',#799,#800,#69,.T.);
#1011=EDGE_CURVE('',#800,#801,#70,.T.);
#1012=EDGE_CURVE('',#801,#802,#71,.T.);
#1013=EDGE_CURVE('',#802,#803,#467,.T.);
#1014=EDGE_CURVE('',#803,#804,#468,.T.);
#1015=EDGE_CURVE('',#804,#805,#72,.T.);
#1016=EDGE_CURVE('',#805,#806,#73,.T.);
#1017=EDGE_CURVE('',#806,#807,#74,.T.);
#1018=EDGE_CURVE('',#807,#808,#469,.T.);
#1019=EDGE_CURVE('',#808,#809,#470,.T.);
#1020=EDGE_CURVE('',#809,#810,#75,.T.);
#1021=EDGE_CURVE('',#810,#798,#76,.T.);
#1022=EDGE_CURVE('',#811,#812,#77,.T.);
#1023=EDGE_CURVE('',#812,#813,#78,.T.);
#1024=EDGE_CURVE('',#813,#814,#79,.T.);
#1025=EDGE_CURVE('',#814,#815,#80,.T.);
#1026=EDGE_CURVE('',#815,#816,#81,.T.);
#1027=EDGE_CURVE('',#816,#817,#471,.T.);
#1028=EDGE_CURVE('',#817,#818,#472,.T.);
#1029=EDGE_CURVE('',#818,#819,#82,.T.);
#1030=EDGE_CURVE('',#819,#820,#83,.T.);
#1031=EDGE_CURVE('',#820,#821,#84,.T.);
#1032=EDGE_CURVE('',#821,#822,#85,.T.);
#1033=EDGE_CURVE('',#822,#823,#86,.T.);
#1034=EDGE_CURVE('',#823,#824,#473,.T.);
#1035=EDGE_CURVE('',#824,#825,#474,.T.);
#1036=EDGE_CURVE('',#825,#826,#87,.T.);
#1037=EDGE_CURVE('',#826,#811,#88,.T.);
#1038=EDGE_CURVE('',#827,#828,#475,.T.);
#1039=EDGE_CURVE('',#828,#829,#476,.T.);
#1040=EDGE_CURVE('',#829,#830,#477,.T.);
#1041=EDGE_CURVE('',#830,#831,#478,.T.);
#1042=EDGE_CURVE('',#831,#832,#479,.T.);
#1043=EDGE_CURVE('',#832,#833,#480,.T.);
#1044=EDGE_CURVE('',#833,#834,#481,.T.);
#1045=EDGE_CURVE('',#834,#835,#482,.T.);
#1046=EDGE_CURVE('',#835,#836,#483,.T.);
#1047=EDGE_CURVE('',#836,#837,#484,.T.);
#1048=EDGE_CURVE('',#837,#838,#485,.T.);
#1049=EDGE_CURVE('',#838,#827,#486,.T.);
#1050=EDGE_CURVE('',#839,#840,#487,.T.);
#1051=EDGE_CURVE('',#840,#841,#488,.T.);
#1052=EDGE_CURVE('',#841,#842,#489,.T.);
#1053=EDGE_CURVE('',#842,#843,#490,.T.);
#1054=EDGE_CURVE('',#843,#844,#491,.T.);
#1055=EDGE_CURVE('',#844,#845,#492,.T.);
#1056=EDGE_CURVE('',#845,#846,#89,.T.);
#1057=EDGE_CURVE('',#846,#847,#493,.T.);
#1058=EDGE_CURVE('',#847,#848,#494,.T.);
#1059=EDGE_CURVE('',#848,#849,#495,.T.);
#1060=EDGE_CURVE('',#849,#839,#496,.T.);
#1061=EDGE_CURVE('',#850,#851,#497,.T.);
#1062=EDGE_CURVE('',#852,#851,#498,.T.);
#1063=EDGE_CURVE('',#853,#852,#499,.T.);
#1064=EDGE_CURVE('',#853,#850,#500,.T.);
#1065=EDGE_CURVE('',#854,#854,#393,.T.);
#1066=EDGE_CURVE('',#855,#855,#394,.T.);
#1067=EDGE_CURVE('',#856,#857,#501,.T.);
#1068=EDGE_CURVE('',#858,#856,#90,.T.);
#1069=EDGE_CURVE('',#859,#858,#91,.T.);
#1070=EDGE_CURVE('',#860,#859,#92,.T.);
#1071=EDGE_CURVE('',#857,#860,#93,.T.);
#1072=EDGE_CURVE('',#861,#862,#94,.T.);
#1073=EDGE_CURVE('',#862,#863,#95,.T.);
#1074=EDGE_CURVE('',#863,#864,#96,.T.);
#1075=EDGE_CURVE('',#864,#861,#97,.T.);
#1076=EDGE_CURVE('',#865,#866,#98,.T.);
#1077=EDGE_CURVE('',#866,#867,#99,.T.);
#1078=EDGE_CURVE('',#867,#868,#100,.T.);
#1079=EDGE_CURVE('',#868,#869,#101,.T.);
#1080=EDGE_CURVE('',#869,#865,#502,.T.);
#1081=EDGE_CURVE('',#870,#693,#503,.T.);
#1082=EDGE_CURVE('',#871,#870,#395,.T.);
#1083=EDGE_CURVE('',#694,#871,#504,.T.);
#1084=EDGE_CURVE('',#872,#692,#505,.T.);
#1085=EDGE_CURVE('',#870,#872,#506,.T.);
#1086=EDGE_CURVE('',#873,#688,#507,.T.);
#1087=EDGE_CURVE('',#873,#874,#508,.T.);
#1088=EDGE_CURVE('',#874,#689,#509,.T.);
#1089=EDGE_CURVE('',#687,#875,#510,.T.);
#1090=EDGE_CURVE('',#875,#873,#511,.T.);
#1091=EDGE_CURVE('',#876,#853,#512,.T.);
#1092=EDGE_CURVE('',#877,#876,#513,.T.);
#1093=EDGE_CURVE('',#877,#850,#514,.T.);
#1094=EDGE_CURVE('',#874,#878,#515,.T.);
#1095=EDGE_CURVE('',#878,#690,#516,.T.);
#1096=EDGE_CURVE('',#879,#878,#396,.T.);
#1097=EDGE_CURVE('',#879,#691,#517,.T.);
#1098=EDGE_CURVE('',#880,#880,#397,.T.);
#1099=EDGE_CURVE('',#880,#854,#518,.T.);
#1100=EDGE_CURVE('',#879,#872,#519,.T.);
#1101=EDGE_CURVE('',#695,#881,#520,.T.);
#1102=EDGE_CURVE('',#881,#882,#398,.T.);
#1103=EDGE_CURVE('',#882,#696,#521,.T.);
#1104=EDGE_CURVE('',#882,#883,#522,.T.);
#1105=EDGE_CURVE('',#883,#681,#523,.T.);
#1106=EDGE_CURVE('',#884,#885,#524,.T.);
#1107=EDGE_CURVE('',#884,#684,#525,.T.);
#1108=EDGE_CURVE('',#885,#683,#526,.T.);
#1109=EDGE_CURVE('',#886,#884,#527,.T.);
#1110=EDGE_CURVE('',#886,#685,#528,.T.);
#1111=EDGE_CURVE('',#686,#887,#529,.T.);
#1112=EDGE_CURVE('',#887,#886,#530,.T.);
#1113=EDGE_CURVE('',#875,#887,#531,.T.);
#1114=EDGE_CURVE('',#888,#877,#532,.T.);
#1115=EDGE_CURVE('',#888,#851,#533,.T.);
#1116=EDGE_CURVE('',#888,#889,#534,.T.);
#1117=EDGE_CURVE('',#889,#852,#535,.T.);
#1118=EDGE_CURVE('',#889,#876,#536,.T.);
#1119=EDGE_CURVE('',#881,#871,#537,.T.);
#1120=EDGE_CURVE('',#890,#885,#399,.T.);
#1121=EDGE_CURVE('',#890,#883,#538,.T.);
#1122=EDGE_CURVE('',#891,#891,#400,.T.);
#1123=EDGE_CURVE('',#890,#682,#539,.T.);
#1124=EDGE_CURVE('',#891,#855,#540,.T.);
#1125=ORIENTED_EDGE('',*,*,#892,.T.);
#1126=ORIENTED_EDGE('',*,*,#893,.F.);
#1127=ORIENTED_EDGE('',*,*,#894,.T.);
#1128=ORIENTED_EDGE('',*,*,#895,.T.);
#1129=ORIENTED_EDGE('',*,*,#896,.T.);
#1130=ORIENTED_EDGE('',*,*,#897,.T.);
#1131=ORIENTED_EDGE('',*,*,#898,.F.);
#1132=ORIENTED_EDGE('',*,*,#899,.F.);
#1133=ORIENTED_EDGE('',*,*,#900,.F.);
#1134=ORIENTED_EDGE('',*,*,#901,.T.);
#1135=ORIENTED_EDGE('',*,*,#902,.F.);
#1136=ORIENTED_EDGE('',*,*,#903,.T.);
#1137=ORIENTED_EDGE('',*,*,#904,.T.);
#1138=ORIENTED_EDGE('',*,*,#905,.T.);
#1139=ORIENTED_EDGE('',*,*,#906,.F.);
#1140=ORIENTED_EDGE('',*,*,#907,.F.);
#1141=ORIENTED_EDGE('',*,*,#908,.T.);
#1142=ORIENTED_EDGE('',*,*,#909,.T.);
#1143=ORIENTED_EDGE('',*,*,#910,.T.);
#1144=ORIENTED_EDGE('',*,*,#911,.T.);
#1145=ORIENTED_EDGE('',*,*,#912,.T.);
#1146=ORIENTED_EDGE('',*,*,#913,.T.);
#1147=ORIENTED_EDGE('',*,*,#914,.T.);
#1148=ORIENTED_EDGE('',*,*,#915,.T.);
#1149=ORIENTED_EDGE('',*,*,#916,.T.);
#1150=ORIENTED_EDGE('',*,*,#917,.T.);
#1151=ORIENTED_EDGE('',*,*,#918,.T.);
#1152=ORIENTED_EDGE('',*,*,#919,.T.);
#1153=ORIENTED_EDGE('',*,*,#920,.T.);
#1154=ORIENTED_EDGE('',*,*,#921,.T.);
#1155=ORIENTED_EDGE('',*,*,#922,.T.);
#1156=ORIENTED_EDGE('',*,*,#923,.T.);
#1157=ORIENTED_EDGE('',*,*,#924,.T.);
#1158=ORIENTED_EDGE('',*,*,#925,.T.);
#1159=ORIENTED_EDGE('',*,*,#926,.T.);
#1160=ORIENTED_EDGE('',*,*,#927,.T.);
#1161=ORIENTED_EDGE('',*,*,#928,.T.);
#1162=ORIENTED_EDGE('',*,*,#929,.T.);
#1163=ORIENTED_EDGE('',*,*,#930,.T.);
#1164=ORIENTED_EDGE('',*,*,#931,.T.);
#1165=ORIENTED_EDGE('',*,*,#932,.T.);
#1166=ORIENTED_EDGE('',*,*,#933,.T.);
#1167=ORIENTED_EDGE('',*,*,#934,.T.);
#1168=ORIENTED_EDGE('',*,*,#935,.T.);
#1169=ORIENTED_EDGE('',*,*,#936,.T.);
#1170=ORIENTED_EDGE('',*,*,#937,.T.);
#1171=ORIENTED_EDGE('',*,*,#938,.T.);
#1172=ORIENTED_EDGE('',*,*,#939,.T.);
#1173=ORIENTED_EDGE('',*,*,#940,.T.);
#1174=ORIENTED_EDGE('',*,*,#941,.T.);
#1175=ORIENTED_EDGE('',*,*,#942,.T.);
#1176=ORIENTED_EDGE('',*,*,#943,.T.);
#1177=ORIENTED_EDGE('',*,*,#944,.T.);
#1178=ORIENTED_EDGE('',*,*,#945,.T.);
#1179=ORIENTED_EDGE('',*,*,#946,.T.);
#1180=ORIENTED_EDGE('',*,*,#947,.T.);
#1181=ORIENTED_EDGE('',*,*,#948,.T.);
#1182=ORIENTED_EDGE('',*,*,#949,.T.);
#1183=ORIENTED_EDGE('',*,*,#950,.T.);
#1184=ORIENTED_EDGE('',*,*,#951,.T.);
#1185=ORIENTED_EDGE('',*,*,#952,.T.);
#1186=ORIENTED_EDGE('',*,*,#953,.T.);
#1187=ORIENTED_EDGE('',*,*,#954,.T.);
#1188=ORIENTED_EDGE('',*,*,#955,.T.);
#1189=ORIENTED_EDGE('',*,*,#956,.T.);
#1190=ORIENTED_EDGE('',*,*,#957,.T.);
#1191=ORIENTED_EDGE('',*,*,#958,.T.);
#1192=ORIENTED_EDGE('',*,*,#959,.T.);
#1193=ORIENTED_EDGE('',*,*,#960,.T.);
#1194=ORIENTED_EDGE('',*,*,#961,.T.);
#1195=ORIENTED_EDGE('',*,*,#962,.T.);
#1196=ORIENTED_EDGE('',*,*,#963,.T.);
#1197=ORIENTED_EDGE('',*,*,#964,.T.);
#1198=ORIENTED_EDGE('',*,*,#965,.T.);
#1199=ORIENTED_EDGE('',*,*,#966,.T.);
#1200=ORIENTED_EDGE('',*,*,#967,.T.);
#1201=ORIENTED_EDGE('',*,*,#968,.T.);
#1202=ORIENTED_EDGE('',*,*,#969,.T.);
#1203=ORIENTED_EDGE('',*,*,#970,.T.);
#1204=ORIENTED_EDGE('',*,*,#971,.T.);
#1205=ORIENTED_EDGE('',*,*,#972,.T.);
#1206=ORIENTED_EDGE('',*,*,#973,.T.);
#1207=ORIENTED_EDGE('',*,*,#974,.T.);
#1208=ORIENTED_EDGE('',*,*,#975,.T.);
#1209=ORIENTED_EDGE('',*,*,#976,.T.);
#1210=ORIENTED_EDGE('',*,*,#977,.T.);
#1211=ORIENTED_EDGE('',*,*,#978,.T.);
#1212=ORIENTED_EDGE('',*,*,#979,.T.);
#1213=ORIENTED_EDGE('',*,*,#980,.T.);
#1214=ORIENTED_EDGE('',*,*,#981,.T.);
#1215=ORIENTED_EDGE('',*,*,#982,.T.);
#1216=ORIENTED_EDGE('',*,*,#983,.T.);
#1217=ORIENTED_EDGE('',*,*,#984,.T.);
#1218=ORIENTED_EDGE('',*,*,#985,.T.);
#1219=ORIENTED_EDGE('',*,*,#986,.T.);
#1220=ORIENTED_EDGE('',*,*,#987,.T.);
#1221=ORIENTED_EDGE('',*,*,#988,.T.);
#1222=ORIENTED_EDGE('',*,*,#989,.T.);
#1223=ORIENTED_EDGE('',*,*,#990,.T.);
#1224=ORIENTED_EDGE('',*,*,#991,.T.);
#1225=ORIENTED_EDGE('',*,*,#992,.T.);
#1226=ORIENTED_EDGE('',*,*,#993,.T.);
#1227=ORIENTED_EDGE('',*,*,#994,.T.);
#1228=ORIENTED_EDGE('',*,*,#995,.T.);
#1229=ORIENTED_EDGE('',*,*,#996,.T.);
#1230=ORIENTED_EDGE('',*,*,#997,.T.);
#1231=ORIENTED_EDGE('',*,*,#998,.T.);
#1232=ORIENTED_EDGE('',*,*,#999,.T.);
#1233=ORIENTED_EDGE('',*,*,#1000,.T.);
#1234=ORIENTED_EDGE('',*,*,#1001,.T.);
#1235=ORIENTED_EDGE('',*,*,#1002,.T.);
#1236=ORIENTED_EDGE('',*,*,#1003,.T.);
#1237=ORIENTED_EDGE('',*,*,#1004,.T.);
#1238=ORIENTED_EDGE('',*,*,#1005,.T.);
#1239=ORIENTED_EDGE('',*,*,#1006,.T.);
#1240=ORIENTED_EDGE('',*,*,#1007,.T.);
#1241=ORIENTED_EDGE('',*,*,#1008,.T.);
#1242=ORIENTED_EDGE('',*,*,#1009,.T.);
#1243=ORIENTED_EDGE('',*,*,#1010,.T.);
#1244=ORIENTED_EDGE('',*,*,#1011,.T.);
#1245=ORIENTED_EDGE('',*,*,#1012,.T.);
#1246=ORIENTED_EDGE('',*,*,#1013,.T.);
#1247=ORIENTED_EDGE('',*,*,#1014,.T.);
#1248=ORIENTED_EDGE('',*,*,#1015,.T.);
#1249=ORIENTED_EDGE('',*,*,#1016,.T.);
#1250=ORIENTED_EDGE('',*,*,#1017,.T.);
#1251=ORIENTED_EDGE('',*,*,#1018,.T.);
#1252=ORIENTED_EDGE('',*,*,#1019,.T.);
#1253=ORIENTED_EDGE('',*,*,#1020,.T.);
#1254=ORIENTED_EDGE('',*,*,#1021,.T.);
#1255=ORIENTED_EDGE('',*,*,#1022,.T.);
#1256=ORIENTED_EDGE('',*,*,#1023,.T.);
#1257=ORIENTED_EDGE('',*,*,#1024,.T.);
#1258=ORIENTED_EDGE('',*,*,#1025,.T.);
#1259=ORIENTED_EDGE('',*,*,#1026,.T.);
#1260=ORIENTED_EDGE('',*,*,#1027,.T.);
#1261=ORIENTED_EDGE('',*,*,#1028,.T.);
#1262=ORIENTED_EDGE('',*,*,#1029,.T.);
#1263=ORIENTED_EDGE('',*,*,#1030,.T.);
#1264=ORIENTED_EDGE('',*,*,#1031,.T.);
#1265=ORIENTED_EDGE('',*,*,#1032,.T.);
#1266=ORIENTED_EDGE('',*,*,#1033,.T.);
#1267=ORIENTED_EDGE('',*,*,#1034,.T.);
#1268=ORIENTED_EDGE('',*,*,#1035,.T.);
#1269=ORIENTED_EDGE('',*,*,#1036,.T.);
#1270=ORIENTED_EDGE('',*,*,#1037,.T.);
#1271=ORIENTED_EDGE('',*,*,#1038,.T.);
#1272=ORIENTED_EDGE('',*,*,#1039,.T.);
#1273=ORIENTED_EDGE('',*,*,#1040,.T.);
#1274=ORIENTED_EDGE('',*,*,#1041,.T.);
#1275=ORIENTED_EDGE('',*,*,#1042,.T.);
#1276=ORIENTED_EDGE('',*,*,#1043,.T.);
#1277=ORIENTED_EDGE('',*,*,#1044,.T.);
#1278=ORIENTED_EDGE('',*,*,#1045,.T.);
#1279=ORIENTED_EDGE('',*,*,#1046,.T.);
#1280=ORIENTED_EDGE('',*,*,#1047,.T.);
#1281=ORIENTED_EDGE('',*,*,#1048,.T.);
#1282=ORIENTED_EDGE('',*,*,#1049,.T.);
#1283=ORIENTED_EDGE('',*,*,#1050,.T.);
#1284=ORIENTED_EDGE('',*,*,#1051,.T.);
#1285=ORIENTED_EDGE('',*,*,#1052,.T.);
#1286=ORIENTED_EDGE('',*,*,#1053,.T.);
#1287=ORIENTED_EDGE('',*,*,#1054,.T.);
#1288=ORIENTED_EDGE('',*,*,#1055,.T.);
#1289=ORIENTED_EDGE('',*,*,#1056,.T.);
#1290=ORIENTED_EDGE('',*,*,#1057,.T.);
#1291=ORIENTED_EDGE('',*,*,#1058,.T.);
#1292=ORIENTED_EDGE('',*,*,#1059,.T.);
#1293=ORIENTED_EDGE('',*,*,#1060,.T.);
#1294=ORIENTED_EDGE('',*,*,#1061,.T.);
#1295=ORIENTED_EDGE('',*,*,#1062,.F.);
#1296=ORIENTED_EDGE('',*,*,#1063,.F.);
#1297=ORIENTED_EDGE('',*,*,#1064,.T.);
#1298=ORIENTED_EDGE('',*,*,#1065,.F.);
#1299=ORIENTED_EDGE('',*,*,#1066,.T.);
#1300=ORIENTED_EDGE('',*,*,#1060,.F.);
#1301=ORIENTED_EDGE('',*,*,#1059,.F.);
#1302=ORIENTED_EDGE('',*,*,#1058,.F.);
#1303=ORIENTED_EDGE('',*,*,#1057,.F.);
#1304=ORIENTED_EDGE('',*,*,#1056,.F.);
#1305=ORIENTED_EDGE('',*,*,#1055,.F.);
#1306=ORIENTED_EDGE('',*,*,#1054,.F.);
#1307=ORIENTED_EDGE('',*,*,#1053,.F.);
#1308=ORIENTED_EDGE('',*,*,#1052,.F.);
#1309=ORIENTED_EDGE('',*,*,#1051,.F.);
#1310=ORIENTED_EDGE('',*,*,#1050,.F.);
#1311=ORIENTED_EDGE('',*,*,#1049,.F.);
#1312=ORIENTED_EDGE('',*,*,#1048,.F.);
#1313=ORIENTED_EDGE('',*,*,#1047,.F.);
#1314=ORIENTED_EDGE('',*,*,#1046,.F.);
#1315=ORIENTED_EDGE('',*,*,#1045,.F.);
#1316=ORIENTED_EDGE('',*,*,#1044,.F.);
#1317=ORIENTED_EDGE('',*,*,#1043,.F.);
#1318=ORIENTED_EDGE('',*,*,#1042,.F.);
#1319=ORIENTED_EDGE('',*,*,#1041,.F.);
#1320=ORIENTED_EDGE('',*,*,#1040,.F.);
#1321=ORIENTED_EDGE('',*,*,#1039,.F.);
#1322=ORIENTED_EDGE('',*,*,#1038,.F.);
#1323=ORIENTED_EDGE('',*,*,#1037,.F.);
#1324=ORIENTED_EDGE('',*,*,#1036,.F.);
#1325=ORIENTED_EDGE('',*,*,#1035,.F.);
#1326=ORIENTED_EDGE('',*,*,#1034,.F.);
#1327=ORIENTED_EDGE('',*,*,#1033,.F.);
#1328=ORIENTED_EDGE('',*,*,#1032,.F.);
#1329=ORIENTED_EDGE('',*,*,#1031,.F.);
#1330=ORIENTED_EDGE('',*,*,#1030,.F.);
#1331=ORIENTED_EDGE('',*,*,#1029,.F.);
#1332=ORIENTED_EDGE('',*,*,#1028,.F.);
#1333=ORIENTED_EDGE('',*,*,#1027,.F.);
#1334=ORIENTED_EDGE('',*,*,#1026,.F.);
#1335=ORIENTED_EDGE('',*,*,#1025,.F.);
#1336=ORIENTED_EDGE('',*,*,#1024,.F.);
#1337=ORIENTED_EDGE('',*,*,#1023,.F.);
#1338=ORIENTED_EDGE('',*,*,#1022,.F.);
#1339=ORIENTED_EDGE('',*,*,#1021,.F.);
#1340=ORIENTED_EDGE('',*,*,#1020,.F.);
#1341=ORIENTED_EDGE('',*,*,#1019,.F.);
#1342=ORIENTED_EDGE('',*,*,#1018,.F.);
#1343=ORIENTED_EDGE('',*,*,#1017,.F.);
#1344=ORIENTED_EDGE('',*,*,#1016,.F.);
#1345=ORIENTED_EDGE('',*,*,#1015,.F.);
#1346=ORIENTED_EDGE('',*,*,#1014,.F.);
#1347=ORIENTED_EDGE('',*,*,#1013,.F.);
#1348=ORIENTED_EDGE('',*,*,#1012,.F.);
#1349=ORIENTED_EDGE('',*,*,#1011,.F.);
#1350=ORIENTED_EDGE('',*,*,#1010,.F.);
#1351=ORIENTED_EDGE('',*,*,#1009,.F.);
#1352=ORIENTED_EDGE('',*,*,#1067,.F.);
#1353=ORIENTED_EDGE('',*,*,#1068,.F.);
#1354=ORIENTED_EDGE('',*,*,#1069,.F.);
#1355=ORIENTED_EDGE('',*,*,#1070,.F.);
#1356=ORIENTED_EDGE('',*,*,#1071,.F.);
#1357=ORIENTED_EDGE('',*,*,#1072,.T.);
#1358=ORIENTED_EDGE('',*,*,#1073,.T.);
#1359=ORIENTED_EDGE('',*,*,#1074,.T.);
#1360=ORIENTED_EDGE('',*,*,#1075,.T.);
#1361=ORIENTED_EDGE('',*,*,#1076,.T.);
#1362=ORIENTED_EDGE('',*,*,#1077,.T.);
#1363=ORIENTED_EDGE('',*,*,#1078,.T.);
#1364=ORIENTED_EDGE('',*,*,#1079,.T.);
#1365=ORIENTED_EDGE('',*,*,#1080,.T.);
#1366=ORIENTED_EDGE('',*,*,#1008,.F.);
#1367=ORIENTED_EDGE('',*,*,#1007,.F.);
#1368=ORIENTED_EDGE('',*,*,#1006,.F.);
#1369=ORIENTED_EDGE('',*,*,#1005,.F.);
#1370=ORIENTED_EDGE('',*,*,#1004,.F.);
#1371=ORIENTED_EDGE('',*,*,#1003,.F.);
#1372=ORIENTED_EDGE('',*,*,#1002,.F.);
#1373=ORIENTED_EDGE('',*,*,#1001,.F.);
#1374=ORIENTED_EDGE('',*,*,#1000,.F.);
#1375=ORIENTED_EDGE('',*,*,#999,.F.);
#1376=ORIENTED_EDGE('',*,*,#998,.F.);
#1377=ORIENTED_EDGE('',*,*,#997,.F.);
#1378=ORIENTED_EDGE('',*,*,#996,.F.);
#1379=ORIENTED_EDGE('',*,*,#995,.F.);
#1380=ORIENTED_EDGE('',*,*,#994,.F.);
#1381=ORIENTED_EDGE('',*,*,#993,.F.);
#1382=ORIENTED_EDGE('',*,*,#992,.F.);
#1383=ORIENTED_EDGE('',*,*,#991,.F.);
#1384=ORIENTED_EDGE('',*,*,#990,.F.);
#1385=ORIENTED_EDGE('',*,*,#989,.F.);
#1386=ORIENTED_EDGE('',*,*,#988,.F.);
#1387=ORIENTED_EDGE('',*,*,#987,.F.);
#1388=ORIENTED_EDGE('',*,*,#986,.F.);
#1389=ORIENTED_EDGE('',*,*,#985,.F.);
#1390=ORIENTED_EDGE('',*,*,#984,.F.);
#1391=ORIENTED_EDGE('',*,*,#983,.F.);
#1392=ORIENTED_EDGE('',*,*,#982,.F.);
#1393=ORIENTED_EDGE('',*,*,#981,.F.);
#1394=ORIENTED_EDGE('',*,*,#980,.F.);
#1395=ORIENTED_EDGE('',*,*,#979,.F.);
#1396=ORIENTED_EDGE('',*,*,#978,.F.);
#1397=ORIENTED_EDGE('',*,*,#977,.F.);
#1398=ORIENTED_EDGE('',*,*,#976,.F.);
#1399=ORIENTED_EDGE('',*,*,#975,.F.);
#1400=ORIENTED_EDGE('',*,*,#974,.F.);
#1401=ORIENTED_EDGE('',*,*,#973,.F.);
#1402=ORIENTED_EDGE('',*,*,#972,.F.);
#1403=ORIENTED_EDGE('',*,*,#1080,.F.);
#1404=ORIENTED_EDGE('',*,*,#1079,.F.);
#1405=ORIENTED_EDGE('',*,*,#1078,.F.);
#1406=ORIENTED_EDGE('',*,*,#1077,.F.);
#1407=ORIENTED_EDGE('',*,*,#1076,.F.);
#1408=ORIENTED_EDGE('',*,*,#971,.F.);
#1409=ORIENTED_EDGE('',*,*,#970,.F.);
#1410=ORIENTED_EDGE('',*,*,#969,.F.);
#1411=ORIENTED_EDGE('',*,*,#968,.F.);
#1412=ORIENTED_EDGE('',*,*,#1075,.F.);
#1413=ORIENTED_EDGE('',*,*,#1074,.F.);
#1414=ORIENTED_EDGE('',*,*,#1073,.F.);
#1415=ORIENTED_EDGE('',*,*,#1072,.F.);
#1416=ORIENTED_EDGE('',*,*,#967,.F.);
#1417=ORIENTED_EDGE('',*,*,#966,.F.);
#1418=ORIENTED_EDGE('',*,*,#965,.F.);
#1419=ORIENTED_EDGE('',*,*,#964,.F.);
#1420=ORIENTED_EDGE('',*,*,#963,.F.);
#1421=ORIENTED_EDGE('',*,*,#962,.F.);
#1422=ORIENTED_EDGE('',*,*,#961,.F.);
#1423=ORIENTED_EDGE('',*,*,#960,.F.);
#1424=ORIENTED_EDGE('',*,*,#959,.F.);
#1425=ORIENTED_EDGE('',*,*,#958,.F.);
#1426=ORIENTED_EDGE('',*,*,#957,.F.);
#1427=ORIENTED_EDGE('',*,*,#956,.F.);
#1428=ORIENTED_EDGE('',*,*,#955,.F.);
#1429=ORIENTED_EDGE('',*,*,#954,.F.);
#1430=ORIENTED_EDGE('',*,*,#953,.F.);
#1431=ORIENTED_EDGE('',*,*,#952,.F.);
#1432=ORIENTED_EDGE('',*,*,#951,.F.);
#1433=ORIENTED_EDGE('',*,*,#950,.F.);
#1434=ORIENTED_EDGE('',*,*,#949,.F.);
#1435=ORIENTED_EDGE('',*,*,#948,.F.);
#1436=ORIENTED_EDGE('',*,*,#1071,.T.);
#1437=ORIENTED_EDGE('',*,*,#1070,.T.);
#1438=ORIENTED_EDGE('',*,*,#1069,.T.);
#1439=ORIENTED_EDGE('',*,*,#1068,.T.);
#1440=ORIENTED_EDGE('',*,*,#1067,.T.);
#1441=ORIENTED_EDGE('',*,*,#947,.F.);
#1442=ORIENTED_EDGE('',*,*,#946,.F.);
#1443=ORIENTED_EDGE('',*,*,#945,.F.);
#1444=ORIENTED_EDGE('',*,*,#944,.F.);
#1445=ORIENTED_EDGE('',*,*,#943,.F.);
#1446=ORIENTED_EDGE('',*,*,#942,.F.);
#1447=ORIENTED_EDGE('',*,*,#941,.F.);
#1448=ORIENTED_EDGE('',*,*,#940,.F.);
#1449=ORIENTED_EDGE('',*,*,#939,.F.);
#1450=ORIENTED_EDGE('',*,*,#938,.F.);
#1451=ORIENTED_EDGE('',*,*,#937,.F.);
#1452=ORIENTED_EDGE('',*,*,#936,.F.);
#1453=ORIENTED_EDGE('',*,*,#935,.F.);
#1454=ORIENTED_EDGE('',*,*,#934,.F.);
#1455=ORIENTED_EDGE('',*,*,#933,.F.);
#1456=ORIENTED_EDGE('',*,*,#932,.F.);
#1457=ORIENTED_EDGE('',*,*,#931,.F.);
#1458=ORIENTED_EDGE('',*,*,#930,.F.);
#1459=ORIENTED_EDGE('',*,*,#929,.F.);
#1460=ORIENTED_EDGE('',*,*,#928,.F.);
#1461=ORIENTED_EDGE('',*,*,#927,.F.);
#1462=ORIENTED_EDGE('',*,*,#926,.F.);
#1463=ORIENTED_EDGE('',*,*,#925,.F.);
#1464=ORIENTED_EDGE('',*,*,#924,.F.);
#1465=ORIENTED_EDGE('',*,*,#923,.F.);
#1466=ORIENTED_EDGE('',*,*,#922,.F.);
#1467=ORIENTED_EDGE('',*,*,#921,.F.);
#1468=ORIENTED_EDGE('',*,*,#920,.F.);
#1469=ORIENTED_EDGE('',*,*,#919,.F.);
#1470=ORIENTED_EDGE('',*,*,#918,.F.);
#1471=ORIENTED_EDGE('',*,*,#917,.F.);
#1472=ORIENTED_EDGE('',*,*,#916,.F.);
#1473=ORIENTED_EDGE('',*,*,#915,.F.);
#1474=ORIENTED_EDGE('',*,*,#914,.F.);
#1475=ORIENTED_EDGE('',*,*,#913,.F.);
#1476=ORIENTED_EDGE('',*,*,#912,.F.);
#1477=ORIENTED_EDGE('',*,*,#904,.F.);
#1478=ORIENTED_EDGE('',*,*,#1081,.F.);
#1479=ORIENTED_EDGE('',*,*,#1082,.F.);
#1480=ORIENTED_EDGE('',*,*,#1083,.F.);
#1481=ORIENTED_EDGE('',*,*,#1081,.T.);
#1482=ORIENTED_EDGE('',*,*,#903,.F.);
#1483=ORIENTED_EDGE('',*,*,#1084,.F.);
#1484=ORIENTED_EDGE('',*,*,#1085,.F.);
#1485=ORIENTED_EDGE('',*,*,#899,.T.);
#1486=ORIENTED_EDGE('',*,*,#1086,.F.);
#1487=ORIENTED_EDGE('',*,*,#1087,.T.);
#1488=ORIENTED_EDGE('',*,*,#1088,.T.);
#1489=ORIENTED_EDGE('',*,*,#1089,.T.);
#1490=ORIENTED_EDGE('',*,*,#1090,.T.);
#1491=ORIENTED_EDGE('',*,*,#1086,.T.);
#1492=ORIENTED_EDGE('',*,*,#898,.T.);
#1493=ORIENTED_EDGE('',*,*,#1064,.F.);
#1494=ORIENTED_EDGE('',*,*,#1091,.F.);
#1495=ORIENTED_EDGE('',*,*,#1092,.F.);
#1496=ORIENTED_EDGE('',*,*,#1093,.T.);
#1497=ORIENTED_EDGE('',*,*,#900,.T.);
#1498=ORIENTED_EDGE('',*,*,#1088,.F.);
#1499=ORIENTED_EDGE('',*,*,#1094,.T.);
#1500=ORIENTED_EDGE('',*,*,#1095,.T.);
#1501=ORIENTED_EDGE('',*,*,#901,.F.);
#1502=ORIENTED_EDGE('',*,*,#1095,.F.);
#1503=ORIENTED_EDGE('',*,*,#1096,.F.);
#1504=ORIENTED_EDGE('',*,*,#1097,.T.);
#1505=ORIENTED_EDGE('',*,*,#1098,.T.);
#1506=ORIENTED_EDGE('',*,*,#1099,.T.);
#1507=ORIENTED_EDGE('',*,*,#1065,.T.);
#1508=ORIENTED_EDGE('',*,*,#1099,.F.);
#1509=ORIENTED_EDGE('',*,*,#902,.T.);
#1510=ORIENTED_EDGE('',*,*,#1097,.F.);
#1511=ORIENTED_EDGE('',*,*,#1100,.T.);
#1512=ORIENTED_EDGE('',*,*,#1084,.T.);
#1513=ORIENTED_EDGE('',*,*,#906,.T.);
#1514=ORIENTED_EDGE('',*,*,#1101,.T.);
#1515=ORIENTED_EDGE('',*,*,#1102,.T.);
#1516=ORIENTED_EDGE('',*,*,#1103,.T.);
#1517=ORIENTED_EDGE('',*,*,#1103,.F.);
#1518=ORIENTED_EDGE('',*,*,#1104,.T.);
#1519=ORIENTED_EDGE('',*,*,#1105,.T.);
#1520=ORIENTED_EDGE('',*,*,#907,.T.);
#1521=ORIENTED_EDGE('',*,*,#1106,.F.);
#1522=ORIENTED_EDGE('',*,*,#1107,.T.);
#1523=ORIENTED_EDGE('',*,*,#894,.F.);
#1524=ORIENTED_EDGE('',*,*,#1108,.F.);
#1525=ORIENTED_EDGE('',*,*,#895,.F.);
#1526=ORIENTED_EDGE('',*,*,#1107,.F.);
#1527=ORIENTED_EDGE('',*,*,#1109,.F.);
#1528=ORIENTED_EDGE('',*,*,#1110,.T.);
#1529=ORIENTED_EDGE('',*,*,#1111,.F.);
#1530=ORIENTED_EDGE('',*,*,#896,.F.);
#1531=ORIENTED_EDGE('',*,*,#1110,.F.);
#1532=ORIENTED_EDGE('',*,*,#1112,.F.);
#1533=ORIENTED_EDGE('',*,*,#1111,.T.);
#1534=ORIENTED_EDGE('',*,*,#1113,.F.);
#1535=ORIENTED_EDGE('',*,*,#1089,.F.);
#1536=ORIENTED_EDGE('',*,*,#897,.F.);
#1537=ORIENTED_EDGE('',*,*,#1061,.F.);
#1538=ORIENTED_EDGE('',*,*,#1093,.F.);
#1539=ORIENTED_EDGE('',*,*,#1114,.F.);
#1540=ORIENTED_EDGE('',*,*,#1115,.T.);
#1541=ORIENTED_EDGE('',*,*,#1062,.T.);
#1542=ORIENTED_EDGE('',*,*,#1115,.F.);
#1543=ORIENTED_EDGE('',*,*,#1116,.T.);
#1544=ORIENTED_EDGE('',*,*,#1117,.T.);
#1545=ORIENTED_EDGE('',*,*,#1063,.T.);
#1546=ORIENTED_EDGE('',*,*,#1117,.F.);
#1547=ORIENTED_EDGE('',*,*,#1118,.T.);
#1548=ORIENTED_EDGE('',*,*,#1091,.T.);
#1549=ORIENTED_EDGE('',*,*,#1101,.F.);
#1550=ORIENTED_EDGE('',*,*,#905,.F.);
#1551=ORIENTED_EDGE('',*,*,#1083,.T.);
#1552=ORIENTED_EDGE('',*,*,#1119,.F.);
#1553=ORIENTED_EDGE('',*,*,#1106,.T.);
#1554=ORIENTED_EDGE('',*,*,#1120,.F.);
#1555=ORIENTED_EDGE('',*,*,#1121,.T.);
#1556=ORIENTED_EDGE('',*,*,#1104,.F.);
#1557=ORIENTED_EDGE('',*,*,#1102,.F.);
#1558=ORIENTED_EDGE('',*,*,#1119,.T.);
#1559=ORIENTED_EDGE('',*,*,#1082,.T.);
#1560=ORIENTED_EDGE('',*,*,#1085,.T.);
#1561=ORIENTED_EDGE('',*,*,#1100,.F.);
#1562=ORIENTED_EDGE('',*,*,#1096,.T.);
#1563=ORIENTED_EDGE('',*,*,#1094,.F.);
#1564=ORIENTED_EDGE('',*,*,#1087,.F.);
#1565=ORIENTED_EDGE('',*,*,#1090,.F.);
#1566=ORIENTED_EDGE('',*,*,#1113,.T.);
#1567=ORIENTED_EDGE('',*,*,#1112,.T.);
#1568=ORIENTED_EDGE('',*,*,#1109,.T.);
#1569=ORIENTED_EDGE('',*,*,#1098,.F.);
#1570=ORIENTED_EDGE('',*,*,#1114,.T.);
#1571=ORIENTED_EDGE('',*,*,#1092,.T.);
#1572=ORIENTED_EDGE('',*,*,#1118,.F.);
#1573=ORIENTED_EDGE('',*,*,#1116,.F.);
#1574=ORIENTED_EDGE('',*,*,#1122,.T.);
#1575=ORIENTED_EDGE('',*,*,#893,.T.);
#1576=ORIENTED_EDGE('',*,*,#1123,.F.);
#1577=ORIENTED_EDGE('',*,*,#1120,.T.);
#1578=ORIENTED_EDGE('',*,*,#1108,.T.);
#1579=ORIENTED_EDGE('',*,*,#1122,.F.);
#1580=ORIENTED_EDGE('',*,*,#1124,.T.);
#1581=ORIENTED_EDGE('',*,*,#1066,.F.);
#1582=ORIENTED_EDGE('',*,*,#1124,.F.);
#1583=ORIENTED_EDGE('',*,*,#911,.F.);
#1584=ORIENTED_EDGE('',*,*,#910,.F.);
#1585=ORIENTED_EDGE('',*,*,#909,.F.);
#1586=ORIENTED_EDGE('',*,*,#908,.F.);
#1587=ORIENTED_EDGE('',*,*,#1121,.F.);
#1588=ORIENTED_EDGE('',*,*,#1123,.T.);
#1589=ORIENTED_EDGE('',*,*,#892,.F.);
#1590=ORIENTED_EDGE('',*,*,#1105,.F.);
#1591=PLANE('',#1686);
#1592=PLANE('',#1693);
#1593=PLANE('',#1694);
#1594=PLANE('',#1695);
#1595=PLANE('',#1696);
#1596=PLANE('',#1697);
#1597=PLANE('',#1698);
#1598=PLANE('',#1699);
#1599=PLANE('',#1700);
#1600=PLANE('',#1701);
#1601=PLANE('',#1702);
#1602=PLANE('',#1703);
#1603=PLANE('',#1704);
#1604=PLANE('',#1705);
#1605=PLANE('',#1706);
#1606=PLANE('',#1709);
#1607=PLANE('',#1710);
#1608=PLANE('',#1711);
#1609=PLANE('',#1712);
#1610=PLANE('',#1713);
#1611=PLANE('',#1718);
#1612=PLANE('',#1721);
#1613=PLANE('',#1722);
#1614=PLANE('',#1723);
#1615=PLANE('',#1724);
#1616=PLANE('',#1725);
#1617=PLANE('',#1726);
#1618=PLANE('',#1727);
#1619=PLANE('',#1728);
#1620=PLANE('',#1729);
#1621=PLANE('',#1730);
#1622=PLANE('',#1735);
#1623=PLANE('',#1736);
#1624=ADVANCED_FACE('',(#290,#102,#103,#104,#105,#106,#107,#108,#109,#110,
#111,#112,#113,#114,#115,#116),#1591,.T.);
#1625=ADVANCED_FACE('',(#291),#1592,.T.);
#1626=ADVANCED_FACE('',(#292),#1593,.T.);
#1627=ADVANCED_FACE('',(#293),#1594,.T.);
#1628=ADVANCED_FACE('',(#294,#117),#1595,.T.);
#1629=ADVANCED_FACE('',(#295),#1596,.T.);
#1630=ADVANCED_FACE('',(#296),#1597,.T.);
#1631=ADVANCED_FACE('',(#297),#1598,.T.);
#1632=ADVANCED_FACE('',(#298),#1599,.T.);
#1633=ADVANCED_FACE('',(#299,#118),#1600,.T.);
#1634=ADVANCED_FACE('',(#300,#119),#1601,.T.);
#1635=ADVANCED_FACE('',(#301),#1602,.T.);
#1636=ADVANCED_FACE('',(#302),#1603,.T.);
#1637=ADVANCED_FACE('',(#303),#1604,.T.);
#1638=ADVANCED_FACE('',(#304),#1605,.T.);
#1639=ADVANCED_FACE('',(#305),#15,.T.);
#1640=ADVANCED_FACE('',(#306),#1606,.F.);
#1641=ADVANCED_FACE('',(#307),#1607,.T.);
#1642=ADVANCED_FACE('',(#308),#1608,.T.);
#1643=ADVANCED_FACE('',(#309),#1609,.F.);
#1644=ADVANCED_FACE('',(#310),#1610,.F.);
#1645=ADVANCED_FACE('',(#311),#16,.T.);
#1646=ADVANCED_FACE('',(#312),#17,.F.);
#1647=ADVANCED_FACE('',(#313),#1611,.F.);
#1648=ADVANCED_FACE('',(#314),#18,.T.);
#1649=ADVANCED_FACE('',(#315),#1612,.T.);
#1650=ADVANCED_FACE('',(#316),#1613,.F.);
#1651=ADVANCED_FACE('',(#317),#1614,.F.);
#1652=ADVANCED_FACE('',(#318),#1615,.F.);
#1653=ADVANCED_FACE('',(#319),#1616,.T.);
#1654=ADVANCED_FACE('',(#320),#1617,.T.);
#1655=ADVANCED_FACE('',(#321),#1618,.T.);
#1656=ADVANCED_FACE('',(#322),#1619,.T.);
#1657=ADVANCED_FACE('',(#323),#1620,.T.);
#1658=ADVANCED_FACE('',(#324,#120,#121,#122),#1621,.T.);
#1659=ADVANCED_FACE('',(#325),#19,.T.);
#1660=ADVANCED_FACE('',(#326),#20,.F.);
#1661=ADVANCED_FACE('',(#327),#1622,.T.);
#1662=ADVANCED_FACE('',(#328),#1623,.T.);
#1663=CLOSED_SHELL('',(#1624,#1625,#1626,#1627,#1628,#1629,#1630,#1631,
#1632,#1633,#1634,#1635,#1636,#1637,#1638,#1639,#1640,#1641,#1642,#1643,
#1644,#1645,#1646,#1647,#1648,#1649,#1650,#1651,#1652,#1653,#1654,#1655,
#1656,#1657,#1658,#1659,#1660,#1661,#1662));
#1664=DERIVED_UNIT_ELEMENT(#1667,1.);
#1665=DERIVED_UNIT_ELEMENT(#2713,-3.);
#1666=DIMENSIONAL_EXPONENTS(0.,1.,0.,0.,0.,0.,0.);
#1667=(
CONVERSION_BASED_UNIT('gram',#1669)
MASS_UNIT()
NAMED_UNIT(#1666)
);
#1668=(
MASS_UNIT()
NAMED_UNIT(*)
SI_UNIT(.KILO.,.GRAM.)
);
#1669=MASS_MEASURE_WITH_UNIT(MASS_MEASURE(0.001),#1668);
#1670=DERIVED_UNIT((#1664,#1665));
#1671=MEASURE_REPRESENTATION_ITEM('density measure',
POSITIVE_RATIO_MEASURE(1.),#1670);
#1672=PROPERTY_DEFINITION_REPRESENTATION(#1677,#1674);
#1673=PROPERTY_DEFINITION_REPRESENTATION(#1678,#1675);
#1674=REPRESENTATION('material name',(#1676),#2710);
#1675=REPRESENTATION('density',(#1671),#2710);
#1676=DESCRIPTIVE_REPRESENTATION_ITEM('V\X2\0161\X0\eobecn\X\E9',
'V\X2\0161\X0\eobecn\X\E9');
#1677=PROPERTY_DEFINITION('material property','material name',#2720);
#1678=PROPERTY_DEFINITION('material property','density of part',#2720);
#1679=DATE_TIME_ROLE('creation_date');
#1680=APPLIED_DATE_AND_TIME_ASSIGNMENT(#1681,#1679,(#2720));
#1681=DATE_AND_TIME(#1682,#1683);
#1682=CALENDAR_DATE(2026,1,10);
#1683=LOCAL_TIME(0,0,0.,#1684);
#1684=COORDINATED_UNIVERSAL_TIME_OFFSET(0,0,.BEHIND.);
#1685=AXIS2_PLACEMENT_3D('',#1981,#1737,#1738);
#1686=AXIS2_PLACEMENT_3D('',#1982,#1739,#1740);
#1687=AXIS2_PLACEMENT_3D('',#1987,#1742,#1743);
#1688=AXIS2_PLACEMENT_3D('',#2003,#1751,#1752);
#1689=AXIS2_PLACEMENT_3D('',#2009,#1755,#1756);
#1690=AXIS2_PLACEMENT_3D('',#2013,#1758,#1759);
#1691=AXIS2_PLACEMENT_3D('',#2537,#1849,#1850);
#1692=AXIS2_PLACEMENT_3D('',#2539,#1851,#1852);
#1693=AXIS2_PLACEMENT_3D('',#2540,#1853,#1854);
#1694=AXIS2_PLACEMENT_3D('',#2541,#1855,#1856);
#1695=AXIS2_PLACEMENT_3D('',#2542,#1857,#1858);
#1696=AXIS2_PLACEMENT_3D('',#2543,#1859,#1860);
#1697=AXIS2_PLACEMENT_3D('',#2566,#1862,#1863);
#1698=AXIS2_PLACEMENT_3D('',#2587,#1864,#1865);
#1699=AXIS2_PLACEMENT_3D('',#2610,#1867,#1868);
#1700=AXIS2_PLACEMENT_3D('',#2611,#1869,#1870);
#1701=AXIS2_PLACEMENT_3D('',#2612,#1871,#1872);
#1702=AXIS2_PLACEMENT_3D('',#2613,#1873,#1874);
#1703=AXIS2_PLACEMENT_3D('',#2614,#1875,#1876);
#1704=AXIS2_PLACEMENT_3D('',#2615,#1877,#1878);
#1705=AXIS2_PLACEMENT_3D('',#2616,#1879,#1880);
#1706=AXIS2_PLACEMENT_3D('',#2617,#1881,#1882);
#1707=AXIS2_PLACEMENT_3D('',#2618,#1883,#1884);
#1708=AXIS2_PLACEMENT_3D('',#2622,#1886,#1887);
#1709=AXIS2_PLACEMENT_3D('',#2624,#1889,#1890);
#1710=AXIS2_PLACEMENT_3D('',#2628,#1893,#1894);
#1711=AXIS2_PLACEMENT_3D('',#2634,#1898,#1899);
#1712=AXIS2_PLACEMENT_3D('',#2638,#1902,#1903);
#1713=AXIS2_PLACEMENT_3D('',#2644,#1907,#1908);
#1714=AXIS2_PLACEMENT_3D('',#2648,#1911,#1912);
#1715=AXIS2_PLACEMENT_3D('',#2650,#1913,#1914);
#1716=AXIS2_PLACEMENT_3D('',#2652,#1916,#1917);
#1717=AXIS2_PLACEMENT_3D('',#2654,#1918,#1919);
#1718=AXIS2_PLACEMENT_3D('',#2656,#1921,#1922);
#1719=AXIS2_PLACEMENT_3D('',#2658,#1924,#1925);
#1720=AXIS2_PLACEMENT_3D('',#2662,#1927,#1928);
#1721=AXIS2_PLACEMENT_3D('',#2664,#1930,#1931);
#1722=AXIS2_PLACEMENT_3D('',#2668,#1934,#1935);
#1723=AXIS2_PLACEMENT_3D('',#2674,#1939,#1940);
#1724=AXIS2_PLACEMENT_3D('',#2678,#1943,#1944);
#1725=AXIS2_PLACEMENT_3D('',#2682,#1947,#1948);
#1726=AXIS2_PLACEMENT_3D('',#2684,#1950,#1951);
#1727=AXIS2_PLACEMENT_3D('',#2688,#1954,#1955);
#1728=AXIS2_PLACEMENT_3D('',#2692,#1958,#1959);
#1729=AXIS2_PLACEMENT_3D('',#2694,#1961,#1962);
#1730=AXIS2_PLACEMENT_3D('',#2696,#1964,#1965);
#1731=AXIS2_PLACEMENT_3D('',#2698,#1966,#1967);
#1732=AXIS2_PLACEMENT_3D('',#2701,#1969,#1970);
#1733=AXIS2_PLACEMENT_3D('',#2702,#1971,#1972);
#1734=AXIS2_PLACEMENT_3D('',#2704,#1974,#1975);
#1735=AXIS2_PLACEMENT_3D('',#2706,#1977,#1978);
#1736=AXIS2_PLACEMENT_3D('',#2707,#1979,#1980);
#1737=DIRECTION('axis',(0.,0.,1.));
#1738=DIRECTION('refdir',(1.,0.,0.));
#1739=DIRECTION('center_axis',(-1.06057523872491E-15,0.,1.));
#1740=DIRECTION('ref_axis',(3.96970259176465E-16,-1.,4.21016827392768E-31));
#1741=DIRECTION('',(-6.43006972162126E-15,1.,-2.38697950294409E-15));
#1742=DIRECTION('center_axis',(1.06057523872491E-15,-2.38697950294409E-15,
-1.));
#1743=DIRECTION('ref_axis',(-1.,-3.96970259176465E-16,-1.06057523872491E-15));
#1744=DIRECTION('',(-2.15692804360299E-14,-1.,2.38697950294406E-15));
#1745=DIRECTION('',(-1.,-3.96970259176465E-16,-1.06057523872491E-15));
#1746=DIRECTION('',(-3.96970259176465E-16,1.,-4.21016827392768E-31));
#1747=DIRECTION('',(-1.,-3.96970259176465E-16,-1.06057523872491E-15));
#1748=DIRECTION('',(-1.00929365875014E-15,1.,-1.07043186307247E-30));
#1749=DIRECTION('',(1.,1.00929365875014E-15,0.));
#1750=DIRECTION('',(2.29755443539565E-14,-1.,2.38697950294409E-15));
#1751=DIRECTION('center_axis',(-2.56379794196829E-30,2.38697950294409E-15,
1.));
#1752=DIRECTION('ref_axis',(1.,1.00929365875014E-15,0.));
#1753=DIRECTION('',(5.02380580369465E-15,1.,-2.38697950294409E-15));
#1754=DIRECTION('',(-0.130034036800186,-0.99150953060142,-2.68885771592049E-17));
#1755=DIRECTION('center_axis',(0.,0.,1.));
#1756=DIRECTION('ref_axis',(-0.751676139304749,-0.659532396171642,-1.38014180015764E-16));
#1757=DIRECTION('',(1.,0.,0.));
#1758=DIRECTION('center_axis',(1.06057523872491E-15,0.,-1.));
#1759=DIRECTION('ref_axis',(0.75167613930475,-0.659532396171641,6.58431222808807E-16));
#1760=DIRECTION('',(0.130034036800187,-0.99150953060142,1.37910879621722E-16));
#1761=DIRECTION('',(-1.,0.,-1.06057523872491E-15));
#1762=DIRECTION('',(0.,1.,0.));
#1763=DIRECTION('',(1.,0.,1.0605752387249E-15));
#1764=DIRECTION('',(0.,-1.,1.08161590929015E-29));
#1765=DIRECTION('',(-1.,0.,-1.06057523872491E-15));
#1766=DIRECTION('',(-8.59213018468442E-16,1.,-1.52626892185815E-30));
#1767=DIRECTION('',(-0.406841728378542,-0.913498663408962,-4.31486263198326E-16));
#1768=DIRECTION('',(-1.,0.,-1.0605752387249E-15));
#1769=DIRECTION('',(-0.403671360964849,0.914904056356068,-4.28123850021704E-16));
#1770=DIRECTION('',(4.29606509234221E-16,-1.,0.));
#1771=DIRECTION('',(-1.,0.,-1.0605752387249E-15));
#1772=DIRECTION('',(-7.40148653672573E-16,1.,-1.31476812312416E-30));
#1773=DIRECTION('',(1.,0.,1.06057523872491E-15));
#1774=DIRECTION('',(0.409094040958198,-0.91249222772169,4.33875010150176E-16));
#1775=DIRECTION('',(0.397944692264711,0.917409408006231,4.22050286997958E-16));
#1776=DIRECTION('',(1.,0.,1.06057523872491E-15));
#1777=DIRECTION('',(7.40148653672573E-16,-1.,1.31476812312416E-30));
#1778=DIRECTION('',(0.,1.,0.));
#1779=DIRECTION('',(0.,-1.,0.));
#1780=DIRECTION('',(-1.,0.,-1.0605752387249E-15));
#1781=DIRECTION('',(0.,1.,0.));
#1782=DIRECTION('',(2.6397209209016E-15,-1.,0.));
#1783=DIRECTION('',(-1.,0.,-1.0605752387249E-15));
#1784=DIRECTION('',(-1.97266401432388E-15,1.,0.));
#1785=DIRECTION('',(1.,0.,1.0605752387249E-15));
#1786=DIRECTION('',(0.,-1.,0.));
#1787=DIRECTION('',(0.,-1.,0.));
#1788=DIRECTION('',(-1.,0.,-1.0605752387249E-15));
#1789=DIRECTION('',(-4.43370601277648E-15,1.,0.));
#1790=DIRECTION('',(1.,0.,1.06057523872486E-15));
#1791=DIRECTION('',(0.,-1.,8.27767277517975E-30));
#1792=DIRECTION('',(-1.,0.,-1.06057523872494E-15));
#1793=DIRECTION('',(0.,-1.,0.));
#1794=DIRECTION('',(-1.,0.,-1.06057523872491E-15));
#1795=DIRECTION('',(1.,0.,1.06057523872493E-15));
#1796=DIRECTION('',(5.37260846254094E-15,-1.,0.));
#1797=DIRECTION('',(-1.,0.,-1.0605752387249E-15));
#1798=DIRECTION('',(-0.456554296231787,0.889695551631173,-4.84210181716909E-16));
#1799=DIRECTION('',(8.58405487436047E-16,-1.,1.52483445858573E-30));
#1800=DIRECTION('',(-1.,0.,-1.06057523872492E-15));
#1801=DIRECTION('',(-7.40148653672573E-16,1.,0.));
#1802=DIRECTION('',(1.,0.,1.06057523872491E-15));
#1803=DIRECTION('',(0.45340638691382,-0.891303903450308,4.80871587040524E-16));
#1804=DIRECTION('',(0.,1.,-1.66061807976992E-30));
#1805=DIRECTION('',(1.,0.,1.0605752387249E-15));
#1806=DIRECTION('',(7.40148653672573E-16,-1.,0.));
#1807=DIRECTION('',(-1.,0.,-1.0605752387249E-15));
#1808=DIRECTION('',(-8.95434743756817E-15,1.,0.));
#1809=DIRECTION('',(0.,1.,0.));
#1810=DIRECTION('',(1.,0.,1.06057523872491E-15));
#1811=DIRECTION('',(0.,-1.,0.));
#1812=DIRECTION('',(0.,1.,0.));
#1813=DIRECTION('',(1.,0.,1.06057523872491E-15));
#1814=DIRECTION('',(1.97266401432388E-15,-1.,0.));
#1815=DIRECTION('',(0.,-1.,0.));
#1816=DIRECTION('',(-1.,0.,-1.06057523872491E-15));
#1817=DIRECTION('',(1.,0.,1.06057523872475E-15));
#1818=DIRECTION('',(0.,-1.,0.));
#1819=DIRECTION('',(0.,-1.,0.));
#1820=DIRECTION('',(-1.,0.,-1.06057523872493E-15));
#1821=DIRECTION('',(1.,0.,1.06057523872493E-15));
#1822=DIRECTION('',(0.,-1.,0.));
#1823=DIRECTION('',(-1.,0.,-1.06057523872491E-15));
#1824=DIRECTION('',(-0.617821551931904,0.786318338822423,-6.55246239929571E-16));
#1825=DIRECTION('',(-0.664363838829919,-0.747409318683661,-7.0460783696724E-16));
#1826=DIRECTION('',(0.,-1.,0.));
#1827=DIRECTION('',(-1.,0.,-1.0605752387249E-15));
#1828=DIRECTION('',(-7.40148653672573E-16,1.,-1.31476812312416E-30));
#1829=DIRECTION('',(1.,0.,1.06057523872491E-15));
#1830=DIRECTION('',(1.61083498876887E-15,-1.,0.));
#1831=DIRECTION('',(0.665832703491976,0.74610107288528,7.06165678456854E-16));
#1832=DIRECTION('',(1.,0.,1.0605752387249E-15));
#1833=DIRECTION('',(-0.679991598104562,-0.733219903239951,-7.21182251490678E-16));
#1834=DIRECTION('',(0.620908701570168,-0.783882889412984,6.58520394394155E-16));
#1835=DIRECTION('',(-1.,0.,-1.06057523872491E-15));
#1836=DIRECTION('',(0.,1.,0.));
#1837=DIRECTION('',(1.,0.,1.0605752387249E-15));
#1838=DIRECTION('',(-1.10440560898665E-15,1.,0.));
#1839=DIRECTION('',(-1.,0.,-1.06057523872491E-15));
#1840=DIRECTION('',(0.,1.,0.));
#1841=DIRECTION('',(1.,0.,1.0605752387249E-15));
#1842=DIRECTION('',(8.21352013158233E-16,-1.,1.45901426612879E-30));
#1843=DIRECTION('',(1.,0.,1.06057523872491E-15));
#1844=DIRECTION('',(0.,-1.,0.));
#1845=DIRECTION('',(1.,1.23586978622345E-15,0.));
#1846=DIRECTION('',(-5.9289196940544E-16,1.,-6.28806541990255E-31));
#1847=DIRECTION('',(1.,8.91016331895591E-12,1.06057523872491E-15));
#1848=DIRECTION('',(-8.13371948521167E-16,1.,-8.6264214847498E-31));
#1849=DIRECTION('center_axis',(-2.56379794196829E-30,2.38697950294409E-15,
1.));
#1850=DIRECTION('ref_axis',(1.,1.00929365875014E-15,0.));
#1851=DIRECTION('center_axis',(1.06057523872491E-15,-2.38697950294409E-15,
-1.));
#1852=DIRECTION('ref_axis',(-1.,-3.96970259176465E-16,-1.06057523872491E-15));
#1853=DIRECTION('center_axis',(-1.06057523872491E-15,0.,1.));
#1854=DIRECTION('ref_axis',(3.96970259176465E-16,-1.,4.21016827392768E-31));
#1855=DIRECTION('center_axis',(-1.06057523872491E-15,0.,1.));
#1856=DIRECTION('ref_axis',(3.96970259176465E-16,-1.,4.21016827392768E-31));
#1857=DIRECTION('center_axis',(-1.06057523872491E-15,0.,1.));
#1858=DIRECTION('ref_axis',(3.96970259176465E-16,-1.,4.21016827392768E-31));
#1859=DIRECTION('center_axis',(-1.06057523872491E-15,0.,1.));
#1860=DIRECTION('ref_axis',(3.96970259176465E-16,-1.,4.21016827392768E-31));
#1861=DIRECTION('',(1.,0.,1.06057523872491E-15));
#1862=DIRECTION('center_axis',(-1.06057523872491E-15,0.,1.));
#1863=DIRECTION('ref_axis',(3.96970259176465E-16,-1.,4.21016827392768E-31));
#1864=DIRECTION('center_axis',(-1.06057523872491E-15,0.,1.));
#1865=DIRECTION('ref_axis',(3.96970259176465E-16,-1.,4.21016827392768E-31));
#1866=DIRECTION('',(1.,0.,1.06057523872491E-15));
#1867=DIRECTION('center_axis',(-1.06057523872491E-15,0.,1.));
#1868=DIRECTION('ref_axis',(3.96970259176465E-16,-1.,4.21016827392768E-31));
#1869=DIRECTION('center_axis',(-1.06057523872491E-15,0.,1.));
#1870=DIRECTION('ref_axis',(3.96970259176465E-16,-1.,4.21016827392768E-31));
#1871=DIRECTION('center_axis',(-1.06057523872491E-15,0.,1.));
#1872=DIRECTION('ref_axis',(3.96970259176465E-16,-1.,4.21016827392768E-31));
#1873=DIRECTION('center_axis',(-1.06057523872491E-15,0.,1.));
#1874=DIRECTION('ref_axis',(3.96970259176465E-16,-1.,4.21016827392768E-31));
#1875=DIRECTION('center_axis',(-1.06057523872491E-15,0.,1.));
#1876=DIRECTION('ref_axis',(3.96970259176465E-16,-1.,4.21016827392768E-31));
#1877=DIRECTION('center_axis',(-1.06057523872491E-15,0.,1.));
#1878=DIRECTION('ref_axis',(3.96970259176465E-16,-1.,4.21016827392768E-31));
#1879=DIRECTION('center_axis',(-1.06057523872491E-15,0.,1.));
#1880=DIRECTION('ref_axis',(3.96970259176465E-16,-1.,4.21016827392768E-31));
#1881=DIRECTION('center_axis',(-1.06057523872491E-15,0.,1.));
#1882=DIRECTION('ref_axis',(3.96970259176465E-16,-1.,4.21016827392768E-31));
#1883=DIRECTION('center_axis',(0.,0.,-1.));
#1884=DIRECTION('ref_axis',(-0.751676139304749,-0.659532396171642,-1.38014180015764E-16));
#1885=DIRECTION('',(0.,0.,1.));
#1886=DIRECTION('center_axis',(0.,0.,-1.));
#1887=DIRECTION('ref_axis',(-0.751676139304749,-0.659532396171642,-1.38014180015764E-16));
#1888=DIRECTION('',(0.,0.,-1.));
#1889=DIRECTION('center_axis',(0.99150953060142,-0.130034036800186,3.79747762562989E-18));
#1890=DIRECTION('ref_axis',(0.130034036800186,0.99150953060142,2.68885771592049E-17));
#1891=DIRECTION('',(0.,0.,1.));
#1892=DIRECTION('',(0.130034036800186,0.99150953060142,2.68885771592049E-17));
#1893=DIRECTION('center_axis',(-1.00929365875014E-15,1.,-1.07043186307247E-30));
#1894=DIRECTION('ref_axis',(-1.,-1.00929365875014E-15,0.));
#1895=DIRECTION('',(0.,0.,1.));
#1896=DIRECTION('',(-1.,-1.00929365875014E-15,0.));
#1897=DIRECTION('',(0.,0.,1.));
#1898=DIRECTION('center_axis',(-1.,-1.00929365875014E-15,0.));
#1899=DIRECTION('ref_axis',(1.00929365875014E-15,-1.,1.07043186307247E-30));
#1900=DIRECTION('',(0.,0.,-1.));
#1901=DIRECTION('',(1.00929365875014E-15,-1.,1.07043186307247E-30));
#1902=DIRECTION('center_axis',(-1.,-8.13371948521167E-16,-1.97215226305253E-31));
#1903=DIRECTION('ref_axis',(8.13371948521167E-16,-1.,8.6264214847498E-31));
#1904=DIRECTION('',(0.,0.,1.));
#1905=DIRECTION('',(8.13371948521167E-16,-1.,8.6264214847498E-31));
#1906=DIRECTION('',(0.,0.,1.));
#1907=DIRECTION('center_axis',(-1.,-1.78162271935895E-15,1.77493703674728E-30));
#1908=DIRECTION('ref_axis',(1.78162271935895E-15,-1.,2.38697950294409E-15));
#1909=DIRECTION('',(-1.02392806960638E-15,1.,-2.38697950294409E-15));
#1910=DIRECTION('',(-2.56379794196829E-30,2.38697950294409E-15,1.));
#1911=DIRECTION('center_axis',(2.56379794196829E-30,-2.38697950294409E-15,
-1.));
#1912=DIRECTION('ref_axis',(1.,1.00929365875014E-15,0.));
#1913=DIRECTION('center_axis',(2.56379794196829E-30,-2.38697950294409E-15,
-1.));
#1914=DIRECTION('ref_axis',(1.,1.00929365875014E-15,0.));
#1915=DIRECTION('',(-2.56379794196829E-30,2.38697950294409E-15,1.));
#1916=DIRECTION('center_axis',(2.56379794196829E-30,-2.38697950294409E-15,
-1.));
#1917=DIRECTION('ref_axis',(1.,1.00929365875014E-15,0.));
#1918=DIRECTION('center_axis',(2.56379794196829E-30,-2.38697950294409E-15,
-1.));
#1919=DIRECTION('ref_axis',(1.,1.00929365875014E-15,0.));
#1920=DIRECTION('',(-2.56379794196829E-30,2.38697950294409E-15,1.));
#1921=DIRECTION('center_axis',(1.,1.39545818905454E-15,-7.88860905221012E-31));
#1922=DIRECTION('ref_axis',(-1.39545818905454E-15,1.,-2.38697950294409E-15));
#1923=DIRECTION('',(1.00527427203299E-15,-1.,2.38697950294409E-15));
#1924=DIRECTION('center_axis',(-1.06057523872491E-15,0.,1.));
#1925=DIRECTION('ref_axis',(0.75167613930475,-0.659532396171641,6.58431222808807E-16));
#1926=DIRECTION('',(1.06057523872491E-15,0.,-1.));
#1927=DIRECTION('center_axis',(-1.06057523872491E-15,0.,1.));
#1928=DIRECTION('ref_axis',(0.75167613930475,-0.659532396171641,6.58431222808807E-16));
#1929=DIRECTION('',(-1.06057523872491E-15,0.,1.));
#1930=DIRECTION('center_axis',(0.99150953060142,0.130034036800187,1.05157045711562E-15));
#1931=DIRECTION('ref_axis',(-0.130034036800187,0.99150953060142,-1.37910879621722E-16));
#1932=DIRECTION('',(-0.130034036800187,0.99150953060142,-1.37910879621722E-16));
#1933=DIRECTION('',(-1.06057523872491E-15,0.,1.));
#1934=DIRECTION('center_axis',(1.,3.96970259176465E-16,1.06057523872491E-15));
#1935=DIRECTION('ref_axis',(-3.96970259176465E-16,1.,-4.21016827392768E-31));
#1936=DIRECTION('',(-3.96970259176465E-16,1.,-4.21016827392768E-31));
#1937=DIRECTION('',(-1.06057523872491E-15,0.,1.));
#1938=DIRECTION('',(-1.06057523872491E-15,2.38697950294409E-15,1.));
#1939=DIRECTION('center_axis',(3.96970259176465E-16,-1.,4.21016827392768E-31));
#1940=DIRECTION('ref_axis',(1.,3.96970259176465E-16,1.06057523872491E-15));
#1941=DIRECTION('',(1.,3.96970259176465E-16,1.06057523872491E-15));
#1942=DIRECTION('',(-1.06057523872491E-15,0.,1.));
#1943=DIRECTION('center_axis',(-1.,-3.96970259176465E-16,-1.06057523872491E-15));
#1944=DIRECTION('ref_axis',(3.96970259176465E-16,-1.,4.21016827392768E-31));
#1945=DIRECTION('',(1.06057523872491E-15,0.,-1.));
#1946=DIRECTION('',(3.96970259176465E-16,-1.,4.21016827392768E-31));
#1947=DIRECTION('center_axis',(-6.43686486870945E-16,1.,-6.82677949477149E-31));
#1948=DIRECTION('ref_axis',(-1.,-6.43686486870945E-16,-1.06057523872491E-15));
#1949=DIRECTION('',(1.,3.96970259176465E-16,1.06057523872491E-15));
#1950=DIRECTION('center_axis',(1.70394131703155E-16,-1.,1.80715796908397E-31));
#1951=DIRECTION('ref_axis',(1.,1.70394131703155E-16,1.06057523872491E-15));
#1952=DIRECTION('',(-1.,-1.23586978622345E-15,0.));
#1953=DIRECTION('',(-1.06057523872491E-15,0.,1.));
#1954=DIRECTION('center_axis',(-1.,-5.9289196940544E-16,-1.06057523872491E-15));
#1955=DIRECTION('ref_axis',(5.9289196940544E-16,-1.,6.28806541990255E-31));
#1956=DIRECTION('',(5.9289196940544E-16,-1.,6.28806541990255E-31));
#1957=DIRECTION('',(-1.06057523872491E-15,0.,1.));
#1958=DIRECTION('center_axis',(-8.91016331895591E-12,1.,-9.44989858907957E-27));
#1959=DIRECTION('ref_axis',(-1.,-8.91016331895591E-12,-1.06057523872491E-15));
#1960=DIRECTION('',(-1.,-8.91016331895591E-12,-1.06057523872491E-15));
#1961=DIRECTION('center_axis',(1.40626391792661E-15,-1.,1.49144869046523E-30));
#1962=DIRECTION('ref_axis',(1.,1.40626391792661E-15,1.06057523872491E-15));
#1963=DIRECTION('',(-1.,0.,0.));
#1964=DIRECTION('center_axis',(1.06057523872491E-15,0.,-1.));
#1965=DIRECTION('ref_axis',(-1.,0.,-1.06057523872491E-15));
#1966=DIRECTION('center_axis',(-1.06057523872491E-15,2.38697950294409E-15,
1.));
#1967=DIRECTION('ref_axis',(-1.,-3.96970259176465E-16,-1.06057523872491E-15));
#1968=DIRECTION('',(4.00989645893615E-16,-1.,2.38697950294409E-15));
#1969=DIRECTION('center_axis',(-1.06057523872491E-15,2.38697950294409E-15,
1.));
#1970=DIRECTION('ref_axis',(-1.,-3.96970259176465E-16,-1.06057523872491E-15));
#1971=DIRECTION('center_axis',(-1.06057523872491E-15,2.38697950294409E-15,
1.));
#1972=DIRECTION('ref_axis',(-1.,-3.96970259176465E-16,-1.06057523872491E-15));
#1973=DIRECTION('',(-1.06057523872491E-15,2.38697950294409E-15,1.));
#1974=DIRECTION('center_axis',(-1.06057523872491E-15,2.38697950294409E-15,
1.));
#1975=DIRECTION('ref_axis',(-1.,-3.96970259176465E-16,-1.06057523872491E-15));
#1976=DIRECTION('',(-1.06057523872491E-15,2.38697950294409E-15,1.));
#1977=DIRECTION('center_axis',(-1.06057523872491E-15,0.,1.));
#1978=DIRECTION('ref_axis',(3.96970259176465E-16,-1.,4.21016827392768E-31));
#1979=DIRECTION('center_axis',(1.,1.0805728872063E-17,1.06057523872491E-15));
#1980=DIRECTION('ref_axis',(-1.08057288720606E-17,1.,-2.38697950294409E-15));
#1981=CARTESIAN_POINT('',(0.,0.,0.));
#1982=CARTESIAN_POINT('Origin',(31.8602892842445,19.625,1.1585773420979E-14));
#1983=CARTESIAN_POINT('',(38.8602892842445,30.5,1.90098000920534E-14));
#1984=CARTESIAN_POINT('',(38.8602892842445,36.25,4.02178925961376E-15));
#1985=CARTESIAN_POINT('',(38.8602892842445,31.192197581341,1.59566867743342E-14));
#1986=CARTESIAN_POINT('',(32.8602892842445,36.25,-2.34166217273568E-15));
#1987=CARTESIAN_POINT('Origin',(35.8602892842445,36.25,8.40063543439038E-16));
#1988=CARTESIAN_POINT('',(32.8602892842444,30.49,1.26463486597039E-14));
#1989=CARTESIAN_POINT('',(32.8602892842444,31.192197581341,9.59323534198475E-15));
#1990=CARTESIAN_POINT('',(32.8502892842445,30.49,1.26357429073167E-14));
#1991=CARTESIAN_POINT('',(32.3602892842445,30.49,1.21160610403415E-14));
#1992=CARTESIAN_POINT('',(32.8502892842445,30.5,1.26357429073167E-14));
#1993=CARTESIAN_POINT('',(32.8502892842445,25.0575,1.26357429073167E-14));
#1994=CARTESIAN_POINT('',(8.87028928424445,30.5,5.25824978195294E-16));
#1995=CARTESIAN_POINT('',(35.3602892842445,30.5,1.52977867565162E-14));
#1996=CARTESIAN_POINT('',(8.87028928424445,30.49,5.25824978195294E-16));
#1997=CARTESIAN_POINT('',(8.87028928424446,25.0575,5.25824978195294E-16));
#1998=CARTESIAN_POINT('',(8.86028928424445,30.49,5.15219225808043E-16));
#1999=CARTESIAN_POINT('',(9.36028928424445,30.49,-1.17493920407982E-15));
#2000=CARTESIAN_POINT('',(8.86028928424444,36.25,-1.55830146312567E-14));
#2001=CARTESIAN_POINT('',(8.86028928424445,31.192197581341,-3.37056136038001E-15));
#2002=CARTESIAN_POINT('',(2.86028928424445,36.25,-1.55626836720115E-14));
#2003=CARTESIAN_POINT('Origin',(5.86028928424445,36.25,-1.57116270297123E-14));
#2004=CARTESIAN_POINT('',(2.86028928424445,30.5,8.13105941209542E-16));
#2005=CARTESIAN_POINT('',(2.86028928424445,31.1921975813409,-3.62778615729109E-15));
#2006=CARTESIAN_POINT('',(-0.991509530601418,1.1300340368002,1.16887559213469E-15));
#2007=CARTESIAN_POINT('',(-1.13971071575554,4.44089209850063E-15,1.01169708481054E-15));
#2008=CARTESIAN_POINT('',(-2.11945508888348E-29,0.,0.));
#2009=CARTESIAN_POINT('Origin',(-2.35495009875943E-29,1.00000000000001,
2.22044604925031E-15));
#2010=CARTESIAN_POINT('',(41.7205785684889,3.10862446895044E-14,2.20433520825133E-14));
#2011=CARTESIAN_POINT('',(20.8602892842445,4.44089209850063E-15,-8.05542049949451E-17));
#2012=CARTESIAN_POINT('',(42.7120880990904,1.13003403680023,2.53153685888792E-14));
#2013=CARTESIAN_POINT('Origin',(41.7205785684889,1.00000000000004,2.42637981317636E-14));
#2014=CARTESIAN_POINT('',(42.8602892842445,3.5527136788005E-14,2.54725470962034E-14));
#2015=CARTESIAN_POINT('',(7.82220190154918,25.5687820433701,-1.39084268434132E-14));
#2016=CARTESIAN_POINT('',(7.254535752574,25.5687820433701,-1.45104795048786E-14));
#2017=CARTESIAN_POINT('',(7.82220190154918,25.5687820433701,-1.39084268434132E-14));
#2018=CARTESIAN_POINT('',(7.254535752574,25.7511159241972,-1.45104795048786E-14));
#2019=CARTESIAN_POINT('',(7.254535752574,25.5687820433701,-1.45104795048786E-14));
#2020=CARTESIAN_POINT('',(7.82220190154918,25.7511159241972,-1.39084268434132E-14));
#2021=CARTESIAN_POINT('',(7.254535752574,25.7511159241972,-1.45104795048786E-14));
#2022=CARTESIAN_POINT('',(7.82220190154918,25.7511159241972,-1.39084268434132E-14));
#2023=CARTESIAN_POINT('',(5.79829582436787,25.0035470128059,-1.60549315143765E-14));
#2024=CARTESIAN_POINT('',(5.59894411466353,25.0035470128059,-1.62663590014865E-14));
#2025=CARTESIAN_POINT('',(5.79829582436787,25.0035470128059,-1.60549315143765E-14));
#2026=CARTESIAN_POINT('',(5.59894411466353,26.2956864482676,-1.62663590014865E-14));
#2027=CARTESIAN_POINT('',(5.59894411466353,25.0035470128059,-1.62663590014865E-14));
#2028=CARTESIAN_POINT('',(5.20753405048792,25.4168371426808,-1.66814788237388E-14));
#2029=CARTESIAN_POINT('',(5.59894411466353,26.2956864482676,-1.62663590014865E-14));
#2030=CARTESIAN_POINT('',(5.08597812993649,25.4168371426808,-1.68103980231961E-14));
#2031=CARTESIAN_POINT('',(5.20753405048792,25.4168371426808,-1.66814788237388E-14));
#2032=CARTESIAN_POINT('',(4.69821474337743,26.2956864482676,-1.72216502694647E-14));
#2033=CARTESIAN_POINT('',(5.08597812993649,25.4168371426808,-1.68103980231961E-14));
#2034=CARTESIAN_POINT('',(4.69821474337743,25.0035470128059,-1.72216502694647E-14));
#2035=CARTESIAN_POINT('',(4.69821474337743,26.2956864482676,-1.72216502694647E-14));
#2036=CARTESIAN_POINT('',(4.51223418493374,25.0035470128059,-1.74188966446343E-14));
#2037=CARTESIAN_POINT('',(4.69821474337743,25.0035470128059,-1.72216502694647E-14));
#2038=CARTESIAN_POINT('',(4.51223418493374,26.5035470724106,-1.74188966446343E-14));
#2039=CARTESIAN_POINT('',(4.51223418493374,25.0035470128059,-1.74188966446343E-14));
#2040=CARTESIAN_POINT('',(4.78451944696895,26.5035470724106,-1.71301176378501E-14));
#2041=CARTESIAN_POINT('',(4.51223418493374,26.5035470724106,-1.74188966446343E-14));
#2042=CARTESIAN_POINT('',(5.15891168226735,25.6684578982223,-1.67330465035217E-14));
#2043=CARTESIAN_POINT('',(4.78451944696895,26.5035470724106,-1.71301176378501E-14));
#2044=CARTESIAN_POINT('',(5.52114832551061,26.5035470724106,-1.63488672891391E-14));
#2045=CARTESIAN_POINT('',(5.15891168226735,25.6684578982223,-1.67330465035217E-14));
#2046=CARTESIAN_POINT('',(5.79829582436787,26.5035470724106,-1.60549315143765E-14));
#2047=CARTESIAN_POINT('',(5.52114832551061,26.5035470724106,-1.63488672891391E-14));
#2048=CARTESIAN_POINT('',(5.79829582436787,26.5035470724106,-1.60549315143765E-14));
#2049=CARTESIAN_POINT('',(11.6548600765358,27.4732575714588,-9.84360448452583E-15));
#2050=CARTESIAN_POINT('',(11.6548600765358,28.1247973056145,-9.84360448452583E-15));
#2051=CARTESIAN_POINT('',(11.6548600765358,27.4732575714588,-9.84360448452583E-15));
#2052=CARTESIAN_POINT('',(11.6232555371924,28.3715558243339,-9.87712347638472E-15));
#2053=CARTESIAN_POINT('Ctrl Pts',(11.6548600765358,28.1247973056145,-9.84360448452583E-15));
#2054=CARTESIAN_POINT('Ctrl Pts',(11.6548600765358,28.2025930947674,-9.84360448452583E-15));
#2055=CARTESIAN_POINT('Ctrl Pts',(11.6427044844806,28.3350890481685,-9.85649640447156E-15));
#2056=CARTESIAN_POINT('Ctrl Pts',(11.6232555371924,28.3715558243339,-9.87712347638472E-15));
#2057=CARTESIAN_POINT('',(11.4652328404755,28.4505671726923,-1.00447184356792E-14));
#2058=CARTESIAN_POINT('Ctrl Pts',(11.6232555371924,28.3715558243339,-9.87712347638472E-15));
#2059=CARTESIAN_POINT('Ctrl Pts',(11.6038065899042,28.4116692781159,-9.89775054829788E-15));
#2060=CARTESIAN_POINT('Ctrl Pts',(11.5296574783678,28.4505671726923,-9.97639125996681E-15));
#2061=CARTESIAN_POINT('Ctrl Pts',(11.4652328404755,28.4505671726923,-1.00447184356792E-14));
#2062=CARTESIAN_POINT('',(11.2026720520844,28.3107778640582,-1.03231839065068E-14));
#2063=CARTESIAN_POINT('Ctrl Pts',(11.4652328404755,28.4505671726923,-1.00447184356792E-14));
#2064=CARTESIAN_POINT('Ctrl Pts',(11.4068859986108,28.4505671726923,-1.01065996514186E-14));
#2065=CARTESIAN_POINT('Ctrl Pts',(11.2731744860043,28.378849179567,-1.02484107708216E-14));
#2066=CARTESIAN_POINT('Ctrl Pts',(11.2026720520844,28.3107778640582,-1.03231839065068E-14));
#2067=CARTESIAN_POINT('',(11.206318729701,28.2147486868225,-1.03193163305231E-14));
#2068=CARTESIAN_POINT('Ctrl Pts',(11.2026720520844,28.3107778640582,-1.03231839065068E-14));
#2069=CARTESIAN_POINT('Ctrl Pts',(11.20388761129,28.293760035181,-1.03218947145123E-14));
#2070=CARTESIAN_POINT('Ctrl Pts',(11.206318729701,28.2463532261659,-1.03193163305231E-14));
#2071=CARTESIAN_POINT('Ctrl Pts',(11.206318729701,28.2147486868225,-1.03193163305231E-14));
#2072=CARTESIAN_POINT('',(11.206318729701,27.4732575714588,-1.03193163305231E-14));
#2073=CARTESIAN_POINT('',(11.206318729701,28.2147486868225,-1.03193163305231E-14));
#2074=CARTESIAN_POINT('',(11.0166914936408,27.4732575714588,-1.05204302816764E-14));
#2075=CARTESIAN_POINT('',(11.206318729701,27.4732575714588,-1.03193163305231E-14));
#2076=CARTESIAN_POINT('',(11.0166914936408,28.1247973056145,-1.05204302816764E-14));
#2077=CARTESIAN_POINT('',(11.0166914936408,27.4732575714588,-1.05204302816764E-14));
#2078=CARTESIAN_POINT('',(10.9850869542974,28.3715558243339,-1.05539492735353E-14));
#2079=CARTESIAN_POINT('Ctrl Pts',(11.0166914936408,28.1247973056145,-1.05204302816764E-14));
#2080=CARTESIAN_POINT('Ctrl Pts',(11.0166914936408,28.2025930947674,-1.05204302816764E-14));
#2081=CARTESIAN_POINT('Ctrl Pts',(11.0045359015856,28.3350890481685,-1.05333222016222E-14));
#2082=CARTESIAN_POINT('Ctrl Pts',(10.9850869542974,28.3715558243339,-1.05539492735353E-14));
#2083=CARTESIAN_POINT('',(10.8270642575805,28.4505671726923,-1.07215442328298E-14));
#2084=CARTESIAN_POINT('Ctrl Pts',(10.9850869542974,28.3715558243339,-1.05539492735353E-14));
#2085=CARTESIAN_POINT('Ctrl Pts',(10.9656380070092,28.4116692781159,-1.05745763454485E-14));
#2086=CARTESIAN_POINT('Ctrl Pts',(10.8914888954728,28.4505671726923,-1.06532170571174E-14));
#2087=CARTESIAN_POINT('Ctrl Pts',(10.8270642575805,28.4505671726923,-1.07215442328298E-14));
#2088=CARTESIAN_POINT('',(10.568150146806,28.3144245416747,-1.09961421276737E-14));
#2089=CARTESIAN_POINT('Ctrl Pts',(10.8270642575805,28.4505671726923,-1.07215442328298E-14));
#2090=CARTESIAN_POINT('Ctrl Pts',(10.7662862973048,28.4505671726923,-1.07860038325584E-14));
#2091=CARTESIAN_POINT('Ctrl Pts',(10.6313592254927,28.3739869427449,-1.09291041439559E-14));
#2092=CARTESIAN_POINT('Ctrl Pts',(10.568150146806,28.3144245416747,-1.09961421276737E-14));
#2093=CARTESIAN_POINT('',(10.568150146806,27.4732575714588,-1.09961421276737E-14));
#2094=CARTESIAN_POINT('',(10.568150146806,28.3144245416747,-1.09961421276737E-14));
#2095=CARTESIAN_POINT('',(10.3785229107457,27.4732575714588,-1.1197256078827E-14));
#2096=CARTESIAN_POINT('',(10.568150146806,27.4732575714588,-1.09961421276737E-14));
#2097=CARTESIAN_POINT('',(10.3785229107457,28.5988653957651,-1.1197256078827E-14));
#2098=CARTESIAN_POINT('',(10.3785229107457,27.4732575714588,-1.1197256078827E-14));
#2099=CARTESIAN_POINT('',(10.568150146806,28.5988653957651,-1.09961421276737E-14));
#2100=CARTESIAN_POINT('',(10.3785229107457,28.5988653957651,-1.1197256078827E-14));
#2101=CARTESIAN_POINT('',(10.568150146806,28.4748783568026,-1.09961421276737E-14));
#2102=CARTESIAN_POINT('',(10.568150146806,28.5988653957651,-1.09961421276737E-14));
#2103=CARTESIAN_POINT('',(10.8756866258011,28.6304699351084,-1.06699765530469E-14));
#2104=CARTESIAN_POINT('Ctrl Pts',(10.568150146806,28.4748783568026,-1.09961421276737E-14));
#2105=CARTESIAN_POINT('Ctrl Pts',(10.6422992583423,28.549027468339,-1.09175014160048E-14));
#2106=CARTESIAN_POINT('Ctrl Pts',(10.7881663630041,28.6304699351084,-1.07627983766561E-14));
#2107=CARTESIAN_POINT('Ctrl Pts',(10.8756866258011,28.6304699351084,-1.06699765530469E-14));
#2108=CARTESIAN_POINT('',(11.1698519535356,28.4359804622261,-1.03579920903603E-14));
#2109=CARTESIAN_POINT('Ctrl Pts',(10.8756866258011,28.6304699351084,-1.06699765530469E-14));
#2110=CARTESIAN_POINT('Ctrl Pts',(10.9753624806533,28.6304699351084,-1.05642628094919E-14));
#2111=CARTESIAN_POINT('Ctrl Pts',(11.1297384997536,28.5393029946949,-1.04005354261812E-14));
#2112=CARTESIAN_POINT('Ctrl Pts',(11.1698519535356,28.4359804622261,-1.03579920903603E-14));
#2113=CARTESIAN_POINT('',(11.5138552086961,28.6304699351084,-9.99315075589625E-15));
#2114=CARTESIAN_POINT('Ctrl Pts',(11.1698519535356,28.4359804622261,-1.03579920903603E-14));
#2115=CARTESIAN_POINT('Ctrl Pts',(11.2561566571271,28.5320096394618,-1.02664594587456E-14));
#2116=CARTESIAN_POINT('Ctrl Pts',(11.419041590666,28.6304699351084,-1.00937077314729E-14));
#2117=CARTESIAN_POINT('Ctrl Pts',(11.5138552086961,28.6304699351084,-9.99315075589625E-15));
#2118=CARTESIAN_POINT('',(11.7496736945659,28.5344407578728,-9.74304750894917E-15));
#2119=CARTESIAN_POINT('Ctrl Pts',(11.5138552086961,28.6304699351084,-9.99315075589625E-15));
#2120=CARTESIAN_POINT('Ctrl Pts',(11.586788761027,28.6304699351084,-9.9157992362219E-15));
#2121=CARTESIAN_POINT('Ctrl Pts',(11.7059135631674,28.5854942445044,-9.78945842075378E-15));
#2122=CARTESIAN_POINT('Ctrl Pts',(11.7496736945659,28.5344407578728,-9.74304750894917E-15));
#2123=CARTESIAN_POINT('',(11.844487312596,28.2147486868225,-9.64249053337251E-15));
#2124=CARTESIAN_POINT('Ctrl Pts',(11.7496736945659,28.5344407578728,-9.74304750894917E-15));
#2125=CARTESIAN_POINT('Ctrl Pts',(11.7946493851699,28.4833872712412,-9.69534740514998E-15));
#2126=CARTESIAN_POINT('Ctrl Pts',(11.844487312596,28.3302268113464,-9.64249053337251E-15));
#2127=CARTESIAN_POINT('Ctrl Pts',(11.844487312596,28.2147486868225,-9.64249053337251E-15));
#2128=CARTESIAN_POINT('',(11.844487312596,27.4732575714588,-9.64249053337251E-15));
#2129=CARTESIAN_POINT('',(11.844487312596,28.2147486868225,-9.64249053337251E-15));
#2130=CARTESIAN_POINT('',(11.844487312596,27.4732575714588,-9.64249053337251E-15));
#2131=CARTESIAN_POINT('',(8.5126395302813,27.4465152689375,-1.3176165790496E-14));
#2132=CARTESIAN_POINT('',(8.02033805204801,27.5632089526669,-1.36982885482979E-14));
#2133=CARTESIAN_POINT('Ctrl Pts',(8.5126395302813,27.4465152689375,-1.3176165790496E-14));
#2134=CARTESIAN_POINT('Ctrl Pts',(8.34975459674238,27.4465152689375,-1.33489175177687E-14));
#2135=CARTESIAN_POINT('Ctrl Pts',(8.1212294661057,27.5145865844463,-1.35912856127483E-14));
#2136=CARTESIAN_POINT('Ctrl Pts',(8.02033805204801,27.5632089526669,-1.36982885482979E-14));
#2137=CARTESIAN_POINT('',(8.02033805204801,27.8136141490028,-1.36982885482979E-14));
#2138=CARTESIAN_POINT('',(8.02033805204801,27.5632089526669,-1.36982885482979E-14));
#2139=CARTESIAN_POINT('',(8.03492476251418,27.8136141490028,-1.3682818244363E-14));
#2140=CARTESIAN_POINT('',(8.02033805204801,27.8136141490028,-1.36982885482979E-14));
#2141=CARTESIAN_POINT('',(8.49805281981513,27.6191246761205,-1.31916360944308E-14));
#2142=CARTESIAN_POINT('Ctrl Pts',(8.03492476251418,27.8136141490028,-1.3682818244363E-14));
#2143=CARTESIAN_POINT('Ctrl Pts',(8.13338505816084,27.7212316493837,-1.35783936928026E-14));
#2144=CARTESIAN_POINT('Ctrl Pts',(8.38257469529127,27.6191246761205,-1.33141093339152E-14));
#2145=CARTESIAN_POINT('Ctrl Pts',(8.49805281981513,27.6191246761205,-1.31916360944308E-14));
#2146=CARTESIAN_POINT('',(8.83233160133156,27.8695298724565,-1.28371082959234E-14));
#2147=CARTESIAN_POINT('Ctrl Pts',(8.49805281981513,27.6191246761205,-1.31916360944308E-14));
#2148=CARTESIAN_POINT('Ctrl Pts',(8.66336887176507,27.6191246761205,-1.3016305983169E-14));
#2149=CARTESIAN_POINT('Ctrl Pts',(8.83233160133156,27.7564828663436,-1.28371082959234E-14));
#2150=CARTESIAN_POINT('Ctrl Pts',(8.83233160133156,27.8695298724565,-1.28371082959234E-14));
#2151=CARTESIAN_POINT('',(8.64756660209339,28.0992705622987,-1.30330654790984E-14));
#2152=CARTESIAN_POINT('Ctrl Pts',(8.83233160133156,27.8695298724565,-1.28371082959234E-14));
#2153=CARTESIAN_POINT('Ctrl Pts',(8.83233160133156,27.9594812536645,-1.28371082959234E-14));
#2154=CARTESIAN_POINT('Ctrl Pts',(8.74359577932901,28.0713127005719,-1.29312193115272E-14));
#2155=CARTESIAN_POINT('Ctrl Pts',(8.64756660209339,28.0992705622987,-1.30330654790984E-14));
#2156=CARTESIAN_POINT('',(8.3764968992637,28.1673418778075,-1.33205552938881E-14));
#2157=CARTESIAN_POINT('Ctrl Pts',(8.64756660209339,28.0992705622987,-1.30330654790984E-14));
#2158=CARTESIAN_POINT('Ctrl Pts',(8.57827972737907,28.1187195095869,-1.3106549422789E-14));
#2159=CARTESIAN_POINT('Ctrl Pts',(8.46280160285521,28.1454618121082,-1.32290226622734E-14));
#2160=CARTESIAN_POINT('Ctrl Pts',(8.3764968992637,28.1673418778075,-1.33205552938881E-14));
#2161=CARTESIAN_POINT('',(8.12852282133878,28.2998378312085,-1.35835504607809E-14));
#2162=CARTESIAN_POINT('Ctrl Pts',(8.3764968992637,28.1673418778075,-1.33205552938881E-14));
#2163=CARTESIAN_POINT('Ctrl Pts',(8.29870111011078,28.1880063843012,-1.34030635815407E-14));
#2164=CARTESIAN_POINT('Ctrl Pts',(8.17592963035384,28.2499999037825,-1.35332719729926E-14));
#2165=CARTESIAN_POINT('Ctrl Pts',(8.12852282133878,28.2998378312085,-1.35835504607809E-14));
#2166=CARTESIAN_POINT('',(8.03127808489764,28.5709075340382,-1.36866858203467E-14));
#2167=CARTESIAN_POINT('Ctrl Pts',(8.12852282133878,28.2998378312085,-1.35835504607809E-14));
#2168=CARTESIAN_POINT('Ctrl Pts',(8.08233157152924,28.3496757586346,-1.36325397565747E-14));
#2169=CARTESIAN_POINT('Ctrl Pts',(8.03127808489764,28.4833872712412,-1.36866858203467E-14));
#2170=CARTESIAN_POINT('Ctrl Pts',(8.03127808489764,28.5709075340382,-1.36866858203467E-14));
#2171=CARTESIAN_POINT('',(8.53573515518607,28.9999999335848,-1.31516711425991E-14));
#2172=CARTESIAN_POINT('Ctrl Pts',(8.03127808489764,28.5709075340382,-1.36866858203467E-14));
#2173=CARTESIAN_POINT('Ctrl Pts',(8.03127808489764,28.7532414148654,-1.36866858203467E-14));
#2174=CARTESIAN_POINT('Ctrl Pts',(8.31571893898798,28.9999999335848,-1.33850148936167E-14));
#2175=CARTESIAN_POINT('Ctrl Pts',(8.53573515518607,28.9999999335848,-1.31516711425991E-14));
#2176=CARTESIAN_POINT('',(8.98184538360982,28.9027551971436,-1.26785376805909E-14));
#2177=CARTESIAN_POINT('Ctrl Pts',(8.53573515518607,28.9999999335848,-1.31516711425991E-14));
#2178=CARTESIAN_POINT('Ctrl Pts',(8.66215331255956,28.9999999335848,-1.30175951751635E-14));
#2179=CARTESIAN_POINT('Ctrl Pts',(8.88581620637419,28.9501620061587,-1.27803838481622E-14));
#2180=CARTESIAN_POINT('Ctrl Pts',(8.98184538360982,28.9027551971436,-1.26785376805909E-14));
#2181=CARTESIAN_POINT('',(8.98184538360982,28.6645055928628,-1.26785376805909E-14));
#2182=CARTESIAN_POINT('',(8.98184538360982,28.9027551971436,-1.26785376805909E-14));
#2183=CARTESIAN_POINT('',(8.96725867314365,28.6645055928628,-1.26940079845258E-14));
#2184=CARTESIAN_POINT('',(8.98184538360982,28.6645055928628,-1.26785376805909E-14));
#2185=CARTESIAN_POINT('',(8.54910630644673,28.8273905264017,-1.31374900306588E-14));
#2186=CARTESIAN_POINT('Ctrl Pts',(8.96725867314365,28.6645055928628,-1.26940079845258E-14));
#2187=CARTESIAN_POINT('Ctrl Pts',(8.8955406800183,28.7301457899606,-1.27700703122056E-14));
#2188=CARTESIAN_POINT('Ctrl Pts',(8.67187778620367,28.8273905264017,-1.3007281639207E-14));
#2189=CARTESIAN_POINT('Ctrl Pts',(8.54910630644673,28.8273905264017,-1.31374900306588E-14));
#2190=CARTESIAN_POINT('',(8.23913870904058,28.591572040532,-1.34662339892748E-14));
#2191=CARTESIAN_POINT('Ctrl Pts',(8.54910630644673,28.8273905264017,-1.31374900306588E-14));
#2192=CARTESIAN_POINT('Ctrl Pts',(8.4105325570181,28.8273905264017,-1.32844579180401E-14));
#2193=CARTESIAN_POINT('Ctrl Pts',(8.23913870904058,28.6973256914117,-1.34662339892748E-14));
#2194=CARTESIAN_POINT('Ctrl Pts',(8.23913870904058,28.591572040532,-1.34662339892748E-14));
#2195=CARTESIAN_POINT('',(8.43484374112838,28.3581846730732,-1.32586740781486E-14));
#2196=CARTESIAN_POINT('Ctrl Pts',(8.23913870904058,28.591572040532,-1.34662339892748E-14));
#2197=CARTESIAN_POINT('Ctrl Pts',(8.23913870904058,28.4967584225019,-1.34662339892748E-14));
#2198=CARTESIAN_POINT('Ctrl Pts',(8.34003012309827,28.383711416389,-1.33592310537253E-14));
#2199=CARTESIAN_POINT('Ctrl Pts',(8.43484374112838,28.3581846730732,-1.32586740781486E-14));
#2200=CARTESIAN_POINT('',(8.7423802201235,28.2791733247148,-1.29325085035217E-14));
#2201=CARTESIAN_POINT('Ctrl Pts',(8.43484374112838,28.3581846730732,-1.32586740781486E-14));
#2202=CARTESIAN_POINT('Ctrl Pts',(8.49805281981513,28.341166844196,-1.31916360944308E-14));
#2203=CARTESIAN_POINT('Ctrl Pts',(8.68160225984779,28.2974067127975,-1.29969681032504E-14));
#2204=CARTESIAN_POINT('Ctrl Pts',(8.7423802201235,28.2791733247148,-1.29325085035217E-14));
#2205=CARTESIAN_POINT('',(9.0401922254745,27.9011344117999,-1.26166564648515E-14));
#2206=CARTESIAN_POINT('Ctrl Pts',(8.7423802201235,28.2791733247148,-1.29325085035217E-14));
#2207=CARTESIAN_POINT('Ctrl Pts',(8.89675623922382,28.2317665156997,-1.2768781120211E-14));
#2208=CARTESIAN_POINT('Ctrl Pts',(9.0401922254745,28.040923720434,-1.26166564648515E-14));
#2209=CARTESIAN_POINT('Ctrl Pts',(9.0401922254745,27.9011344117999,-1.26166564648515E-14));
#2210=CARTESIAN_POINT('',(8.9040495944569,27.5826578999551,-1.27610459682436E-14));
#2211=CARTESIAN_POINT('Ctrl Pts',(9.0401922254745,27.9011344117999,-1.26166564648515E-14));
#2212=CARTESIAN_POINT('Ctrl Pts',(9.0401922254745,27.8123985897973,-1.26166564648515E-14));
#2213=CARTESIAN_POINT('Ctrl Pts',(8.96847423234916,27.6422203010253,-1.26927187925312E-14));
#2214=CARTESIAN_POINT('Ctrl Pts',(8.9040495944569,27.5826578999551,-1.27610459682436E-14));
#2215=CARTESIAN_POINT('Ctrl Pts',(8.9040495944569,27.5826578999551,-1.27610459682436E-14));
#2216=CARTESIAN_POINT('Ctrl Pts',(8.83233160133156,27.5170177028573,-1.28371082959234E-14));
#2217=CARTESIAN_POINT('Ctrl Pts',(8.64999772050442,27.4465152689375,-1.30304870951093E-14));
#2218=CARTESIAN_POINT('Ctrl Pts',(8.5126395302813,27.4465152689375,-1.3176165790496E-14));
#2219=CARTESIAN_POINT('',(7.88541098023592,28.0360614836119,-1.38413888596954E-14));
#2220=CARTESIAN_POINT('',(7.38338502835852,27.4416530321154,-1.43738251534539E-14));
#2221=CARTESIAN_POINT('Ctrl Pts',(7.88541098023592,28.0360614836119,-1.38413888596954E-14));
#2222=CARTESIAN_POINT('Ctrl Pts',(7.88541098023592,27.7516206295216,-1.38413888596954E-14));
#2223=CARTESIAN_POINT('Ctrl Pts',(7.6119101589952,27.4416530321154,-1.41314570584743E-14));
#2224=CARTESIAN_POINT('Ctrl Pts',(7.38338502835852,27.4416530321154,-1.43738251534539E-14));
#2225=CARTESIAN_POINT('',(6.8801435172756,28.0360614836119,-1.49075506392069E-14));
#2226=CARTESIAN_POINT('Ctrl Pts',(7.38338502835852,27.4416530321154,-1.43738251534539E-14));
#2227=CARTESIAN_POINT('Ctrl Pts',(7.14878210169426,27.4416530321154,-1.46226392084064E-14));
#2228=CARTESIAN_POINT('Ctrl Pts',(6.8801435172756,27.7613451031657,-1.49075506392069E-14));
#2229=CARTESIAN_POINT('Ctrl Pts',(6.8801435172756,28.0360614836119,-1.49075506392069E-14));
#2230=CARTESIAN_POINT('',(7.38338502835852,28.6304699351084,-1.43738251534539E-14));
#2231=CARTESIAN_POINT('Ctrl Pts',(6.8801435172756,28.0360614836119,-1.49075506392069E-14));
#2232=CARTESIAN_POINT('Ctrl Pts',(6.8801435172756,28.3180712192913,-1.4907550639207E-14));
#2233=CARTESIAN_POINT('Ctrl Pts',(7.15729101613285,28.6304699351084,-1.46136148644444E-14));
#2234=CARTESIAN_POINT('Ctrl Pts',(7.38338502835852,28.6304699351084,-1.43738251534539E-14));
#2235=CARTESIAN_POINT('Ctrl Pts',(7.38338502835852,28.6304699351084,-1.43738251534539E-14));
#2236=CARTESIAN_POINT('Ctrl Pts',(7.6119101589952,28.6304699351084,-1.41314570584743E-14));
#2237=CARTESIAN_POINT('Ctrl Pts',(7.88541098023592,28.3192867784968,-1.38413888596954E-14));
#2238=CARTESIAN_POINT('Ctrl Pts',(7.88541098023592,28.0360614836119,-1.38413888596954E-14));
#2239=CARTESIAN_POINT('',(6.36353085493202,27.447730828143,-1.54554572369003E-14));
#2240=CARTESIAN_POINT('',(5.79708026516236,28.0299836875844,-1.60562207063711E-14));
#2241=CARTESIAN_POINT('Ctrl Pts',(6.36353085493202,27.447730828143,-1.54554572369003E-14));
#2242=CARTESIAN_POINT('Ctrl Pts',(6.09367671130784,27.447730828143,-1.57416578596954E-14));
#2243=CARTESIAN_POINT('Ctrl Pts',(5.79708026516236,27.7504050703161,-1.60562207063711E-14));
#2244=CARTESIAN_POINT('Ctrl Pts',(5.79708026516236,28.0299836875844,-1.60562207063711E-14));
#2245=CARTESIAN_POINT('',(6.31733960512247,28.6304699351084,-1.55044465326941E-14));
#2246=CARTESIAN_POINT('Ctrl Pts',(5.79708026516236,28.0299836875844,-1.60562207063711E-14));
#2247=CARTESIAN_POINT('Ctrl Pts',(5.79708026516236,28.3047000680306,-1.60562207063711E-14));
#2248=CARTESIAN_POINT('Ctrl Pts',(6.08516779686924,28.6304699351084,-1.57506822036574E-14));
#2249=CARTESIAN_POINT('Ctrl Pts',(6.31733960512248,28.6304699351084,-1.55044465326941E-14));
#2250=CARTESIAN_POINT('',(6.64310947220031,28.5052673369405,-1.51589430781486E-14));
#2251=CARTESIAN_POINT('Ctrl Pts',(6.31733960512248,28.6304699351084,-1.55044465326941E-14));
#2252=CARTESIAN_POINT('Ctrl Pts',(6.4218776967967,28.6304699351084,-1.53935760211608E-14));
#2253=CARTESIAN_POINT('Ctrl Pts',(6.58354707113011,28.5696919748327,-1.52221134858827E-14));
#2254=CARTESIAN_POINT('Ctrl Pts',(6.64310947220031,28.5052673369405,-1.51589430781486E-14));
#2255=CARTESIAN_POINT('',(6.76831207036828,28.1199350687924,-1.50261563027076E-14));
#2256=CARTESIAN_POINT('Ctrl Pts',(6.64310947220031,28.5052673369405,-1.51589430781486E-14));
#2257=CARTESIAN_POINT('Ctrl Pts',(6.70388743247602,28.4408426990482,-1.509448347842E-14));
#2258=CARTESIAN_POINT('Ctrl Pts',(6.76831207036828,28.2548621406045,-1.50261563027076E-14));
#2259=CARTESIAN_POINT('Ctrl Pts',(6.76831207036828,28.1199350687924,-1.50261563027076E-14));
#2260=CARTESIAN_POINT('',(6.76831207036828,28.0166125363237,-1.50261563027076E-14));
#2261=CARTESIAN_POINT('',(6.76831207036828,28.1199350687924,-1.50261563027076E-14));
#2262=CARTESIAN_POINT('',(5.98913861963361,28.0166125363237,-1.58525283712287E-14));
#2263=CARTESIAN_POINT('',(6.76831207036828,28.0166125363237,-1.50261563027076E-14));
#2264=CARTESIAN_POINT('',(6.36109973652099,27.613046880093,-1.54580356208894E-14));
#2265=CARTESIAN_POINT('Ctrl Pts',(5.98913861963361,28.0166125363237,-1.58525283712287E-14));
#2266=CARTESIAN_POINT('Ctrl Pts',(5.98913861963361,27.8209075042359,-1.58525283712287E-14));
#2267=CARTESIAN_POINT('Ctrl Pts',(6.18605921092693,27.613046880093,-1.56436792681079E-14));
#2268=CARTESIAN_POINT('Ctrl Pts',(6.36109973652099,27.613046880093,-1.54580356208894E-14));
#2269=CARTESIAN_POINT('',(6.59205598556871,27.662884807519,-1.52130891419207E-14));
#2270=CARTESIAN_POINT('Ctrl Pts',(6.36109973652099,27.613046880093,-1.54580356208894E-14));
#2271=CARTESIAN_POINT('Ctrl Pts',(6.42309325600222,27.613046880093,-1.53922868291662E-14));
#2272=CARTESIAN_POINT('Ctrl Pts',(6.54343361734813,27.6410047418198,-1.52646568217036E-14));
#2273=CARTESIAN_POINT('Ctrl Pts',(6.59205598556871,27.662884807519,-1.52130891419207E-14));
#2274=CARTESIAN_POINT('',(6.73670753102491,27.7491895111106,-1.50596752945665E-14));
#2275=CARTESIAN_POINT('Ctrl Pts',(6.59205598556871,27.662884807519,-1.52130891419207E-14));
#2276=CARTESIAN_POINT('Ctrl Pts',(6.64310947220031,27.6871959916293,-1.51589430781486E-14));
#2277=CARTESIAN_POINT('Ctrl Pts',(6.71361190612014,27.7297405638223,-1.50841699424634E-14));
#2278=CARTESIAN_POINT('Ctrl Pts',(6.73670753102491,27.7491895111106,-1.50596752945665E-14));
#2279=CARTESIAN_POINT('',(6.74764756387454,27.7491895111106,-1.50480725666154E-14));
#2280=CARTESIAN_POINT('',(6.73670753102491,27.7491895111106,-1.50596752945665E-14));
#2281=CARTESIAN_POINT('',(6.74764756387454,27.5425444461731,-1.50480725666154E-14));
#2282=CARTESIAN_POINT('',(6.74764756387454,27.7491895111106,-1.50480725666154E-14));
#2283=CARTESIAN_POINT('',(6.57625371589702,27.4793353674864,-1.52298486378501E-14));
#2284=CARTESIAN_POINT('Ctrl Pts',(6.74764756387454,27.5425444461731,-1.50480725666154E-14));
#2285=CARTESIAN_POINT('Ctrl Pts',(6.71482746532565,27.5291732949125,-1.50828807504688E-14));
#2286=CARTESIAN_POINT('Ctrl Pts',(6.61515161047348,27.490275400336,-1.51885944940238E-14));
#2287=CARTESIAN_POINT('Ctrl Pts',(6.57625371589702,27.4793353674864,-1.52298486378501E-14));
#2288=CARTESIAN_POINT('Ctrl Pts',(6.57625371589702,27.4793353674864,-1.52298486378501E-14));
#2289=CARTESIAN_POINT('Ctrl Pts',(6.52155355164888,27.4635330978147,-1.52878622776059E-14));
#2290=CARTESIAN_POINT('Ctrl Pts',(6.43160217044082,27.447730828143,-1.53832624852042E-14));
#2291=CARTESIAN_POINT('Ctrl Pts',(6.36353085493202,27.447730828143,-1.54554572369003E-14));
#2292=CARTESIAN_POINT('',(5.58557296340287,27.4732575714588,-1.62805401134268E-14));
#2293=CARTESIAN_POINT('',(5.36191006958824,27.4732575714588,-1.65177514404281E-14));
#2294=CARTESIAN_POINT('',(5.58557296340287,27.4732575714588,-1.62805401134268E-14));
#2295=CARTESIAN_POINT('',(4.69821474337743,28.766612566126,-1.72216502694647E-14));
#2296=CARTESIAN_POINT('',(5.36191006958824,27.4732575714588,-1.65177514404281E-14));
#2297=CARTESIAN_POINT('',(4.69821474337743,27.4732575714588,-1.72216502694647E-14));
#2298=CARTESIAN_POINT('',(4.69821474337743,28.766612566126,-1.72216502694647E-14));
#2299=CARTESIAN_POINT('',(4.51223418493374,27.4732575714588,-1.74188966446343E-14));
#2300=CARTESIAN_POINT('',(4.69821474337743,27.4732575714588,-1.72216502694647E-14));
#2301=CARTESIAN_POINT('',(4.51223418493374,28.9732576310635,-1.74188966446343E-14));
#2302=CARTESIAN_POINT('',(4.51223418493374,27.4732575714588,-1.74188966446343E-14));
#2303=CARTESIAN_POINT('',(4.79545947981857,28.9732576310635,-1.71185149098989E-14));
#2304=CARTESIAN_POINT('',(4.51223418493374,28.9732576310635,-1.74188966446343E-14));
#2305=CARTESIAN_POINT('',(5.39959240495918,27.785656287276,-1.64777864885964E-14));
#2306=CARTESIAN_POINT('',(4.79545947981857,28.9732576310635,-1.71185149098989E-14));
#2307=CARTESIAN_POINT('',(5.39959240495918,28.9732576310635,-1.64777864885964E-14));
#2308=CARTESIAN_POINT('',(5.39959240495918,27.785656287276,-1.64777864885964E-14));
#2309=CARTESIAN_POINT('',(5.58557296340287,28.9732576310635,-1.62805401134268E-14));
#2310=CARTESIAN_POINT('',(5.39959240495918,28.9732576310635,-1.64777864885964E-14));
#2311=CARTESIAN_POINT('',(5.58557296340287,28.9732576310635,-1.62805401134268E-14));
#2312=CARTESIAN_POINT('',(10.1038065302995,27.4732575714588,-1.14886134696005E-14));
#2313=CARTESIAN_POINT('',(9.91417929423929,27.4732575714588,-1.16897274207538E-14));
#2314=CARTESIAN_POINT('',(10.1038065302995,27.4732575714588,-1.14886134696005E-14));
#2315=CARTESIAN_POINT('',(9.91417929423929,27.5972446104213,-1.16897274207538E-14));
#2316=CARTESIAN_POINT('',(9.91417929423929,27.4732575714588,-1.16897274207538E-14));
#2317=CARTESIAN_POINT('',(9.57260715748977,27.4416530321155,-1.20519903712287E-14));
#2318=CARTESIAN_POINT('Ctrl Pts',(9.91417929423929,27.5972446104213,-1.16897274207538E-14));
#2319=CARTESIAN_POINT('Ctrl Pts',(9.82665903144226,27.5206643804739,-1.1782549244363E-14));
#2320=CARTESIAN_POINT('Ctrl Pts',(9.66985189393091,27.4416530321155,-1.19488550116629E-14));
#2321=CARTESIAN_POINT('Ctrl Pts',(9.57260715748977,27.4416530321155,-1.20519903712287E-14));
#2322=CARTESIAN_POINT('',(9.32220196115382,27.5425444461731,-1.23175639221106E-14));
#2323=CARTESIAN_POINT('Ctrl Pts',(9.57260715748977,27.4416530321155,-1.20519903712287E-14));
#2324=CARTESIAN_POINT('Ctrl Pts',(9.49967360515891,27.4416530321155,-1.2129341890903E-14));
#2325=CARTESIAN_POINT('Ctrl Pts',(9.36960877016888,27.490275400336,-1.22672854343223E-14));
#2326=CARTESIAN_POINT('Ctrl Pts',(9.32220196115382,27.5425444461731,-1.23175639221106E-14));
#2327=CARTESIAN_POINT('',(9.22009498789062,27.868314313251,-1.24258560496547E-14));
#2328=CARTESIAN_POINT('Ctrl Pts',(9.32220196115382,27.5425444461731,-1.23175639221106E-14));
#2329=CARTESIAN_POINT('Ctrl Pts',(9.27357959293325,27.5948134920102,-1.23691316018935E-14));
#2330=CARTESIAN_POINT('Ctrl Pts',(9.22009498789062,27.7540517479326,-1.24258560496547E-14));
#2331=CARTESIAN_POINT('Ctrl Pts',(9.22009498789062,27.868314313251,-1.24258560496547E-14));
#2332=CARTESIAN_POINT('',(9.22009498789062,28.5988653957651,-1.24258560496547E-14));
#2333=CARTESIAN_POINT('',(9.22009498789062,27.868314313251,-1.24258560496547E-14));
#2334=CARTESIAN_POINT('',(9.40972222395085,28.5988653957651,-1.22247420985014E-14));
#2335=CARTESIAN_POINT('',(9.22009498789062,28.5988653957651,-1.24258560496547E-14));
#2336=CARTESIAN_POINT('',(9.40972222395085,27.9570501352535,-1.22247420985014E-14));
#2337=CARTESIAN_POINT('',(9.40972222395085,28.5988653957651,-1.22247420985014E-14));
#2338=CARTESIAN_POINT('',(9.44618900011628,27.7054293797121,-1.21860663386642E-14));
#2339=CARTESIAN_POINT('Ctrl Pts',(9.40972222395085,27.9570501352535,-1.22247420985014E-14));
#2340=CARTESIAN_POINT('Ctrl Pts',(9.40972222395085,27.8670987540455,-1.22247420985014E-14));
#2341=CARTESIAN_POINT('Ctrl Pts',(9.42309337521151,27.7491895111106,-1.22105609865611E-14));
#2342=CARTESIAN_POINT('Ctrl Pts',(9.44618900011628,27.7054293797121,-1.21860663386642E-14));
#2343=CARTESIAN_POINT('',(9.62244508491585,27.6215557945316,-1.19991334994512E-14));
#2344=CARTESIAN_POINT('Ctrl Pts',(9.44618900011628,27.7054293797121,-1.21860663386642E-14));
#2345=CARTESIAN_POINT('Ctrl Pts',(9.46928462502105,27.6616692483135,-1.21615716907673E-14));
#2346=CARTESIAN_POINT('Ctrl Pts',(9.54829597337948,27.6215557945316,-1.20777742111201E-14));
#2347=CARTESIAN_POINT('Ctrl Pts',(9.62244508491585,27.6215557945316,-1.19991334994512E-14));
#2348=CARTESIAN_POINT('',(9.91417929423929,27.7576984255492,-1.16897274207538E-14));
#2349=CARTESIAN_POINT('Ctrl Pts',(9.62244508491585,27.6215557945316,-1.19991334994512E-14));
#2350=CARTESIAN_POINT('Ctrl Pts',(9.69173195963017,27.6215557945316,-1.19256495557606E-14));
#2351=CARTESIAN_POINT('Ctrl Pts',(9.84853909714151,27.70056714289,-1.17593437884607E-14));
#2352=CARTESIAN_POINT('Ctrl Pts',(9.91417929423929,27.7576984255492,-1.16897274207538E-14));
#2353=CARTESIAN_POINT('',(9.91417929423929,28.5988653957651,-1.16897274207538E-14));
#2354=CARTESIAN_POINT('',(9.91417929423929,27.7576984255492,-1.16897274207538E-14));
#2355=CARTESIAN_POINT('',(10.1038065302995,28.5988653957651,-1.14886134696005E-14));
#2356=CARTESIAN_POINT('',(9.91417929423929,28.5988653957651,-1.16897274207538E-14));
#2357=CARTESIAN_POINT('',(10.1038065302995,28.5988653957651,-1.14886134696005E-14));
#2358=CARTESIAN_POINT('',(12.5993495792204,27.447730828143,-8.84190230474293E-15));
#2359=CARTESIAN_POINT('',(12.0328989894507,28.0299836875844,-9.44266577421375E-15));
#2360=CARTESIAN_POINT('Ctrl Pts',(12.5993495792204,27.447730828143,-8.84190230474293E-15));
#2361=CARTESIAN_POINT('Ctrl Pts',(12.3294954355962,27.447730828143,-9.12810292753805E-15));
#2362=CARTESIAN_POINT('Ctrl Pts',(12.0328989894507,27.7504050703161,-9.44266577421375E-15));
#2363=CARTESIAN_POINT('Ctrl Pts',(12.0328989894507,28.0299836875844,-9.44266577421375E-15));
#2364=CARTESIAN_POINT('',(12.5531583294108,28.6304699351084,-8.89089160053669E-15));
#2365=CARTESIAN_POINT('Ctrl Pts',(12.0328989894507,28.0299836875844,-9.44266577421375E-15));
#2366=CARTESIAN_POINT('Ctrl Pts',(12.0328989894507,28.3047000680306,-9.44266577421375E-15));
#2367=CARTESIAN_POINT('Ctrl Pts',(12.3209865211576,28.6304699351084,-9.13712727150005E-15));
#2368=CARTESIAN_POINT('Ctrl Pts',(12.5531583294108,28.6304699351084,-8.89089160053669E-15));
#2369=CARTESIAN_POINT('',(12.8789281964887,28.5052673369405,-8.54538814599124E-15));
#2370=CARTESIAN_POINT('Ctrl Pts',(12.5531583294108,28.6304699351084,-8.89089160053669E-15));
#2371=CARTESIAN_POINT('Ctrl Pts',(12.6576964210851,28.6304699351084,-8.78002108900345E-15));
#2372=CARTESIAN_POINT('Ctrl Pts',(12.8193657954185,28.5696919748327,-8.60855855372529E-15));
#2373=CARTESIAN_POINT('Ctrl Pts',(12.8789281964887,28.5052673369405,-8.54538814599124E-15));
#2374=CARTESIAN_POINT('',(13.0041307946566,28.1199350687924,-8.41260137055026E-15));
#2375=CARTESIAN_POINT('Ctrl Pts',(12.8789281964887,28.5052673369405,-8.54538814599124E-15));
#2376=CARTESIAN_POINT('Ctrl Pts',(12.9397061567644,28.4408426990482,-8.48092854626261E-15));
#2377=CARTESIAN_POINT('Ctrl Pts',(13.0041307946566,28.2548621406045,-8.41260137055026E-15));
#2378=CARTESIAN_POINT('Ctrl Pts',(13.0041307946566,28.1199350687924,-8.41260137055026E-15));
#2379=CARTESIAN_POINT('',(13.0041307946566,28.0166125363237,-8.41260137055026E-15));
#2380=CARTESIAN_POINT('',(13.0041307946566,28.1199350687924,-8.41260137055026E-15));
#2381=CARTESIAN_POINT('',(12.224957343922,28.0166125363237,-9.23897343907129E-15));
#2382=CARTESIAN_POINT('',(13.0041307946566,28.0166125363237,-8.41260137055026E-15));
#2383=CARTESIAN_POINT('',(12.5969184608093,27.613046880093,-8.84448068873208E-15));
#2384=CARTESIAN_POINT('Ctrl Pts',(12.224957343922,28.0166125363237,-9.23897343907129E-15));
#2385=CARTESIAN_POINT('Ctrl Pts',(12.224957343922,27.8209075042359,-9.23897343907129E-15));
#2386=CARTESIAN_POINT('Ctrl Pts',(12.4218779352153,27.613046880093,-9.03012433595053E-15));
#2387=CARTESIAN_POINT('Ctrl Pts',(12.5969184608093,27.613046880093,-8.84448068873208E-15));
#2388=CARTESIAN_POINT('',(12.8278747098571,27.6628848075191,-8.59953420976329E-15));
#2389=CARTESIAN_POINT('Ctrl Pts',(12.5969184608093,27.613046880093,-8.84448068873208E-15));
#2390=CARTESIAN_POINT('Ctrl Pts',(12.6589119802906,27.613046880093,-8.77873189700887E-15));
#2391=CARTESIAN_POINT('Ctrl Pts',(12.7792523416365,27.6410047418198,-8.65110188954619E-15));
#2392=CARTESIAN_POINT('Ctrl Pts',(12.8278747098571,27.6628848075191,-8.59953420976329E-15));
#2393=CARTESIAN_POINT('',(12.9725262553133,27.7491895111106,-8.44612036240915E-15));
#2394=CARTESIAN_POINT('Ctrl Pts',(12.8278747098571,27.6628848075191,-8.59953420976329E-15));
#2395=CARTESIAN_POINT('Ctrl Pts',(12.8789281964887,27.6871959916293,-8.54538814599124E-15));
#2396=CARTESIAN_POINT('Ctrl Pts',(12.9494306304085,27.7297405638223,-8.47061501030603E-15));
#2397=CARTESIAN_POINT('Ctrl Pts',(12.9725262553133,27.7491895111106,-8.44612036240915E-15));
#2398=CARTESIAN_POINT('',(12.9834662881629,27.7491895111106,-8.43451763445799E-15));
#2399=CARTESIAN_POINT('',(12.9725262553133,27.7491895111106,-8.44612036240915E-15));
#2400=CARTESIAN_POINT('',(12.9834662881629,27.5425444461731,-8.43451763445799E-15));
#2401=CARTESIAN_POINT('',(12.9834662881629,27.7491895111106,-8.43451763445799E-15));
#2402=CARTESIAN_POINT('',(12.8120724401854,27.4793353674864,-8.61629370569273E-15));
#2403=CARTESIAN_POINT('Ctrl Pts',(12.9834662881629,27.5425444461731,-8.43451763445799E-15));
#2404=CARTESIAN_POINT('Ctrl Pts',(12.950646189614,27.5291732949125,-8.46932581831145E-15));
#2405=CARTESIAN_POINT('Ctrl Pts',(12.8509703347618,27.490275400336,-8.57503956186641E-15));
#2406=CARTESIAN_POINT('Ctrl Pts',(12.8120724401854,27.4793353674864,-8.61629370569273E-15));
#2407=CARTESIAN_POINT('Ctrl Pts',(12.8120724401854,27.4793353674864,-8.61629370569273E-15));
#2408=CARTESIAN_POINT('Ctrl Pts',(12.7573722759372,27.4635330978147,-8.67430734544849E-15));
#2409=CARTESIAN_POINT('Ctrl Pts',(12.6674208947292,27.447730828143,-8.76970755304687E-15));
#2410=CARTESIAN_POINT('Ctrl Pts',(12.5993495792204,27.447730828143,-8.84190230474293E-15));
#2411=CARTESIAN_POINT('',(13.6435149367572,27.447730828143,-7.73448638140508E-15));
#2412=CARTESIAN_POINT('',(13.2642604646367,27.5923823735992,-8.13671428371173E-15));
#2413=CARTESIAN_POINT('Ctrl Pts',(13.6435149367572,27.447730828143,-7.73448638140508E-15));
#2414=CARTESIAN_POINT('Ctrl Pts',(13.5268212530278,27.447730828143,-7.85824881288405E-15));
#2415=CARTESIAN_POINT('Ctrl Pts',(13.333547339351,27.5194488212684,-8.06323034002109E-15));
#2416=CARTESIAN_POINT('Ctrl Pts',(13.2642604646367,27.5923823735992,-8.13671428371173E-15));
#2417=CARTESIAN_POINT('',(13.118393359975,28.0336303652009,-8.29141732306044E-15));
#2418=CARTESIAN_POINT('Ctrl Pts',(13.2642604646367,27.5923823735992,-8.13671428371173E-15));
#2419=CARTESIAN_POINT('Ctrl Pts',(13.1949735899224,27.6641003667246,-8.21019822740236E-15));
#2420=CARTESIAN_POINT('Ctrl Pts',(13.118393359975,27.8853321421282,-8.29141732306044E-15));
#2421=CARTESIAN_POINT('Ctrl Pts',(13.118393359975,28.0336303652009,-8.29141732306044E-15));
#2422=CARTESIAN_POINT('',(13.2642604646367,28.4712316791861,-8.13671428371173E-15));
#2423=CARTESIAN_POINT('Ctrl Pts',(13.118393359975,28.0336303652009,-8.29141732306044E-15));
#2424=CARTESIAN_POINT('Ctrl Pts',(13.118393359975,28.1819285882737,-8.29141732306044E-15));
#2425=CARTESIAN_POINT('Ctrl Pts',(13.1974047083334,28.3982981268552,-8.20761984341322E-15));
#2426=CARTESIAN_POINT('Ctrl Pts',(13.2642604646367,28.4712316791861,-8.13671428371173E-15));
#2427=CARTESIAN_POINT('',(13.6435149367572,28.6243921390809,-7.73448638140508E-15));
#2428=CARTESIAN_POINT('Ctrl Pts',(13.2642604646367,28.4712316791861,-8.13671428371173E-15));
#2429=CARTESIAN_POINT('Ctrl Pts',(13.33111622094,28.5453807907224,-8.06580872401023E-15));
#2430=CARTESIAN_POINT('Ctrl Pts',(13.5292523714388,28.6243921390809,-7.8556704288949E-15));
#2431=CARTESIAN_POINT('Ctrl Pts',(13.6435149367572,28.6243921390809,-7.73448638140508E-15));
#2432=CARTESIAN_POINT('',(13.9753625998626,28.5380874354893,-7.38253696688676E-15));
#2433=CARTESIAN_POINT('Ctrl Pts',(13.6435149367572,28.6243921390809,-7.73448638140508E-15));
#2434=CARTESIAN_POINT('Ctrl Pts',(13.7358974363762,28.6243921390809,-7.63650778981756E-15));
#2435=CARTESIAN_POINT('Ctrl Pts',(13.9085068435593,28.5721230932437,-7.45344252658825E-15));
#2436=CARTESIAN_POINT('Ctrl Pts',(13.9753625998626,28.5380874354893,-7.38253696688677E-15));
#2437=CARTESIAN_POINT('',(13.9753625998626,28.3253645745243,-7.38253696688677E-15));
#2438=CARTESIAN_POINT('',(13.9753625998626,28.5380874354893,-7.38253696688677E-15));
#2439=CARTESIAN_POINT('',(13.9644225670129,28.3253645745243,-7.39413969483792E-15));
#2440=CARTESIAN_POINT('',(13.9753625998626,28.3253645745243,-7.38253696688677E-15));
#2441=CARTESIAN_POINT('',(13.8355732912284,28.4092381597048,-7.53079404626261E-15));
#2442=CARTESIAN_POINT('Ctrl Pts',(13.9644225670129,28.3253645745243,-7.39413969483792E-15));
#2443=CARTESIAN_POINT('Ctrl Pts',(13.9437580605192,28.3423824034015,-7.41605595874565E-15));
#2444=CARTESIAN_POINT('Ctrl Pts',(13.8805489818324,28.3861425348001,-7.48309394246342E-15));
#2445=CARTESIAN_POINT('Ctrl Pts',(13.8355732912284,28.4092381597048,-7.53079404626261E-15));
#2446=CARTESIAN_POINT('',(13.6398682591406,28.4590760871309,-7.7383539573888E-15));
#2447=CARTESIAN_POINT('Ctrl Pts',(13.8355732912284,28.4092381597048,-7.53079404626261E-15));
#2448=CARTESIAN_POINT('Ctrl Pts',(13.7954598374464,28.4286871069931,-7.57333738208351E-15));
#2449=CARTESIAN_POINT('Ctrl Pts',(13.6884906273612,28.4590760871309,-7.6867862776059E-15));
#2450=CARTESIAN_POINT('Ctrl Pts',(13.6398682591406,28.4590760871309,-7.7383539573888E-15));
#2451=CARTESIAN_POINT('',(13.3140983920628,28.0336303652009,-8.08385741193425E-15));
#2452=CARTESIAN_POINT('Ctrl Pts',(13.6398682591406,28.4590760871309,-7.7383539573888E-15));
#2453=CARTESIAN_POINT('Ctrl Pts',(13.4927855952734,28.4590760871309,-7.89434618873208E-15));
#2454=CARTESIAN_POINT('Ctrl Pts',(13.3140983920628,28.2366287525218,-8.08385741193425E-15));
#2455=CARTESIAN_POINT('Ctrl Pts',(13.3140983920628,28.0336303652009,-8.08385741193425E-15));
#2456=CARTESIAN_POINT('',(13.6398682591406,27.613046880093,-7.7383539573888E-15));
#2457=CARTESIAN_POINT('Ctrl Pts',(13.3140983920628,28.0336303652009,-8.08385741193425E-15));
#2458=CARTESIAN_POINT('Ctrl Pts',(13.3140983920628,27.8354942147021,-8.08385741193425E-15));
#2459=CARTESIAN_POINT('Ctrl Pts',(13.4867077992458,27.613046880093,-7.90079214870494E-15));
#2460=CARTESIAN_POINT('Ctrl Pts',(13.6398682591406,27.613046880093,-7.7383539573888E-15));
#2461=CARTESIAN_POINT('',(13.9644225670129,27.7491895111106,-7.39413969483792E-15));
#2462=CARTESIAN_POINT('Ctrl Pts',(13.6398682591406,27.613046880093,-7.7383539573888E-15));
#2463=CARTESIAN_POINT('Ctrl Pts',(13.7322507587597,27.613046880093,-7.64037536580128E-15));
#2464=CARTESIAN_POINT('Ctrl Pts',(13.8999979291207,27.6896271100404,-7.46246687055026E-15));
#2465=CARTESIAN_POINT('Ctrl Pts',(13.9644225670129,27.7491895111106,-7.39413969483792E-15));
#2466=CARTESIAN_POINT('',(13.9753625998626,27.7491895111106,-7.38253696688677E-15));
#2467=CARTESIAN_POINT('',(13.9644225670129,27.7491895111106,-7.39413969483792E-15));
#2468=CARTESIAN_POINT('',(13.9753625998626,27.5364666501456,-7.38253696688677E-15));
#2469=CARTESIAN_POINT('',(13.9753625998626,27.7491895111106,-7.38253696688677E-15));
#2470=CARTESIAN_POINT('',(13.8282799359953,27.4769042490754,-7.53852919823005E-15));
#2471=CARTESIAN_POINT('Ctrl Pts',(13.9753625998626,27.5364666501456,-7.38253696688677E-15));
#2472=CARTESIAN_POINT('Ctrl Pts',(13.9474047381357,27.5230954988849,-7.41218838276194E-15));
#2473=CARTESIAN_POINT('Ctrl Pts',(13.8623155937497,27.485413163514,-7.50243182238201E-15));
#2474=CARTESIAN_POINT('Ctrl Pts',(13.8282799359953,27.4769042490754,-7.53852919823005E-15));
#2475=CARTESIAN_POINT('Ctrl Pts',(13.8282799359953,27.4769042490754,-7.53852919823005E-15));
#2476=CARTESIAN_POINT('Ctrl Pts',(13.7796575677748,27.4623175386092,-7.59009687801295E-15));
#2477=CARTESIAN_POINT('Ctrl Pts',(13.7030773378274,27.447730828143,-7.67131597367102E-15));
#2478=CARTESIAN_POINT('Ctrl Pts',(13.6435149367572,27.447730828143,-7.73448638140508E-15));
#2479=CARTESIAN_POINT('',(7.19618891070931,25.0035470128059,-1.45723607206181E-14));
#2480=CARTESIAN_POINT('',(6.93727479993477,25.0035470128059,-1.4846958615462E-14));
#2481=CARTESIAN_POINT('',(7.19618891070931,25.0035470128059,-1.45723607206181E-14));
#2482=CARTESIAN_POINT('',(6.38905759824782,25.7012779967711,-1.54283842050143E-14));
#2483=CARTESIAN_POINT('',(6.93727479993477,25.0035470128059,-1.4846958615462E-14));
#2484=CARTESIAN_POINT('',(6.30153733545079,25.6028177011245,-1.55212060286235E-14));
#2485=CARTESIAN_POINT('',(6.38905759824782,25.7012779967711,-1.54283842050143E-14));
#2486=CARTESIAN_POINT('',(6.30153733545079,25.0035470128059,-1.55212060286235E-14));
#2487=CARTESIAN_POINT('',(6.30153733545079,25.6028177011245,-1.55212060286235E-14));
#2488=CARTESIAN_POINT('',(6.10218562574645,25.0035470128059,-1.57326335157334E-14));
#2489=CARTESIAN_POINT('',(6.30153733545079,25.0035470128059,-1.55212060286235E-14));
#2490=CARTESIAN_POINT('',(6.10218562574644,26.5035470724106,-1.57326335157334E-14));
#2491=CARTESIAN_POINT('',(6.10218562574645,25.0035470128059,-1.57326335157334E-14));
#2492=CARTESIAN_POINT('',(6.30153733545079,26.5035470724106,-1.55212060286235E-14));
#2493=CARTESIAN_POINT('',(6.10218562574644,26.5035470724106,-1.57326335157334E-14));
#2494=CARTESIAN_POINT('',(6.30153733545079,25.814325002884,-1.55212060286235E-14));
#2495=CARTESIAN_POINT('',(6.30153733545079,26.5035470724106,-1.55212060286235E-14));
#2496=CARTESIAN_POINT('',(6.91661029344103,26.5035470724106,-1.48688748793698E-14));
#2497=CARTESIAN_POINT('',(6.30153733545079,25.814325002884,-1.55212060286235E-14));
#2498=CARTESIAN_POINT('',(7.15972213454388,26.5035470724106,-1.46110364804553E-14));
#2499=CARTESIAN_POINT('',(6.91661029344103,26.5035470724106,-1.48688748793698E-14));
#2500=CARTESIAN_POINT('',(6.53857138052608,25.8337739501722,-1.52698135896818E-14));
#2501=CARTESIAN_POINT('',(7.15972213454388,26.5035470724106,-1.46110364804553E-14));
#2502=CARTESIAN_POINT('',(6.53857138052608,25.8337739501722,-1.52698135896818E-14));
#2503=CARTESIAN_POINT('',(8.87122949590802,25.0035470128059,-1.27958541520971E-14));
#2504=CARTESIAN_POINT('',(8.13946285418841,25.0035470128059,-1.35719477328297E-14));
#2505=CARTESIAN_POINT('',(8.87122949590802,25.0035470128059,-1.27958541520971E-14));
#2506=CARTESIAN_POINT('',(8.13946285418841,25.1567074727007,-1.35719477328297E-14));
#2507=CARTESIAN_POINT('',(8.13946285418841,25.0035470128059,-1.35719477328297E-14));
#2508=CARTESIAN_POINT('',(8.41174811622361,25.1567074727007,-1.32831687260455E-14));
#2509=CARTESIAN_POINT('',(8.13946285418841,25.1567074727007,-1.35719477328297E-14));
#2510=CARTESIAN_POINT('',(8.41174811622361,26.1619749356611,-1.32831687260455E-14));
#2511=CARTESIAN_POINT('',(8.41174811622361,25.1567074727007,-1.32831687260455E-14));
#2512=CARTESIAN_POINT('',(8.13946285418841,26.1619749356611,-1.35719477328298E-14));
#2513=CARTESIAN_POINT('',(8.41174811622361,26.1619749356611,-1.32831687260455E-14));
#2514=CARTESIAN_POINT('',(8.13946285418841,26.2993331258842,-1.35719477328298E-14));
#2515=CARTESIAN_POINT('',(8.13946285418841,26.1619749356611,-1.35719477328298E-14));
#2516=CARTESIAN_POINT('',(8.44943045159456,26.5084093092326,-1.32432037742137E-14));
#2517=CARTESIAN_POINT('Ctrl Pts',(8.13946285418841,26.2993331258842,-1.35719477328298E-14));
#2518=CARTESIAN_POINT('Ctrl Pts',(8.29383887328873,26.2993331258842,-1.3408220349519E-14));
#2519=CARTESIAN_POINT('Ctrl Pts',(8.43970597795044,26.3868533886812,-1.32535173101703E-14));
#2520=CARTESIAN_POINT('Ctrl Pts',(8.44943045159456,26.5084093092326,-1.32432037742137E-14));
#2521=CARTESIAN_POINT('',(8.60502202990039,26.5084093092326,-1.30781871989084E-14));
#2522=CARTESIAN_POINT('',(8.44943045159456,26.5084093092326,-1.32432037742137E-14));
#2523=CARTESIAN_POINT('',(8.60502202990039,25.1567074727007,-1.30781871989084E-14));
#2524=CARTESIAN_POINT('',(8.60502202990039,26.5084093092326,-1.30781871989084E-14));
#2525=CARTESIAN_POINT('',(8.87122949590802,25.1567074727007,-1.27958541520971E-14));
#2526=CARTESIAN_POINT('',(8.60502202990039,25.1567074727007,-1.30781871989084E-14));
#2527=CARTESIAN_POINT('',(8.87122949590802,25.1567074727007,-1.27958541520971E-14));
#2528=CARTESIAN_POINT('',(15.9602892842183,19.,-8.36480776274145E-16));
#2529=CARTESIAN_POINT('',(25.7602892842707,19.,5.11626446478488E-15));
#2530=CARTESIAN_POINT('',(20.8602892842445,19.,-8.05542049949451E-17));
#2531=CARTESIAN_POINT('',(25.7602892842707,10.5000000000437,5.11626446478488E-15));
#2532=CARTESIAN_POINT('',(25.7602892842707,19.,5.11626446478488E-15));
#2533=CARTESIAN_POINT('',(15.9602892842183,10.5000000000437,-8.36480776274141E-16));
#2534=CARTESIAN_POINT('',(25.7602892842707,10.5000000000437,5.11626446478488E-15));
#2535=CARTESIAN_POINT('',(15.9602892842183,19.,-8.36480776274145E-16));
#2536=CARTESIAN_POINT('',(4.36028928424445,36.25,-1.23064862769864E-14));
#2537=CARTESIAN_POINT('Origin',(5.86028928424445,36.25,-1.23809579558368E-14));
#2538=CARTESIAN_POINT('',(37.3602892842445,36.25,5.76159547540187E-15));
#2539=CARTESIAN_POINT('Origin',(35.8602892842445,36.25,4.17073261731451E-15));
#2540=CARTESIAN_POINT('Origin',(31.8602892842445,19.625,1.1585773420979E-14));
#2541=CARTESIAN_POINT('Origin',(31.8602892842445,19.625,1.1585773420979E-14));
#2542=CARTESIAN_POINT('Origin',(31.8602892842445,19.625,1.1585773420979E-14));
#2543=CARTESIAN_POINT('Origin',(31.8602892842445,19.625,1.1585773420979E-14));
#2544=CARTESIAN_POINT('',(12.224957343922,28.1612640817799,-9.23897343907129E-15));
#2545=CARTESIAN_POINT('',(12.8193657954185,28.1612640817799,-8.60855855372529E-15));
#2546=CARTESIAN_POINT('',(12.224957343922,28.1612640817799,-9.23897343907129E-15));
#2547=CARTESIAN_POINT('',(12.3173398435411,28.3861425348001,-9.14099484748377E-15));
#2548=CARTESIAN_POINT('Ctrl Pts',(12.3173398435411,28.3861425348001,-9.14099484748377E-15));
#2549=CARTESIAN_POINT('Ctrl Pts',(12.2747952713481,28.341166844196,-9.18611656729381E-15));
#2550=CARTESIAN_POINT('Ctrl Pts',(12.2310351399495,28.2329820749053,-9.23252747909842E-15));
#2551=CARTESIAN_POINT('Ctrl Pts',(12.224957343922,28.1612640817799,-9.23897343907129E-15));
#2552=CARTESIAN_POINT('',(12.5422182965612,28.4748783568026,-8.90249432848784E-15));
#2553=CARTESIAN_POINT('Ctrl Pts',(12.5422182965612,28.4748783568026,-8.90249432848784E-15));
#2554=CARTESIAN_POINT('Ctrl Pts',(12.4668536258193,28.4748783568026,-8.98242423215134E-15));
#2555=CARTESIAN_POINT('Ctrl Pts',(12.3610999749396,28.4299026661986,-9.09458393567916E-15));
#2556=CARTESIAN_POINT('Ctrl Pts',(12.3173398435411,28.3861425348001,-9.14099484748377E-15));
#2557=CARTESIAN_POINT('',(12.7549411575262,28.3873580940056,-8.67688572943764E-15));
#2558=CARTESIAN_POINT('Ctrl Pts',(12.7549411575262,28.3873580940056,-8.67688572943764E-15));
#2559=CARTESIAN_POINT('Ctrl Pts',(12.7221210589773,28.4299026661986,-8.7116939132911E-15));
#2560=CARTESIAN_POINT('Ctrl Pts',(12.6187985265086,28.4748783568026,-8.82127523282977E-15));
#2561=CARTESIAN_POINT('Ctrl Pts',(12.5422182965612,28.4748783568026,-8.90249432848784E-15));
#2562=CARTESIAN_POINT('Ctrl Pts',(12.8193657954185,28.1612640817799,-8.60855855372529E-15));
#2563=CARTESIAN_POINT('Ctrl Pts',(12.8169346770074,28.2378443117273,-8.61113693771444E-15));
#2564=CARTESIAN_POINT('Ctrl Pts',(12.7853301376641,28.3496757586346,-8.64465592957333E-15));
#2565=CARTESIAN_POINT('Ctrl Pts',(12.7549411575262,28.3873580940056,-8.67688572943764E-15));
#2566=CARTESIAN_POINT('Origin',(31.8602892842445,19.625,1.1585773420979E-14));
#2567=CARTESIAN_POINT('',(7.68970594814812,28.0360614836119,-1.40489487708216E-14));
#2568=CARTESIAN_POINT('',(7.38338502835851,28.4675850015695,-1.43738251534539E-14));
#2569=CARTESIAN_POINT('Ctrl Pts',(7.68970594814812,28.0360614836119,-1.40489487708216E-14));
#2570=CARTESIAN_POINT('Ctrl Pts',(7.68970594814812,28.2548621406045,-1.40489487708216E-14));
#2571=CARTESIAN_POINT('Ctrl Pts',(7.53046769222574,28.4675850015695,-1.42178329221106E-14));
#2572=CARTESIAN_POINT('Ctrl Pts',(7.38338502835852,28.4675850015695,-1.43738251534539E-14));
#2573=CARTESIAN_POINT('',(7.0758485493634,28.0360614836119,-1.46999907280808E-14));
#2574=CARTESIAN_POINT('Ctrl Pts',(7.38338502835852,28.4675850015695,-1.43738251534539E-14));
#2575=CARTESIAN_POINT('Ctrl Pts',(7.23630236449129,28.4675850015695,-1.45298173847972E-14));
#2576=CARTESIAN_POINT('Ctrl Pts',(7.0758485493634,28.2548621406045,-1.46999907280808E-14));
#2577=CARTESIAN_POINT('Ctrl Pts',(7.0758485493634,28.0360614836119,-1.46999907280808E-14));
#2578=CARTESIAN_POINT('',(7.38338502835852,27.6045379656544,-1.43738251534539E-14));
#2579=CARTESIAN_POINT('Ctrl Pts',(7.0758485493634,28.0360614836119,-1.46999907280808E-14));
#2580=CARTESIAN_POINT('Ctrl Pts',(7.0758485493634,27.8233386226469,-1.46999907280808E-14));
#2581=CARTESIAN_POINT('Ctrl Pts',(7.23630236449129,27.6045379656544,-1.45298173847972E-14));
#2582=CARTESIAN_POINT('Ctrl Pts',(7.38338502835852,27.6045379656544,-1.43738251534539E-14));
#2583=CARTESIAN_POINT('Ctrl Pts',(7.38338502835852,27.6045379656544,-1.43738251534539E-14));
#2584=CARTESIAN_POINT('Ctrl Pts',(7.52925213302023,27.6045379656544,-1.42191221141052E-14));
#2585=CARTESIAN_POINT('Ctrl Pts',(7.68970594814812,27.8196919450304,-1.40489487708216E-14));
#2586=CARTESIAN_POINT('Ctrl Pts',(7.68970594814812,28.0360614836119,-1.40489487708216E-14));
#2587=CARTESIAN_POINT('Origin',(31.8602892842445,19.625,1.1585773420979E-14));
#2588=CARTESIAN_POINT('',(6.58354707113011,28.1612640817799,-1.52221134858827E-14));
#2589=CARTESIAN_POINT('',(6.51912243323785,28.3873580940056,-1.5290440661595E-14));
#2590=CARTESIAN_POINT('Ctrl Pts',(6.58354707113011,28.1612640817799,-1.52221134858827E-14));
#2591=CARTESIAN_POINT('Ctrl Pts',(6.58111595271908,28.2378443117273,-1.52246918698718E-14));
#2592=CARTESIAN_POINT('Ctrl Pts',(6.54951141337571,28.3496757586346,-1.52582108617307E-14));
#2593=CARTESIAN_POINT('Ctrl Pts',(6.51912243323785,28.3873580940056,-1.5290440661595E-14));
#2594=CARTESIAN_POINT('',(6.30639957227284,28.4748783568026,-1.55160492606452E-14));
#2595=CARTESIAN_POINT('Ctrl Pts',(6.51912243323785,28.3873580940056,-1.5290440661595E-14));
#2596=CARTESIAN_POINT('Ctrl Pts',(6.48630233468896,28.4299026661986,-1.53252488454485E-14));
#2597=CARTESIAN_POINT('Ctrl Pts',(6.38297980222025,28.4748783568026,-1.54348301649871E-14));
#2598=CARTESIAN_POINT('Ctrl Pts',(6.30639957227285,28.4748783568026,-1.55160492606452E-14));
#2599=CARTESIAN_POINT('',(6.0815211192527,28.3861425348001,-1.57545497796411E-14));
#2600=CARTESIAN_POINT('Ctrl Pts',(6.30639957227285,28.4748783568026,-1.55160492606452E-14));
#2601=CARTESIAN_POINT('Ctrl Pts',(6.23103490153096,28.4748783568026,-1.55959791643087E-14));
#2602=CARTESIAN_POINT('Ctrl Pts',(6.12528125065122,28.4299026661986,-1.57081388678365E-14));
#2603=CARTESIAN_POINT('Ctrl Pts',(6.0815211192527,28.3861425348001,-1.57545497796411E-14));
#2604=CARTESIAN_POINT('',(5.98913861963361,28.1612640817799,-1.58525283712287E-14));
#2605=CARTESIAN_POINT('Ctrl Pts',(6.0815211192527,28.3861425348001,-1.57545497796411E-14));
#2606=CARTESIAN_POINT('Ctrl Pts',(6.0389765470597,28.341166844196,-1.57996714994512E-14));
#2607=CARTESIAN_POINT('Ctrl Pts',(5.99521641566119,28.2329820749053,-1.58460824112558E-14));
#2608=CARTESIAN_POINT('Ctrl Pts',(5.98913861963361,28.1612640817799,-1.58525283712287E-14));
#2609=CARTESIAN_POINT('',(5.98913861963361,28.1612640817799,-1.58525283712287E-14));
#2610=CARTESIAN_POINT('Origin',(31.8602892842445,19.625,1.1585773420979E-14));
#2611=CARTESIAN_POINT('Origin',(31.8602892842445,19.625,1.1585773420979E-14));
#2612=CARTESIAN_POINT('Origin',(31.8602892842445,19.625,1.1585773420979E-14));
#2613=CARTESIAN_POINT('Origin',(31.8602892842445,19.625,1.1585773420979E-14));
#2614=CARTESIAN_POINT('Origin',(31.8602892842445,19.625,1.1585773420979E-14));
#2615=CARTESIAN_POINT('Origin',(31.8602892842445,19.625,1.1585773420979E-14));
#2616=CARTESIAN_POINT('Origin',(31.8602892842445,19.625,1.1585773420979E-14));
#2617=CARTESIAN_POINT('Origin',(31.8602892842445,19.625,1.1585773420979E-14));
#2618=CARTESIAN_POINT('Origin',(1.59086285808734E-15,1.00000000000001,-1.5));
#2619=CARTESIAN_POINT('',(-0.991509530601416,1.13003403680019,-1.5));
#2620=CARTESIAN_POINT('',(-0.991509530601416,1.1300340368002,-1.5));
#2621=CARTESIAN_POINT('',(1.59086285808734E-15,4.44089209850063E-15,-1.5));
#2622=CARTESIAN_POINT('Origin',(1.59086285808734E-15,1.00000000000001,-1.5));
#2623=CARTESIAN_POINT('',(1.59086285808734E-15,8.88178419700125E-15,-1.5));
#2624=CARTESIAN_POINT('Origin',(2.86028928424445,30.5,-1.5));
#2625=CARTESIAN_POINT('',(2.86028928424445,30.5,-1.5));
#2626=CARTESIAN_POINT('',(2.86028928424445,30.5,-1.5));
#2627=CARTESIAN_POINT('',(-1.13971071575554,8.88178419700125E-15,-1.5));
#2628=CARTESIAN_POINT('Origin',(8.86028928424445,30.49,-1.5));
#2629=CARTESIAN_POINT('',(8.87028928424445,30.49,-1.5));
#2630=CARTESIAN_POINT('',(8.87028928424445,30.49,-1.5));
#2631=CARTESIAN_POINT('',(8.86028928424445,30.49,-1.5));
#2632=CARTESIAN_POINT('',(9.36028928424445,30.49,-1.5));
#2633=CARTESIAN_POINT('',(8.86028928424445,30.49,-1.5));
#2634=CARTESIAN_POINT('Origin',(8.87028928424445,30.49,-1.5));
#2635=CARTESIAN_POINT('',(8.87028928424445,30.5,-1.5));
#2636=CARTESIAN_POINT('',(8.87028928424445,30.5,-1.5));
#2637=CARTESIAN_POINT('',(8.87028928424446,25.0575,-1.5));
#2638=CARTESIAN_POINT('Origin',(15.9602892842183,10.5000000000437,-1.5));
#2639=CARTESIAN_POINT('',(15.9602892842183,10.5000000000437,-1.5));
#2640=CARTESIAN_POINT('',(15.9602892842183,10.5000000000437,-1.5));
#2641=CARTESIAN_POINT('',(15.9602892842183,19.,-1.5));
#2642=CARTESIAN_POINT('',(15.9602892842183,19.,-1.5));
#2643=CARTESIAN_POINT('',(15.9602892842183,19.,-1.5));
#2644=CARTESIAN_POINT('Origin',(8.86028928424446,30.5,-1.5));
#2645=CARTESIAN_POINT('',(8.86028928424444,36.25,-1.50000000000002));
#2646=CARTESIAN_POINT('',(8.86028928424445,31.192197581341,-1.5));
#2647=CARTESIAN_POINT('',(8.86028928424444,36.25,-1.50000000000002));
#2648=CARTESIAN_POINT('Origin',(5.86028928424445,36.25,-1.50000000000002));
#2649=CARTESIAN_POINT('',(2.86028928424445,36.25,-1.50000000000002));
#2650=CARTESIAN_POINT('Origin',(5.86028928424445,36.25,-1.50000000000002));
#2651=CARTESIAN_POINT('',(2.86028928424445,36.25,-1.50000000000002));
#2652=CARTESIAN_POINT('Origin',(5.86028928424445,36.2500000000001,43.5201343845173));
#2653=CARTESIAN_POINT('',(4.36028928424445,36.25,-1.50000000000002));
#2654=CARTESIAN_POINT('Origin',(5.86028928424445,36.25,-1.50000000000002));
#2655=CARTESIAN_POINT('',(4.36028928424445,36.2500000000001,43.5201343845173));
#2656=CARTESIAN_POINT('Origin',(2.86028928424445,36.25,-1.50000000000002));
#2657=CARTESIAN_POINT('',(2.86028928424445,31.1921975813409,-1.5));
#2658=CARTESIAN_POINT('Origin',(41.7205785684889,1.00000000000004,-1.49999999999998));
#2659=CARTESIAN_POINT('',(41.7205785684889,3.5527136788005E-14,-1.49999999999998));
#2660=CARTESIAN_POINT('',(41.7205785684889,3.99680288865056E-14,-1.49999999999998));
#2661=CARTESIAN_POINT('',(42.7120880990904,1.13003403680022,-1.49999999999998));
#2662=CARTESIAN_POINT('Origin',(41.7205785684889,1.00000000000004,-1.49999999999998));
#2663=CARTESIAN_POINT('',(42.7120880990904,1.13003403680023,-1.49999999999998));
#2664=CARTESIAN_POINT('Origin',(38.8602892842445,30.5,-1.49999999999998));
#2665=CARTESIAN_POINT('',(38.8602892842445,30.5,-1.49999999999998));
#2666=CARTESIAN_POINT('',(42.8602892842445,3.99680288865056E-14,-1.49999999999997));
#2667=CARTESIAN_POINT('',(38.8602892842445,30.5,-1.49999999999998));
#2668=CARTESIAN_POINT('Origin',(32.8602892842444,31.202197581341,-1.49999999999999));
#2669=CARTESIAN_POINT('',(32.8602892842444,30.49,-1.49999999999999));
#2670=CARTESIAN_POINT('',(32.8602892842445,36.25,-1.5));
#2671=CARTESIAN_POINT('',(32.8602892842445,25.4135987906705,-1.49999999999998));
#2672=CARTESIAN_POINT('',(32.8602892842444,30.49,-1.49999999999999));
#2673=CARTESIAN_POINT('',(32.8602892842445,36.25,-1.5));
#2674=CARTESIAN_POINT('Origin',(32.8602892842444,30.49,-1.49999999999999));
#2675=CARTESIAN_POINT('',(32.8502892842445,30.49,-1.49999999999999));
#2676=CARTESIAN_POINT('',(32.3602892842445,30.49,-1.49999999999999));
#2677=CARTESIAN_POINT('',(32.8502892842445,30.49,-1.49999999999999));
#2678=CARTESIAN_POINT('Origin',(32.8502892842445,30.49,-1.49999999999999));
#2679=CARTESIAN_POINT('',(32.8502892842445,30.5,-1.49999999999999));
#2680=CARTESIAN_POINT('',(32.8502892842445,30.5,-1.49999999999999));
#2681=CARTESIAN_POINT('',(32.8502892842445,25.0575,-1.49999999999999));
#2682=CARTESIAN_POINT('Origin',(20.8602892842445,30.5,-1.5));
#2683=CARTESIAN_POINT('',(35.3602892842445,30.5,-1.49999999999999));
#2684=CARTESIAN_POINT('Origin',(25.7602892842707,19.,-1.5));
#2685=CARTESIAN_POINT('',(25.7602892842707,19.,-1.5));
#2686=CARTESIAN_POINT('',(20.8602892842445,19.,-1.5));
#2687=CARTESIAN_POINT('',(25.7602892842707,19.,-1.5));
#2688=CARTESIAN_POINT('Origin',(25.7602892842707,10.5000000000437,-1.5));
#2689=CARTESIAN_POINT('',(25.7602892842707,10.5000000000437,-1.5));
#2690=CARTESIAN_POINT('',(25.7602892842707,19.,-1.5));
#2691=CARTESIAN_POINT('',(25.7602892842707,10.5000000000437,-1.5));
#2692=CARTESIAN_POINT('Origin',(20.8602892842445,10.5,-1.5));
#2693=CARTESIAN_POINT('',(25.7602892842707,10.5000000000437,-1.5));
#2694=CARTESIAN_POINT('Origin',(42.8602892842445,3.99680288865056E-14,-1.49999999999997));
#2695=CARTESIAN_POINT('',(20.8602892842445,8.88178419700125E-15,-1.5));
#2696=CARTESIAN_POINT('Origin',(31.8602892842445,19.625,-1.49999999999999));
#2697=CARTESIAN_POINT('',(38.8602892842445,36.25,-1.5));
#2698=CARTESIAN_POINT('Origin',(35.8602892842445,36.25,-1.5));
#2699=CARTESIAN_POINT('',(38.8602892842445,31.192197581341,-1.49999999999998));
#2700=CARTESIAN_POINT('',(37.3602892842445,36.25,-1.5));
#2701=CARTESIAN_POINT('Origin',(35.8602892842445,36.25,-1.5));
#2702=CARTESIAN_POINT('Origin',(35.8602892842445,36.25,-1.5));
#2703=CARTESIAN_POINT('',(38.8602892842445,36.25,-1.5));
#2704=CARTESIAN_POINT('Origin',(35.8602892842444,36.2500000000001,43.5201343845174));
#2705=CARTESIAN_POINT('',(37.3602892842444,36.2500000000001,43.5201343845174));
#2706=CARTESIAN_POINT('Origin',(31.8602892842445,19.625,1.1585773420979E-14));
#2707=CARTESIAN_POINT('Origin',(38.8602892842445,36.25,-1.5));
#2708=UNCERTAINTY_MEASURE_WITH_UNIT(LENGTH_MEASURE(0.01),#2712,
'DISTANCE_ACCURACY_VALUE',
'Maximum model space distance between geometric entities at asserted c
onnectivities');
#2709=UNCERTAINTY_MEASURE_WITH_UNIT(LENGTH_MEASURE(0.01),#2712,
'DISTANCE_ACCURACY_VALUE',
'Maximum model space distance between geometric entities at asserted c
onnectivities');
#2710=(
GEOMETRIC_REPRESENTATION_CONTEXT(3)
GLOBAL_UNCERTAINTY_ASSIGNED_CONTEXT((#2708))
GLOBAL_UNIT_ASSIGNED_CONTEXT((#2712,#2714,#2715))
REPRESENTATION_CONTEXT('','3D')
);
#2711=(
GEOMETRIC_REPRESENTATION_CONTEXT(3)
GLOBAL_UNCERTAINTY_ASSIGNED_CONTEXT((#2709))
GLOBAL_UNIT_ASSIGNED_CONTEXT((#2712,#2714,#2715))
REPRESENTATION_CONTEXT('','3D')
);
#2712=(
LENGTH_UNIT()
NAMED_UNIT(*)
SI_UNIT(.MILLI.,.METRE.)
);
#2713=(
LENGTH_UNIT()
NAMED_UNIT(*)
SI_UNIT(.CENTI.,.METRE.)
);
#2714=(
NAMED_UNIT(*)
PLANE_ANGLE_UNIT()
SI_UNIT($,.RADIAN.)
);
#2715=(
NAMED_UNIT(*)
SI_UNIT($,.STERADIAN.)
SOLID_ANGLE_UNIT()
);
#2716=SHAPE_DEFINITION_REPRESENTATION(#2717,#2718);
#2717=PRODUCT_DEFINITION_SHAPE('',$,#2720);
#2718=SHAPE_REPRESENTATION('',(#1685),#2710);
#2719=PRODUCT_DEFINITION_CONTEXT('part definition',#2724,'design');
#2720=PRODUCT_DEFINITION('FrontArmor','FrontArmor',#2721,#2719);
#2721=PRODUCT_DEFINITION_FORMATION('',$,#2726);
#2722=PRODUCT_RELATED_PRODUCT_CATEGORY('FrontArmor','FrontArmor',(#2726));
#2723=APPLICATION_PROTOCOL_DEFINITION('international standard',
'automotive_design',2009,#2724);
#2724=APPLICATION_CONTEXT(
'Core Data for Automotive Mechanical Design Process');
#2725=PRODUCT_CONTEXT('part definition',#2724,'mechanical');
#2726=PRODUCT('FrontArmor','FrontArmor',
'Front metal sheet for MiniSUmo robot MK-1',(#2725));
#2727=CURVE_STYLE('',#2728,POSITIVE_LENGTH_MEASURE(0.0254),#2739);
#2728=DRAUGHTING_PRE_DEFINED_CURVE_FONT('continuous');
#2729=PRESENTATION_STYLE_ASSIGNMENT((#2731));
#2730=PRESENTATION_STYLE_ASSIGNMENT((#2727));
#2731=SURFACE_STYLE_USAGE(.BOTH.,#2734);
#2732=SURFACE_STYLE_RENDERING_WITH_PROPERTIES($,#2738,(#2733));
#2733=SURFACE_STYLE_TRANSPARENT(0.);
#2734=SURFACE_SIDE_STYLE('',(#2735,#2732));
#2735=SURFACE_STYLE_FILL_AREA(#2736);
#2736=FILL_AREA_STYLE('',(#2737));
#2737=FILL_AREA_STYLE_COLOUR('',#2738);
#2738=COLOUR_RGB('',0.745098039215686,0.737254901960784,0.729411764705882);
#2739=COLOUR_RGB('',1.,1.,0.);
ENDSEC;
END-ISO-10303-21;
