ISO-10303-21;
HEADER;
/* Generated by software containing ST-Developer
 * from STEP Tools, Inc. (www.steptools.com) 
 */

FILE_DESCRIPTION(
/* description */ (''),
/* implementation_level */ '2;1');

FILE_NAME(
/* name */ 'UpperSomething.stp',
/* time_stamp */ '2026-09-26T13:37:32+02:00',
/* author */ ('Vadim'),
/* organization */ (''),
/* preprocessor_version */ 'ST-DEVELOPER v20.2',
/* originating_system */ 'Autodesk Inventor 2027',
/* authorisation */ '');

FILE_SCHEMA (('AUTOMOTIVE_DESIGN { 1 0 10303 214 3 1 1 }'));
ENDSEC;

DATA;
#10=MECHANICAL_DESIGN_GEOMETRIC_PRESENTATION_REPRESENTATION('',(#13,#14,
#15),#14403);
#11=SHAPE_REPRESENTATION_RELATIONSHIP('SRR','None',#14410,#12);
#12=ADVANCED_BREP_SHAPE_REPRESENTATION('',(#16,#17,#18),#14402);
#13=STYLED_ITEM('',(#14420),#16);
#14=STYLED_ITEM('',(#14420),#17);
#15=STYLED_ITEM('',(#14420),#18);
#16=MANIFOLD_SOLID_BREP('T\X2\011B\X0\leso1',#9124);
#17=MANIFOLD_SOLID_BREP('T\X2\011B\X0\leso2',#9125);
#18=MANIFOLD_SOLID_BREP('T\X2\011B\X0\leso2',#9126);
#19=FACE_BOUND('',#969,.T.);
#20=FACE_BOUND('',#970,.T.);
#21=FACE_BOUND('',#971,.T.);
#22=FACE_BOUND('',#972,.T.);
#23=FACE_BOUND('',#973,.T.);
#24=FACE_BOUND('',#975,.T.);
#25=FACE_BOUND('',#976,.T.);
#26=FACE_BOUND('',#977,.T.);
#27=FACE_BOUND('',#978,.T.);
#28=FACE_BOUND('',#979,.T.);
#29=FACE_BOUND('',#1366,.T.);
#30=FACE_BOUND('',#1367,.T.);
#31=FACE_BOUND('',#1368,.T.);
#32=FACE_BOUND('',#1369,.T.);
#33=FACE_BOUND('',#1370,.T.);
#34=FACE_BOUND('',#1371,.T.);
#35=FACE_BOUND('',#1372,.T.);
#36=FACE_BOUND('',#1373,.T.);
#37=FACE_BOUND('',#1374,.T.);
#38=FACE_BOUND('',#1375,.T.);
#39=FACE_BOUND('',#1376,.T.);
#40=FACE_BOUND('',#1377,.T.);
#41=FACE_BOUND('',#1378,.T.);
#42=FACE_BOUND('',#1379,.T.);
#43=FACE_BOUND('',#1380,.T.);
#44=FACE_BOUND('',#1381,.T.);
#45=FACE_BOUND('',#1382,.T.);
#46=FACE_BOUND('',#1383,.T.);
#47=FACE_BOUND('',#1384,.T.);
#48=FACE_BOUND('',#1385,.T.);
#49=FACE_BOUND('',#1386,.T.);
#50=FACE_BOUND('',#1387,.T.);
#51=FACE_BOUND('',#1388,.T.);
#52=FACE_BOUND('',#1389,.T.);
#53=FACE_BOUND('',#1390,.T.);
#54=FACE_BOUND('',#1391,.T.);
#55=FACE_BOUND('',#1392,.T.);
#56=FACE_BOUND('',#1393,.T.);
#57=FACE_BOUND('',#1394,.T.);
#58=FACE_BOUND('',#1395,.T.);
#59=FACE_BOUND('',#1396,.T.);
#60=FACE_BOUND('',#1397,.T.);
#61=FACE_BOUND('',#1398,.T.);
#62=FACE_BOUND('',#1399,.T.);
#63=FACE_BOUND('',#1400,.T.);
#64=FACE_BOUND('',#1401,.T.);
#65=FACE_BOUND('',#1416,.T.);
#66=FACE_BOUND('',#1417,.T.);
#67=FACE_BOUND('',#1418,.T.);
#68=FACE_BOUND('',#1419,.T.);
#69=FACE_BOUND('',#1420,.T.);
#70=FACE_BOUND('',#1421,.T.);
#71=FACE_BOUND('',#1422,.T.);
#72=FACE_BOUND('',#1423,.T.);
#73=FACE_BOUND('',#1424,.T.);
#74=FACE_BOUND('',#1425,.T.);
#75=FACE_BOUND('',#1426,.T.);
#76=FACE_BOUND('',#1427,.T.);
#77=FACE_BOUND('',#1428,.T.);
#78=FACE_BOUND('',#1429,.T.);
#79=FACE_BOUND('',#1430,.T.);
#80=FACE_BOUND('',#1431,.T.);
#81=FACE_BOUND('',#1432,.T.);
#82=FACE_BOUND('',#1433,.T.);
#83=FACE_BOUND('',#1434,.T.);
#84=FACE_BOUND('',#1435,.T.);
#85=FACE_BOUND('',#1436,.T.);
#86=FACE_BOUND('',#1437,.T.);
#87=FACE_BOUND('',#1438,.T.);
#88=FACE_BOUND('',#1439,.T.);
#89=FACE_BOUND('',#1440,.T.);
#90=FACE_BOUND('',#1441,.T.);
#91=FACE_BOUND('',#1442,.T.);
#92=FACE_BOUND('',#1443,.T.);
#93=FACE_BOUND('',#1444,.T.);
#94=FACE_BOUND('',#1445,.T.);
#95=FACE_BOUND('',#1446,.T.);
#96=FACE_BOUND('',#1447,.T.);
#97=FACE_BOUND('',#1448,.T.);
#98=FACE_BOUND('',#1449,.T.);
#99=FACE_BOUND('',#1450,.T.);
#100=FACE_BOUND('',#1451,.T.);
#101=PLANE('',#9161);
#102=PLANE('',#9165);
#103=PLANE('',#9172);
#104=PLANE('',#9173);
#105=PLANE('',#9183);
#106=PLANE('',#9184);
#107=PLANE('',#9188);
#108=PLANE('',#9192);
#109=PLANE('',#9196);
#110=PLANE('',#9197);
#111=PLANE('',#9201);
#112=PLANE('',#9202);
#113=PLANE('',#9203);
#114=PLANE('',#9204);
#115=PLANE('',#9205);
#116=PLANE('',#9206);
#117=PLANE('',#9207);
#118=PLANE('',#9208);
#119=PLANE('',#9209);
#120=PLANE('',#9210);
#121=PLANE('',#9211);
#122=PLANE('',#9212);
#123=PLANE('',#9213);
#124=PLANE('',#9214);
#125=PLANE('',#9215);
#126=PLANE('',#9216);
#127=PLANE('',#9217);
#128=PLANE('',#9218);
#129=PLANE('',#9219);
#130=PLANE('',#9220);
#131=PLANE('',#9221);
#132=PLANE('',#9222);
#133=PLANE('',#9223);
#134=PLANE('',#9224);
#135=PLANE('',#9225);
#136=PLANE('',#9226);
#137=PLANE('',#9227);
#138=PLANE('',#9228);
#139=PLANE('',#9229);
#140=PLANE('',#9230);
#141=PLANE('',#9231);
#142=PLANE('',#9232);
#143=PLANE('',#9233);
#144=PLANE('',#9234);
#145=PLANE('',#9235);
#146=PLANE('',#9236);
#147=PLANE('',#9237);
#148=PLANE('',#9238);
#149=PLANE('',#9239);
#150=PLANE('',#9240);
#151=PLANE('',#9241);
#152=PLANE('',#9242);
#153=PLANE('',#9243);
#154=PLANE('',#9244);
#155=PLANE('',#9245);
#156=PLANE('',#9246);
#157=PLANE('',#9247);
#158=PLANE('',#9248);
#159=PLANE('',#9249);
#160=PLANE('',#9250);
#161=PLANE('',#9251);
#162=PLANE('',#9252);
#163=PLANE('',#9253);
#164=PLANE('',#9254);
#165=PLANE('',#9255);
#166=PLANE('',#9256);
#167=PLANE('',#9257);
#168=PLANE('',#9258);
#169=PLANE('',#9259);
#170=PLANE('',#9260);
#171=PLANE('',#9261);
#172=PLANE('',#9262);
#173=PLANE('',#9263);
#174=PLANE('',#9264);
#175=PLANE('',#9265);
#176=PLANE('',#9266);
#177=PLANE('',#9267);
#178=PLANE('',#9268);
#179=PLANE('',#9269);
#180=PLANE('',#9270);
#181=PLANE('',#9271);
#182=PLANE('',#9272);
#183=PLANE('',#9273);
#184=PLANE('',#9274);
#185=PLANE('',#9275);
#186=PLANE('',#9276);
#187=PLANE('',#9277);
#188=PLANE('',#9278);
#189=PLANE('',#9279);
#190=PLANE('',#9280);
#191=PLANE('',#9281);
#192=PLANE('',#9282);
#193=PLANE('',#9283);
#194=PLANE('',#9284);
#195=PLANE('',#9285);
#196=PLANE('',#9286);
#197=PLANE('',#9287);
#198=PLANE('',#9288);
#199=PLANE('',#9289);
#200=PLANE('',#9290);
#201=PLANE('',#9291);
#202=PLANE('',#9292);
#203=PLANE('',#9293);
#204=PLANE('',#9294);
#205=PLANE('',#9295);
#206=PLANE('',#9296);
#207=PLANE('',#9297);
#208=PLANE('',#9298);
#209=PLANE('',#9299);
#210=PLANE('',#9300);
#211=PLANE('',#9301);
#212=PLANE('',#9302);
#213=PLANE('',#9303);
#214=PLANE('',#9304);
#215=PLANE('',#9305);
#216=PLANE('',#9306);
#217=PLANE('',#9307);
#218=PLANE('',#9308);
#219=PLANE('',#9309);
#220=PLANE('',#9310);
#221=PLANE('',#9311);
#222=PLANE('',#9312);
#223=PLANE('',#9313);
#224=PLANE('',#9314);
#225=PLANE('',#9315);
#226=PLANE('',#9316);
#227=PLANE('',#9317);
#228=PLANE('',#9318);
#229=PLANE('',#9319);
#230=PLANE('',#9320);
#231=PLANE('',#9321);
#232=PLANE('',#9322);
#233=PLANE('',#9323);
#234=PLANE('',#9324);
#235=PLANE('',#9325);
#236=PLANE('',#9326);
#237=PLANE('',#9327);
#238=PLANE('',#9328);
#239=PLANE('',#9329);
#240=PLANE('',#9330);
#241=PLANE('',#9331);
#242=PLANE('',#9332);
#243=PLANE('',#9333);
#244=PLANE('',#9334);
#245=PLANE('',#9335);
#246=PLANE('',#9336);
#247=PLANE('',#9337);
#248=PLANE('',#9338);
#249=PLANE('',#9339);
#250=PLANE('',#9340);
#251=PLANE('',#9341);
#252=PLANE('',#9342);
#253=PLANE('',#9343);
#254=PLANE('',#9344);
#255=PLANE('',#9345);
#256=PLANE('',#9346);
#257=PLANE('',#9347);
#258=PLANE('',#9348);
#259=PLANE('',#9349);
#260=PLANE('',#9350);
#261=PLANE('',#9351);
#262=PLANE('',#9352);
#263=PLANE('',#9353);
#264=PLANE('',#9354);
#265=PLANE('',#9355);
#266=PLANE('',#9356);
#267=PLANE('',#9357);
#268=PLANE('',#9358);
#269=PLANE('',#9359);
#270=PLANE('',#9360);
#271=PLANE('',#9361);
#272=PLANE('',#9362);
#273=PLANE('',#9363);
#274=PLANE('',#9364);
#275=PLANE('',#9365);
#276=PLANE('',#9366);
#277=PLANE('',#9367);
#278=PLANE('',#9368);
#279=PLANE('',#9369);
#280=PLANE('',#9370);
#281=PLANE('',#9371);
#282=PLANE('',#9372);
#283=PLANE('',#9373);
#284=PLANE('',#9374);
#285=PLANE('',#9375);
#286=PLANE('',#9376);
#287=PLANE('',#9377);
#288=PLANE('',#9378);
#289=PLANE('',#9379);
#290=PLANE('',#9380);
#291=PLANE('',#9381);
#292=PLANE('',#9382);
#293=PLANE('',#9383);
#294=PLANE('',#9384);
#295=PLANE('',#9385);
#296=PLANE('',#9386);
#297=PLANE('',#9387);
#298=PLANE('',#9388);
#299=PLANE('',#9389);
#300=PLANE('',#9390);
#301=PLANE('',#9391);
#302=PLANE('',#9392);
#303=PLANE('',#9393);
#304=PLANE('',#9394);
#305=PLANE('',#9395);
#306=PLANE('',#9396);
#307=PLANE('',#9397);
#308=PLANE('',#9398);
#309=PLANE('',#9399);
#310=PLANE('',#9400);
#311=PLANE('',#9401);
#312=PLANE('',#9402);
#313=PLANE('',#9403);
#314=PLANE('',#9404);
#315=PLANE('',#9405);
#316=PLANE('',#9406);
#317=PLANE('',#9407);
#318=PLANE('',#9408);
#319=PLANE('',#9409);
#320=PLANE('',#9410);
#321=PLANE('',#9411);
#322=PLANE('',#9412);
#323=PLANE('',#9413);
#324=PLANE('',#9414);
#325=PLANE('',#9415);
#326=PLANE('',#9416);
#327=PLANE('',#9417);
#328=PLANE('',#9418);
#329=PLANE('',#9419);
#330=PLANE('',#9420);
#331=PLANE('',#9421);
#332=PLANE('',#9422);
#333=PLANE('',#9423);
#334=PLANE('',#9424);
#335=PLANE('',#9425);
#336=PLANE('',#9426);
#337=PLANE('',#9427);
#338=PLANE('',#9428);
#339=PLANE('',#9429);
#340=PLANE('',#9430);
#341=PLANE('',#9431);
#342=PLANE('',#9432);
#343=PLANE('',#9433);
#344=PLANE('',#9434);
#345=PLANE('',#9435);
#346=PLANE('',#9436);
#347=PLANE('',#9437);
#348=PLANE('',#9438);
#349=PLANE('',#9439);
#350=PLANE('',#9440);
#351=PLANE('',#9441);
#352=PLANE('',#9442);
#353=PLANE('',#9443);
#354=PLANE('',#9444);
#355=PLANE('',#9445);
#356=PLANE('',#9446);
#357=PLANE('',#9447);
#358=PLANE('',#9448);
#359=PLANE('',#9449);
#360=PLANE('',#9450);
#361=PLANE('',#9451);
#362=PLANE('',#9452);
#363=PLANE('',#9453);
#364=PLANE('',#9454);
#365=PLANE('',#9455);
#366=PLANE('',#9456);
#367=PLANE('',#9457);
#368=PLANE('',#9458);
#369=PLANE('',#9459);
#370=PLANE('',#9460);
#371=PLANE('',#9461);
#372=PLANE('',#9462);
#373=PLANE('',#9463);
#374=PLANE('',#9464);
#375=PLANE('',#9465);
#376=PLANE('',#9466);
#377=PLANE('',#9467);
#378=PLANE('',#9468);
#379=PLANE('',#9469);
#380=PLANE('',#9470);
#381=PLANE('',#9471);
#382=PLANE('',#9472);
#383=PLANE('',#9473);
#384=PLANE('',#9474);
#385=PLANE('',#9475);
#386=PLANE('',#9476);
#387=PLANE('',#9477);
#388=PLANE('',#9478);
#389=PLANE('',#9479);
#390=PLANE('',#9480);
#391=PLANE('',#9481);
#392=PLANE('',#9482);
#393=PLANE('',#9483);
#394=PLANE('',#9484);
#395=PLANE('',#9485);
#396=PLANE('',#9486);
#397=PLANE('',#9487);
#398=PLANE('',#9488);
#399=PLANE('',#9489);
#400=PLANE('',#9490);
#401=PLANE('',#9491);
#402=PLANE('',#9492);
#403=PLANE('',#9493);
#404=PLANE('',#9494);
#405=PLANE('',#9495);
#406=PLANE('',#9496);
#407=PLANE('',#9497);
#408=PLANE('',#9498);
#409=PLANE('',#9499);
#410=PLANE('',#9500);
#411=PLANE('',#9501);
#412=PLANE('',#9502);
#413=PLANE('',#9503);
#414=PLANE('',#9504);
#415=PLANE('',#9505);
#416=PLANE('',#9506);
#417=PLANE('',#9507);
#418=PLANE('',#9508);
#419=PLANE('',#9509);
#420=PLANE('',#9510);
#421=PLANE('',#9511);
#422=PLANE('',#9512);
#423=PLANE('',#9513);
#424=PLANE('',#9514);
#425=PLANE('',#9515);
#426=PLANE('',#9516);
#427=PLANE('',#9517);
#428=PLANE('',#9518);
#429=PLANE('',#9519);
#430=PLANE('',#9520);
#431=PLANE('',#9521);
#432=PLANE('',#9522);
#433=PLANE('',#9523);
#434=PLANE('',#9524);
#435=PLANE('',#9525);
#436=PLANE('',#9526);
#437=PLANE('',#9527);
#438=PLANE('',#9528);
#439=PLANE('',#9529);
#440=PLANE('',#9530);
#441=PLANE('',#9531);
#442=PLANE('',#9532);
#443=PLANE('',#9533);
#444=PLANE('',#9534);
#445=PLANE('',#9535);
#446=PLANE('',#9536);
#447=PLANE('',#9537);
#448=PLANE('',#9538);
#449=PLANE('',#9539);
#450=PLANE('',#9540);
#451=PLANE('',#9541);
#452=PLANE('',#9542);
#453=PLANE('',#9543);
#454=PLANE('',#9544);
#455=PLANE('',#9545);
#456=PLANE('',#9546);
#457=PLANE('',#9547);
#458=PLANE('',#9548);
#459=PLANE('',#9549);
#460=PLANE('',#9550);
#461=PLANE('',#9551);
#462=PLANE('',#9552);
#463=PLANE('',#9553);
#464=PLANE('',#9554);
#465=PLANE('',#9555);
#466=PLANE('',#9556);
#467=PLANE('',#9557);
#468=PLANE('',#9561);
#469=PLANE('',#9562);
#470=PLANE('',#9563);
#471=PLANE('',#9564);
#472=PLANE('',#9565);
#473=PLANE('',#9572);
#474=PLANE('',#9573);
#475=PLANE('',#9580);
#476=PLANE('',#9581);
#477=PLANE('',#9582);
#478=PLANE('',#9583);
#479=PLANE('',#9584);
#480=PLANE('',#9585);
#481=PLANE('',#9586);
#482=PLANE('',#9587);
#483=PLANE('',#9588);
#484=PLANE('',#9589);
#485=PLANE('',#9590);
#486=PLANE('',#9591);
#487=PLANE('',#9592);
#488=PLANE('',#9593);
#489=PLANE('',#9597);
#490=PLANE('',#9598);
#491=PLANE('',#9599);
#492=PLANE('',#9600);
#493=PLANE('',#9601);
#494=PLANE('',#9602);
#495=PLANE('',#9607);
#496=PLANE('',#9608);
#497=PLANE('',#9609);
#498=PLANE('',#9610);
#499=PLANE('',#9611);
#500=PLANE('',#9612);
#501=PLANE('',#9617);
#502=PLANE('',#9620);
#503=PLANE('',#9621);
#504=PLANE('',#9624);
#505=PLANE('',#9625);
#506=PLANE('',#9627);
#507=PLANE('',#9630);
#508=PLANE('',#9631);
#509=FACE_OUTER_BOUND('',#942,.T.);
#510=FACE_OUTER_BOUND('',#943,.T.);
#511=FACE_OUTER_BOUND('',#944,.T.);
#512=FACE_OUTER_BOUND('',#945,.T.);
#513=FACE_OUTER_BOUND('',#946,.T.);
#514=FACE_OUTER_BOUND('',#947,.T.);
#515=FACE_OUTER_BOUND('',#948,.T.);
#516=FACE_OUTER_BOUND('',#949,.T.);
#517=FACE_OUTER_BOUND('',#950,.T.);
#518=FACE_OUTER_BOUND('',#951,.T.);
#519=FACE_OUTER_BOUND('',#952,.T.);
#520=FACE_OUTER_BOUND('',#953,.T.);
#521=FACE_OUTER_BOUND('',#954,.T.);
#522=FACE_OUTER_BOUND('',#955,.T.);
#523=FACE_OUTER_BOUND('',#956,.T.);
#524=FACE_OUTER_BOUND('',#957,.T.);
#525=FACE_OUTER_BOUND('',#958,.T.);
#526=FACE_OUTER_BOUND('',#959,.T.);
#527=FACE_OUTER_BOUND('',#960,.T.);
#528=FACE_OUTER_BOUND('',#961,.T.);
#529=FACE_OUTER_BOUND('',#962,.T.);
#530=FACE_OUTER_BOUND('',#963,.T.);
#531=FACE_OUTER_BOUND('',#964,.T.);
#532=FACE_OUTER_BOUND('',#965,.T.);
#533=FACE_OUTER_BOUND('',#966,.T.);
#534=FACE_OUTER_BOUND('',#967,.T.);
#535=FACE_OUTER_BOUND('',#968,.T.);
#536=FACE_OUTER_BOUND('',#974,.T.);
#537=FACE_OUTER_BOUND('',#980,.T.);
#538=FACE_OUTER_BOUND('',#981,.T.);
#539=FACE_OUTER_BOUND('',#982,.T.);
#540=FACE_OUTER_BOUND('',#983,.T.);
#541=FACE_OUTER_BOUND('',#984,.T.);
#542=FACE_OUTER_BOUND('',#985,.T.);
#543=FACE_OUTER_BOUND('',#986,.T.);
#544=FACE_OUTER_BOUND('',#987,.T.);
#545=FACE_OUTER_BOUND('',#988,.T.);
#546=FACE_OUTER_BOUND('',#989,.T.);
#547=FACE_OUTER_BOUND('',#990,.T.);
#548=FACE_OUTER_BOUND('',#991,.T.);
#549=FACE_OUTER_BOUND('',#992,.T.);
#550=FACE_OUTER_BOUND('',#993,.T.);
#551=FACE_OUTER_BOUND('',#994,.T.);
#552=FACE_OUTER_BOUND('',#995,.T.);
#553=FACE_OUTER_BOUND('',#996,.T.);
#554=FACE_OUTER_BOUND('',#997,.T.);
#555=FACE_OUTER_BOUND('',#998,.T.);
#556=FACE_OUTER_BOUND('',#999,.T.);
#557=FACE_OUTER_BOUND('',#1000,.T.);
#558=FACE_OUTER_BOUND('',#1001,.T.);
#559=FACE_OUTER_BOUND('',#1002,.T.);
#560=FACE_OUTER_BOUND('',#1003,.T.);
#561=FACE_OUTER_BOUND('',#1004,.T.);
#562=FACE_OUTER_BOUND('',#1005,.T.);
#563=FACE_OUTER_BOUND('',#1006,.T.);
#564=FACE_OUTER_BOUND('',#1007,.T.);
#565=FACE_OUTER_BOUND('',#1008,.T.);
#566=FACE_OUTER_BOUND('',#1009,.T.);
#567=FACE_OUTER_BOUND('',#1010,.T.);
#568=FACE_OUTER_BOUND('',#1011,.T.);
#569=FACE_OUTER_BOUND('',#1012,.T.);
#570=FACE_OUTER_BOUND('',#1013,.T.);
#571=FACE_OUTER_BOUND('',#1014,.T.);
#572=FACE_OUTER_BOUND('',#1015,.T.);
#573=FACE_OUTER_BOUND('',#1016,.T.);
#574=FACE_OUTER_BOUND('',#1017,.T.);
#575=FACE_OUTER_BOUND('',#1018,.T.);
#576=FACE_OUTER_BOUND('',#1019,.T.);
#577=FACE_OUTER_BOUND('',#1020,.T.);
#578=FACE_OUTER_BOUND('',#1021,.T.);
#579=FACE_OUTER_BOUND('',#1022,.T.);
#580=FACE_OUTER_BOUND('',#1023,.T.);
#581=FACE_OUTER_BOUND('',#1024,.T.);
#582=FACE_OUTER_BOUND('',#1025,.T.);
#583=FACE_OUTER_BOUND('',#1026,.T.);
#584=FACE_OUTER_BOUND('',#1027,.T.);
#585=FACE_OUTER_BOUND('',#1028,.T.);
#586=FACE_OUTER_BOUND('',#1029,.T.);
#587=FACE_OUTER_BOUND('',#1030,.T.);
#588=FACE_OUTER_BOUND('',#1031,.T.);
#589=FACE_OUTER_BOUND('',#1032,.T.);
#590=FACE_OUTER_BOUND('',#1033,.T.);
#591=FACE_OUTER_BOUND('',#1034,.T.);
#592=FACE_OUTER_BOUND('',#1035,.T.);
#593=FACE_OUTER_BOUND('',#1036,.T.);
#594=FACE_OUTER_BOUND('',#1037,.T.);
#595=FACE_OUTER_BOUND('',#1038,.T.);
#596=FACE_OUTER_BOUND('',#1039,.T.);
#597=FACE_OUTER_BOUND('',#1040,.T.);
#598=FACE_OUTER_BOUND('',#1041,.T.);
#599=FACE_OUTER_BOUND('',#1042,.T.);
#600=FACE_OUTER_BOUND('',#1043,.T.);
#601=FACE_OUTER_BOUND('',#1044,.T.);
#602=FACE_OUTER_BOUND('',#1045,.T.);
#603=FACE_OUTER_BOUND('',#1046,.T.);
#604=FACE_OUTER_BOUND('',#1047,.T.);
#605=FACE_OUTER_BOUND('',#1048,.T.);
#606=FACE_OUTER_BOUND('',#1049,.T.);
#607=FACE_OUTER_BOUND('',#1050,.T.);
#608=FACE_OUTER_BOUND('',#1051,.T.);
#609=FACE_OUTER_BOUND('',#1052,.T.);
#610=FACE_OUTER_BOUND('',#1053,.T.);
#611=FACE_OUTER_BOUND('',#1054,.T.);
#612=FACE_OUTER_BOUND('',#1055,.T.);
#613=FACE_OUTER_BOUND('',#1056,.T.);
#614=FACE_OUTER_BOUND('',#1057,.T.);
#615=FACE_OUTER_BOUND('',#1058,.T.);
#616=FACE_OUTER_BOUND('',#1059,.T.);
#617=FACE_OUTER_BOUND('',#1060,.T.);
#618=FACE_OUTER_BOUND('',#1061,.T.);
#619=FACE_OUTER_BOUND('',#1062,.T.);
#620=FACE_OUTER_BOUND('',#1063,.T.);
#621=FACE_OUTER_BOUND('',#1064,.T.);
#622=FACE_OUTER_BOUND('',#1065,.T.);
#623=FACE_OUTER_BOUND('',#1066,.T.);
#624=FACE_OUTER_BOUND('',#1067,.T.);
#625=FACE_OUTER_BOUND('',#1068,.T.);
#626=FACE_OUTER_BOUND('',#1069,.T.);
#627=FACE_OUTER_BOUND('',#1070,.T.);
#628=FACE_OUTER_BOUND('',#1071,.T.);
#629=FACE_OUTER_BOUND('',#1072,.T.);
#630=FACE_OUTER_BOUND('',#1073,.T.);
#631=FACE_OUTER_BOUND('',#1074,.T.);
#632=FACE_OUTER_BOUND('',#1075,.T.);
#633=FACE_OUTER_BOUND('',#1076,.T.);
#634=FACE_OUTER_BOUND('',#1077,.T.);
#635=FACE_OUTER_BOUND('',#1078,.T.);
#636=FACE_OUTER_BOUND('',#1079,.T.);
#637=FACE_OUTER_BOUND('',#1080,.T.);
#638=FACE_OUTER_BOUND('',#1081,.T.);
#639=FACE_OUTER_BOUND('',#1082,.T.);
#640=FACE_OUTER_BOUND('',#1083,.T.);
#641=FACE_OUTER_BOUND('',#1084,.T.);
#642=FACE_OUTER_BOUND('',#1085,.T.);
#643=FACE_OUTER_BOUND('',#1086,.T.);
#644=FACE_OUTER_BOUND('',#1087,.T.);
#645=FACE_OUTER_BOUND('',#1088,.T.);
#646=FACE_OUTER_BOUND('',#1089,.T.);
#647=FACE_OUTER_BOUND('',#1090,.T.);
#648=FACE_OUTER_BOUND('',#1091,.T.);
#649=FACE_OUTER_BOUND('',#1092,.T.);
#650=FACE_OUTER_BOUND('',#1093,.T.);
#651=FACE_OUTER_BOUND('',#1094,.T.);
#652=FACE_OUTER_BOUND('',#1095,.T.);
#653=FACE_OUTER_BOUND('',#1096,.T.);
#654=FACE_OUTER_BOUND('',#1097,.T.);
#655=FACE_OUTER_BOUND('',#1098,.T.);
#656=FACE_OUTER_BOUND('',#1099,.T.);
#657=FACE_OUTER_BOUND('',#1100,.T.);
#658=FACE_OUTER_BOUND('',#1101,.T.);
#659=FACE_OUTER_BOUND('',#1102,.T.);
#660=FACE_OUTER_BOUND('',#1103,.T.);
#661=FACE_OUTER_BOUND('',#1104,.T.);
#662=FACE_OUTER_BOUND('',#1105,.T.);
#663=FACE_OUTER_BOUND('',#1106,.T.);
#664=FACE_OUTER_BOUND('',#1107,.T.);
#665=FACE_OUTER_BOUND('',#1108,.T.);
#666=FACE_OUTER_BOUND('',#1109,.T.);
#667=FACE_OUTER_BOUND('',#1110,.T.);
#668=FACE_OUTER_BOUND('',#1111,.T.);
#669=FACE_OUTER_BOUND('',#1112,.T.);
#670=FACE_OUTER_BOUND('',#1113,.T.);
#671=FACE_OUTER_BOUND('',#1114,.T.);
#672=FACE_OUTER_BOUND('',#1115,.T.);
#673=FACE_OUTER_BOUND('',#1116,.T.);
#674=FACE_OUTER_BOUND('',#1117,.T.);
#675=FACE_OUTER_BOUND('',#1118,.T.);
#676=FACE_OUTER_BOUND('',#1119,.T.);
#677=FACE_OUTER_BOUND('',#1120,.T.);
#678=FACE_OUTER_BOUND('',#1121,.T.);
#679=FACE_OUTER_BOUND('',#1122,.T.);
#680=FACE_OUTER_BOUND('',#1123,.T.);
#681=FACE_OUTER_BOUND('',#1124,.T.);
#682=FACE_OUTER_BOUND('',#1125,.T.);
#683=FACE_OUTER_BOUND('',#1126,.T.);
#684=FACE_OUTER_BOUND('',#1127,.T.);
#685=FACE_OUTER_BOUND('',#1128,.T.);
#686=FACE_OUTER_BOUND('',#1129,.T.);
#687=FACE_OUTER_BOUND('',#1130,.T.);
#688=FACE_OUTER_BOUND('',#1131,.T.);
#689=FACE_OUTER_BOUND('',#1132,.T.);
#690=FACE_OUTER_BOUND('',#1133,.T.);
#691=FACE_OUTER_BOUND('',#1134,.T.);
#692=FACE_OUTER_BOUND('',#1135,.T.);
#693=FACE_OUTER_BOUND('',#1136,.T.);
#694=FACE_OUTER_BOUND('',#1137,.T.);
#695=FACE_OUTER_BOUND('',#1138,.T.);
#696=FACE_OUTER_BOUND('',#1139,.T.);
#697=FACE_OUTER_BOUND('',#1140,.T.);
#698=FACE_OUTER_BOUND('',#1141,.T.);
#699=FACE_OUTER_BOUND('',#1142,.T.);
#700=FACE_OUTER_BOUND('',#1143,.T.);
#701=FACE_OUTER_BOUND('',#1144,.T.);
#702=FACE_OUTER_BOUND('',#1145,.T.);
#703=FACE_OUTER_BOUND('',#1146,.T.);
#704=FACE_OUTER_BOUND('',#1147,.T.);
#705=FACE_OUTER_BOUND('',#1148,.T.);
#706=FACE_OUTER_BOUND('',#1149,.T.);
#707=FACE_OUTER_BOUND('',#1150,.T.);
#708=FACE_OUTER_BOUND('',#1151,.T.);
#709=FACE_OUTER_BOUND('',#1152,.T.);
#710=FACE_OUTER_BOUND('',#1153,.T.);
#711=FACE_OUTER_BOUND('',#1154,.T.);
#712=FACE_OUTER_BOUND('',#1155,.T.);
#713=FACE_OUTER_BOUND('',#1156,.T.);
#714=FACE_OUTER_BOUND('',#1157,.T.);
#715=FACE_OUTER_BOUND('',#1158,.T.);
#716=FACE_OUTER_BOUND('',#1159,.T.);
#717=FACE_OUTER_BOUND('',#1160,.T.);
#718=FACE_OUTER_BOUND('',#1161,.T.);
#719=FACE_OUTER_BOUND('',#1162,.T.);
#720=FACE_OUTER_BOUND('',#1163,.T.);
#721=FACE_OUTER_BOUND('',#1164,.T.);
#722=FACE_OUTER_BOUND('',#1165,.T.);
#723=FACE_OUTER_BOUND('',#1166,.T.);
#724=FACE_OUTER_BOUND('',#1167,.T.);
#725=FACE_OUTER_BOUND('',#1168,.T.);
#726=FACE_OUTER_BOUND('',#1169,.T.);
#727=FACE_OUTER_BOUND('',#1170,.T.);
#728=FACE_OUTER_BOUND('',#1171,.T.);
#729=FACE_OUTER_BOUND('',#1172,.T.);
#730=FACE_OUTER_BOUND('',#1173,.T.);
#731=FACE_OUTER_BOUND('',#1174,.T.);
#732=FACE_OUTER_BOUND('',#1175,.T.);
#733=FACE_OUTER_BOUND('',#1176,.T.);
#734=FACE_OUTER_BOUND('',#1177,.T.);
#735=FACE_OUTER_BOUND('',#1178,.T.);
#736=FACE_OUTER_BOUND('',#1179,.T.);
#737=FACE_OUTER_BOUND('',#1180,.T.);
#738=FACE_OUTER_BOUND('',#1181,.T.);
#739=FACE_OUTER_BOUND('',#1182,.T.);
#740=FACE_OUTER_BOUND('',#1183,.T.);
#741=FACE_OUTER_BOUND('',#1184,.T.);
#742=FACE_OUTER_BOUND('',#1185,.T.);
#743=FACE_OUTER_BOUND('',#1186,.T.);
#744=FACE_OUTER_BOUND('',#1187,.T.);
#745=FACE_OUTER_BOUND('',#1188,.T.);
#746=FACE_OUTER_BOUND('',#1189,.T.);
#747=FACE_OUTER_BOUND('',#1190,.T.);
#748=FACE_OUTER_BOUND('',#1191,.T.);
#749=FACE_OUTER_BOUND('',#1192,.T.);
#750=FACE_OUTER_BOUND('',#1193,.T.);
#751=FACE_OUTER_BOUND('',#1194,.T.);
#752=FACE_OUTER_BOUND('',#1195,.T.);
#753=FACE_OUTER_BOUND('',#1196,.T.);
#754=FACE_OUTER_BOUND('',#1197,.T.);
#755=FACE_OUTER_BOUND('',#1198,.T.);
#756=FACE_OUTER_BOUND('',#1199,.T.);
#757=FACE_OUTER_BOUND('',#1200,.T.);
#758=FACE_OUTER_BOUND('',#1201,.T.);
#759=FACE_OUTER_BOUND('',#1202,.T.);
#760=FACE_OUTER_BOUND('',#1203,.T.);
#761=FACE_OUTER_BOUND('',#1204,.T.);
#762=FACE_OUTER_BOUND('',#1205,.T.);
#763=FACE_OUTER_BOUND('',#1206,.T.);
#764=FACE_OUTER_BOUND('',#1207,.T.);
#765=FACE_OUTER_BOUND('',#1208,.T.);
#766=FACE_OUTER_BOUND('',#1209,.T.);
#767=FACE_OUTER_BOUND('',#1210,.T.);
#768=FACE_OUTER_BOUND('',#1211,.T.);
#769=FACE_OUTER_BOUND('',#1212,.T.);
#770=FACE_OUTER_BOUND('',#1213,.T.);
#771=FACE_OUTER_BOUND('',#1214,.T.);
#772=FACE_OUTER_BOUND('',#1215,.T.);
#773=FACE_OUTER_BOUND('',#1216,.T.);
#774=FACE_OUTER_BOUND('',#1217,.T.);
#775=FACE_OUTER_BOUND('',#1218,.T.);
#776=FACE_OUTER_BOUND('',#1219,.T.);
#777=FACE_OUTER_BOUND('',#1220,.T.);
#778=FACE_OUTER_BOUND('',#1221,.T.);
#779=FACE_OUTER_BOUND('',#1222,.T.);
#780=FACE_OUTER_BOUND('',#1223,.T.);
#781=FACE_OUTER_BOUND('',#1224,.T.);
#782=FACE_OUTER_BOUND('',#1225,.T.);
#783=FACE_OUTER_BOUND('',#1226,.T.);
#784=FACE_OUTER_BOUND('',#1227,.T.);
#785=FACE_OUTER_BOUND('',#1228,.T.);
#786=FACE_OUTER_BOUND('',#1229,.T.);
#787=FACE_OUTER_BOUND('',#1230,.T.);
#788=FACE_OUTER_BOUND('',#1231,.T.);
#789=FACE_OUTER_BOUND('',#1232,.T.);
#790=FACE_OUTER_BOUND('',#1233,.T.);
#791=FACE_OUTER_BOUND('',#1234,.T.);
#792=FACE_OUTER_BOUND('',#1235,.T.);
#793=FACE_OUTER_BOUND('',#1236,.T.);
#794=FACE_OUTER_BOUND('',#1237,.T.);
#795=FACE_OUTER_BOUND('',#1238,.T.);
#796=FACE_OUTER_BOUND('',#1239,.T.);
#797=FACE_OUTER_BOUND('',#1240,.T.);
#798=FACE_OUTER_BOUND('',#1241,.T.);
#799=FACE_OUTER_BOUND('',#1242,.T.);
#800=FACE_OUTER_BOUND('',#1243,.T.);
#801=FACE_OUTER_BOUND('',#1244,.T.);
#802=FACE_OUTER_BOUND('',#1245,.T.);
#803=FACE_OUTER_BOUND('',#1246,.T.);
#804=FACE_OUTER_BOUND('',#1247,.T.);
#805=FACE_OUTER_BOUND('',#1248,.T.);
#806=FACE_OUTER_BOUND('',#1249,.T.);
#807=FACE_OUTER_BOUND('',#1250,.T.);
#808=FACE_OUTER_BOUND('',#1251,.T.);
#809=FACE_OUTER_BOUND('',#1252,.T.);
#810=FACE_OUTER_BOUND('',#1253,.T.);
#811=FACE_OUTER_BOUND('',#1254,.T.);
#812=FACE_OUTER_BOUND('',#1255,.T.);
#813=FACE_OUTER_BOUND('',#1256,.T.);
#814=FACE_OUTER_BOUND('',#1257,.T.);
#815=FACE_OUTER_BOUND('',#1258,.T.);
#816=FACE_OUTER_BOUND('',#1259,.T.);
#817=FACE_OUTER_BOUND('',#1260,.T.);
#818=FACE_OUTER_BOUND('',#1261,.T.);
#819=FACE_OUTER_BOUND('',#1262,.T.);
#820=FACE_OUTER_BOUND('',#1263,.T.);
#821=FACE_OUTER_BOUND('',#1264,.T.);
#822=FACE_OUTER_BOUND('',#1265,.T.);
#823=FACE_OUTER_BOUND('',#1266,.T.);
#824=FACE_OUTER_BOUND('',#1267,.T.);
#825=FACE_OUTER_BOUND('',#1268,.T.);
#826=FACE_OUTER_BOUND('',#1269,.T.);
#827=FACE_OUTER_BOUND('',#1270,.T.);
#828=FACE_OUTER_BOUND('',#1271,.T.);
#829=FACE_OUTER_BOUND('',#1272,.T.);
#830=FACE_OUTER_BOUND('',#1273,.T.);
#831=FACE_OUTER_BOUND('',#1274,.T.);
#832=FACE_OUTER_BOUND('',#1275,.T.);
#833=FACE_OUTER_BOUND('',#1276,.T.);
#834=FACE_OUTER_BOUND('',#1277,.T.);
#835=FACE_OUTER_BOUND('',#1278,.T.);
#836=FACE_OUTER_BOUND('',#1279,.T.);
#837=FACE_OUTER_BOUND('',#1280,.T.);
#838=FACE_OUTER_BOUND('',#1281,.T.);
#839=FACE_OUTER_BOUND('',#1282,.T.);
#840=FACE_OUTER_BOUND('',#1283,.T.);
#841=FACE_OUTER_BOUND('',#1284,.T.);
#842=FACE_OUTER_BOUND('',#1285,.T.);
#843=FACE_OUTER_BOUND('',#1286,.T.);
#844=FACE_OUTER_BOUND('',#1287,.T.);
#845=FACE_OUTER_BOUND('',#1288,.T.);
#846=FACE_OUTER_BOUND('',#1289,.T.);
#847=FACE_OUTER_BOUND('',#1290,.T.);
#848=FACE_OUTER_BOUND('',#1291,.T.);
#849=FACE_OUTER_BOUND('',#1292,.T.);
#850=FACE_OUTER_BOUND('',#1293,.T.);
#851=FACE_OUTER_BOUND('',#1294,.T.);
#852=FACE_OUTER_BOUND('',#1295,.T.);
#853=FACE_OUTER_BOUND('',#1296,.T.);
#854=FACE_OUTER_BOUND('',#1297,.T.);
#855=FACE_OUTER_BOUND('',#1298,.T.);
#856=FACE_OUTER_BOUND('',#1299,.T.);
#857=FACE_OUTER_BOUND('',#1300,.T.);
#858=FACE_OUTER_BOUND('',#1301,.T.);
#859=FACE_OUTER_BOUND('',#1302,.T.);
#860=FACE_OUTER_BOUND('',#1303,.T.);
#861=FACE_OUTER_BOUND('',#1304,.T.);
#862=FACE_OUTER_BOUND('',#1305,.T.);
#863=FACE_OUTER_BOUND('',#1306,.T.);
#864=FACE_OUTER_BOUND('',#1307,.T.);
#865=FACE_OUTER_BOUND('',#1308,.T.);
#866=FACE_OUTER_BOUND('',#1309,.T.);
#867=FACE_OUTER_BOUND('',#1310,.T.);
#868=FACE_OUTER_BOUND('',#1311,.T.);
#869=FACE_OUTER_BOUND('',#1312,.T.);
#870=FACE_OUTER_BOUND('',#1313,.T.);
#871=FACE_OUTER_BOUND('',#1314,.T.);
#872=FACE_OUTER_BOUND('',#1315,.T.);
#873=FACE_OUTER_BOUND('',#1316,.T.);
#874=FACE_OUTER_BOUND('',#1317,.T.);
#875=FACE_OUTER_BOUND('',#1318,.T.);
#876=FACE_OUTER_BOUND('',#1319,.T.);
#877=FACE_OUTER_BOUND('',#1320,.T.);
#878=FACE_OUTER_BOUND('',#1321,.T.);
#879=FACE_OUTER_BOUND('',#1322,.T.);
#880=FACE_OUTER_BOUND('',#1323,.T.);
#881=FACE_OUTER_BOUND('',#1324,.T.);
#882=FACE_OUTER_BOUND('',#1325,.T.);
#883=FACE_OUTER_BOUND('',#1326,.T.);
#884=FACE_OUTER_BOUND('',#1327,.T.);
#885=FACE_OUTER_BOUND('',#1328,.T.);
#886=FACE_OUTER_BOUND('',#1329,.T.);
#887=FACE_OUTER_BOUND('',#1330,.T.);
#888=FACE_OUTER_BOUND('',#1331,.T.);
#889=FACE_OUTER_BOUND('',#1332,.T.);
#890=FACE_OUTER_BOUND('',#1333,.T.);
#891=FACE_OUTER_BOUND('',#1334,.T.);
#892=FACE_OUTER_BOUND('',#1335,.T.);
#893=FACE_OUTER_BOUND('',#1336,.T.);
#894=FACE_OUTER_BOUND('',#1337,.T.);
#895=FACE_OUTER_BOUND('',#1338,.T.);
#896=FACE_OUTER_BOUND('',#1339,.T.);
#897=FACE_OUTER_BOUND('',#1340,.T.);
#898=FACE_OUTER_BOUND('',#1341,.T.);
#899=FACE_OUTER_BOUND('',#1342,.T.);
#900=FACE_OUTER_BOUND('',#1343,.T.);
#901=FACE_OUTER_BOUND('',#1344,.T.);
#902=FACE_OUTER_BOUND('',#1345,.T.);
#903=FACE_OUTER_BOUND('',#1346,.T.);
#904=FACE_OUTER_BOUND('',#1347,.T.);
#905=FACE_OUTER_BOUND('',#1348,.T.);
#906=FACE_OUTER_BOUND('',#1349,.T.);
#907=FACE_OUTER_BOUND('',#1350,.T.);
#908=FACE_OUTER_BOUND('',#1351,.T.);
#909=FACE_OUTER_BOUND('',#1352,.T.);
#910=FACE_OUTER_BOUND('',#1353,.T.);
#911=FACE_OUTER_BOUND('',#1354,.T.);
#912=FACE_OUTER_BOUND('',#1355,.T.);
#913=FACE_OUTER_BOUND('',#1356,.T.);
#914=FACE_OUTER_BOUND('',#1357,.T.);
#915=FACE_OUTER_BOUND('',#1358,.T.);
#916=FACE_OUTER_BOUND('',#1359,.T.);
#917=FACE_OUTER_BOUND('',#1360,.T.);
#918=FACE_OUTER_BOUND('',#1361,.T.);
#919=FACE_OUTER_BOUND('',#1362,.T.);
#920=FACE_OUTER_BOUND('',#1363,.T.);
#921=FACE_OUTER_BOUND('',#1364,.T.);
#922=FACE_OUTER_BOUND('',#1365,.T.);
#923=FACE_OUTER_BOUND('',#1402,.T.);
#924=FACE_OUTER_BOUND('',#1403,.T.);
#925=FACE_OUTER_BOUND('',#1404,.T.);
#926=FACE_OUTER_BOUND('',#1405,.T.);
#927=FACE_OUTER_BOUND('',#1406,.T.);
#928=FACE_OUTER_BOUND('',#1407,.T.);
#929=FACE_OUTER_BOUND('',#1408,.T.);
#930=FACE_OUTER_BOUND('',#1409,.T.);
#931=FACE_OUTER_BOUND('',#1410,.T.);
#932=FACE_OUTER_BOUND('',#1411,.T.);
#933=FACE_OUTER_BOUND('',#1412,.T.);
#934=FACE_OUTER_BOUND('',#1413,.T.);
#935=FACE_OUTER_BOUND('',#1414,.T.);
#936=FACE_OUTER_BOUND('',#1415,.T.);
#937=FACE_OUTER_BOUND('',#1452,.T.);
#938=FACE_OUTER_BOUND('',#1453,.T.);
#939=FACE_OUTER_BOUND('',#1454,.T.);
#940=FACE_OUTER_BOUND('',#1455,.T.);
#941=FACE_OUTER_BOUND('',#1456,.T.);
#942=EDGE_LOOP('',(#6104,#6105,#6106,#6107));
#943=EDGE_LOOP('',(#6108,#6109,#6110,#6111));
#944=EDGE_LOOP('',(#6112,#6113,#6114,#6115));
#945=EDGE_LOOP('',(#6116,#6117,#6118,#6119));
#946=EDGE_LOOP('',(#6120,#6121,#6122,#6123));
#947=EDGE_LOOP('',(#6124,#6125,#6126,#6127));
#948=EDGE_LOOP('',(#6128,#6129,#6130,#6131));
#949=EDGE_LOOP('',(#6132,#6133,#6134,#6135));
#950=EDGE_LOOP('',(#6136,#6137,#6138,#6139));
#951=EDGE_LOOP('',(#6140,#6141,#6142,#6143));
#952=EDGE_LOOP('',(#6144,#6145,#6146,#6147));
#953=EDGE_LOOP('',(#6148,#6149,#6150,#6151));
#954=EDGE_LOOP('',(#6152,#6153,#6154,#6155));
#955=EDGE_LOOP('',(#6156,#6157,#6158,#6159));
#956=EDGE_LOOP('',(#6160,#6161,#6162,#6163));
#957=EDGE_LOOP('',(#6164,#6165,#6166,#6167));
#958=EDGE_LOOP('',(#6168,#6169,#6170,#6171));
#959=EDGE_LOOP('',(#6172,#6173,#6174,#6175));
#960=EDGE_LOOP('',(#6176,#6177,#6178,#6179));
#961=EDGE_LOOP('',(#6180,#6181,#6182,#6183));
#962=EDGE_LOOP('',(#6184,#6185,#6186,#6187));
#963=EDGE_LOOP('',(#6188,#6189,#6190,#6191));
#964=EDGE_LOOP('',(#6192,#6193,#6194,#6195));
#965=EDGE_LOOP('',(#6196,#6197,#6198,#6199));
#966=EDGE_LOOP('',(#6200,#6201,#6202,#6203));
#967=EDGE_LOOP('',(#6204,#6205,#6206,#6207));
#968=EDGE_LOOP('',(#6208,#6209,#6210,#6211,#6212,#6213,#6214,#6215,#6216,
#6217,#6218,#6219));
#969=EDGE_LOOP('',(#6220,#6221,#6222,#6223,#6224,#6225,#6226,#6227,#6228,
#6229));
#970=EDGE_LOOP('',(#6230));
#971=EDGE_LOOP('',(#6231));
#972=EDGE_LOOP('',(#6232));
#973=EDGE_LOOP('',(#6233));
#974=EDGE_LOOP('',(#6234,#6235,#6236,#6237,#6238,#6239,#6240,#6241,#6242,
#6243,#6244,#6245));
#975=EDGE_LOOP('',(#6246));
#976=EDGE_LOOP('',(#6247));
#977=EDGE_LOOP('',(#6248));
#978=EDGE_LOOP('',(#6249));
#979=EDGE_LOOP('',(#6250,#6251,#6252,#6253,#6254,#6255,#6256,#6257,#6258,
#6259));
#980=EDGE_LOOP('',(#6260,#6261,#6262,#6263));
#981=EDGE_LOOP('',(#6264,#6265,#6266,#6267));
#982=EDGE_LOOP('',(#6268,#6269,#6270,#6271));
#983=EDGE_LOOP('',(#6272,#6273,#6274,#6275));
#984=EDGE_LOOP('',(#6276,#6277,#6278,#6279));
#985=EDGE_LOOP('',(#6280,#6281,#6282,#6283));
#986=EDGE_LOOP('',(#6284,#6285,#6286,#6287));
#987=EDGE_LOOP('',(#6288,#6289,#6290,#6291));
#988=EDGE_LOOP('',(#6292,#6293,#6294,#6295));
#989=EDGE_LOOP('',(#6296,#6297,#6298,#6299));
#990=EDGE_LOOP('',(#6300,#6301,#6302,#6303));
#991=EDGE_LOOP('',(#6304,#6305,#6306,#6307));
#992=EDGE_LOOP('',(#6308,#6309,#6310,#6311));
#993=EDGE_LOOP('',(#6312,#6313,#6314,#6315));
#994=EDGE_LOOP('',(#6316,#6317,#6318,#6319));
#995=EDGE_LOOP('',(#6320,#6321,#6322,#6323));
#996=EDGE_LOOP('',(#6324,#6325,#6326,#6327));
#997=EDGE_LOOP('',(#6328,#6329,#6330,#6331));
#998=EDGE_LOOP('',(#6332,#6333,#6334,#6335));
#999=EDGE_LOOP('',(#6336,#6337,#6338,#6339));
#1000=EDGE_LOOP('',(#6340,#6341,#6342,#6343));
#1001=EDGE_LOOP('',(#6344,#6345,#6346,#6347));
#1002=EDGE_LOOP('',(#6348,#6349,#6350,#6351));
#1003=EDGE_LOOP('',(#6352,#6353,#6354,#6355));
#1004=EDGE_LOOP('',(#6356,#6357,#6358,#6359));
#1005=EDGE_LOOP('',(#6360,#6361,#6362,#6363));
#1006=EDGE_LOOP('',(#6364,#6365,#6366,#6367));
#1007=EDGE_LOOP('',(#6368,#6369,#6370,#6371));
#1008=EDGE_LOOP('',(#6372,#6373,#6374,#6375));
#1009=EDGE_LOOP('',(#6376,#6377,#6378,#6379));
#1010=EDGE_LOOP('',(#6380,#6381,#6382,#6383));
#1011=EDGE_LOOP('',(#6384,#6385,#6386,#6387));
#1012=EDGE_LOOP('',(#6388,#6389,#6390,#6391));
#1013=EDGE_LOOP('',(#6392,#6393,#6394,#6395));
#1014=EDGE_LOOP('',(#6396,#6397,#6398,#6399));
#1015=EDGE_LOOP('',(#6400,#6401,#6402,#6403));
#1016=EDGE_LOOP('',(#6404,#6405,#6406,#6407));
#1017=EDGE_LOOP('',(#6408,#6409,#6410,#6411));
#1018=EDGE_LOOP('',(#6412,#6413,#6414,#6415));
#1019=EDGE_LOOP('',(#6416,#6417,#6418,#6419));
#1020=EDGE_LOOP('',(#6420,#6421,#6422,#6423));
#1021=EDGE_LOOP('',(#6424,#6425,#6426,#6427));
#1022=EDGE_LOOP('',(#6428,#6429,#6430,#6431));
#1023=EDGE_LOOP('',(#6432,#6433,#6434,#6435));
#1024=EDGE_LOOP('',(#6436,#6437,#6438,#6439));
#1025=EDGE_LOOP('',(#6440,#6441,#6442,#6443));
#1026=EDGE_LOOP('',(#6444,#6445,#6446,#6447));
#1027=EDGE_LOOP('',(#6448,#6449,#6450,#6451));
#1028=EDGE_LOOP('',(#6452,#6453,#6454,#6455));
#1029=EDGE_LOOP('',(#6456,#6457,#6458,#6459));
#1030=EDGE_LOOP('',(#6460,#6461,#6462,#6463));
#1031=EDGE_LOOP('',(#6464,#6465,#6466,#6467));
#1032=EDGE_LOOP('',(#6468,#6469,#6470,#6471));
#1033=EDGE_LOOP('',(#6472,#6473,#6474,#6475));
#1034=EDGE_LOOP('',(#6476,#6477,#6478,#6479));
#1035=EDGE_LOOP('',(#6480,#6481,#6482,#6483));
#1036=EDGE_LOOP('',(#6484,#6485,#6486,#6487));
#1037=EDGE_LOOP('',(#6488,#6489,#6490,#6491));
#1038=EDGE_LOOP('',(#6492,#6493,#6494,#6495));
#1039=EDGE_LOOP('',(#6496,#6497,#6498,#6499));
#1040=EDGE_LOOP('',(#6500,#6501,#6502,#6503));
#1041=EDGE_LOOP('',(#6504,#6505,#6506,#6507));
#1042=EDGE_LOOP('',(#6508,#6509,#6510,#6511));
#1043=EDGE_LOOP('',(#6512,#6513,#6514,#6515));
#1044=EDGE_LOOP('',(#6516,#6517,#6518,#6519));
#1045=EDGE_LOOP('',(#6520,#6521,#6522,#6523));
#1046=EDGE_LOOP('',(#6524,#6525,#6526,#6527));
#1047=EDGE_LOOP('',(#6528,#6529,#6530,#6531));
#1048=EDGE_LOOP('',(#6532,#6533,#6534,#6535));
#1049=EDGE_LOOP('',(#6536,#6537,#6538,#6539));
#1050=EDGE_LOOP('',(#6540,#6541,#6542,#6543));
#1051=EDGE_LOOP('',(#6544,#6545,#6546,#6547));
#1052=EDGE_LOOP('',(#6548,#6549,#6550,#6551));
#1053=EDGE_LOOP('',(#6552,#6553,#6554,#6555));
#1054=EDGE_LOOP('',(#6556,#6557,#6558,#6559));
#1055=EDGE_LOOP('',(#6560,#6561,#6562,#6563));
#1056=EDGE_LOOP('',(#6564,#6565,#6566,#6567));
#1057=EDGE_LOOP('',(#6568,#6569,#6570,#6571));
#1058=EDGE_LOOP('',(#6572,#6573,#6574,#6575));
#1059=EDGE_LOOP('',(#6576,#6577,#6578,#6579));
#1060=EDGE_LOOP('',(#6580,#6581,#6582,#6583));
#1061=EDGE_LOOP('',(#6584,#6585,#6586,#6587));
#1062=EDGE_LOOP('',(#6588,#6589,#6590,#6591));
#1063=EDGE_LOOP('',(#6592,#6593,#6594,#6595));
#1064=EDGE_LOOP('',(#6596,#6597,#6598,#6599));
#1065=EDGE_LOOP('',(#6600,#6601,#6602,#6603));
#1066=EDGE_LOOP('',(#6604,#6605,#6606,#6607));
#1067=EDGE_LOOP('',(#6608,#6609,#6610,#6611));
#1068=EDGE_LOOP('',(#6612,#6613,#6614,#6615));
#1069=EDGE_LOOP('',(#6616,#6617,#6618,#6619));
#1070=EDGE_LOOP('',(#6620,#6621,#6622,#6623));
#1071=EDGE_LOOP('',(#6624,#6625,#6626,#6627));
#1072=EDGE_LOOP('',(#6628,#6629,#6630,#6631));
#1073=EDGE_LOOP('',(#6632,#6633,#6634,#6635));
#1074=EDGE_LOOP('',(#6636,#6637,#6638,#6639));
#1075=EDGE_LOOP('',(#6640,#6641,#6642,#6643));
#1076=EDGE_LOOP('',(#6644,#6645,#6646,#6647));
#1077=EDGE_LOOP('',(#6648,#6649,#6650,#6651));
#1078=EDGE_LOOP('',(#6652,#6653,#6654,#6655));
#1079=EDGE_LOOP('',(#6656,#6657,#6658,#6659));
#1080=EDGE_LOOP('',(#6660,#6661,#6662,#6663));
#1081=EDGE_LOOP('',(#6664,#6665,#6666,#6667));
#1082=EDGE_LOOP('',(#6668,#6669,#6670,#6671));
#1083=EDGE_LOOP('',(#6672,#6673,#6674,#6675));
#1084=EDGE_LOOP('',(#6676,#6677,#6678,#6679));
#1085=EDGE_LOOP('',(#6680,#6681,#6682,#6683));
#1086=EDGE_LOOP('',(#6684,#6685,#6686,#6687));
#1087=EDGE_LOOP('',(#6688,#6689,#6690,#6691));
#1088=EDGE_LOOP('',(#6692,#6693,#6694,#6695));
#1089=EDGE_LOOP('',(#6696,#6697,#6698,#6699));
#1090=EDGE_LOOP('',(#6700,#6701,#6702,#6703));
#1091=EDGE_LOOP('',(#6704,#6705,#6706,#6707));
#1092=EDGE_LOOP('',(#6708,#6709,#6710,#6711));
#1093=EDGE_LOOP('',(#6712,#6713,#6714,#6715));
#1094=EDGE_LOOP('',(#6716,#6717,#6718,#6719));
#1095=EDGE_LOOP('',(#6720,#6721,#6722,#6723));
#1096=EDGE_LOOP('',(#6724,#6725,#6726,#6727));
#1097=EDGE_LOOP('',(#6728,#6729,#6730,#6731));
#1098=EDGE_LOOP('',(#6732,#6733,#6734,#6735));
#1099=EDGE_LOOP('',(#6736,#6737,#6738,#6739));
#1100=EDGE_LOOP('',(#6740,#6741,#6742,#6743));
#1101=EDGE_LOOP('',(#6744,#6745,#6746,#6747));
#1102=EDGE_LOOP('',(#6748,#6749,#6750,#6751));
#1103=EDGE_LOOP('',(#6752,#6753,#6754,#6755));
#1104=EDGE_LOOP('',(#6756,#6757,#6758,#6759));
#1105=EDGE_LOOP('',(#6760,#6761,#6762,#6763));
#1106=EDGE_LOOP('',(#6764,#6765,#6766,#6767));
#1107=EDGE_LOOP('',(#6768,#6769,#6770,#6771));
#1108=EDGE_LOOP('',(#6772,#6773,#6774,#6775));
#1109=EDGE_LOOP('',(#6776,#6777,#6778,#6779));
#1110=EDGE_LOOP('',(#6780,#6781,#6782,#6783));
#1111=EDGE_LOOP('',(#6784,#6785,#6786,#6787));
#1112=EDGE_LOOP('',(#6788,#6789,#6790,#6791));
#1113=EDGE_LOOP('',(#6792,#6793,#6794,#6795));
#1114=EDGE_LOOP('',(#6796,#6797,#6798,#6799));
#1115=EDGE_LOOP('',(#6800,#6801,#6802,#6803));
#1116=EDGE_LOOP('',(#6804,#6805,#6806,#6807));
#1117=EDGE_LOOP('',(#6808,#6809,#6810,#6811));
#1118=EDGE_LOOP('',(#6812,#6813,#6814,#6815));
#1119=EDGE_LOOP('',(#6816,#6817,#6818,#6819));
#1120=EDGE_LOOP('',(#6820,#6821,#6822,#6823));
#1121=EDGE_LOOP('',(#6824,#6825,#6826,#6827));
#1122=EDGE_LOOP('',(#6828,#6829,#6830,#6831));
#1123=EDGE_LOOP('',(#6832,#6833,#6834,#6835));
#1124=EDGE_LOOP('',(#6836,#6837,#6838,#6839));
#1125=EDGE_LOOP('',(#6840,#6841,#6842,#6843));
#1126=EDGE_LOOP('',(#6844,#6845,#6846,#6847));
#1127=EDGE_LOOP('',(#6848,#6849,#6850,#6851));
#1128=EDGE_LOOP('',(#6852,#6853,#6854,#6855));
#1129=EDGE_LOOP('',(#6856,#6857,#6858,#6859));
#1130=EDGE_LOOP('',(#6860,#6861,#6862,#6863));
#1131=EDGE_LOOP('',(#6864,#6865,#6866,#6867));
#1132=EDGE_LOOP('',(#6868,#6869,#6870,#6871));
#1133=EDGE_LOOP('',(#6872,#6873,#6874,#6875));
#1134=EDGE_LOOP('',(#6876,#6877,#6878,#6879));
#1135=EDGE_LOOP('',(#6880,#6881,#6882,#6883));
#1136=EDGE_LOOP('',(#6884,#6885,#6886,#6887));
#1137=EDGE_LOOP('',(#6888,#6889,#6890,#6891));
#1138=EDGE_LOOP('',(#6892,#6893,#6894,#6895));
#1139=EDGE_LOOP('',(#6896,#6897,#6898,#6899));
#1140=EDGE_LOOP('',(#6900,#6901,#6902,#6903));
#1141=EDGE_LOOP('',(#6904,#6905,#6906,#6907));
#1142=EDGE_LOOP('',(#6908,#6909,#6910,#6911));
#1143=EDGE_LOOP('',(#6912,#6913,#6914,#6915));
#1144=EDGE_LOOP('',(#6916,#6917,#6918,#6919));
#1145=EDGE_LOOP('',(#6920,#6921,#6922,#6923));
#1146=EDGE_LOOP('',(#6924,#6925,#6926,#6927));
#1147=EDGE_LOOP('',(#6928,#6929,#6930,#6931));
#1148=EDGE_LOOP('',(#6932,#6933,#6934,#6935));
#1149=EDGE_LOOP('',(#6936,#6937,#6938,#6939));
#1150=EDGE_LOOP('',(#6940,#6941,#6942,#6943));
#1151=EDGE_LOOP('',(#6944,#6945,#6946,#6947));
#1152=EDGE_LOOP('',(#6948,#6949,#6950,#6951));
#1153=EDGE_LOOP('',(#6952,#6953,#6954,#6955));
#1154=EDGE_LOOP('',(#6956,#6957,#6958,#6959));
#1155=EDGE_LOOP('',(#6960,#6961,#6962,#6963));
#1156=EDGE_LOOP('',(#6964,#6965,#6966,#6967));
#1157=EDGE_LOOP('',(#6968,#6969,#6970,#6971));
#1158=EDGE_LOOP('',(#6972,#6973,#6974,#6975));
#1159=EDGE_LOOP('',(#6976,#6977,#6978,#6979));
#1160=EDGE_LOOP('',(#6980,#6981,#6982,#6983));
#1161=EDGE_LOOP('',(#6984,#6985,#6986,#6987));
#1162=EDGE_LOOP('',(#6988,#6989,#6990,#6991));
#1163=EDGE_LOOP('',(#6992,#6993,#6994,#6995));
#1164=EDGE_LOOP('',(#6996,#6997,#6998,#6999));
#1165=EDGE_LOOP('',(#7000,#7001,#7002,#7003));
#1166=EDGE_LOOP('',(#7004,#7005,#7006,#7007));
#1167=EDGE_LOOP('',(#7008,#7009,#7010,#7011));
#1168=EDGE_LOOP('',(#7012,#7013,#7014,#7015));
#1169=EDGE_LOOP('',(#7016,#7017,#7018,#7019));
#1170=EDGE_LOOP('',(#7020,#7021,#7022,#7023));
#1171=EDGE_LOOP('',(#7024,#7025,#7026,#7027));
#1172=EDGE_LOOP('',(#7028,#7029,#7030,#7031));
#1173=EDGE_LOOP('',(#7032,#7033,#7034,#7035));
#1174=EDGE_LOOP('',(#7036,#7037,#7038,#7039));
#1175=EDGE_LOOP('',(#7040,#7041,#7042,#7043));
#1176=EDGE_LOOP('',(#7044,#7045,#7046,#7047));
#1177=EDGE_LOOP('',(#7048,#7049,#7050,#7051));
#1178=EDGE_LOOP('',(#7052,#7053,#7054,#7055));
#1179=EDGE_LOOP('',(#7056,#7057,#7058,#7059));
#1180=EDGE_LOOP('',(#7060,#7061,#7062,#7063));
#1181=EDGE_LOOP('',(#7064,#7065,#7066,#7067));
#1182=EDGE_LOOP('',(#7068,#7069,#7070,#7071));
#1183=EDGE_LOOP('',(#7072,#7073,#7074,#7075));
#1184=EDGE_LOOP('',(#7076,#7077,#7078,#7079));
#1185=EDGE_LOOP('',(#7080,#7081,#7082,#7083));
#1186=EDGE_LOOP('',(#7084,#7085,#7086,#7087));
#1187=EDGE_LOOP('',(#7088,#7089,#7090,#7091));
#1188=EDGE_LOOP('',(#7092,#7093,#7094,#7095));
#1189=EDGE_LOOP('',(#7096,#7097,#7098,#7099));
#1190=EDGE_LOOP('',(#7100,#7101,#7102,#7103));
#1191=EDGE_LOOP('',(#7104,#7105,#7106,#7107));
#1192=EDGE_LOOP('',(#7108,#7109,#7110,#7111));
#1193=EDGE_LOOP('',(#7112,#7113,#7114,#7115));
#1194=EDGE_LOOP('',(#7116,#7117,#7118,#7119));
#1195=EDGE_LOOP('',(#7120,#7121,#7122,#7123));
#1196=EDGE_LOOP('',(#7124,#7125,#7126,#7127));
#1197=EDGE_LOOP('',(#7128,#7129,#7130,#7131));
#1198=EDGE_LOOP('',(#7132,#7133,#7134,#7135));
#1199=EDGE_LOOP('',(#7136,#7137,#7138,#7139));
#1200=EDGE_LOOP('',(#7140,#7141,#7142,#7143));
#1201=EDGE_LOOP('',(#7144,#7145,#7146,#7147));
#1202=EDGE_LOOP('',(#7148,#7149,#7150,#7151));
#1203=EDGE_LOOP('',(#7152,#7153,#7154,#7155));
#1204=EDGE_LOOP('',(#7156,#7157,#7158,#7159));
#1205=EDGE_LOOP('',(#7160,#7161,#7162,#7163));
#1206=EDGE_LOOP('',(#7164,#7165,#7166,#7167));
#1207=EDGE_LOOP('',(#7168,#7169,#7170,#7171));
#1208=EDGE_LOOP('',(#7172,#7173,#7174,#7175));
#1209=EDGE_LOOP('',(#7176,#7177,#7178,#7179));
#1210=EDGE_LOOP('',(#7180,#7181,#7182,#7183));
#1211=EDGE_LOOP('',(#7184,#7185,#7186,#7187));
#1212=EDGE_LOOP('',(#7188,#7189,#7190,#7191));
#1213=EDGE_LOOP('',(#7192,#7193,#7194,#7195));
#1214=EDGE_LOOP('',(#7196,#7197,#7198,#7199));
#1215=EDGE_LOOP('',(#7200,#7201,#7202,#7203));
#1216=EDGE_LOOP('',(#7204,#7205,#7206,#7207));
#1217=EDGE_LOOP('',(#7208,#7209,#7210,#7211));
#1218=EDGE_LOOP('',(#7212,#7213,#7214,#7215));
#1219=EDGE_LOOP('',(#7216,#7217,#7218,#7219));
#1220=EDGE_LOOP('',(#7220,#7221,#7222,#7223));
#1221=EDGE_LOOP('',(#7224,#7225,#7226,#7227));
#1222=EDGE_LOOP('',(#7228,#7229,#7230,#7231));
#1223=EDGE_LOOP('',(#7232,#7233,#7234,#7235));
#1224=EDGE_LOOP('',(#7236,#7237,#7238,#7239));
#1225=EDGE_LOOP('',(#7240,#7241,#7242,#7243));
#1226=EDGE_LOOP('',(#7244,#7245,#7246,#7247));
#1227=EDGE_LOOP('',(#7248,#7249,#7250,#7251));
#1228=EDGE_LOOP('',(#7252,#7253,#7254,#7255));
#1229=EDGE_LOOP('',(#7256,#7257,#7258,#7259));
#1230=EDGE_LOOP('',(#7260,#7261,#7262,#7263));
#1231=EDGE_LOOP('',(#7264,#7265,#7266,#7267));
#1232=EDGE_LOOP('',(#7268,#7269,#7270,#7271));
#1233=EDGE_LOOP('',(#7272,#7273,#7274,#7275));
#1234=EDGE_LOOP('',(#7276,#7277,#7278,#7279));
#1235=EDGE_LOOP('',(#7280,#7281,#7282,#7283));
#1236=EDGE_LOOP('',(#7284,#7285,#7286,#7287));
#1237=EDGE_LOOP('',(#7288,#7289,#7290,#7291));
#1238=EDGE_LOOP('',(#7292,#7293,#7294,#7295));
#1239=EDGE_LOOP('',(#7296,#7297,#7298,#7299));
#1240=EDGE_LOOP('',(#7300,#7301,#7302,#7303));
#1241=EDGE_LOOP('',(#7304,#7305,#7306,#7307));
#1242=EDGE_LOOP('',(#7308,#7309,#7310,#7311));
#1243=EDGE_LOOP('',(#7312,#7313,#7314,#7315));
#1244=EDGE_LOOP('',(#7316,#7317,#7318,#7319));
#1245=EDGE_LOOP('',(#7320,#7321,#7322,#7323));
#1246=EDGE_LOOP('',(#7324,#7325,#7326,#7327));
#1247=EDGE_LOOP('',(#7328,#7329,#7330,#7331));
#1248=EDGE_LOOP('',(#7332,#7333,#7334,#7335));
#1249=EDGE_LOOP('',(#7336,#7337,#7338,#7339));
#1250=EDGE_LOOP('',(#7340,#7341,#7342,#7343));
#1251=EDGE_LOOP('',(#7344,#7345,#7346,#7347));
#1252=EDGE_LOOP('',(#7348,#7349,#7350,#7351));
#1253=EDGE_LOOP('',(#7352,#7353,#7354,#7355));
#1254=EDGE_LOOP('',(#7356,#7357,#7358,#7359));
#1255=EDGE_LOOP('',(#7360,#7361,#7362,#7363));
#1256=EDGE_LOOP('',(#7364,#7365,#7366,#7367));
#1257=EDGE_LOOP('',(#7368,#7369,#7370,#7371));
#1258=EDGE_LOOP('',(#7372,#7373,#7374,#7375));
#1259=EDGE_LOOP('',(#7376,#7377,#7378,#7379));
#1260=EDGE_LOOP('',(#7380,#7381,#7382,#7383));
#1261=EDGE_LOOP('',(#7384,#7385,#7386,#7387));
#1262=EDGE_LOOP('',(#7388,#7389,#7390,#7391));
#1263=EDGE_LOOP('',(#7392,#7393,#7394,#7395));
#1264=EDGE_LOOP('',(#7396,#7397,#7398,#7399));
#1265=EDGE_LOOP('',(#7400,#7401,#7402,#7403));
#1266=EDGE_LOOP('',(#7404,#7405,#7406,#7407));
#1267=EDGE_LOOP('',(#7408,#7409,#7410,#7411));
#1268=EDGE_LOOP('',(#7412,#7413,#7414,#7415));
#1269=EDGE_LOOP('',(#7416,#7417,#7418,#7419));
#1270=EDGE_LOOP('',(#7420,#7421,#7422,#7423));
#1271=EDGE_LOOP('',(#7424,#7425,#7426,#7427));
#1272=EDGE_LOOP('',(#7428,#7429,#7430,#7431));
#1273=EDGE_LOOP('',(#7432,#7433,#7434,#7435));
#1274=EDGE_LOOP('',(#7436,#7437,#7438,#7439));
#1275=EDGE_LOOP('',(#7440,#7441,#7442,#7443));
#1276=EDGE_LOOP('',(#7444,#7445,#7446,#7447));
#1277=EDGE_LOOP('',(#7448,#7449,#7450,#7451));
#1278=EDGE_LOOP('',(#7452,#7453,#7454,#7455));
#1279=EDGE_LOOP('',(#7456,#7457,#7458,#7459));
#1280=EDGE_LOOP('',(#7460,#7461,#7462,#7463));
#1281=EDGE_LOOP('',(#7464,#7465,#7466,#7467));
#1282=EDGE_LOOP('',(#7468,#7469,#7470,#7471));
#1283=EDGE_LOOP('',(#7472,#7473,#7474,#7475));
#1284=EDGE_LOOP('',(#7476,#7477,#7478,#7479));
#1285=EDGE_LOOP('',(#7480,#7481,#7482,#7483));
#1286=EDGE_LOOP('',(#7484,#7485,#7486,#7487));
#1287=EDGE_LOOP('',(#7488,#7489,#7490,#7491));
#1288=EDGE_LOOP('',(#7492,#7493,#7494,#7495));
#1289=EDGE_LOOP('',(#7496,#7497,#7498,#7499));
#1290=EDGE_LOOP('',(#7500,#7501,#7502,#7503));
#1291=EDGE_LOOP('',(#7504,#7505,#7506,#7507));
#1292=EDGE_LOOP('',(#7508,#7509,#7510,#7511));
#1293=EDGE_LOOP('',(#7512,#7513,#7514,#7515));
#1294=EDGE_LOOP('',(#7516,#7517,#7518,#7519));
#1295=EDGE_LOOP('',(#7520,#7521,#7522,#7523));
#1296=EDGE_LOOP('',(#7524,#7525,#7526,#7527));
#1297=EDGE_LOOP('',(#7528,#7529,#7530,#7531));
#1298=EDGE_LOOP('',(#7532,#7533,#7534,#7535));
#1299=EDGE_LOOP('',(#7536,#7537,#7538,#7539));
#1300=EDGE_LOOP('',(#7540,#7541,#7542,#7543));
#1301=EDGE_LOOP('',(#7544,#7545,#7546,#7547));
#1302=EDGE_LOOP('',(#7548,#7549,#7550,#7551));
#1303=EDGE_LOOP('',(#7552,#7553,#7554,#7555));
#1304=EDGE_LOOP('',(#7556,#7557,#7558,#7559));
#1305=EDGE_LOOP('',(#7560,#7561,#7562,#7563));
#1306=EDGE_LOOP('',(#7564,#7565,#7566,#7567));
#1307=EDGE_LOOP('',(#7568,#7569,#7570,#7571));
#1308=EDGE_LOOP('',(#7572,#7573,#7574,#7575));
#1309=EDGE_LOOP('',(#7576,#7577,#7578,#7579));
#1310=EDGE_LOOP('',(#7580,#7581,#7582,#7583));
#1311=EDGE_LOOP('',(#7584,#7585,#7586,#7587));
#1312=EDGE_LOOP('',(#7588,#7589,#7590,#7591));
#1313=EDGE_LOOP('',(#7592,#7593,#7594,#7595));
#1314=EDGE_LOOP('',(#7596,#7597,#7598,#7599));
#1315=EDGE_LOOP('',(#7600,#7601,#7602,#7603));
#1316=EDGE_LOOP('',(#7604,#7605,#7606,#7607));
#1317=EDGE_LOOP('',(#7608,#7609,#7610,#7611));
#1318=EDGE_LOOP('',(#7612,#7613,#7614,#7615));
#1319=EDGE_LOOP('',(#7616,#7617,#7618,#7619));
#1320=EDGE_LOOP('',(#7620,#7621,#7622,#7623));
#1321=EDGE_LOOP('',(#7624,#7625,#7626,#7627));
#1322=EDGE_LOOP('',(#7628,#7629,#7630,#7631));
#1323=EDGE_LOOP('',(#7632,#7633,#7634,#7635));
#1324=EDGE_LOOP('',(#7636,#7637,#7638,#7639));
#1325=EDGE_LOOP('',(#7640,#7641,#7642,#7643));
#1326=EDGE_LOOP('',(#7644,#7645,#7646,#7647));
#1327=EDGE_LOOP('',(#7648,#7649,#7650,#7651));
#1328=EDGE_LOOP('',(#7652,#7653,#7654,#7655));
#1329=EDGE_LOOP('',(#7656,#7657,#7658,#7659));
#1330=EDGE_LOOP('',(#7660,#7661,#7662,#7663));
#1331=EDGE_LOOP('',(#7664,#7665,#7666,#7667));
#1332=EDGE_LOOP('',(#7668,#7669,#7670,#7671));
#1333=EDGE_LOOP('',(#7672,#7673,#7674,#7675));
#1334=EDGE_LOOP('',(#7676,#7677,#7678,#7679));
#1335=EDGE_LOOP('',(#7680,#7681,#7682,#7683));
#1336=EDGE_LOOP('',(#7684,#7685,#7686,#7687));
#1337=EDGE_LOOP('',(#7688,#7689,#7690,#7691));
#1338=EDGE_LOOP('',(#7692,#7693,#7694,#7695));
#1339=EDGE_LOOP('',(#7696,#7697,#7698,#7699));
#1340=EDGE_LOOP('',(#7700,#7701,#7702,#7703));
#1341=EDGE_LOOP('',(#7704,#7705,#7706,#7707));
#1342=EDGE_LOOP('',(#7708,#7709,#7710,#7711));
#1343=EDGE_LOOP('',(#7712,#7713,#7714,#7715));
#1344=EDGE_LOOP('',(#7716,#7717,#7718,#7719));
#1345=EDGE_LOOP('',(#7720,#7721,#7722,#7723));
#1346=EDGE_LOOP('',(#7724,#7725,#7726,#7727));
#1347=EDGE_LOOP('',(#7728,#7729,#7730,#7731));
#1348=EDGE_LOOP('',(#7732,#7733,#7734,#7735));
#1349=EDGE_LOOP('',(#7736,#7737,#7738,#7739));
#1350=EDGE_LOOP('',(#7740,#7741,#7742,#7743));
#1351=EDGE_LOOP('',(#7744,#7745,#7746,#7747));
#1352=EDGE_LOOP('',(#7748,#7749,#7750,#7751));
#1353=EDGE_LOOP('',(#7752,#7753,#7754,#7755));
#1354=EDGE_LOOP('',(#7756,#7757,#7758,#7759));
#1355=EDGE_LOOP('',(#7760,#7761,#7762,#7763));
#1356=EDGE_LOOP('',(#7764,#7765,#7766,#7767));
#1357=EDGE_LOOP('',(#7768,#7769,#7770,#7771));
#1358=EDGE_LOOP('',(#7772,#7773,#7774,#7775));
#1359=EDGE_LOOP('',(#7776,#7777,#7778,#7779));
#1360=EDGE_LOOP('',(#7780,#7781,#7782,#7783));
#1361=EDGE_LOOP('',(#7784,#7785,#7786,#7787));
#1362=EDGE_LOOP('',(#7788,#7789,#7790,#7791));
#1363=EDGE_LOOP('',(#7792,#7793,#7794,#7795));
#1364=EDGE_LOOP('',(#7796,#7797,#7798,#7799));
#1365=EDGE_LOOP('',(#7800,#7801,#7802,#7803,#7804,#7805,#7806,#7807,#7808,
#7809,#7810,#7811,#7812,#7813,#7814,#7815,#7816,#7817,#7818,#7819,#7820,
#7821,#7822,#7823,#7824,#7825,#7826,#7827,#7828,#7829,#7830,#7831,#7832,
#7833,#7834,#7835,#7836,#7837,#7838,#7839,#7840,#7841,#7842,#7843,#7844,
#7845,#7846,#7847,#7848,#7849,#7850,#7851,#7852,#7853,#7854,#7855,#7856,
#7857,#7858,#7859,#7860,#7861,#7862,#7863,#7864,#7865,#7866,#7867,#7868,
#7869,#7870,#7871,#7872,#7873,#7874,#7875,#7876,#7877,#7878,#7879,#7880,
#7881,#7882,#7883,#7884,#7885,#7886,#7887,#7888,#7889,#7890,#7891,#7892,
#7893,#7894,#7895,#7896,#7897,#7898,#7899,#7900,#7901,#7902,#7903,#7904,
#7905,#7906,#7907,#7908,#7909,#7910,#7911,#7912,#7913,#7914,#7915,#7916,
#7917,#7918,#7919,#7920,#7921,#7922,#7923,#7924,#7925,#7926,#7927,#7928,
#7929,#7930,#7931,#7932,#7933,#7934,#7935,#7936,#7937,#7938,#7939,#7940,
#7941,#7942,#7943,#7944,#7945,#7946,#7947,#7948,#7949,#7950,#7951,#7952,
#7953,#7954,#7955,#7956,#7957,#7958,#7959,#7960,#7961,#7962,#7963,#7964,
#7965,#7966,#7967,#7968,#7969,#7970,#7971,#7972,#7973,#7974,#7975,#7976,
#7977,#7978,#7979,#7980,#7981));
#1366=EDGE_LOOP('',(#7982,#7983,#7984,#7985,#7986,#7987));
#1367=EDGE_LOOP('',(#7988,#7989,#7990,#7991,#7992,#7993));
#1368=EDGE_LOOP('',(#7994,#7995,#7996,#7997,#7998,#7999));
#1369=EDGE_LOOP('',(#8000,#8001,#8002,#8003,#8004,#8005));
#1370=EDGE_LOOP('',(#8006,#8007,#8008,#8009,#8010,#8011));
#1371=EDGE_LOOP('',(#8012,#8013,#8014,#8015,#8016,#8017));
#1372=EDGE_LOOP('',(#8018,#8019,#8020,#8021,#8022,#8023));
#1373=EDGE_LOOP('',(#8024,#8025,#8026,#8027,#8028,#8029));
#1374=EDGE_LOOP('',(#8030,#8031,#8032,#8033,#8034,#8035));
#1375=EDGE_LOOP('',(#8036,#8037,#8038,#8039,#8040,#8041));
#1376=EDGE_LOOP('',(#8042,#8043,#8044,#8045,#8046,#8047));
#1377=EDGE_LOOP('',(#8048,#8049,#8050,#8051,#8052,#8053));
#1378=EDGE_LOOP('',(#8054,#8055,#8056,#8057,#8058,#8059));
#1379=EDGE_LOOP('',(#8060,#8061,#8062,#8063,#8064,#8065));
#1380=EDGE_LOOP('',(#8066,#8067,#8068,#8069,#8070,#8071));
#1381=EDGE_LOOP('',(#8072,#8073,#8074,#8075,#8076,#8077));
#1382=EDGE_LOOP('',(#8078,#8079,#8080,#8081,#8082,#8083));
#1383=EDGE_LOOP('',(#8084,#8085,#8086,#8087,#8088,#8089));
#1384=EDGE_LOOP('',(#8090,#8091,#8092,#8093,#8094,#8095));
#1385=EDGE_LOOP('',(#8096,#8097,#8098,#8099,#8100,#8101));
#1386=EDGE_LOOP('',(#8102,#8103,#8104,#8105,#8106,#8107));
#1387=EDGE_LOOP('',(#8108,#8109,#8110,#8111,#8112,#8113));
#1388=EDGE_LOOP('',(#8114,#8115,#8116,#8117,#8118,#8119));
#1389=EDGE_LOOP('',(#8120,#8121,#8122,#8123,#8124,#8125));
#1390=EDGE_LOOP('',(#8126,#8127,#8128,#8129,#8130,#8131));
#1391=EDGE_LOOP('',(#8132,#8133,#8134,#8135,#8136,#8137));
#1392=EDGE_LOOP('',(#8138,#8139,#8140,#8141,#8142,#8143));
#1393=EDGE_LOOP('',(#8144,#8145,#8146,#8147,#8148,#8149));
#1394=EDGE_LOOP('',(#8150,#8151,#8152,#8153,#8154,#8155));
#1395=EDGE_LOOP('',(#8156,#8157,#8158,#8159,#8160,#8161));
#1396=EDGE_LOOP('',(#8162,#8163,#8164,#8165,#8166,#8167));
#1397=EDGE_LOOP('',(#8168,#8169,#8170,#8171,#8172,#8173));
#1398=EDGE_LOOP('',(#8174,#8175,#8176,#8177,#8178,#8179));
#1399=EDGE_LOOP('',(#8180,#8181,#8182,#8183,#8184,#8185));
#1400=EDGE_LOOP('',(#8186,#8187,#8188,#8189,#8190,#8191));
#1401=EDGE_LOOP('',(#8192,#8193,#8194,#8195,#8196,#8197));
#1402=EDGE_LOOP('',(#8198,#8199,#8200,#8201));
#1403=EDGE_LOOP('',(#8202,#8203,#8204,#8205));
#1404=EDGE_LOOP('',(#8206,#8207,#8208,#8209));
#1405=EDGE_LOOP('',(#8210,#8211,#8212,#8213));
#1406=EDGE_LOOP('',(#8214,#8215,#8216,#8217));
#1407=EDGE_LOOP('',(#8218,#8219,#8220,#8221));
#1408=EDGE_LOOP('',(#8222,#8223,#8224,#8225));
#1409=EDGE_LOOP('',(#8226,#8227,#8228,#8229));
#1410=EDGE_LOOP('',(#8230,#8231,#8232,#8233));
#1411=EDGE_LOOP('',(#8234,#8235,#8236,#8237));
#1412=EDGE_LOOP('',(#8238,#8239,#8240,#8241));
#1413=EDGE_LOOP('',(#8242,#8243,#8244,#8245));
#1414=EDGE_LOOP('',(#8246,#8247,#8248,#8249));
#1415=EDGE_LOOP('',(#8250,#8251,#8252,#8253,#8254,#8255,#8256,#8257,#8258,
#8259,#8260,#8261,#8262,#8263,#8264,#8265,#8266,#8267,#8268,#8269,#8270,
#8271,#8272,#8273,#8274,#8275,#8276,#8277,#8278,#8279,#8280,#8281,#8282,
#8283,#8284,#8285,#8286,#8287,#8288,#8289,#8290,#8291,#8292,#8293,#8294,
#8295,#8296,#8297,#8298,#8299,#8300,#8301,#8302,#8303,#8304,#8305,#8306,
#8307,#8308,#8309,#8310,#8311,#8312,#8313,#8314,#8315,#8316,#8317,#8318,
#8319,#8320,#8321,#8322,#8323,#8324,#8325,#8326,#8327,#8328,#8329,#8330,
#8331,#8332,#8333,#8334,#8335,#8336,#8337,#8338,#8339,#8340,#8341,#8342,
#8343,#8344,#8345,#8346,#8347,#8348,#8349,#8350,#8351,#8352,#8353,#8354,
#8355,#8356,#8357,#8358,#8359,#8360,#8361,#8362,#8363,#8364,#8365,#8366,
#8367,#8368,#8369,#8370,#8371,#8372,#8373,#8374,#8375,#8376,#8377,#8378,
#8379,#8380,#8381,#8382,#8383,#8384,#8385,#8386,#8387,#8388,#8389,#8390,
#8391,#8392,#8393,#8394,#8395,#8396,#8397,#8398,#8399,#8400,#8401,#8402,
#8403,#8404,#8405,#8406,#8407,#8408,#8409,#8410,#8411,#8412,#8413,#8414,
#8415,#8416,#8417,#8418,#8419,#8420,#8421,#8422,#8423,#8424,#8425,#8426,
#8427,#8428,#8429,#8430,#8431));
#1416=EDGE_LOOP('',(#8432,#8433,#8434,#8435,#8436,#8437));
#1417=EDGE_LOOP('',(#8438,#8439,#8440,#8441,#8442,#8443));
#1418=EDGE_LOOP('',(#8444,#8445,#8446,#8447,#8448,#8449));
#1419=EDGE_LOOP('',(#8450,#8451,#8452,#8453,#8454,#8455));
#1420=EDGE_LOOP('',(#8456,#8457,#8458,#8459,#8460,#8461));
#1421=EDGE_LOOP('',(#8462,#8463,#8464,#8465,#8466,#8467));
#1422=EDGE_LOOP('',(#8468,#8469,#8470,#8471,#8472,#8473));
#1423=EDGE_LOOP('',(#8474,#8475,#8476,#8477,#8478,#8479));
#1424=EDGE_LOOP('',(#8480,#8481,#8482,#8483,#8484,#8485));
#1425=EDGE_LOOP('',(#8486,#8487,#8488,#8489,#8490,#8491));
#1426=EDGE_LOOP('',(#8492,#8493,#8494,#8495,#8496,#8497));
#1427=EDGE_LOOP('',(#8498,#8499,#8500,#8501,#8502,#8503));
#1428=EDGE_LOOP('',(#8504,#8505,#8506,#8507,#8508,#8509));
#1429=EDGE_LOOP('',(#8510,#8511,#8512,#8513,#8514,#8515));
#1430=EDGE_LOOP('',(#8516,#8517,#8518,#8519,#8520,#8521));
#1431=EDGE_LOOP('',(#8522,#8523,#8524,#8525,#8526,#8527));
#1432=EDGE_LOOP('',(#8528,#8529,#8530,#8531,#8532,#8533));
#1433=EDGE_LOOP('',(#8534,#8535,#8536,#8537,#8538,#8539));
#1434=EDGE_LOOP('',(#8540,#8541,#8542,#8543,#8544,#8545));
#1435=EDGE_LOOP('',(#8546,#8547,#8548,#8549,#8550,#8551));
#1436=EDGE_LOOP('',(#8552,#8553,#8554,#8555,#8556,#8557));
#1437=EDGE_LOOP('',(#8558,#8559,#8560,#8561,#8562,#8563));
#1438=EDGE_LOOP('',(#8564,#8565,#8566,#8567,#8568,#8569));
#1439=EDGE_LOOP('',(#8570,#8571,#8572,#8573,#8574,#8575));
#1440=EDGE_LOOP('',(#8576,#8577,#8578,#8579,#8580,#8581));
#1441=EDGE_LOOP('',(#8582,#8583,#8584,#8585,#8586,#8587));
#1442=EDGE_LOOP('',(#8588,#8589,#8590,#8591,#8592,#8593));
#1443=EDGE_LOOP('',(#8594,#8595,#8596,#8597,#8598,#8599));
#1444=EDGE_LOOP('',(#8600,#8601,#8602,#8603,#8604,#8605));
#1445=EDGE_LOOP('',(#8606,#8607,#8608,#8609,#8610,#8611));
#1446=EDGE_LOOP('',(#8612,#8613,#8614,#8615,#8616,#8617));
#1447=EDGE_LOOP('',(#8618,#8619,#8620,#8621,#8622,#8623));
#1448=EDGE_LOOP('',(#8624,#8625,#8626,#8627,#8628,#8629));
#1449=EDGE_LOOP('',(#8630,#8631,#8632,#8633,#8634,#8635));
#1450=EDGE_LOOP('',(#8636,#8637,#8638,#8639,#8640,#8641));
#1451=EDGE_LOOP('',(#8642,#8643,#8644,#8645,#8646,#8647));
#1452=EDGE_LOOP('',(#8648,#8649,#8650));
#1453=EDGE_LOOP('',(#8651,#8652,#8653));
#1454=EDGE_LOOP('',(#8654,#8655,#8656,#8657));
#1455=EDGE_LOOP('',(#8658,#8659,#8660,#8661));
#1456=EDGE_LOOP('',(#8662,#8663,#8664,#8665));
#1457=LINE('',#11836,#2688);
#1458=LINE('',#11842,#2689);
#1459=LINE('',#11849,#2690);
#1460=LINE('',#11852,#2691);
#1461=LINE('',#11858,#2692);
#1462=LINE('',#11861,#2693);
#1463=LINE('',#11864,#2694);
#1464=LINE('',#11866,#2695);
#1465=LINE('',#11867,#2696);
#1466=LINE('',#11872,#2697);
#1467=LINE('',#11876,#2698);
#1468=LINE('',#11878,#2699);
#1469=LINE('',#11879,#2700);
#1470=LINE('',#11884,#2701);
#1471=LINE('',#11891,#2702);
#1472=LINE('',#11894,#2703);
#1473=LINE('',#11897,#2704);
#1474=LINE('',#11899,#2705);
#1475=LINE('',#11900,#2706);
#1476=LINE('',#11902,#2707);
#1477=LINE('',#11903,#2708);
#1478=LINE('',#11908,#2709);
#1479=LINE('',#11914,#2710);
#1480=LINE('',#11921,#2711);
#1481=LINE('',#11924,#2712);
#1482=LINE('',#11926,#2713);
#1483=LINE('',#11927,#2714);
#1484=LINE('',#11930,#2715);
#1485=LINE('',#11932,#2716);
#1486=LINE('',#11933,#2717);
#1487=LINE('',#11939,#2718);
#1488=LINE('',#11942,#2719);
#1489=LINE('',#11944,#2720);
#1490=LINE('',#11945,#2721);
#1491=LINE('',#11951,#2722);
#1492=LINE('',#11954,#2723);
#1493=LINE('',#11956,#2724);
#1494=LINE('',#11957,#2725);
#1495=LINE('',#11963,#2726);
#1496=LINE('',#11965,#2727);
#1497=LINE('',#11966,#2728);
#1498=LINE('',#11969,#2729);
#1499=LINE('',#11971,#2730);
#1500=LINE('',#11972,#2731);
#1501=LINE('',#11978,#2732);
#1502=LINE('',#11981,#2733);
#1503=LINE('',#11983,#2734);
#1504=LINE('',#11984,#2735);
#1505=LINE('',#11986,#2736);
#1506=LINE('',#11987,#2737);
#1507=LINE('',#11993,#2738);
#1508=LINE('',#11995,#2739);
#1509=LINE('',#11997,#2740);
#1510=LINE('',#11998,#2741);
#1511=LINE('',#12002,#2742);
#1512=LINE('',#12003,#2743);
#1513=LINE('',#12004,#2744);
#1514=LINE('',#12008,#2745);
#1515=LINE('',#12010,#2746);
#1516=LINE('',#12012,#2747);
#1517=LINE('',#12013,#2748);
#1518=LINE('',#12017,#2749);
#1519=LINE('',#12018,#2750);
#1520=LINE('',#12019,#2751);
#1521=LINE('',#12023,#2752);
#1522=LINE('',#12025,#2753);
#1523=LINE('',#12027,#2754);
#1524=LINE('',#12028,#2755);
#1525=LINE('',#12031,#2756);
#1526=LINE('',#12033,#2757);
#1527=LINE('',#12034,#2758);
#1528=LINE('',#12037,#2759);
#1529=LINE('',#12039,#2760);
#1530=LINE('',#12040,#2761);
#1531=LINE('',#12043,#2762);
#1532=LINE('',#12045,#2763);
#1533=LINE('',#12046,#2764);
#1534=LINE('',#12050,#2765);
#1535=LINE('',#12051,#2766);
#1536=LINE('',#12052,#2767);
#1537=LINE('',#12056,#2768);
#1538=LINE('',#12058,#2769);
#1539=LINE('',#12060,#2770);
#1540=LINE('',#12061,#2771);
#1541=LINE('',#12064,#2772);
#1542=LINE('',#12066,#2773);
#1543=LINE('',#12067,#2774);
#1544=LINE('',#12070,#2775);
#1545=LINE('',#12072,#2776);
#1546=LINE('',#12073,#2777);
#1547=LINE('',#12077,#2778);
#1548=LINE('',#12078,#2779);
#1549=LINE('',#12079,#2780);
#1550=LINE('',#12083,#2781);
#1551=LINE('',#12085,#2782);
#1552=LINE('',#12087,#2783);
#1553=LINE('',#12088,#2784);
#1554=LINE('',#12091,#2785);
#1555=LINE('',#12093,#2786);
#1556=LINE('',#12094,#2787);
#1557=LINE('',#12097,#2788);
#1558=LINE('',#12099,#2789);
#1559=LINE('',#12100,#2790);
#1560=LINE('',#12104,#2791);
#1561=LINE('',#12105,#2792);
#1562=LINE('',#12106,#2793);
#1563=LINE('',#12110,#2794);
#1564=LINE('',#12111,#2795);
#1565=LINE('',#12112,#2796);
#1566=LINE('',#12116,#2797);
#1567=LINE('',#12118,#2798);
#1568=LINE('',#12120,#2799);
#1569=LINE('',#12121,#2800);
#1570=LINE('',#12124,#2801);
#1571=LINE('',#12126,#2802);
#1572=LINE('',#12127,#2803);
#1573=LINE('',#12130,#2804);
#1574=LINE('',#12132,#2805);
#1575=LINE('',#12133,#2806);
#1576=LINE('',#12136,#2807);
#1577=LINE('',#12138,#2808);
#1578=LINE('',#12139,#2809);
#1579=LINE('',#12142,#2810);
#1580=LINE('',#12144,#2811);
#1581=LINE('',#12145,#2812);
#1582=LINE('',#12147,#2813);
#1583=LINE('',#12148,#2814);
#1584=LINE('',#12152,#2815);
#1585=LINE('',#12154,#2816);
#1586=LINE('',#12156,#2817);
#1587=LINE('',#12157,#2818);
#1588=LINE('',#12160,#2819);
#1589=LINE('',#12162,#2820);
#1590=LINE('',#12163,#2821);
#1591=LINE('',#12166,#2822);
#1592=LINE('',#12168,#2823);
#1593=LINE('',#12169,#2824);
#1594=LINE('',#12173,#2825);
#1595=LINE('',#12174,#2826);
#1596=LINE('',#12175,#2827);
#1597=LINE('',#12179,#2828);
#1598=LINE('',#12181,#2829);
#1599=LINE('',#12183,#2830);
#1600=LINE('',#12184,#2831);
#1601=LINE('',#12187,#2832);
#1602=LINE('',#12189,#2833);
#1603=LINE('',#12190,#2834);
#1604=LINE('',#12194,#2835);
#1605=LINE('',#12195,#2836);
#1606=LINE('',#12196,#2837);
#1607=LINE('',#12200,#2838);
#1608=LINE('',#12202,#2839);
#1609=LINE('',#12204,#2840);
#1610=LINE('',#12205,#2841);
#1611=LINE('',#12208,#2842);
#1612=LINE('',#12210,#2843);
#1613=LINE('',#12211,#2844);
#1614=LINE('',#12214,#2845);
#1615=LINE('',#12216,#2846);
#1616=LINE('',#12217,#2847);
#1617=LINE('',#12220,#2848);
#1618=LINE('',#12222,#2849);
#1619=LINE('',#12223,#2850);
#1620=LINE('',#12226,#2851);
#1621=LINE('',#12228,#2852);
#1622=LINE('',#12229,#2853);
#1623=LINE('',#12231,#2854);
#1624=LINE('',#12232,#2855);
#1625=LINE('',#12236,#2856);
#1626=LINE('',#12238,#2857);
#1627=LINE('',#12240,#2858);
#1628=LINE('',#12241,#2859);
#1629=LINE('',#12244,#2860);
#1630=LINE('',#12246,#2861);
#1631=LINE('',#12247,#2862);
#1632=LINE('',#12250,#2863);
#1633=LINE('',#12252,#2864);
#1634=LINE('',#12253,#2865);
#1635=LINE('',#12256,#2866);
#1636=LINE('',#12258,#2867);
#1637=LINE('',#12259,#2868);
#1638=LINE('',#12262,#2869);
#1639=LINE('',#12264,#2870);
#1640=LINE('',#12265,#2871);
#1641=LINE('',#12267,#2872);
#1642=LINE('',#12268,#2873);
#1643=LINE('',#12272,#2874);
#1644=LINE('',#12274,#2875);
#1645=LINE('',#12276,#2876);
#1646=LINE('',#12277,#2877);
#1647=LINE('',#12280,#2878);
#1648=LINE('',#12282,#2879);
#1649=LINE('',#12283,#2880);
#1650=LINE('',#12286,#2881);
#1651=LINE('',#12288,#2882);
#1652=LINE('',#12289,#2883);
#1653=LINE('',#12293,#2884);
#1654=LINE('',#12294,#2885);
#1655=LINE('',#12295,#2886);
#1656=LINE('',#12299,#2887);
#1657=LINE('',#12301,#2888);
#1658=LINE('',#12303,#2889);
#1659=LINE('',#12304,#2890);
#1660=LINE('',#12307,#2891);
#1661=LINE('',#12309,#2892);
#1662=LINE('',#12310,#2893);
#1663=LINE('',#12313,#2894);
#1664=LINE('',#12315,#2895);
#1665=LINE('',#12316,#2896);
#1666=LINE('',#12320,#2897);
#1667=LINE('',#12321,#2898);
#1668=LINE('',#12322,#2899);
#1669=LINE('',#12326,#2900);
#1670=LINE('',#12327,#2901);
#1671=LINE('',#12328,#2902);
#1672=LINE('',#12332,#2903);
#1673=LINE('',#12334,#2904);
#1674=LINE('',#12336,#2905);
#1675=LINE('',#12337,#2906);
#1676=LINE('',#12340,#2907);
#1677=LINE('',#12342,#2908);
#1678=LINE('',#12343,#2909);
#1679=LINE('',#12346,#2910);
#1680=LINE('',#12348,#2911);
#1681=LINE('',#12349,#2912);
#1682=LINE('',#12352,#2913);
#1683=LINE('',#12354,#2914);
#1684=LINE('',#12355,#2915);
#1685=LINE('',#12358,#2916);
#1686=LINE('',#12360,#2917);
#1687=LINE('',#12361,#2918);
#1688=LINE('',#12363,#2919);
#1689=LINE('',#12364,#2920);
#1690=LINE('',#12368,#2921);
#1691=LINE('',#12370,#2922);
#1692=LINE('',#12372,#2923);
#1693=LINE('',#12373,#2924);
#1694=LINE('',#12376,#2925);
#1695=LINE('',#12378,#2926);
#1696=LINE('',#12379,#2927);
#1697=LINE('',#12382,#2928);
#1698=LINE('',#12384,#2929);
#1699=LINE('',#12385,#2930);
#1700=LINE('',#12388,#2931);
#1701=LINE('',#12390,#2932);
#1702=LINE('',#12391,#2933);
#1703=LINE('',#12394,#2934);
#1704=LINE('',#12396,#2935);
#1705=LINE('',#12397,#2936);
#1706=LINE('',#12399,#2937);
#1707=LINE('',#12400,#2938);
#1708=LINE('',#12404,#2939);
#1709=LINE('',#12406,#2940);
#1710=LINE('',#12408,#2941);
#1711=LINE('',#12409,#2942);
#1712=LINE('',#12412,#2943);
#1713=LINE('',#12414,#2944);
#1714=LINE('',#12415,#2945);
#1715=LINE('',#12418,#2946);
#1716=LINE('',#12420,#2947);
#1717=LINE('',#12421,#2948);
#1718=LINE('',#12425,#2949);
#1719=LINE('',#12426,#2950);
#1720=LINE('',#12427,#2951);
#1721=LINE('',#12431,#2952);
#1722=LINE('',#12433,#2953);
#1723=LINE('',#12435,#2954);
#1724=LINE('',#12436,#2955);
#1725=LINE('',#12439,#2956);
#1726=LINE('',#12441,#2957);
#1727=LINE('',#12442,#2958);
#1728=LINE('',#12446,#2959);
#1729=LINE('',#12447,#2960);
#1730=LINE('',#12448,#2961);
#1731=LINE('',#12452,#2962);
#1732=LINE('',#12454,#2963);
#1733=LINE('',#12456,#2964);
#1734=LINE('',#12457,#2965);
#1735=LINE('',#12460,#2966);
#1736=LINE('',#12462,#2967);
#1737=LINE('',#12463,#2968);
#1738=LINE('',#12466,#2969);
#1739=LINE('',#12468,#2970);
#1740=LINE('',#12469,#2971);
#1741=LINE('',#12472,#2972);
#1742=LINE('',#12474,#2973);
#1743=LINE('',#12475,#2974);
#1744=LINE('',#12478,#2975);
#1745=LINE('',#12480,#2976);
#1746=LINE('',#12481,#2977);
#1747=LINE('',#12483,#2978);
#1748=LINE('',#12484,#2979);
#1749=LINE('',#12488,#2980);
#1750=LINE('',#12490,#2981);
#1751=LINE('',#12492,#2982);
#1752=LINE('',#12493,#2983);
#1753=LINE('',#12496,#2984);
#1754=LINE('',#12498,#2985);
#1755=LINE('',#12499,#2986);
#1756=LINE('',#12502,#2987);
#1757=LINE('',#12504,#2988);
#1758=LINE('',#12505,#2989);
#1759=LINE('',#12508,#2990);
#1760=LINE('',#12510,#2991);
#1761=LINE('',#12511,#2992);
#1762=LINE('',#12514,#2993);
#1763=LINE('',#12516,#2994);
#1764=LINE('',#12517,#2995);
#1765=LINE('',#12519,#2996);
#1766=LINE('',#12520,#2997);
#1767=LINE('',#12524,#2998);
#1768=LINE('',#12526,#2999);
#1769=LINE('',#12528,#3000);
#1770=LINE('',#12529,#3001);
#1771=LINE('',#12532,#3002);
#1772=LINE('',#12534,#3003);
#1773=LINE('',#12535,#3004);
#1774=LINE('',#12538,#3005);
#1775=LINE('',#12540,#3006);
#1776=LINE('',#12541,#3007);
#1777=LINE('',#12544,#3008);
#1778=LINE('',#12546,#3009);
#1779=LINE('',#12547,#3010);
#1780=LINE('',#12550,#3011);
#1781=LINE('',#12552,#3012);
#1782=LINE('',#12553,#3013);
#1783=LINE('',#12555,#3014);
#1784=LINE('',#12556,#3015);
#1785=LINE('',#12560,#3016);
#1786=LINE('',#12562,#3017);
#1787=LINE('',#12564,#3018);
#1788=LINE('',#12565,#3019);
#1789=LINE('',#12568,#3020);
#1790=LINE('',#12570,#3021);
#1791=LINE('',#12571,#3022);
#1792=LINE('',#12575,#3023);
#1793=LINE('',#12576,#3024);
#1794=LINE('',#12577,#3025);
#1795=LINE('',#12581,#3026);
#1796=LINE('',#12583,#3027);
#1797=LINE('',#12585,#3028);
#1798=LINE('',#12586,#3029);
#1799=LINE('',#12589,#3030);
#1800=LINE('',#12591,#3031);
#1801=LINE('',#12592,#3032);
#1802=LINE('',#12595,#3033);
#1803=LINE('',#12597,#3034);
#1804=LINE('',#12598,#3035);
#1805=LINE('',#12602,#3036);
#1806=LINE('',#12603,#3037);
#1807=LINE('',#12604,#3038);
#1808=LINE('',#12608,#3039);
#1809=LINE('',#12609,#3040);
#1810=LINE('',#12610,#3041);
#1811=LINE('',#12614,#3042);
#1812=LINE('',#12616,#3043);
#1813=LINE('',#12618,#3044);
#1814=LINE('',#12619,#3045);
#1815=LINE('',#12622,#3046);
#1816=LINE('',#12624,#3047);
#1817=LINE('',#12625,#3048);
#1818=LINE('',#12628,#3049);
#1819=LINE('',#12630,#3050);
#1820=LINE('',#12631,#3051);
#1821=LINE('',#12634,#3052);
#1822=LINE('',#12636,#3053);
#1823=LINE('',#12637,#3054);
#1824=LINE('',#12640,#3055);
#1825=LINE('',#12642,#3056);
#1826=LINE('',#12643,#3057);
#1827=LINE('',#12645,#3058);
#1828=LINE('',#12646,#3059);
#1829=LINE('',#12650,#3060);
#1830=LINE('',#12652,#3061);
#1831=LINE('',#12654,#3062);
#1832=LINE('',#12655,#3063);
#1833=LINE('',#12658,#3064);
#1834=LINE('',#12660,#3065);
#1835=LINE('',#12661,#3066);
#1836=LINE('',#12664,#3067);
#1837=LINE('',#12666,#3068);
#1838=LINE('',#12667,#3069);
#1839=LINE('',#12670,#3070);
#1840=LINE('',#12672,#3071);
#1841=LINE('',#12673,#3072);
#1842=LINE('',#12676,#3073);
#1843=LINE('',#12678,#3074);
#1844=LINE('',#12679,#3075);
#1845=LINE('',#12681,#3076);
#1846=LINE('',#12682,#3077);
#1847=LINE('',#12686,#3078);
#1848=LINE('',#12688,#3079);
#1849=LINE('',#12690,#3080);
#1850=LINE('',#12691,#3081);
#1851=LINE('',#12695,#3082);
#1852=LINE('',#12697,#3083);
#1853=LINE('',#12699,#3084);
#1854=LINE('',#12700,#3085);
#1855=LINE('',#12703,#3086);
#1856=LINE('',#12705,#3087);
#1857=LINE('',#12706,#3088);
#1858=LINE('',#12709,#3089);
#1859=LINE('',#12711,#3090);
#1860=LINE('',#12712,#3091);
#1861=LINE('',#12714,#3092);
#1862=LINE('',#12715,#3093);
#1863=LINE('',#12719,#3094);
#1864=LINE('',#12721,#3095);
#1865=LINE('',#12723,#3096);
#1866=LINE('',#12724,#3097);
#1867=LINE('',#12728,#3098);
#1868=LINE('',#12730,#3099);
#1869=LINE('',#12732,#3100);
#1870=LINE('',#12733,#3101);
#1871=LINE('',#12736,#3102);
#1872=LINE('',#12738,#3103);
#1873=LINE('',#12739,#3104);
#1874=LINE('',#12743,#3105);
#1875=LINE('',#12744,#3106);
#1876=LINE('',#12745,#3107);
#1877=LINE('',#12749,#3108);
#1878=LINE('',#12751,#3109);
#1879=LINE('',#12753,#3110);
#1880=LINE('',#12754,#3111);
#1881=LINE('',#12757,#3112);
#1882=LINE('',#12759,#3113);
#1883=LINE('',#12760,#3114);
#1884=LINE('',#12763,#3115);
#1885=LINE('',#12765,#3116);
#1886=LINE('',#12766,#3117);
#1887=LINE('',#12769,#3118);
#1888=LINE('',#12771,#3119);
#1889=LINE('',#12772,#3120);
#1890=LINE('',#12775,#3121);
#1891=LINE('',#12777,#3122);
#1892=LINE('',#12778,#3123);
#1893=LINE('',#12780,#3124);
#1894=LINE('',#12781,#3125);
#1895=LINE('',#12785,#3126);
#1896=LINE('',#12787,#3127);
#1897=LINE('',#12789,#3128);
#1898=LINE('',#12790,#3129);
#1899=LINE('',#12793,#3130);
#1900=LINE('',#12795,#3131);
#1901=LINE('',#12796,#3132);
#1902=LINE('',#12799,#3133);
#1903=LINE('',#12801,#3134);
#1904=LINE('',#12802,#3135);
#1905=LINE('',#12805,#3136);
#1906=LINE('',#12807,#3137);
#1907=LINE('',#12808,#3138);
#1908=LINE('',#12811,#3139);
#1909=LINE('',#12813,#3140);
#1910=LINE('',#12814,#3141);
#1911=LINE('',#12816,#3142);
#1912=LINE('',#12817,#3143);
#1913=LINE('',#12821,#3144);
#1914=LINE('',#12823,#3145);
#1915=LINE('',#12825,#3146);
#1916=LINE('',#12826,#3147);
#1917=LINE('',#12829,#3148);
#1918=LINE('',#12831,#3149);
#1919=LINE('',#12832,#3150);
#1920=LINE('',#12835,#3151);
#1921=LINE('',#12837,#3152);
#1922=LINE('',#12838,#3153);
#1923=LINE('',#12841,#3154);
#1924=LINE('',#12843,#3155);
#1925=LINE('',#12844,#3156);
#1926=LINE('',#12847,#3157);
#1927=LINE('',#12849,#3158);
#1928=LINE('',#12850,#3159);
#1929=LINE('',#12852,#3160);
#1930=LINE('',#12853,#3161);
#1931=LINE('',#12857,#3162);
#1932=LINE('',#12859,#3163);
#1933=LINE('',#12861,#3164);
#1934=LINE('',#12862,#3165);
#1935=LINE('',#12865,#3166);
#1936=LINE('',#12867,#3167);
#1937=LINE('',#12868,#3168);
#1938=LINE('',#12871,#3169);
#1939=LINE('',#12873,#3170);
#1940=LINE('',#12874,#3171);
#1941=LINE('',#12877,#3172);
#1942=LINE('',#12879,#3173);
#1943=LINE('',#12880,#3174);
#1944=LINE('',#12883,#3175);
#1945=LINE('',#12885,#3176);
#1946=LINE('',#12886,#3177);
#1947=LINE('',#12890,#3178);
#1948=LINE('',#12891,#3179);
#1949=LINE('',#12892,#3180);
#1950=LINE('',#12896,#3181);
#1951=LINE('',#12898,#3182);
#1952=LINE('',#12900,#3183);
#1953=LINE('',#12901,#3184);
#1954=LINE('',#12904,#3185);
#1955=LINE('',#12906,#3186);
#1956=LINE('',#12907,#3187);
#1957=LINE('',#12910,#3188);
#1958=LINE('',#12912,#3189);
#1959=LINE('',#12913,#3190);
#1960=LINE('',#12917,#3191);
#1961=LINE('',#12918,#3192);
#1962=LINE('',#12919,#3193);
#1963=LINE('',#12923,#3194);
#1964=LINE('',#12924,#3195);
#1965=LINE('',#12925,#3196);
#1966=LINE('',#12929,#3197);
#1967=LINE('',#12931,#3198);
#1968=LINE('',#12933,#3199);
#1969=LINE('',#12934,#3200);
#1970=LINE('',#12937,#3201);
#1971=LINE('',#12939,#3202);
#1972=LINE('',#12940,#3203);
#1973=LINE('',#12943,#3204);
#1974=LINE('',#12945,#3205);
#1975=LINE('',#12946,#3206);
#1976=LINE('',#12949,#3207);
#1977=LINE('',#12951,#3208);
#1978=LINE('',#12952,#3209);
#1979=LINE('',#12955,#3210);
#1980=LINE('',#12957,#3211);
#1981=LINE('',#12958,#3212);
#1982=LINE('',#12960,#3213);
#1983=LINE('',#12961,#3214);
#1984=LINE('',#12965,#3215);
#1985=LINE('',#12967,#3216);
#1986=LINE('',#12969,#3217);
#1987=LINE('',#12970,#3218);
#1988=LINE('',#12973,#3219);
#1989=LINE('',#12975,#3220);
#1990=LINE('',#12976,#3221);
#1991=LINE('',#12979,#3222);
#1992=LINE('',#12981,#3223);
#1993=LINE('',#12982,#3224);
#1994=LINE('',#12985,#3225);
#1995=LINE('',#12987,#3226);
#1996=LINE('',#12988,#3227);
#1997=LINE('',#12991,#3228);
#1998=LINE('',#12993,#3229);
#1999=LINE('',#12994,#3230);
#2000=LINE('',#12996,#3231);
#2001=LINE('',#12997,#3232);
#2002=LINE('',#13001,#3233);
#2003=LINE('',#13003,#3234);
#2004=LINE('',#13005,#3235);
#2005=LINE('',#13006,#3236);
#2006=LINE('',#13009,#3237);
#2007=LINE('',#13011,#3238);
#2008=LINE('',#13012,#3239);
#2009=LINE('',#13015,#3240);
#2010=LINE('',#13017,#3241);
#2011=LINE('',#13018,#3242);
#2012=LINE('',#13021,#3243);
#2013=LINE('',#13023,#3244);
#2014=LINE('',#13024,#3245);
#2015=LINE('',#13027,#3246);
#2016=LINE('',#13029,#3247);
#2017=LINE('',#13030,#3248);
#2018=LINE('',#13032,#3249);
#2019=LINE('',#13033,#3250);
#2020=LINE('',#13037,#3251);
#2021=LINE('',#13039,#3252);
#2022=LINE('',#13041,#3253);
#2023=LINE('',#13042,#3254);
#2024=LINE('',#13045,#3255);
#2025=LINE('',#13047,#3256);
#2026=LINE('',#13048,#3257);
#2027=LINE('',#13052,#3258);
#2028=LINE('',#13053,#3259);
#2029=LINE('',#13054,#3260);
#2030=LINE('',#13058,#3261);
#2031=LINE('',#13060,#3262);
#2032=LINE('',#13062,#3263);
#2033=LINE('',#13063,#3264);
#2034=LINE('',#13066,#3265);
#2035=LINE('',#13068,#3266);
#2036=LINE('',#13069,#3267);
#2037=LINE('',#13073,#3268);
#2038=LINE('',#13074,#3269);
#2039=LINE('',#13075,#3270);
#2040=LINE('',#13079,#3271);
#2041=LINE('',#13081,#3272);
#2042=LINE('',#13083,#3273);
#2043=LINE('',#13084,#3274);
#2044=LINE('',#13087,#3275);
#2045=LINE('',#13089,#3276);
#2046=LINE('',#13090,#3277);
#2047=LINE('',#13093,#3278);
#2048=LINE('',#13095,#3279);
#2049=LINE('',#13096,#3280);
#2050=LINE('',#13099,#3281);
#2051=LINE('',#13101,#3282);
#2052=LINE('',#13102,#3283);
#2053=LINE('',#13105,#3284);
#2054=LINE('',#13107,#3285);
#2055=LINE('',#13108,#3286);
#2056=LINE('',#13110,#3287);
#2057=LINE('',#13111,#3288);
#2058=LINE('',#13115,#3289);
#2059=LINE('',#13117,#3290);
#2060=LINE('',#13119,#3291);
#2061=LINE('',#13120,#3292);
#2062=LINE('',#13123,#3293);
#2063=LINE('',#13125,#3294);
#2064=LINE('',#13126,#3295);
#2065=LINE('',#13129,#3296);
#2066=LINE('',#13131,#3297);
#2067=LINE('',#13132,#3298);
#2068=LINE('',#13135,#3299);
#2069=LINE('',#13137,#3300);
#2070=LINE('',#13138,#3301);
#2071=LINE('',#13141,#3302);
#2072=LINE('',#13143,#3303);
#2073=LINE('',#13144,#3304);
#2074=LINE('',#13146,#3305);
#2075=LINE('',#13147,#3306);
#2076=LINE('',#13151,#3307);
#2077=LINE('',#13153,#3308);
#2078=LINE('',#13155,#3309);
#2079=LINE('',#13156,#3310);
#2080=LINE('',#13159,#3311);
#2081=LINE('',#13161,#3312);
#2082=LINE('',#13162,#3313);
#2083=LINE('',#13165,#3314);
#2084=LINE('',#13167,#3315);
#2085=LINE('',#13168,#3316);
#2086=LINE('',#13171,#3317);
#2087=LINE('',#13173,#3318);
#2088=LINE('',#13174,#3319);
#2089=LINE('',#13177,#3320);
#2090=LINE('',#13179,#3321);
#2091=LINE('',#13180,#3322);
#2092=LINE('',#13182,#3323);
#2093=LINE('',#13183,#3324);
#2094=LINE('',#13187,#3325);
#2095=LINE('',#13189,#3326);
#2096=LINE('',#13191,#3327);
#2097=LINE('',#13192,#3328);
#2098=LINE('',#13195,#3329);
#2099=LINE('',#13197,#3330);
#2100=LINE('',#13198,#3331);
#2101=LINE('',#13201,#3332);
#2102=LINE('',#13203,#3333);
#2103=LINE('',#13204,#3334);
#2104=LINE('',#13207,#3335);
#2105=LINE('',#13209,#3336);
#2106=LINE('',#13210,#3337);
#2107=LINE('',#13213,#3338);
#2108=LINE('',#13215,#3339);
#2109=LINE('',#13216,#3340);
#2110=LINE('',#13218,#3341);
#2111=LINE('',#13219,#3342);
#2112=LINE('',#13223,#3343);
#2113=LINE('',#13225,#3344);
#2114=LINE('',#13227,#3345);
#2115=LINE('',#13228,#3346);
#2116=LINE('',#13231,#3347);
#2117=LINE('',#13233,#3348);
#2118=LINE('',#13234,#3349);
#2119=LINE('',#13237,#3350);
#2120=LINE('',#13239,#3351);
#2121=LINE('',#13240,#3352);
#2122=LINE('',#13244,#3353);
#2123=LINE('',#13245,#3354);
#2124=LINE('',#13246,#3355);
#2125=LINE('',#13250,#3356);
#2126=LINE('',#13251,#3357);
#2127=LINE('',#13252,#3358);
#2128=LINE('',#13256,#3359);
#2129=LINE('',#13258,#3360);
#2130=LINE('',#13260,#3361);
#2131=LINE('',#13261,#3362);
#2132=LINE('',#13264,#3363);
#2133=LINE('',#13266,#3364);
#2134=LINE('',#13267,#3365);
#2135=LINE('',#13270,#3366);
#2136=LINE('',#13272,#3367);
#2137=LINE('',#13273,#3368);
#2138=LINE('',#13276,#3369);
#2139=LINE('',#13278,#3370);
#2140=LINE('',#13279,#3371);
#2141=LINE('',#13282,#3372);
#2142=LINE('',#13284,#3373);
#2143=LINE('',#13285,#3374);
#2144=LINE('',#13287,#3375);
#2145=LINE('',#13288,#3376);
#2146=LINE('',#13292,#3377);
#2147=LINE('',#13294,#3378);
#2148=LINE('',#13296,#3379);
#2149=LINE('',#13297,#3380);
#2150=LINE('',#13300,#3381);
#2151=LINE('',#13302,#3382);
#2152=LINE('',#13303,#3383);
#2153=LINE('',#13306,#3384);
#2154=LINE('',#13308,#3385);
#2155=LINE('',#13309,#3386);
#2156=LINE('',#13312,#3387);
#2157=LINE('',#13314,#3388);
#2158=LINE('',#13315,#3389);
#2159=LINE('',#13318,#3390);
#2160=LINE('',#13320,#3391);
#2161=LINE('',#13321,#3392);
#2162=LINE('',#13323,#3393);
#2163=LINE('',#13324,#3394);
#2164=LINE('',#13328,#3395);
#2165=LINE('',#13330,#3396);
#2166=LINE('',#13332,#3397);
#2167=LINE('',#13333,#3398);
#2168=LINE('',#13336,#3399);
#2169=LINE('',#13338,#3400);
#2170=LINE('',#13339,#3401);
#2171=LINE('',#13342,#3402);
#2172=LINE('',#13344,#3403);
#2173=LINE('',#13345,#3404);
#2174=LINE('',#13348,#3405);
#2175=LINE('',#13350,#3406);
#2176=LINE('',#13351,#3407);
#2177=LINE('',#13354,#3408);
#2178=LINE('',#13356,#3409);
#2179=LINE('',#13357,#3410);
#2180=LINE('',#13359,#3411);
#2181=LINE('',#13360,#3412);
#2182=LINE('',#13364,#3413);
#2183=LINE('',#13366,#3414);
#2184=LINE('',#13368,#3415);
#2185=LINE('',#13369,#3416);
#2186=LINE('',#13372,#3417);
#2187=LINE('',#13374,#3418);
#2188=LINE('',#13375,#3419);
#2189=LINE('',#13379,#3420);
#2190=LINE('',#13380,#3421);
#2191=LINE('',#13381,#3422);
#2192=LINE('',#13385,#3423);
#2193=LINE('',#13387,#3424);
#2194=LINE('',#13389,#3425);
#2195=LINE('',#13390,#3426);
#2196=LINE('',#13393,#3427);
#2197=LINE('',#13395,#3428);
#2198=LINE('',#13396,#3429);
#2199=LINE('',#13400,#3430);
#2200=LINE('',#13401,#3431);
#2201=LINE('',#13402,#3432);
#2202=LINE('',#13406,#3433);
#2203=LINE('',#13408,#3434);
#2204=LINE('',#13410,#3435);
#2205=LINE('',#13411,#3436);
#2206=LINE('',#13414,#3437);
#2207=LINE('',#13416,#3438);
#2208=LINE('',#13417,#3439);
#2209=LINE('',#13420,#3440);
#2210=LINE('',#13422,#3441);
#2211=LINE('',#13423,#3442);
#2212=LINE('',#13426,#3443);
#2213=LINE('',#13428,#3444);
#2214=LINE('',#13429,#3445);
#2215=LINE('',#13432,#3446);
#2216=LINE('',#13434,#3447);
#2217=LINE('',#13435,#3448);
#2218=LINE('',#13437,#3449);
#2219=LINE('',#13438,#3450);
#2220=LINE('',#13442,#3451);
#2221=LINE('',#13444,#3452);
#2222=LINE('',#13446,#3453);
#2223=LINE('',#13447,#3454);
#2224=LINE('',#13450,#3455);
#2225=LINE('',#13452,#3456);
#2226=LINE('',#13453,#3457);
#2227=LINE('',#13456,#3458);
#2228=LINE('',#13458,#3459);
#2229=LINE('',#13459,#3460);
#2230=LINE('',#13462,#3461);
#2231=LINE('',#13464,#3462);
#2232=LINE('',#13465,#3463);
#2233=LINE('',#13468,#3464);
#2234=LINE('',#13470,#3465);
#2235=LINE('',#13471,#3466);
#2236=LINE('',#13473,#3467);
#2237=LINE('',#13474,#3468);
#2238=LINE('',#13478,#3469);
#2239=LINE('',#13480,#3470);
#2240=LINE('',#13482,#3471);
#2241=LINE('',#13483,#3472);
#2242=LINE('',#13486,#3473);
#2243=LINE('',#13488,#3474);
#2244=LINE('',#13489,#3475);
#2245=LINE('',#13492,#3476);
#2246=LINE('',#13494,#3477);
#2247=LINE('',#13495,#3478);
#2248=LINE('',#13498,#3479);
#2249=LINE('',#13500,#3480);
#2250=LINE('',#13501,#3481);
#2251=LINE('',#13504,#3482);
#2252=LINE('',#13506,#3483);
#2253=LINE('',#13507,#3484);
#2254=LINE('',#13509,#3485);
#2255=LINE('',#13510,#3486);
#2256=LINE('',#13514,#3487);
#2257=LINE('',#13516,#3488);
#2258=LINE('',#13518,#3489);
#2259=LINE('',#13519,#3490);
#2260=LINE('',#13523,#3491);
#2261=LINE('',#13524,#3492);
#2262=LINE('',#13525,#3493);
#2263=LINE('',#13529,#3494);
#2264=LINE('',#13531,#3495);
#2265=LINE('',#13533,#3496);
#2266=LINE('',#13534,#3497);
#2267=LINE('',#13537,#3498);
#2268=LINE('',#13539,#3499);
#2269=LINE('',#13540,#3500);
#2270=LINE('',#13542,#3501);
#2271=LINE('',#13543,#3502);
#2272=LINE('',#13547,#3503);
#2273=LINE('',#13549,#3504);
#2274=LINE('',#13551,#3505);
#2275=LINE('',#13552,#3506);
#2276=LINE('',#13555,#3507);
#2277=LINE('',#13557,#3508);
#2278=LINE('',#13558,#3509);
#2279=LINE('',#13561,#3510);
#2280=LINE('',#13563,#3511);
#2281=LINE('',#13564,#3512);
#2282=LINE('',#13568,#3513);
#2283=LINE('',#13569,#3514);
#2284=LINE('',#13570,#3515);
#2285=LINE('',#13574,#3516);
#2286=LINE('',#13575,#3517);
#2287=LINE('',#13576,#3518);
#2288=LINE('',#13580,#3519);
#2289=LINE('',#13582,#3520);
#2290=LINE('',#13584,#3521);
#2291=LINE('',#13585,#3522);
#2292=LINE('',#13588,#3523);
#2293=LINE('',#13590,#3524);
#2294=LINE('',#13591,#3525);
#2295=LINE('',#13594,#3526);
#2296=LINE('',#13596,#3527);
#2297=LINE('',#13597,#3528);
#2298=LINE('',#13600,#3529);
#2299=LINE('',#13602,#3530);
#2300=LINE('',#13603,#3531);
#2301=LINE('',#13606,#3532);
#2302=LINE('',#13608,#3533);
#2303=LINE('',#13609,#3534);
#2304=LINE('',#13611,#3535);
#2305=LINE('',#13612,#3536);
#2306=LINE('',#13616,#3537);
#2307=LINE('',#13618,#3538);
#2308=LINE('',#13620,#3539);
#2309=LINE('',#13621,#3540);
#2310=LINE('',#13624,#3541);
#2311=LINE('',#13626,#3542);
#2312=LINE('',#13627,#3543);
#2313=LINE('',#13630,#3544);
#2314=LINE('',#13632,#3545);
#2315=LINE('',#13633,#3546);
#2316=LINE('',#13636,#3547);
#2317=LINE('',#13638,#3548);
#2318=LINE('',#13639,#3549);
#2319=LINE('',#13642,#3550);
#2320=LINE('',#13644,#3551);
#2321=LINE('',#13645,#3552);
#2322=LINE('',#13647,#3553);
#2323=LINE('',#13648,#3554);
#2324=LINE('',#13652,#3555);
#2325=LINE('',#13654,#3556);
#2326=LINE('',#13656,#3557);
#2327=LINE('',#13657,#3558);
#2328=LINE('',#13661,#3559);
#2329=LINE('',#13663,#3560);
#2330=LINE('',#13665,#3561);
#2331=LINE('',#13666,#3562);
#2332=LINE('',#13669,#3563);
#2333=LINE('',#13671,#3564);
#2334=LINE('',#13672,#3565);
#2335=LINE('',#13675,#3566);
#2336=LINE('',#13677,#3567);
#2337=LINE('',#13678,#3568);
#2338=LINE('',#13681,#3569);
#2339=LINE('',#13683,#3570);
#2340=LINE('',#13684,#3571);
#2341=LINE('',#13686,#3572);
#2342=LINE('',#13687,#3573);
#2343=LINE('',#13691,#3574);
#2344=LINE('',#13693,#3575);
#2345=LINE('',#13695,#3576);
#2346=LINE('',#13696,#3577);
#2347=LINE('',#13699,#3578);
#2348=LINE('',#13701,#3579);
#2349=LINE('',#13702,#3580);
#2350=LINE('',#13706,#3581);
#2351=LINE('',#13707,#3582);
#2352=LINE('',#13708,#3583);
#2353=LINE('',#13712,#3584);
#2354=LINE('',#13714,#3585);
#2355=LINE('',#13716,#3586);
#2356=LINE('',#13717,#3587);
#2357=LINE('',#13720,#3588);
#2358=LINE('',#13722,#3589);
#2359=LINE('',#13723,#3590);
#2360=LINE('',#13726,#3591);
#2361=LINE('',#13728,#3592);
#2362=LINE('',#13729,#3593);
#2363=LINE('',#13732,#3594);
#2364=LINE('',#13734,#3595);
#2365=LINE('',#13735,#3596);
#2366=LINE('',#13738,#3597);
#2367=LINE('',#13740,#3598);
#2368=LINE('',#13741,#3599);
#2369=LINE('',#13743,#3600);
#2370=LINE('',#13744,#3601);
#2371=LINE('',#13748,#3602);
#2372=LINE('',#13750,#3603);
#2373=LINE('',#13752,#3604);
#2374=LINE('',#13753,#3605);
#2375=LINE('',#13756,#3606);
#2376=LINE('',#13758,#3607);
#2377=LINE('',#13759,#3608);
#2378=LINE('',#13762,#3609);
#2379=LINE('',#13764,#3610);
#2380=LINE('',#13765,#3611);
#2381=LINE('',#13768,#3612);
#2382=LINE('',#13770,#3613);
#2383=LINE('',#13771,#3614);
#2384=LINE('',#13774,#3615);
#2385=LINE('',#13776,#3616);
#2386=LINE('',#13777,#3617);
#2387=LINE('',#13779,#3618);
#2388=LINE('',#13780,#3619);
#2389=LINE('',#13784,#3620);
#2390=LINE('',#13786,#3621);
#2391=LINE('',#13788,#3622);
#2392=LINE('',#13789,#3623);
#2393=LINE('',#13793,#3624);
#2394=LINE('',#13795,#3625);
#2395=LINE('',#13797,#3626);
#2396=LINE('',#13798,#3627);
#2397=LINE('',#13801,#3628);
#2398=LINE('',#13803,#3629);
#2399=LINE('',#13804,#3630);
#2400=LINE('',#13806,#3631);
#2401=LINE('',#13807,#3632);
#2402=LINE('',#13811,#3633);
#2403=LINE('',#13813,#3634);
#2404=LINE('',#13815,#3635);
#2405=LINE('',#13816,#3636);
#2406=LINE('',#13819,#3637);
#2407=LINE('',#13821,#3638);
#2408=LINE('',#13822,#3639);
#2409=LINE('',#13825,#3640);
#2410=LINE('',#13827,#3641);
#2411=LINE('',#13828,#3642);
#2412=LINE('',#13832,#3643);
#2413=LINE('',#13833,#3644);
#2414=LINE('',#13834,#3645);
#2415=LINE('',#13838,#3646);
#2416=LINE('',#13839,#3647);
#2417=LINE('',#13840,#3648);
#2418=LINE('',#13844,#3649);
#2419=LINE('',#13846,#3650);
#2420=LINE('',#13848,#3651);
#2421=LINE('',#13849,#3652);
#2422=LINE('',#13852,#3653);
#2423=LINE('',#13854,#3654);
#2424=LINE('',#13855,#3655);
#2425=LINE('',#13858,#3656);
#2426=LINE('',#13860,#3657);
#2427=LINE('',#13861,#3658);
#2428=LINE('',#13864,#3659);
#2429=LINE('',#13866,#3660);
#2430=LINE('',#13867,#3661);
#2431=LINE('',#13870,#3662);
#2432=LINE('',#13872,#3663);
#2433=LINE('',#13873,#3664);
#2434=LINE('',#13875,#3665);
#2435=LINE('',#13876,#3666);
#2436=LINE('',#13880,#3667);
#2437=LINE('',#13882,#3668);
#2438=LINE('',#13884,#3669);
#2439=LINE('',#13885,#3670);
#2440=LINE('',#13888,#3671);
#2441=LINE('',#13890,#3672);
#2442=LINE('',#13891,#3673);
#2443=LINE('',#13894,#3674);
#2444=LINE('',#13896,#3675);
#2445=LINE('',#13897,#3676);
#2446=LINE('',#13900,#3677);
#2447=LINE('',#13902,#3678);
#2448=LINE('',#13903,#3679);
#2449=LINE('',#13906,#3680);
#2450=LINE('',#13908,#3681);
#2451=LINE('',#13909,#3682);
#2452=LINE('',#13911,#3683);
#2453=LINE('',#13912,#3684);
#2454=LINE('',#13916,#3685);
#2455=LINE('',#13918,#3686);
#2456=LINE('',#13920,#3687);
#2457=LINE('',#13921,#3688);
#2458=LINE('',#13925,#3689);
#2459=LINE('',#13927,#3690);
#2460=LINE('',#13929,#3691);
#2461=LINE('',#13930,#3692);
#2462=LINE('',#13933,#3693);
#2463=LINE('',#13935,#3694);
#2464=LINE('',#13936,#3695);
#2465=LINE('',#13938,#3696);
#2466=LINE('',#13939,#3697);
#2467=LINE('',#13943,#3698);
#2468=LINE('',#13945,#3699);
#2469=LINE('',#13947,#3700);
#2470=LINE('',#13948,#3701);
#2471=LINE('',#13951,#3702);
#2472=LINE('',#13953,#3703);
#2473=LINE('',#13954,#3704);
#2474=LINE('',#13958,#3705);
#2475=LINE('',#13959,#3706);
#2476=LINE('',#13960,#3707);
#2477=LINE('',#13964,#3708);
#2478=LINE('',#13966,#3709);
#2479=LINE('',#13968,#3710);
#2480=LINE('',#13969,#3711);
#2481=LINE('',#13972,#3712);
#2482=LINE('',#13974,#3713);
#2483=LINE('',#13975,#3714);
#2484=LINE('',#13978,#3715);
#2485=LINE('',#13980,#3716);
#2486=LINE('',#13981,#3717);
#2487=LINE('',#13984,#3718);
#2488=LINE('',#13986,#3719);
#2489=LINE('',#13987,#3720);
#2490=LINE('',#13990,#3721);
#2491=LINE('',#13992,#3722);
#2492=LINE('',#13993,#3723);
#2493=LINE('',#13995,#3724);
#2494=LINE('',#13996,#3725);
#2495=LINE('',#14000,#3726);
#2496=LINE('',#14002,#3727);
#2497=LINE('',#14004,#3728);
#2498=LINE('',#14005,#3729);
#2499=LINE('',#14008,#3730);
#2500=LINE('',#14010,#3731);
#2501=LINE('',#14011,#3732);
#2502=LINE('',#14014,#3733);
#2503=LINE('',#14016,#3734);
#2504=LINE('',#14017,#3735);
#2505=LINE('',#14020,#3736);
#2506=LINE('',#14022,#3737);
#2507=LINE('',#14023,#3738);
#2508=LINE('',#14026,#3739);
#2509=LINE('',#14028,#3740);
#2510=LINE('',#14029,#3741);
#2511=LINE('',#14031,#3742);
#2512=LINE('',#14032,#3743);
#2513=LINE('',#14036,#3744);
#2514=LINE('',#14038,#3745);
#2515=LINE('',#14040,#3746);
#2516=LINE('',#14041,#3747);
#2517=LINE('',#14045,#3748);
#2518=LINE('',#14047,#3749);
#2519=LINE('',#14049,#3750);
#2520=LINE('',#14050,#3751);
#2521=LINE('',#14053,#3752);
#2522=LINE('',#14055,#3753);
#2523=LINE('',#14056,#3754);
#2524=LINE('',#14058,#3755);
#2525=LINE('',#14059,#3756);
#2526=LINE('',#14063,#3757);
#2527=LINE('',#14065,#3758);
#2528=LINE('',#14067,#3759);
#2529=LINE('',#14068,#3760);
#2530=LINE('',#14071,#3761);
#2531=LINE('',#14073,#3762);
#2532=LINE('',#14074,#3763);
#2533=LINE('',#14078,#3764);
#2534=LINE('',#14079,#3765);
#2535=LINE('',#14080,#3766);
#2536=LINE('',#14084,#3767);
#2537=LINE('',#14085,#3768);
#2538=LINE('',#14086,#3769);
#2539=LINE('',#14090,#3770);
#2540=LINE('',#14092,#3771);
#2541=LINE('',#14094,#3772);
#2542=LINE('',#14095,#3773);
#2543=LINE('',#14098,#3774);
#2544=LINE('',#14100,#3775);
#2545=LINE('',#14101,#3776);
#2546=LINE('',#14104,#3777);
#2547=LINE('',#14106,#3778);
#2548=LINE('',#14107,#3779);
#2549=LINE('',#14110,#3780);
#2550=LINE('',#14112,#3781);
#2551=LINE('',#14113,#3782);
#2552=LINE('',#14116,#3783);
#2553=LINE('',#14118,#3784);
#2554=LINE('',#14119,#3785);
#2555=LINE('',#14121,#3786);
#2556=LINE('',#14122,#3787);
#2557=LINE('',#14126,#3788);
#2558=LINE('',#14128,#3789);
#2559=LINE('',#14130,#3790);
#2560=LINE('',#14131,#3791);
#2561=LINE('',#14135,#3792);
#2562=LINE('',#14137,#3793);
#2563=LINE('',#14139,#3794);
#2564=LINE('',#14140,#3795);
#2565=LINE('',#14143,#3796);
#2566=LINE('',#14145,#3797);
#2567=LINE('',#14146,#3798);
#2568=LINE('',#14148,#3799);
#2569=LINE('',#14149,#3800);
#2570=LINE('',#14153,#3801);
#2571=LINE('',#14155,#3802);
#2572=LINE('',#14157,#3803);
#2573=LINE('',#14158,#3804);
#2574=LINE('',#14161,#3805);
#2575=LINE('',#14163,#3806);
#2576=LINE('',#14164,#3807);
#2577=LINE('',#14168,#3808);
#2578=LINE('',#14169,#3809);
#2579=LINE('',#14170,#3810);
#2580=LINE('',#14174,#3811);
#2581=LINE('',#14175,#3812);
#2582=LINE('',#14176,#3813);
#2583=LINE('',#14180,#3814);
#2584=LINE('',#14182,#3815);
#2585=LINE('',#14184,#3816);
#2586=LINE('',#14185,#3817);
#2587=LINE('',#14189,#3818);
#2588=LINE('',#14191,#3819);
#2589=LINE('',#14193,#3820);
#2590=LINE('',#14194,#3821);
#2591=LINE('',#14197,#3822);
#2592=LINE('',#14199,#3823);
#2593=LINE('',#14200,#3824);
#2594=LINE('',#14202,#3825);
#2595=LINE('',#14203,#3826);
#2596=LINE('',#14207,#3827);
#2597=LINE('',#14209,#3828);
#2598=LINE('',#14211,#3829);
#2599=LINE('',#14212,#3830);
#2600=LINE('',#14216,#3831);
#2601=LINE('',#14217,#3832);
#2602=LINE('',#14218,#3833);
#2603=LINE('',#14223,#3834);
#2604=LINE('',#14224,#3835);
#2605=LINE('',#14226,#3836);
#2606=LINE('',#14227,#3837);
#2607=LINE('',#14229,#3838);
#2608=LINE('',#14230,#3839);
#2609=LINE('',#14232,#3840);
#2610=LINE('',#14233,#3841);
#2611=LINE('',#14235,#3842);
#2612=LINE('',#14236,#3843);
#2613=LINE('',#14245,#3844);
#2614=LINE('',#14247,#3845);
#2615=LINE('',#14248,#3846);
#2616=LINE('',#14250,#3847);
#2617=LINE('',#14251,#3848);
#2618=LINE('',#14256,#3849);
#2619=LINE('',#14262,#3850);
#2620=LINE('',#14263,#3851);
#2621=LINE('',#14265,#3852);
#2622=LINE('',#14266,#3853);
#2623=LINE('',#14268,#3854);
#2624=LINE('',#14269,#3855);
#2625=LINE('',#14271,#3856);
#2626=LINE('',#14272,#3857);
#2627=LINE('',#14274,#3858);
#2628=LINE('',#14275,#3859);
#2629=LINE('',#14277,#3860);
#2630=LINE('',#14278,#3861);
#2631=LINE('',#14280,#3862);
#2632=LINE('',#14281,#3863);
#2633=LINE('',#14283,#3864);
#2634=LINE('',#14284,#3865);
#2635=LINE('',#14286,#3866);
#2636=LINE('',#14287,#3867);
#2637=LINE('',#14289,#3868);
#2638=LINE('',#14290,#3869);
#2639=LINE('',#14292,#3870);
#2640=LINE('',#14293,#3871);
#2641=LINE('',#14295,#3872);
#2642=LINE('',#14296,#3873);
#2643=LINE('',#14298,#3874);
#2644=LINE('',#14299,#3875);
#2645=LINE('',#14301,#3876);
#2646=LINE('',#14302,#3877);
#2647=LINE('',#14307,#3878);
#2648=LINE('',#14308,#3879);
#2649=LINE('',#14310,#3880);
#2650=LINE('',#14311,#3881);
#2651=LINE('',#14313,#3882);
#2652=LINE('',#14314,#3883);
#2653=LINE('',#14316,#3884);
#2654=LINE('',#14317,#3885);
#2655=LINE('',#14319,#3886);
#2656=LINE('',#14320,#3887);
#2657=LINE('',#14323,#3888);
#2658=LINE('',#14325,#3889);
#2659=LINE('',#14327,#3890);
#2660=LINE('',#14331,#3891);
#2661=LINE('',#14333,#3892);
#2662=LINE('',#14335,#3893);
#2663=LINE('',#14337,#3894);
#2664=LINE('',#14339,#3895);
#2665=LINE('',#14340,#3896);
#2666=LINE('',#14343,#3897);
#2667=LINE('',#14345,#3898);
#2668=LINE('',#14346,#3899);
#2669=LINE('',#14349,#3900);
#2670=LINE('',#14350,#3901);
#2671=LINE('',#14353,#3902);
#2672=LINE('',#14354,#3903);
#2673=LINE('',#14357,#3904);
#2674=LINE('',#14358,#3905);
#2675=LINE('',#14361,#3906);
#2676=LINE('',#14362,#3907);
#2677=LINE('',#14364,#3908);
#2678=LINE('',#14370,#3909);
#2679=LINE('',#14374,#3910);
#2680=LINE('',#14376,#3911);
#2681=LINE('',#14383,#3912);
#2682=LINE('',#14385,#3913);
#2683=LINE('',#14390,#3914);
#2684=LINE('',#14393,#3915);
#2685=LINE('',#14395,#3916);
#2686=LINE('',#14396,#3917);
#2687=LINE('',#14398,#3918);
#2688=VECTOR('',#9638,1.6);
#2689=VECTOR('',#9645,3.);
#2690=VECTOR('',#9652,10.);
#2691=VECTOR('',#9655,10.);
#2692=VECTOR('',#9660,10.);
#2693=VECTOR('',#9663,10.);
#2694=VECTOR('',#9666,10.);
#2695=VECTOR('',#9667,10.);
#2696=VECTOR('',#9668,10.);
#2697=VECTOR('',#9673,10.);
#2698=VECTOR('',#9678,10.);
#2699=VECTOR('',#9679,10.);
#2700=VECTOR('',#9680,10.);
#2701=VECTOR('',#9685,10.);
#2702=VECTOR('',#9692,10.);
#2703=VECTOR('',#9695,10.);
#2704=VECTOR('',#9698,10.);
#2705=VECTOR('',#9699,10.);
#2706=VECTOR('',#9700,10.);
#2707=VECTOR('',#9703,10.);
#2708=VECTOR('',#9704,10.);
#2709=VECTOR('',#9709,1.6);
#2710=VECTOR('',#9716,3.);
#2711=VECTOR('',#9723,10.);
#2712=VECTOR('',#9726,10.);
#2713=VECTOR('',#9729,10.);
#2714=VECTOR('',#9730,10.);
#2715=VECTOR('',#9733,10.);
#2716=VECTOR('',#9734,10.);
#2717=VECTOR('',#9735,10.);
#2718=VECTOR('',#9742,10.);
#2719=VECTOR('',#9745,10.);
#2720=VECTOR('',#9746,10.);
#2721=VECTOR('',#9747,10.);
#2722=VECTOR('',#9754,10.);
#2723=VECTOR('',#9757,10.);
#2724=VECTOR('',#9758,10.);
#2725=VECTOR('',#9759,10.);
#2726=VECTOR('',#9766,10.);
#2727=VECTOR('',#9769,10.);
#2728=VECTOR('',#9770,10.);
#2729=VECTOR('',#9773,10.);
#2730=VECTOR('',#9774,10.);
#2731=VECTOR('',#9775,10.);
#2732=VECTOR('',#9782,10.);
#2733=VECTOR('',#9785,10.);
#2734=VECTOR('',#9786,10.);
#2735=VECTOR('',#9787,10.);
#2736=VECTOR('',#9790,10.);
#2737=VECTOR('',#9791,10.);
#2738=VECTOR('',#9798,10.);
#2739=VECTOR('',#9799,10.);
#2740=VECTOR('',#9800,10.);
#2741=VECTOR('',#9801,10.);
#2742=VECTOR('',#9804,10.);
#2743=VECTOR('',#9805,10.);
#2744=VECTOR('',#9806,10.);
#2745=VECTOR('',#9809,10.);
#2746=VECTOR('',#9810,10.);
#2747=VECTOR('',#9811,10.);
#2748=VECTOR('',#9812,10.);
#2749=VECTOR('',#9815,10.);
#2750=VECTOR('',#9816,10.);
#2751=VECTOR('',#9817,10.);
#2752=VECTOR('',#9820,10.);
#2753=VECTOR('',#9821,10.);
#2754=VECTOR('',#9822,10.);
#2755=VECTOR('',#9823,10.);
#2756=VECTOR('',#9826,10.);
#2757=VECTOR('',#9827,10.);
#2758=VECTOR('',#9828,10.);
#2759=VECTOR('',#9831,10.);
#2760=VECTOR('',#9832,10.);
#2761=VECTOR('',#9833,10.);
#2762=VECTOR('',#9836,10.);
#2763=VECTOR('',#9837,10.);
#2764=VECTOR('',#9838,10.);
#2765=VECTOR('',#9841,10.);
#2766=VECTOR('',#9842,10.);
#2767=VECTOR('',#9843,10.);
#2768=VECTOR('',#9846,10.);
#2769=VECTOR('',#9847,10.);
#2770=VECTOR('',#9848,10.);
#2771=VECTOR('',#9849,10.);
#2772=VECTOR('',#9852,10.);
#2773=VECTOR('',#9853,10.);
#2774=VECTOR('',#9854,10.);
#2775=VECTOR('',#9857,10.);
#2776=VECTOR('',#9858,10.);
#2777=VECTOR('',#9859,10.);
#2778=VECTOR('',#9862,10.);
#2779=VECTOR('',#9863,10.);
#2780=VECTOR('',#9864,10.);
#2781=VECTOR('',#9867,10.);
#2782=VECTOR('',#9868,10.);
#2783=VECTOR('',#9869,10.);
#2784=VECTOR('',#9870,10.);
#2785=VECTOR('',#9873,10.);
#2786=VECTOR('',#9874,10.);
#2787=VECTOR('',#9875,10.);
#2788=VECTOR('',#9878,10.);
#2789=VECTOR('',#9879,10.);
#2790=VECTOR('',#9880,10.);
#2791=VECTOR('',#9883,10.);
#2792=VECTOR('',#9884,10.);
#2793=VECTOR('',#9885,10.);
#2794=VECTOR('',#9888,10.);
#2795=VECTOR('',#9889,10.);
#2796=VECTOR('',#9890,10.);
#2797=VECTOR('',#9893,10.);
#2798=VECTOR('',#9894,10.);
#2799=VECTOR('',#9895,10.);
#2800=VECTOR('',#9896,10.);
#2801=VECTOR('',#9899,10.);
#2802=VECTOR('',#9900,10.);
#2803=VECTOR('',#9901,10.);
#2804=VECTOR('',#9904,10.);
#2805=VECTOR('',#9905,10.);
#2806=VECTOR('',#9906,10.);
#2807=VECTOR('',#9909,10.);
#2808=VECTOR('',#9910,10.);
#2809=VECTOR('',#9911,10.);
#2810=VECTOR('',#9914,10.);
#2811=VECTOR('',#9915,10.);
#2812=VECTOR('',#9916,10.);
#2813=VECTOR('',#9919,10.);
#2814=VECTOR('',#9920,10.);
#2815=VECTOR('',#9923,10.);
#2816=VECTOR('',#9924,10.);
#2817=VECTOR('',#9925,10.);
#2818=VECTOR('',#9926,10.);
#2819=VECTOR('',#9929,10.);
#2820=VECTOR('',#9930,10.);
#2821=VECTOR('',#9931,10.);
#2822=VECTOR('',#9934,10.);
#2823=VECTOR('',#9935,10.);
#2824=VECTOR('',#9936,10.);
#2825=VECTOR('',#9939,10.);
#2826=VECTOR('',#9940,10.);
#2827=VECTOR('',#9941,10.);
#2828=VECTOR('',#9944,10.);
#2829=VECTOR('',#9945,10.);
#2830=VECTOR('',#9946,10.);
#2831=VECTOR('',#9947,10.);
#2832=VECTOR('',#9950,10.);
#2833=VECTOR('',#9951,10.);
#2834=VECTOR('',#9952,10.);
#2835=VECTOR('',#9955,10.);
#2836=VECTOR('',#9956,10.);
#2837=VECTOR('',#9957,10.);
#2838=VECTOR('',#9960,10.);
#2839=VECTOR('',#9961,10.);
#2840=VECTOR('',#9962,10.);
#2841=VECTOR('',#9963,10.);
#2842=VECTOR('',#9966,10.);
#2843=VECTOR('',#9967,10.);
#2844=VECTOR('',#9968,10.);
#2845=VECTOR('',#9971,10.);
#2846=VECTOR('',#9972,10.);
#2847=VECTOR('',#9973,10.);
#2848=VECTOR('',#9976,10.);
#2849=VECTOR('',#9977,10.);
#2850=VECTOR('',#9978,10.);
#2851=VECTOR('',#9981,10.);
#2852=VECTOR('',#9982,10.);
#2853=VECTOR('',#9983,10.);
#2854=VECTOR('',#9986,10.);
#2855=VECTOR('',#9987,10.);
#2856=VECTOR('',#9990,10.);
#2857=VECTOR('',#9991,10.);
#2858=VECTOR('',#9992,10.);
#2859=VECTOR('',#9993,10.);
#2860=VECTOR('',#9996,10.);
#2861=VECTOR('',#9997,10.);
#2862=VECTOR('',#9998,10.);
#2863=VECTOR('',#10001,10.);
#2864=VECTOR('',#10002,10.);
#2865=VECTOR('',#10003,10.);
#2866=VECTOR('',#10006,10.);
#2867=VECTOR('',#10007,10.);
#2868=VECTOR('',#10008,10.);
#2869=VECTOR('',#10011,10.);
#2870=VECTOR('',#10012,10.);
#2871=VECTOR('',#10013,10.);
#2872=VECTOR('',#10016,10.);
#2873=VECTOR('',#10017,10.);
#2874=VECTOR('',#10020,10.);
#2875=VECTOR('',#10021,10.);
#2876=VECTOR('',#10022,10.);
#2877=VECTOR('',#10023,10.);
#2878=VECTOR('',#10026,10.);
#2879=VECTOR('',#10027,10.);
#2880=VECTOR('',#10028,10.);
#2881=VECTOR('',#10031,10.);
#2882=VECTOR('',#10032,10.);
#2883=VECTOR('',#10033,10.);
#2884=VECTOR('',#10036,10.);
#2885=VECTOR('',#10037,10.);
#2886=VECTOR('',#10038,10.);
#2887=VECTOR('',#10041,10.);
#2888=VECTOR('',#10042,10.);
#2889=VECTOR('',#10043,10.);
#2890=VECTOR('',#10044,10.);
#2891=VECTOR('',#10047,10.);
#2892=VECTOR('',#10048,10.);
#2893=VECTOR('',#10049,10.);
#2894=VECTOR('',#10052,10.);
#2895=VECTOR('',#10053,10.);
#2896=VECTOR('',#10054,10.);
#2897=VECTOR('',#10057,10.);
#2898=VECTOR('',#10058,10.);
#2899=VECTOR('',#10059,10.);
#2900=VECTOR('',#10062,10.);
#2901=VECTOR('',#10063,10.);
#2902=VECTOR('',#10064,10.);
#2903=VECTOR('',#10067,10.);
#2904=VECTOR('',#10068,10.);
#2905=VECTOR('',#10069,10.);
#2906=VECTOR('',#10070,10.);
#2907=VECTOR('',#10073,10.);
#2908=VECTOR('',#10074,10.);
#2909=VECTOR('',#10075,10.);
#2910=VECTOR('',#10078,10.);
#2911=VECTOR('',#10079,10.);
#2912=VECTOR('',#10080,10.);
#2913=VECTOR('',#10083,10.);
#2914=VECTOR('',#10084,10.);
#2915=VECTOR('',#10085,10.);
#2916=VECTOR('',#10088,10.);
#2917=VECTOR('',#10089,10.);
#2918=VECTOR('',#10090,10.);
#2919=VECTOR('',#10093,10.);
#2920=VECTOR('',#10094,10.);
#2921=VECTOR('',#10097,10.);
#2922=VECTOR('',#10098,10.);
#2923=VECTOR('',#10099,10.);
#2924=VECTOR('',#10100,10.);
#2925=VECTOR('',#10103,10.);
#2926=VECTOR('',#10104,10.);
#2927=VECTOR('',#10105,10.);
#2928=VECTOR('',#10108,10.);
#2929=VECTOR('',#10109,10.);
#2930=VECTOR('',#10110,10.);
#2931=VECTOR('',#10113,10.);
#2932=VECTOR('',#10114,10.);
#2933=VECTOR('',#10115,10.);
#2934=VECTOR('',#10118,10.);
#2935=VECTOR('',#10119,10.);
#2936=VECTOR('',#10120,10.);
#2937=VECTOR('',#10123,10.);
#2938=VECTOR('',#10124,10.);
#2939=VECTOR('',#10127,10.);
#2940=VECTOR('',#10128,10.);
#2941=VECTOR('',#10129,10.);
#2942=VECTOR('',#10130,10.);
#2943=VECTOR('',#10133,10.);
#2944=VECTOR('',#10134,10.);
#2945=VECTOR('',#10135,10.);
#2946=VECTOR('',#10138,10.);
#2947=VECTOR('',#10139,10.);
#2948=VECTOR('',#10140,10.);
#2949=VECTOR('',#10143,10.);
#2950=VECTOR('',#10144,10.);
#2951=VECTOR('',#10145,10.);
#2952=VECTOR('',#10148,10.);
#2953=VECTOR('',#10149,10.);
#2954=VECTOR('',#10150,10.);
#2955=VECTOR('',#10151,10.);
#2956=VECTOR('',#10154,10.);
#2957=VECTOR('',#10155,10.);
#2958=VECTOR('',#10156,10.);
#2959=VECTOR('',#10159,10.);
#2960=VECTOR('',#10160,10.);
#2961=VECTOR('',#10161,10.);
#2962=VECTOR('',#10164,10.);
#2963=VECTOR('',#10165,10.);
#2964=VECTOR('',#10166,10.);
#2965=VECTOR('',#10167,10.);
#2966=VECTOR('',#10170,10.);
#2967=VECTOR('',#10171,10.);
#2968=VECTOR('',#10172,10.);
#2969=VECTOR('',#10175,10.);
#2970=VECTOR('',#10176,10.);
#2971=VECTOR('',#10177,10.);
#2972=VECTOR('',#10180,10.);
#2973=VECTOR('',#10181,10.);
#2974=VECTOR('',#10182,10.);
#2975=VECTOR('',#10185,10.);
#2976=VECTOR('',#10186,10.);
#2977=VECTOR('',#10187,10.);
#2978=VECTOR('',#10190,10.);
#2979=VECTOR('',#10191,10.);
#2980=VECTOR('',#10194,10.);
#2981=VECTOR('',#10195,10.);
#2982=VECTOR('',#10196,10.);
#2983=VECTOR('',#10197,10.);
#2984=VECTOR('',#10200,10.);
#2985=VECTOR('',#10201,10.);
#2986=VECTOR('',#10202,10.);
#2987=VECTOR('',#10205,10.);
#2988=VECTOR('',#10206,10.);
#2989=VECTOR('',#10207,10.);
#2990=VECTOR('',#10210,10.);
#2991=VECTOR('',#10211,10.);
#2992=VECTOR('',#10212,10.);
#2993=VECTOR('',#10215,10.);
#2994=VECTOR('',#10216,10.);
#2995=VECTOR('',#10217,10.);
#2996=VECTOR('',#10220,10.);
#2997=VECTOR('',#10221,10.);
#2998=VECTOR('',#10224,10.);
#2999=VECTOR('',#10225,10.);
#3000=VECTOR('',#10226,10.);
#3001=VECTOR('',#10227,10.);
#3002=VECTOR('',#10230,10.);
#3003=VECTOR('',#10231,10.);
#3004=VECTOR('',#10232,10.);
#3005=VECTOR('',#10235,10.);
#3006=VECTOR('',#10236,10.);
#3007=VECTOR('',#10237,10.);
#3008=VECTOR('',#10240,10.);
#3009=VECTOR('',#10241,10.);
#3010=VECTOR('',#10242,10.);
#3011=VECTOR('',#10245,10.);
#3012=VECTOR('',#10246,10.);
#3013=VECTOR('',#10247,10.);
#3014=VECTOR('',#10250,10.);
#3015=VECTOR('',#10251,10.);
#3016=VECTOR('',#10254,10.);
#3017=VECTOR('',#10255,10.);
#3018=VECTOR('',#10256,10.);
#3019=VECTOR('',#10257,10.);
#3020=VECTOR('',#10260,10.);
#3021=VECTOR('',#10261,10.);
#3022=VECTOR('',#10262,10.);
#3023=VECTOR('',#10265,10.);
#3024=VECTOR('',#10266,10.);
#3025=VECTOR('',#10267,10.);
#3026=VECTOR('',#10270,10.);
#3027=VECTOR('',#10271,10.);
#3028=VECTOR('',#10272,10.);
#3029=VECTOR('',#10273,10.);
#3030=VECTOR('',#10276,10.);
#3031=VECTOR('',#10277,10.);
#3032=VECTOR('',#10278,10.);
#3033=VECTOR('',#10281,10.);
#3034=VECTOR('',#10282,10.);
#3035=VECTOR('',#10283,10.);
#3036=VECTOR('',#10286,10.);
#3037=VECTOR('',#10287,10.);
#3038=VECTOR('',#10288,10.);
#3039=VECTOR('',#10291,10.);
#3040=VECTOR('',#10292,10.);
#3041=VECTOR('',#10293,10.);
#3042=VECTOR('',#10296,10.);
#3043=VECTOR('',#10297,10.);
#3044=VECTOR('',#10298,10.);
#3045=VECTOR('',#10299,10.);
#3046=VECTOR('',#10302,10.);
#3047=VECTOR('',#10303,10.);
#3048=VECTOR('',#10304,10.);
#3049=VECTOR('',#10307,10.);
#3050=VECTOR('',#10308,10.);
#3051=VECTOR('',#10309,10.);
#3052=VECTOR('',#10312,10.);
#3053=VECTOR('',#10313,10.);
#3054=VECTOR('',#10314,10.);
#3055=VECTOR('',#10317,10.);
#3056=VECTOR('',#10318,10.);
#3057=VECTOR('',#10319,10.);
#3058=VECTOR('',#10322,10.);
#3059=VECTOR('',#10323,10.);
#3060=VECTOR('',#10326,10.);
#3061=VECTOR('',#10327,10.);
#3062=VECTOR('',#10328,10.);
#3063=VECTOR('',#10329,10.);
#3064=VECTOR('',#10332,10.);
#3065=VECTOR('',#10333,10.);
#3066=VECTOR('',#10334,10.);
#3067=VECTOR('',#10337,10.);
#3068=VECTOR('',#10338,10.);
#3069=VECTOR('',#10339,10.);
#3070=VECTOR('',#10342,10.);
#3071=VECTOR('',#10343,10.);
#3072=VECTOR('',#10344,10.);
#3073=VECTOR('',#10347,10.);
#3074=VECTOR('',#10348,10.);
#3075=VECTOR('',#10349,10.);
#3076=VECTOR('',#10352,10.);
#3077=VECTOR('',#10353,10.);
#3078=VECTOR('',#10356,10.);
#3079=VECTOR('',#10357,10.);
#3080=VECTOR('',#10358,10.);
#3081=VECTOR('',#10359,10.);
#3082=VECTOR('',#10362,10.);
#3083=VECTOR('',#10363,10.);
#3084=VECTOR('',#10364,10.);
#3085=VECTOR('',#10365,10.);
#3086=VECTOR('',#10368,10.);
#3087=VECTOR('',#10369,10.);
#3088=VECTOR('',#10370,10.);
#3089=VECTOR('',#10373,10.);
#3090=VECTOR('',#10374,10.);
#3091=VECTOR('',#10375,10.);
#3092=VECTOR('',#10378,10.);
#3093=VECTOR('',#10379,10.);
#3094=VECTOR('',#10382,10.);
#3095=VECTOR('',#10383,10.);
#3096=VECTOR('',#10384,10.);
#3097=VECTOR('',#10385,10.);
#3098=VECTOR('',#10388,10.);
#3099=VECTOR('',#10389,10.);
#3100=VECTOR('',#10390,10.);
#3101=VECTOR('',#10391,10.);
#3102=VECTOR('',#10394,10.);
#3103=VECTOR('',#10395,10.);
#3104=VECTOR('',#10396,10.);
#3105=VECTOR('',#10399,10.);
#3106=VECTOR('',#10400,10.);
#3107=VECTOR('',#10401,10.);
#3108=VECTOR('',#10404,10.);
#3109=VECTOR('',#10405,10.);
#3110=VECTOR('',#10406,10.);
#3111=VECTOR('',#10407,10.);
#3112=VECTOR('',#10410,10.);
#3113=VECTOR('',#10411,10.);
#3114=VECTOR('',#10412,10.);
#3115=VECTOR('',#10415,10.);
#3116=VECTOR('',#10416,10.);
#3117=VECTOR('',#10417,10.);
#3118=VECTOR('',#10420,10.);
#3119=VECTOR('',#10421,10.);
#3120=VECTOR('',#10422,10.);
#3121=VECTOR('',#10425,10.);
#3122=VECTOR('',#10426,10.);
#3123=VECTOR('',#10427,10.);
#3124=VECTOR('',#10430,10.);
#3125=VECTOR('',#10431,10.);
#3126=VECTOR('',#10434,10.);
#3127=VECTOR('',#10435,10.);
#3128=VECTOR('',#10436,10.);
#3129=VECTOR('',#10437,10.);
#3130=VECTOR('',#10440,10.);
#3131=VECTOR('',#10441,10.);
#3132=VECTOR('',#10442,10.);
#3133=VECTOR('',#10445,10.);
#3134=VECTOR('',#10446,10.);
#3135=VECTOR('',#10447,10.);
#3136=VECTOR('',#10450,10.);
#3137=VECTOR('',#10451,10.);
#3138=VECTOR('',#10452,10.);
#3139=VECTOR('',#10455,10.);
#3140=VECTOR('',#10456,10.);
#3141=VECTOR('',#10457,10.);
#3142=VECTOR('',#10460,10.);
#3143=VECTOR('',#10461,10.);
#3144=VECTOR('',#10464,10.);
#3145=VECTOR('',#10465,10.);
#3146=VECTOR('',#10466,10.);
#3147=VECTOR('',#10467,10.);
#3148=VECTOR('',#10470,10.);
#3149=VECTOR('',#10471,10.);
#3150=VECTOR('',#10472,10.);
#3151=VECTOR('',#10475,10.);
#3152=VECTOR('',#10476,10.);
#3153=VECTOR('',#10477,10.);
#3154=VECTOR('',#10480,10.);
#3155=VECTOR('',#10481,10.);
#3156=VECTOR('',#10482,10.);
#3157=VECTOR('',#10485,10.);
#3158=VECTOR('',#10486,10.);
#3159=VECTOR('',#10487,10.);
#3160=VECTOR('',#10490,10.);
#3161=VECTOR('',#10491,10.);
#3162=VECTOR('',#10494,10.);
#3163=VECTOR('',#10495,10.);
#3164=VECTOR('',#10496,10.);
#3165=VECTOR('',#10497,10.);
#3166=VECTOR('',#10500,10.);
#3167=VECTOR('',#10501,10.);
#3168=VECTOR('',#10502,10.);
#3169=VECTOR('',#10505,10.);
#3170=VECTOR('',#10506,10.);
#3171=VECTOR('',#10507,10.);
#3172=VECTOR('',#10510,10.);
#3173=VECTOR('',#10511,10.);
#3174=VECTOR('',#10512,10.);
#3175=VECTOR('',#10515,10.);
#3176=VECTOR('',#10516,10.);
#3177=VECTOR('',#10517,10.);
#3178=VECTOR('',#10520,10.);
#3179=VECTOR('',#10521,10.);
#3180=VECTOR('',#10522,10.);
#3181=VECTOR('',#10525,10.);
#3182=VECTOR('',#10526,10.);
#3183=VECTOR('',#10527,10.);
#3184=VECTOR('',#10528,10.);
#3185=VECTOR('',#10531,10.);
#3186=VECTOR('',#10532,10.);
#3187=VECTOR('',#10533,10.);
#3188=VECTOR('',#10536,10.);
#3189=VECTOR('',#10537,10.);
#3190=VECTOR('',#10538,10.);
#3191=VECTOR('',#10541,10.);
#3192=VECTOR('',#10542,10.);
#3193=VECTOR('',#10543,10.);
#3194=VECTOR('',#10546,10.);
#3195=VECTOR('',#10547,10.);
#3196=VECTOR('',#10548,10.);
#3197=VECTOR('',#10551,10.);
#3198=VECTOR('',#10552,10.);
#3199=VECTOR('',#10553,10.);
#3200=VECTOR('',#10554,10.);
#3201=VECTOR('',#10557,10.);
#3202=VECTOR('',#10558,10.);
#3203=VECTOR('',#10559,10.);
#3204=VECTOR('',#10562,10.);
#3205=VECTOR('',#10563,10.);
#3206=VECTOR('',#10564,10.);
#3207=VECTOR('',#10567,10.);
#3208=VECTOR('',#10568,10.);
#3209=VECTOR('',#10569,10.);
#3210=VECTOR('',#10572,10.);
#3211=VECTOR('',#10573,10.);
#3212=VECTOR('',#10574,10.);
#3213=VECTOR('',#10577,10.);
#3214=VECTOR('',#10578,10.);
#3215=VECTOR('',#10581,10.);
#3216=VECTOR('',#10582,10.);
#3217=VECTOR('',#10583,10.);
#3218=VECTOR('',#10584,10.);
#3219=VECTOR('',#10587,10.);
#3220=VECTOR('',#10588,10.);
#3221=VECTOR('',#10589,10.);
#3222=VECTOR('',#10592,10.);
#3223=VECTOR('',#10593,10.);
#3224=VECTOR('',#10594,10.);
#3225=VECTOR('',#10597,10.);
#3226=VECTOR('',#10598,10.);
#3227=VECTOR('',#10599,10.);
#3228=VECTOR('',#10602,10.);
#3229=VECTOR('',#10603,10.);
#3230=VECTOR('',#10604,10.);
#3231=VECTOR('',#10607,10.);
#3232=VECTOR('',#10608,10.);
#3233=VECTOR('',#10611,10.);
#3234=VECTOR('',#10612,10.);
#3235=VECTOR('',#10613,10.);
#3236=VECTOR('',#10614,10.);
#3237=VECTOR('',#10617,10.);
#3238=VECTOR('',#10618,10.);
#3239=VECTOR('',#10619,10.);
#3240=VECTOR('',#10622,10.);
#3241=VECTOR('',#10623,10.);
#3242=VECTOR('',#10624,10.);
#3243=VECTOR('',#10627,10.);
#3244=VECTOR('',#10628,10.);
#3245=VECTOR('',#10629,10.);
#3246=VECTOR('',#10632,10.);
#3247=VECTOR('',#10633,10.);
#3248=VECTOR('',#10634,10.);
#3249=VECTOR('',#10637,10.);
#3250=VECTOR('',#10638,10.);
#3251=VECTOR('',#10641,10.);
#3252=VECTOR('',#10642,10.);
#3253=VECTOR('',#10643,10.);
#3254=VECTOR('',#10644,10.);
#3255=VECTOR('',#10647,10.);
#3256=VECTOR('',#10648,10.);
#3257=VECTOR('',#10649,10.);
#3258=VECTOR('',#10652,10.);
#3259=VECTOR('',#10653,10.);
#3260=VECTOR('',#10654,10.);
#3261=VECTOR('',#10657,10.);
#3262=VECTOR('',#10658,10.);
#3263=VECTOR('',#10659,10.);
#3264=VECTOR('',#10660,10.);
#3265=VECTOR('',#10663,10.);
#3266=VECTOR('',#10664,10.);
#3267=VECTOR('',#10665,10.);
#3268=VECTOR('',#10668,10.);
#3269=VECTOR('',#10669,10.);
#3270=VECTOR('',#10670,10.);
#3271=VECTOR('',#10673,10.);
#3272=VECTOR('',#10674,10.);
#3273=VECTOR('',#10675,10.);
#3274=VECTOR('',#10676,10.);
#3275=VECTOR('',#10679,10.);
#3276=VECTOR('',#10680,10.);
#3277=VECTOR('',#10681,10.);
#3278=VECTOR('',#10684,10.);
#3279=VECTOR('',#10685,10.);
#3280=VECTOR('',#10686,10.);
#3281=VECTOR('',#10689,10.);
#3282=VECTOR('',#10690,10.);
#3283=VECTOR('',#10691,10.);
#3284=VECTOR('',#10694,10.);
#3285=VECTOR('',#10695,10.);
#3286=VECTOR('',#10696,10.);
#3287=VECTOR('',#10699,10.);
#3288=VECTOR('',#10700,10.);
#3289=VECTOR('',#10703,10.);
#3290=VECTOR('',#10704,10.);
#3291=VECTOR('',#10705,10.);
#3292=VECTOR('',#10706,10.);
#3293=VECTOR('',#10709,10.);
#3294=VECTOR('',#10710,10.);
#3295=VECTOR('',#10711,10.);
#3296=VECTOR('',#10714,10.);
#3297=VECTOR('',#10715,10.);
#3298=VECTOR('',#10716,10.);
#3299=VECTOR('',#10719,10.);
#3300=VECTOR('',#10720,10.);
#3301=VECTOR('',#10721,10.);
#3302=VECTOR('',#10724,10.);
#3303=VECTOR('',#10725,10.);
#3304=VECTOR('',#10726,10.);
#3305=VECTOR('',#10729,10.);
#3306=VECTOR('',#10730,10.);
#3307=VECTOR('',#10733,10.);
#3308=VECTOR('',#10734,10.);
#3309=VECTOR('',#10735,10.);
#3310=VECTOR('',#10736,10.);
#3311=VECTOR('',#10739,10.);
#3312=VECTOR('',#10740,10.);
#3313=VECTOR('',#10741,10.);
#3314=VECTOR('',#10744,10.);
#3315=VECTOR('',#10745,10.);
#3316=VECTOR('',#10746,10.);
#3317=VECTOR('',#10749,10.);
#3318=VECTOR('',#10750,10.);
#3319=VECTOR('',#10751,10.);
#3320=VECTOR('',#10754,10.);
#3321=VECTOR('',#10755,10.);
#3322=VECTOR('',#10756,10.);
#3323=VECTOR('',#10759,10.);
#3324=VECTOR('',#10760,10.);
#3325=VECTOR('',#10763,10.);
#3326=VECTOR('',#10764,10.);
#3327=VECTOR('',#10765,10.);
#3328=VECTOR('',#10766,10.);
#3329=VECTOR('',#10769,10.);
#3330=VECTOR('',#10770,10.);
#3331=VECTOR('',#10771,10.);
#3332=VECTOR('',#10774,10.);
#3333=VECTOR('',#10775,10.);
#3334=VECTOR('',#10776,10.);
#3335=VECTOR('',#10779,10.);
#3336=VECTOR('',#10780,10.);
#3337=VECTOR('',#10781,10.);
#3338=VECTOR('',#10784,10.);
#3339=VECTOR('',#10785,10.);
#3340=VECTOR('',#10786,10.);
#3341=VECTOR('',#10789,10.);
#3342=VECTOR('',#10790,10.);
#3343=VECTOR('',#10793,10.);
#3344=VECTOR('',#10794,10.);
#3345=VECTOR('',#10795,10.);
#3346=VECTOR('',#10796,10.);
#3347=VECTOR('',#10799,10.);
#3348=VECTOR('',#10800,10.);
#3349=VECTOR('',#10801,10.);
#3350=VECTOR('',#10804,10.);
#3351=VECTOR('',#10805,10.);
#3352=VECTOR('',#10806,10.);
#3353=VECTOR('',#10809,10.);
#3354=VECTOR('',#10810,10.);
#3355=VECTOR('',#10811,10.);
#3356=VECTOR('',#10814,10.);
#3357=VECTOR('',#10815,10.);
#3358=VECTOR('',#10816,10.);
#3359=VECTOR('',#10819,10.);
#3360=VECTOR('',#10820,10.);
#3361=VECTOR('',#10821,10.);
#3362=VECTOR('',#10822,10.);
#3363=VECTOR('',#10825,10.);
#3364=VECTOR('',#10826,10.);
#3365=VECTOR('',#10827,10.);
#3366=VECTOR('',#10830,10.);
#3367=VECTOR('',#10831,10.);
#3368=VECTOR('',#10832,10.);
#3369=VECTOR('',#10835,10.);
#3370=VECTOR('',#10836,10.);
#3371=VECTOR('',#10837,10.);
#3372=VECTOR('',#10840,10.);
#3373=VECTOR('',#10841,10.);
#3374=VECTOR('',#10842,10.);
#3375=VECTOR('',#10845,10.);
#3376=VECTOR('',#10846,10.);
#3377=VECTOR('',#10849,10.);
#3378=VECTOR('',#10850,10.);
#3379=VECTOR('',#10851,10.);
#3380=VECTOR('',#10852,10.);
#3381=VECTOR('',#10855,10.);
#3382=VECTOR('',#10856,10.);
#3383=VECTOR('',#10857,10.);
#3384=VECTOR('',#10860,10.);
#3385=VECTOR('',#10861,10.);
#3386=VECTOR('',#10862,10.);
#3387=VECTOR('',#10865,10.);
#3388=VECTOR('',#10866,10.);
#3389=VECTOR('',#10867,10.);
#3390=VECTOR('',#10870,10.);
#3391=VECTOR('',#10871,10.);
#3392=VECTOR('',#10872,10.);
#3393=VECTOR('',#10875,10.);
#3394=VECTOR('',#10876,10.);
#3395=VECTOR('',#10879,10.);
#3396=VECTOR('',#10880,10.);
#3397=VECTOR('',#10881,10.);
#3398=VECTOR('',#10882,10.);
#3399=VECTOR('',#10885,10.);
#3400=VECTOR('',#10886,10.);
#3401=VECTOR('',#10887,10.);
#3402=VECTOR('',#10890,10.);
#3403=VECTOR('',#10891,10.);
#3404=VECTOR('',#10892,10.);
#3405=VECTOR('',#10895,10.);
#3406=VECTOR('',#10896,10.);
#3407=VECTOR('',#10897,10.);
#3408=VECTOR('',#10900,10.);
#3409=VECTOR('',#10901,10.);
#3410=VECTOR('',#10902,10.);
#3411=VECTOR('',#10905,10.);
#3412=VECTOR('',#10906,10.);
#3413=VECTOR('',#10909,10.);
#3414=VECTOR('',#10910,10.);
#3415=VECTOR('',#10911,10.);
#3416=VECTOR('',#10912,10.);
#3417=VECTOR('',#10915,10.);
#3418=VECTOR('',#10916,10.);
#3419=VECTOR('',#10917,10.);
#3420=VECTOR('',#10920,10.);
#3421=VECTOR('',#10921,10.);
#3422=VECTOR('',#10922,10.);
#3423=VECTOR('',#10925,10.);
#3424=VECTOR('',#10926,10.);
#3425=VECTOR('',#10927,10.);
#3426=VECTOR('',#10928,10.);
#3427=VECTOR('',#10931,10.);
#3428=VECTOR('',#10932,10.);
#3429=VECTOR('',#10933,10.);
#3430=VECTOR('',#10936,10.);
#3431=VECTOR('',#10937,10.);
#3432=VECTOR('',#10938,10.);
#3433=VECTOR('',#10941,10.);
#3434=VECTOR('',#10942,10.);
#3435=VECTOR('',#10943,10.);
#3436=VECTOR('',#10944,10.);
#3437=VECTOR('',#10947,10.);
#3438=VECTOR('',#10948,10.);
#3439=VECTOR('',#10949,10.);
#3440=VECTOR('',#10952,10.);
#3441=VECTOR('',#10953,10.);
#3442=VECTOR('',#10954,10.);
#3443=VECTOR('',#10957,10.);
#3444=VECTOR('',#10958,10.);
#3445=VECTOR('',#10959,10.);
#3446=VECTOR('',#10962,10.);
#3447=VECTOR('',#10963,10.);
#3448=VECTOR('',#10964,10.);
#3449=VECTOR('',#10967,10.);
#3450=VECTOR('',#10968,10.);
#3451=VECTOR('',#10971,10.);
#3452=VECTOR('',#10972,10.);
#3453=VECTOR('',#10973,10.);
#3454=VECTOR('',#10974,10.);
#3455=VECTOR('',#10977,10.);
#3456=VECTOR('',#10978,10.);
#3457=VECTOR('',#10979,10.);
#3458=VECTOR('',#10982,10.);
#3459=VECTOR('',#10983,10.);
#3460=VECTOR('',#10984,10.);
#3461=VECTOR('',#10987,10.);
#3462=VECTOR('',#10988,10.);
#3463=VECTOR('',#10989,10.);
#3464=VECTOR('',#10992,10.);
#3465=VECTOR('',#10993,10.);
#3466=VECTOR('',#10994,10.);
#3467=VECTOR('',#10997,10.);
#3468=VECTOR('',#10998,10.);
#3469=VECTOR('',#11001,10.);
#3470=VECTOR('',#11002,10.);
#3471=VECTOR('',#11003,10.);
#3472=VECTOR('',#11004,10.);
#3473=VECTOR('',#11007,10.);
#3474=VECTOR('',#11008,10.);
#3475=VECTOR('',#11009,10.);
#3476=VECTOR('',#11012,10.);
#3477=VECTOR('',#11013,10.);
#3478=VECTOR('',#11014,10.);
#3479=VECTOR('',#11017,10.);
#3480=VECTOR('',#11018,10.);
#3481=VECTOR('',#11019,10.);
#3482=VECTOR('',#11022,10.);
#3483=VECTOR('',#11023,10.);
#3484=VECTOR('',#11024,10.);
#3485=VECTOR('',#11027,10.);
#3486=VECTOR('',#11028,10.);
#3487=VECTOR('',#11031,10.);
#3488=VECTOR('',#11032,10.);
#3489=VECTOR('',#11033,10.);
#3490=VECTOR('',#11034,10.);
#3491=VECTOR('',#11037,10.);
#3492=VECTOR('',#11038,10.);
#3493=VECTOR('',#11039,10.);
#3494=VECTOR('',#11042,10.);
#3495=VECTOR('',#11043,10.);
#3496=VECTOR('',#11044,10.);
#3497=VECTOR('',#11045,10.);
#3498=VECTOR('',#11048,10.);
#3499=VECTOR('',#11049,10.);
#3500=VECTOR('',#11050,10.);
#3501=VECTOR('',#11053,10.);
#3502=VECTOR('',#11054,10.);
#3503=VECTOR('',#11057,10.);
#3504=VECTOR('',#11058,10.);
#3505=VECTOR('',#11059,10.);
#3506=VECTOR('',#11060,10.);
#3507=VECTOR('',#11063,10.);
#3508=VECTOR('',#11064,10.);
#3509=VECTOR('',#11065,10.);
#3510=VECTOR('',#11068,10.);
#3511=VECTOR('',#11069,10.);
#3512=VECTOR('',#11070,10.);
#3513=VECTOR('',#11073,10.);
#3514=VECTOR('',#11074,10.);
#3515=VECTOR('',#11075,10.);
#3516=VECTOR('',#11078,10.);
#3517=VECTOR('',#11079,10.);
#3518=VECTOR('',#11080,10.);
#3519=VECTOR('',#11083,10.);
#3520=VECTOR('',#11084,10.);
#3521=VECTOR('',#11085,10.);
#3522=VECTOR('',#11086,10.);
#3523=VECTOR('',#11089,10.);
#3524=VECTOR('',#11090,10.);
#3525=VECTOR('',#11091,10.);
#3526=VECTOR('',#11094,10.);
#3527=VECTOR('',#11095,10.);
#3528=VECTOR('',#11096,10.);
#3529=VECTOR('',#11099,10.);
#3530=VECTOR('',#11100,10.);
#3531=VECTOR('',#11101,10.);
#3532=VECTOR('',#11104,10.);
#3533=VECTOR('',#11105,10.);
#3534=VECTOR('',#11106,10.);
#3535=VECTOR('',#11109,10.);
#3536=VECTOR('',#11110,10.);
#3537=VECTOR('',#11113,10.);
#3538=VECTOR('',#11114,10.);
#3539=VECTOR('',#11115,10.);
#3540=VECTOR('',#11116,10.);
#3541=VECTOR('',#11119,10.);
#3542=VECTOR('',#11120,10.);
#3543=VECTOR('',#11121,10.);
#3544=VECTOR('',#11124,10.);
#3545=VECTOR('',#11125,10.);
#3546=VECTOR('',#11126,10.);
#3547=VECTOR('',#11129,10.);
#3548=VECTOR('',#11130,10.);
#3549=VECTOR('',#11131,10.);
#3550=VECTOR('',#11134,10.);
#3551=VECTOR('',#11135,10.);
#3552=VECTOR('',#11136,10.);
#3553=VECTOR('',#11139,10.);
#3554=VECTOR('',#11140,10.);
#3555=VECTOR('',#11143,10.);
#3556=VECTOR('',#11144,10.);
#3557=VECTOR('',#11145,10.);
#3558=VECTOR('',#11146,10.);
#3559=VECTOR('',#11149,10.);
#3560=VECTOR('',#11150,10.);
#3561=VECTOR('',#11151,10.);
#3562=VECTOR('',#11152,10.);
#3563=VECTOR('',#11155,10.);
#3564=VECTOR('',#11156,10.);
#3565=VECTOR('',#11157,10.);
#3566=VECTOR('',#11160,10.);
#3567=VECTOR('',#11161,10.);
#3568=VECTOR('',#11162,10.);
#3569=VECTOR('',#11165,10.);
#3570=VECTOR('',#11166,10.);
#3571=VECTOR('',#11167,10.);
#3572=VECTOR('',#11170,10.);
#3573=VECTOR('',#11171,10.);
#3574=VECTOR('',#11174,10.);
#3575=VECTOR('',#11175,10.);
#3576=VECTOR('',#11176,10.);
#3577=VECTOR('',#11177,10.);
#3578=VECTOR('',#11180,10.);
#3579=VECTOR('',#11181,10.);
#3580=VECTOR('',#11182,10.);
#3581=VECTOR('',#11185,10.);
#3582=VECTOR('',#11186,10.);
#3583=VECTOR('',#11187,10.);
#3584=VECTOR('',#11190,10.);
#3585=VECTOR('',#11191,10.);
#3586=VECTOR('',#11192,10.);
#3587=VECTOR('',#11193,10.);
#3588=VECTOR('',#11196,10.);
#3589=VECTOR('',#11197,10.);
#3590=VECTOR('',#11198,10.);
#3591=VECTOR('',#11201,10.);
#3592=VECTOR('',#11202,10.);
#3593=VECTOR('',#11203,10.);
#3594=VECTOR('',#11206,10.);
#3595=VECTOR('',#11207,10.);
#3596=VECTOR('',#11208,10.);
#3597=VECTOR('',#11211,10.);
#3598=VECTOR('',#11212,10.);
#3599=VECTOR('',#11213,10.);
#3600=VECTOR('',#11216,10.);
#3601=VECTOR('',#11217,10.);
#3602=VECTOR('',#11220,10.);
#3603=VECTOR('',#11221,10.);
#3604=VECTOR('',#11222,10.);
#3605=VECTOR('',#11223,10.);
#3606=VECTOR('',#11226,10.);
#3607=VECTOR('',#11227,10.);
#3608=VECTOR('',#11228,10.);
#3609=VECTOR('',#11231,10.);
#3610=VECTOR('',#11232,10.);
#3611=VECTOR('',#11233,10.);
#3612=VECTOR('',#11236,10.);
#3613=VECTOR('',#11237,10.);
#3614=VECTOR('',#11238,10.);
#3615=VECTOR('',#11241,10.);
#3616=VECTOR('',#11242,10.);
#3617=VECTOR('',#11243,10.);
#3618=VECTOR('',#11246,10.);
#3619=VECTOR('',#11247,10.);
#3620=VECTOR('',#11250,10.);
#3621=VECTOR('',#11251,10.);
#3622=VECTOR('',#11252,10.);
#3623=VECTOR('',#11253,10.);
#3624=VECTOR('',#11256,10.);
#3625=VECTOR('',#11257,10.);
#3626=VECTOR('',#11258,10.);
#3627=VECTOR('',#11259,10.);
#3628=VECTOR('',#11262,10.);
#3629=VECTOR('',#11263,10.);
#3630=VECTOR('',#11264,10.);
#3631=VECTOR('',#11267,10.);
#3632=VECTOR('',#11268,10.);
#3633=VECTOR('',#11271,10.);
#3634=VECTOR('',#11272,10.);
#3635=VECTOR('',#11273,10.);
#3636=VECTOR('',#11274,10.);
#3637=VECTOR('',#11277,10.);
#3638=VECTOR('',#11278,10.);
#3639=VECTOR('',#11279,10.);
#3640=VECTOR('',#11282,10.);
#3641=VECTOR('',#11283,10.);
#3642=VECTOR('',#11284,10.);
#3643=VECTOR('',#11287,10.);
#3644=VECTOR('',#11288,10.);
#3645=VECTOR('',#11289,10.);
#3646=VECTOR('',#11292,10.);
#3647=VECTOR('',#11293,10.);
#3648=VECTOR('',#11294,10.);
#3649=VECTOR('',#11297,10.);
#3650=VECTOR('',#11298,10.);
#3651=VECTOR('',#11299,10.);
#3652=VECTOR('',#11300,10.);
#3653=VECTOR('',#11303,10.);
#3654=VECTOR('',#11304,10.);
#3655=VECTOR('',#11305,10.);
#3656=VECTOR('',#11308,10.);
#3657=VECTOR('',#11309,10.);
#3658=VECTOR('',#11310,10.);
#3659=VECTOR('',#11313,10.);
#3660=VECTOR('',#11314,10.);
#3661=VECTOR('',#11315,10.);
#3662=VECTOR('',#11318,10.);
#3663=VECTOR('',#11319,10.);
#3664=VECTOR('',#11320,10.);
#3665=VECTOR('',#11323,10.);
#3666=VECTOR('',#11324,10.);
#3667=VECTOR('',#11327,10.);
#3668=VECTOR('',#11328,10.);
#3669=VECTOR('',#11329,10.);
#3670=VECTOR('',#11330,10.);
#3671=VECTOR('',#11333,10.);
#3672=VECTOR('',#11334,10.);
#3673=VECTOR('',#11335,10.);
#3674=VECTOR('',#11338,10.);
#3675=VECTOR('',#11339,10.);
#3676=VECTOR('',#11340,10.);
#3677=VECTOR('',#11343,10.);
#3678=VECTOR('',#11344,10.);
#3679=VECTOR('',#11345,10.);
#3680=VECTOR('',#11348,10.);
#3681=VECTOR('',#11349,10.);
#3682=VECTOR('',#11350,10.);
#3683=VECTOR('',#11353,10.);
#3684=VECTOR('',#11354,10.);
#3685=VECTOR('',#11357,10.);
#3686=VECTOR('',#11358,10.);
#3687=VECTOR('',#11359,10.);
#3688=VECTOR('',#11360,10.);
#3689=VECTOR('',#11363,10.);
#3690=VECTOR('',#11364,10.);
#3691=VECTOR('',#11365,10.);
#3692=VECTOR('',#11366,10.);
#3693=VECTOR('',#11369,10.);
#3694=VECTOR('',#11370,10.);
#3695=VECTOR('',#11371,10.);
#3696=VECTOR('',#11374,10.);
#3697=VECTOR('',#11375,10.);
#3698=VECTOR('',#11378,10.);
#3699=VECTOR('',#11379,10.);
#3700=VECTOR('',#11380,10.);
#3701=VECTOR('',#11381,10.);
#3702=VECTOR('',#11384,10.);
#3703=VECTOR('',#11385,10.);
#3704=VECTOR('',#11386,10.);
#3705=VECTOR('',#11389,10.);
#3706=VECTOR('',#11390,10.);
#3707=VECTOR('',#11391,10.);
#3708=VECTOR('',#11394,10.);
#3709=VECTOR('',#11395,10.);
#3710=VECTOR('',#11396,10.);
#3711=VECTOR('',#11397,10.);
#3712=VECTOR('',#11400,10.);
#3713=VECTOR('',#11401,10.);
#3714=VECTOR('',#11402,10.);
#3715=VECTOR('',#11405,10.);
#3716=VECTOR('',#11406,10.);
#3717=VECTOR('',#11407,10.);
#3718=VECTOR('',#11410,10.);
#3719=VECTOR('',#11411,10.);
#3720=VECTOR('',#11412,10.);
#3721=VECTOR('',#11415,10.);
#3722=VECTOR('',#11416,10.);
#3723=VECTOR('',#11417,10.);
#3724=VECTOR('',#11420,10.);
#3725=VECTOR('',#11421,10.);
#3726=VECTOR('',#11424,10.);
#3727=VECTOR('',#11425,10.);
#3728=VECTOR('',#11426,10.);
#3729=VECTOR('',#11427,10.);
#3730=VECTOR('',#11430,10.);
#3731=VECTOR('',#11431,10.);
#3732=VECTOR('',#11432,10.);
#3733=VECTOR('',#11435,10.);
#3734=VECTOR('',#11436,10.);
#3735=VECTOR('',#11437,10.);
#3736=VECTOR('',#11440,10.);
#3737=VECTOR('',#11441,10.);
#3738=VECTOR('',#11442,10.);
#3739=VECTOR('',#11445,10.);
#3740=VECTOR('',#11446,10.);
#3741=VECTOR('',#11447,10.);
#3742=VECTOR('',#11450,10.);
#3743=VECTOR('',#11451,10.);
#3744=VECTOR('',#11454,10.);
#3745=VECTOR('',#11455,10.);
#3746=VECTOR('',#11456,10.);
#3747=VECTOR('',#11457,10.);
#3748=VECTOR('',#11460,10.);
#3749=VECTOR('',#11461,10.);
#3750=VECTOR('',#11462,10.);
#3751=VECTOR('',#11463,10.);
#3752=VECTOR('',#11466,10.);
#3753=VECTOR('',#11467,10.);
#3754=VECTOR('',#11468,10.);
#3755=VECTOR('',#11471,10.);
#3756=VECTOR('',#11472,10.);
#3757=VECTOR('',#11475,10.);
#3758=VECTOR('',#11476,10.);
#3759=VECTOR('',#11477,10.);
#3760=VECTOR('',#11478,10.);
#3761=VECTOR('',#11481,10.);
#3762=VECTOR('',#11482,10.);
#3763=VECTOR('',#11483,10.);
#3764=VECTOR('',#11486,10.);
#3765=VECTOR('',#11487,10.);
#3766=VECTOR('',#11488,10.);
#3767=VECTOR('',#11491,10.);
#3768=VECTOR('',#11492,10.);
#3769=VECTOR('',#11493,10.);
#3770=VECTOR('',#11496,10.);
#3771=VECTOR('',#11497,10.);
#3772=VECTOR('',#11498,10.);
#3773=VECTOR('',#11499,10.);
#3774=VECTOR('',#11502,10.);
#3775=VECTOR('',#11503,10.);
#3776=VECTOR('',#11504,10.);
#3777=VECTOR('',#11507,10.);
#3778=VECTOR('',#11508,10.);
#3779=VECTOR('',#11509,10.);
#3780=VECTOR('',#11512,10.);
#3781=VECTOR('',#11513,10.);
#3782=VECTOR('',#11514,10.);
#3783=VECTOR('',#11517,10.);
#3784=VECTOR('',#11518,10.);
#3785=VECTOR('',#11519,10.);
#3786=VECTOR('',#11522,10.);
#3787=VECTOR('',#11523,10.);
#3788=VECTOR('',#11526,10.);
#3789=VECTOR('',#11527,10.);
#3790=VECTOR('',#11528,10.);
#3791=VECTOR('',#11529,10.);
#3792=VECTOR('',#11532,10.);
#3793=VECTOR('',#11533,10.);
#3794=VECTOR('',#11534,10.);
#3795=VECTOR('',#11535,10.);
#3796=VECTOR('',#11538,10.);
#3797=VECTOR('',#11539,10.);
#3798=VECTOR('',#11540,10.);
#3799=VECTOR('',#11543,10.);
#3800=VECTOR('',#11544,10.);
#3801=VECTOR('',#11547,10.);
#3802=VECTOR('',#11548,10.);
#3803=VECTOR('',#11549,10.);
#3804=VECTOR('',#11550,10.);
#3805=VECTOR('',#11553,10.);
#3806=VECTOR('',#11554,10.);
#3807=VECTOR('',#11555,10.);
#3808=VECTOR('',#11558,10.);
#3809=VECTOR('',#11559,10.);
#3810=VECTOR('',#11560,10.);
#3811=VECTOR('',#11563,10.);
#3812=VECTOR('',#11564,10.);
#3813=VECTOR('',#11565,10.);
#3814=VECTOR('',#11568,10.);
#3815=VECTOR('',#11569,10.);
#3816=VECTOR('',#11570,10.);
#3817=VECTOR('',#11571,10.);
#3818=VECTOR('',#11574,10.);
#3819=VECTOR('',#11575,10.);
#3820=VECTOR('',#11576,10.);
#3821=VECTOR('',#11577,10.);
#3822=VECTOR('',#11580,10.);
#3823=VECTOR('',#11581,10.);
#3824=VECTOR('',#11582,10.);
#3825=VECTOR('',#11585,10.);
#3826=VECTOR('',#11586,10.);
#3827=VECTOR('',#11589,10.);
#3828=VECTOR('',#11590,10.);
#3829=VECTOR('',#11591,10.);
#3830=VECTOR('',#11592,10.);
#3831=VECTOR('',#11595,10.);
#3832=VECTOR('',#11596,10.);
#3833=VECTOR('',#11597,10.);
#3834=VECTOR('',#11606,10.);
#3835=VECTOR('',#11607,10.);
#3836=VECTOR('',#11610,10.);
#3837=VECTOR('',#11611,10.);
#3838=VECTOR('',#11614,10.);
#3839=VECTOR('',#11615,10.);
#3840=VECTOR('',#11618,10.);
#3841=VECTOR('',#11619,10.);
#3842=VECTOR('',#11622,10.);
#3843=VECTOR('',#11623,10.);
#3844=VECTOR('',#11638,10.);
#3845=VECTOR('',#11639,10.);
#3846=VECTOR('',#11640,10.);
#3847=VECTOR('',#11643,10.);
#3848=VECTOR('',#11644,10.);
#3849=VECTOR('',#11649,10.);
#3850=VECTOR('',#11660,10.);
#3851=VECTOR('',#11661,10.);
#3852=VECTOR('',#11664,10.);
#3853=VECTOR('',#11665,10.);
#3854=VECTOR('',#11668,10.);
#3855=VECTOR('',#11669,10.);
#3856=VECTOR('',#11672,10.);
#3857=VECTOR('',#11673,10.);
#3858=VECTOR('',#11676,10.);
#3859=VECTOR('',#11677,10.);
#3860=VECTOR('',#11680,10.);
#3861=VECTOR('',#11681,10.);
#3862=VECTOR('',#11684,10.);
#3863=VECTOR('',#11685,10.);
#3864=VECTOR('',#11688,10.);
#3865=VECTOR('',#11689,10.);
#3866=VECTOR('',#11692,10.);
#3867=VECTOR('',#11693,10.);
#3868=VECTOR('',#11696,10.);
#3869=VECTOR('',#11697,10.);
#3870=VECTOR('',#11700,10.);
#3871=VECTOR('',#11701,10.);
#3872=VECTOR('',#11704,10.);
#3873=VECTOR('',#11705,10.);
#3874=VECTOR('',#11708,10.);
#3875=VECTOR('',#11709,10.);
#3876=VECTOR('',#11712,10.);
#3877=VECTOR('',#11713,10.);
#3878=VECTOR('',#11722,10.);
#3879=VECTOR('',#11723,10.);
#3880=VECTOR('',#11726,10.);
#3881=VECTOR('',#11727,10.);
#3882=VECTOR('',#11730,10.);
#3883=VECTOR('',#11731,10.);
#3884=VECTOR('',#11734,10.);
#3885=VECTOR('',#11735,10.);
#3886=VECTOR('',#11738,10.);
#3887=VECTOR('',#11739,10.);
#3888=VECTOR('',#11744,10.);
#3889=VECTOR('',#11747,10.);
#3890=VECTOR('',#11750,10.);
#3891=VECTOR('',#11753,10.);
#3892=VECTOR('',#11754,10.);
#3893=VECTOR('',#11755,10.);
#3894=VECTOR('',#11756,10.);
#3895=VECTOR('',#11757,10.);
#3896=VECTOR('',#11758,10.);
#3897=VECTOR('',#11761,10.);
#3898=VECTOR('',#11762,10.);
#3899=VECTOR('',#11763,10.);
#3900=VECTOR('',#11766,10.);
#3901=VECTOR('',#11767,10.);
#3902=VECTOR('',#11770,10.);
#3903=VECTOR('',#11771,10.);
#3904=VECTOR('',#11774,10.);
#3905=VECTOR('',#11775,10.);
#3906=VECTOR('',#11778,10.);
#3907=VECTOR('',#11779,10.);
#3908=VECTOR('',#11782,10.);
#3909=VECTOR('',#11793,10.);
#3910=VECTOR('',#11800,10.);
#3911=VECTOR('',#11803,10.);
#3912=VECTOR('',#11812,10.);
#3913=VECTOR('',#11813,10.);
#3914=VECTOR('',#11818,10.);
#3915=VECTOR('',#11821,10.);
#3916=VECTOR('',#11824,10.);
#3917=VECTOR('',#11825,10.);
#3918=VECTOR('',#11828,10.);
#3919=CIRCLE('',#9150,1.6);
#3920=CIRCLE('',#9151,1.6);
#3921=CIRCLE('',#9153,3.);
#3922=CIRCLE('',#9154,3.);
#3923=CIRCLE('',#9156,4.3);
#3924=CIRCLE('',#9157,4.3);
#3925=CIRCLE('',#9159,4.3);
#3926=CIRCLE('',#9160,4.3);
#3927=CIRCLE('',#9163,2.);
#3928=CIRCLE('',#9164,2.);
#3929=CIRCLE('',#9167,3.5);
#3930=CIRCLE('',#9168,3.5);
#3931=CIRCLE('',#9170,3.5);
#3932=CIRCLE('',#9171,3.5);
#3933=CIRCLE('',#9175,1.6);
#3934=CIRCLE('',#9176,1.6);
#3935=CIRCLE('',#9178,3.);
#3936=CIRCLE('',#9179,3.);
#3937=CIRCLE('',#9181,4.3);
#3938=CIRCLE('',#9182,4.3);
#3939=CIRCLE('',#9186,4.3);
#3940=CIRCLE('',#9187,4.3);
#3941=CIRCLE('',#9190,2.);
#3942=CIRCLE('',#9191,2.);
#3943=CIRCLE('',#9194,3.5);
#3944=CIRCLE('',#9195,3.5);
#3945=CIRCLE('',#9199,3.5);
#3946=CIRCLE('',#9200,3.5);
#3947=CIRCLE('',#9559,4.3);
#3948=CIRCLE('',#9560,4.3);
#3949=CIRCLE('',#9567,3.5);
#3950=CIRCLE('',#9568,3.5);
#3951=CIRCLE('',#9570,3.5);
#3952=CIRCLE('',#9571,3.5);
#3953=CIRCLE('',#9575,3.5);
#3954=CIRCLE('',#9576,3.5);
#3955=CIRCLE('',#9578,3.5);
#3956=CIRCLE('',#9579,3.5);
#3957=CIRCLE('',#9595,4.3);
#3958=CIRCLE('',#9596,4.3);
#3959=CIRCLE('',#9603,4.3);
#3960=CIRCLE('',#9604,4.3);
#3961=CIRCLE('',#9605,3.5);
#3962=CIRCLE('',#9606,3.5);
#3963=CIRCLE('',#9614,3.5);
#3964=CIRCLE('',#9616,4.3);
#3965=CIRCLE('',#9619,3.5);
#3966=CIRCLE('',#9623,4.3);
#3967=CIRCLE('',#9626,4.3);
#3968=CIRCLE('',#9628,4.3);
#3969=VERTEX_POINT('',#11833);
#3970=VERTEX_POINT('',#11835);
#3971=VERTEX_POINT('',#11839);
#3972=VERTEX_POINT('',#11841);
#3973=VERTEX_POINT('',#11845);
#3974=VERTEX_POINT('',#11846);
#3975=VERTEX_POINT('',#11848);
#3976=VERTEX_POINT('',#11850);
#3977=VERTEX_POINT('',#11854);
#3978=VERTEX_POINT('',#11855);
#3979=VERTEX_POINT('',#11857);
#3980=VERTEX_POINT('',#11859);
#3981=VERTEX_POINT('',#11863);
#3982=VERTEX_POINT('',#11865);
#3983=VERTEX_POINT('',#11869);
#3984=VERTEX_POINT('',#11871);
#3985=VERTEX_POINT('',#11875);
#3986=VERTEX_POINT('',#11877);
#3987=VERTEX_POINT('',#11881);
#3988=VERTEX_POINT('',#11883);
#3989=VERTEX_POINT('',#11887);
#3990=VERTEX_POINT('',#11888);
#3991=VERTEX_POINT('',#11890);
#3992=VERTEX_POINT('',#11892);
#3993=VERTEX_POINT('',#11896);
#3994=VERTEX_POINT('',#11898);
#3995=VERTEX_POINT('',#11905);
#3996=VERTEX_POINT('',#11907);
#3997=VERTEX_POINT('',#11911);
#3998=VERTEX_POINT('',#11913);
#3999=VERTEX_POINT('',#11917);
#4000=VERTEX_POINT('',#11918);
#4001=VERTEX_POINT('',#11920);
#4002=VERTEX_POINT('',#11922);
#4003=VERTEX_POINT('',#11929);
#4004=VERTEX_POINT('',#11931);
#4005=VERTEX_POINT('',#11935);
#4006=VERTEX_POINT('',#11937);
#4007=VERTEX_POINT('',#11941);
#4008=VERTEX_POINT('',#11943);
#4009=VERTEX_POINT('',#11947);
#4010=VERTEX_POINT('',#11949);
#4011=VERTEX_POINT('',#11953);
#4012=VERTEX_POINT('',#11955);
#4013=VERTEX_POINT('',#11959);
#4014=VERTEX_POINT('',#11961);
#4015=VERTEX_POINT('',#11968);
#4016=VERTEX_POINT('',#11970);
#4017=VERTEX_POINT('',#11974);
#4018=VERTEX_POINT('',#11976);
#4019=VERTEX_POINT('',#11980);
#4020=VERTEX_POINT('',#11982);
#4021=VERTEX_POINT('',#11991);
#4022=VERTEX_POINT('',#11992);
#4023=VERTEX_POINT('',#11994);
#4024=VERTEX_POINT('',#11996);
#4025=VERTEX_POINT('',#12000);
#4026=VERTEX_POINT('',#12001);
#4027=VERTEX_POINT('',#12006);
#4028=VERTEX_POINT('',#12007);
#4029=VERTEX_POINT('',#12009);
#4030=VERTEX_POINT('',#12011);
#4031=VERTEX_POINT('',#12015);
#4032=VERTEX_POINT('',#12016);
#4033=VERTEX_POINT('',#12021);
#4034=VERTEX_POINT('',#12022);
#4035=VERTEX_POINT('',#12024);
#4036=VERTEX_POINT('',#12026);
#4037=VERTEX_POINT('',#12030);
#4038=VERTEX_POINT('',#12032);
#4039=VERTEX_POINT('',#12036);
#4040=VERTEX_POINT('',#12038);
#4041=VERTEX_POINT('',#12042);
#4042=VERTEX_POINT('',#12044);
#4043=VERTEX_POINT('',#12048);
#4044=VERTEX_POINT('',#12049);
#4045=VERTEX_POINT('',#12054);
#4046=VERTEX_POINT('',#12055);
#4047=VERTEX_POINT('',#12057);
#4048=VERTEX_POINT('',#12059);
#4049=VERTEX_POINT('',#12063);
#4050=VERTEX_POINT('',#12065);
#4051=VERTEX_POINT('',#12069);
#4052=VERTEX_POINT('',#12071);
#4053=VERTEX_POINT('',#12075);
#4054=VERTEX_POINT('',#12076);
#4055=VERTEX_POINT('',#12081);
#4056=VERTEX_POINT('',#12082);
#4057=VERTEX_POINT('',#12084);
#4058=VERTEX_POINT('',#12086);
#4059=VERTEX_POINT('',#12090);
#4060=VERTEX_POINT('',#12092);
#4061=VERTEX_POINT('',#12096);
#4062=VERTEX_POINT('',#12098);
#4063=VERTEX_POINT('',#12102);
#4064=VERTEX_POINT('',#12103);
#4065=VERTEX_POINT('',#12108);
#4066=VERTEX_POINT('',#12109);
#4067=VERTEX_POINT('',#12114);
#4068=VERTEX_POINT('',#12115);
#4069=VERTEX_POINT('',#12117);
#4070=VERTEX_POINT('',#12119);
#4071=VERTEX_POINT('',#12123);
#4072=VERTEX_POINT('',#12125);
#4073=VERTEX_POINT('',#12129);
#4074=VERTEX_POINT('',#12131);
#4075=VERTEX_POINT('',#12135);
#4076=VERTEX_POINT('',#12137);
#4077=VERTEX_POINT('',#12141);
#4078=VERTEX_POINT('',#12143);
#4079=VERTEX_POINT('',#12150);
#4080=VERTEX_POINT('',#12151);
#4081=VERTEX_POINT('',#12153);
#4082=VERTEX_POINT('',#12155);
#4083=VERTEX_POINT('',#12159);
#4084=VERTEX_POINT('',#12161);
#4085=VERTEX_POINT('',#12165);
#4086=VERTEX_POINT('',#12167);
#4087=VERTEX_POINT('',#12171);
#4088=VERTEX_POINT('',#12172);
#4089=VERTEX_POINT('',#12177);
#4090=VERTEX_POINT('',#12178);
#4091=VERTEX_POINT('',#12180);
#4092=VERTEX_POINT('',#12182);
#4093=VERTEX_POINT('',#12186);
#4094=VERTEX_POINT('',#12188);
#4095=VERTEX_POINT('',#12192);
#4096=VERTEX_POINT('',#12193);
#4097=VERTEX_POINT('',#12198);
#4098=VERTEX_POINT('',#12199);
#4099=VERTEX_POINT('',#12201);
#4100=VERTEX_POINT('',#12203);
#4101=VERTEX_POINT('',#12207);
#4102=VERTEX_POINT('',#12209);
#4103=VERTEX_POINT('',#12213);
#4104=VERTEX_POINT('',#12215);
#4105=VERTEX_POINT('',#12219);
#4106=VERTEX_POINT('',#12221);
#4107=VERTEX_POINT('',#12225);
#4108=VERTEX_POINT('',#12227);
#4109=VERTEX_POINT('',#12234);
#4110=VERTEX_POINT('',#12235);
#4111=VERTEX_POINT('',#12237);
#4112=VERTEX_POINT('',#12239);
#4113=VERTEX_POINT('',#12243);
#4114=VERTEX_POINT('',#12245);
#4115=VERTEX_POINT('',#12249);
#4116=VERTEX_POINT('',#12251);
#4117=VERTEX_POINT('',#12255);
#4118=VERTEX_POINT('',#12257);
#4119=VERTEX_POINT('',#12261);
#4120=VERTEX_POINT('',#12263);
#4121=VERTEX_POINT('',#12270);
#4122=VERTEX_POINT('',#12271);
#4123=VERTEX_POINT('',#12273);
#4124=VERTEX_POINT('',#12275);
#4125=VERTEX_POINT('',#12279);
#4126=VERTEX_POINT('',#12281);
#4127=VERTEX_POINT('',#12285);
#4128=VERTEX_POINT('',#12287);
#4129=VERTEX_POINT('',#12291);
#4130=VERTEX_POINT('',#12292);
#4131=VERTEX_POINT('',#12297);
#4132=VERTEX_POINT('',#12298);
#4133=VERTEX_POINT('',#12300);
#4134=VERTEX_POINT('',#12302);
#4135=VERTEX_POINT('',#12306);
#4136=VERTEX_POINT('',#12308);
#4137=VERTEX_POINT('',#12312);
#4138=VERTEX_POINT('',#12314);
#4139=VERTEX_POINT('',#12318);
#4140=VERTEX_POINT('',#12319);
#4141=VERTEX_POINT('',#12324);
#4142=VERTEX_POINT('',#12325);
#4143=VERTEX_POINT('',#12330);
#4144=VERTEX_POINT('',#12331);
#4145=VERTEX_POINT('',#12333);
#4146=VERTEX_POINT('',#12335);
#4147=VERTEX_POINT('',#12339);
#4148=VERTEX_POINT('',#12341);
#4149=VERTEX_POINT('',#12345);
#4150=VERTEX_POINT('',#12347);
#4151=VERTEX_POINT('',#12351);
#4152=VERTEX_POINT('',#12353);
#4153=VERTEX_POINT('',#12357);
#4154=VERTEX_POINT('',#12359);
#4155=VERTEX_POINT('',#12366);
#4156=VERTEX_POINT('',#12367);
#4157=VERTEX_POINT('',#12369);
#4158=VERTEX_POINT('',#12371);
#4159=VERTEX_POINT('',#12375);
#4160=VERTEX_POINT('',#12377);
#4161=VERTEX_POINT('',#12381);
#4162=VERTEX_POINT('',#12383);
#4163=VERTEX_POINT('',#12387);
#4164=VERTEX_POINT('',#12389);
#4165=VERTEX_POINT('',#12393);
#4166=VERTEX_POINT('',#12395);
#4167=VERTEX_POINT('',#12402);
#4168=VERTEX_POINT('',#12403);
#4169=VERTEX_POINT('',#12405);
#4170=VERTEX_POINT('',#12407);
#4171=VERTEX_POINT('',#12411);
#4172=VERTEX_POINT('',#12413);
#4173=VERTEX_POINT('',#12417);
#4174=VERTEX_POINT('',#12419);
#4175=VERTEX_POINT('',#12423);
#4176=VERTEX_POINT('',#12424);
#4177=VERTEX_POINT('',#12429);
#4178=VERTEX_POINT('',#12430);
#4179=VERTEX_POINT('',#12432);
#4180=VERTEX_POINT('',#12434);
#4181=VERTEX_POINT('',#12438);
#4182=VERTEX_POINT('',#12440);
#4183=VERTEX_POINT('',#12444);
#4184=VERTEX_POINT('',#12445);
#4185=VERTEX_POINT('',#12450);
#4186=VERTEX_POINT('',#12451);
#4187=VERTEX_POINT('',#12453);
#4188=VERTEX_POINT('',#12455);
#4189=VERTEX_POINT('',#12459);
#4190=VERTEX_POINT('',#12461);
#4191=VERTEX_POINT('',#12465);
#4192=VERTEX_POINT('',#12467);
#4193=VERTEX_POINT('',#12471);
#4194=VERTEX_POINT('',#12473);
#4195=VERTEX_POINT('',#12477);
#4196=VERTEX_POINT('',#12479);
#4197=VERTEX_POINT('',#12486);
#4198=VERTEX_POINT('',#12487);
#4199=VERTEX_POINT('',#12489);
#4200=VERTEX_POINT('',#12491);
#4201=VERTEX_POINT('',#12495);
#4202=VERTEX_POINT('',#12497);
#4203=VERTEX_POINT('',#12501);
#4204=VERTEX_POINT('',#12503);
#4205=VERTEX_POINT('',#12507);
#4206=VERTEX_POINT('',#12509);
#4207=VERTEX_POINT('',#12513);
#4208=VERTEX_POINT('',#12515);
#4209=VERTEX_POINT('',#12522);
#4210=VERTEX_POINT('',#12523);
#4211=VERTEX_POINT('',#12525);
#4212=VERTEX_POINT('',#12527);
#4213=VERTEX_POINT('',#12531);
#4214=VERTEX_POINT('',#12533);
#4215=VERTEX_POINT('',#12537);
#4216=VERTEX_POINT('',#12539);
#4217=VERTEX_POINT('',#12543);
#4218=VERTEX_POINT('',#12545);
#4219=VERTEX_POINT('',#12549);
#4220=VERTEX_POINT('',#12551);
#4221=VERTEX_POINT('',#12558);
#4222=VERTEX_POINT('',#12559);
#4223=VERTEX_POINT('',#12561);
#4224=VERTEX_POINT('',#12563);
#4225=VERTEX_POINT('',#12567);
#4226=VERTEX_POINT('',#12569);
#4227=VERTEX_POINT('',#12573);
#4228=VERTEX_POINT('',#12574);
#4229=VERTEX_POINT('',#12579);
#4230=VERTEX_POINT('',#12580);
#4231=VERTEX_POINT('',#12582);
#4232=VERTEX_POINT('',#12584);
#4233=VERTEX_POINT('',#12588);
#4234=VERTEX_POINT('',#12590);
#4235=VERTEX_POINT('',#12594);
#4236=VERTEX_POINT('',#12596);
#4237=VERTEX_POINT('',#12600);
#4238=VERTEX_POINT('',#12601);
#4239=VERTEX_POINT('',#12606);
#4240=VERTEX_POINT('',#12607);
#4241=VERTEX_POINT('',#12612);
#4242=VERTEX_POINT('',#12613);
#4243=VERTEX_POINT('',#12615);
#4244=VERTEX_POINT('',#12617);
#4245=VERTEX_POINT('',#12621);
#4246=VERTEX_POINT('',#12623);
#4247=VERTEX_POINT('',#12627);
#4248=VERTEX_POINT('',#12629);
#4249=VERTEX_POINT('',#12633);
#4250=VERTEX_POINT('',#12635);
#4251=VERTEX_POINT('',#12639);
#4252=VERTEX_POINT('',#12641);
#4253=VERTEX_POINT('',#12648);
#4254=VERTEX_POINT('',#12649);
#4255=VERTEX_POINT('',#12651);
#4256=VERTEX_POINT('',#12653);
#4257=VERTEX_POINT('',#12657);
#4258=VERTEX_POINT('',#12659);
#4259=VERTEX_POINT('',#12663);
#4260=VERTEX_POINT('',#12665);
#4261=VERTEX_POINT('',#12669);
#4262=VERTEX_POINT('',#12671);
#4263=VERTEX_POINT('',#12675);
#4264=VERTEX_POINT('',#12677);
#4265=VERTEX_POINT('',#12684);
#4266=VERTEX_POINT('',#12685);
#4267=VERTEX_POINT('',#12687);
#4268=VERTEX_POINT('',#12689);
#4269=VERTEX_POINT('',#12693);
#4270=VERTEX_POINT('',#12694);
#4271=VERTEX_POINT('',#12696);
#4272=VERTEX_POINT('',#12698);
#4273=VERTEX_POINT('',#12702);
#4274=VERTEX_POINT('',#12704);
#4275=VERTEX_POINT('',#12708);
#4276=VERTEX_POINT('',#12710);
#4277=VERTEX_POINT('',#12717);
#4278=VERTEX_POINT('',#12718);
#4279=VERTEX_POINT('',#12720);
#4280=VERTEX_POINT('',#12722);
#4281=VERTEX_POINT('',#12726);
#4282=VERTEX_POINT('',#12727);
#4283=VERTEX_POINT('',#12729);
#4284=VERTEX_POINT('',#12731);
#4285=VERTEX_POINT('',#12735);
#4286=VERTEX_POINT('',#12737);
#4287=VERTEX_POINT('',#12741);
#4288=VERTEX_POINT('',#12742);
#4289=VERTEX_POINT('',#12747);
#4290=VERTEX_POINT('',#12748);
#4291=VERTEX_POINT('',#12750);
#4292=VERTEX_POINT('',#12752);
#4293=VERTEX_POINT('',#12756);
#4294=VERTEX_POINT('',#12758);
#4295=VERTEX_POINT('',#12762);
#4296=VERTEX_POINT('',#12764);
#4297=VERTEX_POINT('',#12768);
#4298=VERTEX_POINT('',#12770);
#4299=VERTEX_POINT('',#12774);
#4300=VERTEX_POINT('',#12776);
#4301=VERTEX_POINT('',#12783);
#4302=VERTEX_POINT('',#12784);
#4303=VERTEX_POINT('',#12786);
#4304=VERTEX_POINT('',#12788);
#4305=VERTEX_POINT('',#12792);
#4306=VERTEX_POINT('',#12794);
#4307=VERTEX_POINT('',#12798);
#4308=VERTEX_POINT('',#12800);
#4309=VERTEX_POINT('',#12804);
#4310=VERTEX_POINT('',#12806);
#4311=VERTEX_POINT('',#12810);
#4312=VERTEX_POINT('',#12812);
#4313=VERTEX_POINT('',#12819);
#4314=VERTEX_POINT('',#12820);
#4315=VERTEX_POINT('',#12822);
#4316=VERTEX_POINT('',#12824);
#4317=VERTEX_POINT('',#12828);
#4318=VERTEX_POINT('',#12830);
#4319=VERTEX_POINT('',#12834);
#4320=VERTEX_POINT('',#12836);
#4321=VERTEX_POINT('',#12840);
#4322=VERTEX_POINT('',#12842);
#4323=VERTEX_POINT('',#12846);
#4324=VERTEX_POINT('',#12848);
#4325=VERTEX_POINT('',#12855);
#4326=VERTEX_POINT('',#12856);
#4327=VERTEX_POINT('',#12858);
#4328=VERTEX_POINT('',#12860);
#4329=VERTEX_POINT('',#12864);
#4330=VERTEX_POINT('',#12866);
#4331=VERTEX_POINT('',#12870);
#4332=VERTEX_POINT('',#12872);
#4333=VERTEX_POINT('',#12876);
#4334=VERTEX_POINT('',#12878);
#4335=VERTEX_POINT('',#12882);
#4336=VERTEX_POINT('',#12884);
#4337=VERTEX_POINT('',#12888);
#4338=VERTEX_POINT('',#12889);
#4339=VERTEX_POINT('',#12894);
#4340=VERTEX_POINT('',#12895);
#4341=VERTEX_POINT('',#12897);
#4342=VERTEX_POINT('',#12899);
#4343=VERTEX_POINT('',#12903);
#4344=VERTEX_POINT('',#12905);
#4345=VERTEX_POINT('',#12909);
#4346=VERTEX_POINT('',#12911);
#4347=VERTEX_POINT('',#12915);
#4348=VERTEX_POINT('',#12916);
#4349=VERTEX_POINT('',#12921);
#4350=VERTEX_POINT('',#12922);
#4351=VERTEX_POINT('',#12927);
#4352=VERTEX_POINT('',#12928);
#4353=VERTEX_POINT('',#12930);
#4354=VERTEX_POINT('',#12932);
#4355=VERTEX_POINT('',#12936);
#4356=VERTEX_POINT('',#12938);
#4357=VERTEX_POINT('',#12942);
#4358=VERTEX_POINT('',#12944);
#4359=VERTEX_POINT('',#12948);
#4360=VERTEX_POINT('',#12950);
#4361=VERTEX_POINT('',#12954);
#4362=VERTEX_POINT('',#12956);
#4363=VERTEX_POINT('',#12963);
#4364=VERTEX_POINT('',#12964);
#4365=VERTEX_POINT('',#12966);
#4366=VERTEX_POINT('',#12968);
#4367=VERTEX_POINT('',#12972);
#4368=VERTEX_POINT('',#12974);
#4369=VERTEX_POINT('',#12978);
#4370=VERTEX_POINT('',#12980);
#4371=VERTEX_POINT('',#12984);
#4372=VERTEX_POINT('',#12986);
#4373=VERTEX_POINT('',#12990);
#4374=VERTEX_POINT('',#12992);
#4375=VERTEX_POINT('',#12999);
#4376=VERTEX_POINT('',#13000);
#4377=VERTEX_POINT('',#13002);
#4378=VERTEX_POINT('',#13004);
#4379=VERTEX_POINT('',#13008);
#4380=VERTEX_POINT('',#13010);
#4381=VERTEX_POINT('',#13014);
#4382=VERTEX_POINT('',#13016);
#4383=VERTEX_POINT('',#13020);
#4384=VERTEX_POINT('',#13022);
#4385=VERTEX_POINT('',#13026);
#4386=VERTEX_POINT('',#13028);
#4387=VERTEX_POINT('',#13035);
#4388=VERTEX_POINT('',#13036);
#4389=VERTEX_POINT('',#13038);
#4390=VERTEX_POINT('',#13040);
#4391=VERTEX_POINT('',#13044);
#4392=VERTEX_POINT('',#13046);
#4393=VERTEX_POINT('',#13050);
#4394=VERTEX_POINT('',#13051);
#4395=VERTEX_POINT('',#13056);
#4396=VERTEX_POINT('',#13057);
#4397=VERTEX_POINT('',#13059);
#4398=VERTEX_POINT('',#13061);
#4399=VERTEX_POINT('',#13065);
#4400=VERTEX_POINT('',#13067);
#4401=VERTEX_POINT('',#13071);
#4402=VERTEX_POINT('',#13072);
#4403=VERTEX_POINT('',#13077);
#4404=VERTEX_POINT('',#13078);
#4405=VERTEX_POINT('',#13080);
#4406=VERTEX_POINT('',#13082);
#4407=VERTEX_POINT('',#13086);
#4408=VERTEX_POINT('',#13088);
#4409=VERTEX_POINT('',#13092);
#4410=VERTEX_POINT('',#13094);
#4411=VERTEX_POINT('',#13098);
#4412=VERTEX_POINT('',#13100);
#4413=VERTEX_POINT('',#13104);
#4414=VERTEX_POINT('',#13106);
#4415=VERTEX_POINT('',#13113);
#4416=VERTEX_POINT('',#13114);
#4417=VERTEX_POINT('',#13116);
#4418=VERTEX_POINT('',#13118);
#4419=VERTEX_POINT('',#13122);
#4420=VERTEX_POINT('',#13124);
#4421=VERTEX_POINT('',#13128);
#4422=VERTEX_POINT('',#13130);
#4423=VERTEX_POINT('',#13134);
#4424=VERTEX_POINT('',#13136);
#4425=VERTEX_POINT('',#13140);
#4426=VERTEX_POINT('',#13142);
#4427=VERTEX_POINT('',#13149);
#4428=VERTEX_POINT('',#13150);
#4429=VERTEX_POINT('',#13152);
#4430=VERTEX_POINT('',#13154);
#4431=VERTEX_POINT('',#13158);
#4432=VERTEX_POINT('',#13160);
#4433=VERTEX_POINT('',#13164);
#4434=VERTEX_POINT('',#13166);
#4435=VERTEX_POINT('',#13170);
#4436=VERTEX_POINT('',#13172);
#4437=VERTEX_POINT('',#13176);
#4438=VERTEX_POINT('',#13178);
#4439=VERTEX_POINT('',#13185);
#4440=VERTEX_POINT('',#13186);
#4441=VERTEX_POINT('',#13188);
#4442=VERTEX_POINT('',#13190);
#4443=VERTEX_POINT('',#13194);
#4444=VERTEX_POINT('',#13196);
#4445=VERTEX_POINT('',#13200);
#4446=VERTEX_POINT('',#13202);
#4447=VERTEX_POINT('',#13206);
#4448=VERTEX_POINT('',#13208);
#4449=VERTEX_POINT('',#13212);
#4450=VERTEX_POINT('',#13214);
#4451=VERTEX_POINT('',#13221);
#4452=VERTEX_POINT('',#13222);
#4453=VERTEX_POINT('',#13224);
#4454=VERTEX_POINT('',#13226);
#4455=VERTEX_POINT('',#13230);
#4456=VERTEX_POINT('',#13232);
#4457=VERTEX_POINT('',#13236);
#4458=VERTEX_POINT('',#13238);
#4459=VERTEX_POINT('',#13242);
#4460=VERTEX_POINT('',#13243);
#4461=VERTEX_POINT('',#13248);
#4462=VERTEX_POINT('',#13249);
#4463=VERTEX_POINT('',#13254);
#4464=VERTEX_POINT('',#13255);
#4465=VERTEX_POINT('',#13257);
#4466=VERTEX_POINT('',#13259);
#4467=VERTEX_POINT('',#13263);
#4468=VERTEX_POINT('',#13265);
#4469=VERTEX_POINT('',#13269);
#4470=VERTEX_POINT('',#13271);
#4471=VERTEX_POINT('',#13275);
#4472=VERTEX_POINT('',#13277);
#4473=VERTEX_POINT('',#13281);
#4474=VERTEX_POINT('',#13283);
#4475=VERTEX_POINT('',#13290);
#4476=VERTEX_POINT('',#13291);
#4477=VERTEX_POINT('',#13293);
#4478=VERTEX_POINT('',#13295);
#4479=VERTEX_POINT('',#13299);
#4480=VERTEX_POINT('',#13301);
#4481=VERTEX_POINT('',#13305);
#4482=VERTEX_POINT('',#13307);
#4483=VERTEX_POINT('',#13311);
#4484=VERTEX_POINT('',#13313);
#4485=VERTEX_POINT('',#13317);
#4486=VERTEX_POINT('',#13319);
#4487=VERTEX_POINT('',#13326);
#4488=VERTEX_POINT('',#13327);
#4489=VERTEX_POINT('',#13329);
#4490=VERTEX_POINT('',#13331);
#4491=VERTEX_POINT('',#13335);
#4492=VERTEX_POINT('',#13337);
#4493=VERTEX_POINT('',#13341);
#4494=VERTEX_POINT('',#13343);
#4495=VERTEX_POINT('',#13347);
#4496=VERTEX_POINT('',#13349);
#4497=VERTEX_POINT('',#13353);
#4498=VERTEX_POINT('',#13355);
#4499=VERTEX_POINT('',#13362);
#4500=VERTEX_POINT('',#13363);
#4501=VERTEX_POINT('',#13365);
#4502=VERTEX_POINT('',#13367);
#4503=VERTEX_POINT('',#13371);
#4504=VERTEX_POINT('',#13373);
#4505=VERTEX_POINT('',#13377);
#4506=VERTEX_POINT('',#13378);
#4507=VERTEX_POINT('',#13383);
#4508=VERTEX_POINT('',#13384);
#4509=VERTEX_POINT('',#13386);
#4510=VERTEX_POINT('',#13388);
#4511=VERTEX_POINT('',#13392);
#4512=VERTEX_POINT('',#13394);
#4513=VERTEX_POINT('',#13398);
#4514=VERTEX_POINT('',#13399);
#4515=VERTEX_POINT('',#13404);
#4516=VERTEX_POINT('',#13405);
#4517=VERTEX_POINT('',#13407);
#4518=VERTEX_POINT('',#13409);
#4519=VERTEX_POINT('',#13413);
#4520=VERTEX_POINT('',#13415);
#4521=VERTEX_POINT('',#13419);
#4522=VERTEX_POINT('',#13421);
#4523=VERTEX_POINT('',#13425);
#4524=VERTEX_POINT('',#13427);
#4525=VERTEX_POINT('',#13431);
#4526=VERTEX_POINT('',#13433);
#4527=VERTEX_POINT('',#13440);
#4528=VERTEX_POINT('',#13441);
#4529=VERTEX_POINT('',#13443);
#4530=VERTEX_POINT('',#13445);
#4531=VERTEX_POINT('',#13449);
#4532=VERTEX_POINT('',#13451);
#4533=VERTEX_POINT('',#13455);
#4534=VERTEX_POINT('',#13457);
#4535=VERTEX_POINT('',#13461);
#4536=VERTEX_POINT('',#13463);
#4537=VERTEX_POINT('',#13467);
#4538=VERTEX_POINT('',#13469);
#4539=VERTEX_POINT('',#13476);
#4540=VERTEX_POINT('',#13477);
#4541=VERTEX_POINT('',#13479);
#4542=VERTEX_POINT('',#13481);
#4543=VERTEX_POINT('',#13485);
#4544=VERTEX_POINT('',#13487);
#4545=VERTEX_POINT('',#13491);
#4546=VERTEX_POINT('',#13493);
#4547=VERTEX_POINT('',#13497);
#4548=VERTEX_POINT('',#13499);
#4549=VERTEX_POINT('',#13503);
#4550=VERTEX_POINT('',#13505);
#4551=VERTEX_POINT('',#13512);
#4552=VERTEX_POINT('',#13513);
#4553=VERTEX_POINT('',#13515);
#4554=VERTEX_POINT('',#13517);
#4555=VERTEX_POINT('',#13521);
#4556=VERTEX_POINT('',#13522);
#4557=VERTEX_POINT('',#13527);
#4558=VERTEX_POINT('',#13528);
#4559=VERTEX_POINT('',#13530);
#4560=VERTEX_POINT('',#13532);
#4561=VERTEX_POINT('',#13536);
#4562=VERTEX_POINT('',#13538);
#4563=VERTEX_POINT('',#13545);
#4564=VERTEX_POINT('',#13546);
#4565=VERTEX_POINT('',#13548);
#4566=VERTEX_POINT('',#13550);
#4567=VERTEX_POINT('',#13554);
#4568=VERTEX_POINT('',#13556);
#4569=VERTEX_POINT('',#13560);
#4570=VERTEX_POINT('',#13562);
#4571=VERTEX_POINT('',#13566);
#4572=VERTEX_POINT('',#13567);
#4573=VERTEX_POINT('',#13572);
#4574=VERTEX_POINT('',#13573);
#4575=VERTEX_POINT('',#13578);
#4576=VERTEX_POINT('',#13579);
#4577=VERTEX_POINT('',#13581);
#4578=VERTEX_POINT('',#13583);
#4579=VERTEX_POINT('',#13587);
#4580=VERTEX_POINT('',#13589);
#4581=VERTEX_POINT('',#13593);
#4582=VERTEX_POINT('',#13595);
#4583=VERTEX_POINT('',#13599);
#4584=VERTEX_POINT('',#13601);
#4585=VERTEX_POINT('',#13605);
#4586=VERTEX_POINT('',#13607);
#4587=VERTEX_POINT('',#13614);
#4588=VERTEX_POINT('',#13615);
#4589=VERTEX_POINT('',#13617);
#4590=VERTEX_POINT('',#13619);
#4591=VERTEX_POINT('',#13623);
#4592=VERTEX_POINT('',#13625);
#4593=VERTEX_POINT('',#13629);
#4594=VERTEX_POINT('',#13631);
#4595=VERTEX_POINT('',#13635);
#4596=VERTEX_POINT('',#13637);
#4597=VERTEX_POINT('',#13641);
#4598=VERTEX_POINT('',#13643);
#4599=VERTEX_POINT('',#13650);
#4600=VERTEX_POINT('',#13651);
#4601=VERTEX_POINT('',#13653);
#4602=VERTEX_POINT('',#13655);
#4603=VERTEX_POINT('',#13659);
#4604=VERTEX_POINT('',#13660);
#4605=VERTEX_POINT('',#13662);
#4606=VERTEX_POINT('',#13664);
#4607=VERTEX_POINT('',#13668);
#4608=VERTEX_POINT('',#13670);
#4609=VERTEX_POINT('',#13674);
#4610=VERTEX_POINT('',#13676);
#4611=VERTEX_POINT('',#13680);
#4612=VERTEX_POINT('',#13682);
#4613=VERTEX_POINT('',#13689);
#4614=VERTEX_POINT('',#13690);
#4615=VERTEX_POINT('',#13692);
#4616=VERTEX_POINT('',#13694);
#4617=VERTEX_POINT('',#13698);
#4618=VERTEX_POINT('',#13700);
#4619=VERTEX_POINT('',#13704);
#4620=VERTEX_POINT('',#13705);
#4621=VERTEX_POINT('',#13710);
#4622=VERTEX_POINT('',#13711);
#4623=VERTEX_POINT('',#13713);
#4624=VERTEX_POINT('',#13715);
#4625=VERTEX_POINT('',#13719);
#4626=VERTEX_POINT('',#13721);
#4627=VERTEX_POINT('',#13725);
#4628=VERTEX_POINT('',#13727);
#4629=VERTEX_POINT('',#13731);
#4630=VERTEX_POINT('',#13733);
#4631=VERTEX_POINT('',#13737);
#4632=VERTEX_POINT('',#13739);
#4633=VERTEX_POINT('',#13746);
#4634=VERTEX_POINT('',#13747);
#4635=VERTEX_POINT('',#13749);
#4636=VERTEX_POINT('',#13751);
#4637=VERTEX_POINT('',#13755);
#4638=VERTEX_POINT('',#13757);
#4639=VERTEX_POINT('',#13761);
#4640=VERTEX_POINT('',#13763);
#4641=VERTEX_POINT('',#13767);
#4642=VERTEX_POINT('',#13769);
#4643=VERTEX_POINT('',#13773);
#4644=VERTEX_POINT('',#13775);
#4645=VERTEX_POINT('',#13782);
#4646=VERTEX_POINT('',#13783);
#4647=VERTEX_POINT('',#13785);
#4648=VERTEX_POINT('',#13787);
#4649=VERTEX_POINT('',#13791);
#4650=VERTEX_POINT('',#13792);
#4651=VERTEX_POINT('',#13794);
#4652=VERTEX_POINT('',#13796);
#4653=VERTEX_POINT('',#13800);
#4654=VERTEX_POINT('',#13802);
#4655=VERTEX_POINT('',#13809);
#4656=VERTEX_POINT('',#13810);
#4657=VERTEX_POINT('',#13812);
#4658=VERTEX_POINT('',#13814);
#4659=VERTEX_POINT('',#13818);
#4660=VERTEX_POINT('',#13820);
#4661=VERTEX_POINT('',#13824);
#4662=VERTEX_POINT('',#13826);
#4663=VERTEX_POINT('',#13830);
#4664=VERTEX_POINT('',#13831);
#4665=VERTEX_POINT('',#13836);
#4666=VERTEX_POINT('',#13837);
#4667=VERTEX_POINT('',#13842);
#4668=VERTEX_POINT('',#13843);
#4669=VERTEX_POINT('',#13845);
#4670=VERTEX_POINT('',#13847);
#4671=VERTEX_POINT('',#13851);
#4672=VERTEX_POINT('',#13853);
#4673=VERTEX_POINT('',#13857);
#4674=VERTEX_POINT('',#13859);
#4675=VERTEX_POINT('',#13863);
#4676=VERTEX_POINT('',#13865);
#4677=VERTEX_POINT('',#13869);
#4678=VERTEX_POINT('',#13871);
#4679=VERTEX_POINT('',#13878);
#4680=VERTEX_POINT('',#13879);
#4681=VERTEX_POINT('',#13881);
#4682=VERTEX_POINT('',#13883);
#4683=VERTEX_POINT('',#13887);
#4684=VERTEX_POINT('',#13889);
#4685=VERTEX_POINT('',#13893);
#4686=VERTEX_POINT('',#13895);
#4687=VERTEX_POINT('',#13899);
#4688=VERTEX_POINT('',#13901);
#4689=VERTEX_POINT('',#13905);
#4690=VERTEX_POINT('',#13907);
#4691=VERTEX_POINT('',#13914);
#4692=VERTEX_POINT('',#13915);
#4693=VERTEX_POINT('',#13917);
#4694=VERTEX_POINT('',#13919);
#4695=VERTEX_POINT('',#13923);
#4696=VERTEX_POINT('',#13924);
#4697=VERTEX_POINT('',#13926);
#4698=VERTEX_POINT('',#13928);
#4699=VERTEX_POINT('',#13932);
#4700=VERTEX_POINT('',#13934);
#4701=VERTEX_POINT('',#13941);
#4702=VERTEX_POINT('',#13942);
#4703=VERTEX_POINT('',#13944);
#4704=VERTEX_POINT('',#13946);
#4705=VERTEX_POINT('',#13950);
#4706=VERTEX_POINT('',#13952);
#4707=VERTEX_POINT('',#13956);
#4708=VERTEX_POINT('',#13957);
#4709=VERTEX_POINT('',#13962);
#4710=VERTEX_POINT('',#13963);
#4711=VERTEX_POINT('',#13965);
#4712=VERTEX_POINT('',#13967);
#4713=VERTEX_POINT('',#13971);
#4714=VERTEX_POINT('',#13973);
#4715=VERTEX_POINT('',#13977);
#4716=VERTEX_POINT('',#13979);
#4717=VERTEX_POINT('',#13983);
#4718=VERTEX_POINT('',#13985);
#4719=VERTEX_POINT('',#13989);
#4720=VERTEX_POINT('',#13991);
#4721=VERTEX_POINT('',#13998);
#4722=VERTEX_POINT('',#13999);
#4723=VERTEX_POINT('',#14001);
#4724=VERTEX_POINT('',#14003);
#4725=VERTEX_POINT('',#14007);
#4726=VERTEX_POINT('',#14009);
#4727=VERTEX_POINT('',#14013);
#4728=VERTEX_POINT('',#14015);
#4729=VERTEX_POINT('',#14019);
#4730=VERTEX_POINT('',#14021);
#4731=VERTEX_POINT('',#14025);
#4732=VERTEX_POINT('',#14027);
#4733=VERTEX_POINT('',#14034);
#4734=VERTEX_POINT('',#14035);
#4735=VERTEX_POINT('',#14037);
#4736=VERTEX_POINT('',#14039);
#4737=VERTEX_POINT('',#14043);
#4738=VERTEX_POINT('',#14044);
#4739=VERTEX_POINT('',#14046);
#4740=VERTEX_POINT('',#14048);
#4741=VERTEX_POINT('',#14052);
#4742=VERTEX_POINT('',#14054);
#4743=VERTEX_POINT('',#14061);
#4744=VERTEX_POINT('',#14062);
#4745=VERTEX_POINT('',#14064);
#4746=VERTEX_POINT('',#14066);
#4747=VERTEX_POINT('',#14070);
#4748=VERTEX_POINT('',#14072);
#4749=VERTEX_POINT('',#14076);
#4750=VERTEX_POINT('',#14077);
#4751=VERTEX_POINT('',#14082);
#4752=VERTEX_POINT('',#14083);
#4753=VERTEX_POINT('',#14088);
#4754=VERTEX_POINT('',#14089);
#4755=VERTEX_POINT('',#14091);
#4756=VERTEX_POINT('',#14093);
#4757=VERTEX_POINT('',#14097);
#4758=VERTEX_POINT('',#14099);
#4759=VERTEX_POINT('',#14103);
#4760=VERTEX_POINT('',#14105);
#4761=VERTEX_POINT('',#14109);
#4762=VERTEX_POINT('',#14111);
#4763=VERTEX_POINT('',#14115);
#4764=VERTEX_POINT('',#14117);
#4765=VERTEX_POINT('',#14124);
#4766=VERTEX_POINT('',#14125);
#4767=VERTEX_POINT('',#14127);
#4768=VERTEX_POINT('',#14129);
#4769=VERTEX_POINT('',#14133);
#4770=VERTEX_POINT('',#14134);
#4771=VERTEX_POINT('',#14136);
#4772=VERTEX_POINT('',#14138);
#4773=VERTEX_POINT('',#14142);
#4774=VERTEX_POINT('',#14144);
#4775=VERTEX_POINT('',#14151);
#4776=VERTEX_POINT('',#14152);
#4777=VERTEX_POINT('',#14154);
#4778=VERTEX_POINT('',#14156);
#4779=VERTEX_POINT('',#14160);
#4780=VERTEX_POINT('',#14162);
#4781=VERTEX_POINT('',#14166);
#4782=VERTEX_POINT('',#14167);
#4783=VERTEX_POINT('',#14172);
#4784=VERTEX_POINT('',#14173);
#4785=VERTEX_POINT('',#14178);
#4786=VERTEX_POINT('',#14179);
#4787=VERTEX_POINT('',#14181);
#4788=VERTEX_POINT('',#14183);
#4789=VERTEX_POINT('',#14187);
#4790=VERTEX_POINT('',#14188);
#4791=VERTEX_POINT('',#14190);
#4792=VERTEX_POINT('',#14192);
#4793=VERTEX_POINT('',#14196);
#4794=VERTEX_POINT('',#14198);
#4795=VERTEX_POINT('',#14205);
#4796=VERTEX_POINT('',#14206);
#4797=VERTEX_POINT('',#14208);
#4798=VERTEX_POINT('',#14210);
#4799=VERTEX_POINT('',#14214);
#4800=VERTEX_POINT('',#14215);
#4801=VERTEX_POINT('',#14244);
#4802=VERTEX_POINT('',#14246);
#4803=VERTEX_POINT('',#14253);
#4804=VERTEX_POINT('',#14255);
#4805=VERTEX_POINT('',#14329);
#4806=VERTEX_POINT('',#14330);
#4807=VERTEX_POINT('',#14332);
#4808=VERTEX_POINT('',#14334);
#4809=VERTEX_POINT('',#14336);
#4810=VERTEX_POINT('',#14338);
#4811=VERTEX_POINT('',#14342);
#4812=VERTEX_POINT('',#14344);
#4813=VERTEX_POINT('',#14348);
#4814=VERTEX_POINT('',#14352);
#4815=VERTEX_POINT('',#14356);
#4816=VERTEX_POINT('',#14360);
#4817=VERTEX_POINT('',#14381);
#4818=VERTEX_POINT('',#14382);
#4819=VERTEX_POINT('',#14384);
#4820=VERTEX_POINT('',#14388);
#4821=VERTEX_POINT('',#14389);
#4822=VERTEX_POINT('',#14391);
#4823=EDGE_CURVE('',#3969,#3969,#3919,.T.);
#4824=EDGE_CURVE('',#3969,#3970,#1457,.T.);
#4825=EDGE_CURVE('',#3970,#3970,#3920,.T.);
#4826=EDGE_CURVE('',#3971,#3971,#3921,.T.);
#4827=EDGE_CURVE('',#3971,#3972,#1458,.T.);
#4828=EDGE_CURVE('',#3972,#3972,#3922,.T.);
#4829=EDGE_CURVE('',#3973,#3974,#3923,.T.);
#4830=EDGE_CURVE('',#3973,#3975,#1459,.T.);
#4831=EDGE_CURVE('',#3975,#3976,#3924,.T.);
#4832=EDGE_CURVE('',#3974,#3976,#1460,.T.);
#4833=EDGE_CURVE('',#3977,#3978,#3925,.T.);
#4834=EDGE_CURVE('',#3977,#3979,#1461,.T.);
#4835=EDGE_CURVE('',#3979,#3980,#3926,.T.);
#4836=EDGE_CURVE('',#3978,#3980,#1462,.T.);
#4837=EDGE_CURVE('',#3981,#3977,#1463,.T.);
#4838=EDGE_CURVE('',#3981,#3982,#1464,.T.);
#4839=EDGE_CURVE('',#3982,#3979,#1465,.T.);
#4840=EDGE_CURVE('',#3983,#3981,#3927,.T.);
#4841=EDGE_CURVE('',#3983,#3984,#1466,.T.);
#4842=EDGE_CURVE('',#3984,#3982,#3928,.T.);
#4843=EDGE_CURVE('',#3985,#3983,#1467,.T.);
#4844=EDGE_CURVE('',#3985,#3986,#1468,.T.);
#4845=EDGE_CURVE('',#3986,#3984,#1469,.T.);
#4846=EDGE_CURVE('',#3987,#3985,#3929,.T.);
#4847=EDGE_CURVE('',#3987,#3988,#1470,.T.);
#4848=EDGE_CURVE('',#3988,#3986,#3930,.T.);
#4849=EDGE_CURVE('',#3989,#3990,#3931,.T.);
#4850=EDGE_CURVE('',#3989,#3991,#1471,.T.);
#4851=EDGE_CURVE('',#3991,#3992,#3932,.T.);
#4852=EDGE_CURVE('',#3990,#3992,#1472,.T.);
#4853=EDGE_CURVE('',#3993,#3989,#1473,.T.);
#4854=EDGE_CURVE('',#3993,#3994,#1474,.T.);
#4855=EDGE_CURVE('',#3994,#3991,#1475,.T.);
#4856=EDGE_CURVE('',#3974,#3993,#1476,.T.);
#4857=EDGE_CURVE('',#3976,#3994,#1477,.T.);
#4858=EDGE_CURVE('',#3995,#3995,#3933,.T.);
#4859=EDGE_CURVE('',#3995,#3996,#1478,.T.);
#4860=EDGE_CURVE('',#3996,#3996,#3934,.T.);
#4861=EDGE_CURVE('',#3997,#3997,#3935,.T.);
#4862=EDGE_CURVE('',#3997,#3998,#1479,.T.);
#4863=EDGE_CURVE('',#3998,#3998,#3936,.T.);
#4864=EDGE_CURVE('',#3999,#4000,#3937,.T.);
#4865=EDGE_CURVE('',#4000,#4001,#1480,.T.);
#4866=EDGE_CURVE('',#4002,#4001,#3938,.T.);
#4867=EDGE_CURVE('',#3999,#4002,#1481,.T.);
#4868=EDGE_CURVE('',#3999,#3973,#1482,.T.);
#4869=EDGE_CURVE('',#4002,#3975,#1483,.T.);
#4870=EDGE_CURVE('',#4003,#3978,#1484,.T.);
#4871=EDGE_CURVE('',#4004,#3980,#1485,.T.);
#4872=EDGE_CURVE('',#4003,#4004,#1486,.T.);
#4873=EDGE_CURVE('',#4005,#4003,#3939,.T.);
#4874=EDGE_CURVE('',#4006,#4004,#3940,.T.);
#4875=EDGE_CURVE('',#4005,#4006,#1487,.T.);
#4876=EDGE_CURVE('',#4007,#4005,#1488,.T.);
#4877=EDGE_CURVE('',#4008,#4006,#1489,.T.);
#4878=EDGE_CURVE('',#4007,#4008,#1490,.T.);
#4879=EDGE_CURVE('',#4009,#4007,#3941,.T.);
#4880=EDGE_CURVE('',#4010,#4008,#3942,.T.);
#4881=EDGE_CURVE('',#4009,#4010,#1491,.T.);
#4882=EDGE_CURVE('',#4011,#4009,#1492,.T.);
#4883=EDGE_CURVE('',#4012,#4010,#1493,.T.);
#4884=EDGE_CURVE('',#4011,#4012,#1494,.T.);
#4885=EDGE_CURVE('',#4013,#4011,#3943,.T.);
#4886=EDGE_CURVE('',#4014,#4012,#3944,.T.);
#4887=EDGE_CURVE('',#4013,#4014,#1495,.T.);
#4888=EDGE_CURVE('',#4013,#3987,#1496,.T.);
#4889=EDGE_CURVE('',#4014,#3988,#1497,.T.);
#4890=EDGE_CURVE('',#4015,#3990,#1498,.T.);
#4891=EDGE_CURVE('',#4016,#3992,#1499,.T.);
#4892=EDGE_CURVE('',#4015,#4016,#1500,.T.);
#4893=EDGE_CURVE('',#4017,#4015,#3945,.T.);
#4894=EDGE_CURVE('',#4018,#4016,#3946,.T.);
#4895=EDGE_CURVE('',#4017,#4018,#1501,.T.);
#4896=EDGE_CURVE('',#4019,#4017,#1502,.T.);
#4897=EDGE_CURVE('',#4020,#4018,#1503,.T.);
#4898=EDGE_CURVE('',#4019,#4020,#1504,.T.);
#4899=EDGE_CURVE('',#4000,#4019,#1505,.T.);
#4900=EDGE_CURVE('',#4001,#4020,#1506,.T.);
#4901=EDGE_CURVE('',#4021,#4022,#1507,.T.);
#4902=EDGE_CURVE('',#4023,#4021,#1508,.T.);
#4903=EDGE_CURVE('',#4023,#4024,#1509,.T.);
#4904=EDGE_CURVE('',#4022,#4024,#1510,.T.);
#4905=EDGE_CURVE('',#4025,#4026,#1511,.T.);
#4906=EDGE_CURVE('',#4024,#4025,#1512,.T.);
#4907=EDGE_CURVE('',#4026,#4023,#1513,.T.);
#4908=EDGE_CURVE('',#4027,#4028,#1514,.T.);
#4909=EDGE_CURVE('',#4029,#4027,#1515,.T.);
#4910=EDGE_CURVE('',#4029,#4030,#1516,.T.);
#4911=EDGE_CURVE('',#4028,#4030,#1517,.T.);
#4912=EDGE_CURVE('',#4031,#4032,#1518,.T.);
#4913=EDGE_CURVE('',#4030,#4031,#1519,.T.);
#4914=EDGE_CURVE('',#4032,#4029,#1520,.T.);
#4915=EDGE_CURVE('',#4033,#4034,#1521,.T.);
#4916=EDGE_CURVE('',#4035,#4033,#1522,.T.);
#4917=EDGE_CURVE('',#4035,#4036,#1523,.T.);
#4918=EDGE_CURVE('',#4034,#4036,#1524,.T.);
#4919=EDGE_CURVE('',#4036,#4037,#1525,.T.);
#4920=EDGE_CURVE('',#4038,#4035,#1526,.T.);
#4921=EDGE_CURVE('',#4038,#4037,#1527,.T.);
#4922=EDGE_CURVE('',#4037,#4039,#1528,.T.);
#4923=EDGE_CURVE('',#4040,#4038,#1529,.T.);
#4924=EDGE_CURVE('',#4040,#4039,#1530,.T.);
#4925=EDGE_CURVE('',#4039,#4041,#1531,.T.);
#4926=EDGE_CURVE('',#4042,#4040,#1532,.T.);
#4927=EDGE_CURVE('',#4042,#4041,#1533,.T.);
#4928=EDGE_CURVE('',#4043,#4044,#1534,.T.);
#4929=EDGE_CURVE('',#4041,#4043,#1535,.T.);
#4930=EDGE_CURVE('',#4044,#4042,#1536,.T.);
#4931=EDGE_CURVE('',#4045,#4046,#1537,.T.);
#4932=EDGE_CURVE('',#4047,#4045,#1538,.T.);
#4933=EDGE_CURVE('',#4047,#4048,#1539,.T.);
#4934=EDGE_CURVE('',#4046,#4048,#1540,.T.);
#4935=EDGE_CURVE('',#4048,#4049,#1541,.T.);
#4936=EDGE_CURVE('',#4050,#4047,#1542,.T.);
#4937=EDGE_CURVE('',#4050,#4049,#1543,.T.);
#4938=EDGE_CURVE('',#4049,#4051,#1544,.T.);
#4939=EDGE_CURVE('',#4052,#4050,#1545,.T.);
#4940=EDGE_CURVE('',#4052,#4051,#1546,.T.);
#4941=EDGE_CURVE('',#4053,#4054,#1547,.T.);
#4942=EDGE_CURVE('',#4051,#4053,#1548,.T.);
#4943=EDGE_CURVE('',#4054,#4052,#1549,.T.);
#4944=EDGE_CURVE('',#4055,#4056,#1550,.T.);
#4945=EDGE_CURVE('',#4057,#4055,#1551,.T.);
#4946=EDGE_CURVE('',#4058,#4057,#1552,.T.);
#4947=EDGE_CURVE('',#4058,#4056,#1553,.T.);
#4948=EDGE_CURVE('',#4056,#4059,#1554,.T.);
#4949=EDGE_CURVE('',#4060,#4058,#1555,.T.);
#4950=EDGE_CURVE('',#4060,#4059,#1556,.T.);
#4951=EDGE_CURVE('',#4059,#4061,#1557,.T.);
#4952=EDGE_CURVE('',#4062,#4060,#1558,.T.);
#4953=EDGE_CURVE('',#4062,#4061,#1559,.T.);
#4954=EDGE_CURVE('',#4063,#4064,#1560,.T.);
#4955=EDGE_CURVE('',#4061,#4063,#1561,.T.);
#4956=EDGE_CURVE('',#4064,#4062,#1562,.T.);
#4957=EDGE_CURVE('',#4065,#4066,#1563,.T.);
#4958=EDGE_CURVE('',#4057,#4065,#1564,.T.);
#4959=EDGE_CURVE('',#4066,#4055,#1565,.T.);
#4960=EDGE_CURVE('',#4067,#4068,#1566,.T.);
#4961=EDGE_CURVE('',#4069,#4067,#1567,.T.);
#4962=EDGE_CURVE('',#4070,#4069,#1568,.T.);
#4963=EDGE_CURVE('',#4070,#4068,#1569,.T.);
#4964=EDGE_CURVE('',#4068,#4071,#1570,.T.);
#4965=EDGE_CURVE('',#4072,#4070,#1571,.T.);
#4966=EDGE_CURVE('',#4072,#4071,#1572,.T.);
#4967=EDGE_CURVE('',#4071,#4073,#1573,.T.);
#4968=EDGE_CURVE('',#4074,#4072,#1574,.T.);
#4969=EDGE_CURVE('',#4074,#4073,#1575,.T.);
#4970=EDGE_CURVE('',#4073,#4075,#1576,.T.);
#4971=EDGE_CURVE('',#4076,#4074,#1577,.T.);
#4972=EDGE_CURVE('',#4076,#4075,#1578,.T.);
#4973=EDGE_CURVE('',#4075,#4077,#1579,.T.);
#4974=EDGE_CURVE('',#4078,#4076,#1580,.T.);
#4975=EDGE_CURVE('',#4078,#4077,#1581,.T.);
#4976=EDGE_CURVE('',#4077,#4067,#1582,.T.);
#4977=EDGE_CURVE('',#4069,#4078,#1583,.T.);
#4978=EDGE_CURVE('',#4079,#4080,#1584,.T.);
#4979=EDGE_CURVE('',#4081,#4079,#1585,.T.);
#4980=EDGE_CURVE('',#4081,#4082,#1586,.T.);
#4981=EDGE_CURVE('',#4080,#4082,#1587,.T.);
#4982=EDGE_CURVE('',#4082,#4083,#1588,.T.);
#4983=EDGE_CURVE('',#4084,#4081,#1589,.T.);
#4984=EDGE_CURVE('',#4084,#4083,#1590,.T.);
#4985=EDGE_CURVE('',#4083,#4085,#1591,.T.);
#4986=EDGE_CURVE('',#4086,#4084,#1592,.T.);
#4987=EDGE_CURVE('',#4086,#4085,#1593,.T.);
#4988=EDGE_CURVE('',#4087,#4088,#1594,.T.);
#4989=EDGE_CURVE('',#4085,#4087,#1595,.T.);
#4990=EDGE_CURVE('',#4088,#4086,#1596,.T.);
#4991=EDGE_CURVE('',#4089,#4090,#1597,.T.);
#4992=EDGE_CURVE('',#4091,#4089,#1598,.T.);
#4993=EDGE_CURVE('',#4091,#4092,#1599,.T.);
#4994=EDGE_CURVE('',#4090,#4092,#1600,.T.);
#4995=EDGE_CURVE('',#4092,#4093,#1601,.T.);
#4996=EDGE_CURVE('',#4094,#4091,#1602,.T.);
#4997=EDGE_CURVE('',#4094,#4093,#1603,.T.);
#4998=EDGE_CURVE('',#4095,#4096,#1604,.T.);
#4999=EDGE_CURVE('',#4093,#4095,#1605,.T.);
#5000=EDGE_CURVE('',#4096,#4094,#1606,.T.);
#5001=EDGE_CURVE('',#4097,#4098,#1607,.T.);
#5002=EDGE_CURVE('',#4099,#4097,#1608,.T.);
#5003=EDGE_CURVE('',#4100,#4099,#1609,.T.);
#5004=EDGE_CURVE('',#4100,#4098,#1610,.T.);
#5005=EDGE_CURVE('',#4098,#4101,#1611,.T.);
#5006=EDGE_CURVE('',#4102,#4100,#1612,.T.);
#5007=EDGE_CURVE('',#4102,#4101,#1613,.T.);
#5008=EDGE_CURVE('',#4101,#4103,#1614,.T.);
#5009=EDGE_CURVE('',#4104,#4102,#1615,.T.);
#5010=EDGE_CURVE('',#4104,#4103,#1616,.T.);
#5011=EDGE_CURVE('',#4103,#4105,#1617,.T.);
#5012=EDGE_CURVE('',#4106,#4104,#1618,.T.);
#5013=EDGE_CURVE('',#4106,#4105,#1619,.T.);
#5014=EDGE_CURVE('',#4105,#4107,#1620,.T.);
#5015=EDGE_CURVE('',#4108,#4106,#1621,.T.);
#5016=EDGE_CURVE('',#4108,#4107,#1622,.T.);
#5017=EDGE_CURVE('',#4107,#4097,#1623,.T.);
#5018=EDGE_CURVE('',#4099,#4108,#1624,.T.);
#5019=EDGE_CURVE('',#4109,#4110,#1625,.T.);
#5020=EDGE_CURVE('',#4111,#4109,#1626,.T.);
#5021=EDGE_CURVE('',#4112,#4111,#1627,.T.);
#5022=EDGE_CURVE('',#4112,#4110,#1628,.T.);
#5023=EDGE_CURVE('',#4110,#4113,#1629,.T.);
#5024=EDGE_CURVE('',#4114,#4112,#1630,.T.);
#5025=EDGE_CURVE('',#4114,#4113,#1631,.T.);
#5026=EDGE_CURVE('',#4113,#4115,#1632,.T.);
#5027=EDGE_CURVE('',#4116,#4114,#1633,.T.);
#5028=EDGE_CURVE('',#4116,#4115,#1634,.T.);
#5029=EDGE_CURVE('',#4115,#4117,#1635,.T.);
#5030=EDGE_CURVE('',#4118,#4116,#1636,.T.);
#5031=EDGE_CURVE('',#4118,#4117,#1637,.T.);
#5032=EDGE_CURVE('',#4117,#4119,#1638,.T.);
#5033=EDGE_CURVE('',#4120,#4118,#1639,.T.);
#5034=EDGE_CURVE('',#4120,#4119,#1640,.T.);
#5035=EDGE_CURVE('',#4119,#4109,#1641,.T.);
#5036=EDGE_CURVE('',#4111,#4120,#1642,.T.);
#5037=EDGE_CURVE('',#4121,#4122,#1643,.T.);
#5038=EDGE_CURVE('',#4123,#4121,#1644,.T.);
#5039=EDGE_CURVE('',#4123,#4124,#1645,.T.);
#5040=EDGE_CURVE('',#4122,#4124,#1646,.T.);
#5041=EDGE_CURVE('',#4124,#4125,#1647,.T.);
#5042=EDGE_CURVE('',#4126,#4123,#1648,.T.);
#5043=EDGE_CURVE('',#4126,#4125,#1649,.T.);
#5044=EDGE_CURVE('',#4125,#4127,#1650,.T.);
#5045=EDGE_CURVE('',#4128,#4126,#1651,.T.);
#5046=EDGE_CURVE('',#4128,#4127,#1652,.T.);
#5047=EDGE_CURVE('',#4129,#4130,#1653,.T.);
#5048=EDGE_CURVE('',#4127,#4129,#1654,.T.);
#5049=EDGE_CURVE('',#4130,#4128,#1655,.T.);
#5050=EDGE_CURVE('',#4131,#4132,#1656,.T.);
#5051=EDGE_CURVE('',#4133,#4131,#1657,.T.);
#5052=EDGE_CURVE('',#4134,#4133,#1658,.T.);
#5053=EDGE_CURVE('',#4134,#4132,#1659,.T.);
#5054=EDGE_CURVE('',#4132,#4135,#1660,.T.);
#5055=EDGE_CURVE('',#4136,#4134,#1661,.T.);
#5056=EDGE_CURVE('',#4136,#4135,#1662,.T.);
#5057=EDGE_CURVE('',#4135,#4137,#1663,.T.);
#5058=EDGE_CURVE('',#4138,#4136,#1664,.T.);
#5059=EDGE_CURVE('',#4138,#4137,#1665,.T.);
#5060=EDGE_CURVE('',#4139,#4140,#1666,.T.);
#5061=EDGE_CURVE('',#4137,#4139,#1667,.T.);
#5062=EDGE_CURVE('',#4140,#4138,#1668,.T.);
#5063=EDGE_CURVE('',#4141,#4142,#1669,.T.);
#5064=EDGE_CURVE('',#4133,#4141,#1670,.T.);
#5065=EDGE_CURVE('',#4142,#4131,#1671,.T.);
#5066=EDGE_CURVE('',#4143,#4144,#1672,.T.);
#5067=EDGE_CURVE('',#4145,#4143,#1673,.T.);
#5068=EDGE_CURVE('',#4146,#4145,#1674,.T.);
#5069=EDGE_CURVE('',#4146,#4144,#1675,.T.);
#5070=EDGE_CURVE('',#4144,#4147,#1676,.T.);
#5071=EDGE_CURVE('',#4148,#4146,#1677,.T.);
#5072=EDGE_CURVE('',#4148,#4147,#1678,.T.);
#5073=EDGE_CURVE('',#4147,#4149,#1679,.T.);
#5074=EDGE_CURVE('',#4150,#4148,#1680,.T.);
#5075=EDGE_CURVE('',#4150,#4149,#1681,.T.);
#5076=EDGE_CURVE('',#4149,#4151,#1682,.T.);
#5077=EDGE_CURVE('',#4152,#4150,#1683,.T.);
#5078=EDGE_CURVE('',#4152,#4151,#1684,.T.);
#5079=EDGE_CURVE('',#4151,#4153,#1685,.T.);
#5080=EDGE_CURVE('',#4154,#4152,#1686,.T.);
#5081=EDGE_CURVE('',#4154,#4153,#1687,.T.);
#5082=EDGE_CURVE('',#4153,#4143,#1688,.T.);
#5083=EDGE_CURVE('',#4145,#4154,#1689,.T.);
#5084=EDGE_CURVE('',#4155,#4156,#1690,.T.);
#5085=EDGE_CURVE('',#4157,#4155,#1691,.T.);
#5086=EDGE_CURVE('',#4158,#4157,#1692,.T.);
#5087=EDGE_CURVE('',#4158,#4156,#1693,.T.);
#5088=EDGE_CURVE('',#4156,#4159,#1694,.T.);
#5089=EDGE_CURVE('',#4160,#4158,#1695,.T.);
#5090=EDGE_CURVE('',#4160,#4159,#1696,.T.);
#5091=EDGE_CURVE('',#4159,#4161,#1697,.T.);
#5092=EDGE_CURVE('',#4162,#4160,#1698,.T.);
#5093=EDGE_CURVE('',#4162,#4161,#1699,.T.);
#5094=EDGE_CURVE('',#4161,#4163,#1700,.T.);
#5095=EDGE_CURVE('',#4164,#4162,#1701,.T.);
#5096=EDGE_CURVE('',#4164,#4163,#1702,.T.);
#5097=EDGE_CURVE('',#4163,#4165,#1703,.T.);
#5098=EDGE_CURVE('',#4166,#4164,#1704,.T.);
#5099=EDGE_CURVE('',#4166,#4165,#1705,.T.);
#5100=EDGE_CURVE('',#4165,#4155,#1706,.T.);
#5101=EDGE_CURVE('',#4157,#4166,#1707,.T.);
#5102=EDGE_CURVE('',#4167,#4168,#1708,.T.);
#5103=EDGE_CURVE('',#4169,#4167,#1709,.T.);
#5104=EDGE_CURVE('',#4169,#4170,#1710,.T.);
#5105=EDGE_CURVE('',#4168,#4170,#1711,.T.);
#5106=EDGE_CURVE('',#4170,#4171,#1712,.T.);
#5107=EDGE_CURVE('',#4172,#4169,#1713,.T.);
#5108=EDGE_CURVE('',#4172,#4171,#1714,.T.);
#5109=EDGE_CURVE('',#4171,#4173,#1715,.T.);
#5110=EDGE_CURVE('',#4174,#4172,#1716,.T.);
#5111=EDGE_CURVE('',#4174,#4173,#1717,.T.);
#5112=EDGE_CURVE('',#4175,#4176,#1718,.T.);
#5113=EDGE_CURVE('',#4173,#4175,#1719,.T.);
#5114=EDGE_CURVE('',#4176,#4174,#1720,.T.);
#5115=EDGE_CURVE('',#4177,#4178,#1721,.T.);
#5116=EDGE_CURVE('',#4179,#4177,#1722,.T.);
#5117=EDGE_CURVE('',#4179,#4180,#1723,.T.);
#5118=EDGE_CURVE('',#4178,#4180,#1724,.T.);
#5119=EDGE_CURVE('',#4180,#4181,#1725,.T.);
#5120=EDGE_CURVE('',#4182,#4179,#1726,.T.);
#5121=EDGE_CURVE('',#4182,#4181,#1727,.T.);
#5122=EDGE_CURVE('',#4183,#4184,#1728,.T.);
#5123=EDGE_CURVE('',#4181,#4183,#1729,.T.);
#5124=EDGE_CURVE('',#4184,#4182,#1730,.T.);
#5125=EDGE_CURVE('',#4185,#4186,#1731,.T.);
#5126=EDGE_CURVE('',#4187,#4185,#1732,.T.);
#5127=EDGE_CURVE('',#4188,#4187,#1733,.T.);
#5128=EDGE_CURVE('',#4188,#4186,#1734,.T.);
#5129=EDGE_CURVE('',#4186,#4189,#1735,.T.);
#5130=EDGE_CURVE('',#4190,#4188,#1736,.T.);
#5131=EDGE_CURVE('',#4190,#4189,#1737,.T.);
#5132=EDGE_CURVE('',#4189,#4191,#1738,.T.);
#5133=EDGE_CURVE('',#4192,#4190,#1739,.T.);
#5134=EDGE_CURVE('',#4192,#4191,#1740,.T.);
#5135=EDGE_CURVE('',#4191,#4193,#1741,.T.);
#5136=EDGE_CURVE('',#4194,#4192,#1742,.T.);
#5137=EDGE_CURVE('',#4194,#4193,#1743,.T.);
#5138=EDGE_CURVE('',#4193,#4195,#1744,.T.);
#5139=EDGE_CURVE('',#4196,#4194,#1745,.T.);
#5140=EDGE_CURVE('',#4196,#4195,#1746,.T.);
#5141=EDGE_CURVE('',#4195,#4185,#1747,.T.);
#5142=EDGE_CURVE('',#4187,#4196,#1748,.T.);
#5143=EDGE_CURVE('',#4197,#4198,#1749,.T.);
#5144=EDGE_CURVE('',#4199,#4197,#1750,.T.);
#5145=EDGE_CURVE('',#4200,#4199,#1751,.T.);
#5146=EDGE_CURVE('',#4200,#4198,#1752,.T.);
#5147=EDGE_CURVE('',#4198,#4201,#1753,.T.);
#5148=EDGE_CURVE('',#4202,#4200,#1754,.T.);
#5149=EDGE_CURVE('',#4202,#4201,#1755,.T.);
#5150=EDGE_CURVE('',#4201,#4203,#1756,.T.);
#5151=EDGE_CURVE('',#4204,#4202,#1757,.T.);
#5152=EDGE_CURVE('',#4204,#4203,#1758,.T.);
#5153=EDGE_CURVE('',#4203,#4205,#1759,.T.);
#5154=EDGE_CURVE('',#4206,#4204,#1760,.T.);
#5155=EDGE_CURVE('',#4206,#4205,#1761,.T.);
#5156=EDGE_CURVE('',#4205,#4207,#1762,.T.);
#5157=EDGE_CURVE('',#4208,#4206,#1763,.T.);
#5158=EDGE_CURVE('',#4208,#4207,#1764,.T.);
#5159=EDGE_CURVE('',#4207,#4197,#1765,.T.);
#5160=EDGE_CURVE('',#4199,#4208,#1766,.T.);
#5161=EDGE_CURVE('',#4209,#4210,#1767,.T.);
#5162=EDGE_CURVE('',#4211,#4209,#1768,.T.);
#5163=EDGE_CURVE('',#4212,#4211,#1769,.T.);
#5164=EDGE_CURVE('',#4212,#4210,#1770,.T.);
#5165=EDGE_CURVE('',#4210,#4213,#1771,.T.);
#5166=EDGE_CURVE('',#4214,#4212,#1772,.T.);
#5167=EDGE_CURVE('',#4214,#4213,#1773,.T.);
#5168=EDGE_CURVE('',#4213,#4215,#1774,.T.);
#5169=EDGE_CURVE('',#4216,#4214,#1775,.T.);
#5170=EDGE_CURVE('',#4216,#4215,#1776,.T.);
#5171=EDGE_CURVE('',#4215,#4217,#1777,.T.);
#5172=EDGE_CURVE('',#4218,#4216,#1778,.T.);
#5173=EDGE_CURVE('',#4218,#4217,#1779,.T.);
#5174=EDGE_CURVE('',#4217,#4219,#1780,.T.);
#5175=EDGE_CURVE('',#4220,#4218,#1781,.T.);
#5176=EDGE_CURVE('',#4220,#4219,#1782,.T.);
#5177=EDGE_CURVE('',#4219,#4209,#1783,.T.);
#5178=EDGE_CURVE('',#4211,#4220,#1784,.T.);
#5179=EDGE_CURVE('',#4221,#4222,#1785,.T.);
#5180=EDGE_CURVE('',#4223,#4221,#1786,.T.);
#5181=EDGE_CURVE('',#4223,#4224,#1787,.T.);
#5182=EDGE_CURVE('',#4222,#4224,#1788,.T.);
#5183=EDGE_CURVE('',#4224,#4225,#1789,.T.);
#5184=EDGE_CURVE('',#4226,#4223,#1790,.T.);
#5185=EDGE_CURVE('',#4226,#4225,#1791,.T.);
#5186=EDGE_CURVE('',#4227,#4228,#1792,.T.);
#5187=EDGE_CURVE('',#4225,#4227,#1793,.T.);
#5188=EDGE_CURVE('',#4228,#4226,#1794,.T.);
#5189=EDGE_CURVE('',#4229,#4230,#1795,.T.);
#5190=EDGE_CURVE('',#4231,#4229,#1796,.T.);
#5191=EDGE_CURVE('',#4232,#4231,#1797,.T.);
#5192=EDGE_CURVE('',#4232,#4230,#1798,.T.);
#5193=EDGE_CURVE('',#4230,#4233,#1799,.T.);
#5194=EDGE_CURVE('',#4234,#4232,#1800,.T.);
#5195=EDGE_CURVE('',#4234,#4233,#1801,.T.);
#5196=EDGE_CURVE('',#4233,#4235,#1802,.T.);
#5197=EDGE_CURVE('',#4236,#4234,#1803,.T.);
#5198=EDGE_CURVE('',#4236,#4235,#1804,.T.);
#5199=EDGE_CURVE('',#4237,#4238,#1805,.T.);
#5200=EDGE_CURVE('',#4235,#4237,#1806,.T.);
#5201=EDGE_CURVE('',#4238,#4236,#1807,.T.);
#5202=EDGE_CURVE('',#4239,#4240,#1808,.T.);
#5203=EDGE_CURVE('',#4231,#4239,#1809,.T.);
#5204=EDGE_CURVE('',#4240,#4229,#1810,.T.);
#5205=EDGE_CURVE('',#4241,#4242,#1811,.T.);
#5206=EDGE_CURVE('',#4243,#4241,#1812,.T.);
#5207=EDGE_CURVE('',#4244,#4243,#1813,.T.);
#5208=EDGE_CURVE('',#4244,#4242,#1814,.T.);
#5209=EDGE_CURVE('',#4242,#4245,#1815,.T.);
#5210=EDGE_CURVE('',#4246,#4244,#1816,.T.);
#5211=EDGE_CURVE('',#4246,#4245,#1817,.T.);
#5212=EDGE_CURVE('',#4245,#4247,#1818,.T.);
#5213=EDGE_CURVE('',#4248,#4246,#1819,.T.);
#5214=EDGE_CURVE('',#4248,#4247,#1820,.T.);
#5215=EDGE_CURVE('',#4247,#4249,#1821,.T.);
#5216=EDGE_CURVE('',#4250,#4248,#1822,.T.);
#5217=EDGE_CURVE('',#4250,#4249,#1823,.T.);
#5218=EDGE_CURVE('',#4249,#4251,#1824,.T.);
#5219=EDGE_CURVE('',#4252,#4250,#1825,.T.);
#5220=EDGE_CURVE('',#4252,#4251,#1826,.T.);
#5221=EDGE_CURVE('',#4251,#4241,#1827,.T.);
#5222=EDGE_CURVE('',#4243,#4252,#1828,.T.);
#5223=EDGE_CURVE('',#4253,#4254,#1829,.T.);
#5224=EDGE_CURVE('',#4255,#4253,#1830,.T.);
#5225=EDGE_CURVE('',#4256,#4255,#1831,.T.);
#5226=EDGE_CURVE('',#4256,#4254,#1832,.T.);
#5227=EDGE_CURVE('',#4254,#4257,#1833,.T.);
#5228=EDGE_CURVE('',#4258,#4256,#1834,.T.);
#5229=EDGE_CURVE('',#4258,#4257,#1835,.T.);
#5230=EDGE_CURVE('',#4257,#4259,#1836,.T.);
#5231=EDGE_CURVE('',#4260,#4258,#1837,.T.);
#5232=EDGE_CURVE('',#4260,#4259,#1838,.T.);
#5233=EDGE_CURVE('',#4259,#4261,#1839,.T.);
#5234=EDGE_CURVE('',#4262,#4260,#1840,.T.);
#5235=EDGE_CURVE('',#4262,#4261,#1841,.T.);
#5236=EDGE_CURVE('',#4261,#4263,#1842,.T.);
#5237=EDGE_CURVE('',#4264,#4262,#1843,.T.);
#5238=EDGE_CURVE('',#4264,#4263,#1844,.T.);
#5239=EDGE_CURVE('',#4263,#4253,#1845,.T.);
#5240=EDGE_CURVE('',#4255,#4264,#1846,.T.);
#5241=EDGE_CURVE('',#4265,#4266,#1847,.T.);
#5242=EDGE_CURVE('',#4267,#4265,#1848,.T.);
#5243=EDGE_CURVE('',#4268,#4267,#1849,.T.);
#5244=EDGE_CURVE('',#4266,#4268,#1850,.T.);
#5245=EDGE_CURVE('',#4269,#4270,#1851,.T.);
#5246=EDGE_CURVE('',#4271,#4269,#1852,.T.);
#5247=EDGE_CURVE('',#4271,#4272,#1853,.T.);
#5248=EDGE_CURVE('',#4270,#4272,#1854,.T.);
#5249=EDGE_CURVE('',#4272,#4273,#1855,.T.);
#5250=EDGE_CURVE('',#4274,#4271,#1856,.T.);
#5251=EDGE_CURVE('',#4274,#4273,#1857,.T.);
#5252=EDGE_CURVE('',#4273,#4275,#1858,.T.);
#5253=EDGE_CURVE('',#4276,#4274,#1859,.T.);
#5254=EDGE_CURVE('',#4276,#4275,#1860,.T.);
#5255=EDGE_CURVE('',#4275,#4267,#1861,.T.);
#5256=EDGE_CURVE('',#4268,#4276,#1862,.T.);
#5257=EDGE_CURVE('',#4277,#4278,#1863,.T.);
#5258=EDGE_CURVE('',#4279,#4277,#1864,.T.);
#5259=EDGE_CURVE('',#4280,#4279,#1865,.T.);
#5260=EDGE_CURVE('',#4278,#4280,#1866,.T.);
#5261=EDGE_CURVE('',#4281,#4282,#1867,.T.);
#5262=EDGE_CURVE('',#4283,#4281,#1868,.T.);
#5263=EDGE_CURVE('',#4283,#4284,#1869,.T.);
#5264=EDGE_CURVE('',#4282,#4284,#1870,.T.);
#5265=EDGE_CURVE('',#4284,#4285,#1871,.T.);
#5266=EDGE_CURVE('',#4286,#4283,#1872,.T.);
#5267=EDGE_CURVE('',#4286,#4285,#1873,.T.);
#5268=EDGE_CURVE('',#4287,#4288,#1874,.T.);
#5269=EDGE_CURVE('',#4285,#4287,#1875,.T.);
#5270=EDGE_CURVE('',#4288,#4286,#1876,.T.);
#5271=EDGE_CURVE('',#4289,#4290,#1877,.T.);
#5272=EDGE_CURVE('',#4291,#4289,#1878,.T.);
#5273=EDGE_CURVE('',#4292,#4291,#1879,.T.);
#5274=EDGE_CURVE('',#4292,#4290,#1880,.T.);
#5275=EDGE_CURVE('',#4290,#4293,#1881,.T.);
#5276=EDGE_CURVE('',#4294,#4292,#1882,.T.);
#5277=EDGE_CURVE('',#4294,#4293,#1883,.T.);
#5278=EDGE_CURVE('',#4293,#4295,#1884,.T.);
#5279=EDGE_CURVE('',#4296,#4294,#1885,.T.);
#5280=EDGE_CURVE('',#4296,#4295,#1886,.T.);
#5281=EDGE_CURVE('',#4295,#4297,#1887,.T.);
#5282=EDGE_CURVE('',#4298,#4296,#1888,.T.);
#5283=EDGE_CURVE('',#4298,#4297,#1889,.T.);
#5284=EDGE_CURVE('',#4297,#4299,#1890,.T.);
#5285=EDGE_CURVE('',#4300,#4298,#1891,.T.);
#5286=EDGE_CURVE('',#4300,#4299,#1892,.T.);
#5287=EDGE_CURVE('',#4299,#4289,#1893,.T.);
#5288=EDGE_CURVE('',#4291,#4300,#1894,.T.);
#5289=EDGE_CURVE('',#4301,#4302,#1895,.T.);
#5290=EDGE_CURVE('',#4303,#4301,#1896,.T.);
#5291=EDGE_CURVE('',#4304,#4303,#1897,.T.);
#5292=EDGE_CURVE('',#4304,#4302,#1898,.T.);
#5293=EDGE_CURVE('',#4302,#4305,#1899,.T.);
#5294=EDGE_CURVE('',#4306,#4304,#1900,.T.);
#5295=EDGE_CURVE('',#4306,#4305,#1901,.T.);
#5296=EDGE_CURVE('',#4305,#4307,#1902,.T.);
#5297=EDGE_CURVE('',#4308,#4306,#1903,.T.);
#5298=EDGE_CURVE('',#4308,#4307,#1904,.T.);
#5299=EDGE_CURVE('',#4307,#4309,#1905,.T.);
#5300=EDGE_CURVE('',#4310,#4308,#1906,.T.);
#5301=EDGE_CURVE('',#4310,#4309,#1907,.T.);
#5302=EDGE_CURVE('',#4309,#4311,#1908,.T.);
#5303=EDGE_CURVE('',#4312,#4310,#1909,.T.);
#5304=EDGE_CURVE('',#4312,#4311,#1910,.T.);
#5305=EDGE_CURVE('',#4311,#4301,#1911,.T.);
#5306=EDGE_CURVE('',#4303,#4312,#1912,.T.);
#5307=EDGE_CURVE('',#4313,#4314,#1913,.T.);
#5308=EDGE_CURVE('',#4315,#4313,#1914,.T.);
#5309=EDGE_CURVE('',#4316,#4315,#1915,.T.);
#5310=EDGE_CURVE('',#4316,#4314,#1916,.T.);
#5311=EDGE_CURVE('',#4314,#4317,#1917,.T.);
#5312=EDGE_CURVE('',#4318,#4316,#1918,.T.);
#5313=EDGE_CURVE('',#4318,#4317,#1919,.T.);
#5314=EDGE_CURVE('',#4317,#4319,#1920,.T.);
#5315=EDGE_CURVE('',#4320,#4318,#1921,.T.);
#5316=EDGE_CURVE('',#4320,#4319,#1922,.T.);
#5317=EDGE_CURVE('',#4319,#4321,#1923,.T.);
#5318=EDGE_CURVE('',#4322,#4320,#1924,.T.);
#5319=EDGE_CURVE('',#4322,#4321,#1925,.T.);
#5320=EDGE_CURVE('',#4321,#4323,#1926,.T.);
#5321=EDGE_CURVE('',#4324,#4322,#1927,.T.);
#5322=EDGE_CURVE('',#4324,#4323,#1928,.T.);
#5323=EDGE_CURVE('',#4323,#4313,#1929,.T.);
#5324=EDGE_CURVE('',#4315,#4324,#1930,.T.);
#5325=EDGE_CURVE('',#4325,#4326,#1931,.T.);
#5326=EDGE_CURVE('',#4327,#4325,#1932,.T.);
#5327=EDGE_CURVE('',#4327,#4328,#1933,.T.);
#5328=EDGE_CURVE('',#4326,#4328,#1934,.T.);
#5329=EDGE_CURVE('',#4328,#4329,#1935,.T.);
#5330=EDGE_CURVE('',#4330,#4327,#1936,.T.);
#5331=EDGE_CURVE('',#4330,#4329,#1937,.T.);
#5332=EDGE_CURVE('',#4329,#4331,#1938,.T.);
#5333=EDGE_CURVE('',#4332,#4330,#1939,.T.);
#5334=EDGE_CURVE('',#4332,#4331,#1940,.T.);
#5335=EDGE_CURVE('',#4331,#4333,#1941,.T.);
#5336=EDGE_CURVE('',#4334,#4332,#1942,.T.);
#5337=EDGE_CURVE('',#4334,#4333,#1943,.T.);
#5338=EDGE_CURVE('',#4333,#4335,#1944,.T.);
#5339=EDGE_CURVE('',#4336,#4334,#1945,.T.);
#5340=EDGE_CURVE('',#4336,#4335,#1946,.T.);
#5341=EDGE_CURVE('',#4337,#4338,#1947,.T.);
#5342=EDGE_CURVE('',#4335,#4337,#1948,.T.);
#5343=EDGE_CURVE('',#4338,#4336,#1949,.T.);
#5344=EDGE_CURVE('',#4339,#4340,#1950,.T.);
#5345=EDGE_CURVE('',#4341,#4339,#1951,.T.);
#5346=EDGE_CURVE('',#4342,#4341,#1952,.T.);
#5347=EDGE_CURVE('',#4342,#4340,#1953,.T.);
#5348=EDGE_CURVE('',#4340,#4343,#1954,.T.);
#5349=EDGE_CURVE('',#4344,#4342,#1955,.T.);
#5350=EDGE_CURVE('',#4344,#4343,#1956,.T.);
#5351=EDGE_CURVE('',#4343,#4345,#1957,.T.);
#5352=EDGE_CURVE('',#4346,#4344,#1958,.T.);
#5353=EDGE_CURVE('',#4346,#4345,#1959,.T.);
#5354=EDGE_CURVE('',#4347,#4348,#1960,.T.);
#5355=EDGE_CURVE('',#4345,#4347,#1961,.T.);
#5356=EDGE_CURVE('',#4348,#4346,#1962,.T.);
#5357=EDGE_CURVE('',#4349,#4350,#1963,.T.);
#5358=EDGE_CURVE('',#4341,#4349,#1964,.T.);
#5359=EDGE_CURVE('',#4350,#4339,#1965,.T.);
#5360=EDGE_CURVE('',#4351,#4352,#1966,.T.);
#5361=EDGE_CURVE('',#4353,#4351,#1967,.T.);
#5362=EDGE_CURVE('',#4354,#4353,#1968,.T.);
#5363=EDGE_CURVE('',#4354,#4352,#1969,.T.);
#5364=EDGE_CURVE('',#4352,#4355,#1970,.T.);
#5365=EDGE_CURVE('',#4356,#4354,#1971,.T.);
#5366=EDGE_CURVE('',#4356,#4355,#1972,.T.);
#5367=EDGE_CURVE('',#4355,#4357,#1973,.T.);
#5368=EDGE_CURVE('',#4358,#4356,#1974,.T.);
#5369=EDGE_CURVE('',#4358,#4357,#1975,.T.);
#5370=EDGE_CURVE('',#4357,#4359,#1976,.T.);
#5371=EDGE_CURVE('',#4360,#4358,#1977,.T.);
#5372=EDGE_CURVE('',#4360,#4359,#1978,.T.);
#5373=EDGE_CURVE('',#4359,#4361,#1979,.T.);
#5374=EDGE_CURVE('',#4362,#4360,#1980,.T.);
#5375=EDGE_CURVE('',#4362,#4361,#1981,.T.);
#5376=EDGE_CURVE('',#4361,#4351,#1982,.T.);
#5377=EDGE_CURVE('',#4353,#4362,#1983,.T.);
#5378=EDGE_CURVE('',#4363,#4364,#1984,.T.);
#5379=EDGE_CURVE('',#4365,#4363,#1985,.T.);
#5380=EDGE_CURVE('',#4366,#4365,#1986,.T.);
#5381=EDGE_CURVE('',#4366,#4364,#1987,.T.);
#5382=EDGE_CURVE('',#4364,#4367,#1988,.T.);
#5383=EDGE_CURVE('',#4368,#4366,#1989,.T.);
#5384=EDGE_CURVE('',#4368,#4367,#1990,.T.);
#5385=EDGE_CURVE('',#4367,#4369,#1991,.T.);
#5386=EDGE_CURVE('',#4370,#4368,#1992,.T.);
#5387=EDGE_CURVE('',#4370,#4369,#1993,.T.);
#5388=EDGE_CURVE('',#4369,#4371,#1994,.T.);
#5389=EDGE_CURVE('',#4372,#4370,#1995,.T.);
#5390=EDGE_CURVE('',#4372,#4371,#1996,.T.);
#5391=EDGE_CURVE('',#4371,#4373,#1997,.T.);
#5392=EDGE_CURVE('',#4374,#4372,#1998,.T.);
#5393=EDGE_CURVE('',#4374,#4373,#1999,.T.);
#5394=EDGE_CURVE('',#4373,#4363,#2000,.T.);
#5395=EDGE_CURVE('',#4365,#4374,#2001,.T.);
#5396=EDGE_CURVE('',#4375,#4376,#2002,.T.);
#5397=EDGE_CURVE('',#4377,#4375,#2003,.T.);
#5398=EDGE_CURVE('',#4378,#4377,#2004,.T.);
#5399=EDGE_CURVE('',#4378,#4376,#2005,.T.);
#5400=EDGE_CURVE('',#4376,#4379,#2006,.T.);
#5401=EDGE_CURVE('',#4380,#4378,#2007,.T.);
#5402=EDGE_CURVE('',#4380,#4379,#2008,.T.);
#5403=EDGE_CURVE('',#4379,#4381,#2009,.T.);
#5404=EDGE_CURVE('',#4382,#4380,#2010,.T.);
#5405=EDGE_CURVE('',#4382,#4381,#2011,.T.);
#5406=EDGE_CURVE('',#4381,#4383,#2012,.T.);
#5407=EDGE_CURVE('',#4384,#4382,#2013,.T.);
#5408=EDGE_CURVE('',#4384,#4383,#2014,.T.);
#5409=EDGE_CURVE('',#4383,#4385,#2015,.T.);
#5410=EDGE_CURVE('',#4386,#4384,#2016,.T.);
#5411=EDGE_CURVE('',#4386,#4385,#2017,.T.);
#5412=EDGE_CURVE('',#4385,#4375,#2018,.T.);
#5413=EDGE_CURVE('',#4377,#4386,#2019,.T.);
#5414=EDGE_CURVE('',#4387,#4388,#2020,.T.);
#5415=EDGE_CURVE('',#4389,#4387,#2021,.T.);
#5416=EDGE_CURVE('',#4389,#4390,#2022,.T.);
#5417=EDGE_CURVE('',#4388,#4390,#2023,.T.);
#5418=EDGE_CURVE('',#4390,#4391,#2024,.T.);
#5419=EDGE_CURVE('',#4392,#4389,#2025,.T.);
#5420=EDGE_CURVE('',#4392,#4391,#2026,.T.);
#5421=EDGE_CURVE('',#4393,#4394,#2027,.T.);
#5422=EDGE_CURVE('',#4391,#4393,#2028,.T.);
#5423=EDGE_CURVE('',#4394,#4392,#2029,.T.);
#5424=EDGE_CURVE('',#4395,#4396,#2030,.T.);
#5425=EDGE_CURVE('',#4397,#4395,#2031,.T.);
#5426=EDGE_CURVE('',#4397,#4398,#2032,.T.);
#5427=EDGE_CURVE('',#4396,#4398,#2033,.T.);
#5428=EDGE_CURVE('',#4398,#4399,#2034,.T.);
#5429=EDGE_CURVE('',#4400,#4397,#2035,.T.);
#5430=EDGE_CURVE('',#4400,#4399,#2036,.T.);
#5431=EDGE_CURVE('',#4401,#4402,#2037,.T.);
#5432=EDGE_CURVE('',#4399,#4401,#2038,.T.);
#5433=EDGE_CURVE('',#4402,#4400,#2039,.T.);
#5434=EDGE_CURVE('',#4403,#4404,#2040,.T.);
#5435=EDGE_CURVE('',#4405,#4403,#2041,.T.);
#5436=EDGE_CURVE('',#4406,#4405,#2042,.T.);
#5437=EDGE_CURVE('',#4406,#4404,#2043,.T.);
#5438=EDGE_CURVE('',#4404,#4407,#2044,.T.);
#5439=EDGE_CURVE('',#4408,#4406,#2045,.T.);
#5440=EDGE_CURVE('',#4408,#4407,#2046,.T.);
#5441=EDGE_CURVE('',#4407,#4409,#2047,.T.);
#5442=EDGE_CURVE('',#4410,#4408,#2048,.T.);
#5443=EDGE_CURVE('',#4410,#4409,#2049,.T.);
#5444=EDGE_CURVE('',#4409,#4411,#2050,.T.);
#5445=EDGE_CURVE('',#4412,#4410,#2051,.T.);
#5446=EDGE_CURVE('',#4412,#4411,#2052,.T.);
#5447=EDGE_CURVE('',#4411,#4413,#2053,.T.);
#5448=EDGE_CURVE('',#4414,#4412,#2054,.T.);
#5449=EDGE_CURVE('',#4414,#4413,#2055,.T.);
#5450=EDGE_CURVE('',#4413,#4403,#2056,.T.);
#5451=EDGE_CURVE('',#4405,#4414,#2057,.T.);
#5452=EDGE_CURVE('',#4415,#4416,#2058,.T.);
#5453=EDGE_CURVE('',#4417,#4415,#2059,.T.);
#5454=EDGE_CURVE('',#4418,#4417,#2060,.T.);
#5455=EDGE_CURVE('',#4418,#4416,#2061,.T.);
#5456=EDGE_CURVE('',#4416,#4419,#2062,.T.);
#5457=EDGE_CURVE('',#4420,#4418,#2063,.T.);
#5458=EDGE_CURVE('',#4420,#4419,#2064,.T.);
#5459=EDGE_CURVE('',#4419,#4421,#2065,.T.);
#5460=EDGE_CURVE('',#4422,#4420,#2066,.T.);
#5461=EDGE_CURVE('',#4422,#4421,#2067,.T.);
#5462=EDGE_CURVE('',#4421,#4423,#2068,.T.);
#5463=EDGE_CURVE('',#4424,#4422,#2069,.T.);
#5464=EDGE_CURVE('',#4424,#4423,#2070,.T.);
#5465=EDGE_CURVE('',#4423,#4425,#2071,.T.);
#5466=EDGE_CURVE('',#4426,#4424,#2072,.T.);
#5467=EDGE_CURVE('',#4426,#4425,#2073,.T.);
#5468=EDGE_CURVE('',#4425,#4415,#2074,.T.);
#5469=EDGE_CURVE('',#4417,#4426,#2075,.T.);
#5470=EDGE_CURVE('',#4427,#4428,#2076,.T.);
#5471=EDGE_CURVE('',#4429,#4427,#2077,.T.);
#5472=EDGE_CURVE('',#4430,#4429,#2078,.T.);
#5473=EDGE_CURVE('',#4430,#4428,#2079,.T.);
#5474=EDGE_CURVE('',#4428,#4431,#2080,.T.);
#5475=EDGE_CURVE('',#4432,#4430,#2081,.T.);
#5476=EDGE_CURVE('',#4432,#4431,#2082,.T.);
#5477=EDGE_CURVE('',#4431,#4433,#2083,.T.);
#5478=EDGE_CURVE('',#4434,#4432,#2084,.T.);
#5479=EDGE_CURVE('',#4434,#4433,#2085,.T.);
#5480=EDGE_CURVE('',#4433,#4435,#2086,.T.);
#5481=EDGE_CURVE('',#4436,#4434,#2087,.T.);
#5482=EDGE_CURVE('',#4436,#4435,#2088,.T.);
#5483=EDGE_CURVE('',#4435,#4437,#2089,.T.);
#5484=EDGE_CURVE('',#4438,#4436,#2090,.T.);
#5485=EDGE_CURVE('',#4438,#4437,#2091,.T.);
#5486=EDGE_CURVE('',#4437,#4427,#2092,.T.);
#5487=EDGE_CURVE('',#4429,#4438,#2093,.T.);
#5488=EDGE_CURVE('',#4439,#4440,#2094,.T.);
#5489=EDGE_CURVE('',#4441,#4439,#2095,.T.);
#5490=EDGE_CURVE('',#4442,#4441,#2096,.T.);
#5491=EDGE_CURVE('',#4442,#4440,#2097,.T.);
#5492=EDGE_CURVE('',#4440,#4443,#2098,.T.);
#5493=EDGE_CURVE('',#4444,#4442,#2099,.T.);
#5494=EDGE_CURVE('',#4444,#4443,#2100,.T.);
#5495=EDGE_CURVE('',#4443,#4445,#2101,.T.);
#5496=EDGE_CURVE('',#4446,#4444,#2102,.T.);
#5497=EDGE_CURVE('',#4446,#4445,#2103,.T.);
#5498=EDGE_CURVE('',#4445,#4447,#2104,.T.);
#5499=EDGE_CURVE('',#4448,#4446,#2105,.T.);
#5500=EDGE_CURVE('',#4448,#4447,#2106,.T.);
#5501=EDGE_CURVE('',#4447,#4449,#2107,.T.);
#5502=EDGE_CURVE('',#4450,#4448,#2108,.T.);
#5503=EDGE_CURVE('',#4450,#4449,#2109,.T.);
#5504=EDGE_CURVE('',#4449,#4439,#2110,.T.);
#5505=EDGE_CURVE('',#4441,#4450,#2111,.T.);
#5506=EDGE_CURVE('',#4451,#4452,#2112,.T.);
#5507=EDGE_CURVE('',#4453,#4451,#2113,.T.);
#5508=EDGE_CURVE('',#4454,#4453,#2114,.T.);
#5509=EDGE_CURVE('',#4454,#4452,#2115,.T.);
#5510=EDGE_CURVE('',#4452,#4455,#2116,.T.);
#5511=EDGE_CURVE('',#4456,#4454,#2117,.T.);
#5512=EDGE_CURVE('',#4456,#4455,#2118,.T.);
#5513=EDGE_CURVE('',#4455,#4457,#2119,.T.);
#5514=EDGE_CURVE('',#4458,#4456,#2120,.T.);
#5515=EDGE_CURVE('',#4458,#4457,#2121,.T.);
#5516=EDGE_CURVE('',#4459,#4460,#2122,.T.);
#5517=EDGE_CURVE('',#4457,#4459,#2123,.T.);
#5518=EDGE_CURVE('',#4460,#4458,#2124,.T.);
#5519=EDGE_CURVE('',#4461,#4462,#2125,.T.);
#5520=EDGE_CURVE('',#4453,#4461,#2126,.T.);
#5521=EDGE_CURVE('',#4462,#4451,#2127,.T.);
#5522=EDGE_CURVE('',#4463,#4464,#2128,.T.);
#5523=EDGE_CURVE('',#4465,#4463,#2129,.T.);
#5524=EDGE_CURVE('',#4466,#4465,#2130,.T.);
#5525=EDGE_CURVE('',#4466,#4464,#2131,.T.);
#5526=EDGE_CURVE('',#4464,#4467,#2132,.T.);
#5527=EDGE_CURVE('',#4468,#4466,#2133,.T.);
#5528=EDGE_CURVE('',#4468,#4467,#2134,.T.);
#5529=EDGE_CURVE('',#4467,#4469,#2135,.T.);
#5530=EDGE_CURVE('',#4470,#4468,#2136,.T.);
#5531=EDGE_CURVE('',#4470,#4469,#2137,.T.);
#5532=EDGE_CURVE('',#4469,#4471,#2138,.T.);
#5533=EDGE_CURVE('',#4472,#4470,#2139,.T.);
#5534=EDGE_CURVE('',#4472,#4471,#2140,.T.);
#5535=EDGE_CURVE('',#4471,#4473,#2141,.T.);
#5536=EDGE_CURVE('',#4474,#4472,#2142,.T.);
#5537=EDGE_CURVE('',#4474,#4473,#2143,.T.);
#5538=EDGE_CURVE('',#4473,#4463,#2144,.T.);
#5539=EDGE_CURVE('',#4465,#4474,#2145,.T.);
#5540=EDGE_CURVE('',#4475,#4476,#2146,.T.);
#5541=EDGE_CURVE('',#4477,#4475,#2147,.T.);
#5542=EDGE_CURVE('',#4478,#4477,#2148,.T.);
#5543=EDGE_CURVE('',#4478,#4476,#2149,.T.);
#5544=EDGE_CURVE('',#4476,#4479,#2150,.T.);
#5545=EDGE_CURVE('',#4480,#4478,#2151,.T.);
#5546=EDGE_CURVE('',#4480,#4479,#2152,.T.);
#5547=EDGE_CURVE('',#4479,#4481,#2153,.T.);
#5548=EDGE_CURVE('',#4482,#4480,#2154,.T.);
#5549=EDGE_CURVE('',#4482,#4481,#2155,.T.);
#5550=EDGE_CURVE('',#4481,#4483,#2156,.T.);
#5551=EDGE_CURVE('',#4484,#4482,#2157,.T.);
#5552=EDGE_CURVE('',#4484,#4483,#2158,.T.);
#5553=EDGE_CURVE('',#4483,#4485,#2159,.T.);
#5554=EDGE_CURVE('',#4486,#4484,#2160,.T.);
#5555=EDGE_CURVE('',#4486,#4485,#2161,.T.);
#5556=EDGE_CURVE('',#4485,#4475,#2162,.T.);
#5557=EDGE_CURVE('',#4477,#4486,#2163,.T.);
#5558=EDGE_CURVE('',#4487,#4488,#2164,.T.);
#5559=EDGE_CURVE('',#4489,#4487,#2165,.T.);
#5560=EDGE_CURVE('',#4490,#4489,#2166,.T.);
#5561=EDGE_CURVE('',#4490,#4488,#2167,.T.);
#5562=EDGE_CURVE('',#4488,#4491,#2168,.T.);
#5563=EDGE_CURVE('',#4492,#4490,#2169,.T.);
#5564=EDGE_CURVE('',#4492,#4491,#2170,.T.);
#5565=EDGE_CURVE('',#4491,#4493,#2171,.T.);
#5566=EDGE_CURVE('',#4494,#4492,#2172,.T.);
#5567=EDGE_CURVE('',#4494,#4493,#2173,.T.);
#5568=EDGE_CURVE('',#4493,#4495,#2174,.T.);
#5569=EDGE_CURVE('',#4496,#4494,#2175,.T.);
#5570=EDGE_CURVE('',#4496,#4495,#2176,.T.);
#5571=EDGE_CURVE('',#4495,#4497,#2177,.T.);
#5572=EDGE_CURVE('',#4498,#4496,#2178,.T.);
#5573=EDGE_CURVE('',#4498,#4497,#2179,.T.);
#5574=EDGE_CURVE('',#4497,#4487,#2180,.T.);
#5575=EDGE_CURVE('',#4489,#4498,#2181,.T.);
#5576=EDGE_CURVE('',#4499,#4500,#2182,.T.);
#5577=EDGE_CURVE('',#4501,#4499,#2183,.T.);
#5578=EDGE_CURVE('',#4501,#4502,#2184,.T.);
#5579=EDGE_CURVE('',#4500,#4502,#2185,.T.);
#5580=EDGE_CURVE('',#4502,#4503,#2186,.T.);
#5581=EDGE_CURVE('',#4504,#4501,#2187,.T.);
#5582=EDGE_CURVE('',#4504,#4503,#2188,.T.);
#5583=EDGE_CURVE('',#4505,#4506,#2189,.T.);
#5584=EDGE_CURVE('',#4503,#4505,#2190,.T.);
#5585=EDGE_CURVE('',#4506,#4504,#2191,.T.);
#5586=EDGE_CURVE('',#4507,#4508,#2192,.T.);
#5587=EDGE_CURVE('',#4509,#4507,#2193,.T.);
#5588=EDGE_CURVE('',#4509,#4510,#2194,.T.);
#5589=EDGE_CURVE('',#4508,#4510,#2195,.T.);
#5590=EDGE_CURVE('',#4510,#4511,#2196,.T.);
#5591=EDGE_CURVE('',#4512,#4509,#2197,.T.);
#5592=EDGE_CURVE('',#4512,#4511,#2198,.T.);
#5593=EDGE_CURVE('',#4513,#4514,#2199,.T.);
#5594=EDGE_CURVE('',#4511,#4513,#2200,.T.);
#5595=EDGE_CURVE('',#4514,#4512,#2201,.T.);
#5596=EDGE_CURVE('',#4515,#4516,#2202,.T.);
#5597=EDGE_CURVE('',#4517,#4515,#2203,.T.);
#5598=EDGE_CURVE('',#4518,#4517,#2204,.T.);
#5599=EDGE_CURVE('',#4518,#4516,#2205,.T.);
#5600=EDGE_CURVE('',#4516,#4519,#2206,.T.);
#5601=EDGE_CURVE('',#4520,#4518,#2207,.T.);
#5602=EDGE_CURVE('',#4520,#4519,#2208,.T.);
#5603=EDGE_CURVE('',#4519,#4521,#2209,.T.);
#5604=EDGE_CURVE('',#4522,#4520,#2210,.T.);
#5605=EDGE_CURVE('',#4522,#4521,#2211,.T.);
#5606=EDGE_CURVE('',#4521,#4523,#2212,.T.);
#5607=EDGE_CURVE('',#4524,#4522,#2213,.T.);
#5608=EDGE_CURVE('',#4524,#4523,#2214,.T.);
#5609=EDGE_CURVE('',#4523,#4525,#2215,.T.);
#5610=EDGE_CURVE('',#4526,#4524,#2216,.T.);
#5611=EDGE_CURVE('',#4526,#4525,#2217,.T.);
#5612=EDGE_CURVE('',#4525,#4515,#2218,.T.);
#5613=EDGE_CURVE('',#4517,#4526,#2219,.T.);
#5614=EDGE_CURVE('',#4527,#4528,#2220,.T.);
#5615=EDGE_CURVE('',#4529,#4527,#2221,.T.);
#5616=EDGE_CURVE('',#4530,#4529,#2222,.T.);
#5617=EDGE_CURVE('',#4530,#4528,#2223,.T.);
#5618=EDGE_CURVE('',#4528,#4531,#2224,.T.);
#5619=EDGE_CURVE('',#4532,#4530,#2225,.T.);
#5620=EDGE_CURVE('',#4532,#4531,#2226,.T.);
#5621=EDGE_CURVE('',#4531,#4533,#2227,.T.);
#5622=EDGE_CURVE('',#4534,#4532,#2228,.T.);
#5623=EDGE_CURVE('',#4534,#4533,#2229,.T.);
#5624=EDGE_CURVE('',#4533,#4535,#2230,.T.);
#5625=EDGE_CURVE('',#4536,#4534,#2231,.T.);
#5626=EDGE_CURVE('',#4536,#4535,#2232,.T.);
#5627=EDGE_CURVE('',#4535,#4537,#2233,.T.);
#5628=EDGE_CURVE('',#4538,#4536,#2234,.T.);
#5629=EDGE_CURVE('',#4538,#4537,#2235,.T.);
#5630=EDGE_CURVE('',#4537,#4527,#2236,.T.);
#5631=EDGE_CURVE('',#4529,#4538,#2237,.T.);
#5632=EDGE_CURVE('',#4539,#4540,#2238,.T.);
#5633=EDGE_CURVE('',#4541,#4539,#2239,.T.);
#5634=EDGE_CURVE('',#4542,#4541,#2240,.T.);
#5635=EDGE_CURVE('',#4542,#4540,#2241,.T.);
#5636=EDGE_CURVE('',#4540,#4543,#2242,.T.);
#5637=EDGE_CURVE('',#4544,#4542,#2243,.T.);
#5638=EDGE_CURVE('',#4544,#4543,#2244,.T.);
#5639=EDGE_CURVE('',#4543,#4545,#2245,.T.);
#5640=EDGE_CURVE('',#4546,#4544,#2246,.T.);
#5641=EDGE_CURVE('',#4546,#4545,#2247,.T.);
#5642=EDGE_CURVE('',#4545,#4547,#2248,.T.);
#5643=EDGE_CURVE('',#4548,#4546,#2249,.T.);
#5644=EDGE_CURVE('',#4548,#4547,#2250,.T.);
#5645=EDGE_CURVE('',#4547,#4549,#2251,.T.);
#5646=EDGE_CURVE('',#4550,#4548,#2252,.T.);
#5647=EDGE_CURVE('',#4550,#4549,#2253,.T.);
#5648=EDGE_CURVE('',#4549,#4539,#2254,.T.);
#5649=EDGE_CURVE('',#4541,#4550,#2255,.T.);
#5650=EDGE_CURVE('',#4551,#4552,#2256,.T.);
#5651=EDGE_CURVE('',#4553,#4551,#2257,.T.);
#5652=EDGE_CURVE('',#4554,#4553,#2258,.T.);
#5653=EDGE_CURVE('',#4554,#4552,#2259,.T.);
#5654=EDGE_CURVE('',#4555,#4556,#2260,.T.);
#5655=EDGE_CURVE('',#4552,#4555,#2261,.T.);
#5656=EDGE_CURVE('',#4556,#4554,#2262,.T.);
#5657=EDGE_CURVE('',#4557,#4558,#2263,.T.);
#5658=EDGE_CURVE('',#4559,#4557,#2264,.T.);
#5659=EDGE_CURVE('',#4559,#4560,#2265,.T.);
#5660=EDGE_CURVE('',#4558,#4560,#2266,.T.);
#5661=EDGE_CURVE('',#4560,#4561,#2267,.T.);
#5662=EDGE_CURVE('',#4562,#4559,#2268,.T.);
#5663=EDGE_CURVE('',#4562,#4561,#2269,.T.);
#5664=EDGE_CURVE('',#4561,#4551,#2270,.T.);
#5665=EDGE_CURVE('',#4553,#4562,#2271,.T.);
#5666=EDGE_CURVE('',#4563,#4564,#2272,.T.);
#5667=EDGE_CURVE('',#4565,#4563,#2273,.T.);
#5668=EDGE_CURVE('',#4566,#4565,#2274,.T.);
#5669=EDGE_CURVE('',#4566,#4564,#2275,.T.);
#5670=EDGE_CURVE('',#4564,#4567,#2276,.T.);
#5671=EDGE_CURVE('',#4568,#4566,#2277,.T.);
#5672=EDGE_CURVE('',#4568,#4567,#2278,.T.);
#5673=EDGE_CURVE('',#4567,#4569,#2279,.T.);
#5674=EDGE_CURVE('',#4570,#4568,#2280,.T.);
#5675=EDGE_CURVE('',#4570,#4569,#2281,.T.);
#5676=EDGE_CURVE('',#4571,#4572,#2282,.T.);
#5677=EDGE_CURVE('',#4569,#4571,#2283,.T.);
#5678=EDGE_CURVE('',#4572,#4570,#2284,.T.);
#5679=EDGE_CURVE('',#4573,#4574,#2285,.T.);
#5680=EDGE_CURVE('',#4565,#4573,#2286,.T.);
#5681=EDGE_CURVE('',#4574,#4563,#2287,.T.);
#5682=EDGE_CURVE('',#4575,#4576,#2288,.T.);
#5683=EDGE_CURVE('',#4577,#4575,#2289,.T.);
#5684=EDGE_CURVE('',#4578,#4577,#2290,.T.);
#5685=EDGE_CURVE('',#4578,#4576,#2291,.T.);
#5686=EDGE_CURVE('',#4576,#4579,#2292,.T.);
#5687=EDGE_CURVE('',#4580,#4578,#2293,.T.);
#5688=EDGE_CURVE('',#4580,#4579,#2294,.T.);
#5689=EDGE_CURVE('',#4579,#4581,#2295,.T.);
#5690=EDGE_CURVE('',#4582,#4580,#2296,.T.);
#5691=EDGE_CURVE('',#4582,#4581,#2297,.T.);
#5692=EDGE_CURVE('',#4581,#4583,#2298,.T.);
#5693=EDGE_CURVE('',#4584,#4582,#2299,.T.);
#5694=EDGE_CURVE('',#4584,#4583,#2300,.T.);
#5695=EDGE_CURVE('',#4583,#4585,#2301,.T.);
#5696=EDGE_CURVE('',#4586,#4584,#2302,.T.);
#5697=EDGE_CURVE('',#4586,#4585,#2303,.T.);
#5698=EDGE_CURVE('',#4585,#4575,#2304,.T.);
#5699=EDGE_CURVE('',#4577,#4586,#2305,.T.);
#5700=EDGE_CURVE('',#4587,#4588,#2306,.T.);
#5701=EDGE_CURVE('',#4589,#4587,#2307,.T.);
#5702=EDGE_CURVE('',#4590,#4589,#2308,.T.);
#5703=EDGE_CURVE('',#4590,#4588,#2309,.T.);
#5704=EDGE_CURVE('',#4588,#4591,#2310,.T.);
#5705=EDGE_CURVE('',#4592,#4590,#2311,.T.);
#5706=EDGE_CURVE('',#4592,#4591,#2312,.T.);
#5707=EDGE_CURVE('',#4591,#4593,#2313,.T.);
#5708=EDGE_CURVE('',#4594,#4592,#2314,.T.);
#5709=EDGE_CURVE('',#4594,#4593,#2315,.T.);
#5710=EDGE_CURVE('',#4593,#4595,#2316,.T.);
#5711=EDGE_CURVE('',#4596,#4594,#2317,.T.);
#5712=EDGE_CURVE('',#4596,#4595,#2318,.T.);
#5713=EDGE_CURVE('',#4595,#4597,#2319,.T.);
#5714=EDGE_CURVE('',#4598,#4596,#2320,.T.);
#5715=EDGE_CURVE('',#4598,#4597,#2321,.T.);
#5716=EDGE_CURVE('',#4597,#4587,#2322,.T.);
#5717=EDGE_CURVE('',#4589,#4598,#2323,.T.);
#5718=EDGE_CURVE('',#4599,#4600,#2324,.T.);
#5719=EDGE_CURVE('',#4601,#4599,#2325,.T.);
#5720=EDGE_CURVE('',#4602,#4601,#2326,.T.);
#5721=EDGE_CURVE('',#4600,#4602,#2327,.T.);
#5722=EDGE_CURVE('',#4603,#4604,#2328,.T.);
#5723=EDGE_CURVE('',#4605,#4603,#2329,.T.);
#5724=EDGE_CURVE('',#4605,#4606,#2330,.T.);
#5725=EDGE_CURVE('',#4604,#4606,#2331,.T.);
#5726=EDGE_CURVE('',#4606,#4607,#2332,.T.);
#5727=EDGE_CURVE('',#4608,#4605,#2333,.T.);
#5728=EDGE_CURVE('',#4608,#4607,#2334,.T.);
#5729=EDGE_CURVE('',#4607,#4609,#2335,.T.);
#5730=EDGE_CURVE('',#4610,#4608,#2336,.T.);
#5731=EDGE_CURVE('',#4610,#4609,#2337,.T.);
#5732=EDGE_CURVE('',#4609,#4611,#2338,.T.);
#5733=EDGE_CURVE('',#4612,#4610,#2339,.T.);
#5734=EDGE_CURVE('',#4612,#4611,#2340,.T.);
#5735=EDGE_CURVE('',#4611,#4601,#2341,.T.);
#5736=EDGE_CURVE('',#4602,#4612,#2342,.T.);
#5737=EDGE_CURVE('',#4613,#4614,#2343,.T.);
#5738=EDGE_CURVE('',#4615,#4613,#2344,.T.);
#5739=EDGE_CURVE('',#4615,#4616,#2345,.T.);
#5740=EDGE_CURVE('',#4614,#4616,#2346,.T.);
#5741=EDGE_CURVE('',#4616,#4617,#2347,.T.);
#5742=EDGE_CURVE('',#4618,#4615,#2348,.T.);
#5743=EDGE_CURVE('',#4618,#4617,#2349,.T.);
#5744=EDGE_CURVE('',#4619,#4620,#2350,.T.);
#5745=EDGE_CURVE('',#4617,#4619,#2351,.T.);
#5746=EDGE_CURVE('',#4620,#4618,#2352,.T.);
#5747=EDGE_CURVE('',#4621,#4622,#2353,.T.);
#5748=EDGE_CURVE('',#4623,#4621,#2354,.T.);
#5749=EDGE_CURVE('',#4624,#4623,#2355,.T.);
#5750=EDGE_CURVE('',#4624,#4622,#2356,.T.);
#5751=EDGE_CURVE('',#4622,#4625,#2357,.T.);
#5752=EDGE_CURVE('',#4626,#4624,#2358,.T.);
#5753=EDGE_CURVE('',#4626,#4625,#2359,.T.);
#5754=EDGE_CURVE('',#4625,#4627,#2360,.T.);
#5755=EDGE_CURVE('',#4628,#4626,#2361,.T.);
#5756=EDGE_CURVE('',#4628,#4627,#2362,.T.);
#5757=EDGE_CURVE('',#4627,#4629,#2363,.T.);
#5758=EDGE_CURVE('',#4630,#4628,#2364,.T.);
#5759=EDGE_CURVE('',#4630,#4629,#2365,.T.);
#5760=EDGE_CURVE('',#4629,#4631,#2366,.T.);
#5761=EDGE_CURVE('',#4632,#4630,#2367,.T.);
#5762=EDGE_CURVE('',#4632,#4631,#2368,.T.);
#5763=EDGE_CURVE('',#4631,#4621,#2369,.T.);
#5764=EDGE_CURVE('',#4623,#4632,#2370,.T.);
#5765=EDGE_CURVE('',#4633,#4634,#2371,.T.);
#5766=EDGE_CURVE('',#4635,#4633,#2372,.T.);
#5767=EDGE_CURVE('',#4636,#4635,#2373,.T.);
#5768=EDGE_CURVE('',#4636,#4634,#2374,.T.);
#5769=EDGE_CURVE('',#4634,#4637,#2375,.T.);
#5770=EDGE_CURVE('',#4638,#4636,#2376,.T.);
#5771=EDGE_CURVE('',#4638,#4637,#2377,.T.);
#5772=EDGE_CURVE('',#4637,#4639,#2378,.T.);
#5773=EDGE_CURVE('',#4640,#4638,#2379,.T.);
#5774=EDGE_CURVE('',#4640,#4639,#2380,.T.);
#5775=EDGE_CURVE('',#4639,#4641,#2381,.T.);
#5776=EDGE_CURVE('',#4642,#4640,#2382,.T.);
#5777=EDGE_CURVE('',#4642,#4641,#2383,.T.);
#5778=EDGE_CURVE('',#4641,#4643,#2384,.T.);
#5779=EDGE_CURVE('',#4644,#4642,#2385,.T.);
#5780=EDGE_CURVE('',#4644,#4643,#2386,.T.);
#5781=EDGE_CURVE('',#4643,#4633,#2387,.T.);
#5782=EDGE_CURVE('',#4635,#4644,#2388,.T.);
#5783=EDGE_CURVE('',#4645,#4646,#2389,.T.);
#5784=EDGE_CURVE('',#4647,#4645,#2390,.T.);
#5785=EDGE_CURVE('',#4648,#4647,#2391,.T.);
#5786=EDGE_CURVE('',#4646,#4648,#2392,.T.);
#5787=EDGE_CURVE('',#4649,#4650,#2393,.T.);
#5788=EDGE_CURVE('',#4651,#4649,#2394,.T.);
#5789=EDGE_CURVE('',#4651,#4652,#2395,.T.);
#5790=EDGE_CURVE('',#4650,#4652,#2396,.T.);
#5791=EDGE_CURVE('',#4652,#4653,#2397,.T.);
#5792=EDGE_CURVE('',#4654,#4651,#2398,.T.);
#5793=EDGE_CURVE('',#4654,#4653,#2399,.T.);
#5794=EDGE_CURVE('',#4653,#4647,#2400,.T.);
#5795=EDGE_CURVE('',#4648,#4654,#2401,.T.);
#5796=EDGE_CURVE('',#4655,#4656,#2402,.T.);
#5797=EDGE_CURVE('',#4657,#4655,#2403,.T.);
#5798=EDGE_CURVE('',#4658,#4657,#2404,.T.);
#5799=EDGE_CURVE('',#4658,#4656,#2405,.T.);
#5800=EDGE_CURVE('',#4656,#4659,#2406,.T.);
#5801=EDGE_CURVE('',#4660,#4658,#2407,.T.);
#5802=EDGE_CURVE('',#4660,#4659,#2408,.T.);
#5803=EDGE_CURVE('',#4659,#4661,#2409,.T.);
#5804=EDGE_CURVE('',#4662,#4660,#2410,.T.);
#5805=EDGE_CURVE('',#4662,#4661,#2411,.T.);
#5806=EDGE_CURVE('',#4663,#4664,#2412,.T.);
#5807=EDGE_CURVE('',#4661,#4663,#2413,.T.);
#5808=EDGE_CURVE('',#4664,#4662,#2414,.T.);
#5809=EDGE_CURVE('',#4665,#4666,#2415,.T.);
#5810=EDGE_CURVE('',#4657,#4665,#2416,.T.);
#5811=EDGE_CURVE('',#4666,#4655,#2417,.T.);
#5812=EDGE_CURVE('',#4667,#4668,#2418,.T.);
#5813=EDGE_CURVE('',#4669,#4667,#2419,.T.);
#5814=EDGE_CURVE('',#4670,#4669,#2420,.T.);
#5815=EDGE_CURVE('',#4670,#4668,#2421,.T.);
#5816=EDGE_CURVE('',#4668,#4671,#2422,.T.);
#5817=EDGE_CURVE('',#4672,#4670,#2423,.T.);
#5818=EDGE_CURVE('',#4672,#4671,#2424,.T.);
#5819=EDGE_CURVE('',#4671,#4673,#2425,.T.);
#5820=EDGE_CURVE('',#4674,#4672,#2426,.T.);
#5821=EDGE_CURVE('',#4674,#4673,#2427,.T.);
#5822=EDGE_CURVE('',#4673,#4675,#2428,.T.);
#5823=EDGE_CURVE('',#4676,#4674,#2429,.T.);
#5824=EDGE_CURVE('',#4676,#4675,#2430,.T.);
#5825=EDGE_CURVE('',#4675,#4677,#2431,.T.);
#5826=EDGE_CURVE('',#4678,#4676,#2432,.T.);
#5827=EDGE_CURVE('',#4678,#4677,#2433,.T.);
#5828=EDGE_CURVE('',#4677,#4667,#2434,.T.);
#5829=EDGE_CURVE('',#4669,#4678,#2435,.T.);
#5830=EDGE_CURVE('',#4679,#4680,#2436,.T.);
#5831=EDGE_CURVE('',#4681,#4679,#2437,.T.);
#5832=EDGE_CURVE('',#4682,#4681,#2438,.T.);
#5833=EDGE_CURVE('',#4682,#4680,#2439,.T.);
#5834=EDGE_CURVE('',#4680,#4683,#2440,.T.);
#5835=EDGE_CURVE('',#4684,#4682,#2441,.T.);
#5836=EDGE_CURVE('',#4684,#4683,#2442,.T.);
#5837=EDGE_CURVE('',#4683,#4685,#2443,.T.);
#5838=EDGE_CURVE('',#4686,#4684,#2444,.T.);
#5839=EDGE_CURVE('',#4686,#4685,#2445,.T.);
#5840=EDGE_CURVE('',#4685,#4687,#2446,.T.);
#5841=EDGE_CURVE('',#4688,#4686,#2447,.T.);
#5842=EDGE_CURVE('',#4688,#4687,#2448,.T.);
#5843=EDGE_CURVE('',#4687,#4689,#2449,.T.);
#5844=EDGE_CURVE('',#4690,#4688,#2450,.T.);
#5845=EDGE_CURVE('',#4690,#4689,#2451,.T.);
#5846=EDGE_CURVE('',#4689,#4679,#2452,.T.);
#5847=EDGE_CURVE('',#4681,#4690,#2453,.T.);
#5848=EDGE_CURVE('',#4691,#4692,#2454,.T.);
#5849=EDGE_CURVE('',#4693,#4691,#2455,.T.);
#5850=EDGE_CURVE('',#4694,#4693,#2456,.T.);
#5851=EDGE_CURVE('',#4692,#4694,#2457,.T.);
#5852=EDGE_CURVE('',#4695,#4696,#2458,.T.);
#5853=EDGE_CURVE('',#4697,#4695,#2459,.T.);
#5854=EDGE_CURVE('',#4697,#4698,#2460,.T.);
#5855=EDGE_CURVE('',#4696,#4698,#2461,.T.);
#5856=EDGE_CURVE('',#4698,#4699,#2462,.T.);
#5857=EDGE_CURVE('',#4700,#4697,#2463,.T.);
#5858=EDGE_CURVE('',#4700,#4699,#2464,.T.);
#5859=EDGE_CURVE('',#4699,#4693,#2465,.T.);
#5860=EDGE_CURVE('',#4694,#4700,#2466,.T.);
#5861=EDGE_CURVE('',#4701,#4702,#2467,.T.);
#5862=EDGE_CURVE('',#4703,#4701,#2468,.T.);
#5863=EDGE_CURVE('',#4703,#4704,#2469,.T.);
#5864=EDGE_CURVE('',#4702,#4704,#2470,.T.);
#5865=EDGE_CURVE('',#4704,#4705,#2471,.T.);
#5866=EDGE_CURVE('',#4706,#4703,#2472,.T.);
#5867=EDGE_CURVE('',#4706,#4705,#2473,.T.);
#5868=EDGE_CURVE('',#4707,#4708,#2474,.T.);
#5869=EDGE_CURVE('',#4705,#4707,#2475,.T.);
#5870=EDGE_CURVE('',#4708,#4706,#2476,.T.);
#5871=EDGE_CURVE('',#4709,#4710,#2477,.T.);
#5872=EDGE_CURVE('',#4711,#4709,#2478,.T.);
#5873=EDGE_CURVE('',#4712,#4711,#2479,.T.);
#5874=EDGE_CURVE('',#4712,#4710,#2480,.T.);
#5875=EDGE_CURVE('',#4710,#4713,#2481,.T.);
#5876=EDGE_CURVE('',#4714,#4712,#2482,.T.);
#5877=EDGE_CURVE('',#4714,#4713,#2483,.T.);
#5878=EDGE_CURVE('',#4713,#4715,#2484,.T.);
#5879=EDGE_CURVE('',#4716,#4714,#2485,.T.);
#5880=EDGE_CURVE('',#4716,#4715,#2486,.T.);
#5881=EDGE_CURVE('',#4715,#4717,#2487,.T.);
#5882=EDGE_CURVE('',#4718,#4716,#2488,.T.);
#5883=EDGE_CURVE('',#4718,#4717,#2489,.T.);
#5884=EDGE_CURVE('',#4717,#4719,#2490,.T.);
#5885=EDGE_CURVE('',#4720,#4718,#2491,.T.);
#5886=EDGE_CURVE('',#4720,#4719,#2492,.T.);
#5887=EDGE_CURVE('',#4719,#4709,#2493,.T.);
#5888=EDGE_CURVE('',#4711,#4720,#2494,.T.);
#5889=EDGE_CURVE('',#4721,#4722,#2495,.T.);
#5890=EDGE_CURVE('',#4723,#4721,#2496,.T.);
#5891=EDGE_CURVE('',#4724,#4723,#2497,.T.);
#5892=EDGE_CURVE('',#4724,#4722,#2498,.T.);
#5893=EDGE_CURVE('',#4722,#4725,#2499,.T.);
#5894=EDGE_CURVE('',#4726,#4724,#2500,.T.);
#5895=EDGE_CURVE('',#4726,#4725,#2501,.T.);
#5896=EDGE_CURVE('',#4725,#4727,#2502,.T.);
#5897=EDGE_CURVE('',#4728,#4726,#2503,.T.);
#5898=EDGE_CURVE('',#4728,#4727,#2504,.T.);
#5899=EDGE_CURVE('',#4727,#4729,#2505,.T.);
#5900=EDGE_CURVE('',#4730,#4728,#2506,.T.);
#5901=EDGE_CURVE('',#4730,#4729,#2507,.T.);
#5902=EDGE_CURVE('',#4729,#4731,#2508,.T.);
#5903=EDGE_CURVE('',#4732,#4730,#2509,.T.);
#5904=EDGE_CURVE('',#4732,#4731,#2510,.T.);
#5905=EDGE_CURVE('',#4731,#4721,#2511,.T.);
#5906=EDGE_CURVE('',#4723,#4732,#2512,.T.);
#5907=EDGE_CURVE('',#4733,#4734,#2513,.T.);
#5908=EDGE_CURVE('',#4735,#4733,#2514,.T.);
#5909=EDGE_CURVE('',#4736,#4735,#2515,.T.);
#5910=EDGE_CURVE('',#4734,#4736,#2516,.T.);
#5911=EDGE_CURVE('',#4737,#4738,#2517,.T.);
#5912=EDGE_CURVE('',#4739,#4737,#2518,.T.);
#5913=EDGE_CURVE('',#4739,#4740,#2519,.T.);
#5914=EDGE_CURVE('',#4738,#4740,#2520,.T.);
#5915=EDGE_CURVE('',#4740,#4741,#2521,.T.);
#5916=EDGE_CURVE('',#4742,#4739,#2522,.T.);
#5917=EDGE_CURVE('',#4742,#4741,#2523,.T.);
#5918=EDGE_CURVE('',#4741,#4735,#2524,.T.);
#5919=EDGE_CURVE('',#4736,#4742,#2525,.T.);
#5920=EDGE_CURVE('',#4743,#4744,#2526,.T.);
#5921=EDGE_CURVE('',#4745,#4743,#2527,.T.);
#5922=EDGE_CURVE('',#4746,#4745,#2528,.T.);
#5923=EDGE_CURVE('',#4746,#4744,#2529,.T.);
#5924=EDGE_CURVE('',#4744,#4747,#2530,.T.);
#5925=EDGE_CURVE('',#4748,#4746,#2531,.T.);
#5926=EDGE_CURVE('',#4748,#4747,#2532,.T.);
#5927=EDGE_CURVE('',#4749,#4750,#2533,.T.);
#5928=EDGE_CURVE('',#4747,#4749,#2534,.T.);
#5929=EDGE_CURVE('',#4750,#4748,#2535,.T.);
#5930=EDGE_CURVE('',#4751,#4752,#2536,.T.);
#5931=EDGE_CURVE('',#4745,#4751,#2537,.T.);
#5932=EDGE_CURVE('',#4752,#4743,#2538,.T.);
#5933=EDGE_CURVE('',#4753,#4754,#2539,.T.);
#5934=EDGE_CURVE('',#4755,#4753,#2540,.T.);
#5935=EDGE_CURVE('',#4756,#4755,#2541,.T.);
#5936=EDGE_CURVE('',#4756,#4754,#2542,.T.);
#5937=EDGE_CURVE('',#4754,#4757,#2543,.T.);
#5938=EDGE_CURVE('',#4758,#4756,#2544,.T.);
#5939=EDGE_CURVE('',#4758,#4757,#2545,.T.);
#5940=EDGE_CURVE('',#4757,#4759,#2546,.T.);
#5941=EDGE_CURVE('',#4760,#4758,#2547,.T.);
#5942=EDGE_CURVE('',#4760,#4759,#2548,.T.);
#5943=EDGE_CURVE('',#4759,#4761,#2549,.T.);
#5944=EDGE_CURVE('',#4762,#4760,#2550,.T.);
#5945=EDGE_CURVE('',#4762,#4761,#2551,.T.);
#5946=EDGE_CURVE('',#4761,#4763,#2552,.T.);
#5947=EDGE_CURVE('',#4764,#4762,#2553,.T.);
#5948=EDGE_CURVE('',#4764,#4763,#2554,.T.);
#5949=EDGE_CURVE('',#4763,#4753,#2555,.T.);
#5950=EDGE_CURVE('',#4755,#4764,#2556,.T.);
#5951=EDGE_CURVE('',#4765,#4766,#2557,.T.);
#5952=EDGE_CURVE('',#4767,#4765,#2558,.T.);
#5953=EDGE_CURVE('',#4768,#4767,#2559,.T.);
#5954=EDGE_CURVE('',#4766,#4768,#2560,.T.);
#5955=EDGE_CURVE('',#4769,#4770,#2561,.T.);
#5956=EDGE_CURVE('',#4771,#4769,#2562,.T.);
#5957=EDGE_CURVE('',#4771,#4772,#2563,.T.);
#5958=EDGE_CURVE('',#4770,#4772,#2564,.T.);
#5959=EDGE_CURVE('',#4772,#4773,#2565,.T.);
#5960=EDGE_CURVE('',#4774,#4771,#2566,.T.);
#5961=EDGE_CURVE('',#4774,#4773,#2567,.T.);
#5962=EDGE_CURVE('',#4773,#4767,#2568,.T.);
#5963=EDGE_CURVE('',#4768,#4774,#2569,.T.);
#5964=EDGE_CURVE('',#4775,#4776,#2570,.T.);
#5965=EDGE_CURVE('',#4777,#4775,#2571,.T.);
#5966=EDGE_CURVE('',#4778,#4777,#2572,.T.);
#5967=EDGE_CURVE('',#4778,#4776,#2573,.T.);
#5968=EDGE_CURVE('',#4776,#4779,#2574,.T.);
#5969=EDGE_CURVE('',#4780,#4778,#2575,.T.);
#5970=EDGE_CURVE('',#4780,#4779,#2576,.T.);
#5971=EDGE_CURVE('',#4781,#4782,#2577,.T.);
#5972=EDGE_CURVE('',#4779,#4781,#2578,.T.);
#5973=EDGE_CURVE('',#4782,#4780,#2579,.T.);
#5974=EDGE_CURVE('',#4783,#4784,#2580,.T.);
#5975=EDGE_CURVE('',#4777,#4783,#2581,.T.);
#5976=EDGE_CURVE('',#4784,#4775,#2582,.T.);
#5977=EDGE_CURVE('',#4785,#4786,#2583,.T.);
#5978=EDGE_CURVE('',#4787,#4785,#2584,.T.);
#5979=EDGE_CURVE('',#4788,#4787,#2585,.T.);
#5980=EDGE_CURVE('',#4786,#4788,#2586,.T.);
#5981=EDGE_CURVE('',#4789,#4790,#2587,.T.);
#5982=EDGE_CURVE('',#4791,#4789,#2588,.T.);
#5983=EDGE_CURVE('',#4791,#4792,#2589,.T.);
#5984=EDGE_CURVE('',#4790,#4792,#2590,.T.);
#5985=EDGE_CURVE('',#4792,#4793,#2591,.T.);
#5986=EDGE_CURVE('',#4794,#4791,#2592,.T.);
#5987=EDGE_CURVE('',#4794,#4793,#2593,.T.);
#5988=EDGE_CURVE('',#4793,#4787,#2594,.T.);
#5989=EDGE_CURVE('',#4788,#4794,#2595,.T.);
#5990=EDGE_CURVE('',#4795,#4796,#2596,.T.);
#5991=EDGE_CURVE('',#4797,#4795,#2597,.T.);
#5992=EDGE_CURVE('',#4797,#4798,#2598,.T.);
#5993=EDGE_CURVE('',#4796,#4798,#2599,.T.);
#5994=EDGE_CURVE('',#4799,#4800,#2600,.T.);
#5995=EDGE_CURVE('',#4798,#4799,#2601,.T.);
#5996=EDGE_CURVE('',#4800,#4797,#2602,.T.);
#5997=EDGE_CURVE('',#4043,#4028,#3947,.T.);
#5998=EDGE_CURVE('',#4044,#4027,#3948,.T.);
#5999=EDGE_CURVE('',#4227,#4168,#2603,.T.);
#6000=EDGE_CURVE('',#4228,#4167,#2604,.T.);
#6001=EDGE_CURVE('',#4175,#4122,#2605,.T.);
#6002=EDGE_CURVE('',#4176,#4121,#2606,.T.);
#6003=EDGE_CURVE('',#4129,#4080,#2607,.T.);
#6004=EDGE_CURVE('',#4130,#4079,#2608,.T.);
#6005=EDGE_CURVE('',#4087,#4046,#2609,.T.);
#6006=EDGE_CURVE('',#4088,#4045,#2610,.T.);
#6007=EDGE_CURVE('',#4053,#4022,#2611,.T.);
#6008=EDGE_CURVE('',#4054,#4021,#2612,.T.);
#6009=EDGE_CURVE('',#4278,#4325,#3949,.T.);
#6010=EDGE_CURVE('',#4277,#4326,#3950,.T.);
#6011=EDGE_CURVE('',#4337,#4270,#3951,.T.);
#6012=EDGE_CURVE('',#4338,#4269,#3952,.T.);
#6013=EDGE_CURVE('',#4801,#4500,#2613,.T.);
#6014=EDGE_CURVE('',#4801,#4802,#2614,.T.);
#6015=EDGE_CURVE('',#4802,#4499,#2615,.T.);
#6016=EDGE_CURVE('',#4505,#4388,#2616,.T.);
#6017=EDGE_CURVE('',#4506,#4387,#2617,.T.);
#6018=EDGE_CURVE('',#4604,#4803,#3953,.T.);
#6019=EDGE_CURVE('',#4803,#4804,#2618,.T.);
#6020=EDGE_CURVE('',#4603,#4804,#3954,.T.);
#6021=EDGE_CURVE('',#4558,#4599,#3955,.T.);
#6022=EDGE_CURVE('',#4557,#4600,#3956,.T.);
#6023=EDGE_CURVE('',#4751,#4708,#2619,.T.);
#6024=EDGE_CURVE('',#4752,#4707,#2620,.T.);
#6025=EDGE_CURVE('',#4701,#4664,#2621,.T.);
#6026=EDGE_CURVE('',#4702,#4663,#2622,.T.);
#6027=EDGE_CURVE('',#4665,#4620,#2623,.T.);
#6028=EDGE_CURVE('',#4666,#4619,#2624,.T.);
#6029=EDGE_CURVE('',#4613,#4572,#2625,.T.);
#6030=EDGE_CURVE('',#4614,#4571,#2626,.T.);
#6031=EDGE_CURVE('',#4573,#4514,#2627,.T.);
#6032=EDGE_CURVE('',#4574,#4513,#2628,.T.);
#6033=EDGE_CURVE('',#4507,#4460,#2629,.T.);
#6034=EDGE_CURVE('',#4508,#4459,#2630,.T.);
#6035=EDGE_CURVE('',#4461,#4402,#2631,.T.);
#6036=EDGE_CURVE('',#4462,#4401,#2632,.T.);
#6037=EDGE_CURVE('',#4395,#4348,#2633,.T.);
#6038=EDGE_CURVE('',#4396,#4347,#2634,.T.);
#6039=EDGE_CURVE('',#4349,#4288,#2635,.T.);
#6040=EDGE_CURVE('',#4350,#4287,#2636,.T.);
#6041=EDGE_CURVE('',#4281,#4238,#2637,.T.);
#6042=EDGE_CURVE('',#4282,#4237,#2638,.T.);
#6043=EDGE_CURVE('',#4239,#4184,#2639,.T.);
#6044=EDGE_CURVE('',#4240,#4183,#2640,.T.);
#6045=EDGE_CURVE('',#4177,#4140,#2641,.T.);
#6046=EDGE_CURVE('',#4178,#4139,#2642,.T.);
#6047=EDGE_CURVE('',#4141,#4096,#2643,.T.);
#6048=EDGE_CURVE('',#4142,#4095,#2644,.T.);
#6049=EDGE_CURVE('',#4089,#4064,#2645,.T.);
#6050=EDGE_CURVE('',#4090,#4063,#2646,.T.);
#6051=EDGE_CURVE('',#4795,#4782,#3957,.T.);
#6052=EDGE_CURVE('',#4796,#4781,#3958,.T.);
#6053=EDGE_CURVE('',#4790,#4799,#2647,.T.);
#6054=EDGE_CURVE('',#4789,#4800,#2648,.T.);
#6055=EDGE_CURVE('',#4770,#4785,#2649,.T.);
#6056=EDGE_CURVE('',#4769,#4786,#2650,.T.);
#6057=EDGE_CURVE('',#4738,#4765,#2651,.T.);
#6058=EDGE_CURVE('',#4737,#4766,#2652,.T.);
#6059=EDGE_CURVE('',#4696,#4733,#2653,.T.);
#6060=EDGE_CURVE('',#4695,#4734,#2654,.T.);
#6061=EDGE_CURVE('',#4650,#4691,#2655,.T.);
#6062=EDGE_CURVE('',#4649,#4692,#2656,.T.);
#6063=EDGE_CURVE('',#4025,#4034,#3959,.T.);
#6064=EDGE_CURVE('',#4066,#4031,#2657,.T.);
#6065=EDGE_CURVE('',#4784,#4749,#3960,.T.);
#6066=EDGE_CURVE('',#4803,#4645,#2658,.T.);
#6067=EDGE_CURVE('',#4801,#4555,#3961,.T.);
#6068=EDGE_CURVE('',#4393,#4279,#2659,.T.);
#6069=EDGE_CURVE('',#4265,#4222,#3962,.T.);
#6070=EDGE_CURVE('',#4805,#4806,#2660,.T.);
#6071=EDGE_CURVE('',#4806,#4807,#2661,.T.);
#6072=EDGE_CURVE('',#4807,#4808,#2662,.T.);
#6073=EDGE_CURVE('',#4808,#4809,#2663,.T.);
#6074=EDGE_CURVE('',#4809,#4810,#2664,.T.);
#6075=EDGE_CURVE('',#4810,#4805,#2665,.T.);
#6076=EDGE_CURVE('',#4811,#4808,#2666,.T.);
#6077=EDGE_CURVE('',#4812,#4811,#2667,.T.);
#6078=EDGE_CURVE('',#4812,#4809,#2668,.T.);
#6079=EDGE_CURVE('',#4813,#4812,#2669,.T.);
#6080=EDGE_CURVE('',#4813,#4810,#2670,.T.);
#6081=EDGE_CURVE('',#4814,#4813,#2671,.T.);
#6082=EDGE_CURVE('',#4814,#4805,#2672,.T.);
#6083=EDGE_CURVE('',#4815,#4814,#2673,.T.);
#6084=EDGE_CURVE('',#4815,#4806,#2674,.T.);
#6085=EDGE_CURVE('',#4816,#4815,#2675,.T.);
#6086=EDGE_CURVE('',#4816,#4807,#2676,.T.);
#6087=EDGE_CURVE('',#4811,#4816,#2677,.T.);
#6088=EDGE_CURVE('',#4266,#4221,#3963,.T.);
#6089=EDGE_CURVE('',#4026,#4033,#3964,.T.);
#6090=EDGE_CURVE('',#4804,#4646,#2678,.T.);
#6091=EDGE_CURVE('',#4802,#4556,#3965,.T.);
#6092=EDGE_CURVE('',#4394,#4280,#2679,.T.);
#6093=EDGE_CURVE('',#4065,#4032,#2680,.T.);
#6094=EDGE_CURVE('',#4783,#4750,#3966,.T.);
#6095=EDGE_CURVE('',#4817,#4818,#2681,.T.);
#6096=EDGE_CURVE('',#4819,#4818,#2682,.T.);
#6097=EDGE_CURVE('',#4817,#4819,#3967,.T.);
#6098=EDGE_CURVE('',#4820,#4821,#2683,.T.);
#6099=EDGE_CURVE('',#4821,#4822,#3968,.T.);
#6100=EDGE_CURVE('',#4822,#4820,#2684,.T.);
#6101=EDGE_CURVE('',#4821,#4817,#2685,.T.);
#6102=EDGE_CURVE('',#4819,#4822,#2686,.T.);
#6103=EDGE_CURVE('',#4818,#4820,#2687,.T.);
#6104=ORIENTED_EDGE('',*,*,#4823,.T.);
#6105=ORIENTED_EDGE('',*,*,#4824,.T.);
#6106=ORIENTED_EDGE('',*,*,#4825,.T.);
#6107=ORIENTED_EDGE('',*,*,#4824,.F.);
#6108=ORIENTED_EDGE('',*,*,#4826,.T.);
#6109=ORIENTED_EDGE('',*,*,#4827,.T.);
#6110=ORIENTED_EDGE('',*,*,#4828,.T.);
#6111=ORIENTED_EDGE('',*,*,#4827,.F.);
#6112=ORIENTED_EDGE('',*,*,#4829,.F.);
#6113=ORIENTED_EDGE('',*,*,#4830,.T.);
#6114=ORIENTED_EDGE('',*,*,#4831,.T.);
#6115=ORIENTED_EDGE('',*,*,#4832,.F.);
#6116=ORIENTED_EDGE('',*,*,#4833,.F.);
#6117=ORIENTED_EDGE('',*,*,#4834,.T.);
#6118=ORIENTED_EDGE('',*,*,#4835,.T.);
#6119=ORIENTED_EDGE('',*,*,#4836,.F.);
#6120=ORIENTED_EDGE('',*,*,#4837,.F.);
#6121=ORIENTED_EDGE('',*,*,#4838,.T.);
#6122=ORIENTED_EDGE('',*,*,#4839,.T.);
#6123=ORIENTED_EDGE('',*,*,#4834,.F.);
#6124=ORIENTED_EDGE('',*,*,#4840,.F.);
#6125=ORIENTED_EDGE('',*,*,#4841,.T.);
#6126=ORIENTED_EDGE('',*,*,#4842,.T.);
#6127=ORIENTED_EDGE('',*,*,#4838,.F.);
#6128=ORIENTED_EDGE('',*,*,#4843,.F.);
#6129=ORIENTED_EDGE('',*,*,#4844,.T.);
#6130=ORIENTED_EDGE('',*,*,#4845,.T.);
#6131=ORIENTED_EDGE('',*,*,#4841,.F.);
#6132=ORIENTED_EDGE('',*,*,#4846,.F.);
#6133=ORIENTED_EDGE('',*,*,#4847,.T.);
#6134=ORIENTED_EDGE('',*,*,#4848,.T.);
#6135=ORIENTED_EDGE('',*,*,#4844,.F.);
#6136=ORIENTED_EDGE('',*,*,#4849,.F.);
#6137=ORIENTED_EDGE('',*,*,#4850,.T.);
#6138=ORIENTED_EDGE('',*,*,#4851,.T.);
#6139=ORIENTED_EDGE('',*,*,#4852,.F.);
#6140=ORIENTED_EDGE('',*,*,#4853,.F.);
#6141=ORIENTED_EDGE('',*,*,#4854,.T.);
#6142=ORIENTED_EDGE('',*,*,#4855,.T.);
#6143=ORIENTED_EDGE('',*,*,#4850,.F.);
#6144=ORIENTED_EDGE('',*,*,#4856,.F.);
#6145=ORIENTED_EDGE('',*,*,#4832,.T.);
#6146=ORIENTED_EDGE('',*,*,#4857,.T.);
#6147=ORIENTED_EDGE('',*,*,#4854,.F.);
#6148=ORIENTED_EDGE('',*,*,#4858,.F.);
#6149=ORIENTED_EDGE('',*,*,#4859,.T.);
#6150=ORIENTED_EDGE('',*,*,#4860,.F.);
#6151=ORIENTED_EDGE('',*,*,#4859,.F.);
#6152=ORIENTED_EDGE('',*,*,#4861,.F.);
#6153=ORIENTED_EDGE('',*,*,#4862,.T.);
#6154=ORIENTED_EDGE('',*,*,#4863,.F.);
#6155=ORIENTED_EDGE('',*,*,#4862,.F.);
#6156=ORIENTED_EDGE('',*,*,#4864,.T.);
#6157=ORIENTED_EDGE('',*,*,#4865,.T.);
#6158=ORIENTED_EDGE('',*,*,#4866,.F.);
#6159=ORIENTED_EDGE('',*,*,#4867,.F.);
#6160=ORIENTED_EDGE('',*,*,#4868,.F.);
#6161=ORIENTED_EDGE('',*,*,#4867,.T.);
#6162=ORIENTED_EDGE('',*,*,#4869,.T.);
#6163=ORIENTED_EDGE('',*,*,#4830,.F.);
#6164=ORIENTED_EDGE('',*,*,#4870,.T.);
#6165=ORIENTED_EDGE('',*,*,#4836,.T.);
#6166=ORIENTED_EDGE('',*,*,#4871,.F.);
#6167=ORIENTED_EDGE('',*,*,#4872,.F.);
#6168=ORIENTED_EDGE('',*,*,#4873,.T.);
#6169=ORIENTED_EDGE('',*,*,#4872,.T.);
#6170=ORIENTED_EDGE('',*,*,#4874,.F.);
#6171=ORIENTED_EDGE('',*,*,#4875,.F.);
#6172=ORIENTED_EDGE('',*,*,#4876,.T.);
#6173=ORIENTED_EDGE('',*,*,#4875,.T.);
#6174=ORIENTED_EDGE('',*,*,#4877,.F.);
#6175=ORIENTED_EDGE('',*,*,#4878,.F.);
#6176=ORIENTED_EDGE('',*,*,#4879,.T.);
#6177=ORIENTED_EDGE('',*,*,#4878,.T.);
#6178=ORIENTED_EDGE('',*,*,#4880,.F.);
#6179=ORIENTED_EDGE('',*,*,#4881,.F.);
#6180=ORIENTED_EDGE('',*,*,#4882,.T.);
#6181=ORIENTED_EDGE('',*,*,#4881,.T.);
#6182=ORIENTED_EDGE('',*,*,#4883,.F.);
#6183=ORIENTED_EDGE('',*,*,#4884,.F.);
#6184=ORIENTED_EDGE('',*,*,#4885,.T.);
#6185=ORIENTED_EDGE('',*,*,#4884,.T.);
#6186=ORIENTED_EDGE('',*,*,#4886,.F.);
#6187=ORIENTED_EDGE('',*,*,#4887,.F.);
#6188=ORIENTED_EDGE('',*,*,#4888,.F.);
#6189=ORIENTED_EDGE('',*,*,#4887,.T.);
#6190=ORIENTED_EDGE('',*,*,#4889,.T.);
#6191=ORIENTED_EDGE('',*,*,#4847,.F.);
#6192=ORIENTED_EDGE('',*,*,#4890,.T.);
#6193=ORIENTED_EDGE('',*,*,#4852,.T.);
#6194=ORIENTED_EDGE('',*,*,#4891,.F.);
#6195=ORIENTED_EDGE('',*,*,#4892,.F.);
#6196=ORIENTED_EDGE('',*,*,#4893,.T.);
#6197=ORIENTED_EDGE('',*,*,#4892,.T.);
#6198=ORIENTED_EDGE('',*,*,#4894,.F.);
#6199=ORIENTED_EDGE('',*,*,#4895,.F.);
#6200=ORIENTED_EDGE('',*,*,#4896,.T.);
#6201=ORIENTED_EDGE('',*,*,#4895,.T.);
#6202=ORIENTED_EDGE('',*,*,#4897,.F.);
#6203=ORIENTED_EDGE('',*,*,#4898,.F.);
#6204=ORIENTED_EDGE('',*,*,#4899,.T.);
#6205=ORIENTED_EDGE('',*,*,#4898,.T.);
#6206=ORIENTED_EDGE('',*,*,#4900,.F.);
#6207=ORIENTED_EDGE('',*,*,#4865,.F.);
#6208=ORIENTED_EDGE('',*,*,#4871,.T.);
#6209=ORIENTED_EDGE('',*,*,#4835,.F.);
#6210=ORIENTED_EDGE('',*,*,#4839,.F.);
#6211=ORIENTED_EDGE('',*,*,#4842,.F.);
#6212=ORIENTED_EDGE('',*,*,#4845,.F.);
#6213=ORIENTED_EDGE('',*,*,#4848,.F.);
#6214=ORIENTED_EDGE('',*,*,#4889,.F.);
#6215=ORIENTED_EDGE('',*,*,#4886,.T.);
#6216=ORIENTED_EDGE('',*,*,#4883,.T.);
#6217=ORIENTED_EDGE('',*,*,#4880,.T.);
#6218=ORIENTED_EDGE('',*,*,#4877,.T.);
#6219=ORIENTED_EDGE('',*,*,#4874,.T.);
#6220=ORIENTED_EDGE('',*,*,#4869,.F.);
#6221=ORIENTED_EDGE('',*,*,#4866,.T.);
#6222=ORIENTED_EDGE('',*,*,#4900,.T.);
#6223=ORIENTED_EDGE('',*,*,#4897,.T.);
#6224=ORIENTED_EDGE('',*,*,#4894,.T.);
#6225=ORIENTED_EDGE('',*,*,#4891,.T.);
#6226=ORIENTED_EDGE('',*,*,#4851,.F.);
#6227=ORIENTED_EDGE('',*,*,#4855,.F.);
#6228=ORIENTED_EDGE('',*,*,#4857,.F.);
#6229=ORIENTED_EDGE('',*,*,#4831,.F.);
#6230=ORIENTED_EDGE('',*,*,#4826,.F.);
#6231=ORIENTED_EDGE('',*,*,#4823,.F.);
#6232=ORIENTED_EDGE('',*,*,#4858,.T.);
#6233=ORIENTED_EDGE('',*,*,#4861,.T.);
#6234=ORIENTED_EDGE('',*,*,#4870,.F.);
#6235=ORIENTED_EDGE('',*,*,#4873,.F.);
#6236=ORIENTED_EDGE('',*,*,#4876,.F.);
#6237=ORIENTED_EDGE('',*,*,#4879,.F.);
#6238=ORIENTED_EDGE('',*,*,#4882,.F.);
#6239=ORIENTED_EDGE('',*,*,#4885,.F.);
#6240=ORIENTED_EDGE('',*,*,#4888,.T.);
#6241=ORIENTED_EDGE('',*,*,#4846,.T.);
#6242=ORIENTED_EDGE('',*,*,#4843,.T.);
#6243=ORIENTED_EDGE('',*,*,#4840,.T.);
#6244=ORIENTED_EDGE('',*,*,#4837,.T.);
#6245=ORIENTED_EDGE('',*,*,#4833,.T.);
#6246=ORIENTED_EDGE('',*,*,#4828,.F.);
#6247=ORIENTED_EDGE('',*,*,#4825,.F.);
#6248=ORIENTED_EDGE('',*,*,#4860,.T.);
#6249=ORIENTED_EDGE('',*,*,#4863,.T.);
#6250=ORIENTED_EDGE('',*,*,#4868,.T.);
#6251=ORIENTED_EDGE('',*,*,#4829,.T.);
#6252=ORIENTED_EDGE('',*,*,#4856,.T.);
#6253=ORIENTED_EDGE('',*,*,#4853,.T.);
#6254=ORIENTED_EDGE('',*,*,#4849,.T.);
#6255=ORIENTED_EDGE('',*,*,#4890,.F.);
#6256=ORIENTED_EDGE('',*,*,#4893,.F.);
#6257=ORIENTED_EDGE('',*,*,#4896,.F.);
#6258=ORIENTED_EDGE('',*,*,#4899,.F.);
#6259=ORIENTED_EDGE('',*,*,#4864,.F.);
#6260=ORIENTED_EDGE('',*,*,#4901,.F.);
#6261=ORIENTED_EDGE('',*,*,#4902,.F.);
#6262=ORIENTED_EDGE('',*,*,#4903,.T.);
#6263=ORIENTED_EDGE('',*,*,#4904,.F.);
#6264=ORIENTED_EDGE('',*,*,#4905,.F.);
#6265=ORIENTED_EDGE('',*,*,#4906,.F.);
#6266=ORIENTED_EDGE('',*,*,#4903,.F.);
#6267=ORIENTED_EDGE('',*,*,#4907,.F.);
#6268=ORIENTED_EDGE('',*,*,#4908,.F.);
#6269=ORIENTED_EDGE('',*,*,#4909,.F.);
#6270=ORIENTED_EDGE('',*,*,#4910,.T.);
#6271=ORIENTED_EDGE('',*,*,#4911,.F.);
#6272=ORIENTED_EDGE('',*,*,#4912,.F.);
#6273=ORIENTED_EDGE('',*,*,#4913,.F.);
#6274=ORIENTED_EDGE('',*,*,#4910,.F.);
#6275=ORIENTED_EDGE('',*,*,#4914,.F.);
#6276=ORIENTED_EDGE('',*,*,#4915,.F.);
#6277=ORIENTED_EDGE('',*,*,#4916,.F.);
#6278=ORIENTED_EDGE('',*,*,#4917,.T.);
#6279=ORIENTED_EDGE('',*,*,#4918,.F.);
#6280=ORIENTED_EDGE('',*,*,#4919,.F.);
#6281=ORIENTED_EDGE('',*,*,#4917,.F.);
#6282=ORIENTED_EDGE('',*,*,#4920,.F.);
#6283=ORIENTED_EDGE('',*,*,#4921,.T.);
#6284=ORIENTED_EDGE('',*,*,#4922,.F.);
#6285=ORIENTED_EDGE('',*,*,#4921,.F.);
#6286=ORIENTED_EDGE('',*,*,#4923,.F.);
#6287=ORIENTED_EDGE('',*,*,#4924,.T.);
#6288=ORIENTED_EDGE('',*,*,#4925,.F.);
#6289=ORIENTED_EDGE('',*,*,#4924,.F.);
#6290=ORIENTED_EDGE('',*,*,#4926,.F.);
#6291=ORIENTED_EDGE('',*,*,#4927,.T.);
#6292=ORIENTED_EDGE('',*,*,#4928,.F.);
#6293=ORIENTED_EDGE('',*,*,#4929,.F.);
#6294=ORIENTED_EDGE('',*,*,#4927,.F.);
#6295=ORIENTED_EDGE('',*,*,#4930,.F.);
#6296=ORIENTED_EDGE('',*,*,#4931,.F.);
#6297=ORIENTED_EDGE('',*,*,#4932,.F.);
#6298=ORIENTED_EDGE('',*,*,#4933,.T.);
#6299=ORIENTED_EDGE('',*,*,#4934,.F.);
#6300=ORIENTED_EDGE('',*,*,#4935,.F.);
#6301=ORIENTED_EDGE('',*,*,#4933,.F.);
#6302=ORIENTED_EDGE('',*,*,#4936,.F.);
#6303=ORIENTED_EDGE('',*,*,#4937,.T.);
#6304=ORIENTED_EDGE('',*,*,#4938,.F.);
#6305=ORIENTED_EDGE('',*,*,#4937,.F.);
#6306=ORIENTED_EDGE('',*,*,#4939,.F.);
#6307=ORIENTED_EDGE('',*,*,#4940,.T.);
#6308=ORIENTED_EDGE('',*,*,#4941,.F.);
#6309=ORIENTED_EDGE('',*,*,#4942,.F.);
#6310=ORIENTED_EDGE('',*,*,#4940,.F.);
#6311=ORIENTED_EDGE('',*,*,#4943,.F.);
#6312=ORIENTED_EDGE('',*,*,#4944,.F.);
#6313=ORIENTED_EDGE('',*,*,#4945,.F.);
#6314=ORIENTED_EDGE('',*,*,#4946,.F.);
#6315=ORIENTED_EDGE('',*,*,#4947,.T.);
#6316=ORIENTED_EDGE('',*,*,#4948,.F.);
#6317=ORIENTED_EDGE('',*,*,#4947,.F.);
#6318=ORIENTED_EDGE('',*,*,#4949,.F.);
#6319=ORIENTED_EDGE('',*,*,#4950,.T.);
#6320=ORIENTED_EDGE('',*,*,#4951,.F.);
#6321=ORIENTED_EDGE('',*,*,#4950,.F.);
#6322=ORIENTED_EDGE('',*,*,#4952,.F.);
#6323=ORIENTED_EDGE('',*,*,#4953,.T.);
#6324=ORIENTED_EDGE('',*,*,#4954,.F.);
#6325=ORIENTED_EDGE('',*,*,#4955,.F.);
#6326=ORIENTED_EDGE('',*,*,#4953,.F.);
#6327=ORIENTED_EDGE('',*,*,#4956,.F.);
#6328=ORIENTED_EDGE('',*,*,#4957,.F.);
#6329=ORIENTED_EDGE('',*,*,#4958,.F.);
#6330=ORIENTED_EDGE('',*,*,#4945,.T.);
#6331=ORIENTED_EDGE('',*,*,#4959,.F.);
#6332=ORIENTED_EDGE('',*,*,#4960,.F.);
#6333=ORIENTED_EDGE('',*,*,#4961,.F.);
#6334=ORIENTED_EDGE('',*,*,#4962,.F.);
#6335=ORIENTED_EDGE('',*,*,#4963,.T.);
#6336=ORIENTED_EDGE('',*,*,#4964,.F.);
#6337=ORIENTED_EDGE('',*,*,#4963,.F.);
#6338=ORIENTED_EDGE('',*,*,#4965,.F.);
#6339=ORIENTED_EDGE('',*,*,#4966,.T.);
#6340=ORIENTED_EDGE('',*,*,#4967,.F.);
#6341=ORIENTED_EDGE('',*,*,#4966,.F.);
#6342=ORIENTED_EDGE('',*,*,#4968,.F.);
#6343=ORIENTED_EDGE('',*,*,#4969,.T.);
#6344=ORIENTED_EDGE('',*,*,#4970,.F.);
#6345=ORIENTED_EDGE('',*,*,#4969,.F.);
#6346=ORIENTED_EDGE('',*,*,#4971,.F.);
#6347=ORIENTED_EDGE('',*,*,#4972,.T.);
#6348=ORIENTED_EDGE('',*,*,#4973,.F.);
#6349=ORIENTED_EDGE('',*,*,#4972,.F.);
#6350=ORIENTED_EDGE('',*,*,#4974,.F.);
#6351=ORIENTED_EDGE('',*,*,#4975,.T.);
#6352=ORIENTED_EDGE('',*,*,#4976,.F.);
#6353=ORIENTED_EDGE('',*,*,#4975,.F.);
#6354=ORIENTED_EDGE('',*,*,#4977,.F.);
#6355=ORIENTED_EDGE('',*,*,#4961,.T.);
#6356=ORIENTED_EDGE('',*,*,#4978,.F.);
#6357=ORIENTED_EDGE('',*,*,#4979,.F.);
#6358=ORIENTED_EDGE('',*,*,#4980,.T.);
#6359=ORIENTED_EDGE('',*,*,#4981,.F.);
#6360=ORIENTED_EDGE('',*,*,#4982,.F.);
#6361=ORIENTED_EDGE('',*,*,#4980,.F.);
#6362=ORIENTED_EDGE('',*,*,#4983,.F.);
#6363=ORIENTED_EDGE('',*,*,#4984,.T.);
#6364=ORIENTED_EDGE('',*,*,#4985,.F.);
#6365=ORIENTED_EDGE('',*,*,#4984,.F.);
#6366=ORIENTED_EDGE('',*,*,#4986,.F.);
#6367=ORIENTED_EDGE('',*,*,#4987,.T.);
#6368=ORIENTED_EDGE('',*,*,#4988,.F.);
#6369=ORIENTED_EDGE('',*,*,#4989,.F.);
#6370=ORIENTED_EDGE('',*,*,#4987,.F.);
#6371=ORIENTED_EDGE('',*,*,#4990,.F.);
#6372=ORIENTED_EDGE('',*,*,#4991,.F.);
#6373=ORIENTED_EDGE('',*,*,#4992,.F.);
#6374=ORIENTED_EDGE('',*,*,#4993,.T.);
#6375=ORIENTED_EDGE('',*,*,#4994,.F.);
#6376=ORIENTED_EDGE('',*,*,#4995,.F.);
#6377=ORIENTED_EDGE('',*,*,#4993,.F.);
#6378=ORIENTED_EDGE('',*,*,#4996,.F.);
#6379=ORIENTED_EDGE('',*,*,#4997,.T.);
#6380=ORIENTED_EDGE('',*,*,#4998,.F.);
#6381=ORIENTED_EDGE('',*,*,#4999,.F.);
#6382=ORIENTED_EDGE('',*,*,#4997,.F.);
#6383=ORIENTED_EDGE('',*,*,#5000,.F.);
#6384=ORIENTED_EDGE('',*,*,#5001,.F.);
#6385=ORIENTED_EDGE('',*,*,#5002,.F.);
#6386=ORIENTED_EDGE('',*,*,#5003,.F.);
#6387=ORIENTED_EDGE('',*,*,#5004,.T.);
#6388=ORIENTED_EDGE('',*,*,#5005,.F.);
#6389=ORIENTED_EDGE('',*,*,#5004,.F.);
#6390=ORIENTED_EDGE('',*,*,#5006,.F.);
#6391=ORIENTED_EDGE('',*,*,#5007,.T.);
#6392=ORIENTED_EDGE('',*,*,#5008,.F.);
#6393=ORIENTED_EDGE('',*,*,#5007,.F.);
#6394=ORIENTED_EDGE('',*,*,#5009,.F.);
#6395=ORIENTED_EDGE('',*,*,#5010,.T.);
#6396=ORIENTED_EDGE('',*,*,#5011,.F.);
#6397=ORIENTED_EDGE('',*,*,#5010,.F.);
#6398=ORIENTED_EDGE('',*,*,#5012,.F.);
#6399=ORIENTED_EDGE('',*,*,#5013,.T.);
#6400=ORIENTED_EDGE('',*,*,#5014,.F.);
#6401=ORIENTED_EDGE('',*,*,#5013,.F.);
#6402=ORIENTED_EDGE('',*,*,#5015,.F.);
#6403=ORIENTED_EDGE('',*,*,#5016,.T.);
#6404=ORIENTED_EDGE('',*,*,#5017,.F.);
#6405=ORIENTED_EDGE('',*,*,#5016,.F.);
#6406=ORIENTED_EDGE('',*,*,#5018,.F.);
#6407=ORIENTED_EDGE('',*,*,#5002,.T.);
#6408=ORIENTED_EDGE('',*,*,#5019,.F.);
#6409=ORIENTED_EDGE('',*,*,#5020,.F.);
#6410=ORIENTED_EDGE('',*,*,#5021,.F.);
#6411=ORIENTED_EDGE('',*,*,#5022,.T.);
#6412=ORIENTED_EDGE('',*,*,#5023,.F.);
#6413=ORIENTED_EDGE('',*,*,#5022,.F.);
#6414=ORIENTED_EDGE('',*,*,#5024,.F.);
#6415=ORIENTED_EDGE('',*,*,#5025,.T.);
#6416=ORIENTED_EDGE('',*,*,#5026,.F.);
#6417=ORIENTED_EDGE('',*,*,#5025,.F.);
#6418=ORIENTED_EDGE('',*,*,#5027,.F.);
#6419=ORIENTED_EDGE('',*,*,#5028,.T.);
#6420=ORIENTED_EDGE('',*,*,#5029,.F.);
#6421=ORIENTED_EDGE('',*,*,#5028,.F.);
#6422=ORIENTED_EDGE('',*,*,#5030,.F.);
#6423=ORIENTED_EDGE('',*,*,#5031,.T.);
#6424=ORIENTED_EDGE('',*,*,#5032,.F.);
#6425=ORIENTED_EDGE('',*,*,#5031,.F.);
#6426=ORIENTED_EDGE('',*,*,#5033,.F.);
#6427=ORIENTED_EDGE('',*,*,#5034,.T.);
#6428=ORIENTED_EDGE('',*,*,#5035,.F.);
#6429=ORIENTED_EDGE('',*,*,#5034,.F.);
#6430=ORIENTED_EDGE('',*,*,#5036,.F.);
#6431=ORIENTED_EDGE('',*,*,#5020,.T.);
#6432=ORIENTED_EDGE('',*,*,#5037,.F.);
#6433=ORIENTED_EDGE('',*,*,#5038,.F.);
#6434=ORIENTED_EDGE('',*,*,#5039,.T.);
#6435=ORIENTED_EDGE('',*,*,#5040,.F.);
#6436=ORIENTED_EDGE('',*,*,#5041,.F.);
#6437=ORIENTED_EDGE('',*,*,#5039,.F.);
#6438=ORIENTED_EDGE('',*,*,#5042,.F.);
#6439=ORIENTED_EDGE('',*,*,#5043,.T.);
#6440=ORIENTED_EDGE('',*,*,#5044,.F.);
#6441=ORIENTED_EDGE('',*,*,#5043,.F.);
#6442=ORIENTED_EDGE('',*,*,#5045,.F.);
#6443=ORIENTED_EDGE('',*,*,#5046,.T.);
#6444=ORIENTED_EDGE('',*,*,#5047,.F.);
#6445=ORIENTED_EDGE('',*,*,#5048,.F.);
#6446=ORIENTED_EDGE('',*,*,#5046,.F.);
#6447=ORIENTED_EDGE('',*,*,#5049,.F.);
#6448=ORIENTED_EDGE('',*,*,#5050,.F.);
#6449=ORIENTED_EDGE('',*,*,#5051,.F.);
#6450=ORIENTED_EDGE('',*,*,#5052,.F.);
#6451=ORIENTED_EDGE('',*,*,#5053,.T.);
#6452=ORIENTED_EDGE('',*,*,#5054,.F.);
#6453=ORIENTED_EDGE('',*,*,#5053,.F.);
#6454=ORIENTED_EDGE('',*,*,#5055,.F.);
#6455=ORIENTED_EDGE('',*,*,#5056,.T.);
#6456=ORIENTED_EDGE('',*,*,#5057,.F.);
#6457=ORIENTED_EDGE('',*,*,#5056,.F.);
#6458=ORIENTED_EDGE('',*,*,#5058,.F.);
#6459=ORIENTED_EDGE('',*,*,#5059,.T.);
#6460=ORIENTED_EDGE('',*,*,#5060,.F.);
#6461=ORIENTED_EDGE('',*,*,#5061,.F.);
#6462=ORIENTED_EDGE('',*,*,#5059,.F.);
#6463=ORIENTED_EDGE('',*,*,#5062,.F.);
#6464=ORIENTED_EDGE('',*,*,#5063,.F.);
#6465=ORIENTED_EDGE('',*,*,#5064,.F.);
#6466=ORIENTED_EDGE('',*,*,#5051,.T.);
#6467=ORIENTED_EDGE('',*,*,#5065,.F.);
#6468=ORIENTED_EDGE('',*,*,#5066,.F.);
#6469=ORIENTED_EDGE('',*,*,#5067,.F.);
#6470=ORIENTED_EDGE('',*,*,#5068,.F.);
#6471=ORIENTED_EDGE('',*,*,#5069,.T.);
#6472=ORIENTED_EDGE('',*,*,#5070,.F.);
#6473=ORIENTED_EDGE('',*,*,#5069,.F.);
#6474=ORIENTED_EDGE('',*,*,#5071,.F.);
#6475=ORIENTED_EDGE('',*,*,#5072,.T.);
#6476=ORIENTED_EDGE('',*,*,#5073,.F.);
#6477=ORIENTED_EDGE('',*,*,#5072,.F.);
#6478=ORIENTED_EDGE('',*,*,#5074,.F.);
#6479=ORIENTED_EDGE('',*,*,#5075,.T.);
#6480=ORIENTED_EDGE('',*,*,#5076,.F.);
#6481=ORIENTED_EDGE('',*,*,#5075,.F.);
#6482=ORIENTED_EDGE('',*,*,#5077,.F.);
#6483=ORIENTED_EDGE('',*,*,#5078,.T.);
#6484=ORIENTED_EDGE('',*,*,#5079,.F.);
#6485=ORIENTED_EDGE('',*,*,#5078,.F.);
#6486=ORIENTED_EDGE('',*,*,#5080,.F.);
#6487=ORIENTED_EDGE('',*,*,#5081,.T.);
#6488=ORIENTED_EDGE('',*,*,#5082,.F.);
#6489=ORIENTED_EDGE('',*,*,#5081,.F.);
#6490=ORIENTED_EDGE('',*,*,#5083,.F.);
#6491=ORIENTED_EDGE('',*,*,#5067,.T.);
#6492=ORIENTED_EDGE('',*,*,#5084,.F.);
#6493=ORIENTED_EDGE('',*,*,#5085,.F.);
#6494=ORIENTED_EDGE('',*,*,#5086,.F.);
#6495=ORIENTED_EDGE('',*,*,#5087,.T.);
#6496=ORIENTED_EDGE('',*,*,#5088,.F.);
#6497=ORIENTED_EDGE('',*,*,#5087,.F.);
#6498=ORIENTED_EDGE('',*,*,#5089,.F.);
#6499=ORIENTED_EDGE('',*,*,#5090,.T.);
#6500=ORIENTED_EDGE('',*,*,#5091,.F.);
#6501=ORIENTED_EDGE('',*,*,#5090,.F.);
#6502=ORIENTED_EDGE('',*,*,#5092,.F.);
#6503=ORIENTED_EDGE('',*,*,#5093,.T.);
#6504=ORIENTED_EDGE('',*,*,#5094,.F.);
#6505=ORIENTED_EDGE('',*,*,#5093,.F.);
#6506=ORIENTED_EDGE('',*,*,#5095,.F.);
#6507=ORIENTED_EDGE('',*,*,#5096,.T.);
#6508=ORIENTED_EDGE('',*,*,#5097,.F.);
#6509=ORIENTED_EDGE('',*,*,#5096,.F.);
#6510=ORIENTED_EDGE('',*,*,#5098,.F.);
#6511=ORIENTED_EDGE('',*,*,#5099,.T.);
#6512=ORIENTED_EDGE('',*,*,#5100,.F.);
#6513=ORIENTED_EDGE('',*,*,#5099,.F.);
#6514=ORIENTED_EDGE('',*,*,#5101,.F.);
#6515=ORIENTED_EDGE('',*,*,#5085,.T.);
#6516=ORIENTED_EDGE('',*,*,#5102,.F.);
#6517=ORIENTED_EDGE('',*,*,#5103,.F.);
#6518=ORIENTED_EDGE('',*,*,#5104,.T.);
#6519=ORIENTED_EDGE('',*,*,#5105,.F.);
#6520=ORIENTED_EDGE('',*,*,#5106,.F.);
#6521=ORIENTED_EDGE('',*,*,#5104,.F.);
#6522=ORIENTED_EDGE('',*,*,#5107,.F.);
#6523=ORIENTED_EDGE('',*,*,#5108,.T.);
#6524=ORIENTED_EDGE('',*,*,#5109,.F.);
#6525=ORIENTED_EDGE('',*,*,#5108,.F.);
#6526=ORIENTED_EDGE('',*,*,#5110,.F.);
#6527=ORIENTED_EDGE('',*,*,#5111,.T.);
#6528=ORIENTED_EDGE('',*,*,#5112,.F.);
#6529=ORIENTED_EDGE('',*,*,#5113,.F.);
#6530=ORIENTED_EDGE('',*,*,#5111,.F.);
#6531=ORIENTED_EDGE('',*,*,#5114,.F.);
#6532=ORIENTED_EDGE('',*,*,#5115,.F.);
#6533=ORIENTED_EDGE('',*,*,#5116,.F.);
#6534=ORIENTED_EDGE('',*,*,#5117,.T.);
#6535=ORIENTED_EDGE('',*,*,#5118,.F.);
#6536=ORIENTED_EDGE('',*,*,#5119,.F.);
#6537=ORIENTED_EDGE('',*,*,#5117,.F.);
#6538=ORIENTED_EDGE('',*,*,#5120,.F.);
#6539=ORIENTED_EDGE('',*,*,#5121,.T.);
#6540=ORIENTED_EDGE('',*,*,#5122,.F.);
#6541=ORIENTED_EDGE('',*,*,#5123,.F.);
#6542=ORIENTED_EDGE('',*,*,#5121,.F.);
#6543=ORIENTED_EDGE('',*,*,#5124,.F.);
#6544=ORIENTED_EDGE('',*,*,#5125,.F.);
#6545=ORIENTED_EDGE('',*,*,#5126,.F.);
#6546=ORIENTED_EDGE('',*,*,#5127,.F.);
#6547=ORIENTED_EDGE('',*,*,#5128,.T.);
#6548=ORIENTED_EDGE('',*,*,#5129,.F.);
#6549=ORIENTED_EDGE('',*,*,#5128,.F.);
#6550=ORIENTED_EDGE('',*,*,#5130,.F.);
#6551=ORIENTED_EDGE('',*,*,#5131,.T.);
#6552=ORIENTED_EDGE('',*,*,#5132,.F.);
#6553=ORIENTED_EDGE('',*,*,#5131,.F.);
#6554=ORIENTED_EDGE('',*,*,#5133,.F.);
#6555=ORIENTED_EDGE('',*,*,#5134,.T.);
#6556=ORIENTED_EDGE('',*,*,#5135,.F.);
#6557=ORIENTED_EDGE('',*,*,#5134,.F.);
#6558=ORIENTED_EDGE('',*,*,#5136,.F.);
#6559=ORIENTED_EDGE('',*,*,#5137,.T.);
#6560=ORIENTED_EDGE('',*,*,#5138,.F.);
#6561=ORIENTED_EDGE('',*,*,#5137,.F.);
#6562=ORIENTED_EDGE('',*,*,#5139,.F.);
#6563=ORIENTED_EDGE('',*,*,#5140,.T.);
#6564=ORIENTED_EDGE('',*,*,#5141,.F.);
#6565=ORIENTED_EDGE('',*,*,#5140,.F.);
#6566=ORIENTED_EDGE('',*,*,#5142,.F.);
#6567=ORIENTED_EDGE('',*,*,#5126,.T.);
#6568=ORIENTED_EDGE('',*,*,#5143,.F.);
#6569=ORIENTED_EDGE('',*,*,#5144,.F.);
#6570=ORIENTED_EDGE('',*,*,#5145,.F.);
#6571=ORIENTED_EDGE('',*,*,#5146,.T.);
#6572=ORIENTED_EDGE('',*,*,#5147,.F.);
#6573=ORIENTED_EDGE('',*,*,#5146,.F.);
#6574=ORIENTED_EDGE('',*,*,#5148,.F.);
#6575=ORIENTED_EDGE('',*,*,#5149,.T.);
#6576=ORIENTED_EDGE('',*,*,#5150,.F.);
#6577=ORIENTED_EDGE('',*,*,#5149,.F.);
#6578=ORIENTED_EDGE('',*,*,#5151,.F.);
#6579=ORIENTED_EDGE('',*,*,#5152,.T.);
#6580=ORIENTED_EDGE('',*,*,#5153,.F.);
#6581=ORIENTED_EDGE('',*,*,#5152,.F.);
#6582=ORIENTED_EDGE('',*,*,#5154,.F.);
#6583=ORIENTED_EDGE('',*,*,#5155,.T.);
#6584=ORIENTED_EDGE('',*,*,#5156,.F.);
#6585=ORIENTED_EDGE('',*,*,#5155,.F.);
#6586=ORIENTED_EDGE('',*,*,#5157,.F.);
#6587=ORIENTED_EDGE('',*,*,#5158,.T.);
#6588=ORIENTED_EDGE('',*,*,#5159,.F.);
#6589=ORIENTED_EDGE('',*,*,#5158,.F.);
#6590=ORIENTED_EDGE('',*,*,#5160,.F.);
#6591=ORIENTED_EDGE('',*,*,#5144,.T.);
#6592=ORIENTED_EDGE('',*,*,#5161,.F.);
#6593=ORIENTED_EDGE('',*,*,#5162,.F.);
#6594=ORIENTED_EDGE('',*,*,#5163,.F.);
#6595=ORIENTED_EDGE('',*,*,#5164,.T.);
#6596=ORIENTED_EDGE('',*,*,#5165,.F.);
#6597=ORIENTED_EDGE('',*,*,#5164,.F.);
#6598=ORIENTED_EDGE('',*,*,#5166,.F.);
#6599=ORIENTED_EDGE('',*,*,#5167,.T.);
#6600=ORIENTED_EDGE('',*,*,#5168,.F.);
#6601=ORIENTED_EDGE('',*,*,#5167,.F.);
#6602=ORIENTED_EDGE('',*,*,#5169,.F.);
#6603=ORIENTED_EDGE('',*,*,#5170,.T.);
#6604=ORIENTED_EDGE('',*,*,#5171,.F.);
#6605=ORIENTED_EDGE('',*,*,#5170,.F.);
#6606=ORIENTED_EDGE('',*,*,#5172,.F.);
#6607=ORIENTED_EDGE('',*,*,#5173,.T.);
#6608=ORIENTED_EDGE('',*,*,#5174,.F.);
#6609=ORIENTED_EDGE('',*,*,#5173,.F.);
#6610=ORIENTED_EDGE('',*,*,#5175,.F.);
#6611=ORIENTED_EDGE('',*,*,#5176,.T.);
#6612=ORIENTED_EDGE('',*,*,#5177,.F.);
#6613=ORIENTED_EDGE('',*,*,#5176,.F.);
#6614=ORIENTED_EDGE('',*,*,#5178,.F.);
#6615=ORIENTED_EDGE('',*,*,#5162,.T.);
#6616=ORIENTED_EDGE('',*,*,#5179,.F.);
#6617=ORIENTED_EDGE('',*,*,#5180,.F.);
#6618=ORIENTED_EDGE('',*,*,#5181,.T.);
#6619=ORIENTED_EDGE('',*,*,#5182,.F.);
#6620=ORIENTED_EDGE('',*,*,#5183,.F.);
#6621=ORIENTED_EDGE('',*,*,#5181,.F.);
#6622=ORIENTED_EDGE('',*,*,#5184,.F.);
#6623=ORIENTED_EDGE('',*,*,#5185,.T.);
#6624=ORIENTED_EDGE('',*,*,#5186,.F.);
#6625=ORIENTED_EDGE('',*,*,#5187,.F.);
#6626=ORIENTED_EDGE('',*,*,#5185,.F.);
#6627=ORIENTED_EDGE('',*,*,#5188,.F.);
#6628=ORIENTED_EDGE('',*,*,#5189,.F.);
#6629=ORIENTED_EDGE('',*,*,#5190,.F.);
#6630=ORIENTED_EDGE('',*,*,#5191,.F.);
#6631=ORIENTED_EDGE('',*,*,#5192,.T.);
#6632=ORIENTED_EDGE('',*,*,#5193,.F.);
#6633=ORIENTED_EDGE('',*,*,#5192,.F.);
#6634=ORIENTED_EDGE('',*,*,#5194,.F.);
#6635=ORIENTED_EDGE('',*,*,#5195,.T.);
#6636=ORIENTED_EDGE('',*,*,#5196,.F.);
#6637=ORIENTED_EDGE('',*,*,#5195,.F.);
#6638=ORIENTED_EDGE('',*,*,#5197,.F.);
#6639=ORIENTED_EDGE('',*,*,#5198,.T.);
#6640=ORIENTED_EDGE('',*,*,#5199,.F.);
#6641=ORIENTED_EDGE('',*,*,#5200,.F.);
#6642=ORIENTED_EDGE('',*,*,#5198,.F.);
#6643=ORIENTED_EDGE('',*,*,#5201,.F.);
#6644=ORIENTED_EDGE('',*,*,#5202,.F.);
#6645=ORIENTED_EDGE('',*,*,#5203,.F.);
#6646=ORIENTED_EDGE('',*,*,#5190,.T.);
#6647=ORIENTED_EDGE('',*,*,#5204,.F.);
#6648=ORIENTED_EDGE('',*,*,#5205,.F.);
#6649=ORIENTED_EDGE('',*,*,#5206,.F.);
#6650=ORIENTED_EDGE('',*,*,#5207,.F.);
#6651=ORIENTED_EDGE('',*,*,#5208,.T.);
#6652=ORIENTED_EDGE('',*,*,#5209,.F.);
#6653=ORIENTED_EDGE('',*,*,#5208,.F.);
#6654=ORIENTED_EDGE('',*,*,#5210,.F.);
#6655=ORIENTED_EDGE('',*,*,#5211,.T.);
#6656=ORIENTED_EDGE('',*,*,#5212,.F.);
#6657=ORIENTED_EDGE('',*,*,#5211,.F.);
#6658=ORIENTED_EDGE('',*,*,#5213,.F.);
#6659=ORIENTED_EDGE('',*,*,#5214,.T.);
#6660=ORIENTED_EDGE('',*,*,#5215,.F.);
#6661=ORIENTED_EDGE('',*,*,#5214,.F.);
#6662=ORIENTED_EDGE('',*,*,#5216,.F.);
#6663=ORIENTED_EDGE('',*,*,#5217,.T.);
#6664=ORIENTED_EDGE('',*,*,#5218,.F.);
#6665=ORIENTED_EDGE('',*,*,#5217,.F.);
#6666=ORIENTED_EDGE('',*,*,#5219,.F.);
#6667=ORIENTED_EDGE('',*,*,#5220,.T.);
#6668=ORIENTED_EDGE('',*,*,#5221,.F.);
#6669=ORIENTED_EDGE('',*,*,#5220,.F.);
#6670=ORIENTED_EDGE('',*,*,#5222,.F.);
#6671=ORIENTED_EDGE('',*,*,#5206,.T.);
#6672=ORIENTED_EDGE('',*,*,#5223,.F.);
#6673=ORIENTED_EDGE('',*,*,#5224,.F.);
#6674=ORIENTED_EDGE('',*,*,#5225,.F.);
#6675=ORIENTED_EDGE('',*,*,#5226,.T.);
#6676=ORIENTED_EDGE('',*,*,#5227,.F.);
#6677=ORIENTED_EDGE('',*,*,#5226,.F.);
#6678=ORIENTED_EDGE('',*,*,#5228,.F.);
#6679=ORIENTED_EDGE('',*,*,#5229,.T.);
#6680=ORIENTED_EDGE('',*,*,#5230,.F.);
#6681=ORIENTED_EDGE('',*,*,#5229,.F.);
#6682=ORIENTED_EDGE('',*,*,#5231,.F.);
#6683=ORIENTED_EDGE('',*,*,#5232,.T.);
#6684=ORIENTED_EDGE('',*,*,#5233,.F.);
#6685=ORIENTED_EDGE('',*,*,#5232,.F.);
#6686=ORIENTED_EDGE('',*,*,#5234,.F.);
#6687=ORIENTED_EDGE('',*,*,#5235,.T.);
#6688=ORIENTED_EDGE('',*,*,#5236,.F.);
#6689=ORIENTED_EDGE('',*,*,#5235,.F.);
#6690=ORIENTED_EDGE('',*,*,#5237,.F.);
#6691=ORIENTED_EDGE('',*,*,#5238,.T.);
#6692=ORIENTED_EDGE('',*,*,#5239,.F.);
#6693=ORIENTED_EDGE('',*,*,#5238,.F.);
#6694=ORIENTED_EDGE('',*,*,#5240,.F.);
#6695=ORIENTED_EDGE('',*,*,#5224,.T.);
#6696=ORIENTED_EDGE('',*,*,#5241,.F.);
#6697=ORIENTED_EDGE('',*,*,#5242,.F.);
#6698=ORIENTED_EDGE('',*,*,#5243,.F.);
#6699=ORIENTED_EDGE('',*,*,#5244,.F.);
#6700=ORIENTED_EDGE('',*,*,#5245,.F.);
#6701=ORIENTED_EDGE('',*,*,#5246,.F.);
#6702=ORIENTED_EDGE('',*,*,#5247,.T.);
#6703=ORIENTED_EDGE('',*,*,#5248,.F.);
#6704=ORIENTED_EDGE('',*,*,#5249,.F.);
#6705=ORIENTED_EDGE('',*,*,#5247,.F.);
#6706=ORIENTED_EDGE('',*,*,#5250,.F.);
#6707=ORIENTED_EDGE('',*,*,#5251,.T.);
#6708=ORIENTED_EDGE('',*,*,#5252,.F.);
#6709=ORIENTED_EDGE('',*,*,#5251,.F.);
#6710=ORIENTED_EDGE('',*,*,#5253,.F.);
#6711=ORIENTED_EDGE('',*,*,#5254,.T.);
#6712=ORIENTED_EDGE('',*,*,#5255,.F.);
#6713=ORIENTED_EDGE('',*,*,#5254,.F.);
#6714=ORIENTED_EDGE('',*,*,#5256,.F.);
#6715=ORIENTED_EDGE('',*,*,#5243,.T.);
#6716=ORIENTED_EDGE('',*,*,#5257,.F.);
#6717=ORIENTED_EDGE('',*,*,#5258,.F.);
#6718=ORIENTED_EDGE('',*,*,#5259,.F.);
#6719=ORIENTED_EDGE('',*,*,#5260,.F.);
#6720=ORIENTED_EDGE('',*,*,#5261,.F.);
#6721=ORIENTED_EDGE('',*,*,#5262,.F.);
#6722=ORIENTED_EDGE('',*,*,#5263,.T.);
#6723=ORIENTED_EDGE('',*,*,#5264,.F.);
#6724=ORIENTED_EDGE('',*,*,#5265,.F.);
#6725=ORIENTED_EDGE('',*,*,#5263,.F.);
#6726=ORIENTED_EDGE('',*,*,#5266,.F.);
#6727=ORIENTED_EDGE('',*,*,#5267,.T.);
#6728=ORIENTED_EDGE('',*,*,#5268,.F.);
#6729=ORIENTED_EDGE('',*,*,#5269,.F.);
#6730=ORIENTED_EDGE('',*,*,#5267,.F.);
#6731=ORIENTED_EDGE('',*,*,#5270,.F.);
#6732=ORIENTED_EDGE('',*,*,#5271,.F.);
#6733=ORIENTED_EDGE('',*,*,#5272,.F.);
#6734=ORIENTED_EDGE('',*,*,#5273,.F.);
#6735=ORIENTED_EDGE('',*,*,#5274,.T.);
#6736=ORIENTED_EDGE('',*,*,#5275,.F.);
#6737=ORIENTED_EDGE('',*,*,#5274,.F.);
#6738=ORIENTED_EDGE('',*,*,#5276,.F.);
#6739=ORIENTED_EDGE('',*,*,#5277,.T.);
#6740=ORIENTED_EDGE('',*,*,#5278,.F.);
#6741=ORIENTED_EDGE('',*,*,#5277,.F.);
#6742=ORIENTED_EDGE('',*,*,#5279,.F.);
#6743=ORIENTED_EDGE('',*,*,#5280,.T.);
#6744=ORIENTED_EDGE('',*,*,#5281,.F.);
#6745=ORIENTED_EDGE('',*,*,#5280,.F.);
#6746=ORIENTED_EDGE('',*,*,#5282,.F.);
#6747=ORIENTED_EDGE('',*,*,#5283,.T.);
#6748=ORIENTED_EDGE('',*,*,#5284,.F.);
#6749=ORIENTED_EDGE('',*,*,#5283,.F.);
#6750=ORIENTED_EDGE('',*,*,#5285,.F.);
#6751=ORIENTED_EDGE('',*,*,#5286,.T.);
#6752=ORIENTED_EDGE('',*,*,#5287,.F.);
#6753=ORIENTED_EDGE('',*,*,#5286,.F.);
#6754=ORIENTED_EDGE('',*,*,#5288,.F.);
#6755=ORIENTED_EDGE('',*,*,#5272,.T.);
#6756=ORIENTED_EDGE('',*,*,#5289,.F.);
#6757=ORIENTED_EDGE('',*,*,#5290,.F.);
#6758=ORIENTED_EDGE('',*,*,#5291,.F.);
#6759=ORIENTED_EDGE('',*,*,#5292,.T.);
#6760=ORIENTED_EDGE('',*,*,#5293,.F.);
#6761=ORIENTED_EDGE('',*,*,#5292,.F.);
#6762=ORIENTED_EDGE('',*,*,#5294,.F.);
#6763=ORIENTED_EDGE('',*,*,#5295,.T.);
#6764=ORIENTED_EDGE('',*,*,#5296,.F.);
#6765=ORIENTED_EDGE('',*,*,#5295,.F.);
#6766=ORIENTED_EDGE('',*,*,#5297,.F.);
#6767=ORIENTED_EDGE('',*,*,#5298,.T.);
#6768=ORIENTED_EDGE('',*,*,#5299,.F.);
#6769=ORIENTED_EDGE('',*,*,#5298,.F.);
#6770=ORIENTED_EDGE('',*,*,#5300,.F.);
#6771=ORIENTED_EDGE('',*,*,#5301,.T.);
#6772=ORIENTED_EDGE('',*,*,#5302,.F.);
#6773=ORIENTED_EDGE('',*,*,#5301,.F.);
#6774=ORIENTED_EDGE('',*,*,#5303,.F.);
#6775=ORIENTED_EDGE('',*,*,#5304,.T.);
#6776=ORIENTED_EDGE('',*,*,#5305,.F.);
#6777=ORIENTED_EDGE('',*,*,#5304,.F.);
#6778=ORIENTED_EDGE('',*,*,#5306,.F.);
#6779=ORIENTED_EDGE('',*,*,#5290,.T.);
#6780=ORIENTED_EDGE('',*,*,#5307,.F.);
#6781=ORIENTED_EDGE('',*,*,#5308,.F.);
#6782=ORIENTED_EDGE('',*,*,#5309,.F.);
#6783=ORIENTED_EDGE('',*,*,#5310,.T.);
#6784=ORIENTED_EDGE('',*,*,#5311,.F.);
#6785=ORIENTED_EDGE('',*,*,#5310,.F.);
#6786=ORIENTED_EDGE('',*,*,#5312,.F.);
#6787=ORIENTED_EDGE('',*,*,#5313,.T.);
#6788=ORIENTED_EDGE('',*,*,#5314,.F.);
#6789=ORIENTED_EDGE('',*,*,#5313,.F.);
#6790=ORIENTED_EDGE('',*,*,#5315,.F.);
#6791=ORIENTED_EDGE('',*,*,#5316,.T.);
#6792=ORIENTED_EDGE('',*,*,#5317,.F.);
#6793=ORIENTED_EDGE('',*,*,#5316,.F.);
#6794=ORIENTED_EDGE('',*,*,#5318,.F.);
#6795=ORIENTED_EDGE('',*,*,#5319,.T.);
#6796=ORIENTED_EDGE('',*,*,#5320,.F.);
#6797=ORIENTED_EDGE('',*,*,#5319,.F.);
#6798=ORIENTED_EDGE('',*,*,#5321,.F.);
#6799=ORIENTED_EDGE('',*,*,#5322,.T.);
#6800=ORIENTED_EDGE('',*,*,#5323,.F.);
#6801=ORIENTED_EDGE('',*,*,#5322,.F.);
#6802=ORIENTED_EDGE('',*,*,#5324,.F.);
#6803=ORIENTED_EDGE('',*,*,#5308,.T.);
#6804=ORIENTED_EDGE('',*,*,#5325,.F.);
#6805=ORIENTED_EDGE('',*,*,#5326,.F.);
#6806=ORIENTED_EDGE('',*,*,#5327,.T.);
#6807=ORIENTED_EDGE('',*,*,#5328,.F.);
#6808=ORIENTED_EDGE('',*,*,#5329,.F.);
#6809=ORIENTED_EDGE('',*,*,#5327,.F.);
#6810=ORIENTED_EDGE('',*,*,#5330,.F.);
#6811=ORIENTED_EDGE('',*,*,#5331,.T.);
#6812=ORIENTED_EDGE('',*,*,#5332,.F.);
#6813=ORIENTED_EDGE('',*,*,#5331,.F.);
#6814=ORIENTED_EDGE('',*,*,#5333,.F.);
#6815=ORIENTED_EDGE('',*,*,#5334,.T.);
#6816=ORIENTED_EDGE('',*,*,#5335,.F.);
#6817=ORIENTED_EDGE('',*,*,#5334,.F.);
#6818=ORIENTED_EDGE('',*,*,#5336,.F.);
#6819=ORIENTED_EDGE('',*,*,#5337,.T.);
#6820=ORIENTED_EDGE('',*,*,#5338,.F.);
#6821=ORIENTED_EDGE('',*,*,#5337,.F.);
#6822=ORIENTED_EDGE('',*,*,#5339,.F.);
#6823=ORIENTED_EDGE('',*,*,#5340,.T.);
#6824=ORIENTED_EDGE('',*,*,#5341,.F.);
#6825=ORIENTED_EDGE('',*,*,#5342,.F.);
#6826=ORIENTED_EDGE('',*,*,#5340,.F.);
#6827=ORIENTED_EDGE('',*,*,#5343,.F.);
#6828=ORIENTED_EDGE('',*,*,#5344,.F.);
#6829=ORIENTED_EDGE('',*,*,#5345,.F.);
#6830=ORIENTED_EDGE('',*,*,#5346,.F.);
#6831=ORIENTED_EDGE('',*,*,#5347,.T.);
#6832=ORIENTED_EDGE('',*,*,#5348,.F.);
#6833=ORIENTED_EDGE('',*,*,#5347,.F.);
#6834=ORIENTED_EDGE('',*,*,#5349,.F.);
#6835=ORIENTED_EDGE('',*,*,#5350,.T.);
#6836=ORIENTED_EDGE('',*,*,#5351,.F.);
#6837=ORIENTED_EDGE('',*,*,#5350,.F.);
#6838=ORIENTED_EDGE('',*,*,#5352,.F.);
#6839=ORIENTED_EDGE('',*,*,#5353,.T.);
#6840=ORIENTED_EDGE('',*,*,#5354,.F.);
#6841=ORIENTED_EDGE('',*,*,#5355,.F.);
#6842=ORIENTED_EDGE('',*,*,#5353,.F.);
#6843=ORIENTED_EDGE('',*,*,#5356,.F.);
#6844=ORIENTED_EDGE('',*,*,#5357,.F.);
#6845=ORIENTED_EDGE('',*,*,#5358,.F.);
#6846=ORIENTED_EDGE('',*,*,#5345,.T.);
#6847=ORIENTED_EDGE('',*,*,#5359,.F.);
#6848=ORIENTED_EDGE('',*,*,#5360,.F.);
#6849=ORIENTED_EDGE('',*,*,#5361,.F.);
#6850=ORIENTED_EDGE('',*,*,#5362,.F.);
#6851=ORIENTED_EDGE('',*,*,#5363,.T.);
#6852=ORIENTED_EDGE('',*,*,#5364,.F.);
#6853=ORIENTED_EDGE('',*,*,#5363,.F.);
#6854=ORIENTED_EDGE('',*,*,#5365,.F.);
#6855=ORIENTED_EDGE('',*,*,#5366,.T.);
#6856=ORIENTED_EDGE('',*,*,#5367,.F.);
#6857=ORIENTED_EDGE('',*,*,#5366,.F.);
#6858=ORIENTED_EDGE('',*,*,#5368,.F.);
#6859=ORIENTED_EDGE('',*,*,#5369,.T.);
#6860=ORIENTED_EDGE('',*,*,#5370,.F.);
#6861=ORIENTED_EDGE('',*,*,#5369,.F.);
#6862=ORIENTED_EDGE('',*,*,#5371,.F.);
#6863=ORIENTED_EDGE('',*,*,#5372,.T.);
#6864=ORIENTED_EDGE('',*,*,#5373,.F.);
#6865=ORIENTED_EDGE('',*,*,#5372,.F.);
#6866=ORIENTED_EDGE('',*,*,#5374,.F.);
#6867=ORIENTED_EDGE('',*,*,#5375,.T.);
#6868=ORIENTED_EDGE('',*,*,#5376,.F.);
#6869=ORIENTED_EDGE('',*,*,#5375,.F.);
#6870=ORIENTED_EDGE('',*,*,#5377,.F.);
#6871=ORIENTED_EDGE('',*,*,#5361,.T.);
#6872=ORIENTED_EDGE('',*,*,#5378,.F.);
#6873=ORIENTED_EDGE('',*,*,#5379,.F.);
#6874=ORIENTED_EDGE('',*,*,#5380,.F.);
#6875=ORIENTED_EDGE('',*,*,#5381,.T.);
#6876=ORIENTED_EDGE('',*,*,#5382,.F.);
#6877=ORIENTED_EDGE('',*,*,#5381,.F.);
#6878=ORIENTED_EDGE('',*,*,#5383,.F.);
#6879=ORIENTED_EDGE('',*,*,#5384,.T.);
#6880=ORIENTED_EDGE('',*,*,#5385,.F.);
#6881=ORIENTED_EDGE('',*,*,#5384,.F.);
#6882=ORIENTED_EDGE('',*,*,#5386,.F.);
#6883=ORIENTED_EDGE('',*,*,#5387,.T.);
#6884=ORIENTED_EDGE('',*,*,#5388,.F.);
#6885=ORIENTED_EDGE('',*,*,#5387,.F.);
#6886=ORIENTED_EDGE('',*,*,#5389,.F.);
#6887=ORIENTED_EDGE('',*,*,#5390,.T.);
#6888=ORIENTED_EDGE('',*,*,#5391,.F.);
#6889=ORIENTED_EDGE('',*,*,#5390,.F.);
#6890=ORIENTED_EDGE('',*,*,#5392,.F.);
#6891=ORIENTED_EDGE('',*,*,#5393,.T.);
#6892=ORIENTED_EDGE('',*,*,#5394,.F.);
#6893=ORIENTED_EDGE('',*,*,#5393,.F.);
#6894=ORIENTED_EDGE('',*,*,#5395,.F.);
#6895=ORIENTED_EDGE('',*,*,#5379,.T.);
#6896=ORIENTED_EDGE('',*,*,#5396,.F.);
#6897=ORIENTED_EDGE('',*,*,#5397,.F.);
#6898=ORIENTED_EDGE('',*,*,#5398,.F.);
#6899=ORIENTED_EDGE('',*,*,#5399,.T.);
#6900=ORIENTED_EDGE('',*,*,#5400,.F.);
#6901=ORIENTED_EDGE('',*,*,#5399,.F.);
#6902=ORIENTED_EDGE('',*,*,#5401,.F.);
#6903=ORIENTED_EDGE('',*,*,#5402,.T.);
#6904=ORIENTED_EDGE('',*,*,#5403,.F.);
#6905=ORIENTED_EDGE('',*,*,#5402,.F.);
#6906=ORIENTED_EDGE('',*,*,#5404,.F.);
#6907=ORIENTED_EDGE('',*,*,#5405,.T.);
#6908=ORIENTED_EDGE('',*,*,#5406,.F.);
#6909=ORIENTED_EDGE('',*,*,#5405,.F.);
#6910=ORIENTED_EDGE('',*,*,#5407,.F.);
#6911=ORIENTED_EDGE('',*,*,#5408,.T.);
#6912=ORIENTED_EDGE('',*,*,#5409,.F.);
#6913=ORIENTED_EDGE('',*,*,#5408,.F.);
#6914=ORIENTED_EDGE('',*,*,#5410,.F.);
#6915=ORIENTED_EDGE('',*,*,#5411,.T.);
#6916=ORIENTED_EDGE('',*,*,#5412,.F.);
#6917=ORIENTED_EDGE('',*,*,#5411,.F.);
#6918=ORIENTED_EDGE('',*,*,#5413,.F.);
#6919=ORIENTED_EDGE('',*,*,#5397,.T.);
#6920=ORIENTED_EDGE('',*,*,#5414,.F.);
#6921=ORIENTED_EDGE('',*,*,#5415,.F.);
#6922=ORIENTED_EDGE('',*,*,#5416,.T.);
#6923=ORIENTED_EDGE('',*,*,#5417,.F.);
#6924=ORIENTED_EDGE('',*,*,#5418,.F.);
#6925=ORIENTED_EDGE('',*,*,#5416,.F.);
#6926=ORIENTED_EDGE('',*,*,#5419,.F.);
#6927=ORIENTED_EDGE('',*,*,#5420,.T.);
#6928=ORIENTED_EDGE('',*,*,#5421,.F.);
#6929=ORIENTED_EDGE('',*,*,#5422,.F.);
#6930=ORIENTED_EDGE('',*,*,#5420,.F.);
#6931=ORIENTED_EDGE('',*,*,#5423,.F.);
#6932=ORIENTED_EDGE('',*,*,#5424,.F.);
#6933=ORIENTED_EDGE('',*,*,#5425,.F.);
#6934=ORIENTED_EDGE('',*,*,#5426,.T.);
#6935=ORIENTED_EDGE('',*,*,#5427,.F.);
#6936=ORIENTED_EDGE('',*,*,#5428,.F.);
#6937=ORIENTED_EDGE('',*,*,#5426,.F.);
#6938=ORIENTED_EDGE('',*,*,#5429,.F.);
#6939=ORIENTED_EDGE('',*,*,#5430,.T.);
#6940=ORIENTED_EDGE('',*,*,#5431,.F.);
#6941=ORIENTED_EDGE('',*,*,#5432,.F.);
#6942=ORIENTED_EDGE('',*,*,#5430,.F.);
#6943=ORIENTED_EDGE('',*,*,#5433,.F.);
#6944=ORIENTED_EDGE('',*,*,#5434,.F.);
#6945=ORIENTED_EDGE('',*,*,#5435,.F.);
#6946=ORIENTED_EDGE('',*,*,#5436,.F.);
#6947=ORIENTED_EDGE('',*,*,#5437,.T.);
#6948=ORIENTED_EDGE('',*,*,#5438,.F.);
#6949=ORIENTED_EDGE('',*,*,#5437,.F.);
#6950=ORIENTED_EDGE('',*,*,#5439,.F.);
#6951=ORIENTED_EDGE('',*,*,#5440,.T.);
#6952=ORIENTED_EDGE('',*,*,#5441,.F.);
#6953=ORIENTED_EDGE('',*,*,#5440,.F.);
#6954=ORIENTED_EDGE('',*,*,#5442,.F.);
#6955=ORIENTED_EDGE('',*,*,#5443,.T.);
#6956=ORIENTED_EDGE('',*,*,#5444,.F.);
#6957=ORIENTED_EDGE('',*,*,#5443,.F.);
#6958=ORIENTED_EDGE('',*,*,#5445,.F.);
#6959=ORIENTED_EDGE('',*,*,#5446,.T.);
#6960=ORIENTED_EDGE('',*,*,#5447,.F.);
#6961=ORIENTED_EDGE('',*,*,#5446,.F.);
#6962=ORIENTED_EDGE('',*,*,#5448,.F.);
#6963=ORIENTED_EDGE('',*,*,#5449,.T.);
#6964=ORIENTED_EDGE('',*,*,#5450,.F.);
#6965=ORIENTED_EDGE('',*,*,#5449,.F.);
#6966=ORIENTED_EDGE('',*,*,#5451,.F.);
#6967=ORIENTED_EDGE('',*,*,#5435,.T.);
#6968=ORIENTED_EDGE('',*,*,#5452,.F.);
#6969=ORIENTED_EDGE('',*,*,#5453,.F.);
#6970=ORIENTED_EDGE('',*,*,#5454,.F.);
#6971=ORIENTED_EDGE('',*,*,#5455,.T.);
#6972=ORIENTED_EDGE('',*,*,#5456,.F.);
#6973=ORIENTED_EDGE('',*,*,#5455,.F.);
#6974=ORIENTED_EDGE('',*,*,#5457,.F.);
#6975=ORIENTED_EDGE('',*,*,#5458,.T.);
#6976=ORIENTED_EDGE('',*,*,#5459,.F.);
#6977=ORIENTED_EDGE('',*,*,#5458,.F.);
#6978=ORIENTED_EDGE('',*,*,#5460,.F.);
#6979=ORIENTED_EDGE('',*,*,#5461,.T.);
#6980=ORIENTED_EDGE('',*,*,#5462,.F.);
#6981=ORIENTED_EDGE('',*,*,#5461,.F.);
#6982=ORIENTED_EDGE('',*,*,#5463,.F.);
#6983=ORIENTED_EDGE('',*,*,#5464,.T.);
#6984=ORIENTED_EDGE('',*,*,#5465,.F.);
#6985=ORIENTED_EDGE('',*,*,#5464,.F.);
#6986=ORIENTED_EDGE('',*,*,#5466,.F.);
#6987=ORIENTED_EDGE('',*,*,#5467,.T.);
#6988=ORIENTED_EDGE('',*,*,#5468,.F.);
#6989=ORIENTED_EDGE('',*,*,#5467,.F.);
#6990=ORIENTED_EDGE('',*,*,#5469,.F.);
#6991=ORIENTED_EDGE('',*,*,#5453,.T.);
#6992=ORIENTED_EDGE('',*,*,#5470,.F.);
#6993=ORIENTED_EDGE('',*,*,#5471,.F.);
#6994=ORIENTED_EDGE('',*,*,#5472,.F.);
#6995=ORIENTED_EDGE('',*,*,#5473,.T.);
#6996=ORIENTED_EDGE('',*,*,#5474,.F.);
#6997=ORIENTED_EDGE('',*,*,#5473,.F.);
#6998=ORIENTED_EDGE('',*,*,#5475,.F.);
#6999=ORIENTED_EDGE('',*,*,#5476,.T.);
#7000=ORIENTED_EDGE('',*,*,#5477,.F.);
#7001=ORIENTED_EDGE('',*,*,#5476,.F.);
#7002=ORIENTED_EDGE('',*,*,#5478,.F.);
#7003=ORIENTED_EDGE('',*,*,#5479,.T.);
#7004=ORIENTED_EDGE('',*,*,#5480,.F.);
#7005=ORIENTED_EDGE('',*,*,#5479,.F.);
#7006=ORIENTED_EDGE('',*,*,#5481,.F.);
#7007=ORIENTED_EDGE('',*,*,#5482,.T.);
#7008=ORIENTED_EDGE('',*,*,#5483,.F.);
#7009=ORIENTED_EDGE('',*,*,#5482,.F.);
#7010=ORIENTED_EDGE('',*,*,#5484,.F.);
#7011=ORIENTED_EDGE('',*,*,#5485,.T.);
#7012=ORIENTED_EDGE('',*,*,#5486,.F.);
#7013=ORIENTED_EDGE('',*,*,#5485,.F.);
#7014=ORIENTED_EDGE('',*,*,#5487,.F.);
#7015=ORIENTED_EDGE('',*,*,#5471,.T.);
#7016=ORIENTED_EDGE('',*,*,#5488,.F.);
#7017=ORIENTED_EDGE('',*,*,#5489,.F.);
#7018=ORIENTED_EDGE('',*,*,#5490,.F.);
#7019=ORIENTED_EDGE('',*,*,#5491,.T.);
#7020=ORIENTED_EDGE('',*,*,#5492,.F.);
#7021=ORIENTED_EDGE('',*,*,#5491,.F.);
#7022=ORIENTED_EDGE('',*,*,#5493,.F.);
#7023=ORIENTED_EDGE('',*,*,#5494,.T.);
#7024=ORIENTED_EDGE('',*,*,#5495,.F.);
#7025=ORIENTED_EDGE('',*,*,#5494,.F.);
#7026=ORIENTED_EDGE('',*,*,#5496,.F.);
#7027=ORIENTED_EDGE('',*,*,#5497,.T.);
#7028=ORIENTED_EDGE('',*,*,#5498,.F.);
#7029=ORIENTED_EDGE('',*,*,#5497,.F.);
#7030=ORIENTED_EDGE('',*,*,#5499,.F.);
#7031=ORIENTED_EDGE('',*,*,#5500,.T.);
#7032=ORIENTED_EDGE('',*,*,#5501,.F.);
#7033=ORIENTED_EDGE('',*,*,#5500,.F.);
#7034=ORIENTED_EDGE('',*,*,#5502,.F.);
#7035=ORIENTED_EDGE('',*,*,#5503,.T.);
#7036=ORIENTED_EDGE('',*,*,#5504,.F.);
#7037=ORIENTED_EDGE('',*,*,#5503,.F.);
#7038=ORIENTED_EDGE('',*,*,#5505,.F.);
#7039=ORIENTED_EDGE('',*,*,#5489,.T.);
#7040=ORIENTED_EDGE('',*,*,#5506,.F.);
#7041=ORIENTED_EDGE('',*,*,#5507,.F.);
#7042=ORIENTED_EDGE('',*,*,#5508,.F.);
#7043=ORIENTED_EDGE('',*,*,#5509,.T.);
#7044=ORIENTED_EDGE('',*,*,#5510,.F.);
#7045=ORIENTED_EDGE('',*,*,#5509,.F.);
#7046=ORIENTED_EDGE('',*,*,#5511,.F.);
#7047=ORIENTED_EDGE('',*,*,#5512,.T.);
#7048=ORIENTED_EDGE('',*,*,#5513,.F.);
#7049=ORIENTED_EDGE('',*,*,#5512,.F.);
#7050=ORIENTED_EDGE('',*,*,#5514,.F.);
#7051=ORIENTED_EDGE('',*,*,#5515,.T.);
#7052=ORIENTED_EDGE('',*,*,#5516,.F.);
#7053=ORIENTED_EDGE('',*,*,#5517,.F.);
#7054=ORIENTED_EDGE('',*,*,#5515,.F.);
#7055=ORIENTED_EDGE('',*,*,#5518,.F.);
#7056=ORIENTED_EDGE('',*,*,#5519,.F.);
#7057=ORIENTED_EDGE('',*,*,#5520,.F.);
#7058=ORIENTED_EDGE('',*,*,#5507,.T.);
#7059=ORIENTED_EDGE('',*,*,#5521,.F.);
#7060=ORIENTED_EDGE('',*,*,#5522,.F.);
#7061=ORIENTED_EDGE('',*,*,#5523,.F.);
#7062=ORIENTED_EDGE('',*,*,#5524,.F.);
#7063=ORIENTED_EDGE('',*,*,#5525,.T.);
#7064=ORIENTED_EDGE('',*,*,#5526,.F.);
#7065=ORIENTED_EDGE('',*,*,#5525,.F.);
#7066=ORIENTED_EDGE('',*,*,#5527,.F.);
#7067=ORIENTED_EDGE('',*,*,#5528,.T.);
#7068=ORIENTED_EDGE('',*,*,#5529,.F.);
#7069=ORIENTED_EDGE('',*,*,#5528,.F.);
#7070=ORIENTED_EDGE('',*,*,#5530,.F.);
#7071=ORIENTED_EDGE('',*,*,#5531,.T.);
#7072=ORIENTED_EDGE('',*,*,#5532,.F.);
#7073=ORIENTED_EDGE('',*,*,#5531,.F.);
#7074=ORIENTED_EDGE('',*,*,#5533,.F.);
#7075=ORIENTED_EDGE('',*,*,#5534,.T.);
#7076=ORIENTED_EDGE('',*,*,#5535,.F.);
#7077=ORIENTED_EDGE('',*,*,#5534,.F.);
#7078=ORIENTED_EDGE('',*,*,#5536,.F.);
#7079=ORIENTED_EDGE('',*,*,#5537,.T.);
#7080=ORIENTED_EDGE('',*,*,#5538,.F.);
#7081=ORIENTED_EDGE('',*,*,#5537,.F.);
#7082=ORIENTED_EDGE('',*,*,#5539,.F.);
#7083=ORIENTED_EDGE('',*,*,#5523,.T.);
#7084=ORIENTED_EDGE('',*,*,#5540,.F.);
#7085=ORIENTED_EDGE('',*,*,#5541,.F.);
#7086=ORIENTED_EDGE('',*,*,#5542,.F.);
#7087=ORIENTED_EDGE('',*,*,#5543,.T.);
#7088=ORIENTED_EDGE('',*,*,#5544,.F.);
#7089=ORIENTED_EDGE('',*,*,#5543,.F.);
#7090=ORIENTED_EDGE('',*,*,#5545,.F.);
#7091=ORIENTED_EDGE('',*,*,#5546,.T.);
#7092=ORIENTED_EDGE('',*,*,#5547,.F.);
#7093=ORIENTED_EDGE('',*,*,#5546,.F.);
#7094=ORIENTED_EDGE('',*,*,#5548,.F.);
#7095=ORIENTED_EDGE('',*,*,#5549,.T.);
#7096=ORIENTED_EDGE('',*,*,#5550,.F.);
#7097=ORIENTED_EDGE('',*,*,#5549,.F.);
#7098=ORIENTED_EDGE('',*,*,#5551,.F.);
#7099=ORIENTED_EDGE('',*,*,#5552,.T.);
#7100=ORIENTED_EDGE('',*,*,#5553,.F.);
#7101=ORIENTED_EDGE('',*,*,#5552,.F.);
#7102=ORIENTED_EDGE('',*,*,#5554,.F.);
#7103=ORIENTED_EDGE('',*,*,#5555,.T.);
#7104=ORIENTED_EDGE('',*,*,#5556,.F.);
#7105=ORIENTED_EDGE('',*,*,#5555,.F.);
#7106=ORIENTED_EDGE('',*,*,#5557,.F.);
#7107=ORIENTED_EDGE('',*,*,#5541,.T.);
#7108=ORIENTED_EDGE('',*,*,#5558,.F.);
#7109=ORIENTED_EDGE('',*,*,#5559,.F.);
#7110=ORIENTED_EDGE('',*,*,#5560,.F.);
#7111=ORIENTED_EDGE('',*,*,#5561,.T.);
#7112=ORIENTED_EDGE('',*,*,#5562,.F.);
#7113=ORIENTED_EDGE('',*,*,#5561,.F.);
#7114=ORIENTED_EDGE('',*,*,#5563,.F.);
#7115=ORIENTED_EDGE('',*,*,#5564,.T.);
#7116=ORIENTED_EDGE('',*,*,#5565,.F.);
#7117=ORIENTED_EDGE('',*,*,#5564,.F.);
#7118=ORIENTED_EDGE('',*,*,#5566,.F.);
#7119=ORIENTED_EDGE('',*,*,#5567,.T.);
#7120=ORIENTED_EDGE('',*,*,#5568,.F.);
#7121=ORIENTED_EDGE('',*,*,#5567,.F.);
#7122=ORIENTED_EDGE('',*,*,#5569,.F.);
#7123=ORIENTED_EDGE('',*,*,#5570,.T.);
#7124=ORIENTED_EDGE('',*,*,#5571,.F.);
#7125=ORIENTED_EDGE('',*,*,#5570,.F.);
#7126=ORIENTED_EDGE('',*,*,#5572,.F.);
#7127=ORIENTED_EDGE('',*,*,#5573,.T.);
#7128=ORIENTED_EDGE('',*,*,#5574,.F.);
#7129=ORIENTED_EDGE('',*,*,#5573,.F.);
#7130=ORIENTED_EDGE('',*,*,#5575,.F.);
#7131=ORIENTED_EDGE('',*,*,#5559,.T.);
#7132=ORIENTED_EDGE('',*,*,#5576,.F.);
#7133=ORIENTED_EDGE('',*,*,#5577,.F.);
#7134=ORIENTED_EDGE('',*,*,#5578,.T.);
#7135=ORIENTED_EDGE('',*,*,#5579,.F.);
#7136=ORIENTED_EDGE('',*,*,#5580,.F.);
#7137=ORIENTED_EDGE('',*,*,#5578,.F.);
#7138=ORIENTED_EDGE('',*,*,#5581,.F.);
#7139=ORIENTED_EDGE('',*,*,#5582,.T.);
#7140=ORIENTED_EDGE('',*,*,#5583,.F.);
#7141=ORIENTED_EDGE('',*,*,#5584,.F.);
#7142=ORIENTED_EDGE('',*,*,#5582,.F.);
#7143=ORIENTED_EDGE('',*,*,#5585,.F.);
#7144=ORIENTED_EDGE('',*,*,#5586,.F.);
#7145=ORIENTED_EDGE('',*,*,#5587,.F.);
#7146=ORIENTED_EDGE('',*,*,#5588,.T.);
#7147=ORIENTED_EDGE('',*,*,#5589,.F.);
#7148=ORIENTED_EDGE('',*,*,#5590,.F.);
#7149=ORIENTED_EDGE('',*,*,#5588,.F.);
#7150=ORIENTED_EDGE('',*,*,#5591,.F.);
#7151=ORIENTED_EDGE('',*,*,#5592,.T.);
#7152=ORIENTED_EDGE('',*,*,#5593,.F.);
#7153=ORIENTED_EDGE('',*,*,#5594,.F.);
#7154=ORIENTED_EDGE('',*,*,#5592,.F.);
#7155=ORIENTED_EDGE('',*,*,#5595,.F.);
#7156=ORIENTED_EDGE('',*,*,#5596,.F.);
#7157=ORIENTED_EDGE('',*,*,#5597,.F.);
#7158=ORIENTED_EDGE('',*,*,#5598,.F.);
#7159=ORIENTED_EDGE('',*,*,#5599,.T.);
#7160=ORIENTED_EDGE('',*,*,#5600,.F.);
#7161=ORIENTED_EDGE('',*,*,#5599,.F.);
#7162=ORIENTED_EDGE('',*,*,#5601,.F.);
#7163=ORIENTED_EDGE('',*,*,#5602,.T.);
#7164=ORIENTED_EDGE('',*,*,#5603,.F.);
#7165=ORIENTED_EDGE('',*,*,#5602,.F.);
#7166=ORIENTED_EDGE('',*,*,#5604,.F.);
#7167=ORIENTED_EDGE('',*,*,#5605,.T.);
#7168=ORIENTED_EDGE('',*,*,#5606,.F.);
#7169=ORIENTED_EDGE('',*,*,#5605,.F.);
#7170=ORIENTED_EDGE('',*,*,#5607,.F.);
#7171=ORIENTED_EDGE('',*,*,#5608,.T.);
#7172=ORIENTED_EDGE('',*,*,#5609,.F.);
#7173=ORIENTED_EDGE('',*,*,#5608,.F.);
#7174=ORIENTED_EDGE('',*,*,#5610,.F.);
#7175=ORIENTED_EDGE('',*,*,#5611,.T.);
#7176=ORIENTED_EDGE('',*,*,#5612,.F.);
#7177=ORIENTED_EDGE('',*,*,#5611,.F.);
#7178=ORIENTED_EDGE('',*,*,#5613,.F.);
#7179=ORIENTED_EDGE('',*,*,#5597,.T.);
#7180=ORIENTED_EDGE('',*,*,#5614,.F.);
#7181=ORIENTED_EDGE('',*,*,#5615,.F.);
#7182=ORIENTED_EDGE('',*,*,#5616,.F.);
#7183=ORIENTED_EDGE('',*,*,#5617,.T.);
#7184=ORIENTED_EDGE('',*,*,#5618,.F.);
#7185=ORIENTED_EDGE('',*,*,#5617,.F.);
#7186=ORIENTED_EDGE('',*,*,#5619,.F.);
#7187=ORIENTED_EDGE('',*,*,#5620,.T.);
#7188=ORIENTED_EDGE('',*,*,#5621,.F.);
#7189=ORIENTED_EDGE('',*,*,#5620,.F.);
#7190=ORIENTED_EDGE('',*,*,#5622,.F.);
#7191=ORIENTED_EDGE('',*,*,#5623,.T.);
#7192=ORIENTED_EDGE('',*,*,#5624,.F.);
#7193=ORIENTED_EDGE('',*,*,#5623,.F.);
#7194=ORIENTED_EDGE('',*,*,#5625,.F.);
#7195=ORIENTED_EDGE('',*,*,#5626,.T.);
#7196=ORIENTED_EDGE('',*,*,#5627,.F.);
#7197=ORIENTED_EDGE('',*,*,#5626,.F.);
#7198=ORIENTED_EDGE('',*,*,#5628,.F.);
#7199=ORIENTED_EDGE('',*,*,#5629,.T.);
#7200=ORIENTED_EDGE('',*,*,#5630,.F.);
#7201=ORIENTED_EDGE('',*,*,#5629,.F.);
#7202=ORIENTED_EDGE('',*,*,#5631,.F.);
#7203=ORIENTED_EDGE('',*,*,#5615,.T.);
#7204=ORIENTED_EDGE('',*,*,#5632,.F.);
#7205=ORIENTED_EDGE('',*,*,#5633,.F.);
#7206=ORIENTED_EDGE('',*,*,#5634,.F.);
#7207=ORIENTED_EDGE('',*,*,#5635,.T.);
#7208=ORIENTED_EDGE('',*,*,#5636,.F.);
#7209=ORIENTED_EDGE('',*,*,#5635,.F.);
#7210=ORIENTED_EDGE('',*,*,#5637,.F.);
#7211=ORIENTED_EDGE('',*,*,#5638,.T.);
#7212=ORIENTED_EDGE('',*,*,#5639,.F.);
#7213=ORIENTED_EDGE('',*,*,#5638,.F.);
#7214=ORIENTED_EDGE('',*,*,#5640,.F.);
#7215=ORIENTED_EDGE('',*,*,#5641,.T.);
#7216=ORIENTED_EDGE('',*,*,#5642,.F.);
#7217=ORIENTED_EDGE('',*,*,#5641,.F.);
#7218=ORIENTED_EDGE('',*,*,#5643,.F.);
#7219=ORIENTED_EDGE('',*,*,#5644,.T.);
#7220=ORIENTED_EDGE('',*,*,#5645,.F.);
#7221=ORIENTED_EDGE('',*,*,#5644,.F.);
#7222=ORIENTED_EDGE('',*,*,#5646,.F.);
#7223=ORIENTED_EDGE('',*,*,#5647,.T.);
#7224=ORIENTED_EDGE('',*,*,#5648,.F.);
#7225=ORIENTED_EDGE('',*,*,#5647,.F.);
#7226=ORIENTED_EDGE('',*,*,#5649,.F.);
#7227=ORIENTED_EDGE('',*,*,#5633,.T.);
#7228=ORIENTED_EDGE('',*,*,#5650,.F.);
#7229=ORIENTED_EDGE('',*,*,#5651,.F.);
#7230=ORIENTED_EDGE('',*,*,#5652,.F.);
#7231=ORIENTED_EDGE('',*,*,#5653,.T.);
#7232=ORIENTED_EDGE('',*,*,#5654,.F.);
#7233=ORIENTED_EDGE('',*,*,#5655,.F.);
#7234=ORIENTED_EDGE('',*,*,#5653,.F.);
#7235=ORIENTED_EDGE('',*,*,#5656,.F.);
#7236=ORIENTED_EDGE('',*,*,#5657,.F.);
#7237=ORIENTED_EDGE('',*,*,#5658,.F.);
#7238=ORIENTED_EDGE('',*,*,#5659,.T.);
#7239=ORIENTED_EDGE('',*,*,#5660,.F.);
#7240=ORIENTED_EDGE('',*,*,#5661,.F.);
#7241=ORIENTED_EDGE('',*,*,#5659,.F.);
#7242=ORIENTED_EDGE('',*,*,#5662,.F.);
#7243=ORIENTED_EDGE('',*,*,#5663,.T.);
#7244=ORIENTED_EDGE('',*,*,#5664,.F.);
#7245=ORIENTED_EDGE('',*,*,#5663,.F.);
#7246=ORIENTED_EDGE('',*,*,#5665,.F.);
#7247=ORIENTED_EDGE('',*,*,#5651,.T.);
#7248=ORIENTED_EDGE('',*,*,#5666,.F.);
#7249=ORIENTED_EDGE('',*,*,#5667,.F.);
#7250=ORIENTED_EDGE('',*,*,#5668,.F.);
#7251=ORIENTED_EDGE('',*,*,#5669,.T.);
#7252=ORIENTED_EDGE('',*,*,#5670,.F.);
#7253=ORIENTED_EDGE('',*,*,#5669,.F.);
#7254=ORIENTED_EDGE('',*,*,#5671,.F.);
#7255=ORIENTED_EDGE('',*,*,#5672,.T.);
#7256=ORIENTED_EDGE('',*,*,#5673,.F.);
#7257=ORIENTED_EDGE('',*,*,#5672,.F.);
#7258=ORIENTED_EDGE('',*,*,#5674,.F.);
#7259=ORIENTED_EDGE('',*,*,#5675,.T.);
#7260=ORIENTED_EDGE('',*,*,#5676,.F.);
#7261=ORIENTED_EDGE('',*,*,#5677,.F.);
#7262=ORIENTED_EDGE('',*,*,#5675,.F.);
#7263=ORIENTED_EDGE('',*,*,#5678,.F.);
#7264=ORIENTED_EDGE('',*,*,#5679,.F.);
#7265=ORIENTED_EDGE('',*,*,#5680,.F.);
#7266=ORIENTED_EDGE('',*,*,#5667,.T.);
#7267=ORIENTED_EDGE('',*,*,#5681,.F.);
#7268=ORIENTED_EDGE('',*,*,#5682,.F.);
#7269=ORIENTED_EDGE('',*,*,#5683,.F.);
#7270=ORIENTED_EDGE('',*,*,#5684,.F.);
#7271=ORIENTED_EDGE('',*,*,#5685,.T.);
#7272=ORIENTED_EDGE('',*,*,#5686,.F.);
#7273=ORIENTED_EDGE('',*,*,#5685,.F.);
#7274=ORIENTED_EDGE('',*,*,#5687,.F.);
#7275=ORIENTED_EDGE('',*,*,#5688,.T.);
#7276=ORIENTED_EDGE('',*,*,#5689,.F.);
#7277=ORIENTED_EDGE('',*,*,#5688,.F.);
#7278=ORIENTED_EDGE('',*,*,#5690,.F.);
#7279=ORIENTED_EDGE('',*,*,#5691,.T.);
#7280=ORIENTED_EDGE('',*,*,#5692,.F.);
#7281=ORIENTED_EDGE('',*,*,#5691,.F.);
#7282=ORIENTED_EDGE('',*,*,#5693,.F.);
#7283=ORIENTED_EDGE('',*,*,#5694,.T.);
#7284=ORIENTED_EDGE('',*,*,#5695,.F.);
#7285=ORIENTED_EDGE('',*,*,#5694,.F.);
#7286=ORIENTED_EDGE('',*,*,#5696,.F.);
#7287=ORIENTED_EDGE('',*,*,#5697,.T.);
#7288=ORIENTED_EDGE('',*,*,#5698,.F.);
#7289=ORIENTED_EDGE('',*,*,#5697,.F.);
#7290=ORIENTED_EDGE('',*,*,#5699,.F.);
#7291=ORIENTED_EDGE('',*,*,#5683,.T.);
#7292=ORIENTED_EDGE('',*,*,#5700,.F.);
#7293=ORIENTED_EDGE('',*,*,#5701,.F.);
#7294=ORIENTED_EDGE('',*,*,#5702,.F.);
#7295=ORIENTED_EDGE('',*,*,#5703,.T.);
#7296=ORIENTED_EDGE('',*,*,#5704,.F.);
#7297=ORIENTED_EDGE('',*,*,#5703,.F.);
#7298=ORIENTED_EDGE('',*,*,#5705,.F.);
#7299=ORIENTED_EDGE('',*,*,#5706,.T.);
#7300=ORIENTED_EDGE('',*,*,#5707,.F.);
#7301=ORIENTED_EDGE('',*,*,#5706,.F.);
#7302=ORIENTED_EDGE('',*,*,#5708,.F.);
#7303=ORIENTED_EDGE('',*,*,#5709,.T.);
#7304=ORIENTED_EDGE('',*,*,#5710,.F.);
#7305=ORIENTED_EDGE('',*,*,#5709,.F.);
#7306=ORIENTED_EDGE('',*,*,#5711,.F.);
#7307=ORIENTED_EDGE('',*,*,#5712,.T.);
#7308=ORIENTED_EDGE('',*,*,#5713,.F.);
#7309=ORIENTED_EDGE('',*,*,#5712,.F.);
#7310=ORIENTED_EDGE('',*,*,#5714,.F.);
#7311=ORIENTED_EDGE('',*,*,#5715,.T.);
#7312=ORIENTED_EDGE('',*,*,#5716,.F.);
#7313=ORIENTED_EDGE('',*,*,#5715,.F.);
#7314=ORIENTED_EDGE('',*,*,#5717,.F.);
#7315=ORIENTED_EDGE('',*,*,#5701,.T.);
#7316=ORIENTED_EDGE('',*,*,#5718,.F.);
#7317=ORIENTED_EDGE('',*,*,#5719,.F.);
#7318=ORIENTED_EDGE('',*,*,#5720,.F.);
#7319=ORIENTED_EDGE('',*,*,#5721,.F.);
#7320=ORIENTED_EDGE('',*,*,#5722,.F.);
#7321=ORIENTED_EDGE('',*,*,#5723,.F.);
#7322=ORIENTED_EDGE('',*,*,#5724,.T.);
#7323=ORIENTED_EDGE('',*,*,#5725,.F.);
#7324=ORIENTED_EDGE('',*,*,#5726,.F.);
#7325=ORIENTED_EDGE('',*,*,#5724,.F.);
#7326=ORIENTED_EDGE('',*,*,#5727,.F.);
#7327=ORIENTED_EDGE('',*,*,#5728,.T.);
#7328=ORIENTED_EDGE('',*,*,#5729,.F.);
#7329=ORIENTED_EDGE('',*,*,#5728,.F.);
#7330=ORIENTED_EDGE('',*,*,#5730,.F.);
#7331=ORIENTED_EDGE('',*,*,#5731,.T.);
#7332=ORIENTED_EDGE('',*,*,#5732,.F.);
#7333=ORIENTED_EDGE('',*,*,#5731,.F.);
#7334=ORIENTED_EDGE('',*,*,#5733,.F.);
#7335=ORIENTED_EDGE('',*,*,#5734,.T.);
#7336=ORIENTED_EDGE('',*,*,#5735,.F.);
#7337=ORIENTED_EDGE('',*,*,#5734,.F.);
#7338=ORIENTED_EDGE('',*,*,#5736,.F.);
#7339=ORIENTED_EDGE('',*,*,#5720,.T.);
#7340=ORIENTED_EDGE('',*,*,#5737,.F.);
#7341=ORIENTED_EDGE('',*,*,#5738,.F.);
#7342=ORIENTED_EDGE('',*,*,#5739,.T.);
#7343=ORIENTED_EDGE('',*,*,#5740,.F.);
#7344=ORIENTED_EDGE('',*,*,#5741,.F.);
#7345=ORIENTED_EDGE('',*,*,#5739,.F.);
#7346=ORIENTED_EDGE('',*,*,#5742,.F.);
#7347=ORIENTED_EDGE('',*,*,#5743,.T.);
#7348=ORIENTED_EDGE('',*,*,#5744,.F.);
#7349=ORIENTED_EDGE('',*,*,#5745,.F.);
#7350=ORIENTED_EDGE('',*,*,#5743,.F.);
#7351=ORIENTED_EDGE('',*,*,#5746,.F.);
#7352=ORIENTED_EDGE('',*,*,#5747,.F.);
#7353=ORIENTED_EDGE('',*,*,#5748,.F.);
#7354=ORIENTED_EDGE('',*,*,#5749,.F.);
#7355=ORIENTED_EDGE('',*,*,#5750,.T.);
#7356=ORIENTED_EDGE('',*,*,#5751,.F.);
#7357=ORIENTED_EDGE('',*,*,#5750,.F.);
#7358=ORIENTED_EDGE('',*,*,#5752,.F.);
#7359=ORIENTED_EDGE('',*,*,#5753,.T.);
#7360=ORIENTED_EDGE('',*,*,#5754,.F.);
#7361=ORIENTED_EDGE('',*,*,#5753,.F.);
#7362=ORIENTED_EDGE('',*,*,#5755,.F.);
#7363=ORIENTED_EDGE('',*,*,#5756,.T.);
#7364=ORIENTED_EDGE('',*,*,#5757,.F.);
#7365=ORIENTED_EDGE('',*,*,#5756,.F.);
#7366=ORIENTED_EDGE('',*,*,#5758,.F.);
#7367=ORIENTED_EDGE('',*,*,#5759,.T.);
#7368=ORIENTED_EDGE('',*,*,#5760,.F.);
#7369=ORIENTED_EDGE('',*,*,#5759,.F.);
#7370=ORIENTED_EDGE('',*,*,#5761,.F.);
#7371=ORIENTED_EDGE('',*,*,#5762,.T.);
#7372=ORIENTED_EDGE('',*,*,#5763,.F.);
#7373=ORIENTED_EDGE('',*,*,#5762,.F.);
#7374=ORIENTED_EDGE('',*,*,#5764,.F.);
#7375=ORIENTED_EDGE('',*,*,#5748,.T.);
#7376=ORIENTED_EDGE('',*,*,#5765,.F.);
#7377=ORIENTED_EDGE('',*,*,#5766,.F.);
#7378=ORIENTED_EDGE('',*,*,#5767,.F.);
#7379=ORIENTED_EDGE('',*,*,#5768,.T.);
#7380=ORIENTED_EDGE('',*,*,#5769,.F.);
#7381=ORIENTED_EDGE('',*,*,#5768,.F.);
#7382=ORIENTED_EDGE('',*,*,#5770,.F.);
#7383=ORIENTED_EDGE('',*,*,#5771,.T.);
#7384=ORIENTED_EDGE('',*,*,#5772,.F.);
#7385=ORIENTED_EDGE('',*,*,#5771,.F.);
#7386=ORIENTED_EDGE('',*,*,#5773,.F.);
#7387=ORIENTED_EDGE('',*,*,#5774,.T.);
#7388=ORIENTED_EDGE('',*,*,#5775,.F.);
#7389=ORIENTED_EDGE('',*,*,#5774,.F.);
#7390=ORIENTED_EDGE('',*,*,#5776,.F.);
#7391=ORIENTED_EDGE('',*,*,#5777,.T.);
#7392=ORIENTED_EDGE('',*,*,#5778,.F.);
#7393=ORIENTED_EDGE('',*,*,#5777,.F.);
#7394=ORIENTED_EDGE('',*,*,#5779,.F.);
#7395=ORIENTED_EDGE('',*,*,#5780,.T.);
#7396=ORIENTED_EDGE('',*,*,#5781,.F.);
#7397=ORIENTED_EDGE('',*,*,#5780,.F.);
#7398=ORIENTED_EDGE('',*,*,#5782,.F.);
#7399=ORIENTED_EDGE('',*,*,#5766,.T.);
#7400=ORIENTED_EDGE('',*,*,#5783,.F.);
#7401=ORIENTED_EDGE('',*,*,#5784,.F.);
#7402=ORIENTED_EDGE('',*,*,#5785,.F.);
#7403=ORIENTED_EDGE('',*,*,#5786,.F.);
#7404=ORIENTED_EDGE('',*,*,#5787,.F.);
#7405=ORIENTED_EDGE('',*,*,#5788,.F.);
#7406=ORIENTED_EDGE('',*,*,#5789,.T.);
#7407=ORIENTED_EDGE('',*,*,#5790,.F.);
#7408=ORIENTED_EDGE('',*,*,#5791,.F.);
#7409=ORIENTED_EDGE('',*,*,#5789,.F.);
#7410=ORIENTED_EDGE('',*,*,#5792,.F.);
#7411=ORIENTED_EDGE('',*,*,#5793,.T.);
#7412=ORIENTED_EDGE('',*,*,#5794,.F.);
#7413=ORIENTED_EDGE('',*,*,#5793,.F.);
#7414=ORIENTED_EDGE('',*,*,#5795,.F.);
#7415=ORIENTED_EDGE('',*,*,#5785,.T.);
#7416=ORIENTED_EDGE('',*,*,#5796,.F.);
#7417=ORIENTED_EDGE('',*,*,#5797,.F.);
#7418=ORIENTED_EDGE('',*,*,#5798,.F.);
#7419=ORIENTED_EDGE('',*,*,#5799,.T.);
#7420=ORIENTED_EDGE('',*,*,#5800,.F.);
#7421=ORIENTED_EDGE('',*,*,#5799,.F.);
#7422=ORIENTED_EDGE('',*,*,#5801,.F.);
#7423=ORIENTED_EDGE('',*,*,#5802,.T.);
#7424=ORIENTED_EDGE('',*,*,#5803,.F.);
#7425=ORIENTED_EDGE('',*,*,#5802,.F.);
#7426=ORIENTED_EDGE('',*,*,#5804,.F.);
#7427=ORIENTED_EDGE('',*,*,#5805,.T.);
#7428=ORIENTED_EDGE('',*,*,#5806,.F.);
#7429=ORIENTED_EDGE('',*,*,#5807,.F.);
#7430=ORIENTED_EDGE('',*,*,#5805,.F.);
#7431=ORIENTED_EDGE('',*,*,#5808,.F.);
#7432=ORIENTED_EDGE('',*,*,#5809,.F.);
#7433=ORIENTED_EDGE('',*,*,#5810,.F.);
#7434=ORIENTED_EDGE('',*,*,#5797,.T.);
#7435=ORIENTED_EDGE('',*,*,#5811,.F.);
#7436=ORIENTED_EDGE('',*,*,#5812,.F.);
#7437=ORIENTED_EDGE('',*,*,#5813,.F.);
#7438=ORIENTED_EDGE('',*,*,#5814,.F.);
#7439=ORIENTED_EDGE('',*,*,#5815,.T.);
#7440=ORIENTED_EDGE('',*,*,#5816,.F.);
#7441=ORIENTED_EDGE('',*,*,#5815,.F.);
#7442=ORIENTED_EDGE('',*,*,#5817,.F.);
#7443=ORIENTED_EDGE('',*,*,#5818,.T.);
#7444=ORIENTED_EDGE('',*,*,#5819,.F.);
#7445=ORIENTED_EDGE('',*,*,#5818,.F.);
#7446=ORIENTED_EDGE('',*,*,#5820,.F.);
#7447=ORIENTED_EDGE('',*,*,#5821,.T.);
#7448=ORIENTED_EDGE('',*,*,#5822,.F.);
#7449=ORIENTED_EDGE('',*,*,#5821,.F.);
#7450=ORIENTED_EDGE('',*,*,#5823,.F.);
#7451=ORIENTED_EDGE('',*,*,#5824,.T.);
#7452=ORIENTED_EDGE('',*,*,#5825,.F.);
#7453=ORIENTED_EDGE('',*,*,#5824,.F.);
#7454=ORIENTED_EDGE('',*,*,#5826,.F.);
#7455=ORIENTED_EDGE('',*,*,#5827,.T.);
#7456=ORIENTED_EDGE('',*,*,#5828,.F.);
#7457=ORIENTED_EDGE('',*,*,#5827,.F.);
#7458=ORIENTED_EDGE('',*,*,#5829,.F.);
#7459=ORIENTED_EDGE('',*,*,#5813,.T.);
#7460=ORIENTED_EDGE('',*,*,#5830,.F.);
#7461=ORIENTED_EDGE('',*,*,#5831,.F.);
#7462=ORIENTED_EDGE('',*,*,#5832,.F.);
#7463=ORIENTED_EDGE('',*,*,#5833,.T.);
#7464=ORIENTED_EDGE('',*,*,#5834,.F.);
#7465=ORIENTED_EDGE('',*,*,#5833,.F.);
#7466=ORIENTED_EDGE('',*,*,#5835,.F.);
#7467=ORIENTED_EDGE('',*,*,#5836,.T.);
#7468=ORIENTED_EDGE('',*,*,#5837,.F.);
#7469=ORIENTED_EDGE('',*,*,#5836,.F.);
#7470=ORIENTED_EDGE('',*,*,#5838,.F.);
#7471=ORIENTED_EDGE('',*,*,#5839,.T.);
#7472=ORIENTED_EDGE('',*,*,#5840,.F.);
#7473=ORIENTED_EDGE('',*,*,#5839,.F.);
#7474=ORIENTED_EDGE('',*,*,#5841,.F.);
#7475=ORIENTED_EDGE('',*,*,#5842,.T.);
#7476=ORIENTED_EDGE('',*,*,#5843,.F.);
#7477=ORIENTED_EDGE('',*,*,#5842,.F.);
#7478=ORIENTED_EDGE('',*,*,#5844,.F.);
#7479=ORIENTED_EDGE('',*,*,#5845,.T.);
#7480=ORIENTED_EDGE('',*,*,#5846,.F.);
#7481=ORIENTED_EDGE('',*,*,#5845,.F.);
#7482=ORIENTED_EDGE('',*,*,#5847,.F.);
#7483=ORIENTED_EDGE('',*,*,#5831,.T.);
#7484=ORIENTED_EDGE('',*,*,#5848,.F.);
#7485=ORIENTED_EDGE('',*,*,#5849,.F.);
#7486=ORIENTED_EDGE('',*,*,#5850,.F.);
#7487=ORIENTED_EDGE('',*,*,#5851,.F.);
#7488=ORIENTED_EDGE('',*,*,#5852,.F.);
#7489=ORIENTED_EDGE('',*,*,#5853,.F.);
#7490=ORIENTED_EDGE('',*,*,#5854,.T.);
#7491=ORIENTED_EDGE('',*,*,#5855,.F.);
#7492=ORIENTED_EDGE('',*,*,#5856,.F.);
#7493=ORIENTED_EDGE('',*,*,#5854,.F.);
#7494=ORIENTED_EDGE('',*,*,#5857,.F.);
#7495=ORIENTED_EDGE('',*,*,#5858,.T.);
#7496=ORIENTED_EDGE('',*,*,#5859,.F.);
#7497=ORIENTED_EDGE('',*,*,#5858,.F.);
#7498=ORIENTED_EDGE('',*,*,#5860,.F.);
#7499=ORIENTED_EDGE('',*,*,#5850,.T.);
#7500=ORIENTED_EDGE('',*,*,#5861,.F.);
#7501=ORIENTED_EDGE('',*,*,#5862,.F.);
#7502=ORIENTED_EDGE('',*,*,#5863,.T.);
#7503=ORIENTED_EDGE('',*,*,#5864,.F.);
#7504=ORIENTED_EDGE('',*,*,#5865,.F.);
#7505=ORIENTED_EDGE('',*,*,#5863,.F.);
#7506=ORIENTED_EDGE('',*,*,#5866,.F.);
#7507=ORIENTED_EDGE('',*,*,#5867,.T.);
#7508=ORIENTED_EDGE('',*,*,#5868,.F.);
#7509=ORIENTED_EDGE('',*,*,#5869,.F.);
#7510=ORIENTED_EDGE('',*,*,#5867,.F.);
#7511=ORIENTED_EDGE('',*,*,#5870,.F.);
#7512=ORIENTED_EDGE('',*,*,#5871,.F.);
#7513=ORIENTED_EDGE('',*,*,#5872,.F.);
#7514=ORIENTED_EDGE('',*,*,#5873,.F.);
#7515=ORIENTED_EDGE('',*,*,#5874,.T.);
#7516=ORIENTED_EDGE('',*,*,#5875,.F.);
#7517=ORIENTED_EDGE('',*,*,#5874,.F.);
#7518=ORIENTED_EDGE('',*,*,#5876,.F.);
#7519=ORIENTED_EDGE('',*,*,#5877,.T.);
#7520=ORIENTED_EDGE('',*,*,#5878,.F.);
#7521=ORIENTED_EDGE('',*,*,#5877,.F.);
#7522=ORIENTED_EDGE('',*,*,#5879,.F.);
#7523=ORIENTED_EDGE('',*,*,#5880,.T.);
#7524=ORIENTED_EDGE('',*,*,#5881,.F.);
#7525=ORIENTED_EDGE('',*,*,#5880,.F.);
#7526=ORIENTED_EDGE('',*,*,#5882,.F.);
#7527=ORIENTED_EDGE('',*,*,#5883,.T.);
#7528=ORIENTED_EDGE('',*,*,#5884,.F.);
#7529=ORIENTED_EDGE('',*,*,#5883,.F.);
#7530=ORIENTED_EDGE('',*,*,#5885,.F.);
#7531=ORIENTED_EDGE('',*,*,#5886,.T.);
#7532=ORIENTED_EDGE('',*,*,#5887,.F.);
#7533=ORIENTED_EDGE('',*,*,#5886,.F.);
#7534=ORIENTED_EDGE('',*,*,#5888,.F.);
#7535=ORIENTED_EDGE('',*,*,#5872,.T.);
#7536=ORIENTED_EDGE('',*,*,#5889,.F.);
#7537=ORIENTED_EDGE('',*,*,#5890,.F.);
#7538=ORIENTED_EDGE('',*,*,#5891,.F.);
#7539=ORIENTED_EDGE('',*,*,#5892,.T.);
#7540=ORIENTED_EDGE('',*,*,#5893,.F.);
#7541=ORIENTED_EDGE('',*,*,#5892,.F.);
#7542=ORIENTED_EDGE('',*,*,#5894,.F.);
#7543=ORIENTED_EDGE('',*,*,#5895,.T.);
#7544=ORIENTED_EDGE('',*,*,#5896,.F.);
#7545=ORIENTED_EDGE('',*,*,#5895,.F.);
#7546=ORIENTED_EDGE('',*,*,#5897,.F.);
#7547=ORIENTED_EDGE('',*,*,#5898,.T.);
#7548=ORIENTED_EDGE('',*,*,#5899,.F.);
#7549=ORIENTED_EDGE('',*,*,#5898,.F.);
#7550=ORIENTED_EDGE('',*,*,#5900,.F.);
#7551=ORIENTED_EDGE('',*,*,#5901,.T.);
#7552=ORIENTED_EDGE('',*,*,#5902,.F.);
#7553=ORIENTED_EDGE('',*,*,#5901,.F.);
#7554=ORIENTED_EDGE('',*,*,#5903,.F.);
#7555=ORIENTED_EDGE('',*,*,#5904,.T.);
#7556=ORIENTED_EDGE('',*,*,#5905,.F.);
#7557=ORIENTED_EDGE('',*,*,#5904,.F.);
#7558=ORIENTED_EDGE('',*,*,#5906,.F.);
#7559=ORIENTED_EDGE('',*,*,#5890,.T.);
#7560=ORIENTED_EDGE('',*,*,#5907,.F.);
#7561=ORIENTED_EDGE('',*,*,#5908,.F.);
#7562=ORIENTED_EDGE('',*,*,#5909,.F.);
#7563=ORIENTED_EDGE('',*,*,#5910,.F.);
#7564=ORIENTED_EDGE('',*,*,#5911,.F.);
#7565=ORIENTED_EDGE('',*,*,#5912,.F.);
#7566=ORIENTED_EDGE('',*,*,#5913,.T.);
#7567=ORIENTED_EDGE('',*,*,#5914,.F.);
#7568=ORIENTED_EDGE('',*,*,#5915,.F.);
#7569=ORIENTED_EDGE('',*,*,#5913,.F.);
#7570=ORIENTED_EDGE('',*,*,#5916,.F.);
#7571=ORIENTED_EDGE('',*,*,#5917,.T.);
#7572=ORIENTED_EDGE('',*,*,#5918,.F.);
#7573=ORIENTED_EDGE('',*,*,#5917,.F.);
#7574=ORIENTED_EDGE('',*,*,#5919,.F.);
#7575=ORIENTED_EDGE('',*,*,#5909,.T.);
#7576=ORIENTED_EDGE('',*,*,#5920,.F.);
#7577=ORIENTED_EDGE('',*,*,#5921,.F.);
#7578=ORIENTED_EDGE('',*,*,#5922,.F.);
#7579=ORIENTED_EDGE('',*,*,#5923,.T.);
#7580=ORIENTED_EDGE('',*,*,#5924,.F.);
#7581=ORIENTED_EDGE('',*,*,#5923,.F.);
#7582=ORIENTED_EDGE('',*,*,#5925,.F.);
#7583=ORIENTED_EDGE('',*,*,#5926,.T.);
#7584=ORIENTED_EDGE('',*,*,#5927,.F.);
#7585=ORIENTED_EDGE('',*,*,#5928,.F.);
#7586=ORIENTED_EDGE('',*,*,#5926,.F.);
#7587=ORIENTED_EDGE('',*,*,#5929,.F.);
#7588=ORIENTED_EDGE('',*,*,#5930,.F.);
#7589=ORIENTED_EDGE('',*,*,#5931,.F.);
#7590=ORIENTED_EDGE('',*,*,#5921,.T.);
#7591=ORIENTED_EDGE('',*,*,#5932,.F.);
#7592=ORIENTED_EDGE('',*,*,#5933,.F.);
#7593=ORIENTED_EDGE('',*,*,#5934,.F.);
#7594=ORIENTED_EDGE('',*,*,#5935,.F.);
#7595=ORIENTED_EDGE('',*,*,#5936,.T.);
#7596=ORIENTED_EDGE('',*,*,#5937,.F.);
#7597=ORIENTED_EDGE('',*,*,#5936,.F.);
#7598=ORIENTED_EDGE('',*,*,#5938,.F.);
#7599=ORIENTED_EDGE('',*,*,#5939,.T.);
#7600=ORIENTED_EDGE('',*,*,#5940,.F.);
#7601=ORIENTED_EDGE('',*,*,#5939,.F.);
#7602=ORIENTED_EDGE('',*,*,#5941,.F.);
#7603=ORIENTED_EDGE('',*,*,#5942,.T.);
#7604=ORIENTED_EDGE('',*,*,#5943,.F.);
#7605=ORIENTED_EDGE('',*,*,#5942,.F.);
#7606=ORIENTED_EDGE('',*,*,#5944,.F.);
#7607=ORIENTED_EDGE('',*,*,#5945,.T.);
#7608=ORIENTED_EDGE('',*,*,#5946,.F.);
#7609=ORIENTED_EDGE('',*,*,#5945,.F.);
#7610=ORIENTED_EDGE('',*,*,#5947,.F.);
#7611=ORIENTED_EDGE('',*,*,#5948,.T.);
#7612=ORIENTED_EDGE('',*,*,#5949,.F.);
#7613=ORIENTED_EDGE('',*,*,#5948,.F.);
#7614=ORIENTED_EDGE('',*,*,#5950,.F.);
#7615=ORIENTED_EDGE('',*,*,#5934,.T.);
#7616=ORIENTED_EDGE('',*,*,#5951,.F.);
#7617=ORIENTED_EDGE('',*,*,#5952,.F.);
#7618=ORIENTED_EDGE('',*,*,#5953,.F.);
#7619=ORIENTED_EDGE('',*,*,#5954,.F.);
#7620=ORIENTED_EDGE('',*,*,#5955,.F.);
#7621=ORIENTED_EDGE('',*,*,#5956,.F.);
#7622=ORIENTED_EDGE('',*,*,#5957,.T.);
#7623=ORIENTED_EDGE('',*,*,#5958,.F.);
#7624=ORIENTED_EDGE('',*,*,#5959,.F.);
#7625=ORIENTED_EDGE('',*,*,#5957,.F.);
#7626=ORIENTED_EDGE('',*,*,#5960,.F.);
#7627=ORIENTED_EDGE('',*,*,#5961,.T.);
#7628=ORIENTED_EDGE('',*,*,#5962,.F.);
#7629=ORIENTED_EDGE('',*,*,#5961,.F.);
#7630=ORIENTED_EDGE('',*,*,#5963,.F.);
#7631=ORIENTED_EDGE('',*,*,#5953,.T.);
#7632=ORIENTED_EDGE('',*,*,#5964,.F.);
#7633=ORIENTED_EDGE('',*,*,#5965,.F.);
#7634=ORIENTED_EDGE('',*,*,#5966,.F.);
#7635=ORIENTED_EDGE('',*,*,#5967,.T.);
#7636=ORIENTED_EDGE('',*,*,#5968,.F.);
#7637=ORIENTED_EDGE('',*,*,#5967,.F.);
#7638=ORIENTED_EDGE('',*,*,#5969,.F.);
#7639=ORIENTED_EDGE('',*,*,#5970,.T.);
#7640=ORIENTED_EDGE('',*,*,#5971,.F.);
#7641=ORIENTED_EDGE('',*,*,#5972,.F.);
#7642=ORIENTED_EDGE('',*,*,#5970,.F.);
#7643=ORIENTED_EDGE('',*,*,#5973,.F.);
#7644=ORIENTED_EDGE('',*,*,#5974,.F.);
#7645=ORIENTED_EDGE('',*,*,#5975,.F.);
#7646=ORIENTED_EDGE('',*,*,#5965,.T.);
#7647=ORIENTED_EDGE('',*,*,#5976,.F.);
#7648=ORIENTED_EDGE('',*,*,#5977,.F.);
#7649=ORIENTED_EDGE('',*,*,#5978,.F.);
#7650=ORIENTED_EDGE('',*,*,#5979,.F.);
#7651=ORIENTED_EDGE('',*,*,#5980,.F.);
#7652=ORIENTED_EDGE('',*,*,#5981,.F.);
#7653=ORIENTED_EDGE('',*,*,#5982,.F.);
#7654=ORIENTED_EDGE('',*,*,#5983,.T.);
#7655=ORIENTED_EDGE('',*,*,#5984,.F.);
#7656=ORIENTED_EDGE('',*,*,#5985,.F.);
#7657=ORIENTED_EDGE('',*,*,#5983,.F.);
#7658=ORIENTED_EDGE('',*,*,#5986,.F.);
#7659=ORIENTED_EDGE('',*,*,#5987,.T.);
#7660=ORIENTED_EDGE('',*,*,#5988,.F.);
#7661=ORIENTED_EDGE('',*,*,#5987,.F.);
#7662=ORIENTED_EDGE('',*,*,#5989,.F.);
#7663=ORIENTED_EDGE('',*,*,#5979,.T.);
#7664=ORIENTED_EDGE('',*,*,#5990,.F.);
#7665=ORIENTED_EDGE('',*,*,#5991,.F.);
#7666=ORIENTED_EDGE('',*,*,#5992,.T.);
#7667=ORIENTED_EDGE('',*,*,#5993,.F.);
#7668=ORIENTED_EDGE('',*,*,#5994,.F.);
#7669=ORIENTED_EDGE('',*,*,#5995,.F.);
#7670=ORIENTED_EDGE('',*,*,#5992,.F.);
#7671=ORIENTED_EDGE('',*,*,#5996,.F.);
#7672=ORIENTED_EDGE('',*,*,#4908,.T.);
#7673=ORIENTED_EDGE('',*,*,#5997,.F.);
#7674=ORIENTED_EDGE('',*,*,#4928,.T.);
#7675=ORIENTED_EDGE('',*,*,#5998,.T.);
#7676=ORIENTED_EDGE('',*,*,#5102,.T.);
#7677=ORIENTED_EDGE('',*,*,#5999,.F.);
#7678=ORIENTED_EDGE('',*,*,#5186,.T.);
#7679=ORIENTED_EDGE('',*,*,#6000,.T.);
#7680=ORIENTED_EDGE('',*,*,#5037,.T.);
#7681=ORIENTED_EDGE('',*,*,#6001,.F.);
#7682=ORIENTED_EDGE('',*,*,#5112,.T.);
#7683=ORIENTED_EDGE('',*,*,#6002,.T.);
#7684=ORIENTED_EDGE('',*,*,#4978,.T.);
#7685=ORIENTED_EDGE('',*,*,#6003,.F.);
#7686=ORIENTED_EDGE('',*,*,#5047,.T.);
#7687=ORIENTED_EDGE('',*,*,#6004,.T.);
#7688=ORIENTED_EDGE('',*,*,#4931,.T.);
#7689=ORIENTED_EDGE('',*,*,#6005,.F.);
#7690=ORIENTED_EDGE('',*,*,#4988,.T.);
#7691=ORIENTED_EDGE('',*,*,#6006,.T.);
#7692=ORIENTED_EDGE('',*,*,#4901,.T.);
#7693=ORIENTED_EDGE('',*,*,#6007,.F.);
#7694=ORIENTED_EDGE('',*,*,#4941,.T.);
#7695=ORIENTED_EDGE('',*,*,#6008,.T.);
#7696=ORIENTED_EDGE('',*,*,#5257,.T.);
#7697=ORIENTED_EDGE('',*,*,#6009,.T.);
#7698=ORIENTED_EDGE('',*,*,#5325,.T.);
#7699=ORIENTED_EDGE('',*,*,#6010,.F.);
#7700=ORIENTED_EDGE('',*,*,#5245,.T.);
#7701=ORIENTED_EDGE('',*,*,#6011,.F.);
#7702=ORIENTED_EDGE('',*,*,#5341,.T.);
#7703=ORIENTED_EDGE('',*,*,#6012,.T.);
#7704=ORIENTED_EDGE('',*,*,#5576,.T.);
#7705=ORIENTED_EDGE('',*,*,#6013,.F.);
#7706=ORIENTED_EDGE('',*,*,#6014,.T.);
#7707=ORIENTED_EDGE('',*,*,#6015,.T.);
#7708=ORIENTED_EDGE('',*,*,#5414,.T.);
#7709=ORIENTED_EDGE('',*,*,#6016,.F.);
#7710=ORIENTED_EDGE('',*,*,#5583,.T.);
#7711=ORIENTED_EDGE('',*,*,#6017,.T.);
#7712=ORIENTED_EDGE('',*,*,#5722,.T.);
#7713=ORIENTED_EDGE('',*,*,#6018,.T.);
#7714=ORIENTED_EDGE('',*,*,#6019,.T.);
#7715=ORIENTED_EDGE('',*,*,#6020,.F.);
#7716=ORIENTED_EDGE('',*,*,#5657,.T.);
#7717=ORIENTED_EDGE('',*,*,#6021,.T.);
#7718=ORIENTED_EDGE('',*,*,#5718,.T.);
#7719=ORIENTED_EDGE('',*,*,#6022,.F.);
#7720=ORIENTED_EDGE('',*,*,#5868,.T.);
#7721=ORIENTED_EDGE('',*,*,#6023,.F.);
#7722=ORIENTED_EDGE('',*,*,#5930,.T.);
#7723=ORIENTED_EDGE('',*,*,#6024,.T.);
#7724=ORIENTED_EDGE('',*,*,#5806,.T.);
#7725=ORIENTED_EDGE('',*,*,#6025,.F.);
#7726=ORIENTED_EDGE('',*,*,#5861,.T.);
#7727=ORIENTED_EDGE('',*,*,#6026,.T.);
#7728=ORIENTED_EDGE('',*,*,#5744,.T.);
#7729=ORIENTED_EDGE('',*,*,#6027,.F.);
#7730=ORIENTED_EDGE('',*,*,#5809,.T.);
#7731=ORIENTED_EDGE('',*,*,#6028,.T.);
#7732=ORIENTED_EDGE('',*,*,#5676,.T.);
#7733=ORIENTED_EDGE('',*,*,#6029,.F.);
#7734=ORIENTED_EDGE('',*,*,#5737,.T.);
#7735=ORIENTED_EDGE('',*,*,#6030,.T.);
#7736=ORIENTED_EDGE('',*,*,#5593,.T.);
#7737=ORIENTED_EDGE('',*,*,#6031,.F.);
#7738=ORIENTED_EDGE('',*,*,#5679,.T.);
#7739=ORIENTED_EDGE('',*,*,#6032,.T.);
#7740=ORIENTED_EDGE('',*,*,#5516,.T.);
#7741=ORIENTED_EDGE('',*,*,#6033,.F.);
#7742=ORIENTED_EDGE('',*,*,#5586,.T.);
#7743=ORIENTED_EDGE('',*,*,#6034,.T.);
#7744=ORIENTED_EDGE('',*,*,#5431,.T.);
#7745=ORIENTED_EDGE('',*,*,#6035,.F.);
#7746=ORIENTED_EDGE('',*,*,#5519,.T.);
#7747=ORIENTED_EDGE('',*,*,#6036,.T.);
#7748=ORIENTED_EDGE('',*,*,#5354,.T.);
#7749=ORIENTED_EDGE('',*,*,#6037,.F.);
#7750=ORIENTED_EDGE('',*,*,#5424,.T.);
#7751=ORIENTED_EDGE('',*,*,#6038,.T.);
#7752=ORIENTED_EDGE('',*,*,#5268,.T.);
#7753=ORIENTED_EDGE('',*,*,#6039,.F.);
#7754=ORIENTED_EDGE('',*,*,#5357,.T.);
#7755=ORIENTED_EDGE('',*,*,#6040,.T.);
#7756=ORIENTED_EDGE('',*,*,#5199,.T.);
#7757=ORIENTED_EDGE('',*,*,#6041,.F.);
#7758=ORIENTED_EDGE('',*,*,#5261,.T.);
#7759=ORIENTED_EDGE('',*,*,#6042,.T.);
#7760=ORIENTED_EDGE('',*,*,#5122,.T.);
#7761=ORIENTED_EDGE('',*,*,#6043,.F.);
#7762=ORIENTED_EDGE('',*,*,#5202,.T.);
#7763=ORIENTED_EDGE('',*,*,#6044,.T.);
#7764=ORIENTED_EDGE('',*,*,#5060,.T.);
#7765=ORIENTED_EDGE('',*,*,#6045,.F.);
#7766=ORIENTED_EDGE('',*,*,#5115,.T.);
#7767=ORIENTED_EDGE('',*,*,#6046,.T.);
#7768=ORIENTED_EDGE('',*,*,#4998,.T.);
#7769=ORIENTED_EDGE('',*,*,#6047,.F.);
#7770=ORIENTED_EDGE('',*,*,#5063,.T.);
#7771=ORIENTED_EDGE('',*,*,#6048,.T.);
#7772=ORIENTED_EDGE('',*,*,#4954,.T.);
#7773=ORIENTED_EDGE('',*,*,#6049,.F.);
#7774=ORIENTED_EDGE('',*,*,#4991,.T.);
#7775=ORIENTED_EDGE('',*,*,#6050,.T.);
#7776=ORIENTED_EDGE('',*,*,#5971,.T.);
#7777=ORIENTED_EDGE('',*,*,#6051,.F.);
#7778=ORIENTED_EDGE('',*,*,#5990,.T.);
#7779=ORIENTED_EDGE('',*,*,#6052,.T.);
#7780=ORIENTED_EDGE('',*,*,#5981,.T.);
#7781=ORIENTED_EDGE('',*,*,#6053,.T.);
#7782=ORIENTED_EDGE('',*,*,#5994,.T.);
#7783=ORIENTED_EDGE('',*,*,#6054,.F.);
#7784=ORIENTED_EDGE('',*,*,#5955,.T.);
#7785=ORIENTED_EDGE('',*,*,#6055,.T.);
#7786=ORIENTED_EDGE('',*,*,#5977,.T.);
#7787=ORIENTED_EDGE('',*,*,#6056,.F.);
#7788=ORIENTED_EDGE('',*,*,#5911,.T.);
#7789=ORIENTED_EDGE('',*,*,#6057,.T.);
#7790=ORIENTED_EDGE('',*,*,#5951,.T.);
#7791=ORIENTED_EDGE('',*,*,#6058,.F.);
#7792=ORIENTED_EDGE('',*,*,#5852,.T.);
#7793=ORIENTED_EDGE('',*,*,#6059,.T.);
#7794=ORIENTED_EDGE('',*,*,#5907,.T.);
#7795=ORIENTED_EDGE('',*,*,#6060,.F.);
#7796=ORIENTED_EDGE('',*,*,#5787,.T.);
#7797=ORIENTED_EDGE('',*,*,#6061,.T.);
#7798=ORIENTED_EDGE('',*,*,#5848,.T.);
#7799=ORIENTED_EDGE('',*,*,#6062,.F.);
#7800=ORIENTED_EDGE('',*,*,#4904,.T.);
#7801=ORIENTED_EDGE('',*,*,#4906,.T.);
#7802=ORIENTED_EDGE('',*,*,#6063,.T.);
#7803=ORIENTED_EDGE('',*,*,#4918,.T.);
#7804=ORIENTED_EDGE('',*,*,#4919,.T.);
#7805=ORIENTED_EDGE('',*,*,#4922,.T.);
#7806=ORIENTED_EDGE('',*,*,#4925,.T.);
#7807=ORIENTED_EDGE('',*,*,#4929,.T.);
#7808=ORIENTED_EDGE('',*,*,#5997,.T.);
#7809=ORIENTED_EDGE('',*,*,#4911,.T.);
#7810=ORIENTED_EDGE('',*,*,#4913,.T.);
#7811=ORIENTED_EDGE('',*,*,#6064,.F.);
#7812=ORIENTED_EDGE('',*,*,#4959,.T.);
#7813=ORIENTED_EDGE('',*,*,#4944,.T.);
#7814=ORIENTED_EDGE('',*,*,#4948,.T.);
#7815=ORIENTED_EDGE('',*,*,#4951,.T.);
#7816=ORIENTED_EDGE('',*,*,#4955,.T.);
#7817=ORIENTED_EDGE('',*,*,#6050,.F.);
#7818=ORIENTED_EDGE('',*,*,#4994,.T.);
#7819=ORIENTED_EDGE('',*,*,#4995,.T.);
#7820=ORIENTED_EDGE('',*,*,#4999,.T.);
#7821=ORIENTED_EDGE('',*,*,#6048,.F.);
#7822=ORIENTED_EDGE('',*,*,#5065,.T.);
#7823=ORIENTED_EDGE('',*,*,#5050,.T.);
#7824=ORIENTED_EDGE('',*,*,#5054,.T.);
#7825=ORIENTED_EDGE('',*,*,#5057,.T.);
#7826=ORIENTED_EDGE('',*,*,#5061,.T.);
#7827=ORIENTED_EDGE('',*,*,#6046,.F.);
#7828=ORIENTED_EDGE('',*,*,#5118,.T.);
#7829=ORIENTED_EDGE('',*,*,#5119,.T.);
#7830=ORIENTED_EDGE('',*,*,#5123,.T.);
#7831=ORIENTED_EDGE('',*,*,#6044,.F.);
#7832=ORIENTED_EDGE('',*,*,#5204,.T.);
#7833=ORIENTED_EDGE('',*,*,#5189,.T.);
#7834=ORIENTED_EDGE('',*,*,#5193,.T.);
#7835=ORIENTED_EDGE('',*,*,#5196,.T.);
#7836=ORIENTED_EDGE('',*,*,#5200,.T.);
#7837=ORIENTED_EDGE('',*,*,#6042,.F.);
#7838=ORIENTED_EDGE('',*,*,#5264,.T.);
#7839=ORIENTED_EDGE('',*,*,#5265,.T.);
#7840=ORIENTED_EDGE('',*,*,#5269,.T.);
#7841=ORIENTED_EDGE('',*,*,#6040,.F.);
#7842=ORIENTED_EDGE('',*,*,#5359,.T.);
#7843=ORIENTED_EDGE('',*,*,#5344,.T.);
#7844=ORIENTED_EDGE('',*,*,#5348,.T.);
#7845=ORIENTED_EDGE('',*,*,#5351,.T.);
#7846=ORIENTED_EDGE('',*,*,#5355,.T.);
#7847=ORIENTED_EDGE('',*,*,#6038,.F.);
#7848=ORIENTED_EDGE('',*,*,#5427,.T.);
#7849=ORIENTED_EDGE('',*,*,#5428,.T.);
#7850=ORIENTED_EDGE('',*,*,#5432,.T.);
#7851=ORIENTED_EDGE('',*,*,#6036,.F.);
#7852=ORIENTED_EDGE('',*,*,#5521,.T.);
#7853=ORIENTED_EDGE('',*,*,#5506,.T.);
#7854=ORIENTED_EDGE('',*,*,#5510,.T.);
#7855=ORIENTED_EDGE('',*,*,#5513,.T.);
#7856=ORIENTED_EDGE('',*,*,#5517,.T.);
#7857=ORIENTED_EDGE('',*,*,#6034,.F.);
#7858=ORIENTED_EDGE('',*,*,#5589,.T.);
#7859=ORIENTED_EDGE('',*,*,#5590,.T.);
#7860=ORIENTED_EDGE('',*,*,#5594,.T.);
#7861=ORIENTED_EDGE('',*,*,#6032,.F.);
#7862=ORIENTED_EDGE('',*,*,#5681,.T.);
#7863=ORIENTED_EDGE('',*,*,#5666,.T.);
#7864=ORIENTED_EDGE('',*,*,#5670,.T.);
#7865=ORIENTED_EDGE('',*,*,#5673,.T.);
#7866=ORIENTED_EDGE('',*,*,#5677,.T.);
#7867=ORIENTED_EDGE('',*,*,#6030,.F.);
#7868=ORIENTED_EDGE('',*,*,#5740,.T.);
#7869=ORIENTED_EDGE('',*,*,#5741,.T.);
#7870=ORIENTED_EDGE('',*,*,#5745,.T.);
#7871=ORIENTED_EDGE('',*,*,#6028,.F.);
#7872=ORIENTED_EDGE('',*,*,#5811,.T.);
#7873=ORIENTED_EDGE('',*,*,#5796,.T.);
#7874=ORIENTED_EDGE('',*,*,#5800,.T.);
#7875=ORIENTED_EDGE('',*,*,#5803,.T.);
#7876=ORIENTED_EDGE('',*,*,#5807,.T.);
#7877=ORIENTED_EDGE('',*,*,#6026,.F.);
#7878=ORIENTED_EDGE('',*,*,#5864,.T.);
#7879=ORIENTED_EDGE('',*,*,#5865,.T.);
#7880=ORIENTED_EDGE('',*,*,#5869,.T.);
#7881=ORIENTED_EDGE('',*,*,#6024,.F.);
#7882=ORIENTED_EDGE('',*,*,#5932,.T.);
#7883=ORIENTED_EDGE('',*,*,#5920,.T.);
#7884=ORIENTED_EDGE('',*,*,#5924,.T.);
#7885=ORIENTED_EDGE('',*,*,#5928,.T.);
#7886=ORIENTED_EDGE('',*,*,#6065,.F.);
#7887=ORIENTED_EDGE('',*,*,#5976,.T.);
#7888=ORIENTED_EDGE('',*,*,#5964,.T.);
#7889=ORIENTED_EDGE('',*,*,#5968,.T.);
#7890=ORIENTED_EDGE('',*,*,#5972,.T.);
#7891=ORIENTED_EDGE('',*,*,#6052,.F.);
#7892=ORIENTED_EDGE('',*,*,#5993,.T.);
#7893=ORIENTED_EDGE('',*,*,#5995,.T.);
#7894=ORIENTED_EDGE('',*,*,#6053,.F.);
#7895=ORIENTED_EDGE('',*,*,#5984,.T.);
#7896=ORIENTED_EDGE('',*,*,#5985,.T.);
#7897=ORIENTED_EDGE('',*,*,#5988,.T.);
#7898=ORIENTED_EDGE('',*,*,#5978,.T.);
#7899=ORIENTED_EDGE('',*,*,#6055,.F.);
#7900=ORIENTED_EDGE('',*,*,#5958,.T.);
#7901=ORIENTED_EDGE('',*,*,#5959,.T.);
#7902=ORIENTED_EDGE('',*,*,#5962,.T.);
#7903=ORIENTED_EDGE('',*,*,#5952,.T.);
#7904=ORIENTED_EDGE('',*,*,#6057,.F.);
#7905=ORIENTED_EDGE('',*,*,#5914,.T.);
#7906=ORIENTED_EDGE('',*,*,#5915,.T.);
#7907=ORIENTED_EDGE('',*,*,#5918,.T.);
#7908=ORIENTED_EDGE('',*,*,#5908,.T.);
#7909=ORIENTED_EDGE('',*,*,#6059,.F.);
#7910=ORIENTED_EDGE('',*,*,#5855,.T.);
#7911=ORIENTED_EDGE('',*,*,#5856,.T.);
#7912=ORIENTED_EDGE('',*,*,#5859,.T.);
#7913=ORIENTED_EDGE('',*,*,#5849,.T.);
#7914=ORIENTED_EDGE('',*,*,#6061,.F.);
#7915=ORIENTED_EDGE('',*,*,#5790,.T.);
#7916=ORIENTED_EDGE('',*,*,#5791,.T.);
#7917=ORIENTED_EDGE('',*,*,#5794,.T.);
#7918=ORIENTED_EDGE('',*,*,#5784,.T.);
#7919=ORIENTED_EDGE('',*,*,#6066,.F.);
#7920=ORIENTED_EDGE('',*,*,#6018,.F.);
#7921=ORIENTED_EDGE('',*,*,#5725,.T.);
#7922=ORIENTED_EDGE('',*,*,#5726,.T.);
#7923=ORIENTED_EDGE('',*,*,#5729,.T.);
#7924=ORIENTED_EDGE('',*,*,#5732,.T.);
#7925=ORIENTED_EDGE('',*,*,#5735,.T.);
#7926=ORIENTED_EDGE('',*,*,#5719,.T.);
#7927=ORIENTED_EDGE('',*,*,#6021,.F.);
#7928=ORIENTED_EDGE('',*,*,#5660,.T.);
#7929=ORIENTED_EDGE('',*,*,#5661,.T.);
#7930=ORIENTED_EDGE('',*,*,#5664,.T.);
#7931=ORIENTED_EDGE('',*,*,#5650,.T.);
#7932=ORIENTED_EDGE('',*,*,#5655,.T.);
#7933=ORIENTED_EDGE('',*,*,#6067,.F.);
#7934=ORIENTED_EDGE('',*,*,#6013,.T.);
#7935=ORIENTED_EDGE('',*,*,#5579,.T.);
#7936=ORIENTED_EDGE('',*,*,#5580,.T.);
#7937=ORIENTED_EDGE('',*,*,#5584,.T.);
#7938=ORIENTED_EDGE('',*,*,#6016,.T.);
#7939=ORIENTED_EDGE('',*,*,#5417,.T.);
#7940=ORIENTED_EDGE('',*,*,#5418,.T.);
#7941=ORIENTED_EDGE('',*,*,#5422,.T.);
#7942=ORIENTED_EDGE('',*,*,#6068,.T.);
#7943=ORIENTED_EDGE('',*,*,#5258,.T.);
#7944=ORIENTED_EDGE('',*,*,#6010,.T.);
#7945=ORIENTED_EDGE('',*,*,#5328,.T.);
#7946=ORIENTED_EDGE('',*,*,#5329,.T.);
#7947=ORIENTED_EDGE('',*,*,#5332,.T.);
#7948=ORIENTED_EDGE('',*,*,#5335,.T.);
#7949=ORIENTED_EDGE('',*,*,#5338,.T.);
#7950=ORIENTED_EDGE('',*,*,#5342,.T.);
#7951=ORIENTED_EDGE('',*,*,#6011,.T.);
#7952=ORIENTED_EDGE('',*,*,#5248,.T.);
#7953=ORIENTED_EDGE('',*,*,#5249,.T.);
#7954=ORIENTED_EDGE('',*,*,#5252,.T.);
#7955=ORIENTED_EDGE('',*,*,#5255,.T.);
#7956=ORIENTED_EDGE('',*,*,#5242,.T.);
#7957=ORIENTED_EDGE('',*,*,#6069,.T.);
#7958=ORIENTED_EDGE('',*,*,#5182,.T.);
#7959=ORIENTED_EDGE('',*,*,#5183,.T.);
#7960=ORIENTED_EDGE('',*,*,#5187,.T.);
#7961=ORIENTED_EDGE('',*,*,#5999,.T.);
#7962=ORIENTED_EDGE('',*,*,#5105,.T.);
#7963=ORIENTED_EDGE('',*,*,#5106,.T.);
#7964=ORIENTED_EDGE('',*,*,#5109,.T.);
#7965=ORIENTED_EDGE('',*,*,#5113,.T.);
#7966=ORIENTED_EDGE('',*,*,#6001,.T.);
#7967=ORIENTED_EDGE('',*,*,#5040,.T.);
#7968=ORIENTED_EDGE('',*,*,#5041,.T.);
#7969=ORIENTED_EDGE('',*,*,#5044,.T.);
#7970=ORIENTED_EDGE('',*,*,#5048,.T.);
#7971=ORIENTED_EDGE('',*,*,#6003,.T.);
#7972=ORIENTED_EDGE('',*,*,#4981,.T.);
#7973=ORIENTED_EDGE('',*,*,#4982,.T.);
#7974=ORIENTED_EDGE('',*,*,#4985,.T.);
#7975=ORIENTED_EDGE('',*,*,#4989,.T.);
#7976=ORIENTED_EDGE('',*,*,#6005,.T.);
#7977=ORIENTED_EDGE('',*,*,#4934,.T.);
#7978=ORIENTED_EDGE('',*,*,#4935,.T.);
#7979=ORIENTED_EDGE('',*,*,#4938,.T.);
#7980=ORIENTED_EDGE('',*,*,#4942,.T.);
#7981=ORIENTED_EDGE('',*,*,#6007,.T.);
#7982=ORIENTED_EDGE('',*,*,#6070,.T.);
#7983=ORIENTED_EDGE('',*,*,#6071,.T.);
#7984=ORIENTED_EDGE('',*,*,#6072,.T.);
#7985=ORIENTED_EDGE('',*,*,#6073,.T.);
#7986=ORIENTED_EDGE('',*,*,#6074,.T.);
#7987=ORIENTED_EDGE('',*,*,#6075,.T.);
#7988=ORIENTED_EDGE('',*,*,#5933,.T.);
#7989=ORIENTED_EDGE('',*,*,#5937,.T.);
#7990=ORIENTED_EDGE('',*,*,#5940,.T.);
#7991=ORIENTED_EDGE('',*,*,#5943,.T.);
#7992=ORIENTED_EDGE('',*,*,#5946,.T.);
#7993=ORIENTED_EDGE('',*,*,#5949,.T.);
#7994=ORIENTED_EDGE('',*,*,#5889,.T.);
#7995=ORIENTED_EDGE('',*,*,#5893,.T.);
#7996=ORIENTED_EDGE('',*,*,#5896,.T.);
#7997=ORIENTED_EDGE('',*,*,#5899,.T.);
#7998=ORIENTED_EDGE('',*,*,#5902,.T.);
#7999=ORIENTED_EDGE('',*,*,#5905,.T.);
#8000=ORIENTED_EDGE('',*,*,#5871,.T.);
#8001=ORIENTED_EDGE('',*,*,#5875,.T.);
#8002=ORIENTED_EDGE('',*,*,#5878,.T.);
#8003=ORIENTED_EDGE('',*,*,#5881,.T.);
#8004=ORIENTED_EDGE('',*,*,#5884,.T.);
#8005=ORIENTED_EDGE('',*,*,#5887,.T.);
#8006=ORIENTED_EDGE('',*,*,#5830,.T.);
#8007=ORIENTED_EDGE('',*,*,#5834,.T.);
#8008=ORIENTED_EDGE('',*,*,#5837,.T.);
#8009=ORIENTED_EDGE('',*,*,#5840,.T.);
#8010=ORIENTED_EDGE('',*,*,#5843,.T.);
#8011=ORIENTED_EDGE('',*,*,#5846,.T.);
#8012=ORIENTED_EDGE('',*,*,#5812,.T.);
#8013=ORIENTED_EDGE('',*,*,#5816,.T.);
#8014=ORIENTED_EDGE('',*,*,#5819,.T.);
#8015=ORIENTED_EDGE('',*,*,#5822,.T.);
#8016=ORIENTED_EDGE('',*,*,#5825,.T.);
#8017=ORIENTED_EDGE('',*,*,#5828,.T.);
#8018=ORIENTED_EDGE('',*,*,#5765,.T.);
#8019=ORIENTED_EDGE('',*,*,#5769,.T.);
#8020=ORIENTED_EDGE('',*,*,#5772,.T.);
#8021=ORIENTED_EDGE('',*,*,#5775,.T.);
#8022=ORIENTED_EDGE('',*,*,#5778,.T.);
#8023=ORIENTED_EDGE('',*,*,#5781,.T.);
#8024=ORIENTED_EDGE('',*,*,#5747,.T.);
#8025=ORIENTED_EDGE('',*,*,#5751,.T.);
#8026=ORIENTED_EDGE('',*,*,#5754,.T.);
#8027=ORIENTED_EDGE('',*,*,#5757,.T.);
#8028=ORIENTED_EDGE('',*,*,#5760,.T.);
#8029=ORIENTED_EDGE('',*,*,#5763,.T.);
#8030=ORIENTED_EDGE('',*,*,#5700,.T.);
#8031=ORIENTED_EDGE('',*,*,#5704,.T.);
#8032=ORIENTED_EDGE('',*,*,#5707,.T.);
#8033=ORIENTED_EDGE('',*,*,#5710,.T.);
#8034=ORIENTED_EDGE('',*,*,#5713,.T.);
#8035=ORIENTED_EDGE('',*,*,#5716,.T.);
#8036=ORIENTED_EDGE('',*,*,#5682,.T.);
#8037=ORIENTED_EDGE('',*,*,#5686,.T.);
#8038=ORIENTED_EDGE('',*,*,#5689,.T.);
#8039=ORIENTED_EDGE('',*,*,#5692,.T.);
#8040=ORIENTED_EDGE('',*,*,#5695,.T.);
#8041=ORIENTED_EDGE('',*,*,#5698,.T.);
#8042=ORIENTED_EDGE('',*,*,#5632,.T.);
#8043=ORIENTED_EDGE('',*,*,#5636,.T.);
#8044=ORIENTED_EDGE('',*,*,#5639,.T.);
#8045=ORIENTED_EDGE('',*,*,#5642,.T.);
#8046=ORIENTED_EDGE('',*,*,#5645,.T.);
#8047=ORIENTED_EDGE('',*,*,#5648,.T.);
#8048=ORIENTED_EDGE('',*,*,#5614,.T.);
#8049=ORIENTED_EDGE('',*,*,#5618,.T.);
#8050=ORIENTED_EDGE('',*,*,#5621,.T.);
#8051=ORIENTED_EDGE('',*,*,#5624,.T.);
#8052=ORIENTED_EDGE('',*,*,#5627,.T.);
#8053=ORIENTED_EDGE('',*,*,#5630,.T.);
#8054=ORIENTED_EDGE('',*,*,#5596,.T.);
#8055=ORIENTED_EDGE('',*,*,#5600,.T.);
#8056=ORIENTED_EDGE('',*,*,#5603,.T.);
#8057=ORIENTED_EDGE('',*,*,#5606,.T.);
#8058=ORIENTED_EDGE('',*,*,#5609,.T.);
#8059=ORIENTED_EDGE('',*,*,#5612,.T.);
#8060=ORIENTED_EDGE('',*,*,#5558,.T.);
#8061=ORIENTED_EDGE('',*,*,#5562,.T.);
#8062=ORIENTED_EDGE('',*,*,#5565,.T.);
#8063=ORIENTED_EDGE('',*,*,#5568,.T.);
#8064=ORIENTED_EDGE('',*,*,#5571,.T.);
#8065=ORIENTED_EDGE('',*,*,#5574,.T.);
#8066=ORIENTED_EDGE('',*,*,#5540,.T.);
#8067=ORIENTED_EDGE('',*,*,#5544,.T.);
#8068=ORIENTED_EDGE('',*,*,#5547,.T.);
#8069=ORIENTED_EDGE('',*,*,#5550,.T.);
#8070=ORIENTED_EDGE('',*,*,#5553,.T.);
#8071=ORIENTED_EDGE('',*,*,#5556,.T.);
#8072=ORIENTED_EDGE('',*,*,#5522,.T.);
#8073=ORIENTED_EDGE('',*,*,#5526,.T.);
#8074=ORIENTED_EDGE('',*,*,#5529,.T.);
#8075=ORIENTED_EDGE('',*,*,#5532,.T.);
#8076=ORIENTED_EDGE('',*,*,#5535,.T.);
#8077=ORIENTED_EDGE('',*,*,#5538,.T.);
#8078=ORIENTED_EDGE('',*,*,#5488,.T.);
#8079=ORIENTED_EDGE('',*,*,#5492,.T.);
#8080=ORIENTED_EDGE('',*,*,#5495,.T.);
#8081=ORIENTED_EDGE('',*,*,#5498,.T.);
#8082=ORIENTED_EDGE('',*,*,#5501,.T.);
#8083=ORIENTED_EDGE('',*,*,#5504,.T.);
#8084=ORIENTED_EDGE('',*,*,#5470,.T.);
#8085=ORIENTED_EDGE('',*,*,#5474,.T.);
#8086=ORIENTED_EDGE('',*,*,#5477,.T.);
#8087=ORIENTED_EDGE('',*,*,#5480,.T.);
#8088=ORIENTED_EDGE('',*,*,#5483,.T.);
#8089=ORIENTED_EDGE('',*,*,#5486,.T.);
#8090=ORIENTED_EDGE('',*,*,#5452,.T.);
#8091=ORIENTED_EDGE('',*,*,#5456,.T.);
#8092=ORIENTED_EDGE('',*,*,#5459,.T.);
#8093=ORIENTED_EDGE('',*,*,#5462,.T.);
#8094=ORIENTED_EDGE('',*,*,#5465,.T.);
#8095=ORIENTED_EDGE('',*,*,#5468,.T.);
#8096=ORIENTED_EDGE('',*,*,#5434,.T.);
#8097=ORIENTED_EDGE('',*,*,#5438,.T.);
#8098=ORIENTED_EDGE('',*,*,#5441,.T.);
#8099=ORIENTED_EDGE('',*,*,#5444,.T.);
#8100=ORIENTED_EDGE('',*,*,#5447,.T.);
#8101=ORIENTED_EDGE('',*,*,#5450,.T.);
#8102=ORIENTED_EDGE('',*,*,#5396,.T.);
#8103=ORIENTED_EDGE('',*,*,#5400,.T.);
#8104=ORIENTED_EDGE('',*,*,#5403,.T.);
#8105=ORIENTED_EDGE('',*,*,#5406,.T.);
#8106=ORIENTED_EDGE('',*,*,#5409,.T.);
#8107=ORIENTED_EDGE('',*,*,#5412,.T.);
#8108=ORIENTED_EDGE('',*,*,#5378,.T.);
#8109=ORIENTED_EDGE('',*,*,#5382,.T.);
#8110=ORIENTED_EDGE('',*,*,#5385,.T.);
#8111=ORIENTED_EDGE('',*,*,#5388,.T.);
#8112=ORIENTED_EDGE('',*,*,#5391,.T.);
#8113=ORIENTED_EDGE('',*,*,#5394,.T.);
#8114=ORIENTED_EDGE('',*,*,#5360,.T.);
#8115=ORIENTED_EDGE('',*,*,#5364,.T.);
#8116=ORIENTED_EDGE('',*,*,#5367,.T.);
#8117=ORIENTED_EDGE('',*,*,#5370,.T.);
#8118=ORIENTED_EDGE('',*,*,#5373,.T.);
#8119=ORIENTED_EDGE('',*,*,#5376,.T.);
#8120=ORIENTED_EDGE('',*,*,#5307,.T.);
#8121=ORIENTED_EDGE('',*,*,#5311,.T.);
#8122=ORIENTED_EDGE('',*,*,#5314,.T.);
#8123=ORIENTED_EDGE('',*,*,#5317,.T.);
#8124=ORIENTED_EDGE('',*,*,#5320,.T.);
#8125=ORIENTED_EDGE('',*,*,#5323,.T.);
#8126=ORIENTED_EDGE('',*,*,#5289,.T.);
#8127=ORIENTED_EDGE('',*,*,#5293,.T.);
#8128=ORIENTED_EDGE('',*,*,#5296,.T.);
#8129=ORIENTED_EDGE('',*,*,#5299,.T.);
#8130=ORIENTED_EDGE('',*,*,#5302,.T.);
#8131=ORIENTED_EDGE('',*,*,#5305,.T.);
#8132=ORIENTED_EDGE('',*,*,#5271,.T.);
#8133=ORIENTED_EDGE('',*,*,#5275,.T.);
#8134=ORIENTED_EDGE('',*,*,#5278,.T.);
#8135=ORIENTED_EDGE('',*,*,#5281,.T.);
#8136=ORIENTED_EDGE('',*,*,#5284,.T.);
#8137=ORIENTED_EDGE('',*,*,#5287,.T.);
#8138=ORIENTED_EDGE('',*,*,#5223,.T.);
#8139=ORIENTED_EDGE('',*,*,#5227,.T.);
#8140=ORIENTED_EDGE('',*,*,#5230,.T.);
#8141=ORIENTED_EDGE('',*,*,#5233,.T.);
#8142=ORIENTED_EDGE('',*,*,#5236,.T.);
#8143=ORIENTED_EDGE('',*,*,#5239,.T.);
#8144=ORIENTED_EDGE('',*,*,#5205,.T.);
#8145=ORIENTED_EDGE('',*,*,#5209,.T.);
#8146=ORIENTED_EDGE('',*,*,#5212,.T.);
#8147=ORIENTED_EDGE('',*,*,#5215,.T.);
#8148=ORIENTED_EDGE('',*,*,#5218,.T.);
#8149=ORIENTED_EDGE('',*,*,#5221,.T.);
#8150=ORIENTED_EDGE('',*,*,#5161,.T.);
#8151=ORIENTED_EDGE('',*,*,#5165,.T.);
#8152=ORIENTED_EDGE('',*,*,#5168,.T.);
#8153=ORIENTED_EDGE('',*,*,#5171,.T.);
#8154=ORIENTED_EDGE('',*,*,#5174,.T.);
#8155=ORIENTED_EDGE('',*,*,#5177,.T.);
#8156=ORIENTED_EDGE('',*,*,#5143,.T.);
#8157=ORIENTED_EDGE('',*,*,#5147,.T.);
#8158=ORIENTED_EDGE('',*,*,#5150,.T.);
#8159=ORIENTED_EDGE('',*,*,#5153,.T.);
#8160=ORIENTED_EDGE('',*,*,#5156,.T.);
#8161=ORIENTED_EDGE('',*,*,#5159,.T.);
#8162=ORIENTED_EDGE('',*,*,#5125,.T.);
#8163=ORIENTED_EDGE('',*,*,#5129,.T.);
#8164=ORIENTED_EDGE('',*,*,#5132,.T.);
#8165=ORIENTED_EDGE('',*,*,#5135,.T.);
#8166=ORIENTED_EDGE('',*,*,#5138,.T.);
#8167=ORIENTED_EDGE('',*,*,#5141,.T.);
#8168=ORIENTED_EDGE('',*,*,#5084,.T.);
#8169=ORIENTED_EDGE('',*,*,#5088,.T.);
#8170=ORIENTED_EDGE('',*,*,#5091,.T.);
#8171=ORIENTED_EDGE('',*,*,#5094,.T.);
#8172=ORIENTED_EDGE('',*,*,#5097,.T.);
#8173=ORIENTED_EDGE('',*,*,#5100,.T.);
#8174=ORIENTED_EDGE('',*,*,#5066,.T.);
#8175=ORIENTED_EDGE('',*,*,#5070,.T.);
#8176=ORIENTED_EDGE('',*,*,#5073,.T.);
#8177=ORIENTED_EDGE('',*,*,#5076,.T.);
#8178=ORIENTED_EDGE('',*,*,#5079,.T.);
#8179=ORIENTED_EDGE('',*,*,#5082,.T.);
#8180=ORIENTED_EDGE('',*,*,#5019,.T.);
#8181=ORIENTED_EDGE('',*,*,#5023,.T.);
#8182=ORIENTED_EDGE('',*,*,#5026,.T.);
#8183=ORIENTED_EDGE('',*,*,#5029,.T.);
#8184=ORIENTED_EDGE('',*,*,#5032,.T.);
#8185=ORIENTED_EDGE('',*,*,#5035,.T.);
#8186=ORIENTED_EDGE('',*,*,#5001,.T.);
#8187=ORIENTED_EDGE('',*,*,#5005,.T.);
#8188=ORIENTED_EDGE('',*,*,#5008,.T.);
#8189=ORIENTED_EDGE('',*,*,#5011,.T.);
#8190=ORIENTED_EDGE('',*,*,#5014,.T.);
#8191=ORIENTED_EDGE('',*,*,#5017,.T.);
#8192=ORIENTED_EDGE('',*,*,#4960,.T.);
#8193=ORIENTED_EDGE('',*,*,#4964,.T.);
#8194=ORIENTED_EDGE('',*,*,#4967,.T.);
#8195=ORIENTED_EDGE('',*,*,#4970,.T.);
#8196=ORIENTED_EDGE('',*,*,#4973,.T.);
#8197=ORIENTED_EDGE('',*,*,#4976,.T.);
#8198=ORIENTED_EDGE('',*,*,#6073,.F.);
#8199=ORIENTED_EDGE('',*,*,#6076,.F.);
#8200=ORIENTED_EDGE('',*,*,#6077,.F.);
#8201=ORIENTED_EDGE('',*,*,#6078,.T.);
#8202=ORIENTED_EDGE('',*,*,#6074,.F.);
#8203=ORIENTED_EDGE('',*,*,#6078,.F.);
#8204=ORIENTED_EDGE('',*,*,#6079,.F.);
#8205=ORIENTED_EDGE('',*,*,#6080,.T.);
#8206=ORIENTED_EDGE('',*,*,#6075,.F.);
#8207=ORIENTED_EDGE('',*,*,#6080,.F.);
#8208=ORIENTED_EDGE('',*,*,#6081,.F.);
#8209=ORIENTED_EDGE('',*,*,#6082,.T.);
#8210=ORIENTED_EDGE('',*,*,#6070,.F.);
#8211=ORIENTED_EDGE('',*,*,#6082,.F.);
#8212=ORIENTED_EDGE('',*,*,#6083,.F.);
#8213=ORIENTED_EDGE('',*,*,#6084,.T.);
#8214=ORIENTED_EDGE('',*,*,#6071,.F.);
#8215=ORIENTED_EDGE('',*,*,#6084,.F.);
#8216=ORIENTED_EDGE('',*,*,#6085,.F.);
#8217=ORIENTED_EDGE('',*,*,#6086,.T.);
#8218=ORIENTED_EDGE('',*,*,#6072,.F.);
#8219=ORIENTED_EDGE('',*,*,#6086,.F.);
#8220=ORIENTED_EDGE('',*,*,#6087,.F.);
#8221=ORIENTED_EDGE('',*,*,#6076,.T.);
#8222=ORIENTED_EDGE('',*,*,#5179,.T.);
#8223=ORIENTED_EDGE('',*,*,#6069,.F.);
#8224=ORIENTED_EDGE('',*,*,#5241,.T.);
#8225=ORIENTED_EDGE('',*,*,#6088,.T.);
#8226=ORIENTED_EDGE('',*,*,#4905,.T.);
#8227=ORIENTED_EDGE('',*,*,#6089,.T.);
#8228=ORIENTED_EDGE('',*,*,#4915,.T.);
#8229=ORIENTED_EDGE('',*,*,#6063,.F.);
#8230=ORIENTED_EDGE('',*,*,#5783,.T.);
#8231=ORIENTED_EDGE('',*,*,#6090,.F.);
#8232=ORIENTED_EDGE('',*,*,#6019,.F.);
#8233=ORIENTED_EDGE('',*,*,#6066,.T.);
#8234=ORIENTED_EDGE('',*,*,#5654,.T.);
#8235=ORIENTED_EDGE('',*,*,#6091,.F.);
#8236=ORIENTED_EDGE('',*,*,#6014,.F.);
#8237=ORIENTED_EDGE('',*,*,#6067,.T.);
#8238=ORIENTED_EDGE('',*,*,#5259,.T.);
#8239=ORIENTED_EDGE('',*,*,#6068,.F.);
#8240=ORIENTED_EDGE('',*,*,#5421,.T.);
#8241=ORIENTED_EDGE('',*,*,#6092,.T.);
#8242=ORIENTED_EDGE('',*,*,#4912,.T.);
#8243=ORIENTED_EDGE('',*,*,#6093,.F.);
#8244=ORIENTED_EDGE('',*,*,#4957,.T.);
#8245=ORIENTED_EDGE('',*,*,#6064,.T.);
#8246=ORIENTED_EDGE('',*,*,#5927,.T.);
#8247=ORIENTED_EDGE('',*,*,#6094,.F.);
#8248=ORIENTED_EDGE('',*,*,#5974,.T.);
#8249=ORIENTED_EDGE('',*,*,#6065,.T.);
#8250=ORIENTED_EDGE('',*,*,#4902,.T.);
#8251=ORIENTED_EDGE('',*,*,#6008,.F.);
#8252=ORIENTED_EDGE('',*,*,#4943,.T.);
#8253=ORIENTED_EDGE('',*,*,#4939,.T.);
#8254=ORIENTED_EDGE('',*,*,#4936,.T.);
#8255=ORIENTED_EDGE('',*,*,#4932,.T.);
#8256=ORIENTED_EDGE('',*,*,#6006,.F.);
#8257=ORIENTED_EDGE('',*,*,#4990,.T.);
#8258=ORIENTED_EDGE('',*,*,#4986,.T.);
#8259=ORIENTED_EDGE('',*,*,#4983,.T.);
#8260=ORIENTED_EDGE('',*,*,#4979,.T.);
#8261=ORIENTED_EDGE('',*,*,#6004,.F.);
#8262=ORIENTED_EDGE('',*,*,#5049,.T.);
#8263=ORIENTED_EDGE('',*,*,#5045,.T.);
#8264=ORIENTED_EDGE('',*,*,#5042,.T.);
#8265=ORIENTED_EDGE('',*,*,#5038,.T.);
#8266=ORIENTED_EDGE('',*,*,#6002,.F.);
#8267=ORIENTED_EDGE('',*,*,#5114,.T.);
#8268=ORIENTED_EDGE('',*,*,#5110,.T.);
#8269=ORIENTED_EDGE('',*,*,#5107,.T.);
#8270=ORIENTED_EDGE('',*,*,#5103,.T.);
#8271=ORIENTED_EDGE('',*,*,#6000,.F.);
#8272=ORIENTED_EDGE('',*,*,#5188,.T.);
#8273=ORIENTED_EDGE('',*,*,#5184,.T.);
#8274=ORIENTED_EDGE('',*,*,#5180,.T.);
#8275=ORIENTED_EDGE('',*,*,#6088,.F.);
#8276=ORIENTED_EDGE('',*,*,#5244,.T.);
#8277=ORIENTED_EDGE('',*,*,#5256,.T.);
#8278=ORIENTED_EDGE('',*,*,#5253,.T.);
#8279=ORIENTED_EDGE('',*,*,#5250,.T.);
#8280=ORIENTED_EDGE('',*,*,#5246,.T.);
#8281=ORIENTED_EDGE('',*,*,#6012,.F.);
#8282=ORIENTED_EDGE('',*,*,#5343,.T.);
#8283=ORIENTED_EDGE('',*,*,#5339,.T.);
#8284=ORIENTED_EDGE('',*,*,#5336,.T.);
#8285=ORIENTED_EDGE('',*,*,#5333,.T.);
#8286=ORIENTED_EDGE('',*,*,#5330,.T.);
#8287=ORIENTED_EDGE('',*,*,#5326,.T.);
#8288=ORIENTED_EDGE('',*,*,#6009,.F.);
#8289=ORIENTED_EDGE('',*,*,#5260,.T.);
#8290=ORIENTED_EDGE('',*,*,#6092,.F.);
#8291=ORIENTED_EDGE('',*,*,#5423,.T.);
#8292=ORIENTED_EDGE('',*,*,#5419,.T.);
#8293=ORIENTED_EDGE('',*,*,#5415,.T.);
#8294=ORIENTED_EDGE('',*,*,#6017,.F.);
#8295=ORIENTED_EDGE('',*,*,#5585,.T.);
#8296=ORIENTED_EDGE('',*,*,#5581,.T.);
#8297=ORIENTED_EDGE('',*,*,#5577,.T.);
#8298=ORIENTED_EDGE('',*,*,#6015,.F.);
#8299=ORIENTED_EDGE('',*,*,#6091,.T.);
#8300=ORIENTED_EDGE('',*,*,#5656,.T.);
#8301=ORIENTED_EDGE('',*,*,#5652,.T.);
#8302=ORIENTED_EDGE('',*,*,#5665,.T.);
#8303=ORIENTED_EDGE('',*,*,#5662,.T.);
#8304=ORIENTED_EDGE('',*,*,#5658,.T.);
#8305=ORIENTED_EDGE('',*,*,#6022,.T.);
#8306=ORIENTED_EDGE('',*,*,#5721,.T.);
#8307=ORIENTED_EDGE('',*,*,#5736,.T.);
#8308=ORIENTED_EDGE('',*,*,#5733,.T.);
#8309=ORIENTED_EDGE('',*,*,#5730,.T.);
#8310=ORIENTED_EDGE('',*,*,#5727,.T.);
#8311=ORIENTED_EDGE('',*,*,#5723,.T.);
#8312=ORIENTED_EDGE('',*,*,#6020,.T.);
#8313=ORIENTED_EDGE('',*,*,#6090,.T.);
#8314=ORIENTED_EDGE('',*,*,#5786,.T.);
#8315=ORIENTED_EDGE('',*,*,#5795,.T.);
#8316=ORIENTED_EDGE('',*,*,#5792,.T.);
#8317=ORIENTED_EDGE('',*,*,#5788,.T.);
#8318=ORIENTED_EDGE('',*,*,#6062,.T.);
#8319=ORIENTED_EDGE('',*,*,#5851,.T.);
#8320=ORIENTED_EDGE('',*,*,#5860,.T.);
#8321=ORIENTED_EDGE('',*,*,#5857,.T.);
#8322=ORIENTED_EDGE('',*,*,#5853,.T.);
#8323=ORIENTED_EDGE('',*,*,#6060,.T.);
#8324=ORIENTED_EDGE('',*,*,#5910,.T.);
#8325=ORIENTED_EDGE('',*,*,#5919,.T.);
#8326=ORIENTED_EDGE('',*,*,#5916,.T.);
#8327=ORIENTED_EDGE('',*,*,#5912,.T.);
#8328=ORIENTED_EDGE('',*,*,#6058,.T.);
#8329=ORIENTED_EDGE('',*,*,#5954,.T.);
#8330=ORIENTED_EDGE('',*,*,#5963,.T.);
#8331=ORIENTED_EDGE('',*,*,#5960,.T.);
#8332=ORIENTED_EDGE('',*,*,#5956,.T.);
#8333=ORIENTED_EDGE('',*,*,#6056,.T.);
#8334=ORIENTED_EDGE('',*,*,#5980,.T.);
#8335=ORIENTED_EDGE('',*,*,#5989,.T.);
#8336=ORIENTED_EDGE('',*,*,#5986,.T.);
#8337=ORIENTED_EDGE('',*,*,#5982,.T.);
#8338=ORIENTED_EDGE('',*,*,#6054,.T.);
#8339=ORIENTED_EDGE('',*,*,#5996,.T.);
#8340=ORIENTED_EDGE('',*,*,#5991,.T.);
#8341=ORIENTED_EDGE('',*,*,#6051,.T.);
#8342=ORIENTED_EDGE('',*,*,#5973,.T.);
#8343=ORIENTED_EDGE('',*,*,#5969,.T.);
#8344=ORIENTED_EDGE('',*,*,#5966,.T.);
#8345=ORIENTED_EDGE('',*,*,#5975,.T.);
#8346=ORIENTED_EDGE('',*,*,#6094,.T.);
#8347=ORIENTED_EDGE('',*,*,#5929,.T.);
#8348=ORIENTED_EDGE('',*,*,#5925,.T.);
#8349=ORIENTED_EDGE('',*,*,#5922,.T.);
#8350=ORIENTED_EDGE('',*,*,#5931,.T.);
#8351=ORIENTED_EDGE('',*,*,#6023,.T.);
#8352=ORIENTED_EDGE('',*,*,#5870,.T.);
#8353=ORIENTED_EDGE('',*,*,#5866,.T.);
#8354=ORIENTED_EDGE('',*,*,#5862,.T.);
#8355=ORIENTED_EDGE('',*,*,#6025,.T.);
#8356=ORIENTED_EDGE('',*,*,#5808,.T.);
#8357=ORIENTED_EDGE('',*,*,#5804,.T.);
#8358=ORIENTED_EDGE('',*,*,#5801,.T.);
#8359=ORIENTED_EDGE('',*,*,#5798,.T.);
#8360=ORIENTED_EDGE('',*,*,#5810,.T.);
#8361=ORIENTED_EDGE('',*,*,#6027,.T.);
#8362=ORIENTED_EDGE('',*,*,#5746,.T.);
#8363=ORIENTED_EDGE('',*,*,#5742,.T.);
#8364=ORIENTED_EDGE('',*,*,#5738,.T.);
#8365=ORIENTED_EDGE('',*,*,#6029,.T.);
#8366=ORIENTED_EDGE('',*,*,#5678,.T.);
#8367=ORIENTED_EDGE('',*,*,#5674,.T.);
#8368=ORIENTED_EDGE('',*,*,#5671,.T.);
#8369=ORIENTED_EDGE('',*,*,#5668,.T.);
#8370=ORIENTED_EDGE('',*,*,#5680,.T.);
#8371=ORIENTED_EDGE('',*,*,#6031,.T.);
#8372=ORIENTED_EDGE('',*,*,#5595,.T.);
#8373=ORIENTED_EDGE('',*,*,#5591,.T.);
#8374=ORIENTED_EDGE('',*,*,#5587,.T.);
#8375=ORIENTED_EDGE('',*,*,#6033,.T.);
#8376=ORIENTED_EDGE('',*,*,#5518,.T.);
#8377=ORIENTED_EDGE('',*,*,#5514,.T.);
#8378=ORIENTED_EDGE('',*,*,#5511,.T.);
#8379=ORIENTED_EDGE('',*,*,#5508,.T.);
#8380=ORIENTED_EDGE('',*,*,#5520,.T.);
#8381=ORIENTED_EDGE('',*,*,#6035,.T.);
#8382=ORIENTED_EDGE('',*,*,#5433,.T.);
#8383=ORIENTED_EDGE('',*,*,#5429,.T.);
#8384=ORIENTED_EDGE('',*,*,#5425,.T.);
#8385=ORIENTED_EDGE('',*,*,#6037,.T.);
#8386=ORIENTED_EDGE('',*,*,#5356,.T.);
#8387=ORIENTED_EDGE('',*,*,#5352,.T.);
#8388=ORIENTED_EDGE('',*,*,#5349,.T.);
#8389=ORIENTED_EDGE('',*,*,#5346,.T.);
#8390=ORIENTED_EDGE('',*,*,#5358,.T.);
#8391=ORIENTED_EDGE('',*,*,#6039,.T.);
#8392=ORIENTED_EDGE('',*,*,#5270,.T.);
#8393=ORIENTED_EDGE('',*,*,#5266,.T.);
#8394=ORIENTED_EDGE('',*,*,#5262,.T.);
#8395=ORIENTED_EDGE('',*,*,#6041,.T.);
#8396=ORIENTED_EDGE('',*,*,#5201,.T.);
#8397=ORIENTED_EDGE('',*,*,#5197,.T.);
#8398=ORIENTED_EDGE('',*,*,#5194,.T.);
#8399=ORIENTED_EDGE('',*,*,#5191,.T.);
#8400=ORIENTED_EDGE('',*,*,#5203,.T.);
#8401=ORIENTED_EDGE('',*,*,#6043,.T.);
#8402=ORIENTED_EDGE('',*,*,#5124,.T.);
#8403=ORIENTED_EDGE('',*,*,#5120,.T.);
#8404=ORIENTED_EDGE('',*,*,#5116,.T.);
#8405=ORIENTED_EDGE('',*,*,#6045,.T.);
#8406=ORIENTED_EDGE('',*,*,#5062,.T.);
#8407=ORIENTED_EDGE('',*,*,#5058,.T.);
#8408=ORIENTED_EDGE('',*,*,#5055,.T.);
#8409=ORIENTED_EDGE('',*,*,#5052,.T.);
#8410=ORIENTED_EDGE('',*,*,#5064,.T.);
#8411=ORIENTED_EDGE('',*,*,#6047,.T.);
#8412=ORIENTED_EDGE('',*,*,#5000,.T.);
#8413=ORIENTED_EDGE('',*,*,#4996,.T.);
#8414=ORIENTED_EDGE('',*,*,#4992,.T.);
#8415=ORIENTED_EDGE('',*,*,#6049,.T.);
#8416=ORIENTED_EDGE('',*,*,#4956,.T.);
#8417=ORIENTED_EDGE('',*,*,#4952,.T.);
#8418=ORIENTED_EDGE('',*,*,#4949,.T.);
#8419=ORIENTED_EDGE('',*,*,#4946,.T.);
#8420=ORIENTED_EDGE('',*,*,#4958,.T.);
#8421=ORIENTED_EDGE('',*,*,#6093,.T.);
#8422=ORIENTED_EDGE('',*,*,#4914,.T.);
#8423=ORIENTED_EDGE('',*,*,#4909,.T.);
#8424=ORIENTED_EDGE('',*,*,#5998,.F.);
#8425=ORIENTED_EDGE('',*,*,#4930,.T.);
#8426=ORIENTED_EDGE('',*,*,#4926,.T.);
#8427=ORIENTED_EDGE('',*,*,#4923,.T.);
#8428=ORIENTED_EDGE('',*,*,#4920,.T.);
#8429=ORIENTED_EDGE('',*,*,#4916,.T.);
#8430=ORIENTED_EDGE('',*,*,#6089,.F.);
#8431=ORIENTED_EDGE('',*,*,#4907,.T.);
#8432=ORIENTED_EDGE('',*,*,#4962,.T.);
#8433=ORIENTED_EDGE('',*,*,#4977,.T.);
#8434=ORIENTED_EDGE('',*,*,#4974,.T.);
#8435=ORIENTED_EDGE('',*,*,#4971,.T.);
#8436=ORIENTED_EDGE('',*,*,#4968,.T.);
#8437=ORIENTED_EDGE('',*,*,#4965,.T.);
#8438=ORIENTED_EDGE('',*,*,#5003,.T.);
#8439=ORIENTED_EDGE('',*,*,#5018,.T.);
#8440=ORIENTED_EDGE('',*,*,#5015,.T.);
#8441=ORIENTED_EDGE('',*,*,#5012,.T.);
#8442=ORIENTED_EDGE('',*,*,#5009,.T.);
#8443=ORIENTED_EDGE('',*,*,#5006,.T.);
#8444=ORIENTED_EDGE('',*,*,#5021,.T.);
#8445=ORIENTED_EDGE('',*,*,#5036,.T.);
#8446=ORIENTED_EDGE('',*,*,#5033,.T.);
#8447=ORIENTED_EDGE('',*,*,#5030,.T.);
#8448=ORIENTED_EDGE('',*,*,#5027,.T.);
#8449=ORIENTED_EDGE('',*,*,#5024,.T.);
#8450=ORIENTED_EDGE('',*,*,#5068,.T.);
#8451=ORIENTED_EDGE('',*,*,#5083,.T.);
#8452=ORIENTED_EDGE('',*,*,#5080,.T.);
#8453=ORIENTED_EDGE('',*,*,#5077,.T.);
#8454=ORIENTED_EDGE('',*,*,#5074,.T.);
#8455=ORIENTED_EDGE('',*,*,#5071,.T.);
#8456=ORIENTED_EDGE('',*,*,#5086,.T.);
#8457=ORIENTED_EDGE('',*,*,#5101,.T.);
#8458=ORIENTED_EDGE('',*,*,#5098,.T.);
#8459=ORIENTED_EDGE('',*,*,#5095,.T.);
#8460=ORIENTED_EDGE('',*,*,#5092,.T.);
#8461=ORIENTED_EDGE('',*,*,#5089,.T.);
#8462=ORIENTED_EDGE('',*,*,#5127,.T.);
#8463=ORIENTED_EDGE('',*,*,#5142,.T.);
#8464=ORIENTED_EDGE('',*,*,#5139,.T.);
#8465=ORIENTED_EDGE('',*,*,#5136,.T.);
#8466=ORIENTED_EDGE('',*,*,#5133,.T.);
#8467=ORIENTED_EDGE('',*,*,#5130,.T.);
#8468=ORIENTED_EDGE('',*,*,#5145,.T.);
#8469=ORIENTED_EDGE('',*,*,#5160,.T.);
#8470=ORIENTED_EDGE('',*,*,#5157,.T.);
#8471=ORIENTED_EDGE('',*,*,#5154,.T.);
#8472=ORIENTED_EDGE('',*,*,#5151,.T.);
#8473=ORIENTED_EDGE('',*,*,#5148,.T.);
#8474=ORIENTED_EDGE('',*,*,#5163,.T.);
#8475=ORIENTED_EDGE('',*,*,#5178,.T.);
#8476=ORIENTED_EDGE('',*,*,#5175,.T.);
#8477=ORIENTED_EDGE('',*,*,#5172,.T.);
#8478=ORIENTED_EDGE('',*,*,#5169,.T.);
#8479=ORIENTED_EDGE('',*,*,#5166,.T.);
#8480=ORIENTED_EDGE('',*,*,#5207,.T.);
#8481=ORIENTED_EDGE('',*,*,#5222,.T.);
#8482=ORIENTED_EDGE('',*,*,#5219,.T.);
#8483=ORIENTED_EDGE('',*,*,#5216,.T.);
#8484=ORIENTED_EDGE('',*,*,#5213,.T.);
#8485=ORIENTED_EDGE('',*,*,#5210,.T.);
#8486=ORIENTED_EDGE('',*,*,#5225,.T.);
#8487=ORIENTED_EDGE('',*,*,#5240,.T.);
#8488=ORIENTED_EDGE('',*,*,#5237,.T.);
#8489=ORIENTED_EDGE('',*,*,#5234,.T.);
#8490=ORIENTED_EDGE('',*,*,#5231,.T.);
#8491=ORIENTED_EDGE('',*,*,#5228,.T.);
#8492=ORIENTED_EDGE('',*,*,#5273,.T.);
#8493=ORIENTED_EDGE('',*,*,#5288,.T.);
#8494=ORIENTED_EDGE('',*,*,#5285,.T.);
#8495=ORIENTED_EDGE('',*,*,#5282,.T.);
#8496=ORIENTED_EDGE('',*,*,#5279,.T.);
#8497=ORIENTED_EDGE('',*,*,#5276,.T.);
#8498=ORIENTED_EDGE('',*,*,#5291,.T.);
#8499=ORIENTED_EDGE('',*,*,#5306,.T.);
#8500=ORIENTED_EDGE('',*,*,#5303,.T.);
#8501=ORIENTED_EDGE('',*,*,#5300,.T.);
#8502=ORIENTED_EDGE('',*,*,#5297,.T.);
#8503=ORIENTED_EDGE('',*,*,#5294,.T.);
#8504=ORIENTED_EDGE('',*,*,#5309,.T.);
#8505=ORIENTED_EDGE('',*,*,#5324,.T.);
#8506=ORIENTED_EDGE('',*,*,#5321,.T.);
#8507=ORIENTED_EDGE('',*,*,#5318,.T.);
#8508=ORIENTED_EDGE('',*,*,#5315,.T.);
#8509=ORIENTED_EDGE('',*,*,#5312,.T.);
#8510=ORIENTED_EDGE('',*,*,#5362,.T.);
#8511=ORIENTED_EDGE('',*,*,#5377,.T.);
#8512=ORIENTED_EDGE('',*,*,#5374,.T.);
#8513=ORIENTED_EDGE('',*,*,#5371,.T.);
#8514=ORIENTED_EDGE('',*,*,#5368,.T.);
#8515=ORIENTED_EDGE('',*,*,#5365,.T.);
#8516=ORIENTED_EDGE('',*,*,#5380,.T.);
#8517=ORIENTED_EDGE('',*,*,#5395,.T.);
#8518=ORIENTED_EDGE('',*,*,#5392,.T.);
#8519=ORIENTED_EDGE('',*,*,#5389,.T.);
#8520=ORIENTED_EDGE('',*,*,#5386,.T.);
#8521=ORIENTED_EDGE('',*,*,#5383,.T.);
#8522=ORIENTED_EDGE('',*,*,#5398,.T.);
#8523=ORIENTED_EDGE('',*,*,#5413,.T.);
#8524=ORIENTED_EDGE('',*,*,#5410,.T.);
#8525=ORIENTED_EDGE('',*,*,#5407,.T.);
#8526=ORIENTED_EDGE('',*,*,#5404,.T.);
#8527=ORIENTED_EDGE('',*,*,#5401,.T.);
#8528=ORIENTED_EDGE('',*,*,#5436,.T.);
#8529=ORIENTED_EDGE('',*,*,#5451,.T.);
#8530=ORIENTED_EDGE('',*,*,#5448,.T.);
#8531=ORIENTED_EDGE('',*,*,#5445,.T.);
#8532=ORIENTED_EDGE('',*,*,#5442,.T.);
#8533=ORIENTED_EDGE('',*,*,#5439,.T.);
#8534=ORIENTED_EDGE('',*,*,#5454,.T.);
#8535=ORIENTED_EDGE('',*,*,#5469,.T.);
#8536=ORIENTED_EDGE('',*,*,#5466,.T.);
#8537=ORIENTED_EDGE('',*,*,#5463,.T.);
#8538=ORIENTED_EDGE('',*,*,#5460,.T.);
#8539=ORIENTED_EDGE('',*,*,#5457,.T.);
#8540=ORIENTED_EDGE('',*,*,#5472,.T.);
#8541=ORIENTED_EDGE('',*,*,#5487,.T.);
#8542=ORIENTED_EDGE('',*,*,#5484,.T.);
#8543=ORIENTED_EDGE('',*,*,#5481,.T.);
#8544=ORIENTED_EDGE('',*,*,#5478,.T.);
#8545=ORIENTED_EDGE('',*,*,#5475,.T.);
#8546=ORIENTED_EDGE('',*,*,#5490,.T.);
#8547=ORIENTED_EDGE('',*,*,#5505,.T.);
#8548=ORIENTED_EDGE('',*,*,#5502,.T.);
#8549=ORIENTED_EDGE('',*,*,#5499,.T.);
#8550=ORIENTED_EDGE('',*,*,#5496,.T.);
#8551=ORIENTED_EDGE('',*,*,#5493,.T.);
#8552=ORIENTED_EDGE('',*,*,#5524,.T.);
#8553=ORIENTED_EDGE('',*,*,#5539,.T.);
#8554=ORIENTED_EDGE('',*,*,#5536,.T.);
#8555=ORIENTED_EDGE('',*,*,#5533,.T.);
#8556=ORIENTED_EDGE('',*,*,#5530,.T.);
#8557=ORIENTED_EDGE('',*,*,#5527,.T.);
#8558=ORIENTED_EDGE('',*,*,#5542,.T.);
#8559=ORIENTED_EDGE('',*,*,#5557,.T.);
#8560=ORIENTED_EDGE('',*,*,#5554,.T.);
#8561=ORIENTED_EDGE('',*,*,#5551,.T.);
#8562=ORIENTED_EDGE('',*,*,#5548,.T.);
#8563=ORIENTED_EDGE('',*,*,#5545,.T.);
#8564=ORIENTED_EDGE('',*,*,#5560,.T.);
#8565=ORIENTED_EDGE('',*,*,#5575,.T.);
#8566=ORIENTED_EDGE('',*,*,#5572,.T.);
#8567=ORIENTED_EDGE('',*,*,#5569,.T.);
#8568=ORIENTED_EDGE('',*,*,#5566,.T.);
#8569=ORIENTED_EDGE('',*,*,#5563,.T.);
#8570=ORIENTED_EDGE('',*,*,#5598,.T.);
#8571=ORIENTED_EDGE('',*,*,#5613,.T.);
#8572=ORIENTED_EDGE('',*,*,#5610,.T.);
#8573=ORIENTED_EDGE('',*,*,#5607,.T.);
#8574=ORIENTED_EDGE('',*,*,#5604,.T.);
#8575=ORIENTED_EDGE('',*,*,#5601,.T.);
#8576=ORIENTED_EDGE('',*,*,#5616,.T.);
#8577=ORIENTED_EDGE('',*,*,#5631,.T.);
#8578=ORIENTED_EDGE('',*,*,#5628,.T.);
#8579=ORIENTED_EDGE('',*,*,#5625,.T.);
#8580=ORIENTED_EDGE('',*,*,#5622,.T.);
#8581=ORIENTED_EDGE('',*,*,#5619,.T.);
#8582=ORIENTED_EDGE('',*,*,#5634,.T.);
#8583=ORIENTED_EDGE('',*,*,#5649,.T.);
#8584=ORIENTED_EDGE('',*,*,#5646,.T.);
#8585=ORIENTED_EDGE('',*,*,#5643,.T.);
#8586=ORIENTED_EDGE('',*,*,#5640,.T.);
#8587=ORIENTED_EDGE('',*,*,#5637,.T.);
#8588=ORIENTED_EDGE('',*,*,#5684,.T.);
#8589=ORIENTED_EDGE('',*,*,#5699,.T.);
#8590=ORIENTED_EDGE('',*,*,#5696,.T.);
#8591=ORIENTED_EDGE('',*,*,#5693,.T.);
#8592=ORIENTED_EDGE('',*,*,#5690,.T.);
#8593=ORIENTED_EDGE('',*,*,#5687,.T.);
#8594=ORIENTED_EDGE('',*,*,#5702,.T.);
#8595=ORIENTED_EDGE('',*,*,#5717,.T.);
#8596=ORIENTED_EDGE('',*,*,#5714,.T.);
#8597=ORIENTED_EDGE('',*,*,#5711,.T.);
#8598=ORIENTED_EDGE('',*,*,#5708,.T.);
#8599=ORIENTED_EDGE('',*,*,#5705,.T.);
#8600=ORIENTED_EDGE('',*,*,#5749,.T.);
#8601=ORIENTED_EDGE('',*,*,#5764,.T.);
#8602=ORIENTED_EDGE('',*,*,#5761,.T.);
#8603=ORIENTED_EDGE('',*,*,#5758,.T.);
#8604=ORIENTED_EDGE('',*,*,#5755,.T.);
#8605=ORIENTED_EDGE('',*,*,#5752,.T.);
#8606=ORIENTED_EDGE('',*,*,#5767,.T.);
#8607=ORIENTED_EDGE('',*,*,#5782,.T.);
#8608=ORIENTED_EDGE('',*,*,#5779,.T.);
#8609=ORIENTED_EDGE('',*,*,#5776,.T.);
#8610=ORIENTED_EDGE('',*,*,#5773,.T.);
#8611=ORIENTED_EDGE('',*,*,#5770,.T.);
#8612=ORIENTED_EDGE('',*,*,#5814,.T.);
#8613=ORIENTED_EDGE('',*,*,#5829,.T.);
#8614=ORIENTED_EDGE('',*,*,#5826,.T.);
#8615=ORIENTED_EDGE('',*,*,#5823,.T.);
#8616=ORIENTED_EDGE('',*,*,#5820,.T.);
#8617=ORIENTED_EDGE('',*,*,#5817,.T.);
#8618=ORIENTED_EDGE('',*,*,#5832,.T.);
#8619=ORIENTED_EDGE('',*,*,#5847,.T.);
#8620=ORIENTED_EDGE('',*,*,#5844,.T.);
#8621=ORIENTED_EDGE('',*,*,#5841,.T.);
#8622=ORIENTED_EDGE('',*,*,#5838,.T.);
#8623=ORIENTED_EDGE('',*,*,#5835,.T.);
#8624=ORIENTED_EDGE('',*,*,#5873,.T.);
#8625=ORIENTED_EDGE('',*,*,#5888,.T.);
#8626=ORIENTED_EDGE('',*,*,#5885,.T.);
#8627=ORIENTED_EDGE('',*,*,#5882,.T.);
#8628=ORIENTED_EDGE('',*,*,#5879,.T.);
#8629=ORIENTED_EDGE('',*,*,#5876,.T.);
#8630=ORIENTED_EDGE('',*,*,#5891,.T.);
#8631=ORIENTED_EDGE('',*,*,#5906,.T.);
#8632=ORIENTED_EDGE('',*,*,#5903,.T.);
#8633=ORIENTED_EDGE('',*,*,#5900,.T.);
#8634=ORIENTED_EDGE('',*,*,#5897,.T.);
#8635=ORIENTED_EDGE('',*,*,#5894,.T.);
#8636=ORIENTED_EDGE('',*,*,#5935,.T.);
#8637=ORIENTED_EDGE('',*,*,#5950,.T.);
#8638=ORIENTED_EDGE('',*,*,#5947,.T.);
#8639=ORIENTED_EDGE('',*,*,#5944,.T.);
#8640=ORIENTED_EDGE('',*,*,#5941,.T.);
#8641=ORIENTED_EDGE('',*,*,#5938,.T.);
#8642=ORIENTED_EDGE('',*,*,#6083,.T.);
#8643=ORIENTED_EDGE('',*,*,#6081,.T.);
#8644=ORIENTED_EDGE('',*,*,#6079,.T.);
#8645=ORIENTED_EDGE('',*,*,#6077,.T.);
#8646=ORIENTED_EDGE('',*,*,#6087,.T.);
#8647=ORIENTED_EDGE('',*,*,#6085,.T.);
#8648=ORIENTED_EDGE('',*,*,#6095,.T.);
#8649=ORIENTED_EDGE('',*,*,#6096,.F.);
#8650=ORIENTED_EDGE('',*,*,#6097,.F.);
#8651=ORIENTED_EDGE('',*,*,#6098,.T.);
#8652=ORIENTED_EDGE('',*,*,#6099,.T.);
#8653=ORIENTED_EDGE('',*,*,#6100,.T.);
#8654=ORIENTED_EDGE('',*,*,#6101,.T.);
#8655=ORIENTED_EDGE('',*,*,#6097,.T.);
#8656=ORIENTED_EDGE('',*,*,#6102,.T.);
#8657=ORIENTED_EDGE('',*,*,#6099,.F.);
#8658=ORIENTED_EDGE('',*,*,#6103,.T.);
#8659=ORIENTED_EDGE('',*,*,#6100,.F.);
#8660=ORIENTED_EDGE('',*,*,#6102,.F.);
#8661=ORIENTED_EDGE('',*,*,#6096,.T.);
#8662=ORIENTED_EDGE('',*,*,#6101,.F.);
#8663=ORIENTED_EDGE('',*,*,#6098,.F.);
#8664=ORIENTED_EDGE('',*,*,#6103,.F.);
#8665=ORIENTED_EDGE('',*,*,#6095,.F.);
#8666=CYLINDRICAL_SURFACE('',#9149,1.6);
#8667=CYLINDRICAL_SURFACE('',#9152,3.);
#8668=CYLINDRICAL_SURFACE('',#9155,4.3);
#8669=CYLINDRICAL_SURFACE('',#9158,4.3);
#8670=CYLINDRICAL_SURFACE('',#9162,2.);
#8671=CYLINDRICAL_SURFACE('',#9166,3.5);
#8672=CYLINDRICAL_SURFACE('',#9169,3.5);
#8673=CYLINDRICAL_SURFACE('',#9174,1.6);
#8674=CYLINDRICAL_SURFACE('',#9177,3.);
#8675=CYLINDRICAL_SURFACE('',#9180,4.3);
#8676=CYLINDRICAL_SURFACE('',#9185,4.3);
#8677=CYLINDRICAL_SURFACE('',#9189,2.);
#8678=CYLINDRICAL_SURFACE('',#9193,3.5);
#8679=CYLINDRICAL_SURFACE('',#9198,3.5);
#8680=CYLINDRICAL_SURFACE('',#9558,4.3);
#8681=CYLINDRICAL_SURFACE('',#9566,3.5);
#8682=CYLINDRICAL_SURFACE('',#9569,3.5);
#8683=CYLINDRICAL_SURFACE('',#9574,3.5);
#8684=CYLINDRICAL_SURFACE('',#9577,3.5);
#8685=CYLINDRICAL_SURFACE('',#9594,4.3);
#8686=CYLINDRICAL_SURFACE('',#9613,3.5);
#8687=CYLINDRICAL_SURFACE('',#9615,4.3);
#8688=CYLINDRICAL_SURFACE('',#9618,3.5);
#8689=CYLINDRICAL_SURFACE('',#9622,4.3);
#8690=CYLINDRICAL_SURFACE('',#9629,4.3);
#8691=ADVANCED_FACE('',(#509),#8666,.F.);
#8692=ADVANCED_FACE('',(#510),#8667,.F.);
#8693=ADVANCED_FACE('',(#511),#8668,.T.);
#8694=ADVANCED_FACE('',(#512),#8669,.T.);
#8695=ADVANCED_FACE('',(#513),#101,.F.);
#8696=ADVANCED_FACE('',(#514),#8670,.T.);
#8697=ADVANCED_FACE('',(#515),#102,.F.);
#8698=ADVANCED_FACE('',(#516),#8671,.T.);
#8699=ADVANCED_FACE('',(#517),#8672,.T.);
#8700=ADVANCED_FACE('',(#518),#103,.F.);
#8701=ADVANCED_FACE('',(#519),#104,.F.);
#8702=ADVANCED_FACE('',(#520),#8673,.F.);
#8703=ADVANCED_FACE('',(#521),#8674,.F.);
#8704=ADVANCED_FACE('',(#522),#8675,.T.);
#8705=ADVANCED_FACE('',(#523),#105,.T.);
#8706=ADVANCED_FACE('',(#524),#106,.T.);
#8707=ADVANCED_FACE('',(#525),#8676,.T.);
#8708=ADVANCED_FACE('',(#526),#107,.T.);
#8709=ADVANCED_FACE('',(#527),#8677,.T.);
#8710=ADVANCED_FACE('',(#528),#108,.T.);
#8711=ADVANCED_FACE('',(#529),#8678,.T.);
#8712=ADVANCED_FACE('',(#530),#109,.T.);
#8713=ADVANCED_FACE('',(#531),#110,.T.);
#8714=ADVANCED_FACE('',(#532),#8679,.T.);
#8715=ADVANCED_FACE('',(#533),#111,.T.);
#8716=ADVANCED_FACE('',(#534),#112,.T.);
#8717=ADVANCED_FACE('',(#535,#19,#20,#21,#22,#23),#113,.T.);
#8718=ADVANCED_FACE('',(#536,#24,#25,#26,#27,#28),#114,.F.);
#8719=ADVANCED_FACE('',(#537),#115,.F.);
#8720=ADVANCED_FACE('',(#538),#116,.F.);
#8721=ADVANCED_FACE('',(#539),#117,.F.);
#8722=ADVANCED_FACE('',(#540),#118,.F.);
#8723=ADVANCED_FACE('',(#541),#119,.F.);
#8724=ADVANCED_FACE('',(#542),#120,.F.);
#8725=ADVANCED_FACE('',(#543),#121,.F.);
#8726=ADVANCED_FACE('',(#544),#122,.F.);
#8727=ADVANCED_FACE('',(#545),#123,.F.);
#8728=ADVANCED_FACE('',(#546),#124,.F.);
#8729=ADVANCED_FACE('',(#547),#125,.F.);
#8730=ADVANCED_FACE('',(#548),#126,.F.);
#8731=ADVANCED_FACE('',(#549),#127,.F.);
#8732=ADVANCED_FACE('',(#550),#128,.F.);
#8733=ADVANCED_FACE('',(#551),#129,.F.);
#8734=ADVANCED_FACE('',(#552),#130,.F.);
#8735=ADVANCED_FACE('',(#553),#131,.F.);
#8736=ADVANCED_FACE('',(#554),#132,.F.);
#8737=ADVANCED_FACE('',(#555),#133,.F.);
#8738=ADVANCED_FACE('',(#556),#134,.F.);
#8739=ADVANCED_FACE('',(#557),#135,.F.);
#8740=ADVANCED_FACE('',(#558),#136,.F.);
#8741=ADVANCED_FACE('',(#559),#137,.F.);
#8742=ADVANCED_FACE('',(#560),#138,.F.);
#8743=ADVANCED_FACE('',(#561),#139,.F.);
#8744=ADVANCED_FACE('',(#562),#140,.F.);
#8745=ADVANCED_FACE('',(#563),#141,.F.);
#8746=ADVANCED_FACE('',(#564),#142,.F.);
#8747=ADVANCED_FACE('',(#565),#143,.F.);
#8748=ADVANCED_FACE('',(#566),#144,.F.);
#8749=ADVANCED_FACE('',(#567),#145,.F.);
#8750=ADVANCED_FACE('',(#568),#146,.F.);
#8751=ADVANCED_FACE('',(#569),#147,.F.);
#8752=ADVANCED_FACE('',(#570),#148,.F.);
#8753=ADVANCED_FACE('',(#571),#149,.F.);
#8754=ADVANCED_FACE('',(#572),#150,.F.);
#8755=ADVANCED_FACE('',(#573),#151,.F.);
#8756=ADVANCED_FACE('',(#574),#152,.F.);
#8757=ADVANCED_FACE('',(#575),#153,.F.);
#8758=ADVANCED_FACE('',(#576),#154,.F.);
#8759=ADVANCED_FACE('',(#577),#155,.F.);
#8760=ADVANCED_FACE('',(#578),#156,.F.);
#8761=ADVANCED_FACE('',(#579),#157,.F.);
#8762=ADVANCED_FACE('',(#580),#158,.F.);
#8763=ADVANCED_FACE('',(#581),#159,.F.);
#8764=ADVANCED_FACE('',(#582),#160,.F.);
#8765=ADVANCED_FACE('',(#583),#161,.F.);
#8766=ADVANCED_FACE('',(#584),#162,.F.);
#8767=ADVANCED_FACE('',(#585),#163,.F.);
#8768=ADVANCED_FACE('',(#586),#164,.F.);
#8769=ADVANCED_FACE('',(#587),#165,.F.);
#8770=ADVANCED_FACE('',(#588),#166,.F.);
#8771=ADVANCED_FACE('',(#589),#167,.F.);
#8772=ADVANCED_FACE('',(#590),#168,.F.);
#8773=ADVANCED_FACE('',(#591),#169,.F.);
#8774=ADVANCED_FACE('',(#592),#170,.F.);
#8775=ADVANCED_FACE('',(#593),#171,.F.);
#8776=ADVANCED_FACE('',(#594),#172,.F.);
#8777=ADVANCED_FACE('',(#595),#173,.F.);
#8778=ADVANCED_FACE('',(#596),#174,.F.);
#8779=ADVANCED_FACE('',(#597),#175,.F.);
#8780=ADVANCED_FACE('',(#598),#176,.F.);
#8781=ADVANCED_FACE('',(#599),#177,.F.);
#8782=ADVANCED_FACE('',(#600),#178,.F.);
#8783=ADVANCED_FACE('',(#601),#179,.F.);
#8784=ADVANCED_FACE('',(#602),#180,.F.);
#8785=ADVANCED_FACE('',(#603),#181,.F.);
#8786=ADVANCED_FACE('',(#604),#182,.F.);
#8787=ADVANCED_FACE('',(#605),#183,.F.);
#8788=ADVANCED_FACE('',(#606),#184,.F.);
#8789=ADVANCED_FACE('',(#607),#185,.F.);
#8790=ADVANCED_FACE('',(#608),#186,.F.);
#8791=ADVANCED_FACE('',(#609),#187,.F.);
#8792=ADVANCED_FACE('',(#610),#188,.F.);
#8793=ADVANCED_FACE('',(#611),#189,.F.);
#8794=ADVANCED_FACE('',(#612),#190,.F.);
#8795=ADVANCED_FACE('',(#613),#191,.F.);
#8796=ADVANCED_FACE('',(#614),#192,.F.);
#8797=ADVANCED_FACE('',(#615),#193,.F.);
#8798=ADVANCED_FACE('',(#616),#194,.F.);
#8799=ADVANCED_FACE('',(#617),#195,.F.);
#8800=ADVANCED_FACE('',(#618),#196,.F.);
#8801=ADVANCED_FACE('',(#619),#197,.F.);
#8802=ADVANCED_FACE('',(#620),#198,.F.);
#8803=ADVANCED_FACE('',(#621),#199,.F.);
#8804=ADVANCED_FACE('',(#622),#200,.F.);
#8805=ADVANCED_FACE('',(#623),#201,.F.);
#8806=ADVANCED_FACE('',(#624),#202,.F.);
#8807=ADVANCED_FACE('',(#625),#203,.F.);
#8808=ADVANCED_FACE('',(#626),#204,.F.);
#8809=ADVANCED_FACE('',(#627),#205,.F.);
#8810=ADVANCED_FACE('',(#628),#206,.F.);
#8811=ADVANCED_FACE('',(#629),#207,.F.);
#8812=ADVANCED_FACE('',(#630),#208,.F.);
#8813=ADVANCED_FACE('',(#631),#209,.F.);
#8814=ADVANCED_FACE('',(#632),#210,.F.);
#8815=ADVANCED_FACE('',(#633),#211,.F.);
#8816=ADVANCED_FACE('',(#634),#212,.F.);
#8817=ADVANCED_FACE('',(#635),#213,.F.);
#8818=ADVANCED_FACE('',(#636),#214,.F.);
#8819=ADVANCED_FACE('',(#637),#215,.F.);
#8820=ADVANCED_FACE('',(#638),#216,.F.);
#8821=ADVANCED_FACE('',(#639),#217,.F.);
#8822=ADVANCED_FACE('',(#640),#218,.F.);
#8823=ADVANCED_FACE('',(#641),#219,.F.);
#8824=ADVANCED_FACE('',(#642),#220,.F.);
#8825=ADVANCED_FACE('',(#643),#221,.F.);
#8826=ADVANCED_FACE('',(#644),#222,.F.);
#8827=ADVANCED_FACE('',(#645),#223,.F.);
#8828=ADVANCED_FACE('',(#646),#224,.F.);
#8829=ADVANCED_FACE('',(#647),#225,.F.);
#8830=ADVANCED_FACE('',(#648),#226,.F.);
#8831=ADVANCED_FACE('',(#649),#227,.F.);
#8832=ADVANCED_FACE('',(#650),#228,.F.);
#8833=ADVANCED_FACE('',(#651),#229,.F.);
#8834=ADVANCED_FACE('',(#652),#230,.F.);
#8835=ADVANCED_FACE('',(#653),#231,.F.);
#8836=ADVANCED_FACE('',(#654),#232,.F.);
#8837=ADVANCED_FACE('',(#655),#233,.F.);
#8838=ADVANCED_FACE('',(#656),#234,.F.);
#8839=ADVANCED_FACE('',(#657),#235,.F.);
#8840=ADVANCED_FACE('',(#658),#236,.F.);
#8841=ADVANCED_FACE('',(#659),#237,.F.);
#8842=ADVANCED_FACE('',(#660),#238,.F.);
#8843=ADVANCED_FACE('',(#661),#239,.F.);
#8844=ADVANCED_FACE('',(#662),#240,.F.);
#8845=ADVANCED_FACE('',(#663),#241,.F.);
#8846=ADVANCED_FACE('',(#664),#242,.F.);
#8847=ADVANCED_FACE('',(#665),#243,.F.);
#8848=ADVANCED_FACE('',(#666),#244,.F.);
#8849=ADVANCED_FACE('',(#667),#245,.F.);
#8850=ADVANCED_FACE('',(#668),#246,.F.);
#8851=ADVANCED_FACE('',(#669),#247,.F.);
#8852=ADVANCED_FACE('',(#670),#248,.F.);
#8853=ADVANCED_FACE('',(#671),#249,.F.);
#8854=ADVANCED_FACE('',(#672),#250,.F.);
#8855=ADVANCED_FACE('',(#673),#251,.F.);
#8856=ADVANCED_FACE('',(#674),#252,.F.);
#8857=ADVANCED_FACE('',(#675),#253,.F.);
#8858=ADVANCED_FACE('',(#676),#254,.F.);
#8859=ADVANCED_FACE('',(#677),#255,.F.);
#8860=ADVANCED_FACE('',(#678),#256,.F.);
#8861=ADVANCED_FACE('',(#679),#257,.F.);
#8862=ADVANCED_FACE('',(#680),#258,.F.);
#8863=ADVANCED_FACE('',(#681),#259,.F.);
#8864=ADVANCED_FACE('',(#682),#260,.F.);
#8865=ADVANCED_FACE('',(#683),#261,.F.);
#8866=ADVANCED_FACE('',(#684),#262,.F.);
#8867=ADVANCED_FACE('',(#685),#263,.F.);
#8868=ADVANCED_FACE('',(#686),#264,.F.);
#8869=ADVANCED_FACE('',(#687),#265,.F.);
#8870=ADVANCED_FACE('',(#688),#266,.F.);
#8871=ADVANCED_FACE('',(#689),#267,.F.);
#8872=ADVANCED_FACE('',(#690),#268,.F.);
#8873=ADVANCED_FACE('',(#691),#269,.F.);
#8874=ADVANCED_FACE('',(#692),#270,.F.);
#8875=ADVANCED_FACE('',(#693),#271,.F.);
#8876=ADVANCED_FACE('',(#694),#272,.F.);
#8877=ADVANCED_FACE('',(#695),#273,.F.);
#8878=ADVANCED_FACE('',(#696),#274,.F.);
#8879=ADVANCED_FACE('',(#697),#275,.F.);
#8880=ADVANCED_FACE('',(#698),#276,.F.);
#8881=ADVANCED_FACE('',(#699),#277,.F.);
#8882=ADVANCED_FACE('',(#700),#278,.F.);
#8883=ADVANCED_FACE('',(#701),#279,.F.);
#8884=ADVANCED_FACE('',(#702),#280,.F.);
#8885=ADVANCED_FACE('',(#703),#281,.F.);
#8886=ADVANCED_FACE('',(#704),#282,.F.);
#8887=ADVANCED_FACE('',(#705),#283,.F.);
#8888=ADVANCED_FACE('',(#706),#284,.F.);
#8889=ADVANCED_FACE('',(#707),#285,.F.);
#8890=ADVANCED_FACE('',(#708),#286,.F.);
#8891=ADVANCED_FACE('',(#709),#287,.F.);
#8892=ADVANCED_FACE('',(#710),#288,.F.);
#8893=ADVANCED_FACE('',(#711),#289,.F.);
#8894=ADVANCED_FACE('',(#712),#290,.F.);
#8895=ADVANCED_FACE('',(#713),#291,.F.);
#8896=ADVANCED_FACE('',(#714),#292,.F.);
#8897=ADVANCED_FACE('',(#715),#293,.F.);
#8898=ADVANCED_FACE('',(#716),#294,.F.);
#8899=ADVANCED_FACE('',(#717),#295,.F.);
#8900=ADVANCED_FACE('',(#718),#296,.F.);
#8901=ADVANCED_FACE('',(#719),#297,.F.);
#8902=ADVANCED_FACE('',(#720),#298,.F.);
#8903=ADVANCED_FACE('',(#721),#299,.F.);
#8904=ADVANCED_FACE('',(#722),#300,.F.);
#8905=ADVANCED_FACE('',(#723),#301,.F.);
#8906=ADVANCED_FACE('',(#724),#302,.F.);
#8907=ADVANCED_FACE('',(#725),#303,.F.);
#8908=ADVANCED_FACE('',(#726),#304,.F.);
#8909=ADVANCED_FACE('',(#727),#305,.F.);
#8910=ADVANCED_FACE('',(#728),#306,.F.);
#8911=ADVANCED_FACE('',(#729),#307,.F.);
#8912=ADVANCED_FACE('',(#730),#308,.F.);
#8913=ADVANCED_FACE('',(#731),#309,.F.);
#8914=ADVANCED_FACE('',(#732),#310,.F.);
#8915=ADVANCED_FACE('',(#733),#311,.F.);
#8916=ADVANCED_FACE('',(#734),#312,.F.);
#8917=ADVANCED_FACE('',(#735),#313,.F.);
#8918=ADVANCED_FACE('',(#736),#314,.F.);
#8919=ADVANCED_FACE('',(#737),#315,.F.);
#8920=ADVANCED_FACE('',(#738),#316,.F.);
#8921=ADVANCED_FACE('',(#739),#317,.F.);
#8922=ADVANCED_FACE('',(#740),#318,.F.);
#8923=ADVANCED_FACE('',(#741),#319,.F.);
#8924=ADVANCED_FACE('',(#742),#320,.F.);
#8925=ADVANCED_FACE('',(#743),#321,.F.);
#8926=ADVANCED_FACE('',(#744),#322,.F.);
#8927=ADVANCED_FACE('',(#745),#323,.F.);
#8928=ADVANCED_FACE('',(#746),#324,.F.);
#8929=ADVANCED_FACE('',(#747),#325,.F.);
#8930=ADVANCED_FACE('',(#748),#326,.F.);
#8931=ADVANCED_FACE('',(#749),#327,.F.);
#8932=ADVANCED_FACE('',(#750),#328,.F.);
#8933=ADVANCED_FACE('',(#751),#329,.F.);
#8934=ADVANCED_FACE('',(#752),#330,.F.);
#8935=ADVANCED_FACE('',(#753),#331,.F.);
#8936=ADVANCED_FACE('',(#754),#332,.F.);
#8937=ADVANCED_FACE('',(#755),#333,.F.);
#8938=ADVANCED_FACE('',(#756),#334,.F.);
#8939=ADVANCED_FACE('',(#757),#335,.F.);
#8940=ADVANCED_FACE('',(#758),#336,.F.);
#8941=ADVANCED_FACE('',(#759),#337,.F.);
#8942=ADVANCED_FACE('',(#760),#338,.F.);
#8943=ADVANCED_FACE('',(#761),#339,.F.);
#8944=ADVANCED_FACE('',(#762),#340,.F.);
#8945=ADVANCED_FACE('',(#763),#341,.F.);
#8946=ADVANCED_FACE('',(#764),#342,.F.);
#8947=ADVANCED_FACE('',(#765),#343,.F.);
#8948=ADVANCED_FACE('',(#766),#344,.F.);
#8949=ADVANCED_FACE('',(#767),#345,.F.);
#8950=ADVANCED_FACE('',(#768),#346,.F.);
#8951=ADVANCED_FACE('',(#769),#347,.F.);
#8952=ADVANCED_FACE('',(#770),#348,.F.);
#8953=ADVANCED_FACE('',(#771),#349,.F.);
#8954=ADVANCED_FACE('',(#772),#350,.F.);
#8955=ADVANCED_FACE('',(#773),#351,.F.);
#8956=ADVANCED_FACE('',(#774),#352,.F.);
#8957=ADVANCED_FACE('',(#775),#353,.F.);
#8958=ADVANCED_FACE('',(#776),#354,.F.);
#8959=ADVANCED_FACE('',(#777),#355,.F.);
#8960=ADVANCED_FACE('',(#778),#356,.F.);
#8961=ADVANCED_FACE('',(#779),#357,.F.);
#8962=ADVANCED_FACE('',(#780),#358,.F.);
#8963=ADVANCED_FACE('',(#781),#359,.F.);
#8964=ADVANCED_FACE('',(#782),#360,.F.);
#8965=ADVANCED_FACE('',(#783),#361,.F.);
#8966=ADVANCED_FACE('',(#784),#362,.F.);
#8967=ADVANCED_FACE('',(#785),#363,.F.);
#8968=ADVANCED_FACE('',(#786),#364,.F.);
#8969=ADVANCED_FACE('',(#787),#365,.F.);
#8970=ADVANCED_FACE('',(#788),#366,.F.);
#8971=ADVANCED_FACE('',(#789),#367,.F.);
#8972=ADVANCED_FACE('',(#790),#368,.F.);
#8973=ADVANCED_FACE('',(#791),#369,.F.);
#8974=ADVANCED_FACE('',(#792),#370,.F.);
#8975=ADVANCED_FACE('',(#793),#371,.F.);
#8976=ADVANCED_FACE('',(#794),#372,.F.);
#8977=ADVANCED_FACE('',(#795),#373,.F.);
#8978=ADVANCED_FACE('',(#796),#374,.F.);
#8979=ADVANCED_FACE('',(#797),#375,.F.);
#8980=ADVANCED_FACE('',(#798),#376,.F.);
#8981=ADVANCED_FACE('',(#799),#377,.F.);
#8982=ADVANCED_FACE('',(#800),#378,.F.);
#8983=ADVANCED_FACE('',(#801),#379,.F.);
#8984=ADVANCED_FACE('',(#802),#380,.F.);
#8985=ADVANCED_FACE('',(#803),#381,.F.);
#8986=ADVANCED_FACE('',(#804),#382,.F.);
#8987=ADVANCED_FACE('',(#805),#383,.F.);
#8988=ADVANCED_FACE('',(#806),#384,.F.);
#8989=ADVANCED_FACE('',(#807),#385,.F.);
#8990=ADVANCED_FACE('',(#808),#386,.F.);
#8991=ADVANCED_FACE('',(#809),#387,.F.);
#8992=ADVANCED_FACE('',(#810),#388,.F.);
#8993=ADVANCED_FACE('',(#811),#389,.F.);
#8994=ADVANCED_FACE('',(#812),#390,.F.);
#8995=ADVANCED_FACE('',(#813),#391,.F.);
#8996=ADVANCED_FACE('',(#814),#392,.F.);
#8997=ADVANCED_FACE('',(#815),#393,.F.);
#8998=ADVANCED_FACE('',(#816),#394,.F.);
#8999=ADVANCED_FACE('',(#817),#395,.F.);
#9000=ADVANCED_FACE('',(#818),#396,.F.);
#9001=ADVANCED_FACE('',(#819),#397,.F.);
#9002=ADVANCED_FACE('',(#820),#398,.F.);
#9003=ADVANCED_FACE('',(#821),#399,.F.);
#9004=ADVANCED_FACE('',(#822),#400,.F.);
#9005=ADVANCED_FACE('',(#823),#401,.F.);
#9006=ADVANCED_FACE('',(#824),#402,.F.);
#9007=ADVANCED_FACE('',(#825),#403,.F.);
#9008=ADVANCED_FACE('',(#826),#404,.F.);
#9009=ADVANCED_FACE('',(#827),#405,.F.);
#9010=ADVANCED_FACE('',(#828),#406,.F.);
#9011=ADVANCED_FACE('',(#829),#407,.F.);
#9012=ADVANCED_FACE('',(#830),#408,.F.);
#9013=ADVANCED_FACE('',(#831),#409,.F.);
#9014=ADVANCED_FACE('',(#832),#410,.F.);
#9015=ADVANCED_FACE('',(#833),#411,.F.);
#9016=ADVANCED_FACE('',(#834),#412,.F.);
#9017=ADVANCED_FACE('',(#835),#413,.F.);
#9018=ADVANCED_FACE('',(#836),#414,.F.);
#9019=ADVANCED_FACE('',(#837),#415,.F.);
#9020=ADVANCED_FACE('',(#838),#416,.F.);
#9021=ADVANCED_FACE('',(#839),#417,.F.);
#9022=ADVANCED_FACE('',(#840),#418,.F.);
#9023=ADVANCED_FACE('',(#841),#419,.F.);
#9024=ADVANCED_FACE('',(#842),#420,.F.);
#9025=ADVANCED_FACE('',(#843),#421,.F.);
#9026=ADVANCED_FACE('',(#844),#422,.F.);
#9027=ADVANCED_FACE('',(#845),#423,.F.);
#9028=ADVANCED_FACE('',(#846),#424,.F.);
#9029=ADVANCED_FACE('',(#847),#425,.F.);
#9030=ADVANCED_FACE('',(#848),#426,.F.);
#9031=ADVANCED_FACE('',(#849),#427,.F.);
#9032=ADVANCED_FACE('',(#850),#428,.F.);
#9033=ADVANCED_FACE('',(#851),#429,.F.);
#9034=ADVANCED_FACE('',(#852),#430,.F.);
#9035=ADVANCED_FACE('',(#853),#431,.F.);
#9036=ADVANCED_FACE('',(#854),#432,.F.);
#9037=ADVANCED_FACE('',(#855),#433,.F.);
#9038=ADVANCED_FACE('',(#856),#434,.F.);
#9039=ADVANCED_FACE('',(#857),#435,.F.);
#9040=ADVANCED_FACE('',(#858),#436,.F.);
#9041=ADVANCED_FACE('',(#859),#437,.F.);
#9042=ADVANCED_FACE('',(#860),#438,.F.);
#9043=ADVANCED_FACE('',(#861),#439,.F.);
#9044=ADVANCED_FACE('',(#862),#440,.F.);
#9045=ADVANCED_FACE('',(#863),#441,.F.);
#9046=ADVANCED_FACE('',(#864),#442,.F.);
#9047=ADVANCED_FACE('',(#865),#443,.F.);
#9048=ADVANCED_FACE('',(#866),#444,.F.);
#9049=ADVANCED_FACE('',(#867),#445,.F.);
#9050=ADVANCED_FACE('',(#868),#446,.F.);
#9051=ADVANCED_FACE('',(#869),#447,.F.);
#9052=ADVANCED_FACE('',(#870),#448,.F.);
#9053=ADVANCED_FACE('',(#871),#449,.F.);
#9054=ADVANCED_FACE('',(#872),#450,.F.);
#9055=ADVANCED_FACE('',(#873),#451,.F.);
#9056=ADVANCED_FACE('',(#874),#452,.F.);
#9057=ADVANCED_FACE('',(#875),#453,.F.);
#9058=ADVANCED_FACE('',(#876),#454,.F.);
#9059=ADVANCED_FACE('',(#877),#455,.F.);
#9060=ADVANCED_FACE('',(#878),#456,.F.);
#9061=ADVANCED_FACE('',(#879),#457,.F.);
#9062=ADVANCED_FACE('',(#880),#458,.F.);
#9063=ADVANCED_FACE('',(#881),#459,.F.);
#9064=ADVANCED_FACE('',(#882),#460,.F.);
#9065=ADVANCED_FACE('',(#883),#461,.F.);
#9066=ADVANCED_FACE('',(#884),#462,.F.);
#9067=ADVANCED_FACE('',(#885),#463,.F.);
#9068=ADVANCED_FACE('',(#886),#464,.F.);
#9069=ADVANCED_FACE('',(#887),#465,.F.);
#9070=ADVANCED_FACE('',(#888),#466,.F.);
#9071=ADVANCED_FACE('',(#889),#467,.F.);
#9072=ADVANCED_FACE('',(#890),#8680,.F.);
#9073=ADVANCED_FACE('',(#891),#468,.F.);
#9074=ADVANCED_FACE('',(#892),#469,.F.);
#9075=ADVANCED_FACE('',(#893),#470,.F.);
#9076=ADVANCED_FACE('',(#894),#471,.F.);
#9077=ADVANCED_FACE('',(#895),#472,.F.);
#9078=ADVANCED_FACE('',(#896),#8681,.F.);
#9079=ADVANCED_FACE('',(#897),#8682,.F.);
#9080=ADVANCED_FACE('',(#898),#473,.T.);
#9081=ADVANCED_FACE('',(#899),#474,.T.);
#9082=ADVANCED_FACE('',(#900),#8683,.F.);
#9083=ADVANCED_FACE('',(#901),#8684,.F.);
#9084=ADVANCED_FACE('',(#902),#475,.T.);
#9085=ADVANCED_FACE('',(#903),#476,.T.);
#9086=ADVANCED_FACE('',(#904),#477,.T.);
#9087=ADVANCED_FACE('',(#905),#478,.T.);
#9088=ADVANCED_FACE('',(#906),#479,.T.);
#9089=ADVANCED_FACE('',(#907),#480,.T.);
#9090=ADVANCED_FACE('',(#908),#481,.T.);
#9091=ADVANCED_FACE('',(#909),#482,.T.);
#9092=ADVANCED_FACE('',(#910),#483,.T.);
#9093=ADVANCED_FACE('',(#911),#484,.T.);
#9094=ADVANCED_FACE('',(#912),#485,.T.);
#9095=ADVANCED_FACE('',(#913),#486,.T.);
#9096=ADVANCED_FACE('',(#914),#487,.T.);
#9097=ADVANCED_FACE('',(#915),#488,.T.);
#9098=ADVANCED_FACE('',(#916),#8685,.F.);
#9099=ADVANCED_FACE('',(#917),#489,.T.);
#9100=ADVANCED_FACE('',(#918),#490,.T.);
#9101=ADVANCED_FACE('',(#919),#491,.T.);
#9102=ADVANCED_FACE('',(#920),#492,.T.);
#9103=ADVANCED_FACE('',(#921),#493,.T.);
#9104=ADVANCED_FACE('',(#922,#29,#30,#31,#32,#33,#34,#35,#36,#37,#38,#39,
#40,#41,#42,#43,#44,#45,#46,#47,#48,#49,#50,#51,#52,#53,#54,#55,#56,#57,
#58,#59,#60,#61,#62,#63,#64),#494,.F.);
#9105=ADVANCED_FACE('',(#923),#495,.F.);
#9106=ADVANCED_FACE('',(#924),#496,.F.);
#9107=ADVANCED_FACE('',(#925),#497,.F.);
#9108=ADVANCED_FACE('',(#926),#498,.F.);
#9109=ADVANCED_FACE('',(#927),#499,.F.);
#9110=ADVANCED_FACE('',(#928),#500,.F.);
#9111=ADVANCED_FACE('',(#929),#8686,.F.);
#9112=ADVANCED_FACE('',(#930),#8687,.F.);
#9113=ADVANCED_FACE('',(#931),#501,.T.);
#9114=ADVANCED_FACE('',(#932),#8688,.F.);
#9115=ADVANCED_FACE('',(#933),#502,.T.);
#9116=ADVANCED_FACE('',(#934),#503,.T.);
#9117=ADVANCED_FACE('',(#935),#8689,.F.);
#9118=ADVANCED_FACE('',(#936,#65,#66,#67,#68,#69,#70,#71,#72,#73,#74,#75,
#76,#77,#78,#79,#80,#81,#82,#83,#84,#85,#86,#87,#88,#89,#90,#91,#92,#93,
#94,#95,#96,#97,#98,#99,#100),#504,.T.);
#9119=ADVANCED_FACE('',(#937),#505,.F.);
#9120=ADVANCED_FACE('',(#938),#506,.T.);
#9121=ADVANCED_FACE('',(#939),#8690,.F.);
#9122=ADVANCED_FACE('',(#940),#507,.T.);
#9123=ADVANCED_FACE('',(#941),#508,.F.);
#9124=CLOSED_SHELL('',(#8691,#8692,#8693,#8694,#8695,#8696,#8697,#8698,
#8699,#8700,#8701,#8702,#8703,#8704,#8705,#8706,#8707,#8708,#8709,#8710,
#8711,#8712,#8713,#8714,#8715,#8716,#8717,#8718));
#9125=CLOSED_SHELL('',(#8719,#8720,#8721,#8722,#8723,#8724,#8725,#8726,
#8727,#8728,#8729,#8730,#8731,#8732,#8733,#8734,#8735,#8736,#8737,#8738,
#8739,#8740,#8741,#8742,#8743,#8744,#8745,#8746,#8747,#8748,#8749,#8750,
#8751,#8752,#8753,#8754,#8755,#8756,#8757,#8758,#8759,#8760,#8761,#8762,
#8763,#8764,#8765,#8766,#8767,#8768,#8769,#8770,#8771,#8772,#8773,#8774,
#8775,#8776,#8777,#8778,#8779,#8780,#8781,#8782,#8783,#8784,#8785,#8786,
#8787,#8788,#8789,#8790,#8791,#8792,#8793,#8794,#8795,#8796,#8797,#8798,
#8799,#8800,#8801,#8802,#8803,#8804,#8805,#8806,#8807,#8808,#8809,#8810,
#8811,#8812,#8813,#8814,#8815,#8816,#8817,#8818,#8819,#8820,#8821,#8822,
#8823,#8824,#8825,#8826,#8827,#8828,#8829,#8830,#8831,#8832,#8833,#8834,
#8835,#8836,#8837,#8838,#8839,#8840,#8841,#8842,#8843,#8844,#8845,#8846,
#8847,#8848,#8849,#8850,#8851,#8852,#8853,#8854,#8855,#8856,#8857,#8858,
#8859,#8860,#8861,#8862,#8863,#8864,#8865,#8866,#8867,#8868,#8869,#8870,
#8871,#8872,#8873,#8874,#8875,#8876,#8877,#8878,#8879,#8880,#8881,#8882,
#8883,#8884,#8885,#8886,#8887,#8888,#8889,#8890,#8891,#8892,#8893,#8894,
#8895,#8896,#8897,#8898,#8899,#8900,#8901,#8902,#8903,#8904,#8905,#8906,
#8907,#8908,#8909,#8910,#8911,#8912,#8913,#8914,#8915,#8916,#8917,#8918,
#8919,#8920,#8921,#8922,#8923,#8924,#8925,#8926,#8927,#8928,#8929,#8930,
#8931,#8932,#8933,#8934,#8935,#8936,#8937,#8938,#8939,#8940,#8941,#8942,
#8943,#8944,#8945,#8946,#8947,#8948,#8949,#8950,#8951,#8952,#8953,#8954,
#8955,#8956,#8957,#8958,#8959,#8960,#8961,#8962,#8963,#8964,#8965,#8966,
#8967,#8968,#8969,#8970,#8971,#8972,#8973,#8974,#8975,#8976,#8977,#8978,
#8979,#8980,#8981,#8982,#8983,#8984,#8985,#8986,#8987,#8988,#8989,#8990,
#8991,#8992,#8993,#8994,#8995,#8996,#8997,#8998,#8999,#9000,#9001,#9002,
#9003,#9004,#9005,#9006,#9007,#9008,#9009,#9010,#9011,#9012,#9013,#9014,
#9015,#9016,#9017,#9018,#9019,#9020,#9021,#9022,#9023,#9024,#9025,#9026,
#9027,#9028,#9029,#9030,#9031,#9032,#9033,#9034,#9035,#9036,#9037,#9038,
#9039,#9040,#9041,#9042,#9043,#9044,#9045,#9046,#9047,#9048,#9049,#9050,
#9051,#9052,#9053,#9054,#9055,#9056,#9057,#9058,#9059,#9060,#9061,#9062,
#9063,#9064,#9065,#9066,#9067,#9068,#9069,#9070,#9071,#9072,#9073,#9074,
#9075,#9076,#9077,#9078,#9079,#9080,#9081,#9082,#9083,#9084,#9085,#9086,
#9087,#9088,#9089,#9090,#9091,#9092,#9093,#9094,#9095,#9096,#9097,#9098,
#9099,#9100,#9101,#9102,#9103,#9104,#9105,#9106,#9107,#9108,#9109,#9110,
#9111,#9112,#9113,#9114,#9115,#9116,#9117,#9118));
#9126=CLOSED_SHELL('',(#9119,#9120,#9121,#9122,#9123));
#9127=DERIVED_UNIT_ELEMENT(#9130,1.);
#9128=DERIVED_UNIT_ELEMENT(#14405,-3.);
#9129=DIMENSIONAL_EXPONENTS(0.,1.,0.,0.,0.,0.,0.);
#9130=(
CONVERSION_BASED_UNIT('gram',#9132)
MASS_UNIT()
NAMED_UNIT(#9129)
);
#9131=(
MASS_UNIT()
NAMED_UNIT(*)
SI_UNIT(.KILO.,.GRAM.)
);
#9132=MASS_MEASURE_WITH_UNIT(MASS_MEASURE(0.001),#9131);
#9133=DERIVED_UNIT((#9127,#9128));
#9134=MEASURE_REPRESENTATION_ITEM('density measure',
POSITIVE_RATIO_MEASURE(1.),#9133);
#9135=PROPERTY_DEFINITION_REPRESENTATION(#9140,#9137);
#9136=PROPERTY_DEFINITION_REPRESENTATION(#9141,#9138);
#9137=REPRESENTATION('material name',(#9139),#14402);
#9138=REPRESENTATION('density',(#9134),#14402);
#9139=DESCRIPTIVE_REPRESENTATION_ITEM('V\X2\0161\X0\eobecn\X\E9',
'V\X2\0161\X0\eobecn\X\E9');
#9140=PROPERTY_DEFINITION('material property','material name',#14412);
#9141=PROPERTY_DEFINITION('material property','density of part',#14412);
#9142=DATE_TIME_ROLE('creation_date');
#9143=APPLIED_DATE_AND_TIME_ASSIGNMENT(#9144,#9142,(#14412));
#9144=DATE_AND_TIME(#9145,#9146);
#9145=CALENDAR_DATE(2026,26,9);
#9146=LOCAL_TIME(0,0,0.,#9147);
#9147=COORDINATED_UNIVERSAL_TIME_OFFSET(0,0,.BEHIND.);
#9148=AXIS2_PLACEMENT_3D('',#11831,#9632,#9633);
#9149=AXIS2_PLACEMENT_3D('',#11832,#9634,#9635);
#9150=AXIS2_PLACEMENT_3D('',#11834,#9636,#9637);
#9151=AXIS2_PLACEMENT_3D('',#11837,#9639,#9640);
#9152=AXIS2_PLACEMENT_3D('',#11838,#9641,#9642);
#9153=AXIS2_PLACEMENT_3D('',#11840,#9643,#9644);
#9154=AXIS2_PLACEMENT_3D('',#11843,#9646,#9647);
#9155=AXIS2_PLACEMENT_3D('',#11844,#9648,#9649);
#9156=AXIS2_PLACEMENT_3D('',#11847,#9650,#9651);
#9157=AXIS2_PLACEMENT_3D('',#11851,#9653,#9654);
#9158=AXIS2_PLACEMENT_3D('',#11853,#9656,#9657);
#9159=AXIS2_PLACEMENT_3D('',#11856,#9658,#9659);
#9160=AXIS2_PLACEMENT_3D('',#11860,#9661,#9662);
#9161=AXIS2_PLACEMENT_3D('',#11862,#9664,#9665);
#9162=AXIS2_PLACEMENT_3D('',#11868,#9669,#9670);
#9163=AXIS2_PLACEMENT_3D('',#11870,#9671,#9672);
#9164=AXIS2_PLACEMENT_3D('',#11873,#9674,#9675);
#9165=AXIS2_PLACEMENT_3D('',#11874,#9676,#9677);
#9166=AXIS2_PLACEMENT_3D('',#11880,#9681,#9682);
#9167=AXIS2_PLACEMENT_3D('',#11882,#9683,#9684);
#9168=AXIS2_PLACEMENT_3D('',#11885,#9686,#9687);
#9169=AXIS2_PLACEMENT_3D('',#11886,#9688,#9689);
#9170=AXIS2_PLACEMENT_3D('',#11889,#9690,#9691);
#9171=AXIS2_PLACEMENT_3D('',#11893,#9693,#9694);
#9172=AXIS2_PLACEMENT_3D('',#11895,#9696,#9697);
#9173=AXIS2_PLACEMENT_3D('',#11901,#9701,#9702);
#9174=AXIS2_PLACEMENT_3D('',#11904,#9705,#9706);
#9175=AXIS2_PLACEMENT_3D('',#11906,#9707,#9708);
#9176=AXIS2_PLACEMENT_3D('',#11909,#9710,#9711);
#9177=AXIS2_PLACEMENT_3D('',#11910,#9712,#9713);
#9178=AXIS2_PLACEMENT_3D('',#11912,#9714,#9715);
#9179=AXIS2_PLACEMENT_3D('',#11915,#9717,#9718);
#9180=AXIS2_PLACEMENT_3D('',#11916,#9719,#9720);
#9181=AXIS2_PLACEMENT_3D('',#11919,#9721,#9722);
#9182=AXIS2_PLACEMENT_3D('',#11923,#9724,#9725);
#9183=AXIS2_PLACEMENT_3D('',#11925,#9727,#9728);
#9184=AXIS2_PLACEMENT_3D('',#11928,#9731,#9732);
#9185=AXIS2_PLACEMENT_3D('',#11934,#9736,#9737);
#9186=AXIS2_PLACEMENT_3D('',#11936,#9738,#9739);
#9187=AXIS2_PLACEMENT_3D('',#11938,#9740,#9741);
#9188=AXIS2_PLACEMENT_3D('',#11940,#9743,#9744);
#9189=AXIS2_PLACEMENT_3D('',#11946,#9748,#9749);
#9190=AXIS2_PLACEMENT_3D('',#11948,#9750,#9751);
#9191=AXIS2_PLACEMENT_3D('',#11950,#9752,#9753);
#9192=AXIS2_PLACEMENT_3D('',#11952,#9755,#9756);
#9193=AXIS2_PLACEMENT_3D('',#11958,#9760,#9761);
#9194=AXIS2_PLACEMENT_3D('',#11960,#9762,#9763);
#9195=AXIS2_PLACEMENT_3D('',#11962,#9764,#9765);
#9196=AXIS2_PLACEMENT_3D('',#11964,#9767,#9768);
#9197=AXIS2_PLACEMENT_3D('',#11967,#9771,#9772);
#9198=AXIS2_PLACEMENT_3D('',#11973,#9776,#9777);
#9199=AXIS2_PLACEMENT_3D('',#11975,#9778,#9779);
#9200=AXIS2_PLACEMENT_3D('',#11977,#9780,#9781);
#9201=AXIS2_PLACEMENT_3D('',#11979,#9783,#9784);
#9202=AXIS2_PLACEMENT_3D('',#11985,#9788,#9789);
#9203=AXIS2_PLACEMENT_3D('',#11988,#9792,#9793);
#9204=AXIS2_PLACEMENT_3D('',#11989,#9794,#9795);
#9205=AXIS2_PLACEMENT_3D('',#11990,#9796,#9797);
#9206=AXIS2_PLACEMENT_3D('',#11999,#9802,#9803);
#9207=AXIS2_PLACEMENT_3D('',#12005,#9807,#9808);
#9208=AXIS2_PLACEMENT_3D('',#12014,#9813,#9814);
#9209=AXIS2_PLACEMENT_3D('',#12020,#9818,#9819);
#9210=AXIS2_PLACEMENT_3D('',#12029,#9824,#9825);
#9211=AXIS2_PLACEMENT_3D('',#12035,#9829,#9830);
#9212=AXIS2_PLACEMENT_3D('',#12041,#9834,#9835);
#9213=AXIS2_PLACEMENT_3D('',#12047,#9839,#9840);
#9214=AXIS2_PLACEMENT_3D('',#12053,#9844,#9845);
#9215=AXIS2_PLACEMENT_3D('',#12062,#9850,#9851);
#9216=AXIS2_PLACEMENT_3D('',#12068,#9855,#9856);
#9217=AXIS2_PLACEMENT_3D('',#12074,#9860,#9861);
#9218=AXIS2_PLACEMENT_3D('',#12080,#9865,#9866);
#9219=AXIS2_PLACEMENT_3D('',#12089,#9871,#9872);
#9220=AXIS2_PLACEMENT_3D('',#12095,#9876,#9877);
#9221=AXIS2_PLACEMENT_3D('',#12101,#9881,#9882);
#9222=AXIS2_PLACEMENT_3D('',#12107,#9886,#9887);
#9223=AXIS2_PLACEMENT_3D('',#12113,#9891,#9892);
#9224=AXIS2_PLACEMENT_3D('',#12122,#9897,#9898);
#9225=AXIS2_PLACEMENT_3D('',#12128,#9902,#9903);
#9226=AXIS2_PLACEMENT_3D('',#12134,#9907,#9908);
#9227=AXIS2_PLACEMENT_3D('',#12140,#9912,#9913);
#9228=AXIS2_PLACEMENT_3D('',#12146,#9917,#9918);
#9229=AXIS2_PLACEMENT_3D('',#12149,#9921,#9922);
#9230=AXIS2_PLACEMENT_3D('',#12158,#9927,#9928);
#9231=AXIS2_PLACEMENT_3D('',#12164,#9932,#9933);
#9232=AXIS2_PLACEMENT_3D('',#12170,#9937,#9938);
#9233=AXIS2_PLACEMENT_3D('',#12176,#9942,#9943);
#9234=AXIS2_PLACEMENT_3D('',#12185,#9948,#9949);
#9235=AXIS2_PLACEMENT_3D('',#12191,#9953,#9954);
#9236=AXIS2_PLACEMENT_3D('',#12197,#9958,#9959);
#9237=AXIS2_PLACEMENT_3D('',#12206,#9964,#9965);
#9238=AXIS2_PLACEMENT_3D('',#12212,#9969,#9970);
#9239=AXIS2_PLACEMENT_3D('',#12218,#9974,#9975);
#9240=AXIS2_PLACEMENT_3D('',#12224,#9979,#9980);
#9241=AXIS2_PLACEMENT_3D('',#12230,#9984,#9985);
#9242=AXIS2_PLACEMENT_3D('',#12233,#9988,#9989);
#9243=AXIS2_PLACEMENT_3D('',#12242,#9994,#9995);
#9244=AXIS2_PLACEMENT_3D('',#12248,#9999,#10000);
#9245=AXIS2_PLACEMENT_3D('',#12254,#10004,#10005);
#9246=AXIS2_PLACEMENT_3D('',#12260,#10009,#10010);
#9247=AXIS2_PLACEMENT_3D('',#12266,#10014,#10015);
#9248=AXIS2_PLACEMENT_3D('',#12269,#10018,#10019);
#9249=AXIS2_PLACEMENT_3D('',#12278,#10024,#10025);
#9250=AXIS2_PLACEMENT_3D('',#12284,#10029,#10030);
#9251=AXIS2_PLACEMENT_3D('',#12290,#10034,#10035);
#9252=AXIS2_PLACEMENT_3D('',#12296,#10039,#10040);
#9253=AXIS2_PLACEMENT_3D('',#12305,#10045,#10046);
#9254=AXIS2_PLACEMENT_3D('',#12311,#10050,#10051);
#9255=AXIS2_PLACEMENT_3D('',#12317,#10055,#10056);
#9256=AXIS2_PLACEMENT_3D('',#12323,#10060,#10061);
#9257=AXIS2_PLACEMENT_3D('',#12329,#10065,#10066);
#9258=AXIS2_PLACEMENT_3D('',#12338,#10071,#10072);
#9259=AXIS2_PLACEMENT_3D('',#12344,#10076,#10077);
#9260=AXIS2_PLACEMENT_3D('',#12350,#10081,#10082);
#9261=AXIS2_PLACEMENT_3D('',#12356,#10086,#10087);
#9262=AXIS2_PLACEMENT_3D('',#12362,#10091,#10092);
#9263=AXIS2_PLACEMENT_3D('',#12365,#10095,#10096);
#9264=AXIS2_PLACEMENT_3D('',#12374,#10101,#10102);
#9265=AXIS2_PLACEMENT_3D('',#12380,#10106,#10107);
#9266=AXIS2_PLACEMENT_3D('',#12386,#10111,#10112);
#9267=AXIS2_PLACEMENT_3D('',#12392,#10116,#10117);
#9268=AXIS2_PLACEMENT_3D('',#12398,#10121,#10122);
#9269=AXIS2_PLACEMENT_3D('',#12401,#10125,#10126);
#9270=AXIS2_PLACEMENT_3D('',#12410,#10131,#10132);
#9271=AXIS2_PLACEMENT_3D('',#12416,#10136,#10137);
#9272=AXIS2_PLACEMENT_3D('',#12422,#10141,#10142);
#9273=AXIS2_PLACEMENT_3D('',#12428,#10146,#10147);
#9274=AXIS2_PLACEMENT_3D('',#12437,#10152,#10153);
#9275=AXIS2_PLACEMENT_3D('',#12443,#10157,#10158);
#9276=AXIS2_PLACEMENT_3D('',#12449,#10162,#10163);
#9277=AXIS2_PLACEMENT_3D('',#12458,#10168,#10169);
#9278=AXIS2_PLACEMENT_3D('',#12464,#10173,#10174);
#9279=AXIS2_PLACEMENT_3D('',#12470,#10178,#10179);
#9280=AXIS2_PLACEMENT_3D('',#12476,#10183,#10184);
#9281=AXIS2_PLACEMENT_3D('',#12482,#10188,#10189);
#9282=AXIS2_PLACEMENT_3D('',#12485,#10192,#10193);
#9283=AXIS2_PLACEMENT_3D('',#12494,#10198,#10199);
#9284=AXIS2_PLACEMENT_3D('',#12500,#10203,#10204);
#9285=AXIS2_PLACEMENT_3D('',#12506,#10208,#10209);
#9286=AXIS2_PLACEMENT_3D('',#12512,#10213,#10214);
#9287=AXIS2_PLACEMENT_3D('',#12518,#10218,#10219);
#9288=AXIS2_PLACEMENT_3D('',#12521,#10222,#10223);
#9289=AXIS2_PLACEMENT_3D('',#12530,#10228,#10229);
#9290=AXIS2_PLACEMENT_3D('',#12536,#10233,#10234);
#9291=AXIS2_PLACEMENT_3D('',#12542,#10238,#10239);
#9292=AXIS2_PLACEMENT_3D('',#12548,#10243,#10244);
#9293=AXIS2_PLACEMENT_3D('',#12554,#10248,#10249);
#9294=AXIS2_PLACEMENT_3D('',#12557,#10252,#10253);
#9295=AXIS2_PLACEMENT_3D('',#12566,#10258,#10259);
#9296=AXIS2_PLACEMENT_3D('',#12572,#10263,#10264);
#9297=AXIS2_PLACEMENT_3D('',#12578,#10268,#10269);
#9298=AXIS2_PLACEMENT_3D('',#12587,#10274,#10275);
#9299=AXIS2_PLACEMENT_3D('',#12593,#10279,#10280);
#9300=AXIS2_PLACEMENT_3D('',#12599,#10284,#10285);
#9301=AXIS2_PLACEMENT_3D('',#12605,#10289,#10290);
#9302=AXIS2_PLACEMENT_3D('',#12611,#10294,#10295);
#9303=AXIS2_PLACEMENT_3D('',#12620,#10300,#10301);
#9304=AXIS2_PLACEMENT_3D('',#12626,#10305,#10306);
#9305=AXIS2_PLACEMENT_3D('',#12632,#10310,#10311);
#9306=AXIS2_PLACEMENT_3D('',#12638,#10315,#10316);
#9307=AXIS2_PLACEMENT_3D('',#12644,#10320,#10321);
#9308=AXIS2_PLACEMENT_3D('',#12647,#10324,#10325);
#9309=AXIS2_PLACEMENT_3D('',#12656,#10330,#10331);
#9310=AXIS2_PLACEMENT_3D('',#12662,#10335,#10336);
#9311=AXIS2_PLACEMENT_3D('',#12668,#10340,#10341);
#9312=AXIS2_PLACEMENT_3D('',#12674,#10345,#10346);
#9313=AXIS2_PLACEMENT_3D('',#12680,#10350,#10351);
#9314=AXIS2_PLACEMENT_3D('',#12683,#10354,#10355);
#9315=AXIS2_PLACEMENT_3D('',#12692,#10360,#10361);
#9316=AXIS2_PLACEMENT_3D('',#12701,#10366,#10367);
#9317=AXIS2_PLACEMENT_3D('',#12707,#10371,#10372);
#9318=AXIS2_PLACEMENT_3D('',#12713,#10376,#10377);
#9319=AXIS2_PLACEMENT_3D('',#12716,#10380,#10381);
#9320=AXIS2_PLACEMENT_3D('',#12725,#10386,#10387);
#9321=AXIS2_PLACEMENT_3D('',#12734,#10392,#10393);
#9322=AXIS2_PLACEMENT_3D('',#12740,#10397,#10398);
#9323=AXIS2_PLACEMENT_3D('',#12746,#10402,#10403);
#9324=AXIS2_PLACEMENT_3D('',#12755,#10408,#10409);
#9325=AXIS2_PLACEMENT_3D('',#12761,#10413,#10414);
#9326=AXIS2_PLACEMENT_3D('',#12767,#10418,#10419);
#9327=AXIS2_PLACEMENT_3D('',#12773,#10423,#10424);
#9328=AXIS2_PLACEMENT_3D('',#12779,#10428,#10429);
#9329=AXIS2_PLACEMENT_3D('',#12782,#10432,#10433);
#9330=AXIS2_PLACEMENT_3D('',#12791,#10438,#10439);
#9331=AXIS2_PLACEMENT_3D('',#12797,#10443,#10444);
#9332=AXIS2_PLACEMENT_3D('',#12803,#10448,#10449);
#9333=AXIS2_PLACEMENT_3D('',#12809,#10453,#10454);
#9334=AXIS2_PLACEMENT_3D('',#12815,#10458,#10459);
#9335=AXIS2_PLACEMENT_3D('',#12818,#10462,#10463);
#9336=AXIS2_PLACEMENT_3D('',#12827,#10468,#10469);
#9337=AXIS2_PLACEMENT_3D('',#12833,#10473,#10474);
#9338=AXIS2_PLACEMENT_3D('',#12839,#10478,#10479);
#9339=AXIS2_PLACEMENT_3D('',#12845,#10483,#10484);
#9340=AXIS2_PLACEMENT_3D('',#12851,#10488,#10489);
#9341=AXIS2_PLACEMENT_3D('',#12854,#10492,#10493);
#9342=AXIS2_PLACEMENT_3D('',#12863,#10498,#10499);
#9343=AXIS2_PLACEMENT_3D('',#12869,#10503,#10504);
#9344=AXIS2_PLACEMENT_3D('',#12875,#10508,#10509);
#9345=AXIS2_PLACEMENT_3D('',#12881,#10513,#10514);
#9346=AXIS2_PLACEMENT_3D('',#12887,#10518,#10519);
#9347=AXIS2_PLACEMENT_3D('',#12893,#10523,#10524);
#9348=AXIS2_PLACEMENT_3D('',#12902,#10529,#10530);
#9349=AXIS2_PLACEMENT_3D('',#12908,#10534,#10535);
#9350=AXIS2_PLACEMENT_3D('',#12914,#10539,#10540);
#9351=AXIS2_PLACEMENT_3D('',#12920,#10544,#10545);
#9352=AXIS2_PLACEMENT_3D('',#12926,#10549,#10550);
#9353=AXIS2_PLACEMENT_3D('',#12935,#10555,#10556);
#9354=AXIS2_PLACEMENT_3D('',#12941,#10560,#10561);
#9355=AXIS2_PLACEMENT_3D('',#12947,#10565,#10566);
#9356=AXIS2_PLACEMENT_3D('',#12953,#10570,#10571);
#9357=AXIS2_PLACEMENT_3D('',#12959,#10575,#10576);
#9358=AXIS2_PLACEMENT_3D('',#12962,#10579,#10580);
#9359=AXIS2_PLACEMENT_3D('',#12971,#10585,#10586);
#9360=AXIS2_PLACEMENT_3D('',#12977,#10590,#10591);
#9361=AXIS2_PLACEMENT_3D('',#12983,#10595,#10596);
#9362=AXIS2_PLACEMENT_3D('',#12989,#10600,#10601);
#9363=AXIS2_PLACEMENT_3D('',#12995,#10605,#10606);
#9364=AXIS2_PLACEMENT_3D('',#12998,#10609,#10610);
#9365=AXIS2_PLACEMENT_3D('',#13007,#10615,#10616);
#9366=AXIS2_PLACEMENT_3D('',#13013,#10620,#10621);
#9367=AXIS2_PLACEMENT_3D('',#13019,#10625,#10626);
#9368=AXIS2_PLACEMENT_3D('',#13025,#10630,#10631);
#9369=AXIS2_PLACEMENT_3D('',#13031,#10635,#10636);
#9370=AXIS2_PLACEMENT_3D('',#13034,#10639,#10640);
#9371=AXIS2_PLACEMENT_3D('',#13043,#10645,#10646);
#9372=AXIS2_PLACEMENT_3D('',#13049,#10650,#10651);
#9373=AXIS2_PLACEMENT_3D('',#13055,#10655,#10656);
#9374=AXIS2_PLACEMENT_3D('',#13064,#10661,#10662);
#9375=AXIS2_PLACEMENT_3D('',#13070,#10666,#10667);
#9376=AXIS2_PLACEMENT_3D('',#13076,#10671,#10672);
#9377=AXIS2_PLACEMENT_3D('',#13085,#10677,#10678);
#9378=AXIS2_PLACEMENT_3D('',#13091,#10682,#10683);
#9379=AXIS2_PLACEMENT_3D('',#13097,#10687,#10688);
#9380=AXIS2_PLACEMENT_3D('',#13103,#10692,#10693);
#9381=AXIS2_PLACEMENT_3D('',#13109,#10697,#10698);
#9382=AXIS2_PLACEMENT_3D('',#13112,#10701,#10702);
#9383=AXIS2_PLACEMENT_3D('',#13121,#10707,#10708);
#9384=AXIS2_PLACEMENT_3D('',#13127,#10712,#10713);
#9385=AXIS2_PLACEMENT_3D('',#13133,#10717,#10718);
#9386=AXIS2_PLACEMENT_3D('',#13139,#10722,#10723);
#9387=AXIS2_PLACEMENT_3D('',#13145,#10727,#10728);
#9388=AXIS2_PLACEMENT_3D('',#13148,#10731,#10732);
#9389=AXIS2_PLACEMENT_3D('',#13157,#10737,#10738);
#9390=AXIS2_PLACEMENT_3D('',#13163,#10742,#10743);
#9391=AXIS2_PLACEMENT_3D('',#13169,#10747,#10748);
#9392=AXIS2_PLACEMENT_3D('',#13175,#10752,#10753);
#9393=AXIS2_PLACEMENT_3D('',#13181,#10757,#10758);
#9394=AXIS2_PLACEMENT_3D('',#13184,#10761,#10762);
#9395=AXIS2_PLACEMENT_3D('',#13193,#10767,#10768);
#9396=AXIS2_PLACEMENT_3D('',#13199,#10772,#10773);
#9397=AXIS2_PLACEMENT_3D('',#13205,#10777,#10778);
#9398=AXIS2_PLACEMENT_3D('',#13211,#10782,#10783);
#9399=AXIS2_PLACEMENT_3D('',#13217,#10787,#10788);
#9400=AXIS2_PLACEMENT_3D('',#13220,#10791,#10792);
#9401=AXIS2_PLACEMENT_3D('',#13229,#10797,#10798);
#9402=AXIS2_PLACEMENT_3D('',#13235,#10802,#10803);
#9403=AXIS2_PLACEMENT_3D('',#13241,#10807,#10808);
#9404=AXIS2_PLACEMENT_3D('',#13247,#10812,#10813);
#9405=AXIS2_PLACEMENT_3D('',#13253,#10817,#10818);
#9406=AXIS2_PLACEMENT_3D('',#13262,#10823,#10824);
#9407=AXIS2_PLACEMENT_3D('',#13268,#10828,#10829);
#9408=AXIS2_PLACEMENT_3D('',#13274,#10833,#10834);
#9409=AXIS2_PLACEMENT_3D('',#13280,#10838,#10839);
#9410=AXIS2_PLACEMENT_3D('',#13286,#10843,#10844);
#9411=AXIS2_PLACEMENT_3D('',#13289,#10847,#10848);
#9412=AXIS2_PLACEMENT_3D('',#13298,#10853,#10854);
#9413=AXIS2_PLACEMENT_3D('',#13304,#10858,#10859);
#9414=AXIS2_PLACEMENT_3D('',#13310,#10863,#10864);
#9415=AXIS2_PLACEMENT_3D('',#13316,#10868,#10869);
#9416=AXIS2_PLACEMENT_3D('',#13322,#10873,#10874);
#9417=AXIS2_PLACEMENT_3D('',#13325,#10877,#10878);
#9418=AXIS2_PLACEMENT_3D('',#13334,#10883,#10884);
#9419=AXIS2_PLACEMENT_3D('',#13340,#10888,#10889);
#9420=AXIS2_PLACEMENT_3D('',#13346,#10893,#10894);
#9421=AXIS2_PLACEMENT_3D('',#13352,#10898,#10899);
#9422=AXIS2_PLACEMENT_3D('',#13358,#10903,#10904);
#9423=AXIS2_PLACEMENT_3D('',#13361,#10907,#10908);
#9424=AXIS2_PLACEMENT_3D('',#13370,#10913,#10914);
#9425=AXIS2_PLACEMENT_3D('',#13376,#10918,#10919);
#9426=AXIS2_PLACEMENT_3D('',#13382,#10923,#10924);
#9427=AXIS2_PLACEMENT_3D('',#13391,#10929,#10930);
#9428=AXIS2_PLACEMENT_3D('',#13397,#10934,#10935);
#9429=AXIS2_PLACEMENT_3D('',#13403,#10939,#10940);
#9430=AXIS2_PLACEMENT_3D('',#13412,#10945,#10946);
#9431=AXIS2_PLACEMENT_3D('',#13418,#10950,#10951);
#9432=AXIS2_PLACEMENT_3D('',#13424,#10955,#10956);
#9433=AXIS2_PLACEMENT_3D('',#13430,#10960,#10961);
#9434=AXIS2_PLACEMENT_3D('',#13436,#10965,#10966);
#9435=AXIS2_PLACEMENT_3D('',#13439,#10969,#10970);
#9436=AXIS2_PLACEMENT_3D('',#13448,#10975,#10976);
#9437=AXIS2_PLACEMENT_3D('',#13454,#10980,#10981);
#9438=AXIS2_PLACEMENT_3D('',#13460,#10985,#10986);
#9439=AXIS2_PLACEMENT_3D('',#13466,#10990,#10991);
#9440=AXIS2_PLACEMENT_3D('',#13472,#10995,#10996);
#9441=AXIS2_PLACEMENT_3D('',#13475,#10999,#11000);
#9442=AXIS2_PLACEMENT_3D('',#13484,#11005,#11006);
#9443=AXIS2_PLACEMENT_3D('',#13490,#11010,#11011);
#9444=AXIS2_PLACEMENT_3D('',#13496,#11015,#11016);
#9445=AXIS2_PLACEMENT_3D('',#13502,#11020,#11021);
#9446=AXIS2_PLACEMENT_3D('',#13508,#11025,#11026);
#9447=AXIS2_PLACEMENT_3D('',#13511,#11029,#11030);
#9448=AXIS2_PLACEMENT_3D('',#13520,#11035,#11036);
#9449=AXIS2_PLACEMENT_3D('',#13526,#11040,#11041);
#9450=AXIS2_PLACEMENT_3D('',#13535,#11046,#11047);
#9451=AXIS2_PLACEMENT_3D('',#13541,#11051,#11052);
#9452=AXIS2_PLACEMENT_3D('',#13544,#11055,#11056);
#9453=AXIS2_PLACEMENT_3D('',#13553,#11061,#11062);
#9454=AXIS2_PLACEMENT_3D('',#13559,#11066,#11067);
#9455=AXIS2_PLACEMENT_3D('',#13565,#11071,#11072);
#9456=AXIS2_PLACEMENT_3D('',#13571,#11076,#11077);
#9457=AXIS2_PLACEMENT_3D('',#13577,#11081,#11082);
#9458=AXIS2_PLACEMENT_3D('',#13586,#11087,#11088);
#9459=AXIS2_PLACEMENT_3D('',#13592,#11092,#11093);
#9460=AXIS2_PLACEMENT_3D('',#13598,#11097,#11098);
#9461=AXIS2_PLACEMENT_3D('',#13604,#11102,#11103);
#9462=AXIS2_PLACEMENT_3D('',#13610,#11107,#11108);
#9463=AXIS2_PLACEMENT_3D('',#13613,#11111,#11112);
#9464=AXIS2_PLACEMENT_3D('',#13622,#11117,#11118);
#9465=AXIS2_PLACEMENT_3D('',#13628,#11122,#11123);
#9466=AXIS2_PLACEMENT_3D('',#13634,#11127,#11128);
#9467=AXIS2_PLACEMENT_3D('',#13640,#11132,#11133);
#9468=AXIS2_PLACEMENT_3D('',#13646,#11137,#11138);
#9469=AXIS2_PLACEMENT_3D('',#13649,#11141,#11142);
#9470=AXIS2_PLACEMENT_3D('',#13658,#11147,#11148);
#9471=AXIS2_PLACEMENT_3D('',#13667,#11153,#11154);
#9472=AXIS2_PLACEMENT_3D('',#13673,#11158,#11159);
#9473=AXIS2_PLACEMENT_3D('',#13679,#11163,#11164);
#9474=AXIS2_PLACEMENT_3D('',#13685,#11168,#11169);
#9475=AXIS2_PLACEMENT_3D('',#13688,#11172,#11173);
#9476=AXIS2_PLACEMENT_3D('',#13697,#11178,#11179);
#9477=AXIS2_PLACEMENT_3D('',#13703,#11183,#11184);
#9478=AXIS2_PLACEMENT_3D('',#13709,#11188,#11189);
#9479=AXIS2_PLACEMENT_3D('',#13718,#11194,#11195);
#9480=AXIS2_PLACEMENT_3D('',#13724,#11199,#11200);
#9481=AXIS2_PLACEMENT_3D('',#13730,#11204,#11205);
#9482=AXIS2_PLACEMENT_3D('',#13736,#11209,#11210);
#9483=AXIS2_PLACEMENT_3D('',#13742,#11214,#11215);
#9484=AXIS2_PLACEMENT_3D('',#13745,#11218,#11219);
#9485=AXIS2_PLACEMENT_3D('',#13754,#11224,#11225);
#9486=AXIS2_PLACEMENT_3D('',#13760,#11229,#11230);
#9487=AXIS2_PLACEMENT_3D('',#13766,#11234,#11235);
#9488=AXIS2_PLACEMENT_3D('',#13772,#11239,#11240);
#9489=AXIS2_PLACEMENT_3D('',#13778,#11244,#11245);
#9490=AXIS2_PLACEMENT_3D('',#13781,#11248,#11249);
#9491=AXIS2_PLACEMENT_3D('',#13790,#11254,#11255);
#9492=AXIS2_PLACEMENT_3D('',#13799,#11260,#11261);
#9493=AXIS2_PLACEMENT_3D('',#13805,#11265,#11266);
#9494=AXIS2_PLACEMENT_3D('',#13808,#11269,#11270);
#9495=AXIS2_PLACEMENT_3D('',#13817,#11275,#11276);
#9496=AXIS2_PLACEMENT_3D('',#13823,#11280,#11281);
#9497=AXIS2_PLACEMENT_3D('',#13829,#11285,#11286);
#9498=AXIS2_PLACEMENT_3D('',#13835,#11290,#11291);
#9499=AXIS2_PLACEMENT_3D('',#13841,#11295,#11296);
#9500=AXIS2_PLACEMENT_3D('',#13850,#11301,#11302);
#9501=AXIS2_PLACEMENT_3D('',#13856,#11306,#11307);
#9502=AXIS2_PLACEMENT_3D('',#13862,#11311,#11312);
#9503=AXIS2_PLACEMENT_3D('',#13868,#11316,#11317);
#9504=AXIS2_PLACEMENT_3D('',#13874,#11321,#11322);
#9505=AXIS2_PLACEMENT_3D('',#13877,#11325,#11326);
#9506=AXIS2_PLACEMENT_3D('',#13886,#11331,#11332);
#9507=AXIS2_PLACEMENT_3D('',#13892,#11336,#11337);
#9508=AXIS2_PLACEMENT_3D('',#13898,#11341,#11342);
#9509=AXIS2_PLACEMENT_3D('',#13904,#11346,#11347);
#9510=AXIS2_PLACEMENT_3D('',#13910,#11351,#11352);
#9511=AXIS2_PLACEMENT_3D('',#13913,#11355,#11356);
#9512=AXIS2_PLACEMENT_3D('',#13922,#11361,#11362);
#9513=AXIS2_PLACEMENT_3D('',#13931,#11367,#11368);
#9514=AXIS2_PLACEMENT_3D('',#13937,#11372,#11373);
#9515=AXIS2_PLACEMENT_3D('',#13940,#11376,#11377);
#9516=AXIS2_PLACEMENT_3D('',#13949,#11382,#11383);
#9517=AXIS2_PLACEMENT_3D('',#13955,#11387,#11388);
#9518=AXIS2_PLACEMENT_3D('',#13961,#11392,#11393);
#9519=AXIS2_PLACEMENT_3D('',#13970,#11398,#11399);
#9520=AXIS2_PLACEMENT_3D('',#13976,#11403,#11404);
#9521=AXIS2_PLACEMENT_3D('',#13982,#11408,#11409);
#9522=AXIS2_PLACEMENT_3D('',#13988,#11413,#11414);
#9523=AXIS2_PLACEMENT_3D('',#13994,#11418,#11419);
#9524=AXIS2_PLACEMENT_3D('',#13997,#11422,#11423);
#9525=AXIS2_PLACEMENT_3D('',#14006,#11428,#11429);
#9526=AXIS2_PLACEMENT_3D('',#14012,#11433,#11434);
#9527=AXIS2_PLACEMENT_3D('',#14018,#11438,#11439);
#9528=AXIS2_PLACEMENT_3D('',#14024,#11443,#11444);
#9529=AXIS2_PLACEMENT_3D('',#14030,#11448,#11449);
#9530=AXIS2_PLACEMENT_3D('',#14033,#11452,#11453);
#9531=AXIS2_PLACEMENT_3D('',#14042,#11458,#11459);
#9532=AXIS2_PLACEMENT_3D('',#14051,#11464,#11465);
#9533=AXIS2_PLACEMENT_3D('',#14057,#11469,#11470);
#9534=AXIS2_PLACEMENT_3D('',#14060,#11473,#11474);
#9535=AXIS2_PLACEMENT_3D('',#14069,#11479,#11480);
#9536=AXIS2_PLACEMENT_3D('',#14075,#11484,#11485);
#9537=AXIS2_PLACEMENT_3D('',#14081,#11489,#11490);
#9538=AXIS2_PLACEMENT_3D('',#14087,#11494,#11495);
#9539=AXIS2_PLACEMENT_3D('',#14096,#11500,#11501);
#9540=AXIS2_PLACEMENT_3D('',#14102,#11505,#11506);
#9541=AXIS2_PLACEMENT_3D('',#14108,#11510,#11511);
#9542=AXIS2_PLACEMENT_3D('',#14114,#11515,#11516);
#9543=AXIS2_PLACEMENT_3D('',#14120,#11520,#11521);
#9544=AXIS2_PLACEMENT_3D('',#14123,#11524,#11525);
#9545=AXIS2_PLACEMENT_3D('',#14132,#11530,#11531);
#9546=AXIS2_PLACEMENT_3D('',#14141,#11536,#11537);
#9547=AXIS2_PLACEMENT_3D('',#14147,#11541,#11542);
#9548=AXIS2_PLACEMENT_3D('',#14150,#11545,#11546);
#9549=AXIS2_PLACEMENT_3D('',#14159,#11551,#11552);
#9550=AXIS2_PLACEMENT_3D('',#14165,#11556,#11557);
#9551=AXIS2_PLACEMENT_3D('',#14171,#11561,#11562);
#9552=AXIS2_PLACEMENT_3D('',#14177,#11566,#11567);
#9553=AXIS2_PLACEMENT_3D('',#14186,#11572,#11573);
#9554=AXIS2_PLACEMENT_3D('',#14195,#11578,#11579);
#9555=AXIS2_PLACEMENT_3D('',#14201,#11583,#11584);
#9556=AXIS2_PLACEMENT_3D('',#14204,#11587,#11588);
#9557=AXIS2_PLACEMENT_3D('',#14213,#11593,#11594);
#9558=AXIS2_PLACEMENT_3D('',#14219,#11598,#11599);
#9559=AXIS2_PLACEMENT_3D('',#14220,#11600,#11601);
#9560=AXIS2_PLACEMENT_3D('',#14221,#11602,#11603);
#9561=AXIS2_PLACEMENT_3D('',#14222,#11604,#11605);
#9562=AXIS2_PLACEMENT_3D('',#14225,#11608,#11609);
#9563=AXIS2_PLACEMENT_3D('',#14228,#11612,#11613);
#9564=AXIS2_PLACEMENT_3D('',#14231,#11616,#11617);
#9565=AXIS2_PLACEMENT_3D('',#14234,#11620,#11621);
#9566=AXIS2_PLACEMENT_3D('',#14237,#11624,#11625);
#9567=AXIS2_PLACEMENT_3D('',#14238,#11626,#11627);
#9568=AXIS2_PLACEMENT_3D('',#14239,#11628,#11629);
#9569=AXIS2_PLACEMENT_3D('',#14240,#11630,#11631);
#9570=AXIS2_PLACEMENT_3D('',#14241,#11632,#11633);
#9571=AXIS2_PLACEMENT_3D('',#14242,#11634,#11635);
#9572=AXIS2_PLACEMENT_3D('',#14243,#11636,#11637);
#9573=AXIS2_PLACEMENT_3D('',#14249,#11641,#11642);
#9574=AXIS2_PLACEMENT_3D('',#14252,#11645,#11646);
#9575=AXIS2_PLACEMENT_3D('',#14254,#11647,#11648);
#9576=AXIS2_PLACEMENT_3D('',#14257,#11650,#11651);
#9577=AXIS2_PLACEMENT_3D('',#14258,#11652,#11653);
#9578=AXIS2_PLACEMENT_3D('',#14259,#11654,#11655);
#9579=AXIS2_PLACEMENT_3D('',#14260,#11656,#11657);
#9580=AXIS2_PLACEMENT_3D('',#14261,#11658,#11659);
#9581=AXIS2_PLACEMENT_3D('',#14264,#11662,#11663);
#9582=AXIS2_PLACEMENT_3D('',#14267,#11666,#11667);
#9583=AXIS2_PLACEMENT_3D('',#14270,#11670,#11671);
#9584=AXIS2_PLACEMENT_3D('',#14273,#11674,#11675);
#9585=AXIS2_PLACEMENT_3D('',#14276,#11678,#11679);
#9586=AXIS2_PLACEMENT_3D('',#14279,#11682,#11683);
#9587=AXIS2_PLACEMENT_3D('',#14282,#11686,#11687);
#9588=AXIS2_PLACEMENT_3D('',#14285,#11690,#11691);
#9589=AXIS2_PLACEMENT_3D('',#14288,#11694,#11695);
#9590=AXIS2_PLACEMENT_3D('',#14291,#11698,#11699);
#9591=AXIS2_PLACEMENT_3D('',#14294,#11702,#11703);
#9592=AXIS2_PLACEMENT_3D('',#14297,#11706,#11707);
#9593=AXIS2_PLACEMENT_3D('',#14300,#11710,#11711);
#9594=AXIS2_PLACEMENT_3D('',#14303,#11714,#11715);
#9595=AXIS2_PLACEMENT_3D('',#14304,#11716,#11717);
#9596=AXIS2_PLACEMENT_3D('',#14305,#11718,#11719);
#9597=AXIS2_PLACEMENT_3D('',#14306,#11720,#11721);
#9598=AXIS2_PLACEMENT_3D('',#14309,#11724,#11725);
#9599=AXIS2_PLACEMENT_3D('',#14312,#11728,#11729);
#9600=AXIS2_PLACEMENT_3D('',#14315,#11732,#11733);
#9601=AXIS2_PLACEMENT_3D('',#14318,#11736,#11737);
#9602=AXIS2_PLACEMENT_3D('',#14321,#11740,#11741);
#9603=AXIS2_PLACEMENT_3D('',#14322,#11742,#11743);
#9604=AXIS2_PLACEMENT_3D('',#14324,#11745,#11746);
#9605=AXIS2_PLACEMENT_3D('',#14326,#11748,#11749);
#9606=AXIS2_PLACEMENT_3D('',#14328,#11751,#11752);
#9607=AXIS2_PLACEMENT_3D('',#14341,#11759,#11760);
#9608=AXIS2_PLACEMENT_3D('',#14347,#11764,#11765);
#9609=AXIS2_PLACEMENT_3D('',#14351,#11768,#11769);
#9610=AXIS2_PLACEMENT_3D('',#14355,#11772,#11773);
#9611=AXIS2_PLACEMENT_3D('',#14359,#11776,#11777);
#9612=AXIS2_PLACEMENT_3D('',#14363,#11780,#11781);
#9613=AXIS2_PLACEMENT_3D('',#14365,#11783,#11784);
#9614=AXIS2_PLACEMENT_3D('',#14366,#11785,#11786);
#9615=AXIS2_PLACEMENT_3D('',#14367,#11787,#11788);
#9616=AXIS2_PLACEMENT_3D('',#14368,#11789,#11790);
#9617=AXIS2_PLACEMENT_3D('',#14369,#11791,#11792);
#9618=AXIS2_PLACEMENT_3D('',#14371,#11794,#11795);
#9619=AXIS2_PLACEMENT_3D('',#14372,#11796,#11797);
#9620=AXIS2_PLACEMENT_3D('',#14373,#11798,#11799);
#9621=AXIS2_PLACEMENT_3D('',#14375,#11801,#11802);
#9622=AXIS2_PLACEMENT_3D('',#14377,#11804,#11805);
#9623=AXIS2_PLACEMENT_3D('',#14378,#11806,#11807);
#9624=AXIS2_PLACEMENT_3D('',#14379,#11808,#11809);
#9625=AXIS2_PLACEMENT_3D('',#14380,#11810,#11811);
#9626=AXIS2_PLACEMENT_3D('',#14386,#11814,#11815);
#9627=AXIS2_PLACEMENT_3D('',#14387,#11816,#11817);
#9628=AXIS2_PLACEMENT_3D('',#14392,#11819,#11820);
#9629=AXIS2_PLACEMENT_3D('',#14394,#11822,#11823);
#9630=AXIS2_PLACEMENT_3D('',#14397,#11826,#11827);
#9631=AXIS2_PLACEMENT_3D('',#14399,#11829,#11830);
#9632=DIRECTION('axis',(0.,0.,1.));
#9633=DIRECTION('refdir',(1.,0.,0.));
#9634=DIRECTION('center_axis',(0.,-1.,0.));
#9635=DIRECTION('ref_axis',(1.,0.,-2.27233093902471E-16));
#9636=DIRECTION('center_axis',(0.,1.,0.));
#9637=DIRECTION('ref_axis',(1.,0.,-2.27233093902471E-16));
#9638=DIRECTION('',(0.,-1.,0.));
#9639=DIRECTION('center_axis',(0.,-1.,0.));
#9640=DIRECTION('ref_axis',(1.,0.,-2.27233093902471E-16));
#9641=DIRECTION('center_axis',(0.,-1.,0.));
#9642=DIRECTION('ref_axis',(1.,0.,-2.27233093902471E-16));
#9643=DIRECTION('center_axis',(0.,1.,0.));
#9644=DIRECTION('ref_axis',(1.,0.,-2.27233093902471E-16));
#9645=DIRECTION('',(0.,-1.,0.));
#9646=DIRECTION('center_axis',(0.,-1.,0.));
#9647=DIRECTION('ref_axis',(1.,0.,-2.27233093902471E-16));
#9648=DIRECTION('center_axis',(0.,-1.,0.));
#9649=DIRECTION('ref_axis',(-1.,0.,2.27233093902471E-16));
#9650=DIRECTION('center_axis',(0.,-1.,0.));
#9651=DIRECTION('ref_axis',(-1.,0.,2.27233093902471E-16));
#9652=DIRECTION('',(0.,1.,0.));
#9653=DIRECTION('center_axis',(0.,-1.,0.));
#9654=DIRECTION('ref_axis',(-1.,0.,2.27233093902471E-16));
#9655=DIRECTION('',(0.,1.,0.));
#9656=DIRECTION('center_axis',(0.,-1.,0.));
#9657=DIRECTION('ref_axis',(-1.,0.,2.27233093902471E-16));
#9658=DIRECTION('center_axis',(0.,-1.,0.));
#9659=DIRECTION('ref_axis',(-1.,0.,2.27233093902471E-16));
#9660=DIRECTION('',(0.,1.,0.));
#9661=DIRECTION('center_axis',(0.,-1.,0.));
#9662=DIRECTION('ref_axis',(-1.,0.,2.27233093902471E-16));
#9663=DIRECTION('',(0.,1.,0.));
#9664=DIRECTION('center_axis',(-7.04384569808197E-16,0.,1.));
#9665=DIRECTION('ref_axis',(1.,0.,7.04384569808197E-16));
#9666=DIRECTION('',(1.,0.,7.04384569808197E-16));
#9667=DIRECTION('',(0.,1.,0.));
#9668=DIRECTION('',(1.,0.,7.04384569808197E-16));
#9669=DIRECTION('center_axis',(0.,-1.,0.));
#9670=DIRECTION('ref_axis',(-0.866025403784439,0.,-0.499999999999999));
#9671=DIRECTION('center_axis',(0.,-1.,0.));
#9672=DIRECTION('ref_axis',(-0.866025403784439,0.,-0.499999999999999));
#9673=DIRECTION('',(0.,1.,0.));
#9674=DIRECTION('center_axis',(0.,-1.,0.));
#9675=DIRECTION('ref_axis',(-0.866025403784439,0.,-0.499999999999999));
#9676=DIRECTION('center_axis',(0.866025403784439,0.,0.5));
#9677=DIRECTION('ref_axis',(0.5,0.,-0.866025403784439));
#9678=DIRECTION('',(0.5,0.,-0.866025403784439));
#9679=DIRECTION('',(0.,1.,0.));
#9680=DIRECTION('',(0.5,0.,-0.866025403784439));
#9681=DIRECTION('center_axis',(0.,-1.,0.));
#9682=DIRECTION('ref_axis',(-1.,0.,2.27233093902471E-16));
#9683=DIRECTION('center_axis',(0.,-1.,0.));
#9684=DIRECTION('ref_axis',(-1.,0.,2.27233093902471E-16));
#9685=DIRECTION('',(0.,1.,0.));
#9686=DIRECTION('center_axis',(0.,-1.,0.));
#9687=DIRECTION('ref_axis',(-1.,0.,2.27233093902471E-16));
#9688=DIRECTION('center_axis',(0.,-1.,0.));
#9689=DIRECTION('ref_axis',(0.965925826289068,0.,0.258819045102521));
#9690=DIRECTION('center_axis',(0.,-1.,0.));
#9691=DIRECTION('ref_axis',(-1.,0.,2.27233093902471E-16));
#9692=DIRECTION('',(0.,1.,0.));
#9693=DIRECTION('center_axis',(0.,-1.,0.));
#9694=DIRECTION('ref_axis',(-1.,0.,2.27233093902471E-16));
#9695=DIRECTION('',(0.,1.,0.));
#9696=DIRECTION('center_axis',(-0.866025403784439,0.,-0.5));
#9697=DIRECTION('ref_axis',(-0.5,0.,0.866025403784439));
#9698=DIRECTION('',(-0.5,0.,0.866025403784439));
#9699=DIRECTION('',(0.,1.,0.));
#9700=DIRECTION('',(-0.5,0.,0.866025403784439));
#9701=DIRECTION('center_axis',(-5.77646846926075E-15,0.,-1.));
#9702=DIRECTION('ref_axis',(-1.,0.,5.77646846926075E-15));
#9703=DIRECTION('',(-1.,0.,5.77646846926075E-15));
#9704=DIRECTION('',(-1.,0.,5.77646846926075E-15));
#9705=DIRECTION('center_axis',(0.,1.,0.));
#9706=DIRECTION('ref_axis',(1.,0.,0.));
#9707=DIRECTION('center_axis',(0.,-1.,0.));
#9708=DIRECTION('ref_axis',(1.,0.,0.));
#9709=DIRECTION('',(0.,-1.,0.));
#9710=DIRECTION('center_axis',(0.,1.,0.));
#9711=DIRECTION('ref_axis',(1.,0.,0.));
#9712=DIRECTION('center_axis',(0.,1.,0.));
#9713=DIRECTION('ref_axis',(1.,0.,0.));
#9714=DIRECTION('center_axis',(0.,-1.,0.));
#9715=DIRECTION('ref_axis',(1.,0.,0.));
#9716=DIRECTION('',(0.,-1.,0.));
#9717=DIRECTION('center_axis',(0.,1.,0.));
#9718=DIRECTION('ref_axis',(1.,0.,0.));
#9719=DIRECTION('center_axis',(0.,1.,0.));
#9720=DIRECTION('ref_axis',(-1.,0.,0.));
#9721=DIRECTION('center_axis',(0.,1.,0.));
#9722=DIRECTION('ref_axis',(-1.,0.,0.));
#9723=DIRECTION('',(0.,1.,0.));
#9724=DIRECTION('center_axis',(0.,1.,0.));
#9725=DIRECTION('ref_axis',(-1.,0.,0.));
#9726=DIRECTION('',(0.,1.,0.));
#9727=DIRECTION('center_axis',(-1.,0.,4.54932376075974E-16));
#9728=DIRECTION('ref_axis',(4.54932376075974E-16,0.,1.));
#9729=DIRECTION('',(2.27699282173503E-16,0.,-1.));
#9730=DIRECTION('',(2.27699282173503E-16,0.,-1.));
#9731=DIRECTION('center_axis',(1.,0.,-3.22471417940917E-16));
#9732=DIRECTION('ref_axis',(-3.22471417940917E-16,0.,-1.));
#9733=DIRECTION('',(-3.22471417940917E-16,0.,-1.));
#9734=DIRECTION('',(-3.22471417940917E-16,0.,-1.));
#9735=DIRECTION('',(0.,1.,0.));
#9736=DIRECTION('center_axis',(0.,1.,0.));
#9737=DIRECTION('ref_axis',(-1.,0.,0.));
#9738=DIRECTION('center_axis',(0.,1.,0.));
#9739=DIRECTION('ref_axis',(-1.,0.,0.));
#9740=DIRECTION('center_axis',(0.,1.,0.));
#9741=DIRECTION('ref_axis',(-1.,0.,0.));
#9742=DIRECTION('',(0.,1.,0.));
#9743=DIRECTION('center_axis',(9.31617663710668E-16,0.,1.));
#9744=DIRECTION('ref_axis',(1.,0.,-9.31617663710668E-16));
#9745=DIRECTION('',(1.,0.,-9.31617663710668E-16));
#9746=DIRECTION('',(1.,0.,-9.31617663710668E-16));
#9747=DIRECTION('',(0.,1.,0.));
#9748=DIRECTION('center_axis',(0.,1.,0.));
#9749=DIRECTION('ref_axis',(-0.866025403784439,0.,0.499999999999999));
#9750=DIRECTION('center_axis',(0.,1.,0.));
#9751=DIRECTION('ref_axis',(-0.866025403784439,0.,0.499999999999999));
#9752=DIRECTION('center_axis',(0.,1.,0.));
#9753=DIRECTION('ref_axis',(-0.866025403784439,0.,0.499999999999999));
#9754=DIRECTION('',(0.,1.,0.));
#9755=DIRECTION('center_axis',(-0.866025403784438,0.,0.5));
#9756=DIRECTION('ref_axis',(0.5,0.,0.866025403784438));
#9757=DIRECTION('',(0.5,0.,0.866025403784438));
#9758=DIRECTION('',(0.5,0.,0.866025403784438));
#9759=DIRECTION('',(0.,1.,0.));
#9760=DIRECTION('center_axis',(0.,1.,0.));
#9761=DIRECTION('ref_axis',(-1.,0.,0.));
#9762=DIRECTION('center_axis',(0.,1.,0.));
#9763=DIRECTION('ref_axis',(-1.,0.,0.));
#9764=DIRECTION('center_axis',(0.,1.,0.));
#9765=DIRECTION('ref_axis',(-1.,0.,0.));
#9766=DIRECTION('',(0.,1.,0.));
#9767=DIRECTION('center_axis',(-1.,0.,1.11455430990617E-15));
#9768=DIRECTION('ref_axis',(1.11455430990617E-15,0.,1.));
#9769=DIRECTION('',(8.873212160037E-16,0.,-1.));
#9770=DIRECTION('',(8.873212160037E-16,0.,-1.));
#9771=DIRECTION('center_axis',(1.,0.,-1.50059005305705E-15));
#9772=DIRECTION('ref_axis',(-1.50059005305705E-15,0.,-1.));
#9773=DIRECTION('',(-1.50059005305705E-15,0.,-1.));
#9774=DIRECTION('',(-1.50059005305705E-15,0.,-1.));
#9775=DIRECTION('',(0.,1.,0.));
#9776=DIRECTION('center_axis',(0.,1.,0.));
#9777=DIRECTION('ref_axis',(0.965925826289068,0.,-0.258819045102521));
#9778=DIRECTION('center_axis',(0.,1.,0.));
#9779=DIRECTION('ref_axis',(-1.,0.,0.));
#9780=DIRECTION('center_axis',(0.,1.,0.));
#9781=DIRECTION('ref_axis',(-1.,0.,0.));
#9782=DIRECTION('',(0.,1.,0.));
#9783=DIRECTION('center_axis',(0.866025403784439,0.,-0.5));
#9784=DIRECTION('ref_axis',(-0.5,0.,-0.866025403784438));
#9785=DIRECTION('',(-0.5,0.,-0.866025403784438));
#9786=DIRECTION('',(-0.5,0.,-0.866025403784438));
#9787=DIRECTION('',(0.,1.,0.));
#9788=DIRECTION('center_axis',(5.54923537535828E-15,0.,-1.));
#9789=DIRECTION('ref_axis',(-1.,0.,-5.54923537535828E-15));
#9790=DIRECTION('',(-1.,0.,-5.54923537535828E-15));
#9791=DIRECTION('',(-1.,0.,-5.54923537535828E-15));
#9792=DIRECTION('center_axis',(0.,1.,0.));
#9793=DIRECTION('ref_axis',(0.,0.,1.));
#9794=DIRECTION('center_axis',(0.,1.,0.));
#9795=DIRECTION('ref_axis',(0.,0.,1.));
#9796=DIRECTION('center_axis',(-0.482299677954607,0.,0.876006290299837));
#9797=DIRECTION('ref_axis',(-0.876006290299837,0.,-0.482299677954607));
#9798=DIRECTION('',(0.,-1.,0.));
#9799=DIRECTION('',(-0.876006290299837,0.,-0.482299677954607));
#9800=DIRECTION('',(0.,-1.,0.));
#9801=DIRECTION('',(0.876006290299837,0.,0.482299677954607));
#9802=DIRECTION('center_axis',(0.5,0.,0.866025403784439));
#9803=DIRECTION('ref_axis',(-0.866025403784438,0.,0.5));
#9804=DIRECTION('',(0.,1.,0.));
#9805=DIRECTION('',(0.866025403784438,0.,-0.5));
#9806=DIRECTION('',(-0.866025403784438,0.,0.5));
#9807=DIRECTION('center_axis',(-1.,0.,7.68871209910448E-16));
#9808=DIRECTION('ref_axis',(-7.68871209910448E-16,0.,-1.));
#9809=DIRECTION('',(0.,-1.,0.));
#9810=DIRECTION('',(-7.68871209910448E-16,0.,-1.));
#9811=DIRECTION('',(0.,-1.,0.));
#9812=DIRECTION('',(7.68871209910448E-16,0.,1.));
#9813=DIRECTION('center_axis',(-0.482299677954607,0.,0.876006290299837));
#9814=DIRECTION('ref_axis',(-0.876006290299837,0.,-0.482299677954607));
#9815=DIRECTION('',(0.,1.,0.));
#9816=DIRECTION('',(0.876006290299837,0.,0.482299677954607));
#9817=DIRECTION('',(-0.876006290299837,0.,-0.482299677954607));
#9818=DIRECTION('center_axis',(-0.500000000000002,0.,-0.866025403784437));
#9819=DIRECTION('ref_axis',(0.866025403784437,0.,-0.500000000000002));
#9820=DIRECTION('',(0.,-1.,0.));
#9821=DIRECTION('',(0.866025403784437,0.,-0.500000000000002));
#9822=DIRECTION('',(0.,-1.,0.));
#9823=DIRECTION('',(-0.866025403784437,0.,0.500000000000002));
#9824=DIRECTION('center_axis',(-1.,0.,7.68871209910448E-16));
#9825=DIRECTION('ref_axis',(-7.68871209910448E-16,0.,-1.));
#9826=DIRECTION('',(7.68871209910448E-16,0.,1.));
#9827=DIRECTION('',(-7.68871209910448E-16,0.,-1.));
#9828=DIRECTION('',(0.,-1.,0.));
#9829=DIRECTION('center_axis',(-0.482299677954607,0.,0.876006290299837));
#9830=DIRECTION('ref_axis',(-0.876006290299837,0.,-0.482299677954607));
#9831=DIRECTION('',(0.876006290299837,0.,0.482299677954607));
#9832=DIRECTION('',(-0.876006290299837,0.,-0.482299677954607));
#9833=DIRECTION('',(0.,-1.,0.));
#9834=DIRECTION('center_axis',(0.5,0.,0.866025403784439));
#9835=DIRECTION('ref_axis',(-0.866025403784438,0.,0.5));
#9836=DIRECTION('',(0.866025403784438,0.,-0.5));
#9837=DIRECTION('',(-0.866025403784438,0.,0.5));
#9838=DIRECTION('',(0.,-1.,0.));
#9839=DIRECTION('center_axis',(1.,0.,-7.51747932924135E-16));
#9840=DIRECTION('ref_axis',(7.51747932924135E-16,0.,1.));
#9841=DIRECTION('',(0.,1.,0.));
#9842=DIRECTION('',(-7.51747932924135E-16,0.,-1.));
#9843=DIRECTION('',(7.51747932924135E-16,0.,1.));
#9844=DIRECTION('center_axis',(-0.482299677954607,0.,0.876006290299837));
#9845=DIRECTION('ref_axis',(-0.876006290299837,0.,-0.482299677954607));
#9846=DIRECTION('',(0.,-1.,0.));
#9847=DIRECTION('',(-0.876006290299837,0.,-0.482299677954607));
#9848=DIRECTION('',(0.,-1.,0.));
#9849=DIRECTION('',(0.876006290299837,0.,0.482299677954607));
#9850=DIRECTION('center_axis',(0.5,0.,0.866025403784439));
#9851=DIRECTION('ref_axis',(-0.866025403784438,0.,0.5));
#9852=DIRECTION('',(0.866025403784438,0.,-0.5));
#9853=DIRECTION('',(-0.866025403784438,0.,0.5));
#9854=DIRECTION('',(0.,-1.,0.));
#9855=DIRECTION('center_axis',(1.,0.,-7.51747932924135E-16));
#9856=DIRECTION('ref_axis',(7.51747932924135E-16,0.,1.));
#9857=DIRECTION('',(-7.51747932924135E-16,0.,-1.));
#9858=DIRECTION('',(7.51747932924135E-16,0.,1.));
#9859=DIRECTION('',(0.,-1.,0.));
#9860=DIRECTION('center_axis',(0.482299677954604,0.,-0.876006290299839));
#9861=DIRECTION('ref_axis',(0.876006290299838,0.,0.482299677954604));
#9862=DIRECTION('',(0.,1.,0.));
#9863=DIRECTION('',(-0.876006290299838,0.,-0.482299677954604));
#9864=DIRECTION('',(0.876006290299838,0.,0.482299677954604));
#9865=DIRECTION('center_axis',(-0.500000000000002,0.,-0.866025403784437));
#9866=DIRECTION('ref_axis',(0.866025403784437,0.,-0.500000000000002));
#9867=DIRECTION('',(-0.866025403784437,0.,0.500000000000002));
#9868=DIRECTION('',(0.,-1.,0.));
#9869=DIRECTION('',(0.866025403784437,0.,-0.500000000000002));
#9870=DIRECTION('',(0.,-1.,0.));
#9871=DIRECTION('center_axis',(-1.,0.,7.68871209910448E-16));
#9872=DIRECTION('ref_axis',(-7.68871209910448E-16,0.,-1.));
#9873=DIRECTION('',(7.68871209910448E-16,0.,1.));
#9874=DIRECTION('',(-7.68871209910448E-16,0.,-1.));
#9875=DIRECTION('',(0.,-1.,0.));
#9876=DIRECTION('center_axis',(-0.482299677954607,0.,0.876006290299837));
#9877=DIRECTION('ref_axis',(-0.876006290299837,0.,-0.482299677954607));
#9878=DIRECTION('',(0.876006290299837,0.,0.482299677954607));
#9879=DIRECTION('',(-0.876006290299837,0.,-0.482299677954607));
#9880=DIRECTION('',(0.,-1.,0.));
#9881=DIRECTION('center_axis',(0.5,0.,0.866025403784439));
#9882=DIRECTION('ref_axis',(-0.866025403784438,0.,0.5));
#9883=DIRECTION('',(0.,1.,0.));
#9884=DIRECTION('',(0.866025403784438,0.,-0.5));
#9885=DIRECTION('',(-0.866025403784438,0.,0.5));
#9886=DIRECTION('center_axis',(0.482299677954604,0.,-0.876006290299839));
#9887=DIRECTION('ref_axis',(0.876006290299838,0.,0.482299677954604));
#9888=DIRECTION('',(0.,-1.,0.));
#9889=DIRECTION('',(0.876006290299838,0.,0.482299677954604));
#9890=DIRECTION('',(-0.876006290299838,0.,-0.482299677954604));
#9891=DIRECTION('center_axis',(-0.500000000000002,0.,-0.866025403784437));
#9892=DIRECTION('ref_axis',(0.866025403784437,0.,-0.500000000000002));
#9893=DIRECTION('',(-0.866025403784437,0.,0.500000000000002));
#9894=DIRECTION('',(0.,-1.,0.));
#9895=DIRECTION('',(0.866025403784437,0.,-0.500000000000002));
#9896=DIRECTION('',(0.,-1.,0.));
#9897=DIRECTION('center_axis',(-1.,0.,7.68871209910448E-16));
#9898=DIRECTION('ref_axis',(-7.68871209910448E-16,0.,-1.));
#9899=DIRECTION('',(7.68871209910448E-16,0.,1.));
#9900=DIRECTION('',(-7.68871209910448E-16,0.,-1.));
#9901=DIRECTION('',(0.,-1.,0.));
#9902=DIRECTION('center_axis',(-0.482299677954607,0.,0.876006290299837));
#9903=DIRECTION('ref_axis',(-0.876006290299837,0.,-0.482299677954607));
#9904=DIRECTION('',(0.876006290299837,0.,0.482299677954607));
#9905=DIRECTION('',(-0.876006290299837,0.,-0.482299677954607));
#9906=DIRECTION('',(0.,-1.,0.));
#9907=DIRECTION('center_axis',(0.5,0.,0.866025403784439));
#9908=DIRECTION('ref_axis',(-0.866025403784438,0.,0.5));
#9909=DIRECTION('',(0.866025403784438,0.,-0.5));
#9910=DIRECTION('',(-0.866025403784438,0.,0.5));
#9911=DIRECTION('',(0.,-1.,0.));
#9912=DIRECTION('center_axis',(1.,0.,-7.51747932924135E-16));
#9913=DIRECTION('ref_axis',(7.51747932924135E-16,0.,1.));
#9914=DIRECTION('',(-7.51747932924135E-16,0.,-1.));
#9915=DIRECTION('',(7.51747932924135E-16,0.,1.));
#9916=DIRECTION('',(0.,-1.,0.));
#9917=DIRECTION('center_axis',(0.482299677954604,0.,-0.876006290299839));
#9918=DIRECTION('ref_axis',(0.876006290299838,0.,0.482299677954604));
#9919=DIRECTION('',(-0.876006290299838,0.,-0.482299677954604));
#9920=DIRECTION('',(0.876006290299838,0.,0.482299677954604));
#9921=DIRECTION('center_axis',(-0.482299677954607,0.,0.876006290299837));
#9922=DIRECTION('ref_axis',(-0.876006290299837,0.,-0.482299677954607));
#9923=DIRECTION('',(0.,-1.,0.));
#9924=DIRECTION('',(-0.876006290299837,0.,-0.482299677954607));
#9925=DIRECTION('',(0.,-1.,0.));
#9926=DIRECTION('',(0.876006290299837,0.,0.482299677954607));
#9927=DIRECTION('center_axis',(0.5,0.,0.866025403784439));
#9928=DIRECTION('ref_axis',(-0.866025403784438,0.,0.5));
#9929=DIRECTION('',(0.866025403784438,0.,-0.5));
#9930=DIRECTION('',(-0.866025403784438,0.,0.5));
#9931=DIRECTION('',(0.,-1.,0.));
#9932=DIRECTION('center_axis',(1.,0.,-7.51747932924135E-16));
#9933=DIRECTION('ref_axis',(7.51747932924135E-16,0.,1.));
#9934=DIRECTION('',(-7.51747932924135E-16,0.,-1.));
#9935=DIRECTION('',(7.51747932924135E-16,0.,1.));
#9936=DIRECTION('',(0.,-1.,0.));
#9937=DIRECTION('center_axis',(0.482299677954604,0.,-0.876006290299839));
#9938=DIRECTION('ref_axis',(0.876006290299838,0.,0.482299677954604));
#9939=DIRECTION('',(0.,1.,0.));
#9940=DIRECTION('',(-0.876006290299838,0.,-0.482299677954604));
#9941=DIRECTION('',(0.876006290299838,0.,0.482299677954604));
#9942=DIRECTION('center_axis',(-0.500000000000002,0.,-0.866025403784437));
#9943=DIRECTION('ref_axis',(0.866025403784437,0.,-0.500000000000002));
#9944=DIRECTION('',(0.,-1.,0.));
#9945=DIRECTION('',(0.866025403784437,0.,-0.500000000000002));
#9946=DIRECTION('',(0.,-1.,0.));
#9947=DIRECTION('',(-0.866025403784437,0.,0.500000000000002));
#9948=DIRECTION('center_axis',(-1.,0.,7.68871209910448E-16));
#9949=DIRECTION('ref_axis',(-7.68871209910448E-16,0.,-1.));
#9950=DIRECTION('',(7.68871209910448E-16,0.,1.));
#9951=DIRECTION('',(-7.68871209910448E-16,0.,-1.));
#9952=DIRECTION('',(0.,-1.,0.));
#9953=DIRECTION('center_axis',(-0.482299677954607,0.,0.876006290299837));
#9954=DIRECTION('ref_axis',(-0.876006290299837,0.,-0.482299677954607));
#9955=DIRECTION('',(0.,1.,0.));
#9956=DIRECTION('',(0.876006290299837,0.,0.482299677954607));
#9957=DIRECTION('',(-0.876006290299837,0.,-0.482299677954607));
#9958=DIRECTION('center_axis',(-0.500000000000002,0.,-0.866025403784437));
#9959=DIRECTION('ref_axis',(0.866025403784437,0.,-0.500000000000002));
#9960=DIRECTION('',(-0.866025403784437,0.,0.500000000000002));
#9961=DIRECTION('',(0.,-1.,0.));
#9962=DIRECTION('',(0.866025403784437,0.,-0.500000000000002));
#9963=DIRECTION('',(0.,-1.,0.));
#9964=DIRECTION('center_axis',(-1.,0.,7.68871209910448E-16));
#9965=DIRECTION('ref_axis',(-7.68871209910448E-16,0.,-1.));
#9966=DIRECTION('',(7.68871209910448E-16,0.,1.));
#9967=DIRECTION('',(-7.68871209910448E-16,0.,-1.));
#9968=DIRECTION('',(0.,-1.,0.));
#9969=DIRECTION('center_axis',(-0.482299677954607,0.,0.876006290299837));
#9970=DIRECTION('ref_axis',(-0.876006290299837,0.,-0.482299677954607));
#9971=DIRECTION('',(0.876006290299837,0.,0.482299677954607));
#9972=DIRECTION('',(-0.876006290299837,0.,-0.482299677954607));
#9973=DIRECTION('',(0.,-1.,0.));
#9974=DIRECTION('center_axis',(0.5,0.,0.866025403784439));
#9975=DIRECTION('ref_axis',(-0.866025403784438,0.,0.5));
#9976=DIRECTION('',(0.866025403784438,0.,-0.5));
#9977=DIRECTION('',(-0.866025403784438,0.,0.5));
#9978=DIRECTION('',(0.,-1.,0.));
#9979=DIRECTION('center_axis',(1.,0.,-7.51747932924135E-16));
#9980=DIRECTION('ref_axis',(7.51747932924135E-16,0.,1.));
#9981=DIRECTION('',(-7.51747932924135E-16,0.,-1.));
#9982=DIRECTION('',(7.51747932924135E-16,0.,1.));
#9983=DIRECTION('',(0.,-1.,0.));
#9984=DIRECTION('center_axis',(0.482299677954604,0.,-0.876006290299839));
#9985=DIRECTION('ref_axis',(0.876006290299838,0.,0.482299677954604));
#9986=DIRECTION('',(-0.876006290299838,0.,-0.482299677954604));
#9987=DIRECTION('',(0.876006290299838,0.,0.482299677954604));
#9988=DIRECTION('center_axis',(-0.500000000000002,0.,-0.866025403784437));
#9989=DIRECTION('ref_axis',(0.866025403784437,0.,-0.500000000000002));
#9990=DIRECTION('',(-0.866025403784437,0.,0.500000000000002));
#9991=DIRECTION('',(0.,-1.,0.));
#9992=DIRECTION('',(0.866025403784437,0.,-0.500000000000002));
#9993=DIRECTION('',(0.,-1.,0.));
#9994=DIRECTION('center_axis',(-1.,0.,7.68871209910448E-16));
#9995=DIRECTION('ref_axis',(-7.68871209910448E-16,0.,-1.));
#9996=DIRECTION('',(7.68871209910448E-16,0.,1.));
#9997=DIRECTION('',(-7.68871209910448E-16,0.,-1.));
#9998=DIRECTION('',(0.,-1.,0.));
#9999=DIRECTION('center_axis',(-0.482299677954607,0.,0.876006290299837));
#10000=DIRECTION('ref_axis',(-0.876006290299837,0.,-0.482299677954607));
#10001=DIRECTION('',(0.876006290299837,0.,0.482299677954607));
#10002=DIRECTION('',(-0.876006290299837,0.,-0.482299677954607));
#10003=DIRECTION('',(0.,-1.,0.));
#10004=DIRECTION('center_axis',(0.5,0.,0.866025403784439));
#10005=DIRECTION('ref_axis',(-0.866025403784438,0.,0.5));
#10006=DIRECTION('',(0.866025403784438,0.,-0.5));
#10007=DIRECTION('',(-0.866025403784438,0.,0.5));
#10008=DIRECTION('',(0.,-1.,0.));
#10009=DIRECTION('center_axis',(1.,0.,-7.51747932924135E-16));
#10010=DIRECTION('ref_axis',(7.51747932924135E-16,0.,1.));
#10011=DIRECTION('',(-7.51747932924135E-16,0.,-1.));
#10012=DIRECTION('',(7.51747932924135E-16,0.,1.));
#10013=DIRECTION('',(0.,-1.,0.));
#10014=DIRECTION('center_axis',(0.482299677954604,0.,-0.876006290299839));
#10015=DIRECTION('ref_axis',(0.876006290299838,0.,0.482299677954604));
#10016=DIRECTION('',(-0.876006290299838,0.,-0.482299677954604));
#10017=DIRECTION('',(0.876006290299838,0.,0.482299677954604));
#10018=DIRECTION('center_axis',(-0.482299677954607,0.,0.876006290299837));
#10019=DIRECTION('ref_axis',(-0.876006290299837,0.,-0.482299677954607));
#10020=DIRECTION('',(0.,-1.,0.));
#10021=DIRECTION('',(-0.876006290299837,0.,-0.482299677954607));
#10022=DIRECTION('',(0.,-1.,0.));
#10023=DIRECTION('',(0.876006290299837,0.,0.482299677954607));
#10024=DIRECTION('center_axis',(0.5,0.,0.866025403784439));
#10025=DIRECTION('ref_axis',(-0.866025403784438,0.,0.5));
#10026=DIRECTION('',(0.866025403784438,0.,-0.5));
#10027=DIRECTION('',(-0.866025403784438,0.,0.5));
#10028=DIRECTION('',(0.,-1.,0.));
#10029=DIRECTION('center_axis',(1.,0.,-7.51747932924135E-16));
#10030=DIRECTION('ref_axis',(7.51747932924135E-16,0.,1.));
#10031=DIRECTION('',(-7.51747932924135E-16,0.,-1.));
#10032=DIRECTION('',(7.51747932924135E-16,0.,1.));
#10033=DIRECTION('',(0.,-1.,0.));
#10034=DIRECTION('center_axis',(0.482299677954604,0.,-0.876006290299839));
#10035=DIRECTION('ref_axis',(0.876006290299838,0.,0.482299677954604));
#10036=DIRECTION('',(0.,1.,0.));
#10037=DIRECTION('',(-0.876006290299838,0.,-0.482299677954604));
#10038=DIRECTION('',(0.876006290299838,0.,0.482299677954604));
#10039=DIRECTION('center_axis',(-0.500000000000002,0.,-0.866025403784437));
#10040=DIRECTION('ref_axis',(0.866025403784437,0.,-0.500000000000002));
#10041=DIRECTION('',(-0.866025403784437,0.,0.500000000000002));
#10042=DIRECTION('',(0.,-1.,0.));
#10043=DIRECTION('',(0.866025403784437,0.,-0.500000000000002));
#10044=DIRECTION('',(0.,-1.,0.));
#10045=DIRECTION('center_axis',(-1.,0.,7.68871209910448E-16));
#10046=DIRECTION('ref_axis',(-7.68871209910448E-16,0.,-1.));
#10047=DIRECTION('',(7.68871209910448E-16,0.,1.));
#10048=DIRECTION('',(-7.68871209910448E-16,0.,-1.));
#10049=DIRECTION('',(0.,-1.,0.));
#10050=DIRECTION('center_axis',(-0.482299677954607,0.,0.876006290299837));
#10051=DIRECTION('ref_axis',(-0.876006290299837,0.,-0.482299677954607));
#10052=DIRECTION('',(0.876006290299837,0.,0.482299677954607));
#10053=DIRECTION('',(-0.876006290299837,0.,-0.482299677954607));
#10054=DIRECTION('',(0.,-1.,0.));
#10055=DIRECTION('center_axis',(0.5,0.,0.866025403784439));
#10056=DIRECTION('ref_axis',(-0.866025403784438,0.,0.5));
#10057=DIRECTION('',(0.,1.,0.));
#10058=DIRECTION('',(0.866025403784438,0.,-0.5));
#10059=DIRECTION('',(-0.866025403784438,0.,0.5));
#10060=DIRECTION('center_axis',(0.482299677954604,0.,-0.876006290299839));
#10061=DIRECTION('ref_axis',(0.876006290299838,0.,0.482299677954604));
#10062=DIRECTION('',(0.,-1.,0.));
#10063=DIRECTION('',(0.876006290299838,0.,0.482299677954604));
#10064=DIRECTION('',(-0.876006290299838,0.,-0.482299677954604));
#10065=DIRECTION('center_axis',(-0.500000000000002,0.,-0.866025403784437));
#10066=DIRECTION('ref_axis',(0.866025403784437,0.,-0.500000000000002));
#10067=DIRECTION('',(-0.866025403784437,0.,0.500000000000002));
#10068=DIRECTION('',(0.,-1.,0.));
#10069=DIRECTION('',(0.866025403784437,0.,-0.500000000000002));
#10070=DIRECTION('',(0.,-1.,0.));
#10071=DIRECTION('center_axis',(-1.,0.,7.68871209910448E-16));
#10072=DIRECTION('ref_axis',(-7.68871209910448E-16,0.,-1.));
#10073=DIRECTION('',(7.68871209910448E-16,0.,1.));
#10074=DIRECTION('',(-7.68871209910448E-16,0.,-1.));
#10075=DIRECTION('',(0.,-1.,0.));
#10076=DIRECTION('center_axis',(-0.482299677954607,0.,0.876006290299837));
#10077=DIRECTION('ref_axis',(-0.876006290299837,0.,-0.482299677954607));
#10078=DIRECTION('',(0.876006290299837,0.,0.482299677954607));
#10079=DIRECTION('',(-0.876006290299837,0.,-0.482299677954607));
#10080=DIRECTION('',(0.,-1.,0.));
#10081=DIRECTION('center_axis',(0.5,0.,0.866025403784439));
#10082=DIRECTION('ref_axis',(-0.866025403784438,0.,0.5));
#10083=DIRECTION('',(0.866025403784438,0.,-0.5));
#10084=DIRECTION('',(-0.866025403784438,0.,0.5));
#10085=DIRECTION('',(0.,-1.,0.));
#10086=DIRECTION('center_axis',(1.,0.,-7.51747932924135E-16));
#10087=DIRECTION('ref_axis',(7.51747932924135E-16,0.,1.));
#10088=DIRECTION('',(-7.51747932924135E-16,0.,-1.));
#10089=DIRECTION('',(7.51747932924135E-16,0.,1.));
#10090=DIRECTION('',(0.,-1.,0.));
#10091=DIRECTION('center_axis',(0.482299677954604,0.,-0.876006290299839));
#10092=DIRECTION('ref_axis',(0.876006290299838,0.,0.482299677954604));
#10093=DIRECTION('',(-0.876006290299838,0.,-0.482299677954604));
#10094=DIRECTION('',(0.876006290299838,0.,0.482299677954604));
#10095=DIRECTION('center_axis',(-0.500000000000002,0.,-0.866025403784437));
#10096=DIRECTION('ref_axis',(0.866025403784437,0.,-0.500000000000002));
#10097=DIRECTION('',(-0.866025403784437,0.,0.500000000000002));
#10098=DIRECTION('',(0.,-1.,0.));
#10099=DIRECTION('',(0.866025403784437,0.,-0.500000000000002));
#10100=DIRECTION('',(0.,-1.,0.));
#10101=DIRECTION('center_axis',(-1.,0.,7.68871209910448E-16));
#10102=DIRECTION('ref_axis',(-7.68871209910448E-16,0.,-1.));
#10103=DIRECTION('',(7.68871209910448E-16,0.,1.));
#10104=DIRECTION('',(-7.68871209910448E-16,0.,-1.));
#10105=DIRECTION('',(0.,-1.,0.));
#10106=DIRECTION('center_axis',(-0.482299677954607,0.,0.876006290299837));
#10107=DIRECTION('ref_axis',(-0.876006290299837,0.,-0.482299677954607));
#10108=DIRECTION('',(0.876006290299837,0.,0.482299677954607));
#10109=DIRECTION('',(-0.876006290299837,0.,-0.482299677954607));
#10110=DIRECTION('',(0.,-1.,0.));
#10111=DIRECTION('center_axis',(0.5,0.,0.866025403784439));
#10112=DIRECTION('ref_axis',(-0.866025403784438,0.,0.5));
#10113=DIRECTION('',(0.866025403784438,0.,-0.5));
#10114=DIRECTION('',(-0.866025403784438,0.,0.5));
#10115=DIRECTION('',(0.,-1.,0.));
#10116=DIRECTION('center_axis',(1.,0.,-7.51747932924135E-16));
#10117=DIRECTION('ref_axis',(7.51747932924135E-16,0.,1.));
#10118=DIRECTION('',(-7.51747932924135E-16,0.,-1.));
#10119=DIRECTION('',(7.51747932924135E-16,0.,1.));
#10120=DIRECTION('',(0.,-1.,0.));
#10121=DIRECTION('center_axis',(0.482299677954604,0.,-0.876006290299839));
#10122=DIRECTION('ref_axis',(0.876006290299838,0.,0.482299677954604));
#10123=DIRECTION('',(-0.876006290299838,0.,-0.482299677954604));
#10124=DIRECTION('',(0.876006290299838,0.,0.482299677954604));
#10125=DIRECTION('center_axis',(-0.482299677954607,0.,0.876006290299837));
#10126=DIRECTION('ref_axis',(-0.876006290299837,0.,-0.482299677954607));
#10127=DIRECTION('',(0.,-1.,0.));
#10128=DIRECTION('',(-0.876006290299837,0.,-0.482299677954607));
#10129=DIRECTION('',(0.,-1.,0.));
#10130=DIRECTION('',(0.876006290299837,0.,0.482299677954607));
#10131=DIRECTION('center_axis',(0.5,0.,0.866025403784439));
#10132=DIRECTION('ref_axis',(-0.866025403784438,0.,0.5));
#10133=DIRECTION('',(0.866025403784438,0.,-0.5));
#10134=DIRECTION('',(-0.866025403784438,0.,0.5));
#10135=DIRECTION('',(0.,-1.,0.));
#10136=DIRECTION('center_axis',(1.,0.,-7.51747932924135E-16));
#10137=DIRECTION('ref_axis',(7.51747932924135E-16,0.,1.));
#10138=DIRECTION('',(-7.51747932924135E-16,0.,-1.));
#10139=DIRECTION('',(7.51747932924135E-16,0.,1.));
#10140=DIRECTION('',(0.,-1.,0.));
#10141=DIRECTION('center_axis',(0.482299677954604,0.,-0.876006290299839));
#10142=DIRECTION('ref_axis',(0.876006290299838,0.,0.482299677954604));
#10143=DIRECTION('',(0.,1.,0.));
#10144=DIRECTION('',(-0.876006290299838,0.,-0.482299677954604));
#10145=DIRECTION('',(0.876006290299838,0.,0.482299677954604));
#10146=DIRECTION('center_axis',(-0.500000000000002,0.,-0.866025403784437));
#10147=DIRECTION('ref_axis',(0.866025403784437,0.,-0.500000000000002));
#10148=DIRECTION('',(0.,-1.,0.));
#10149=DIRECTION('',(0.866025403784437,0.,-0.500000000000002));
#10150=DIRECTION('',(0.,-1.,0.));
#10151=DIRECTION('',(-0.866025403784437,0.,0.500000000000002));
#10152=DIRECTION('center_axis',(-1.,0.,7.68871209910448E-16));
#10153=DIRECTION('ref_axis',(-7.68871209910448E-16,0.,-1.));
#10154=DIRECTION('',(7.68871209910448E-16,0.,1.));
#10155=DIRECTION('',(-7.68871209910448E-16,0.,-1.));
#10156=DIRECTION('',(0.,-1.,0.));
#10157=DIRECTION('center_axis',(-0.482299677954607,0.,0.876006290299837));
#10158=DIRECTION('ref_axis',(-0.876006290299837,0.,-0.482299677954607));
#10159=DIRECTION('',(0.,1.,0.));
#10160=DIRECTION('',(0.876006290299837,0.,0.482299677954607));
#10161=DIRECTION('',(-0.876006290299837,0.,-0.482299677954607));
#10162=DIRECTION('center_axis',(-0.500000000000002,0.,-0.866025403784437));
#10163=DIRECTION('ref_axis',(0.866025403784437,0.,-0.500000000000002));
#10164=DIRECTION('',(-0.866025403784437,0.,0.500000000000002));
#10165=DIRECTION('',(0.,-1.,0.));
#10166=DIRECTION('',(0.866025403784437,0.,-0.500000000000002));
#10167=DIRECTION('',(0.,-1.,0.));
#10168=DIRECTION('center_axis',(-1.,0.,7.68871209910448E-16));
#10169=DIRECTION('ref_axis',(-7.68871209910448E-16,0.,-1.));
#10170=DIRECTION('',(7.68871209910448E-16,0.,1.));
#10171=DIRECTION('',(-7.68871209910448E-16,0.,-1.));
#10172=DIRECTION('',(0.,-1.,0.));
#10173=DIRECTION('center_axis',(-0.482299677954607,0.,0.876006290299837));
#10174=DIRECTION('ref_axis',(-0.876006290299837,0.,-0.482299677954607));
#10175=DIRECTION('',(0.876006290299837,0.,0.482299677954607));
#10176=DIRECTION('',(-0.876006290299837,0.,-0.482299677954607));
#10177=DIRECTION('',(0.,-1.,0.));
#10178=DIRECTION('center_axis',(0.5,0.,0.866025403784439));
#10179=DIRECTION('ref_axis',(-0.866025403784438,0.,0.5));
#10180=DIRECTION('',(0.866025403784438,0.,-0.5));
#10181=DIRECTION('',(-0.866025403784438,0.,0.5));
#10182=DIRECTION('',(0.,-1.,0.));
#10183=DIRECTION('center_axis',(1.,0.,-7.51747932924135E-16));
#10184=DIRECTION('ref_axis',(7.51747932924135E-16,0.,1.));
#10185=DIRECTION('',(-7.51747932924135E-16,0.,-1.));
#10186=DIRECTION('',(7.51747932924135E-16,0.,1.));
#10187=DIRECTION('',(0.,-1.,0.));
#10188=DIRECTION('center_axis',(0.482299677954604,0.,-0.876006290299839));
#10189=DIRECTION('ref_axis',(0.876006290299838,0.,0.482299677954604));
#10190=DIRECTION('',(-0.876006290299838,0.,-0.482299677954604));
#10191=DIRECTION('',(0.876006290299838,0.,0.482299677954604));
#10192=DIRECTION('center_axis',(-0.500000000000002,0.,-0.866025403784437));
#10193=DIRECTION('ref_axis',(0.866025403784437,0.,-0.500000000000002));
#10194=DIRECTION('',(-0.866025403784437,0.,0.500000000000002));
#10195=DIRECTION('',(0.,-1.,0.));
#10196=DIRECTION('',(0.866025403784437,0.,-0.500000000000002));
#10197=DIRECTION('',(0.,-1.,0.));
#10198=DIRECTION('center_axis',(-1.,0.,7.68871209910448E-16));
#10199=DIRECTION('ref_axis',(-7.68871209910448E-16,0.,-1.));
#10200=DIRECTION('',(7.68871209910448E-16,0.,1.));
#10201=DIRECTION('',(-7.68871209910448E-16,0.,-1.));
#10202=DIRECTION('',(0.,-1.,0.));
#10203=DIRECTION('center_axis',(-0.482299677954607,0.,0.876006290299837));
#10204=DIRECTION('ref_axis',(-0.876006290299837,0.,-0.482299677954607));
#10205=DIRECTION('',(0.876006290299837,0.,0.482299677954607));
#10206=DIRECTION('',(-0.876006290299837,0.,-0.482299677954607));
#10207=DIRECTION('',(0.,-1.,0.));
#10208=DIRECTION('center_axis',(0.5,0.,0.866025403784439));
#10209=DIRECTION('ref_axis',(-0.866025403784438,0.,0.5));
#10210=DIRECTION('',(0.866025403784438,0.,-0.5));
#10211=DIRECTION('',(-0.866025403784438,0.,0.5));
#10212=DIRECTION('',(0.,-1.,0.));
#10213=DIRECTION('center_axis',(1.,0.,-7.51747932924135E-16));
#10214=DIRECTION('ref_axis',(7.51747932924135E-16,0.,1.));
#10215=DIRECTION('',(-7.51747932924135E-16,0.,-1.));
#10216=DIRECTION('',(7.51747932924135E-16,0.,1.));
#10217=DIRECTION('',(0.,-1.,0.));
#10218=DIRECTION('center_axis',(0.482299677954604,0.,-0.876006290299839));
#10219=DIRECTION('ref_axis',(0.876006290299838,0.,0.482299677954604));
#10220=DIRECTION('',(-0.876006290299838,0.,-0.482299677954604));
#10221=DIRECTION('',(0.876006290299838,0.,0.482299677954604));
#10222=DIRECTION('center_axis',(-0.500000000000002,0.,-0.866025403784437));
#10223=DIRECTION('ref_axis',(0.866025403784437,0.,-0.500000000000002));
#10224=DIRECTION('',(-0.866025403784437,0.,0.500000000000002));
#10225=DIRECTION('',(0.,-1.,0.));
#10226=DIRECTION('',(0.866025403784437,0.,-0.500000000000002));
#10227=DIRECTION('',(0.,-1.,0.));
#10228=DIRECTION('center_axis',(-1.,0.,7.68871209910448E-16));
#10229=DIRECTION('ref_axis',(-7.68871209910448E-16,0.,-1.));
#10230=DIRECTION('',(7.68871209910448E-16,0.,1.));
#10231=DIRECTION('',(-7.68871209910448E-16,0.,-1.));
#10232=DIRECTION('',(0.,-1.,0.));
#10233=DIRECTION('center_axis',(-0.482299677954607,0.,0.876006290299837));
#10234=DIRECTION('ref_axis',(-0.876006290299837,0.,-0.482299677954607));
#10235=DIRECTION('',(0.876006290299837,0.,0.482299677954607));
#10236=DIRECTION('',(-0.876006290299837,0.,-0.482299677954607));
#10237=DIRECTION('',(0.,-1.,0.));
#10238=DIRECTION('center_axis',(0.5,0.,0.866025403784439));
#10239=DIRECTION('ref_axis',(-0.866025403784438,0.,0.5));
#10240=DIRECTION('',(0.866025403784438,0.,-0.5));
#10241=DIRECTION('',(-0.866025403784438,0.,0.5));
#10242=DIRECTION('',(0.,-1.,0.));
#10243=DIRECTION('center_axis',(1.,0.,-7.51747932924135E-16));
#10244=DIRECTION('ref_axis',(7.51747932924135E-16,0.,1.));
#10245=DIRECTION('',(-7.51747932924135E-16,0.,-1.));
#10246=DIRECTION('',(7.51747932924135E-16,0.,1.));
#10247=DIRECTION('',(0.,-1.,0.));
#10248=DIRECTION('center_axis',(0.482299677954604,0.,-0.876006290299839));
#10249=DIRECTION('ref_axis',(0.876006290299838,0.,0.482299677954604));
#10250=DIRECTION('',(-0.876006290299838,0.,-0.482299677954604));
#10251=DIRECTION('',(0.876006290299838,0.,0.482299677954604));
#10252=DIRECTION('center_axis',(0.5,0.,0.866025403784439));
#10253=DIRECTION('ref_axis',(-0.866025403784438,0.,0.5));
#10254=DIRECTION('',(0.,-1.,0.));
#10255=DIRECTION('',(-0.866025403784438,0.,0.5));
#10256=DIRECTION('',(0.,-1.,0.));
#10257=DIRECTION('',(0.866025403784438,0.,-0.5));
#10258=DIRECTION('center_axis',(1.,0.,-7.51747932924135E-16));
#10259=DIRECTION('ref_axis',(7.51747932924135E-16,0.,1.));
#10260=DIRECTION('',(-7.51747932924135E-16,0.,-1.));
#10261=DIRECTION('',(7.51747932924135E-16,0.,1.));
#10262=DIRECTION('',(0.,-1.,0.));
#10263=DIRECTION('center_axis',(0.482299677954604,0.,-0.876006290299839));
#10264=DIRECTION('ref_axis',(0.876006290299838,0.,0.482299677954604));
#10265=DIRECTION('',(0.,1.,0.));
#10266=DIRECTION('',(-0.876006290299838,0.,-0.482299677954604));
#10267=DIRECTION('',(0.876006290299838,0.,0.482299677954604));
#10268=DIRECTION('center_axis',(-0.500000000000002,0.,-0.866025403784437));
#10269=DIRECTION('ref_axis',(0.866025403784437,0.,-0.500000000000002));
#10270=DIRECTION('',(-0.866025403784437,0.,0.500000000000002));
#10271=DIRECTION('',(0.,-1.,0.));
#10272=DIRECTION('',(0.866025403784437,0.,-0.500000000000002));
#10273=DIRECTION('',(0.,-1.,0.));
#10274=DIRECTION('center_axis',(-1.,0.,7.68871209910448E-16));
#10275=DIRECTION('ref_axis',(-7.68871209910448E-16,0.,-1.));
#10276=DIRECTION('',(7.68871209910448E-16,0.,1.));
#10277=DIRECTION('',(-7.68871209910448E-16,0.,-1.));
#10278=DIRECTION('',(0.,-1.,0.));
#10279=DIRECTION('center_axis',(-0.482299677954607,0.,0.876006290299837));
#10280=DIRECTION('ref_axis',(-0.876006290299837,0.,-0.482299677954607));
#10281=DIRECTION('',(0.876006290299837,0.,0.482299677954607));
#10282=DIRECTION('',(-0.876006290299837,0.,-0.482299677954607));
#10283=DIRECTION('',(0.,-1.,0.));
#10284=DIRECTION('center_axis',(0.5,0.,0.866025403784439));
#10285=DIRECTION('ref_axis',(-0.866025403784438,0.,0.5));
#10286=DIRECTION('',(0.,1.,0.));
#10287=DIRECTION('',(0.866025403784438,0.,-0.5));
#10288=DIRECTION('',(-0.866025403784438,0.,0.5));
#10289=DIRECTION('center_axis',(0.482299677954604,0.,-0.876006290299839));
#10290=DIRECTION('ref_axis',(0.876006290299838,0.,0.482299677954604));
#10291=DIRECTION('',(0.,-1.,0.));
#10292=DIRECTION('',(0.876006290299838,0.,0.482299677954604));
#10293=DIRECTION('',(-0.876006290299838,0.,-0.482299677954604));
#10294=DIRECTION('center_axis',(-0.500000000000002,0.,-0.866025403784437));
#10295=DIRECTION('ref_axis',(0.866025403784437,0.,-0.500000000000002));
#10296=DIRECTION('',(-0.866025403784437,0.,0.500000000000002));
#10297=DIRECTION('',(0.,-1.,0.));
#10298=DIRECTION('',(0.866025403784437,0.,-0.500000000000002));
#10299=DIRECTION('',(0.,-1.,0.));
#10300=DIRECTION('center_axis',(-1.,0.,7.68871209910448E-16));
#10301=DIRECTION('ref_axis',(-7.68871209910448E-16,0.,-1.));
#10302=DIRECTION('',(7.68871209910448E-16,0.,1.));
#10303=DIRECTION('',(-7.68871209910448E-16,0.,-1.));
#10304=DIRECTION('',(0.,-1.,0.));
#10305=DIRECTION('center_axis',(-0.482299677954607,0.,0.876006290299837));
#10306=DIRECTION('ref_axis',(-0.876006290299837,0.,-0.482299677954607));
#10307=DIRECTION('',(0.876006290299837,0.,0.482299677954607));
#10308=DIRECTION('',(-0.876006290299837,0.,-0.482299677954607));
#10309=DIRECTION('',(0.,-1.,0.));
#10310=DIRECTION('center_axis',(0.5,0.,0.866025403784439));
#10311=DIRECTION('ref_axis',(-0.866025403784438,0.,0.5));
#10312=DIRECTION('',(0.866025403784438,0.,-0.5));
#10313=DIRECTION('',(-0.866025403784438,0.,0.5));
#10314=DIRECTION('',(0.,-1.,0.));
#10315=DIRECTION('center_axis',(1.,0.,-7.51747932924135E-16));
#10316=DIRECTION('ref_axis',(7.51747932924135E-16,0.,1.));
#10317=DIRECTION('',(-7.51747932924135E-16,0.,-1.));
#10318=DIRECTION('',(7.51747932924135E-16,0.,1.));
#10319=DIRECTION('',(0.,-1.,0.));
#10320=DIRECTION('center_axis',(0.482299677954604,0.,-0.876006290299839));
#10321=DIRECTION('ref_axis',(0.876006290299838,0.,0.482299677954604));
#10322=DIRECTION('',(-0.876006290299838,0.,-0.482299677954604));
#10323=DIRECTION('',(0.876006290299838,0.,0.482299677954604));
#10324=DIRECTION('center_axis',(-0.500000000000002,0.,-0.866025403784437));
#10325=DIRECTION('ref_axis',(0.866025403784437,0.,-0.500000000000002));
#10326=DIRECTION('',(-0.866025403784437,0.,0.500000000000002));
#10327=DIRECTION('',(0.,-1.,0.));
#10328=DIRECTION('',(0.866025403784437,0.,-0.500000000000002));
#10329=DIRECTION('',(0.,-1.,0.));
#10330=DIRECTION('center_axis',(-1.,0.,7.68871209910448E-16));
#10331=DIRECTION('ref_axis',(-7.68871209910448E-16,0.,-1.));
#10332=DIRECTION('',(7.68871209910448E-16,0.,1.));
#10333=DIRECTION('',(-7.68871209910448E-16,0.,-1.));
#10334=DIRECTION('',(0.,-1.,0.));
#10335=DIRECTION('center_axis',(-0.482299677954607,0.,0.876006290299837));
#10336=DIRECTION('ref_axis',(-0.876006290299837,0.,-0.482299677954607));
#10337=DIRECTION('',(0.876006290299837,0.,0.482299677954607));
#10338=DIRECTION('',(-0.876006290299837,0.,-0.482299677954607));
#10339=DIRECTION('',(0.,-1.,0.));
#10340=DIRECTION('center_axis',(0.5,0.,0.866025403784439));
#10341=DIRECTION('ref_axis',(-0.866025403784438,0.,0.5));
#10342=DIRECTION('',(0.866025403784438,0.,-0.5));
#10343=DIRECTION('',(-0.866025403784438,0.,0.5));
#10344=DIRECTION('',(0.,-1.,0.));
#10345=DIRECTION('center_axis',(1.,0.,-7.51747932924135E-16));
#10346=DIRECTION('ref_axis',(7.51747932924135E-16,0.,1.));
#10347=DIRECTION('',(-7.51747932924135E-16,0.,-1.));
#10348=DIRECTION('',(7.51747932924135E-16,0.,1.));
#10349=DIRECTION('',(0.,-1.,0.));
#10350=DIRECTION('center_axis',(0.482299677954604,0.,-0.876006290299839));
#10351=DIRECTION('ref_axis',(0.876006290299838,0.,0.482299677954604));
#10352=DIRECTION('',(-0.876006290299838,0.,-0.482299677954604));
#10353=DIRECTION('',(0.876006290299838,0.,0.482299677954604));
#10354=DIRECTION('center_axis',(-0.500000000000002,0.,-0.866025403784437));
#10355=DIRECTION('ref_axis',(0.866025403784437,0.,-0.500000000000002));
#10356=DIRECTION('',(0.,1.,0.));
#10357=DIRECTION('',(-0.866025403784437,0.,0.500000000000002));
#10358=DIRECTION('',(0.,-1.,0.));
#10359=DIRECTION('',(0.866025403784437,0.,-0.500000000000002));
#10360=DIRECTION('center_axis',(-0.482299677954607,0.,0.876006290299837));
#10361=DIRECTION('ref_axis',(-0.876006290299837,0.,-0.482299677954607));
#10362=DIRECTION('',(0.,-1.,0.));
#10363=DIRECTION('',(-0.876006290299837,0.,-0.482299677954607));
#10364=DIRECTION('',(0.,-1.,0.));
#10365=DIRECTION('',(0.876006290299837,0.,0.482299677954607));
#10366=DIRECTION('center_axis',(0.5,0.,0.866025403784439));
#10367=DIRECTION('ref_axis',(-0.866025403784438,0.,0.5));
#10368=DIRECTION('',(0.866025403784438,0.,-0.5));
#10369=DIRECTION('',(-0.866025403784438,0.,0.5));
#10370=DIRECTION('',(0.,-1.,0.));
#10371=DIRECTION('center_axis',(1.,0.,-7.51747932924135E-16));
#10372=DIRECTION('ref_axis',(7.51747932924135E-16,0.,1.));
#10373=DIRECTION('',(-7.51747932924135E-16,0.,-1.));
#10374=DIRECTION('',(7.51747932924135E-16,0.,1.));
#10375=DIRECTION('',(0.,-1.,0.));
#10376=DIRECTION('center_axis',(0.482299677954604,0.,-0.876006290299839));
#10377=DIRECTION('ref_axis',(0.876006290299838,0.,0.482299677954604));
#10378=DIRECTION('',(-0.876006290299838,0.,-0.482299677954604));
#10379=DIRECTION('',(0.876006290299838,0.,0.482299677954604));
#10380=DIRECTION('center_axis',(0.5,0.,0.866025403784439));
#10381=DIRECTION('ref_axis',(-0.866025403784438,0.,0.5));
#10382=DIRECTION('',(0.,1.,0.));
#10383=DIRECTION('',(0.866025403784438,0.,-0.5));
#10384=DIRECTION('',(0.,-1.,0.));
#10385=DIRECTION('',(-0.866025403784438,0.,0.5));
#10386=DIRECTION('center_axis',(-0.500000000000002,0.,-0.866025403784437));
#10387=DIRECTION('ref_axis',(0.866025403784437,0.,-0.500000000000002));
#10388=DIRECTION('',(0.,-1.,0.));
#10389=DIRECTION('',(0.866025403784437,0.,-0.500000000000002));
#10390=DIRECTION('',(0.,-1.,0.));
#10391=DIRECTION('',(-0.866025403784437,0.,0.500000000000002));
#10392=DIRECTION('center_axis',(-1.,0.,7.68871209910448E-16));
#10393=DIRECTION('ref_axis',(-7.68871209910448E-16,0.,-1.));
#10394=DIRECTION('',(7.68871209910448E-16,0.,1.));
#10395=DIRECTION('',(-7.68871209910448E-16,0.,-1.));
#10396=DIRECTION('',(0.,-1.,0.));
#10397=DIRECTION('center_axis',(-0.482299677954607,0.,0.876006290299837));
#10398=DIRECTION('ref_axis',(-0.876006290299837,0.,-0.482299677954607));
#10399=DIRECTION('',(0.,1.,0.));
#10400=DIRECTION('',(0.876006290299837,0.,0.482299677954607));
#10401=DIRECTION('',(-0.876006290299837,0.,-0.482299677954607));
#10402=DIRECTION('center_axis',(-0.500000000000002,0.,-0.866025403784437));
#10403=DIRECTION('ref_axis',(0.866025403784437,0.,-0.500000000000002));
#10404=DIRECTION('',(-0.866025403784437,0.,0.500000000000002));
#10405=DIRECTION('',(0.,-1.,0.));
#10406=DIRECTION('',(0.866025403784437,0.,-0.500000000000002));
#10407=DIRECTION('',(0.,-1.,0.));
#10408=DIRECTION('center_axis',(-1.,0.,7.68871209910448E-16));
#10409=DIRECTION('ref_axis',(-7.68871209910448E-16,0.,-1.));
#10410=DIRECTION('',(7.68871209910448E-16,0.,1.));
#10411=DIRECTION('',(-7.68871209910448E-16,0.,-1.));
#10412=DIRECTION('',(0.,-1.,0.));
#10413=DIRECTION('center_axis',(-0.482299677954607,0.,0.876006290299837));
#10414=DIRECTION('ref_axis',(-0.876006290299837,0.,-0.482299677954607));
#10415=DIRECTION('',(0.876006290299837,0.,0.482299677954607));
#10416=DIRECTION('',(-0.876006290299837,0.,-0.482299677954607));
#10417=DIRECTION('',(0.,-1.,0.));
#10418=DIRECTION('center_axis',(0.5,0.,0.866025403784439));
#10419=DIRECTION('ref_axis',(-0.866025403784438,0.,0.5));
#10420=DIRECTION('',(0.866025403784438,0.,-0.5));
#10421=DIRECTION('',(-0.866025403784438,0.,0.5));
#10422=DIRECTION('',(0.,-1.,0.));
#10423=DIRECTION('center_axis',(1.,0.,-7.51747932924135E-16));
#10424=DIRECTION('ref_axis',(7.51747932924135E-16,0.,1.));
#10425=DIRECTION('',(-7.51747932924135E-16,0.,-1.));
#10426=DIRECTION('',(7.51747932924135E-16,0.,1.));
#10427=DIRECTION('',(0.,-1.,0.));
#10428=DIRECTION('center_axis',(0.482299677954604,0.,-0.876006290299839));
#10429=DIRECTION('ref_axis',(0.876006290299838,0.,0.482299677954604));
#10430=DIRECTION('',(-0.876006290299838,0.,-0.482299677954604));
#10431=DIRECTION('',(0.876006290299838,0.,0.482299677954604));
#10432=DIRECTION('center_axis',(-0.500000000000002,0.,-0.866025403784437));
#10433=DIRECTION('ref_axis',(0.866025403784437,0.,-0.500000000000002));
#10434=DIRECTION('',(-0.866025403784437,0.,0.500000000000002));
#10435=DIRECTION('',(0.,-1.,0.));
#10436=DIRECTION('',(0.866025403784437,0.,-0.500000000000002));
#10437=DIRECTION('',(0.,-1.,0.));
#10438=DIRECTION('center_axis',(-1.,0.,7.68871209910448E-16));
#10439=DIRECTION('ref_axis',(-7.68871209910448E-16,0.,-1.));
#10440=DIRECTION('',(7.68871209910448E-16,0.,1.));
#10441=DIRECTION('',(-7.68871209910448E-16,0.,-1.));
#10442=DIRECTION('',(0.,-1.,0.));
#10443=DIRECTION('center_axis',(-0.482299677954607,0.,0.876006290299837));
#10444=DIRECTION('ref_axis',(-0.876006290299837,0.,-0.482299677954607));
#10445=DIRECTION('',(0.876006290299837,0.,0.482299677954607));
#10446=DIRECTION('',(-0.876006290299837,0.,-0.482299677954607));
#10447=DIRECTION('',(0.,-1.,0.));
#10448=DIRECTION('center_axis',(0.5,0.,0.866025403784439));
#10449=DIRECTION('ref_axis',(-0.866025403784438,0.,0.5));
#10450=DIRECTION('',(0.866025403784438,0.,-0.5));
#10451=DIRECTION('',(-0.866025403784438,0.,0.5));
#10452=DIRECTION('',(0.,-1.,0.));
#10453=DIRECTION('center_axis',(1.,0.,-7.51747932924135E-16));
#10454=DIRECTION('ref_axis',(7.51747932924135E-16,0.,1.));
#10455=DIRECTION('',(-7.51747932924135E-16,0.,-1.));
#10456=DIRECTION('',(7.51747932924135E-16,0.,1.));
#10457=DIRECTION('',(0.,-1.,0.));
#10458=DIRECTION('center_axis',(0.482299677954604,0.,-0.876006290299839));
#10459=DIRECTION('ref_axis',(0.876006290299838,0.,0.482299677954604));
#10460=DIRECTION('',(-0.876006290299838,0.,-0.482299677954604));
#10461=DIRECTION('',(0.876006290299838,0.,0.482299677954604));
#10462=DIRECTION('center_axis',(-0.500000000000002,0.,-0.866025403784437));
#10463=DIRECTION('ref_axis',(0.866025403784437,0.,-0.500000000000002));
#10464=DIRECTION('',(-0.866025403784437,0.,0.500000000000002));
#10465=DIRECTION('',(0.,-1.,0.));
#10466=DIRECTION('',(0.866025403784437,0.,-0.500000000000002));
#10467=DIRECTION('',(0.,-1.,0.));
#10468=DIRECTION('center_axis',(-1.,0.,7.68871209910448E-16));
#10469=DIRECTION('ref_axis',(-7.68871209910448E-16,0.,-1.));
#10470=DIRECTION('',(7.68871209910448E-16,0.,1.));
#10471=DIRECTION('',(-7.68871209910448E-16,0.,-1.));
#10472=DIRECTION('',(0.,-1.,0.));
#10473=DIRECTION('center_axis',(-0.482299677954607,0.,0.876006290299837));
#10474=DIRECTION('ref_axis',(-0.876006290299837,0.,-0.482299677954607));
#10475=DIRECTION('',(0.876006290299837,0.,0.482299677954607));
#10476=DIRECTION('',(-0.876006290299837,0.,-0.482299677954607));
#10477=DIRECTION('',(0.,-1.,0.));
#10478=DIRECTION('center_axis',(0.5,0.,0.866025403784439));
#10479=DIRECTION('ref_axis',(-0.866025403784438,0.,0.5));
#10480=DIRECTION('',(0.866025403784438,0.,-0.5));
#10481=DIRECTION('',(-0.866025403784438,0.,0.5));
#10482=DIRECTION('',(0.,-1.,0.));
#10483=DIRECTION('center_axis',(1.,0.,-7.51747932924135E-16));
#10484=DIRECTION('ref_axis',(7.51747932924135E-16,0.,1.));
#10485=DIRECTION('',(-7.51747932924135E-16,0.,-1.));
#10486=DIRECTION('',(7.51747932924135E-16,0.,1.));
#10487=DIRECTION('',(0.,-1.,0.));
#10488=DIRECTION('center_axis',(0.482299677954604,0.,-0.876006290299839));
#10489=DIRECTION('ref_axis',(0.876006290299838,0.,0.482299677954604));
#10490=DIRECTION('',(-0.876006290299838,0.,-0.482299677954604));
#10491=DIRECTION('',(0.876006290299838,0.,0.482299677954604));
#10492=DIRECTION('center_axis',(-0.500000000000002,0.,-0.866025403784437));
#10493=DIRECTION('ref_axis',(0.866025403784437,0.,-0.500000000000002));
#10494=DIRECTION('',(0.,-1.,0.));
#10495=DIRECTION('',(0.866025403784437,0.,-0.500000000000002));
#10496=DIRECTION('',(0.,-1.,0.));
#10497=DIRECTION('',(-0.866025403784437,0.,0.500000000000002));
#10498=DIRECTION('center_axis',(-1.,0.,7.68871209910448E-16));
#10499=DIRECTION('ref_axis',(-7.68871209910448E-16,0.,-1.));
#10500=DIRECTION('',(7.68871209910448E-16,0.,1.));
#10501=DIRECTION('',(-7.68871209910448E-16,0.,-1.));
#10502=DIRECTION('',(0.,-1.,0.));
#10503=DIRECTION('center_axis',(-0.482299677954607,0.,0.876006290299837));
#10504=DIRECTION('ref_axis',(-0.876006290299837,0.,-0.482299677954607));
#10505=DIRECTION('',(0.876006290299837,0.,0.482299677954607));
#10506=DIRECTION('',(-0.876006290299837,0.,-0.482299677954607));
#10507=DIRECTION('',(0.,-1.,0.));
#10508=DIRECTION('center_axis',(0.5,0.,0.866025403784439));
#10509=DIRECTION('ref_axis',(-0.866025403784438,0.,0.5));
#10510=DIRECTION('',(0.866025403784438,0.,-0.5));
#10511=DIRECTION('',(-0.866025403784438,0.,0.5));
#10512=DIRECTION('',(0.,-1.,0.));
#10513=DIRECTION('center_axis',(1.,0.,-7.51747932924135E-16));
#10514=DIRECTION('ref_axis',(7.51747932924135E-16,0.,1.));
#10515=DIRECTION('',(-7.51747932924135E-16,0.,-1.));
#10516=DIRECTION('',(7.51747932924135E-16,0.,1.));
#10517=DIRECTION('',(0.,-1.,0.));
#10518=DIRECTION('center_axis',(0.482299677954604,0.,-0.876006290299839));
#10519=DIRECTION('ref_axis',(0.876006290299838,0.,0.482299677954604));
#10520=DIRECTION('',(0.,1.,0.));
#10521=DIRECTION('',(-0.876006290299838,0.,-0.482299677954604));
#10522=DIRECTION('',(0.876006290299838,0.,0.482299677954604));
#10523=DIRECTION('center_axis',(-0.500000000000002,0.,-0.866025403784437));
#10524=DIRECTION('ref_axis',(0.866025403784437,0.,-0.500000000000002));
#10525=DIRECTION('',(-0.866025403784437,0.,0.500000000000002));
#10526=DIRECTION('',(0.,-1.,0.));
#10527=DIRECTION('',(0.866025403784437,0.,-0.500000000000002));
#10528=DIRECTION('',(0.,-1.,0.));
#10529=DIRECTION('center_axis',(-1.,0.,7.68871209910448E-16));
#10530=DIRECTION('ref_axis',(-7.68871209910448E-16,0.,-1.));
#10531=DIRECTION('',(7.68871209910448E-16,0.,1.));
#10532=DIRECTION('',(-7.68871209910448E-16,0.,-1.));
#10533=DIRECTION('',(0.,-1.,0.));
#10534=DIRECTION('center_axis',(-0.482299677954607,0.,0.876006290299837));
#10535=DIRECTION('ref_axis',(-0.876006290299837,0.,-0.482299677954607));
#10536=DIRECTION('',(0.876006290299837,0.,0.482299677954607));
#10537=DIRECTION('',(-0.876006290299837,0.,-0.482299677954607));
#10538=DIRECTION('',(0.,-1.,0.));
#10539=DIRECTION('center_axis',(0.5,0.,0.866025403784439));
#10540=DIRECTION('ref_axis',(-0.866025403784438,0.,0.5));
#10541=DIRECTION('',(0.,1.,0.));
#10542=DIRECTION('',(0.866025403784438,0.,-0.5));
#10543=DIRECTION('',(-0.866025403784438,0.,0.5));
#10544=DIRECTION('center_axis',(0.482299677954604,0.,-0.876006290299839));
#10545=DIRECTION('ref_axis',(0.876006290299838,0.,0.482299677954604));
#10546=DIRECTION('',(0.,-1.,0.));
#10547=DIRECTION('',(0.876006290299838,0.,0.482299677954604));
#10548=DIRECTION('',(-0.876006290299838,0.,-0.482299677954604));
#10549=DIRECTION('center_axis',(-0.500000000000002,0.,-0.866025403784437));
#10550=DIRECTION('ref_axis',(0.866025403784437,0.,-0.500000000000002));
#10551=DIRECTION('',(-0.866025403784437,0.,0.500000000000002));
#10552=DIRECTION('',(0.,-1.,0.));
#10553=DIRECTION('',(0.866025403784437,0.,-0.500000000000002));
#10554=DIRECTION('',(0.,-1.,0.));
#10555=DIRECTION('center_axis',(-1.,0.,7.68871209910448E-16));
#10556=DIRECTION('ref_axis',(-7.68871209910448E-16,0.,-1.));
#10557=DIRECTION('',(7.68871209910448E-16,0.,1.));
#10558=DIRECTION('',(-7.68871209910448E-16,0.,-1.));
#10559=DIRECTION('',(0.,-1.,0.));
#10560=DIRECTION('center_axis',(-0.482299677954607,0.,0.876006290299837));
#10561=DIRECTION('ref_axis',(-0.876006290299837,0.,-0.482299677954607));
#10562=DIRECTION('',(0.876006290299837,0.,0.482299677954607));
#10563=DIRECTION('',(-0.876006290299837,0.,-0.482299677954607));
#10564=DIRECTION('',(0.,-1.,0.));
#10565=DIRECTION('center_axis',(0.5,0.,0.866025403784439));
#10566=DIRECTION('ref_axis',(-0.866025403784438,0.,0.5));
#10567=DIRECTION('',(0.866025403784438,0.,-0.5));
#10568=DIRECTION('',(-0.866025403784438,0.,0.5));
#10569=DIRECTION('',(0.,-1.,0.));
#10570=DIRECTION('center_axis',(1.,0.,-7.51747932924135E-16));
#10571=DIRECTION('ref_axis',(7.51747932924135E-16,0.,1.));
#10572=DIRECTION('',(-7.51747932924135E-16,0.,-1.));
#10573=DIRECTION('',(7.51747932924135E-16,0.,1.));
#10574=DIRECTION('',(0.,-1.,0.));
#10575=DIRECTION('center_axis',(0.482299677954604,0.,-0.876006290299839));
#10576=DIRECTION('ref_axis',(0.876006290299838,0.,0.482299677954604));
#10577=DIRECTION('',(-0.876006290299838,0.,-0.482299677954604));
#10578=DIRECTION('',(0.876006290299838,0.,0.482299677954604));
#10579=DIRECTION('center_axis',(-0.500000000000002,0.,-0.866025403784437));
#10580=DIRECTION('ref_axis',(0.866025403784437,0.,-0.500000000000002));
#10581=DIRECTION('',(-0.866025403784437,0.,0.500000000000002));
#10582=DIRECTION('',(0.,-1.,0.));
#10583=DIRECTION('',(0.866025403784437,0.,-0.500000000000002));
#10584=DIRECTION('',(0.,-1.,0.));
#10585=DIRECTION('center_axis',(-1.,0.,7.68871209910448E-16));
#10586=DIRECTION('ref_axis',(-7.68871209910448E-16,0.,-1.));
#10587=DIRECTION('',(7.68871209910448E-16,0.,1.));
#10588=DIRECTION('',(-7.68871209910448E-16,0.,-1.));
#10589=DIRECTION('',(0.,-1.,0.));
#10590=DIRECTION('center_axis',(-0.482299677954607,0.,0.876006290299837));
#10591=DIRECTION('ref_axis',(-0.876006290299837,0.,-0.482299677954607));
#10592=DIRECTION('',(0.876006290299837,0.,0.482299677954607));
#10593=DIRECTION('',(-0.876006290299837,0.,-0.482299677954607));
#10594=DIRECTION('',(0.,-1.,0.));
#10595=DIRECTION('center_axis',(0.5,0.,0.866025403784439));
#10596=DIRECTION('ref_axis',(-0.866025403784438,0.,0.5));
#10597=DIRECTION('',(0.866025403784438,0.,-0.5));
#10598=DIRECTION('',(-0.866025403784438,0.,0.5));
#10599=DIRECTION('',(0.,-1.,0.));
#10600=DIRECTION('center_axis',(1.,0.,-7.51747932924135E-16));
#10601=DIRECTION('ref_axis',(7.51747932924135E-16,0.,1.));
#10602=DIRECTION('',(-7.51747932924135E-16,0.,-1.));
#10603=DIRECTION('',(7.51747932924135E-16,0.,1.));
#10604=DIRECTION('',(0.,-1.,0.));
#10605=DIRECTION('center_axis',(0.482299677954604,0.,-0.876006290299839));
#10606=DIRECTION('ref_axis',(0.876006290299838,0.,0.482299677954604));
#10607=DIRECTION('',(-0.876006290299838,0.,-0.482299677954604));
#10608=DIRECTION('',(0.876006290299838,0.,0.482299677954604));
#10609=DIRECTION('center_axis',(-0.500000000000002,0.,-0.866025403784437));
#10610=DIRECTION('ref_axis',(0.866025403784437,0.,-0.500000000000002));
#10611=DIRECTION('',(-0.866025403784437,0.,0.500000000000002));
#10612=DIRECTION('',(0.,-1.,0.));
#10613=DIRECTION('',(0.866025403784437,0.,-0.500000000000002));
#10614=DIRECTION('',(0.,-1.,0.));
#10615=DIRECTION('center_axis',(-1.,0.,7.68871209910448E-16));
#10616=DIRECTION('ref_axis',(-7.68871209910448E-16,0.,-1.));
#10617=DIRECTION('',(7.68871209910448E-16,0.,1.));
#10618=DIRECTION('',(-7.68871209910448E-16,0.,-1.));
#10619=DIRECTION('',(0.,-1.,0.));
#10620=DIRECTION('center_axis',(-0.482299677954607,0.,0.876006290299837));
#10621=DIRECTION('ref_axis',(-0.876006290299837,0.,-0.482299677954607));
#10622=DIRECTION('',(0.876006290299837,0.,0.482299677954607));
#10623=DIRECTION('',(-0.876006290299837,0.,-0.482299677954607));
#10624=DIRECTION('',(0.,-1.,0.));
#10625=DIRECTION('center_axis',(0.5,0.,0.866025403784439));
#10626=DIRECTION('ref_axis',(-0.866025403784438,0.,0.5));
#10627=DIRECTION('',(0.866025403784438,0.,-0.5));
#10628=DIRECTION('',(-0.866025403784438,0.,0.5));
#10629=DIRECTION('',(0.,-1.,0.));
#10630=DIRECTION('center_axis',(1.,0.,-7.51747932924135E-16));
#10631=DIRECTION('ref_axis',(7.51747932924135E-16,0.,1.));
#10632=DIRECTION('',(-7.51747932924135E-16,0.,-1.));
#10633=DIRECTION('',(7.51747932924135E-16,0.,1.));
#10634=DIRECTION('',(0.,-1.,0.));
#10635=DIRECTION('center_axis',(0.482299677954604,0.,-0.876006290299839));
#10636=DIRECTION('ref_axis',(0.876006290299838,0.,0.482299677954604));
#10637=DIRECTION('',(-0.876006290299838,0.,-0.482299677954604));
#10638=DIRECTION('',(0.876006290299838,0.,0.482299677954604));
#10639=DIRECTION('center_axis',(0.5,0.,0.866025403784439));
#10640=DIRECTION('ref_axis',(-0.866025403784438,0.,0.5));
#10641=DIRECTION('',(0.,-1.,0.));
#10642=DIRECTION('',(-0.866025403784438,0.,0.5));
#10643=DIRECTION('',(0.,-1.,0.));
#10644=DIRECTION('',(0.866025403784438,0.,-0.5));
#10645=DIRECTION('center_axis',(1.,0.,-7.51747932924135E-16));
#10646=DIRECTION('ref_axis',(7.51747932924135E-16,0.,1.));
#10647=DIRECTION('',(-7.51747932924135E-16,0.,-1.));
#10648=DIRECTION('',(7.51747932924135E-16,0.,1.));
#10649=DIRECTION('',(0.,-1.,0.));
#10650=DIRECTION('center_axis',(0.482299677954604,0.,-0.876006290299839));
#10651=DIRECTION('ref_axis',(0.876006290299838,0.,0.482299677954604));
#10652=DIRECTION('',(0.,1.,0.));
#10653=DIRECTION('',(-0.876006290299838,0.,-0.482299677954604));
#10654=DIRECTION('',(0.876006290299838,0.,0.482299677954604));
#10655=DIRECTION('center_axis',(-0.500000000000002,0.,-0.866025403784437));
#10656=DIRECTION('ref_axis',(0.866025403784437,0.,-0.500000000000002));
#10657=DIRECTION('',(0.,-1.,0.));
#10658=DIRECTION('',(0.866025403784437,0.,-0.500000000000002));
#10659=DIRECTION('',(0.,-1.,0.));
#10660=DIRECTION('',(-0.866025403784437,0.,0.500000000000002));
#10661=DIRECTION('center_axis',(-1.,0.,7.68871209910448E-16));
#10662=DIRECTION('ref_axis',(-7.68871209910448E-16,0.,-1.));
#10663=DIRECTION('',(7.68871209910448E-16,0.,1.));
#10664=DIRECTION('',(-7.68871209910448E-16,0.,-1.));
#10665=DIRECTION('',(0.,-1.,0.));
#10666=DIRECTION('center_axis',(-0.482299677954607,0.,0.876006290299837));
#10667=DIRECTION('ref_axis',(-0.876006290299837,0.,-0.482299677954607));
#10668=DIRECTION('',(0.,1.,0.));
#10669=DIRECTION('',(0.876006290299837,0.,0.482299677954607));
#10670=DIRECTION('',(-0.876006290299837,0.,-0.482299677954607));
#10671=DIRECTION('center_axis',(-0.500000000000002,0.,-0.866025403784437));
#10672=DIRECTION('ref_axis',(0.866025403784437,0.,-0.500000000000002));
#10673=DIRECTION('',(-0.866025403784437,0.,0.500000000000002));
#10674=DIRECTION('',(0.,-1.,0.));
#10675=DIRECTION('',(0.866025403784437,0.,-0.500000000000002));
#10676=DIRECTION('',(0.,-1.,0.));
#10677=DIRECTION('center_axis',(-1.,0.,7.68871209910448E-16));
#10678=DIRECTION('ref_axis',(-7.68871209910448E-16,0.,-1.));
#10679=DIRECTION('',(7.68871209910448E-16,0.,1.));
#10680=DIRECTION('',(-7.68871209910448E-16,0.,-1.));
#10681=DIRECTION('',(0.,-1.,0.));
#10682=DIRECTION('center_axis',(-0.482299677954607,0.,0.876006290299837));
#10683=DIRECTION('ref_axis',(-0.876006290299837,0.,-0.482299677954607));
#10684=DIRECTION('',(0.876006290299837,0.,0.482299677954607));
#10685=DIRECTION('',(-0.876006290299837,0.,-0.482299677954607));
#10686=DIRECTION('',(0.,-1.,0.));
#10687=DIRECTION('center_axis',(0.5,0.,0.866025403784439));
#10688=DIRECTION('ref_axis',(-0.866025403784438,0.,0.5));
#10689=DIRECTION('',(0.866025403784438,0.,-0.5));
#10690=DIRECTION('',(-0.866025403784438,0.,0.5));
#10691=DIRECTION('',(0.,-1.,0.));
#10692=DIRECTION('center_axis',(1.,0.,-7.51747932924135E-16));
#10693=DIRECTION('ref_axis',(7.51747932924135E-16,0.,1.));
#10694=DIRECTION('',(-7.51747932924135E-16,0.,-1.));
#10695=DIRECTION('',(7.51747932924135E-16,0.,1.));
#10696=DIRECTION('',(0.,-1.,0.));
#10697=DIRECTION('center_axis',(0.482299677954604,0.,-0.876006290299839));
#10698=DIRECTION('ref_axis',(0.876006290299838,0.,0.482299677954604));
#10699=DIRECTION('',(-0.876006290299838,0.,-0.482299677954604));
#10700=DIRECTION('',(0.876006290299838,0.,0.482299677954604));
#10701=DIRECTION('center_axis',(-0.500000000000002,0.,-0.866025403784437));
#10702=DIRECTION('ref_axis',(0.866025403784437,0.,-0.500000000000002));
#10703=DIRECTION('',(-0.866025403784437,0.,0.500000000000002));
#10704=DIRECTION('',(0.,-1.,0.));
#10705=DIRECTION('',(0.866025403784437,0.,-0.500000000000002));
#10706=DIRECTION('',(0.,-1.,0.));
#10707=DIRECTION('center_axis',(-1.,0.,7.68871209910448E-16));
#10708=DIRECTION('ref_axis',(-7.68871209910448E-16,0.,-1.));
#10709=DIRECTION('',(7.68871209910448E-16,0.,1.));
#10710=DIRECTION('',(-7.68871209910448E-16,0.,-1.));
#10711=DIRECTION('',(0.,-1.,0.));
#10712=DIRECTION('center_axis',(-0.482299677954607,0.,0.876006290299837));
#10713=DIRECTION('ref_axis',(-0.876006290299837,0.,-0.482299677954607));
#10714=DIRECTION('',(0.876006290299837,0.,0.482299677954607));
#10715=DIRECTION('',(-0.876006290299837,0.,-0.482299677954607));
#10716=DIRECTION('',(0.,-1.,0.));
#10717=DIRECTION('center_axis',(0.5,0.,0.866025403784439));
#10718=DIRECTION('ref_axis',(-0.866025403784438,0.,0.5));
#10719=DIRECTION('',(0.866025403784438,0.,-0.5));
#10720=DIRECTION('',(-0.866025403784438,0.,0.5));
#10721=DIRECTION('',(0.,-1.,0.));
#10722=DIRECTION('center_axis',(1.,0.,-7.51747932924135E-16));
#10723=DIRECTION('ref_axis',(7.51747932924135E-16,0.,1.));
#10724=DIRECTION('',(-7.51747932924135E-16,0.,-1.));
#10725=DIRECTION('',(7.51747932924135E-16,0.,1.));
#10726=DIRECTION('',(0.,-1.,0.));
#10727=DIRECTION('center_axis',(0.482299677954604,0.,-0.876006290299839));
#10728=DIRECTION('ref_axis',(0.876006290299838,0.,0.482299677954604));
#10729=DIRECTION('',(-0.876006290299838,0.,-0.482299677954604));
#10730=DIRECTION('',(0.876006290299838,0.,0.482299677954604));
#10731=DIRECTION('center_axis',(-0.500000000000002,0.,-0.866025403784437));
#10732=DIRECTION('ref_axis',(0.866025403784437,0.,-0.500000000000002));
#10733=DIRECTION('',(-0.866025403784437,0.,0.500000000000002));
#10734=DIRECTION('',(0.,-1.,0.));
#10735=DIRECTION('',(0.866025403784437,0.,-0.500000000000002));
#10736=DIRECTION('',(0.,-1.,0.));
#10737=DIRECTION('center_axis',(-1.,0.,7.68871209910448E-16));
#10738=DIRECTION('ref_axis',(-7.68871209910448E-16,0.,-1.));
#10739=DIRECTION('',(7.68871209910448E-16,0.,1.));
#10740=DIRECTION('',(-7.68871209910448E-16,0.,-1.));
#10741=DIRECTION('',(0.,-1.,0.));
#10742=DIRECTION('center_axis',(-0.482299677954607,0.,0.876006290299837));
#10743=DIRECTION('ref_axis',(-0.876006290299837,0.,-0.482299677954607));
#10744=DIRECTION('',(0.876006290299837,0.,0.482299677954607));
#10745=DIRECTION('',(-0.876006290299837,0.,-0.482299677954607));
#10746=DIRECTION('',(0.,-1.,0.));
#10747=DIRECTION('center_axis',(0.5,0.,0.866025403784439));
#10748=DIRECTION('ref_axis',(-0.866025403784438,0.,0.5));
#10749=DIRECTION('',(0.866025403784438,0.,-0.5));
#10750=DIRECTION('',(-0.866025403784438,0.,0.5));
#10751=DIRECTION('',(0.,-1.,0.));
#10752=DIRECTION('center_axis',(1.,0.,-7.51747932924135E-16));
#10753=DIRECTION('ref_axis',(7.51747932924135E-16,0.,1.));
#10754=DIRECTION('',(-7.51747932924135E-16,0.,-1.));
#10755=DIRECTION('',(7.51747932924135E-16,0.,1.));
#10756=DIRECTION('',(0.,-1.,0.));
#10757=DIRECTION('center_axis',(0.482299677954604,0.,-0.876006290299839));
#10758=DIRECTION('ref_axis',(0.876006290299838,0.,0.482299677954604));
#10759=DIRECTION('',(-0.876006290299838,0.,-0.482299677954604));
#10760=DIRECTION('',(0.876006290299838,0.,0.482299677954604));
#10761=DIRECTION('center_axis',(-0.500000000000002,0.,-0.866025403784437));
#10762=DIRECTION('ref_axis',(0.866025403784437,0.,-0.500000000000002));
#10763=DIRECTION('',(-0.866025403784437,0.,0.500000000000002));
#10764=DIRECTION('',(0.,-1.,0.));
#10765=DIRECTION('',(0.866025403784437,0.,-0.500000000000002));
#10766=DIRECTION('',(0.,-1.,0.));
#10767=DIRECTION('center_axis',(-1.,0.,7.68871209910448E-16));
#10768=DIRECTION('ref_axis',(-7.68871209910448E-16,0.,-1.));
#10769=DIRECTION('',(7.68871209910448E-16,0.,1.));
#10770=DIRECTION('',(-7.68871209910448E-16,0.,-1.));
#10771=DIRECTION('',(0.,-1.,0.));
#10772=DIRECTION('center_axis',(-0.482299677954607,0.,0.876006290299837));
#10773=DIRECTION('ref_axis',(-0.876006290299837,0.,-0.482299677954607));
#10774=DIRECTION('',(0.876006290299837,0.,0.482299677954607));
#10775=DIRECTION('',(-0.876006290299837,0.,-0.482299677954607));
#10776=DIRECTION('',(0.,-1.,0.));
#10777=DIRECTION('center_axis',(0.5,0.,0.866025403784439));
#10778=DIRECTION('ref_axis',(-0.866025403784438,0.,0.5));
#10779=DIRECTION('',(0.866025403784438,0.,-0.5));
#10780=DIRECTION('',(-0.866025403784438,0.,0.5));
#10781=DIRECTION('',(0.,-1.,0.));
#10782=DIRECTION('center_axis',(1.,0.,-7.51747932924135E-16));
#10783=DIRECTION('ref_axis',(7.51747932924135E-16,0.,1.));
#10784=DIRECTION('',(-7.51747932924135E-16,0.,-1.));
#10785=DIRECTION('',(7.51747932924135E-16,0.,1.));
#10786=DIRECTION('',(0.,-1.,0.));
#10787=DIRECTION('center_axis',(0.482299677954604,0.,-0.876006290299839));
#10788=DIRECTION('ref_axis',(0.876006290299838,0.,0.482299677954604));
#10789=DIRECTION('',(-0.876006290299838,0.,-0.482299677954604));
#10790=DIRECTION('',(0.876006290299838,0.,0.482299677954604));
#10791=DIRECTION('center_axis',(-0.500000000000002,0.,-0.866025403784437));
#10792=DIRECTION('ref_axis',(0.866025403784437,0.,-0.500000000000002));
#10793=DIRECTION('',(-0.866025403784437,0.,0.500000000000002));
#10794=DIRECTION('',(0.,-1.,0.));
#10795=DIRECTION('',(0.866025403784437,0.,-0.500000000000002));
#10796=DIRECTION('',(0.,-1.,0.));
#10797=DIRECTION('center_axis',(-1.,0.,7.68871209910448E-16));
#10798=DIRECTION('ref_axis',(-7.68871209910448E-16,0.,-1.));
#10799=DIRECTION('',(7.68871209910448E-16,0.,1.));
#10800=DIRECTION('',(-7.68871209910448E-16,0.,-1.));
#10801=DIRECTION('',(0.,-1.,0.));
#10802=DIRECTION('center_axis',(-0.482299677954607,0.,0.876006290299837));
#10803=DIRECTION('ref_axis',(-0.876006290299837,0.,-0.482299677954607));
#10804=DIRECTION('',(0.876006290299837,0.,0.482299677954607));
#10805=DIRECTION('',(-0.876006290299837,0.,-0.482299677954607));
#10806=DIRECTION('',(0.,-1.,0.));
#10807=DIRECTION('center_axis',(0.5,0.,0.866025403784439));
#10808=DIRECTION('ref_axis',(-0.866025403784438,0.,0.5));
#10809=DIRECTION('',(0.,1.,0.));
#10810=DIRECTION('',(0.866025403784438,0.,-0.5));
#10811=DIRECTION('',(-0.866025403784438,0.,0.5));
#10812=DIRECTION('center_axis',(0.482299677954604,0.,-0.876006290299839));
#10813=DIRECTION('ref_axis',(0.876006290299838,0.,0.482299677954604));
#10814=DIRECTION('',(0.,-1.,0.));
#10815=DIRECTION('',(0.876006290299838,0.,0.482299677954604));
#10816=DIRECTION('',(-0.876006290299838,0.,-0.482299677954604));
#10817=DIRECTION('center_axis',(-0.500000000000002,0.,-0.866025403784437));
#10818=DIRECTION('ref_axis',(0.866025403784437,0.,-0.500000000000002));
#10819=DIRECTION('',(-0.866025403784437,0.,0.500000000000002));
#10820=DIRECTION('',(0.,-1.,0.));
#10821=DIRECTION('',(0.866025403784437,0.,-0.500000000000002));
#10822=DIRECTION('',(0.,-1.,0.));
#10823=DIRECTION('center_axis',(-1.,0.,7.68871209910448E-16));
#10824=DIRECTION('ref_axis',(-7.68871209910448E-16,0.,-1.));
#10825=DIRECTION('',(7.68871209910448E-16,0.,1.));
#10826=DIRECTION('',(-7.68871209910448E-16,0.,-1.));
#10827=DIRECTION('',(0.,-1.,0.));
#10828=DIRECTION('center_axis',(-0.482299677954607,0.,0.876006290299837));
#10829=DIRECTION('ref_axis',(-0.876006290299837,0.,-0.482299677954607));
#10830=DIRECTION('',(0.876006290299837,0.,0.482299677954607));
#10831=DIRECTION('',(-0.876006290299837,0.,-0.482299677954607));
#10832=DIRECTION('',(0.,-1.,0.));
#10833=DIRECTION('center_axis',(0.5,0.,0.866025403784439));
#10834=DIRECTION('ref_axis',(-0.866025403784438,0.,0.5));
#10835=DIRECTION('',(0.866025403784438,0.,-0.5));
#10836=DIRECTION('',(-0.866025403784438,0.,0.5));
#10837=DIRECTION('',(0.,-1.,0.));
#10838=DIRECTION('center_axis',(1.,0.,-7.51747932924135E-16));
#10839=DIRECTION('ref_axis',(7.51747932924135E-16,0.,1.));
#10840=DIRECTION('',(-7.51747932924135E-16,0.,-1.));
#10841=DIRECTION('',(7.51747932924135E-16,0.,1.));
#10842=DIRECTION('',(0.,-1.,0.));
#10843=DIRECTION('center_axis',(0.482299677954604,0.,-0.876006290299839));
#10844=DIRECTION('ref_axis',(0.876006290299838,0.,0.482299677954604));
#10845=DIRECTION('',(-0.876006290299838,0.,-0.482299677954604));
#10846=DIRECTION('',(0.876006290299838,0.,0.482299677954604));
#10847=DIRECTION('center_axis',(-0.500000000000002,0.,-0.866025403784437));
#10848=DIRECTION('ref_axis',(0.866025403784437,0.,-0.500000000000002));
#10849=DIRECTION('',(-0.866025403784437,0.,0.500000000000002));
#10850=DIRECTION('',(0.,-1.,0.));
#10851=DIRECTION('',(0.866025403784437,0.,-0.500000000000002));
#10852=DIRECTION('',(0.,-1.,0.));
#10853=DIRECTION('center_axis',(-1.,0.,7.68871209910448E-16));
#10854=DIRECTION('ref_axis',(-7.68871209910448E-16,0.,-1.));
#10855=DIRECTION('',(7.68871209910448E-16,0.,1.));
#10856=DIRECTION('',(-7.68871209910448E-16,0.,-1.));
#10857=DIRECTION('',(0.,-1.,0.));
#10858=DIRECTION('center_axis',(-0.482299677954607,0.,0.876006290299837));
#10859=DIRECTION('ref_axis',(-0.876006290299837,0.,-0.482299677954607));
#10860=DIRECTION('',(0.876006290299837,0.,0.482299677954607));
#10861=DIRECTION('',(-0.876006290299837,0.,-0.482299677954607));
#10862=DIRECTION('',(0.,-1.,0.));
#10863=DIRECTION('center_axis',(0.5,0.,0.866025403784439));
#10864=DIRECTION('ref_axis',(-0.866025403784438,0.,0.5));
#10865=DIRECTION('',(0.866025403784438,0.,-0.5));
#10866=DIRECTION('',(-0.866025403784438,0.,0.5));
#10867=DIRECTION('',(0.,-1.,0.));
#10868=DIRECTION('center_axis',(1.,0.,-7.51747932924135E-16));
#10869=DIRECTION('ref_axis',(7.51747932924135E-16,0.,1.));
#10870=DIRECTION('',(-7.51747932924135E-16,0.,-1.));
#10871=DIRECTION('',(7.51747932924135E-16,0.,1.));
#10872=DIRECTION('',(0.,-1.,0.));
#10873=DIRECTION('center_axis',(0.482299677954604,0.,-0.876006290299839));
#10874=DIRECTION('ref_axis',(0.876006290299838,0.,0.482299677954604));
#10875=DIRECTION('',(-0.876006290299838,0.,-0.482299677954604));
#10876=DIRECTION('',(0.876006290299838,0.,0.482299677954604));
#10877=DIRECTION('center_axis',(-0.500000000000002,0.,-0.866025403784437));
#10878=DIRECTION('ref_axis',(0.866025403784437,0.,-0.500000000000002));
#10879=DIRECTION('',(-0.866025403784437,0.,0.500000000000002));
#10880=DIRECTION('',(0.,-1.,0.));
#10881=DIRECTION('',(0.866025403784437,0.,-0.500000000000002));
#10882=DIRECTION('',(0.,-1.,0.));
#10883=DIRECTION('center_axis',(-1.,0.,7.68871209910448E-16));
#10884=DIRECTION('ref_axis',(-7.68871209910448E-16,0.,-1.));
#10885=DIRECTION('',(7.68871209910448E-16,0.,1.));
#10886=DIRECTION('',(-7.68871209910448E-16,0.,-1.));
#10887=DIRECTION('',(0.,-1.,0.));
#10888=DIRECTION('center_axis',(-0.482299677954607,0.,0.876006290299837));
#10889=DIRECTION('ref_axis',(-0.876006290299837,0.,-0.482299677954607));
#10890=DIRECTION('',(0.876006290299837,0.,0.482299677954607));
#10891=DIRECTION('',(-0.876006290299837,0.,-0.482299677954607));
#10892=DIRECTION('',(0.,-1.,0.));
#10893=DIRECTION('center_axis',(0.5,0.,0.866025403784439));
#10894=DIRECTION('ref_axis',(-0.866025403784438,0.,0.5));
#10895=DIRECTION('',(0.866025403784438,0.,-0.5));
#10896=DIRECTION('',(-0.866025403784438,0.,0.5));
#10897=DIRECTION('',(0.,-1.,0.));
#10898=DIRECTION('center_axis',(1.,0.,-7.51747932924135E-16));
#10899=DIRECTION('ref_axis',(7.51747932924135E-16,0.,1.));
#10900=DIRECTION('',(-7.51747932924135E-16,0.,-1.));
#10901=DIRECTION('',(7.51747932924135E-16,0.,1.));
#10902=DIRECTION('',(0.,-1.,0.));
#10903=DIRECTION('center_axis',(0.482299677954604,0.,-0.876006290299839));
#10904=DIRECTION('ref_axis',(0.876006290299838,0.,0.482299677954604));
#10905=DIRECTION('',(-0.876006290299838,0.,-0.482299677954604));
#10906=DIRECTION('',(0.876006290299838,0.,0.482299677954604));
#10907=DIRECTION('center_axis',(0.5,0.,0.866025403784439));
#10908=DIRECTION('ref_axis',(-0.866025403784438,0.,0.5));
#10909=DIRECTION('',(0.,-1.,0.));
#10910=DIRECTION('',(-0.866025403784438,0.,0.5));
#10911=DIRECTION('',(0.,-1.,0.));
#10912=DIRECTION('',(0.866025403784438,0.,-0.5));
#10913=DIRECTION('center_axis',(1.,0.,-7.51747932924135E-16));
#10914=DIRECTION('ref_axis',(7.51747932924135E-16,0.,1.));
#10915=DIRECTION('',(-7.51747932924135E-16,0.,-1.));
#10916=DIRECTION('',(7.51747932924135E-16,0.,1.));
#10917=DIRECTION('',(0.,-1.,0.));
#10918=DIRECTION('center_axis',(0.482299677954604,0.,-0.876006290299839));
#10919=DIRECTION('ref_axis',(0.876006290299838,0.,0.482299677954604));
#10920=DIRECTION('',(0.,1.,0.));
#10921=DIRECTION('',(-0.876006290299838,0.,-0.482299677954604));
#10922=DIRECTION('',(0.876006290299838,0.,0.482299677954604));
#10923=DIRECTION('center_axis',(-0.500000000000002,0.,-0.866025403784437));
#10924=DIRECTION('ref_axis',(0.866025403784437,0.,-0.500000000000002));
#10925=DIRECTION('',(0.,-1.,0.));
#10926=DIRECTION('',(0.866025403784437,0.,-0.500000000000002));
#10927=DIRECTION('',(0.,-1.,0.));
#10928=DIRECTION('',(-0.866025403784437,0.,0.500000000000002));
#10929=DIRECTION('center_axis',(-1.,0.,7.68871209910448E-16));
#10930=DIRECTION('ref_axis',(-7.68871209910448E-16,0.,-1.));
#10931=DIRECTION('',(7.68871209910448E-16,0.,1.));
#10932=DIRECTION('',(-7.68871209910448E-16,0.,-1.));
#10933=DIRECTION('',(0.,-1.,0.));
#10934=DIRECTION('center_axis',(-0.482299677954607,0.,0.876006290299837));
#10935=DIRECTION('ref_axis',(-0.876006290299837,0.,-0.482299677954607));
#10936=DIRECTION('',(0.,1.,0.));
#10937=DIRECTION('',(0.876006290299837,0.,0.482299677954607));
#10938=DIRECTION('',(-0.876006290299837,0.,-0.482299677954607));
#10939=DIRECTION('center_axis',(-0.500000000000002,0.,-0.866025403784437));
#10940=DIRECTION('ref_axis',(0.866025403784437,0.,-0.500000000000002));
#10941=DIRECTION('',(-0.866025403784437,0.,0.500000000000002));
#10942=DIRECTION('',(0.,-1.,0.));
#10943=DIRECTION('',(0.866025403784437,0.,-0.500000000000002));
#10944=DIRECTION('',(0.,-1.,0.));
#10945=DIRECTION('center_axis',(-1.,0.,7.68871209910448E-16));
#10946=DIRECTION('ref_axis',(-7.68871209910448E-16,0.,-1.));
#10947=DIRECTION('',(7.68871209910448E-16,0.,1.));
#10948=DIRECTION('',(-7.68871209910448E-16,0.,-1.));
#10949=DIRECTION('',(0.,-1.,0.));
#10950=DIRECTION('center_axis',(-0.482299677954607,0.,0.876006290299837));
#10951=DIRECTION('ref_axis',(-0.876006290299837,0.,-0.482299677954607));
#10952=DIRECTION('',(0.876006290299837,0.,0.482299677954607));
#10953=DIRECTION('',(-0.876006290299837,0.,-0.482299677954607));
#10954=DIRECTION('',(0.,-1.,0.));
#10955=DIRECTION('center_axis',(0.5,0.,0.866025403784439));
#10956=DIRECTION('ref_axis',(-0.866025403784438,0.,0.5));
#10957=DIRECTION('',(0.866025403784438,0.,-0.5));
#10958=DIRECTION('',(-0.866025403784438,0.,0.5));
#10959=DIRECTION('',(0.,-1.,0.));
#10960=DIRECTION('center_axis',(1.,0.,-7.51747932924135E-16));
#10961=DIRECTION('ref_axis',(7.51747932924135E-16,0.,1.));
#10962=DIRECTION('',(-7.51747932924135E-16,0.,-1.));
#10963=DIRECTION('',(7.51747932924135E-16,0.,1.));
#10964=DIRECTION('',(0.,-1.,0.));
#10965=DIRECTION('center_axis',(0.482299677954604,0.,-0.876006290299839));
#10966=DIRECTION('ref_axis',(0.876006290299838,0.,0.482299677954604));
#10967=DIRECTION('',(-0.876006290299838,0.,-0.482299677954604));
#10968=DIRECTION('',(0.876006290299838,0.,0.482299677954604));
#10969=DIRECTION('center_axis',(-0.500000000000002,0.,-0.866025403784437));
#10970=DIRECTION('ref_axis',(0.866025403784437,0.,-0.500000000000002));
#10971=DIRECTION('',(-0.866025403784437,0.,0.500000000000002));
#10972=DIRECTION('',(0.,-1.,0.));
#10973=DIRECTION('',(0.866025403784437,0.,-0.500000000000002));
#10974=DIRECTION('',(0.,-1.,0.));
#10975=DIRECTION('center_axis',(-1.,0.,7.68871209910448E-16));
#10976=DIRECTION('ref_axis',(-7.68871209910448E-16,0.,-1.));
#10977=DIRECTION('',(7.68871209910448E-16,0.,1.));
#10978=DIRECTION('',(-7.68871209910448E-16,0.,-1.));
#10979=DIRECTION('',(0.,-1.,0.));
#10980=DIRECTION('center_axis',(-0.482299677954607,0.,0.876006290299837));
#10981=DIRECTION('ref_axis',(-0.876006290299837,0.,-0.482299677954607));
#10982=DIRECTION('',(0.876006290299837,0.,0.482299677954607));
#10983=DIRECTION('',(-0.876006290299837,0.,-0.482299677954607));
#10984=DIRECTION('',(0.,-1.,0.));
#10985=DIRECTION('center_axis',(0.5,0.,0.866025403784439));
#10986=DIRECTION('ref_axis',(-0.866025403784438,0.,0.5));
#10987=DIRECTION('',(0.866025403784438,0.,-0.5));
#10988=DIRECTION('',(-0.866025403784438,0.,0.5));
#10989=DIRECTION('',(0.,-1.,0.));
#10990=DIRECTION('center_axis',(1.,0.,-7.51747932924135E-16));
#10991=DIRECTION('ref_axis',(7.51747932924135E-16,0.,1.));
#10992=DIRECTION('',(-7.51747932924135E-16,0.,-1.));
#10993=DIRECTION('',(7.51747932924135E-16,0.,1.));
#10994=DIRECTION('',(0.,-1.,0.));
#10995=DIRECTION('center_axis',(0.482299677954604,0.,-0.876006290299839));
#10996=DIRECTION('ref_axis',(0.876006290299838,0.,0.482299677954604));
#10997=DIRECTION('',(-0.876006290299838,0.,-0.482299677954604));
#10998=DIRECTION('',(0.876006290299838,0.,0.482299677954604));
#10999=DIRECTION('center_axis',(-0.500000000000002,0.,-0.866025403784437));
#11000=DIRECTION('ref_axis',(0.866025403784437,0.,-0.500000000000002));
#11001=DIRECTION('',(-0.866025403784437,0.,0.500000000000002));
#11002=DIRECTION('',(0.,-1.,0.));
#11003=DIRECTION('',(0.866025403784437,0.,-0.500000000000002));
#11004=DIRECTION('',(0.,-1.,0.));
#11005=DIRECTION('center_axis',(-1.,0.,7.68871209910448E-16));
#11006=DIRECTION('ref_axis',(-7.68871209910448E-16,0.,-1.));
#11007=DIRECTION('',(7.68871209910448E-16,0.,1.));
#11008=DIRECTION('',(-7.68871209910448E-16,0.,-1.));
#11009=DIRECTION('',(0.,-1.,0.));
#11010=DIRECTION('center_axis',(-0.482299677954607,0.,0.876006290299837));
#11011=DIRECTION('ref_axis',(-0.876006290299837,0.,-0.482299677954607));
#11012=DIRECTION('',(0.876006290299837,0.,0.482299677954607));
#11013=DIRECTION('',(-0.876006290299837,0.,-0.482299677954607));
#11014=DIRECTION('',(0.,-1.,0.));
#11015=DIRECTION('center_axis',(0.5,0.,0.866025403784439));
#11016=DIRECTION('ref_axis',(-0.866025403784438,0.,0.5));
#11017=DIRECTION('',(0.866025403784438,0.,-0.5));
#11018=DIRECTION('',(-0.866025403784438,0.,0.5));
#11019=DIRECTION('',(0.,-1.,0.));
#11020=DIRECTION('center_axis',(1.,0.,-7.51747932924135E-16));
#11021=DIRECTION('ref_axis',(7.51747932924135E-16,0.,1.));
#11022=DIRECTION('',(-7.51747932924135E-16,0.,-1.));
#11023=DIRECTION('',(7.51747932924135E-16,0.,1.));
#11024=DIRECTION('',(0.,-1.,0.));
#11025=DIRECTION('center_axis',(0.482299677954604,0.,-0.876006290299839));
#11026=DIRECTION('ref_axis',(0.876006290299838,0.,0.482299677954604));
#11027=DIRECTION('',(-0.876006290299838,0.,-0.482299677954604));
#11028=DIRECTION('',(0.876006290299838,0.,0.482299677954604));
#11029=DIRECTION('center_axis',(-0.500000000000002,0.,-0.866025403784437));
#11030=DIRECTION('ref_axis',(0.866025403784437,0.,-0.500000000000002));
#11031=DIRECTION('',(-0.866025403784437,0.,0.500000000000002));
#11032=DIRECTION('',(0.,-1.,0.));
#11033=DIRECTION('',(0.866025403784437,0.,-0.500000000000002));
#11034=DIRECTION('',(0.,-1.,0.));
#11035=DIRECTION('center_axis',(-1.,0.,7.68871209910448E-16));
#11036=DIRECTION('ref_axis',(-7.68871209910448E-16,0.,-1.));
#11037=DIRECTION('',(0.,1.,0.));
#11038=DIRECTION('',(7.68871209910448E-16,0.,1.));
#11039=DIRECTION('',(-7.68871209910448E-16,0.,-1.));
#11040=DIRECTION('center_axis',(0.5,0.,0.866025403784439));
#11041=DIRECTION('ref_axis',(-0.866025403784438,0.,0.5));
#11042=DIRECTION('',(0.,-1.,0.));
#11043=DIRECTION('',(-0.866025403784438,0.,0.5));
#11044=DIRECTION('',(0.,-1.,0.));
#11045=DIRECTION('',(0.866025403784438,0.,-0.5));
#11046=DIRECTION('center_axis',(1.,0.,-7.51747932924135E-16));
#11047=DIRECTION('ref_axis',(7.51747932924135E-16,0.,1.));
#11048=DIRECTION('',(-7.51747932924135E-16,0.,-1.));
#11049=DIRECTION('',(7.51747932924135E-16,0.,1.));
#11050=DIRECTION('',(0.,-1.,0.));
#11051=DIRECTION('center_axis',(0.482299677954604,0.,-0.876006290299839));
#11052=DIRECTION('ref_axis',(0.876006290299838,0.,0.482299677954604));
#11053=DIRECTION('',(-0.876006290299838,0.,-0.482299677954604));
#11054=DIRECTION('',(0.876006290299838,0.,0.482299677954604));
#11055=DIRECTION('center_axis',(-0.500000000000002,0.,-0.866025403784437));
#11056=DIRECTION('ref_axis',(0.866025403784437,0.,-0.500000000000002));
#11057=DIRECTION('',(-0.866025403784437,0.,0.500000000000002));
#11058=DIRECTION('',(0.,-1.,0.));
#11059=DIRECTION('',(0.866025403784437,0.,-0.500000000000002));
#11060=DIRECTION('',(0.,-1.,0.));
#11061=DIRECTION('center_axis',(-1.,0.,7.68871209910448E-16));
#11062=DIRECTION('ref_axis',(-7.68871209910448E-16,0.,-1.));
#11063=DIRECTION('',(7.68871209910448E-16,0.,1.));
#11064=DIRECTION('',(-7.68871209910448E-16,0.,-1.));
#11065=DIRECTION('',(0.,-1.,0.));
#11066=DIRECTION('center_axis',(-0.482299677954607,0.,0.876006290299837));
#11067=DIRECTION('ref_axis',(-0.876006290299837,0.,-0.482299677954607));
#11068=DIRECTION('',(0.876006290299837,0.,0.482299677954607));
#11069=DIRECTION('',(-0.876006290299837,0.,-0.482299677954607));
#11070=DIRECTION('',(0.,-1.,0.));
#11071=DIRECTION('center_axis',(0.5,0.,0.866025403784439));
#11072=DIRECTION('ref_axis',(-0.866025403784438,0.,0.5));
#11073=DIRECTION('',(0.,1.,0.));
#11074=DIRECTION('',(0.866025403784438,0.,-0.5));
#11075=DIRECTION('',(-0.866025403784438,0.,0.5));
#11076=DIRECTION('center_axis',(0.482299677954604,0.,-0.876006290299839));
#11077=DIRECTION('ref_axis',(0.876006290299838,0.,0.482299677954604));
#11078=DIRECTION('',(0.,-1.,0.));
#11079=DIRECTION('',(0.876006290299838,0.,0.482299677954604));
#11080=DIRECTION('',(-0.876006290299838,0.,-0.482299677954604));
#11081=DIRECTION('center_axis',(-0.500000000000002,0.,-0.866025403784437));
#11082=DIRECTION('ref_axis',(0.866025403784437,0.,-0.500000000000002));
#11083=DIRECTION('',(-0.866025403784437,0.,0.500000000000002));
#11084=DIRECTION('',(0.,-1.,0.));
#11085=DIRECTION('',(0.866025403784437,0.,-0.500000000000002));
#11086=DIRECTION('',(0.,-1.,0.));
#11087=DIRECTION('center_axis',(-1.,0.,7.68871209910448E-16));
#11088=DIRECTION('ref_axis',(-7.68871209910448E-16,0.,-1.));
#11089=DIRECTION('',(7.68871209910448E-16,0.,1.));
#11090=DIRECTION('',(-7.68871209910448E-16,0.,-1.));
#11091=DIRECTION('',(0.,-1.,0.));
#11092=DIRECTION('center_axis',(-0.482299677954607,0.,0.876006290299837));
#11093=DIRECTION('ref_axis',(-0.876006290299837,0.,-0.482299677954607));
#11094=DIRECTION('',(0.876006290299837,0.,0.482299677954607));
#11095=DIRECTION('',(-0.876006290299837,0.,-0.482299677954607));
#11096=DIRECTION('',(0.,-1.,0.));
#11097=DIRECTION('center_axis',(0.5,0.,0.866025403784439));
#11098=DIRECTION('ref_axis',(-0.866025403784438,0.,0.5));
#11099=DIRECTION('',(0.866025403784438,0.,-0.5));
#11100=DIRECTION('',(-0.866025403784438,0.,0.5));
#11101=DIRECTION('',(0.,-1.,0.));
#11102=DIRECTION('center_axis',(1.,0.,-7.51747932924135E-16));
#11103=DIRECTION('ref_axis',(7.51747932924135E-16,0.,1.));
#11104=DIRECTION('',(-7.51747932924135E-16,0.,-1.));
#11105=DIRECTION('',(7.51747932924135E-16,0.,1.));
#11106=DIRECTION('',(0.,-1.,0.));
#11107=DIRECTION('center_axis',(0.482299677954604,0.,-0.876006290299839));
#11108=DIRECTION('ref_axis',(0.876006290299838,0.,0.482299677954604));
#11109=DIRECTION('',(-0.876006290299838,0.,-0.482299677954604));
#11110=DIRECTION('',(0.876006290299838,0.,0.482299677954604));
#11111=DIRECTION('center_axis',(-0.500000000000002,0.,-0.866025403784437));
#11112=DIRECTION('ref_axis',(0.866025403784437,0.,-0.500000000000002));
#11113=DIRECTION('',(-0.866025403784437,0.,0.500000000000002));
#11114=DIRECTION('',(0.,-1.,0.));
#11115=DIRECTION('',(0.866025403784437,0.,-0.500000000000002));
#11116=DIRECTION('',(0.,-1.,0.));
#11117=DIRECTION('center_axis',(-1.,0.,7.68871209910448E-16));
#11118=DIRECTION('ref_axis',(-7.68871209910448E-16,0.,-1.));
#11119=DIRECTION('',(7.68871209910448E-16,0.,1.));
#11120=DIRECTION('',(-7.68871209910448E-16,0.,-1.));
#11121=DIRECTION('',(0.,-1.,0.));
#11122=DIRECTION('center_axis',(-0.482299677954607,0.,0.876006290299837));
#11123=DIRECTION('ref_axis',(-0.876006290299837,0.,-0.482299677954607));
#11124=DIRECTION('',(0.876006290299837,0.,0.482299677954607));
#11125=DIRECTION('',(-0.876006290299837,0.,-0.482299677954607));
#11126=DIRECTION('',(0.,-1.,0.));
#11127=DIRECTION('center_axis',(0.5,0.,0.866025403784439));
#11128=DIRECTION('ref_axis',(-0.866025403784438,0.,0.5));
#11129=DIRECTION('',(0.866025403784438,0.,-0.5));
#11130=DIRECTION('',(-0.866025403784438,0.,0.5));
#11131=DIRECTION('',(0.,-1.,0.));
#11132=DIRECTION('center_axis',(1.,0.,-7.51747932924135E-16));
#11133=DIRECTION('ref_axis',(7.51747932924135E-16,0.,1.));
#11134=DIRECTION('',(-7.51747932924135E-16,0.,-1.));
#11135=DIRECTION('',(7.51747932924135E-16,0.,1.));
#11136=DIRECTION('',(0.,-1.,0.));
#11137=DIRECTION('center_axis',(0.482299677954604,0.,-0.876006290299839));
#11138=DIRECTION('ref_axis',(0.876006290299838,0.,0.482299677954604));
#11139=DIRECTION('',(-0.876006290299838,0.,-0.482299677954604));
#11140=DIRECTION('',(0.876006290299838,0.,0.482299677954604));
#11141=DIRECTION('center_axis',(-0.500000000000002,0.,-0.866025403784437));
#11142=DIRECTION('ref_axis',(0.866025403784437,0.,-0.500000000000002));
#11143=DIRECTION('',(0.,1.,0.));
#11144=DIRECTION('',(-0.866025403784437,0.,0.500000000000002));
#11145=DIRECTION('',(0.,-1.,0.));
#11146=DIRECTION('',(0.866025403784437,0.,-0.500000000000002));
#11147=DIRECTION('center_axis',(-1.,0.,7.68871209910448E-16));
#11148=DIRECTION('ref_axis',(-7.68871209910448E-16,0.,-1.));
#11149=DIRECTION('',(0.,-1.,0.));
#11150=DIRECTION('',(-7.68871209910448E-16,0.,-1.));
#11151=DIRECTION('',(0.,-1.,0.));
#11152=DIRECTION('',(7.68871209910448E-16,0.,1.));
#11153=DIRECTION('center_axis',(-0.482299677954607,0.,0.876006290299837));
#11154=DIRECTION('ref_axis',(-0.876006290299837,0.,-0.482299677954607));
#11155=DIRECTION('',(0.876006290299837,0.,0.482299677954607));
#11156=DIRECTION('',(-0.876006290299837,0.,-0.482299677954607));
#11157=DIRECTION('',(0.,-1.,0.));
#11158=DIRECTION('center_axis',(0.5,0.,0.866025403784439));
#11159=DIRECTION('ref_axis',(-0.866025403784438,0.,0.5));
#11160=DIRECTION('',(0.866025403784438,0.,-0.5));
#11161=DIRECTION('',(-0.866025403784438,0.,0.5));
#11162=DIRECTION('',(0.,-1.,0.));
#11163=DIRECTION('center_axis',(1.,0.,-7.51747932924135E-16));
#11164=DIRECTION('ref_axis',(7.51747932924135E-16,0.,1.));
#11165=DIRECTION('',(-7.51747932924135E-16,0.,-1.));
#11166=DIRECTION('',(7.51747932924135E-16,0.,1.));
#11167=DIRECTION('',(0.,-1.,0.));
#11168=DIRECTION('center_axis',(0.482299677954604,0.,-0.876006290299839));
#11169=DIRECTION('ref_axis',(0.876006290299838,0.,0.482299677954604));
#11170=DIRECTION('',(-0.876006290299838,0.,-0.482299677954604));
#11171=DIRECTION('',(0.876006290299838,0.,0.482299677954604));
#11172=DIRECTION('center_axis',(-0.500000000000002,0.,-0.866025403784437));
#11173=DIRECTION('ref_axis',(0.866025403784437,0.,-0.500000000000002));
#11174=DIRECTION('',(0.,-1.,0.));
#11175=DIRECTION('',(0.866025403784437,0.,-0.500000000000002));
#11176=DIRECTION('',(0.,-1.,0.));
#11177=DIRECTION('',(-0.866025403784437,0.,0.500000000000002));
#11178=DIRECTION('center_axis',(-1.,0.,7.68871209910448E-16));
#11179=DIRECTION('ref_axis',(-7.68871209910448E-16,0.,-1.));
#11180=DIRECTION('',(7.68871209910448E-16,0.,1.));
#11181=DIRECTION('',(-7.68871209910448E-16,0.,-1.));
#11182=DIRECTION('',(0.,-1.,0.));
#11183=DIRECTION('center_axis',(-0.482299677954607,0.,0.876006290299837));
#11184=DIRECTION('ref_axis',(-0.876006290299837,0.,-0.482299677954607));
#11185=DIRECTION('',(0.,1.,0.));
#11186=DIRECTION('',(0.876006290299837,0.,0.482299677954607));
#11187=DIRECTION('',(-0.876006290299837,0.,-0.482299677954607));
#11188=DIRECTION('center_axis',(-0.500000000000002,0.,-0.866025403784437));
#11189=DIRECTION('ref_axis',(0.866025403784437,0.,-0.500000000000002));
#11190=DIRECTION('',(-0.866025403784437,0.,0.500000000000002));
#11191=DIRECTION('',(0.,-1.,0.));
#11192=DIRECTION('',(0.866025403784437,0.,-0.500000000000002));
#11193=DIRECTION('',(0.,-1.,0.));
#11194=DIRECTION('center_axis',(-1.,0.,7.68871209910448E-16));
#11195=DIRECTION('ref_axis',(-7.68871209910448E-16,0.,-1.));
#11196=DIRECTION('',(7.68871209910448E-16,0.,1.));
#11197=DIRECTION('',(-7.68871209910448E-16,0.,-1.));
#11198=DIRECTION('',(0.,-1.,0.));
#11199=DIRECTION('center_axis',(-0.482299677954607,0.,0.876006290299837));
#11200=DIRECTION('ref_axis',(-0.876006290299837,0.,-0.482299677954607));
#11201=DIRECTION('',(0.876006290299837,0.,0.482299677954607));
#11202=DIRECTION('',(-0.876006290299837,0.,-0.482299677954607));
#11203=DIRECTION('',(0.,-1.,0.));
#11204=DIRECTION('center_axis',(0.5,0.,0.866025403784439));
#11205=DIRECTION('ref_axis',(-0.866025403784438,0.,0.5));
#11206=DIRECTION('',(0.866025403784438,0.,-0.5));
#11207=DIRECTION('',(-0.866025403784438,0.,0.5));
#11208=DIRECTION('',(0.,-1.,0.));
#11209=DIRECTION('center_axis',(1.,0.,-7.51747932924135E-16));
#11210=DIRECTION('ref_axis',(7.51747932924135E-16,0.,1.));
#11211=DIRECTION('',(-7.51747932924135E-16,0.,-1.));
#11212=DIRECTION('',(7.51747932924135E-16,0.,1.));
#11213=DIRECTION('',(0.,-1.,0.));
#11214=DIRECTION('center_axis',(0.482299677954604,0.,-0.876006290299839));
#11215=DIRECTION('ref_axis',(0.876006290299838,0.,0.482299677954604));
#11216=DIRECTION('',(-0.876006290299838,0.,-0.482299677954604));
#11217=DIRECTION('',(0.876006290299838,0.,0.482299677954604));
#11218=DIRECTION('center_axis',(-0.500000000000002,0.,-0.866025403784437));
#11219=DIRECTION('ref_axis',(0.866025403784437,0.,-0.500000000000002));
#11220=DIRECTION('',(-0.866025403784437,0.,0.500000000000002));
#11221=DIRECTION('',(0.,-1.,0.));
#11222=DIRECTION('',(0.866025403784437,0.,-0.500000000000002));
#11223=DIRECTION('',(0.,-1.,0.));
#11224=DIRECTION('center_axis',(-1.,0.,7.68871209910448E-16));
#11225=DIRECTION('ref_axis',(-7.68871209910448E-16,0.,-1.));
#11226=DIRECTION('',(7.68871209910448E-16,0.,1.));
#11227=DIRECTION('',(-7.68871209910448E-16,0.,-1.));
#11228=DIRECTION('',(0.,-1.,0.));
#11229=DIRECTION('center_axis',(-0.482299677954607,0.,0.876006290299837));
#11230=DIRECTION('ref_axis',(-0.876006290299837,0.,-0.482299677954607));
#11231=DIRECTION('',(0.876006290299837,0.,0.482299677954607));
#11232=DIRECTION('',(-0.876006290299837,0.,-0.482299677954607));
#11233=DIRECTION('',(0.,-1.,0.));
#11234=DIRECTION('center_axis',(0.5,0.,0.866025403784439));
#11235=DIRECTION('ref_axis',(-0.866025403784438,0.,0.5));
#11236=DIRECTION('',(0.866025403784438,0.,-0.5));
#11237=DIRECTION('',(-0.866025403784438,0.,0.5));
#11238=DIRECTION('',(0.,-1.,0.));
#11239=DIRECTION('center_axis',(1.,0.,-7.51747932924135E-16));
#11240=DIRECTION('ref_axis',(7.51747932924135E-16,0.,1.));
#11241=DIRECTION('',(-7.51747932924135E-16,0.,-1.));
#11242=DIRECTION('',(7.51747932924135E-16,0.,1.));
#11243=DIRECTION('',(0.,-1.,0.));
#11244=DIRECTION('center_axis',(0.482299677954604,0.,-0.876006290299839));
#11245=DIRECTION('ref_axis',(0.876006290299838,0.,0.482299677954604));
#11246=DIRECTION('',(-0.876006290299838,0.,-0.482299677954604));
#11247=DIRECTION('',(0.876006290299838,0.,0.482299677954604));
#11248=DIRECTION('center_axis',(-0.500000000000002,0.,-0.866025403784437));
#11249=DIRECTION('ref_axis',(0.866025403784437,0.,-0.500000000000002));
#11250=DIRECTION('',(0.,1.,0.));
#11251=DIRECTION('',(-0.866025403784437,0.,0.500000000000002));
#11252=DIRECTION('',(0.,-1.,0.));
#11253=DIRECTION('',(0.866025403784437,0.,-0.500000000000002));
#11254=DIRECTION('center_axis',(0.5,0.,0.866025403784439));
#11255=DIRECTION('ref_axis',(-0.866025403784438,0.,0.5));
#11256=DIRECTION('',(0.,-1.,0.));
#11257=DIRECTION('',(-0.866025403784438,0.,0.5));
#11258=DIRECTION('',(0.,-1.,0.));
#11259=DIRECTION('',(0.866025403784438,0.,-0.5));
#11260=DIRECTION('center_axis',(1.,0.,-7.51747932924135E-16));
#11261=DIRECTION('ref_axis',(7.51747932924135E-16,0.,1.));
#11262=DIRECTION('',(-7.51747932924135E-16,0.,-1.));
#11263=DIRECTION('',(7.51747932924135E-16,0.,1.));
#11264=DIRECTION('',(0.,-1.,0.));
#11265=DIRECTION('center_axis',(0.482299677954604,0.,-0.876006290299839));
#11266=DIRECTION('ref_axis',(0.876006290299838,0.,0.482299677954604));
#11267=DIRECTION('',(-0.876006290299838,0.,-0.482299677954604));
#11268=DIRECTION('',(0.876006290299838,0.,0.482299677954604));
#11269=DIRECTION('center_axis',(-0.500000000000002,0.,-0.866025403784437));
#11270=DIRECTION('ref_axis',(0.866025403784437,0.,-0.500000000000002));
#11271=DIRECTION('',(-0.866025403784437,0.,0.500000000000002));
#11272=DIRECTION('',(0.,-1.,0.));
#11273=DIRECTION('',(0.866025403784437,0.,-0.500000000000002));
#11274=DIRECTION('',(0.,-1.,0.));
#11275=DIRECTION('center_axis',(-1.,0.,7.68871209910448E-16));
#11276=DIRECTION('ref_axis',(-7.68871209910448E-16,0.,-1.));
#11277=DIRECTION('',(7.68871209910448E-16,0.,1.));
#11278=DIRECTION('',(-7.68871209910448E-16,0.,-1.));
#11279=DIRECTION('',(0.,-1.,0.));
#11280=DIRECTION('center_axis',(-0.482299677954607,0.,0.876006290299837));
#11281=DIRECTION('ref_axis',(-0.876006290299837,0.,-0.482299677954607));
#11282=DIRECTION('',(0.876006290299837,0.,0.482299677954607));
#11283=DIRECTION('',(-0.876006290299837,0.,-0.482299677954607));
#11284=DIRECTION('',(0.,-1.,0.));
#11285=DIRECTION('center_axis',(0.5,0.,0.866025403784439));
#11286=DIRECTION('ref_axis',(-0.866025403784438,0.,0.5));
#11287=DIRECTION('',(0.,1.,0.));
#11288=DIRECTION('',(0.866025403784438,0.,-0.5));
#11289=DIRECTION('',(-0.866025403784438,0.,0.5));
#11290=DIRECTION('center_axis',(0.482299677954604,0.,-0.876006290299839));
#11291=DIRECTION('ref_axis',(0.876006290299838,0.,0.482299677954604));
#11292=DIRECTION('',(0.,-1.,0.));
#11293=DIRECTION('',(0.876006290299838,0.,0.482299677954604));
#11294=DIRECTION('',(-0.876006290299838,0.,-0.482299677954604));
#11295=DIRECTION('center_axis',(-0.500000000000002,0.,-0.866025403784437));
#11296=DIRECTION('ref_axis',(0.866025403784437,0.,-0.500000000000002));
#11297=DIRECTION('',(-0.866025403784437,0.,0.500000000000002));
#11298=DIRECTION('',(0.,-1.,0.));
#11299=DIRECTION('',(0.866025403784437,0.,-0.500000000000002));
#11300=DIRECTION('',(0.,-1.,0.));
#11301=DIRECTION('center_axis',(-1.,0.,7.68871209910448E-16));
#11302=DIRECTION('ref_axis',(-7.68871209910448E-16,0.,-1.));
#11303=DIRECTION('',(7.68871209910448E-16,0.,1.));
#11304=DIRECTION('',(-7.68871209910448E-16,0.,-1.));
#11305=DIRECTION('',(0.,-1.,0.));
#11306=DIRECTION('center_axis',(-0.482299677954607,0.,0.876006290299837));
#11307=DIRECTION('ref_axis',(-0.876006290299837,0.,-0.482299677954607));
#11308=DIRECTION('',(0.876006290299837,0.,0.482299677954607));
#11309=DIRECTION('',(-0.876006290299837,0.,-0.482299677954607));
#11310=DIRECTION('',(0.,-1.,0.));
#11311=DIRECTION('center_axis',(0.5,0.,0.866025403784439));
#11312=DIRECTION('ref_axis',(-0.866025403784438,0.,0.5));
#11313=DIRECTION('',(0.866025403784438,0.,-0.5));
#11314=DIRECTION('',(-0.866025403784438,0.,0.5));
#11315=DIRECTION('',(0.,-1.,0.));
#11316=DIRECTION('center_axis',(1.,0.,-7.51747932924135E-16));
#11317=DIRECTION('ref_axis',(7.51747932924135E-16,0.,1.));
#11318=DIRECTION('',(-7.51747932924135E-16,0.,-1.));
#11319=DIRECTION('',(7.51747932924135E-16,0.,1.));
#11320=DIRECTION('',(0.,-1.,0.));
#11321=DIRECTION('center_axis',(0.482299677954604,0.,-0.876006290299839));
#11322=DIRECTION('ref_axis',(0.876006290299838,0.,0.482299677954604));
#11323=DIRECTION('',(-0.876006290299838,0.,-0.482299677954604));
#11324=DIRECTION('',(0.876006290299838,0.,0.482299677954604));
#11325=DIRECTION('center_axis',(-0.500000000000002,0.,-0.866025403784437));
#11326=DIRECTION('ref_axis',(0.866025403784437,0.,-0.500000000000002));
#11327=DIRECTION('',(-0.866025403784437,0.,0.500000000000002));
#11328=DIRECTION('',(0.,-1.,0.));
#11329=DIRECTION('',(0.866025403784437,0.,-0.500000000000002));
#11330=DIRECTION('',(0.,-1.,0.));
#11331=DIRECTION('center_axis',(-1.,0.,7.68871209910448E-16));
#11332=DIRECTION('ref_axis',(-7.68871209910448E-16,0.,-1.));
#11333=DIRECTION('',(7.68871209910448E-16,0.,1.));
#11334=DIRECTION('',(-7.68871209910448E-16,0.,-1.));
#11335=DIRECTION('',(0.,-1.,0.));
#11336=DIRECTION('center_axis',(-0.482299677954607,0.,0.876006290299837));
#11337=DIRECTION('ref_axis',(-0.876006290299837,0.,-0.482299677954607));
#11338=DIRECTION('',(0.876006290299837,0.,0.482299677954607));
#11339=DIRECTION('',(-0.876006290299837,0.,-0.482299677954607));
#11340=DIRECTION('',(0.,-1.,0.));
#11341=DIRECTION('center_axis',(0.5,0.,0.866025403784439));
#11342=DIRECTION('ref_axis',(-0.866025403784438,0.,0.5));
#11343=DIRECTION('',(0.866025403784438,0.,-0.5));
#11344=DIRECTION('',(-0.866025403784438,0.,0.5));
#11345=DIRECTION('',(0.,-1.,0.));
#11346=DIRECTION('center_axis',(1.,0.,-7.51747932924135E-16));
#11347=DIRECTION('ref_axis',(7.51747932924135E-16,0.,1.));
#11348=DIRECTION('',(-7.51747932924135E-16,0.,-1.));
#11349=DIRECTION('',(7.51747932924135E-16,0.,1.));
#11350=DIRECTION('',(0.,-1.,0.));
#11351=DIRECTION('center_axis',(0.482299677954604,0.,-0.876006290299839));
#11352=DIRECTION('ref_axis',(0.876006290299838,0.,0.482299677954604));
#11353=DIRECTION('',(-0.876006290299838,0.,-0.482299677954604));
#11354=DIRECTION('',(0.876006290299838,0.,0.482299677954604));
#11355=DIRECTION('center_axis',(-0.500000000000002,0.,-0.866025403784437));
#11356=DIRECTION('ref_axis',(0.866025403784437,0.,-0.500000000000002));
#11357=DIRECTION('',(0.,1.,0.));
#11358=DIRECTION('',(-0.866025403784437,0.,0.500000000000002));
#11359=DIRECTION('',(0.,-1.,0.));
#11360=DIRECTION('',(0.866025403784437,0.,-0.500000000000002));
#11361=DIRECTION('center_axis',(0.5,0.,0.866025403784439));
#11362=DIRECTION('ref_axis',(-0.866025403784438,0.,0.5));
#11363=DIRECTION('',(0.,-1.,0.));
#11364=DIRECTION('',(-0.866025403784438,0.,0.5));
#11365=DIRECTION('',(0.,-1.,0.));
#11366=DIRECTION('',(0.866025403784438,0.,-0.5));
#11367=DIRECTION('center_axis',(1.,0.,-7.51747932924135E-16));
#11368=DIRECTION('ref_axis',(7.51747932924135E-16,0.,1.));
#11369=DIRECTION('',(-7.51747932924135E-16,0.,-1.));
#11370=DIRECTION('',(7.51747932924135E-16,0.,1.));
#11371=DIRECTION('',(0.,-1.,0.));
#11372=DIRECTION('center_axis',(0.482299677954604,0.,-0.876006290299839));
#11373=DIRECTION('ref_axis',(0.876006290299838,0.,0.482299677954604));
#11374=DIRECTION('',(-0.876006290299838,0.,-0.482299677954604));
#11375=DIRECTION('',(0.876006290299838,0.,0.482299677954604));
#11376=DIRECTION('center_axis',(-0.500000000000002,0.,-0.866025403784437));
#11377=DIRECTION('ref_axis',(0.866025403784437,0.,-0.500000000000002));
#11378=DIRECTION('',(0.,-1.,0.));
#11379=DIRECTION('',(0.866025403784437,0.,-0.500000000000002));
#11380=DIRECTION('',(0.,-1.,0.));
#11381=DIRECTION('',(-0.866025403784437,0.,0.500000000000002));
#11382=DIRECTION('center_axis',(-1.,0.,7.68871209910448E-16));
#11383=DIRECTION('ref_axis',(-7.68871209910448E-16,0.,-1.));
#11384=DIRECTION('',(7.68871209910448E-16,0.,1.));
#11385=DIRECTION('',(-7.68871209910448E-16,0.,-1.));
#11386=DIRECTION('',(0.,-1.,0.));
#11387=DIRECTION('center_axis',(-0.482299677954607,0.,0.876006290299837));
#11388=DIRECTION('ref_axis',(-0.876006290299837,0.,-0.482299677954607));
#11389=DIRECTION('',(0.,1.,0.));
#11390=DIRECTION('',(0.876006290299837,0.,0.482299677954607));
#11391=DIRECTION('',(-0.876006290299837,0.,-0.482299677954607));
#11392=DIRECTION('center_axis',(-0.500000000000002,0.,-0.866025403784437));
#11393=DIRECTION('ref_axis',(0.866025403784437,0.,-0.500000000000002));
#11394=DIRECTION('',(-0.866025403784437,0.,0.500000000000002));
#11395=DIRECTION('',(0.,-1.,0.));
#11396=DIRECTION('',(0.866025403784437,0.,-0.500000000000002));
#11397=DIRECTION('',(0.,-1.,0.));
#11398=DIRECTION('center_axis',(-1.,0.,7.68871209910448E-16));
#11399=DIRECTION('ref_axis',(-7.68871209910448E-16,0.,-1.));
#11400=DIRECTION('',(7.68871209910448E-16,0.,1.));
#11401=DIRECTION('',(-7.68871209910448E-16,0.,-1.));
#11402=DIRECTION('',(0.,-1.,0.));
#11403=DIRECTION('center_axis',(-0.482299677954607,0.,0.876006290299837));
#11404=DIRECTION('ref_axis',(-0.876006290299837,0.,-0.482299677954607));
#11405=DIRECTION('',(0.876006290299837,0.,0.482299677954607));
#11406=DIRECTION('',(-0.876006290299837,0.,-0.482299677954607));
#11407=DIRECTION('',(0.,-1.,0.));
#11408=DIRECTION('center_axis',(0.5,0.,0.866025403784439));
#11409=DIRECTION('ref_axis',(-0.866025403784438,0.,0.5));
#11410=DIRECTION('',(0.866025403784438,0.,-0.5));
#11411=DIRECTION('',(-0.866025403784438,0.,0.5));
#11412=DIRECTION('',(0.,-1.,0.));
#11413=DIRECTION('center_axis',(1.,0.,-7.51747932924135E-16));
#11414=DIRECTION('ref_axis',(7.51747932924135E-16,0.,1.));
#11415=DIRECTION('',(-7.51747932924135E-16,0.,-1.));
#11416=DIRECTION('',(7.51747932924135E-16,0.,1.));
#11417=DIRECTION('',(0.,-1.,0.));
#11418=DIRECTION('center_axis',(0.482299677954604,0.,-0.876006290299839));
#11419=DIRECTION('ref_axis',(0.876006290299838,0.,0.482299677954604));
#11420=DIRECTION('',(-0.876006290299838,0.,-0.482299677954604));
#11421=DIRECTION('',(0.876006290299838,0.,0.482299677954604));
#11422=DIRECTION('center_axis',(-0.500000000000002,0.,-0.866025403784437));
#11423=DIRECTION('ref_axis',(0.866025403784437,0.,-0.500000000000002));
#11424=DIRECTION('',(-0.866025403784437,0.,0.500000000000002));
#11425=DIRECTION('',(0.,-1.,0.));
#11426=DIRECTION('',(0.866025403784437,0.,-0.500000000000002));
#11427=DIRECTION('',(0.,-1.,0.));
#11428=DIRECTION('center_axis',(-1.,0.,7.68871209910448E-16));
#11429=DIRECTION('ref_axis',(-7.68871209910448E-16,0.,-1.));
#11430=DIRECTION('',(7.68871209910448E-16,0.,1.));
#11431=DIRECTION('',(-7.68871209910448E-16,0.,-1.));
#11432=DIRECTION('',(0.,-1.,0.));
#11433=DIRECTION('center_axis',(-0.482299677954607,0.,0.876006290299837));
#11434=DIRECTION('ref_axis',(-0.876006290299837,0.,-0.482299677954607));
#11435=DIRECTION('',(0.876006290299837,0.,0.482299677954607));
#11436=DIRECTION('',(-0.876006290299837,0.,-0.482299677954607));
#11437=DIRECTION('',(0.,-1.,0.));
#11438=DIRECTION('center_axis',(0.5,0.,0.866025403784439));
#11439=DIRECTION('ref_axis',(-0.866025403784438,0.,0.5));
#11440=DIRECTION('',(0.866025403784438,0.,-0.5));
#11441=DIRECTION('',(-0.866025403784438,0.,0.5));
#11442=DIRECTION('',(0.,-1.,0.));
#11443=DIRECTION('center_axis',(1.,0.,-7.51747932924135E-16));
#11444=DIRECTION('ref_axis',(7.51747932924135E-16,0.,1.));
#11445=DIRECTION('',(-7.51747932924135E-16,0.,-1.));
#11446=DIRECTION('',(7.51747932924135E-16,0.,1.));
#11447=DIRECTION('',(0.,-1.,0.));
#11448=DIRECTION('center_axis',(0.482299677954604,0.,-0.876006290299839));
#11449=DIRECTION('ref_axis',(0.876006290299838,0.,0.482299677954604));
#11450=DIRECTION('',(-0.876006290299838,0.,-0.482299677954604));
#11451=DIRECTION('',(0.876006290299838,0.,0.482299677954604));
#11452=DIRECTION('center_axis',(-0.500000000000002,0.,-0.866025403784437));
#11453=DIRECTION('ref_axis',(0.866025403784437,0.,-0.500000000000002));
#11454=DIRECTION('',(0.,1.,0.));
#11455=DIRECTION('',(-0.866025403784437,0.,0.500000000000002));
#11456=DIRECTION('',(0.,-1.,0.));
#11457=DIRECTION('',(0.866025403784437,0.,-0.500000000000002));
#11458=DIRECTION('center_axis',(0.5,0.,0.866025403784439));
#11459=DIRECTION('ref_axis',(-0.866025403784438,0.,0.5));
#11460=DIRECTION('',(0.,-1.,0.));
#11461=DIRECTION('',(-0.866025403784438,0.,0.5));
#11462=DIRECTION('',(0.,-1.,0.));
#11463=DIRECTION('',(0.866025403784438,0.,-0.5));
#11464=DIRECTION('center_axis',(1.,0.,-7.51747932924135E-16));
#11465=DIRECTION('ref_axis',(7.51747932924135E-16,0.,1.));
#11466=DIRECTION('',(-7.51747932924135E-16,0.,-1.));
#11467=DIRECTION('',(7.51747932924135E-16,0.,1.));
#11468=DIRECTION('',(0.,-1.,0.));
#11469=DIRECTION('center_axis',(0.482299677954604,0.,-0.876006290299839));
#11470=DIRECTION('ref_axis',(0.876006290299838,0.,0.482299677954604));
#11471=DIRECTION('',(-0.876006290299838,0.,-0.482299677954604));
#11472=DIRECTION('',(0.876006290299838,0.,0.482299677954604));
#11473=DIRECTION('center_axis',(-0.500000000000002,0.,-0.866025403784437));
#11474=DIRECTION('ref_axis',(0.866025403784437,0.,-0.500000000000002));
#11475=DIRECTION('',(-0.866025403784437,0.,0.500000000000002));
#11476=DIRECTION('',(0.,-1.,0.));
#11477=DIRECTION('',(0.866025403784437,0.,-0.500000000000002));
#11478=DIRECTION('',(0.,-1.,0.));
#11479=DIRECTION('center_axis',(-1.,0.,7.68871209910448E-16));
#11480=DIRECTION('ref_axis',(-7.68871209910448E-16,0.,-1.));
#11481=DIRECTION('',(7.68871209910448E-16,0.,1.));
#11482=DIRECTION('',(-7.68871209910448E-16,0.,-1.));
#11483=DIRECTION('',(0.,-1.,0.));
#11484=DIRECTION('center_axis',(-0.482299677954607,0.,0.876006290299837));
#11485=DIRECTION('ref_axis',(-0.876006290299837,0.,-0.482299677954607));
#11486=DIRECTION('',(0.,1.,0.));
#11487=DIRECTION('',(0.876006290299837,0.,0.482299677954607));
#11488=DIRECTION('',(-0.876006290299837,0.,-0.482299677954607));
#11489=DIRECTION('center_axis',(0.482299677954604,0.,-0.876006290299839));
#11490=DIRECTION('ref_axis',(0.876006290299838,0.,0.482299677954604));
#11491=DIRECTION('',(0.,-1.,0.));
#11492=DIRECTION('',(0.876006290299838,0.,0.482299677954604));
#11493=DIRECTION('',(-0.876006290299838,0.,-0.482299677954604));
#11494=DIRECTION('center_axis',(-0.500000000000002,0.,-0.866025403784437));
#11495=DIRECTION('ref_axis',(0.866025403784437,0.,-0.500000000000002));
#11496=DIRECTION('',(-0.866025403784437,0.,0.500000000000002));
#11497=DIRECTION('',(0.,-1.,0.));
#11498=DIRECTION('',(0.866025403784437,0.,-0.500000000000002));
#11499=DIRECTION('',(0.,-1.,0.));
#11500=DIRECTION('center_axis',(-1.,0.,7.68871209910448E-16));
#11501=DIRECTION('ref_axis',(-7.68871209910448E-16,0.,-1.));
#11502=DIRECTION('',(7.68871209910448E-16,0.,1.));
#11503=DIRECTION('',(-7.68871209910448E-16,0.,-1.));
#11504=DIRECTION('',(0.,-1.,0.));
#11505=DIRECTION('center_axis',(-0.482299677954607,0.,0.876006290299837));
#11506=DIRECTION('ref_axis',(-0.876006290299837,0.,-0.482299677954607));
#11507=DIRECTION('',(0.876006290299837,0.,0.482299677954607));
#11508=DIRECTION('',(-0.876006290299837,0.,-0.482299677954607));
#11509=DIRECTION('',(0.,-1.,0.));
#11510=DIRECTION('center_axis',(0.5,0.,0.866025403784439));
#11511=DIRECTION('ref_axis',(-0.866025403784438,0.,0.5));
#11512=DIRECTION('',(0.866025403784438,0.,-0.5));
#11513=DIRECTION('',(-0.866025403784438,0.,0.5));
#11514=DIRECTION('',(0.,-1.,0.));
#11515=DIRECTION('center_axis',(1.,0.,-7.51747932924135E-16));
#11516=DIRECTION('ref_axis',(7.51747932924135E-16,0.,1.));
#11517=DIRECTION('',(-7.51747932924135E-16,0.,-1.));
#11518=DIRECTION('',(7.51747932924135E-16,0.,1.));
#11519=DIRECTION('',(0.,-1.,0.));
#11520=DIRECTION('center_axis',(0.482299677954604,0.,-0.876006290299839));
#11521=DIRECTION('ref_axis',(0.876006290299838,0.,0.482299677954604));
#11522=DIRECTION('',(-0.876006290299838,0.,-0.482299677954604));
#11523=DIRECTION('',(0.876006290299838,0.,0.482299677954604));
#11524=DIRECTION('center_axis',(-0.500000000000002,0.,-0.866025403784437));
#11525=DIRECTION('ref_axis',(0.866025403784437,0.,-0.500000000000002));
#11526=DIRECTION('',(0.,1.,0.));
#11527=DIRECTION('',(-0.866025403784437,0.,0.500000000000002));
#11528=DIRECTION('',(0.,-1.,0.));
#11529=DIRECTION('',(0.866025403784437,0.,-0.500000000000002));
#11530=DIRECTION('center_axis',(0.5,0.,0.866025403784439));
#11531=DIRECTION('ref_axis',(-0.866025403784438,0.,0.5));
#11532=DIRECTION('',(0.,-1.,0.));
#11533=DIRECTION('',(-0.866025403784438,0.,0.5));
#11534=DIRECTION('',(0.,-1.,0.));
#11535=DIRECTION('',(0.866025403784438,0.,-0.5));
#11536=DIRECTION('center_axis',(1.,0.,-7.51747932924135E-16));
#11537=DIRECTION('ref_axis',(7.51747932924135E-16,0.,1.));
#11538=DIRECTION('',(-7.51747932924135E-16,0.,-1.));
#11539=DIRECTION('',(7.51747932924135E-16,0.,1.));
#11540=DIRECTION('',(0.,-1.,0.));
#11541=DIRECTION('center_axis',(0.482299677954604,0.,-0.876006290299839));
#11542=DIRECTION('ref_axis',(0.876006290299838,0.,0.482299677954604));
#11543=DIRECTION('',(-0.876006290299838,0.,-0.482299677954604));
#11544=DIRECTION('',(0.876006290299838,0.,0.482299677954604));
#11545=DIRECTION('center_axis',(-0.500000000000002,0.,-0.866025403784437));
#11546=DIRECTION('ref_axis',(0.866025403784437,0.,-0.500000000000002));
#11547=DIRECTION('',(-0.866025403784437,0.,0.500000000000002));
#11548=DIRECTION('',(0.,-1.,0.));
#11549=DIRECTION('',(0.866025403784437,0.,-0.500000000000002));
#11550=DIRECTION('',(0.,-1.,0.));
#11551=DIRECTION('center_axis',(-1.,0.,7.68871209910448E-16));
#11552=DIRECTION('ref_axis',(-7.68871209910448E-16,0.,-1.));
#11553=DIRECTION('',(7.68871209910448E-16,0.,1.));
#11554=DIRECTION('',(-7.68871209910448E-16,0.,-1.));
#11555=DIRECTION('',(0.,-1.,0.));
#11556=DIRECTION('center_axis',(-0.482299677954607,0.,0.876006290299837));
#11557=DIRECTION('ref_axis',(-0.876006290299837,0.,-0.482299677954607));
#11558=DIRECTION('',(0.,1.,0.));
#11559=DIRECTION('',(0.876006290299837,0.,0.482299677954607));
#11560=DIRECTION('',(-0.876006290299837,0.,-0.482299677954607));
#11561=DIRECTION('center_axis',(0.482299677954604,0.,-0.876006290299839));
#11562=DIRECTION('ref_axis',(0.876006290299838,0.,0.482299677954604));
#11563=DIRECTION('',(0.,-1.,0.));
#11564=DIRECTION('',(0.876006290299838,0.,0.482299677954604));
#11565=DIRECTION('',(-0.876006290299838,0.,-0.482299677954604));
#11566=DIRECTION('center_axis',(-0.500000000000002,0.,-0.866025403784437));
#11567=DIRECTION('ref_axis',(0.866025403784437,0.,-0.500000000000002));
#11568=DIRECTION('',(0.,1.,0.));
#11569=DIRECTION('',(-0.866025403784437,0.,0.500000000000002));
#11570=DIRECTION('',(0.,-1.,0.));
#11571=DIRECTION('',(0.866025403784437,0.,-0.500000000000002));
#11572=DIRECTION('center_axis',(0.5,0.,0.866025403784439));
#11573=DIRECTION('ref_axis',(-0.866025403784438,0.,0.5));
#11574=DIRECTION('',(0.,-1.,0.));
#11575=DIRECTION('',(-0.866025403784438,0.,0.5));
#11576=DIRECTION('',(0.,-1.,0.));
#11577=DIRECTION('',(0.866025403784438,0.,-0.5));
#11578=DIRECTION('center_axis',(1.,0.,-7.51747932924135E-16));
#11579=DIRECTION('ref_axis',(7.51747932924135E-16,0.,1.));
#11580=DIRECTION('',(-7.51747932924135E-16,0.,-1.));
#11581=DIRECTION('',(7.51747932924135E-16,0.,1.));
#11582=DIRECTION('',(0.,-1.,0.));
#11583=DIRECTION('center_axis',(0.482299677954604,0.,-0.876006290299839));
#11584=DIRECTION('ref_axis',(0.876006290299838,0.,0.482299677954604));
#11585=DIRECTION('',(-0.876006290299838,0.,-0.482299677954604));
#11586=DIRECTION('',(0.876006290299838,0.,0.482299677954604));
#11587=DIRECTION('center_axis',(0.482299677954604,0.,-0.876006290299839));
#11588=DIRECTION('ref_axis',(0.876006290299838,0.,0.482299677954604));
#11589=DIRECTION('',(0.,-1.,0.));
#11590=DIRECTION('',(0.876006290299838,0.,0.482299677954604));
#11591=DIRECTION('',(0.,-1.,0.));
#11592=DIRECTION('',(-0.876006290299838,0.,-0.482299677954604));
#11593=DIRECTION('center_axis',(-0.500000000000002,0.,-0.866025403784437));
#11594=DIRECTION('ref_axis',(0.866025403784437,0.,-0.500000000000002));
#11595=DIRECTION('',(0.,1.,0.));
#11596=DIRECTION('',(-0.866025403784437,0.,0.500000000000002));
#11597=DIRECTION('',(0.866025403784437,0.,-0.500000000000002));
#11598=DIRECTION('center_axis',(0.,-1.,0.));
#11599=DIRECTION('ref_axis',(1.,0.,-2.27233093902471E-16));
#11600=DIRECTION('center_axis',(0.,1.,0.));
#11601=DIRECTION('ref_axis',(1.,0.,-2.27233093902471E-16));
#11602=DIRECTION('center_axis',(0.,1.,0.));
#11603=DIRECTION('ref_axis',(1.,0.,-2.27233093902471E-16));
#11604=DIRECTION('center_axis',(0.866025403784439,0.,0.5));
#11605=DIRECTION('ref_axis',(0.5,0.,-0.866025403784439));
#11606=DIRECTION('',(0.5,0.,-0.866025403784439));
#11607=DIRECTION('',(0.5,0.,-0.866025403784439));
#11608=DIRECTION('center_axis',(0.866025403784439,0.,0.5));
#11609=DIRECTION('ref_axis',(0.5,0.,-0.866025403784439));
#11610=DIRECTION('',(0.5,0.,-0.866025403784439));
#11611=DIRECTION('',(0.5,0.,-0.866025403784439));
#11612=DIRECTION('center_axis',(0.866025403784439,0.,0.5));
#11613=DIRECTION('ref_axis',(0.5,0.,-0.866025403784439));
#11614=DIRECTION('',(0.5,0.,-0.866025403784439));
#11615=DIRECTION('',(0.5,0.,-0.866025403784439));
#11616=DIRECTION('center_axis',(0.866025403784439,0.,0.5));
#11617=DIRECTION('ref_axis',(0.5,0.,-0.866025403784439));
#11618=DIRECTION('',(0.5,0.,-0.866025403784439));
#11619=DIRECTION('',(0.5,0.,-0.866025403784439));
#11620=DIRECTION('center_axis',(0.866025403784439,0.,0.5));
#11621=DIRECTION('ref_axis',(0.5,0.,-0.866025403784439));
#11622=DIRECTION('',(0.5,0.,-0.866025403784439));
#11623=DIRECTION('',(0.5,0.,-0.866025403784439));
#11624=DIRECTION('center_axis',(0.,-1.,0.));
#11625=DIRECTION('ref_axis',(1.,0.,-2.27233093902471E-16));
#11626=DIRECTION('center_axis',(0.,1.,0.));
#11627=DIRECTION('ref_axis',(1.,0.,-2.27233093902471E-16));
#11628=DIRECTION('center_axis',(0.,1.,0.));
#11629=DIRECTION('ref_axis',(1.,0.,-2.27233093902471E-16));
#11630=DIRECTION('center_axis',(0.,-1.,0.));
#11631=DIRECTION('ref_axis',(1.,0.,-2.27233093902471E-16));
#11632=DIRECTION('center_axis',(0.,1.,0.));
#11633=DIRECTION('ref_axis',(1.,0.,-2.27233093902471E-16));
#11634=DIRECTION('center_axis',(0.,1.,0.));
#11635=DIRECTION('ref_axis',(1.,0.,-2.27233093902471E-16));
#11636=DIRECTION('center_axis',(-1.,0.,1.50059005305705E-15));
#11637=DIRECTION('ref_axis',(1.50059005305705E-15,0.,1.));
#11638=DIRECTION('',(1.27335695915457E-15,0.,-1.));
#11639=DIRECTION('',(0.,1.,0.));
#11640=DIRECTION('',(1.27335695915457E-15,0.,-1.));
#11641=DIRECTION('center_axis',(-1.,0.,1.50059005305705E-15));
#11642=DIRECTION('ref_axis',(1.50059005305705E-15,0.,1.));
#11643=DIRECTION('',(1.27335695915457E-15,0.,-1.));
#11644=DIRECTION('',(1.27335695915457E-15,0.,-1.));
#11645=DIRECTION('center_axis',(0.,1.,0.));
#11646=DIRECTION('ref_axis',(1.,0.,0.));
#11647=DIRECTION('center_axis',(0.,-1.,0.));
#11648=DIRECTION('ref_axis',(1.,0.,0.));
#11649=DIRECTION('',(0.,1.,0.));
#11650=DIRECTION('center_axis',(0.,-1.,0.));
#11651=DIRECTION('ref_axis',(1.,0.,0.));
#11652=DIRECTION('center_axis',(0.,1.,0.));
#11653=DIRECTION('ref_axis',(1.,0.,0.));
#11654=DIRECTION('center_axis',(0.,-1.,0.));
#11655=DIRECTION('ref_axis',(1.,0.,0.));
#11656=DIRECTION('center_axis',(0.,-1.,0.));
#11657=DIRECTION('ref_axis',(1.,0.,0.));
#11658=DIRECTION('center_axis',(1.,0.,-4.54932376075974E-16));
#11659=DIRECTION('ref_axis',(-4.54932376075974E-16,0.,-1.));
#11660=DIRECTION('',(-4.54932376075974E-16,0.,-1.));
#11661=DIRECTION('',(-4.54932376075974E-16,0.,-1.));
#11662=DIRECTION('center_axis',(1.,0.,-4.54932376075974E-16));
#11663=DIRECTION('ref_axis',(-4.54932376075974E-16,0.,-1.));
#11664=DIRECTION('',(-4.54932376075974E-16,0.,-1.));
#11665=DIRECTION('',(-4.54932376075974E-16,0.,-1.));
#11666=DIRECTION('center_axis',(1.,0.,-4.54932376075974E-16));
#11667=DIRECTION('ref_axis',(-4.54932376075974E-16,0.,-1.));
#11668=DIRECTION('',(-4.54932376075974E-16,0.,-1.));
#11669=DIRECTION('',(-4.54932376075974E-16,0.,-1.));
#11670=DIRECTION('center_axis',(1.,0.,-4.54932376075974E-16));
#11671=DIRECTION('ref_axis',(-4.54932376075974E-16,0.,-1.));
#11672=DIRECTION('',(-4.54932376075974E-16,0.,-1.));
#11673=DIRECTION('',(-4.54932376075974E-16,0.,-1.));
#11674=DIRECTION('center_axis',(1.,0.,-4.54932376075974E-16));
#11675=DIRECTION('ref_axis',(-4.54932376075974E-16,0.,-1.));
#11676=DIRECTION('',(-4.54932376075974E-16,0.,-1.));
#11677=DIRECTION('',(-4.54932376075974E-16,0.,-1.));
#11678=DIRECTION('center_axis',(1.,0.,-4.54932376075974E-16));
#11679=DIRECTION('ref_axis',(-4.54932376075974E-16,0.,-1.));
#11680=DIRECTION('',(-4.54932376075974E-16,0.,-1.));
#11681=DIRECTION('',(-4.54932376075974E-16,0.,-1.));
#11682=DIRECTION('center_axis',(1.,0.,-4.54932376075974E-16));
#11683=DIRECTION('ref_axis',(-4.54932376075974E-16,0.,-1.));
#11684=DIRECTION('',(-4.54932376075974E-16,0.,-1.));
#11685=DIRECTION('',(-4.54932376075974E-16,0.,-1.));
#11686=DIRECTION('center_axis',(1.,0.,-4.54932376075974E-16));
#11687=DIRECTION('ref_axis',(-4.54932376075974E-16,0.,-1.));
#11688=DIRECTION('',(-4.54932376075974E-16,0.,-1.));
#11689=DIRECTION('',(-4.54932376075974E-16,0.,-1.));
#11690=DIRECTION('center_axis',(1.,0.,-4.54932376075974E-16));
#11691=DIRECTION('ref_axis',(-4.54932376075974E-16,0.,-1.));
#11692=DIRECTION('',(-4.54932376075974E-16,0.,-1.));
#11693=DIRECTION('',(-4.54932376075974E-16,0.,-1.));
#11694=DIRECTION('center_axis',(1.,0.,-4.54932376075974E-16));
#11695=DIRECTION('ref_axis',(-4.54932376075974E-16,0.,-1.));
#11696=DIRECTION('',(-4.54932376075974E-16,0.,-1.));
#11697=DIRECTION('',(-4.54932376075974E-16,0.,-1.));
#11698=DIRECTION('center_axis',(1.,0.,-4.54932376075974E-16));
#11699=DIRECTION('ref_axis',(-4.54932376075974E-16,0.,-1.));
#11700=DIRECTION('',(-4.54932376075974E-16,0.,-1.));
#11701=DIRECTION('',(-4.54932376075974E-16,0.,-1.));
#11702=DIRECTION('center_axis',(1.,0.,-4.54932376075974E-16));
#11703=DIRECTION('ref_axis',(-4.54932376075974E-16,0.,-1.));
#11704=DIRECTION('',(-4.54932376075974E-16,0.,-1.));
#11705=DIRECTION('',(-4.54932376075974E-16,0.,-1.));
#11706=DIRECTION('center_axis',(1.,0.,-4.54932376075974E-16));
#11707=DIRECTION('ref_axis',(-4.54932376075974E-16,0.,-1.));
#11708=DIRECTION('',(-4.54932376075974E-16,0.,-1.));
#11709=DIRECTION('',(-4.54932376075974E-16,0.,-1.));
#11710=DIRECTION('center_axis',(1.,0.,-4.54932376075974E-16));
#11711=DIRECTION('ref_axis',(-4.54932376075974E-16,0.,-1.));
#11712=DIRECTION('',(-4.54932376075974E-16,0.,-1.));
#11713=DIRECTION('',(-4.54932376075974E-16,0.,-1.));
#11714=DIRECTION('center_axis',(0.,1.,0.));
#11715=DIRECTION('ref_axis',(1.,0.,0.));
#11716=DIRECTION('center_axis',(0.,-1.,0.));
#11717=DIRECTION('ref_axis',(1.,0.,0.));
#11718=DIRECTION('center_axis',(0.,-1.,0.));
#11719=DIRECTION('ref_axis',(1.,0.,0.));
#11720=DIRECTION('center_axis',(-0.866025403784439,0.,0.5));
#11721=DIRECTION('ref_axis',(0.5,0.,0.866025403784438));
#11722=DIRECTION('',(0.5,0.,0.866025403784438));
#11723=DIRECTION('',(0.5,0.,0.866025403784438));
#11724=DIRECTION('center_axis',(-0.866025403784439,0.,0.5));
#11725=DIRECTION('ref_axis',(0.5,0.,0.866025403784438));
#11726=DIRECTION('',(0.5,0.,0.866025403784438));
#11727=DIRECTION('',(0.5,0.,0.866025403784438));
#11728=DIRECTION('center_axis',(-0.866025403784439,0.,0.5));
#11729=DIRECTION('ref_axis',(0.5,0.,0.866025403784438));
#11730=DIRECTION('',(0.5,0.,0.866025403784438));
#11731=DIRECTION('',(0.5,0.,0.866025403784438));
#11732=DIRECTION('center_axis',(-0.866025403784439,0.,0.5));
#11733=DIRECTION('ref_axis',(0.5,0.,0.866025403784438));
#11734=DIRECTION('',(0.5,0.,0.866025403784438));
#11735=DIRECTION('',(0.5,0.,0.866025403784438));
#11736=DIRECTION('center_axis',(-0.866025403784439,0.,0.5));
#11737=DIRECTION('ref_axis',(0.5,0.,0.866025403784438));
#11738=DIRECTION('',(0.5,0.,0.866025403784438));
#11739=DIRECTION('',(0.5,0.,0.866025403784438));
#11740=DIRECTION('center_axis',(0.,1.,0.));
#11741=DIRECTION('ref_axis',(0.,0.,1.));
#11742=DIRECTION('center_axis',(0.,1.,0.));
#11743=DIRECTION('ref_axis',(1.,0.,-2.27233093902471E-16));
#11744=DIRECTION('',(-4.54932376075974E-16,0.,-1.));
#11745=DIRECTION('center_axis',(0.,-1.,0.));
#11746=DIRECTION('ref_axis',(1.,0.,0.));
#11747=DIRECTION('',(0.5,0.,0.866025403784438));
#11748=DIRECTION('center_axis',(0.,-1.,0.));
#11749=DIRECTION('ref_axis',(1.,0.,0.));
#11750=DIRECTION('',(1.27335695915457E-15,0.,-1.));
#11751=DIRECTION('center_axis',(0.,1.,0.));
#11752=DIRECTION('ref_axis',(1.,0.,-2.27233093902471E-16));
#11753=DIRECTION('',(0.866025403784438,0.,-0.5));
#11754=DIRECTION('',(-7.51747932924135E-16,0.,-1.));
#11755=DIRECTION('',(-0.876006290299838,0.,-0.482299677954604));
#11756=DIRECTION('',(-0.866025403784437,0.,0.500000000000002));
#11757=DIRECTION('',(7.68871209910448E-16,0.,1.));
#11758=DIRECTION('',(0.876006290299837,0.,0.482299677954607));
#11759=DIRECTION('center_axis',(-0.500000000000002,0.,-0.866025403784437));
#11760=DIRECTION('ref_axis',(0.866025403784437,0.,-0.500000000000002));
#11761=DIRECTION('',(0.,-1.,0.));
#11762=DIRECTION('',(0.866025403784437,0.,-0.500000000000002));
#11763=DIRECTION('',(0.,-1.,0.));
#11764=DIRECTION('center_axis',(-1.,0.,7.68871209910448E-16));
#11765=DIRECTION('ref_axis',(-7.68871209910448E-16,0.,-1.));
#11766=DIRECTION('',(-7.68871209910448E-16,0.,-1.));
#11767=DIRECTION('',(0.,-1.,0.));
#11768=DIRECTION('center_axis',(-0.482299677954607,0.,0.876006290299837));
#11769=DIRECTION('ref_axis',(-0.876006290299837,0.,-0.482299677954607));
#11770=DIRECTION('',(-0.876006290299837,0.,-0.482299677954607));
#11771=DIRECTION('',(0.,-1.,0.));
#11772=DIRECTION('center_axis',(0.5,0.,0.866025403784439));
#11773=DIRECTION('ref_axis',(-0.866025403784438,0.,0.5));
#11774=DIRECTION('',(-0.866025403784438,0.,0.5));
#11775=DIRECTION('',(0.,-1.,0.));
#11776=DIRECTION('center_axis',(1.,0.,-7.51747932924135E-16));
#11777=DIRECTION('ref_axis',(7.51747932924135E-16,0.,1.));
#11778=DIRECTION('',(7.51747932924135E-16,0.,1.));
#11779=DIRECTION('',(0.,-1.,0.));
#11780=DIRECTION('center_axis',(0.482299677954604,0.,-0.876006290299839));
#11781=DIRECTION('ref_axis',(0.876006290299838,0.,0.482299677954604));
#11782=DIRECTION('',(0.876006290299838,0.,0.482299677954604));
#11783=DIRECTION('center_axis',(0.,-1.,0.));
#11784=DIRECTION('ref_axis',(1.,0.,-2.27233093902471E-16));
#11785=DIRECTION('center_axis',(0.,1.,0.));
#11786=DIRECTION('ref_axis',(1.,0.,-2.27233093902471E-16));
#11787=DIRECTION('center_axis',(0.,-1.,0.));
#11788=DIRECTION('ref_axis',(1.,0.,-2.27233093902471E-16));
#11789=DIRECTION('center_axis',(0.,1.,0.));
#11790=DIRECTION('ref_axis',(1.,0.,-2.27233093902471E-16));
#11791=DIRECTION('center_axis',(-0.866025403784439,0.,0.5));
#11792=DIRECTION('ref_axis',(0.5,0.,0.866025403784438));
#11793=DIRECTION('',(0.5,0.,0.866025403784438));
#11794=DIRECTION('center_axis',(0.,1.,0.));
#11795=DIRECTION('ref_axis',(1.,0.,0.));
#11796=DIRECTION('center_axis',(0.,-1.,0.));
#11797=DIRECTION('ref_axis',(1.,0.,0.));
#11798=DIRECTION('center_axis',(-1.,0.,1.50059005305705E-15));
#11799=DIRECTION('ref_axis',(1.50059005305705E-15,0.,1.));
#11800=DIRECTION('',(1.27335695915457E-15,0.,-1.));
#11801=DIRECTION('center_axis',(1.,0.,-4.54932376075974E-16));
#11802=DIRECTION('ref_axis',(-4.54932376075974E-16,0.,-1.));
#11803=DIRECTION('',(-4.54932376075974E-16,0.,-1.));
#11804=DIRECTION('center_axis',(0.,1.,0.));
#11805=DIRECTION('ref_axis',(1.,0.,0.));
#11806=DIRECTION('center_axis',(0.,-1.,0.));
#11807=DIRECTION('ref_axis',(1.,0.,0.));
#11808=DIRECTION('center_axis',(0.,1.,0.));
#11809=DIRECTION('ref_axis',(0.,0.,1.));
#11810=DIRECTION('center_axis',(0.,1.,0.));
#11811=DIRECTION('ref_axis',(0.,0.,1.));
#11812=DIRECTION('',(0.866025403784438,0.,-0.5));
#11813=DIRECTION('',(-4.54932376075974E-16,0.,-1.));
#11814=DIRECTION('center_axis',(0.,-1.,0.));
#11815=DIRECTION('ref_axis',(1.,0.,0.));
#11816=DIRECTION('center_axis',(0.,1.,0.));
#11817=DIRECTION('ref_axis',(0.,0.,1.));
#11818=DIRECTION('',(-0.866025403784438,0.,0.5));
#11819=DIRECTION('center_axis',(0.,-1.,0.));
#11820=DIRECTION('ref_axis',(1.,0.,0.));
#11821=DIRECTION('',(-4.54932376075974E-16,0.,-1.));
#11822=DIRECTION('center_axis',(0.,1.,0.));
#11823=DIRECTION('ref_axis',(1.,0.,0.));
#11824=DIRECTION('',(0.,-1.,0.));
#11825=DIRECTION('',(0.,1.,0.));
#11826=DIRECTION('center_axis',(1.,0.,-4.54932376075974E-16));
#11827=DIRECTION('ref_axis',(-4.54932376075974E-16,0.,-1.));
#11828=DIRECTION('',(0.,1.,0.));
#11829=DIRECTION('center_axis',(0.5,0.,0.866025403784439));
#11830=DIRECTION('ref_axis',(-0.866025403784438,0.,0.5));
#11831=CARTESIAN_POINT('',(0.,0.,0.));
#11832=CARTESIAN_POINT('Origin',(-25.815,-54.9345570107536,-15.));
#11833=CARTESIAN_POINT('',(-27.415,1.5,-15.));
#11834=CARTESIAN_POINT('Origin',(-25.815,1.5,-15.));
#11835=CARTESIAN_POINT('',(-27.415,0.,-15.));
#11836=CARTESIAN_POINT('',(-27.415,-54.9345570107536,-15.));
#11837=CARTESIAN_POINT('Origin',(-25.815,0.,-15.));
#11838=CARTESIAN_POINT('Origin',(-4.30000000000001,-54.9345570107536,-43.9));
#11839=CARTESIAN_POINT('',(-7.30000000000001,1.5,-43.9));
#11840=CARTESIAN_POINT('Origin',(-4.30000000000001,1.5,-43.9));
#11841=CARTESIAN_POINT('',(-7.30000000000001,0.,-43.9));
#11842=CARTESIAN_POINT('',(-7.30000000000001,-54.9345570107536,-43.9));
#11843=CARTESIAN_POINT('Origin',(-4.30000000000001,0.,-43.9));
#11844=CARTESIAN_POINT('Origin',(-4.30000000000001,0.,-43.9));
#11845=CARTESIAN_POINT('',(-1.99999999999999,0.,-40.266819575083));
#11846=CARTESIAN_POINT('',(-7.93318042491699,0.,-46.2));
#11847=CARTESIAN_POINT('Origin',(-4.30000000000001,0.,-43.9));
#11848=CARTESIAN_POINT('',(-1.99999999999999,1.5,-40.266819575083));
#11849=CARTESIAN_POINT('',(-1.99999999999999,0.,-40.266819575083));
#11850=CARTESIAN_POINT('',(-7.93318042491699,1.5,-46.2));
#11851=CARTESIAN_POINT('Origin',(-4.30000000000001,1.5,-43.9));
#11852=CARTESIAN_POINT('',(-7.93318042491699,0.,-46.2));
#11853=CARTESIAN_POINT('Origin',(-4.30000000000001,0.,-43.9));
#11854=CARTESIAN_POINT('',(-4.3,0.,-48.2));
#11855=CARTESIAN_POINT('',(4.45736649780856E-15,0.,-43.9));
#11856=CARTESIAN_POINT('Origin',(-4.30000000000001,0.,-43.9));
#11857=CARTESIAN_POINT('',(-4.3,1.5,-48.2));
#11858=CARTESIAN_POINT('',(-4.3,0.,-48.2));
#11859=CARTESIAN_POINT('',(4.45736649780856E-15,1.5,-43.9));
#11860=CARTESIAN_POINT('Origin',(-4.30000000000001,1.5,-43.9));
#11861=CARTESIAN_POINT('',(4.45736649780856E-15,0.,-43.9));
#11862=CARTESIAN_POINT('Origin',(-9.53372240885254,0.,-48.2));
#11863=CARTESIAN_POINT('',(-9.53372240885254,0.,-48.2));
#11864=CARTESIAN_POINT('',(-9.53372240885254,0.,-48.2));
#11865=CARTESIAN_POINT('',(-9.53372240885254,1.5,-48.2));
#11866=CARTESIAN_POINT('',(-9.53372240885254,0.,-48.2));
#11867=CARTESIAN_POINT('',(-9.53372240885254,1.5,-48.2));
#11868=CARTESIAN_POINT('Origin',(-9.53372240885254,0.,-46.2));
#11869=CARTESIAN_POINT('',(-11.2657732164214,0.,-47.2));
#11870=CARTESIAN_POINT('Origin',(-9.53372240885254,0.,-46.2));
#11871=CARTESIAN_POINT('',(-11.2657732164214,1.5,-47.2));
#11872=CARTESIAN_POINT('',(-11.2657732164214,0.,-47.2));
#11873=CARTESIAN_POINT('Origin',(-9.53372240885254,1.5,-46.2));
#11874=CARTESIAN_POINT('Origin',(-28.8460889132455,0.,-16.75));
#11875=CARTESIAN_POINT('',(-28.8460889132455,0.,-16.75));
#11876=CARTESIAN_POINT('',(-29.315,0.,-15.9378221735089));
#11877=CARTESIAN_POINT('',(-28.8460889132455,1.5,-16.75));
#11878=CARTESIAN_POINT('',(-28.8460889132455,0.,-16.75));
#11879=CARTESIAN_POINT('',(-29.315,1.5,-15.9378221735089));
#11880=CARTESIAN_POINT('Origin',(-25.815,0.,-15.));
#11881=CARTESIAN_POINT('',(-29.315,0.,-15.));
#11882=CARTESIAN_POINT('Origin',(-25.815,0.,-15.));
#11883=CARTESIAN_POINT('',(-29.315,1.5,-15.));
#11884=CARTESIAN_POINT('',(-29.315,0.,-15.));
#11885=CARTESIAN_POINT('Origin',(-25.815,1.5,-15.));
#11886=CARTESIAN_POINT('Origin',(-25.815,0.,-15.));
#11887=CARTESIAN_POINT('',(-25.5328992755925,0.,-18.4886127875258));
#11888=CARTESIAN_POINT('',(-27.315,0.,-11.8377223398316));
#11889=CARTESIAN_POINT('Origin',(-25.815,0.,-15.));
#11890=CARTESIAN_POINT('',(-25.5328992755925,1.5,-18.4886127875258));
#11891=CARTESIAN_POINT('',(-25.5328992755925,0.,-18.4886127875258));
#11892=CARTESIAN_POINT('',(-27.315,1.5,-11.8377223398316));
#11893=CARTESIAN_POINT('Origin',(-25.815,1.5,-15.));
#11894=CARTESIAN_POINT('',(-27.315,0.,-11.8377223398316));
#11895=CARTESIAN_POINT('Origin',(-9.53372240885254,0.,-46.2));
#11896=CARTESIAN_POINT('',(-9.53372240885254,0.,-46.2));
#11897=CARTESIAN_POINT('',(-9.53372240885254,0.,-46.2));
#11898=CARTESIAN_POINT('',(-9.53372240885254,1.5,-46.2));
#11899=CARTESIAN_POINT('',(-9.53372240885254,0.,-46.2));
#11900=CARTESIAN_POINT('',(-9.53372240885254,1.5,-46.2));
#11901=CARTESIAN_POINT('Origin',(-7.93318042491699,0.,-46.2));
#11902=CARTESIAN_POINT('',(-7.93318042491699,0.,-46.2));
#11903=CARTESIAN_POINT('',(-7.93318042491699,1.5,-46.2));
#11904=CARTESIAN_POINT('Origin',(-25.815,-54.9345570107536,15.));
#11905=CARTESIAN_POINT('',(-27.415,1.5,15.));
#11906=CARTESIAN_POINT('Origin',(-25.815,1.5,15.));
#11907=CARTESIAN_POINT('',(-27.415,0.,15.));
#11908=CARTESIAN_POINT('',(-27.415,-54.9345570107536,15.));
#11909=CARTESIAN_POINT('Origin',(-25.815,0.,15.));
#11910=CARTESIAN_POINT('Origin',(-4.3,-54.9345570107536,43.9));
#11911=CARTESIAN_POINT('',(-7.3,1.5,43.9));
#11912=CARTESIAN_POINT('Origin',(-4.3,1.5,43.9));
#11913=CARTESIAN_POINT('',(-7.3,0.,43.9));
#11914=CARTESIAN_POINT('',(-7.3,-54.9345570107536,43.9));
#11915=CARTESIAN_POINT('Origin',(-4.3,0.,43.9));
#11916=CARTESIAN_POINT('Origin',(-4.3,0.,43.9));
#11917=CARTESIAN_POINT('',(-1.99999999999998,0.,40.266819575083));
#11918=CARTESIAN_POINT('',(-7.93318042491698,0.,46.2));
#11919=CARTESIAN_POINT('Origin',(-4.3,0.,43.9));
#11920=CARTESIAN_POINT('',(-7.93318042491698,1.5,46.2));
#11921=CARTESIAN_POINT('',(-7.93318042491698,0.,46.2));
#11922=CARTESIAN_POINT('',(-1.99999999999999,1.5,40.266819575083));
#11923=CARTESIAN_POINT('Origin',(-4.3,1.5,43.9));
#11924=CARTESIAN_POINT('',(-1.99999999999998,0.,40.266819575083));
#11925=CARTESIAN_POINT('Origin',(-2.,0.,5.55111512312578E-16));
#11926=CARTESIAN_POINT('',(-2.,0.,-1.00645324507636E-16));
#11927=CARTESIAN_POINT('',(-2.,1.5,-1.00645324507636E-16));
#11928=CARTESIAN_POINT('Origin',(1.41564952476062E-14,0.,43.9));
#11929=CARTESIAN_POINT('',(1.4432899320127E-14,0.,43.9));
#11930=CARTESIAN_POINT('',(1.55431223447522E-14,0.,48.2));
#11931=CARTESIAN_POINT('',(1.4432899320127E-14,1.5,43.9));
#11932=CARTESIAN_POINT('',(1.55431223447522E-14,1.5,48.2));
#11933=CARTESIAN_POINT('',(1.4432899320127E-14,0.,43.9));
#11934=CARTESIAN_POINT('Origin',(-4.3,0.,43.9));
#11935=CARTESIAN_POINT('',(-4.29999999999999,0.,48.2));
#11936=CARTESIAN_POINT('Origin',(-4.3,0.,43.9));
#11937=CARTESIAN_POINT('',(-4.29999999999999,1.5,48.2));
#11938=CARTESIAN_POINT('Origin',(-4.3,1.5,43.9));
#11939=CARTESIAN_POINT('',(-4.29999999999999,0.,48.2));
#11940=CARTESIAN_POINT('Origin',(-9.53372240885253,0.,48.2));
#11941=CARTESIAN_POINT('',(-9.53372240885253,0.,48.2));
#11942=CARTESIAN_POINT('',(-9.53372240885253,0.,48.2));
#11943=CARTESIAN_POINT('',(-9.53372240885253,1.5,48.2));
#11944=CARTESIAN_POINT('',(-9.53372240885253,1.5,48.2));
#11945=CARTESIAN_POINT('',(-9.53372240885253,0.,48.2));
#11946=CARTESIAN_POINT('Origin',(-9.53372240885253,0.,46.2));
#11947=CARTESIAN_POINT('',(-11.2657732164214,0.,47.2));
#11948=CARTESIAN_POINT('Origin',(-9.53372240885253,0.,46.2));
#11949=CARTESIAN_POINT('',(-11.2657732164214,1.5,47.2));
#11950=CARTESIAN_POINT('Origin',(-9.53372240885253,1.5,46.2));
#11951=CARTESIAN_POINT('',(-11.2657732164214,0.,47.2));
#11952=CARTESIAN_POINT('Origin',(-28.8460889132455,0.,16.75));
#11953=CARTESIAN_POINT('',(-28.8460889132455,0.,16.75));
#11954=CARTESIAN_POINT('',(-29.315,0.,15.9378221735089));
#11955=CARTESIAN_POINT('',(-28.8460889132455,1.5,16.75));
#11956=CARTESIAN_POINT('',(-29.315,1.5,15.9378221735089));
#11957=CARTESIAN_POINT('',(-28.8460889132455,0.,16.75));
#11958=CARTESIAN_POINT('Origin',(-25.815,0.,15.));
#11959=CARTESIAN_POINT('',(-29.315,0.,15.));
#11960=CARTESIAN_POINT('Origin',(-25.815,0.,15.));
#11961=CARTESIAN_POINT('',(-29.315,1.5,15.));
#11962=CARTESIAN_POINT('Origin',(-25.815,1.5,15.));
#11963=CARTESIAN_POINT('',(-29.315,0.,15.));
#11964=CARTESIAN_POINT('Origin',(-29.315,0.,3.33066907387547E-15));
#11965=CARTESIAN_POINT('',(-29.315,0.,3.33066907387547E-15));
#11966=CARTESIAN_POINT('',(-29.315,1.5,3.33066907387547E-15));
#11967=CARTESIAN_POINT('Origin',(-27.315,0.,11.8377223398316));
#11968=CARTESIAN_POINT('',(-27.315,0.,11.8377223398316));
#11969=CARTESIAN_POINT('',(-27.315,0.,11.8377223398316));
#11970=CARTESIAN_POINT('',(-27.315,1.5,11.8377223398316));
#11971=CARTESIAN_POINT('',(-27.315,1.5,11.8377223398316));
#11972=CARTESIAN_POINT('',(-27.315,0.,11.8377223398316));
#11973=CARTESIAN_POINT('Origin',(-25.815,0.,15.));
#11974=CARTESIAN_POINT('',(-25.5328992755925,0.,18.4886127875258));
#11975=CARTESIAN_POINT('Origin',(-25.815,0.,15.));
#11976=CARTESIAN_POINT('',(-25.5328992755925,1.5,18.4886127875258));
#11977=CARTESIAN_POINT('Origin',(-25.815,1.5,15.));
#11978=CARTESIAN_POINT('',(-25.5328992755925,0.,18.4886127875258));
#11979=CARTESIAN_POINT('Origin',(-9.53372240885253,0.,46.2));
#11980=CARTESIAN_POINT('',(-9.53372240885253,0.,46.2));
#11981=CARTESIAN_POINT('',(-9.53372240885253,0.,46.2));
#11982=CARTESIAN_POINT('',(-9.53372240885253,1.5,46.2));
#11983=CARTESIAN_POINT('',(-9.53372240885253,1.5,46.2));
#11984=CARTESIAN_POINT('',(-9.53372240885253,0.,46.2));
#11985=CARTESIAN_POINT('Origin',(-7.93318042491698,0.,46.2));
#11986=CARTESIAN_POINT('',(-7.93318042491698,0.,46.2));
#11987=CARTESIAN_POINT('',(-7.93318042491698,1.5,46.2));
#11988=CARTESIAN_POINT('Origin',(-14.6575,1.5,24.1));
#11989=CARTESIAN_POINT('Origin',(-14.6575,0.,24.1));
#11990=CARTESIAN_POINT('Origin',(-9.67348116142645,1.,-42.7345224612959));
#11991=CARTESIAN_POINT('',(-11.0856356785529,1.,-43.5120073679387));
#11992=CARTESIAN_POINT('',(-11.0856356785529,0.,-43.5120073679387));
#11993=CARTESIAN_POINT('',(-11.0856356785529,0.5,-43.5120073679387));
#11994=CARTESIAN_POINT('',(-9.67348116142645,1.,-42.7345224612959));
#11995=CARTESIAN_POINT('',(2.32164543343447,1.,-36.1304081326808));
#11996=CARTESIAN_POINT('',(-9.67348116142645,0.,-42.7345224612959));
#11997=CARTESIAN_POINT('',(-9.67348116142645,1.,-42.7345224612959));
#11998=CARTESIAN_POINT('',(2.32164543343447,0.,-36.1304081326808));
#11999=CARTESIAN_POINT('Origin',(-7.23180206302995,1.,-44.1442265460298));
#12000=CARTESIAN_POINT('',(-8.56758519887447,0.,-43.373011792971));
#12001=CARTESIAN_POINT('',(-8.56758519887447,1.,-43.373011792971));
#12002=CARTESIAN_POINT('',(-8.56758519887447,0.,-43.373011792971));
#12003=CARTESIAN_POINT('',(-24.5752409010682,0.,-34.1309874642147));
#12004=CARTESIAN_POINT('',(-24.5752409010682,1.,-34.1309874642147));
#12005=CARTESIAN_POINT('Origin',(-3.23180206302994,1.,-38.9468957085654));
#12006=CARTESIAN_POINT('',(-3.23180206302994,1.,-39.7347925420871));
#12007=CARTESIAN_POINT('',(-3.23180206302994,0.,-39.7347925420871));
#12008=CARTESIAN_POINT('',(-3.23180206302994,0.,-39.7347925420871));
#12009=CARTESIAN_POINT('',(-3.23180206302994,1.,-38.9468957085654));
#12010=CARTESIAN_POINT('',(-3.23180206302991,1.,-7.92344785428272));
#12011=CARTESIAN_POINT('',(-3.23180206302994,0.,-38.9468957085654));
#12012=CARTESIAN_POINT('',(-3.23180206302994,1.,-38.9468957085654));
#12013=CARTESIAN_POINT('',(-3.23180206302991,0.,-7.92344785428272));
#12014=CARTESIAN_POINT('Origin',(-0.673481161426439,1.,-37.5383700385893));
#12015=CARTESIAN_POINT('',(-2.00000000000002,0.,-38.2687068132553));
#12016=CARTESIAN_POINT('',(-2.00000000000002,1.,-38.2687068132553));
#12017=CARTESIAN_POINT('',(-2.00000000000002,0.5,-38.2687068132553));
#12018=CARTESIAN_POINT('',(6.77072300211137,0.,-33.4398409407289));
#12019=CARTESIAN_POINT('',(6.77072300211137,1.,-33.4398409407289));
#12020=CARTESIAN_POINT('Origin',(-9.23180206302994,1.,-41.8348254692713));
#12021=CARTESIAN_POINT('',(-8.31611304306124,1.,-42.3634987714442));
#12022=CARTESIAN_POINT('',(-8.31611304306124,0.,-42.3634987714442));
#12023=CARTESIAN_POINT('',(-8.31611304306124,0.,-42.3634987714442));
#12024=CARTESIAN_POINT('',(-9.23180206302994,1.,-41.8348254692713));
#12025=CARTESIAN_POINT('',(-25.3252409010682,1.,-32.5432742239431));
#12026=CARTESIAN_POINT('',(-9.23180206302994,0.,-41.8348254692713));
#12027=CARTESIAN_POINT('',(-9.23180206302994,1.,-41.8348254692713));
#12028=CARTESIAN_POINT('',(-25.3252409010682,0.,-32.5432742239431));
#12029=CARTESIAN_POINT('Origin',(-9.23180206302993,1.,-38.9468957085654));
#12030=CARTESIAN_POINT('',(-9.23180206302993,0.,-38.9468957085654));
#12031=CARTESIAN_POINT('',(-9.23180206302991,0.,-7.92344785428272));
#12032=CARTESIAN_POINT('',(-9.23180206302993,1.,-38.9468957085654));
#12033=CARTESIAN_POINT('',(-9.23180206302991,1.,-7.92344785428272));
#12034=CARTESIAN_POINT('',(-9.23180206302993,1.,-38.9468957085654));
#12035=CARTESIAN_POINT('Origin',(-6.67348116142644,1.,-37.5383700385893));
#12036=CARTESIAN_POINT('',(-6.67348116142644,0.,-37.5383700385893));
#12037=CARTESIAN_POINT('',(3.07288406404602,0.,-32.1723482856354));
#12038=CARTESIAN_POINT('',(-6.67348116142644,1.,-37.5383700385893));
#12039=CARTESIAN_POINT('',(3.07288406404602,1.,-32.1723482856354));
#12040=CARTESIAN_POINT('',(-6.67348116142644,1.,-37.5383700385893));
#12041=CARTESIAN_POINT('Origin',(-4.23180206302993,1.,-38.9480741233232));
#12042=CARTESIAN_POINT('',(-4.23180206302993,0.,-38.9480741233232));
#12043=CARTESIAN_POINT('',(-21.5752409010681,0.,-28.934835041508));
#12044=CARTESIAN_POINT('',(-4.23180206302993,1.,-38.9480741233232));
#12045=CARTESIAN_POINT('',(-21.5752409010681,1.,-28.934835041508));
#12046=CARTESIAN_POINT('',(-4.23180206302993,1.,-38.9480741233232));
#12047=CARTESIAN_POINT('Origin',(-4.23180206302994,1.,-41.9017850043272));
#12048=CARTESIAN_POINT('',(-4.23180206302993,0.,-39.6005408431533));
#12049=CARTESIAN_POINT('',(-4.23180206302993,1.,-39.6005408431533));
#12050=CARTESIAN_POINT('',(-4.23180206302993,0.,-39.6005408431533));
#12051=CARTESIAN_POINT('',(-4.23180206302991,0.,-9.40089250216361));
#12052=CARTESIAN_POINT('',(-4.23180206302991,1.,-9.40089250216361));
#12053=CARTESIAN_POINT('Origin',(-12.6734811614264,1.,-37.5383700385893));
#12054=CARTESIAN_POINT('',(-14.0856356785529,1.,-38.315854945232));
#12055=CARTESIAN_POINT('',(-14.0856356785529,0.,-38.315854945232));
#12056=CARTESIAN_POINT('',(-14.0856356785529,0.5,-38.315854945232));
#12057=CARTESIAN_POINT('',(-12.6734811614264,1.,-37.5383700385893));
#12058=CARTESIAN_POINT('',(-0.624954874019332,1.,-30.9048556305419));
#12059=CARTESIAN_POINT('',(-12.6734811614264,0.,-37.5383700385893));
#12060=CARTESIAN_POINT('',(-12.6734811614264,1.,-37.5383700385893));
#12061=CARTESIAN_POINT('',(-0.624954874019332,0.,-30.9048556305419));
#12062=CARTESIAN_POINT('Origin',(-10.2318020630299,1.,-38.9480741233232));
#12063=CARTESIAN_POINT('',(-10.2318020630299,0.,-38.9480741233232));
#12064=CARTESIAN_POINT('',(-25.3252409010682,0.,-30.2338731471847));
#12065=CARTESIAN_POINT('',(-10.2318020630299,1.,-38.9480741233232));
#12066=CARTESIAN_POINT('',(-25.3252409010682,1.,-30.2338731471847));
#12067=CARTESIAN_POINT('',(-10.2318020630299,1.,-38.9480741233232));
#12068=CARTESIAN_POINT('Origin',(-10.2318020630299,1.,-41.9017850043272));
#12069=CARTESIAN_POINT('',(-10.2318020630299,0.,-41.9017850043272));
#12070=CARTESIAN_POINT('',(-10.2318020630299,0.,-9.40089250216361));
#12071=CARTESIAN_POINT('',(-10.2318020630299,1.,-41.9017850043272));
#12072=CARTESIAN_POINT('',(-10.2318020630299,1.,-9.40089250216361));
#12073=CARTESIAN_POINT('',(-10.2318020630299,1.,-41.9017850043272));
#12074=CARTESIAN_POINT('Origin',(-12.7318020630299,1.,-43.2782011422454));
#12075=CARTESIAN_POINT('',(-11.5851194225966,1.38777878078145E-16,-42.6468761457002));
#12076=CARTESIAN_POINT('',(-11.5851194225966,1.,-42.6468761457002));
#12077=CARTESIAN_POINT('',(-11.5851194225966,0.5,-42.6468761457002));
#12078=CARTESIAN_POINT('',(0.551633870065384,1.38777878078145E-16,-35.9647869081197));
#12079=CARTESIAN_POINT('',(0.551633870065384,1.,-35.9647869081197));
#12080=CARTESIAN_POINT('Origin',(-6.23180206302992,1.,-36.6386730465647));
#12081=CARTESIAN_POINT('',(-3.73180206302992,0.,-38.0820487195388));
#12082=CARTESIAN_POINT('',(-6.23180206302992,0.,-36.6386730465647));
#12083=CARTESIAN_POINT('',(-22.3252409010682,0.,-27.3471218012365));
#12084=CARTESIAN_POINT('',(-3.73180206302992,1.,-38.0820487195388));
#12085=CARTESIAN_POINT('',(-3.73180206302992,1.,-38.0820487195388));
#12086=CARTESIAN_POINT('',(-6.23180206302992,1.,-36.6386730465647));
#12087=CARTESIAN_POINT('',(-22.3252409010682,1.,-27.3471218012365));
#12088=CARTESIAN_POINT('',(-6.23180206302992,1.,-36.6386730465647));
#12089=CARTESIAN_POINT('Origin',(-6.23180206302992,1.,-33.7507432858588));
#12090=CARTESIAN_POINT('',(-6.23180206302992,0.,-33.7507432858588));
#12091=CARTESIAN_POINT('',(-6.23180206302989,0.,-5.32537164292941));
#12092=CARTESIAN_POINT('',(-6.23180206302992,1.,-33.7507432858588));
#12093=CARTESIAN_POINT('',(-6.23180206302989,1.,-5.32537164292941));
#12094=CARTESIAN_POINT('',(-6.23180206302992,1.,-33.7507432858588));
#12095=CARTESIAN_POINT('Origin',(-3.67348116142642,1.,-32.3422176158827));
#12096=CARTESIAN_POINT('',(-3.67348116142642,0.,-32.3422176158827));
#12097=CARTESIAN_POINT('',(3.82412269465759,0.,-28.2142884385901));
#12098=CARTESIAN_POINT('',(-3.67348116142642,1.,-32.3422176158827));
#12099=CARTESIAN_POINT('',(3.82412269465759,1.,-28.2142884385901));
#12100=CARTESIAN_POINT('',(-3.67348116142642,1.,-32.3422176158827));
#12101=CARTESIAN_POINT('Origin',(-1.23180206302992,1.,-33.7519217006166));
#12102=CARTESIAN_POINT('',(-2.00000000000002,0.,-33.308402414916));
#12103=CARTESIAN_POINT('',(-2.00000000000002,1.,-33.308402414916));
#12104=CARTESIAN_POINT('',(-2.00000000000002,0.5,-33.308402414916));
#12105=CARTESIAN_POINT('',(-18.5752409010681,0.,-23.7386826188014));
#12106=CARTESIAN_POINT('',(-18.5752409010681,1.,-23.7386826188014));
#12107=CARTESIAN_POINT('Origin',(-3.73180206302992,1.,-38.0820487195388));
#12108=CARTESIAN_POINT('',(-2.00000000000002,1.,-37.128576596645));
#12109=CARTESIAN_POINT('',(-2.00000000000002,1.38777878078145E-16,-37.128576596645));
#12110=CARTESIAN_POINT('',(-2.00000000000002,0.5,-37.128576596645));
#12111=CARTESIAN_POINT('',(5.00071143874229,1.,-33.2742197161678));
#12112=CARTESIAN_POINT('',(5.00071143874229,1.38777878078145E-16,-33.2742197161678));
#12113=CARTESIAN_POINT('Origin',(-12.2318020630299,1.,-36.6386730465647));
#12114=CARTESIAN_POINT('',(-9.73180206302993,0.,-38.0820487195387));
#12115=CARTESIAN_POINT('',(-12.2318020630299,0.,-36.6386730465647));
#12116=CARTESIAN_POINT('',(-26.0752409010682,0.,-28.6461599069131));
#12117=CARTESIAN_POINT('',(-9.73180206302993,1.,-38.0820487195387));
#12118=CARTESIAN_POINT('',(-9.73180206302993,1.,-38.0820487195387));
#12119=CARTESIAN_POINT('',(-12.2318020630299,1.,-36.6386730465647));
#12120=CARTESIAN_POINT('',(-26.0752409010682,1.,-28.6461599069131));
#12121=CARTESIAN_POINT('',(-12.2318020630299,1.,-36.6386730465647));
#12122=CARTESIAN_POINT('Origin',(-12.2318020630299,1.,-33.7507432858588));
#12123=CARTESIAN_POINT('',(-12.2318020630299,0.,-33.7507432858588));
#12124=CARTESIAN_POINT('',(-12.2318020630299,0.,-5.3253716429294));
#12125=CARTESIAN_POINT('',(-12.2318020630299,1.,-33.7507432858588));
#12126=CARTESIAN_POINT('',(-12.2318020630299,1.,-5.3253716429294));
#12127=CARTESIAN_POINT('',(-12.2318020630299,1.,-33.7507432858588));
#12128=CARTESIAN_POINT('Origin',(-9.67348116142642,1.,-32.3422176158826));
#12129=CARTESIAN_POINT('',(-9.67348116142642,0.,-32.3422176158826));
#12130=CARTESIAN_POINT('',(0.126283756592227,0.,-26.9467957834966));
#12131=CARTESIAN_POINT('',(-9.67348116142642,1.,-32.3422176158826));
#12132=CARTESIAN_POINT('',(0.126283756592227,1.,-26.9467957834966));
#12133=CARTESIAN_POINT('',(-9.67348116142642,1.,-32.3422176158826));
#12134=CARTESIAN_POINT('Origin',(-7.23180206302992,1.,-33.7519217006166));
#12135=CARTESIAN_POINT('',(-7.23180206302992,0.,-33.7519217006166));
#12136=CARTESIAN_POINT('',(-22.3252409010681,0.,-25.037720724478));
#12137=CARTESIAN_POINT('',(-7.23180206302992,1.,-33.7519217006166));
#12138=CARTESIAN_POINT('',(-22.3252409010681,1.,-25.037720724478));
#12139=CARTESIAN_POINT('',(-7.23180206302992,1.,-33.7519217006166));
#12140=CARTESIAN_POINT('Origin',(-7.23180206302992,1.,-36.7056325816206));
#12141=CARTESIAN_POINT('',(-7.23180206302992,0.,-36.7056325816206));
#12142=CARTESIAN_POINT('',(-7.2318020630299,0.,-6.80281629081029));
#12143=CARTESIAN_POINT('',(-7.23180206302992,1.,-36.7056325816206));
#12144=CARTESIAN_POINT('',(-7.2318020630299,1.,-6.80281629081029));
#12145=CARTESIAN_POINT('',(-7.23180206302992,1.,-36.7056325816206));
#12146=CARTESIAN_POINT('Origin',(-9.73180206302993,1.,-38.0820487195387));
#12147=CARTESIAN_POINT('',(1.30287250067694,1.38777878078145E-16,-32.0067270610743));
#12148=CARTESIAN_POINT('',(1.30287250067694,1.,-32.0067270610743));
#12149=CARTESIAN_POINT('Origin',(-15.6734811614264,1.,-32.3422176158826));
#12150=CARTESIAN_POINT('',(-17.0856356785529,1.,-33.1197025225254));
#12151=CARTESIAN_POINT('',(-17.0856356785529,0.,-33.1197025225254));
#12152=CARTESIAN_POINT('',(-17.0856356785529,0.5,-33.1197025225254));
#12153=CARTESIAN_POINT('',(-15.6734811614264,1.,-32.3422176158826));
#12154=CARTESIAN_POINT('',(-3.57155518147313,1.,-25.6793031284031));
#12155=CARTESIAN_POINT('',(-15.6734811614264,0.,-32.3422176158826));
#12156=CARTESIAN_POINT('',(-15.6734811614264,1.,-32.3422176158826));
#12157=CARTESIAN_POINT('',(-3.57155518147313,0.,-25.6793031284031));
#12158=CARTESIAN_POINT('Origin',(-13.2318020630299,1.,-33.7519217006166));
#12159=CARTESIAN_POINT('',(-13.2318020630299,0.,-33.7519217006166));
#12160=CARTESIAN_POINT('',(-26.0752409010681,0.,-26.3367588301547));
#12161=CARTESIAN_POINT('',(-13.2318020630299,1.,-33.7519217006166));
#12162=CARTESIAN_POINT('',(-26.0752409010681,1.,-26.3367588301547));
#12163=CARTESIAN_POINT('',(-13.2318020630299,1.,-33.7519217006166));
#12164=CARTESIAN_POINT('Origin',(-13.2318020630299,1.,-36.7056325816206));
#12165=CARTESIAN_POINT('',(-13.2318020630299,0.,-36.7056325816206));
#12166=CARTESIAN_POINT('',(-13.2318020630299,0.,-6.80281629081029));
#12167=CARTESIAN_POINT('',(-13.2318020630299,1.,-36.7056325816206));
#12168=CARTESIAN_POINT('',(-13.2318020630299,1.,-6.80281629081029));
#12169=CARTESIAN_POINT('',(-13.2318020630299,1.,-36.7056325816206));
#12170=CARTESIAN_POINT('Origin',(-15.7318020630299,1.,-38.0820487195387));
#12171=CARTESIAN_POINT('',(-14.5851194225966,1.38777878078145E-16,-37.4507237229935));
#12172=CARTESIAN_POINT('',(-14.5851194225966,1.,-37.4507237229935));
#12173=CARTESIAN_POINT('',(-14.5851194225966,0.5,-37.4507237229936));
#12174=CARTESIAN_POINT('',(-2.3949664373884,1.38777878078145E-16,-30.7392344059809));
#12175=CARTESIAN_POINT('',(-2.3949664373884,1.,-30.7392344059809));
#12176=CARTESIAN_POINT('Origin',(-3.23180206302991,1.,-31.4425206238581));
#12177=CARTESIAN_POINT('',(-2.00000000000002,1.,-32.1537018765367));
#12178=CARTESIAN_POINT('',(-2.00000000000002,0.,-32.1537018765367));
#12179=CARTESIAN_POINT('',(-2.00000000000002,0.5,-32.1537018765367));
#12180=CARTESIAN_POINT('',(-3.23180206302991,1.,-31.4425206238581));
#12181=CARTESIAN_POINT('',(-19.3252409010682,1.,-22.1509693785299));
#12182=CARTESIAN_POINT('',(-3.23180206302991,0.,-31.4425206238581));
#12183=CARTESIAN_POINT('',(-3.23180206302991,1.,-31.4425206238581));
#12184=CARTESIAN_POINT('',(-19.3252409010682,0.,-22.1509693785299));
#12185=CARTESIAN_POINT('Origin',(-3.2318020630299,1.,-28.5545908631522));
#12186=CARTESIAN_POINT('',(-3.2318020630299,0.,-28.5545908631522));
#12187=CARTESIAN_POINT('',(-3.23180206302988,0.,-2.7272954315761));
#12188=CARTESIAN_POINT('',(-3.2318020630299,1.,-28.5545908631522));
#12189=CARTESIAN_POINT('',(-3.23180206302988,1.,-2.7272954315761));
#12190=CARTESIAN_POINT('',(-3.2318020630299,1.,-28.5545908631522));
#12191=CARTESIAN_POINT('Origin',(-0.673481161426408,1.,-27.146065193176));
#12192=CARTESIAN_POINT('',(-2.00000000000002,0.,-27.8764019678421));
#12193=CARTESIAN_POINT('',(-2.00000000000002,1.,-27.8764019678421));
#12194=CARTESIAN_POINT('',(-2.00000000000002,0.5,-27.8764019678421));
#12195=CARTESIAN_POINT('',(4.57536132526914,0.,-24.2562285915447));
#12196=CARTESIAN_POINT('',(4.57536132526914,1.,-24.2562285915447));
#12197=CARTESIAN_POINT('Origin',(-9.23180206302991,1.,-31.4425206238581));
#12198=CARTESIAN_POINT('',(-6.73180206302991,0.,-32.8858962968321));
#12199=CARTESIAN_POINT('',(-9.23180206302991,0.,-31.4425206238581));
#12200=CARTESIAN_POINT('',(-23.0752409010682,0.,-23.4500074842065));
#12201=CARTESIAN_POINT('',(-6.73180206302991,1.,-32.8858962968321));
#12202=CARTESIAN_POINT('',(-6.73180206302991,1.,-32.8858962968321));
#12203=CARTESIAN_POINT('',(-9.23180206302991,1.,-31.4425206238581));
#12204=CARTESIAN_POINT('',(-23.0752409010682,1.,-23.4500074842065));
#12205=CARTESIAN_POINT('',(-9.23180206302991,1.,-31.4425206238581));
#12206=CARTESIAN_POINT('Origin',(-9.23180206302991,1.,-28.5545908631522));
#12207=CARTESIAN_POINT('',(-9.23180206302991,0.,-28.5545908631522));
#12208=CARTESIAN_POINT('',(-9.23180206302989,0.,-2.7272954315761));
#12209=CARTESIAN_POINT('',(-9.23180206302991,1.,-28.5545908631522));
#12210=CARTESIAN_POINT('',(-9.23180206302989,1.,-2.7272954315761));
#12211=CARTESIAN_POINT('',(-9.23180206302991,1.,-28.5545908631522));
#12212=CARTESIAN_POINT('Origin',(-6.67348116142641,1.,-27.146065193176));
#12213=CARTESIAN_POINT('',(-6.67348116142641,0.,-27.146065193176));
#12214=CARTESIAN_POINT('',(0.877522387203786,0.,-22.9887359364513));
#12215=CARTESIAN_POINT('',(-6.67348116142641,1.,-27.146065193176));
#12216=CARTESIAN_POINT('',(0.877522387203786,1.,-22.9887359364513));
#12217=CARTESIAN_POINT('',(-6.67348116142641,1.,-27.146065193176));
#12218=CARTESIAN_POINT('Origin',(-4.23180206302991,1.,-28.55576927791));
#12219=CARTESIAN_POINT('',(-4.23180206302991,0.,-28.55576927791));
#12220=CARTESIAN_POINT('',(-19.3252409010681,0.,-19.8415683017714));
#12221=CARTESIAN_POINT('',(-4.23180206302991,1.,-28.55576927791));
#12222=CARTESIAN_POINT('',(-19.3252409010681,1.,-19.8415683017714));
#12223=CARTESIAN_POINT('',(-4.23180206302991,1.,-28.55576927791));
#12224=CARTESIAN_POINT('Origin',(-4.23180206302991,1.,-31.509480158914));
#12225=CARTESIAN_POINT('',(-4.23180206302991,0.,-31.509480158914));
#12226=CARTESIAN_POINT('',(-4.23180206302989,0.,-4.20474007945699));
#12227=CARTESIAN_POINT('',(-4.23180206302991,1.,-31.509480158914));
#12228=CARTESIAN_POINT('',(-4.23180206302989,1.,-4.20474007945699));
#12229=CARTESIAN_POINT('',(-4.23180206302991,1.,-31.509480158914));
#12230=CARTESIAN_POINT('Origin',(-6.73180206302991,1.,-32.8858962968321));
#12231=CARTESIAN_POINT('',(2.0541111312885,1.38777878078145E-16,-28.048667214029));
#12232=CARTESIAN_POINT('',(2.0541111312885,1.,-28.048667214029));
#12233=CARTESIAN_POINT('Origin',(-15.2318020630299,1.,-31.4425206238581));
#12234=CARTESIAN_POINT('',(-12.7318020630299,0.,-32.8858962968321));
#12235=CARTESIAN_POINT('',(-15.2318020630299,0.,-31.4425206238581));
#12236=CARTESIAN_POINT('',(-26.8252409010682,0.,-24.7490455898832));
#12237=CARTESIAN_POINT('',(-12.7318020630299,1.,-32.8858962968321));
#12238=CARTESIAN_POINT('',(-12.7318020630299,1.,-32.8858962968321));
#12239=CARTESIAN_POINT('',(-15.2318020630299,1.,-31.4425206238581));
#12240=CARTESIAN_POINT('',(-26.8252409010682,1.,-24.7490455898832));
#12241=CARTESIAN_POINT('',(-15.2318020630299,1.,-31.4425206238581));
#12242=CARTESIAN_POINT('Origin',(-15.2318020630299,1.,-28.5545908631522));
#12243=CARTESIAN_POINT('',(-15.2318020630299,0.,-28.5545908631522));
#12244=CARTESIAN_POINT('',(-15.2318020630299,0.,-2.7272954315761));
#12245=CARTESIAN_POINT('',(-15.2318020630299,1.,-28.5545908631522));
#12246=CARTESIAN_POINT('',(-15.2318020630299,1.,-2.7272954315761));
#12247=CARTESIAN_POINT('',(-15.2318020630299,1.,-28.5545908631522));
#12248=CARTESIAN_POINT('Origin',(-12.6734811614264,1.,-27.146065193176));
#12249=CARTESIAN_POINT('',(-12.6734811614264,0.,-27.146065193176));
#12250=CARTESIAN_POINT('',(-2.82031655086157,0.,-21.7212432813578));
#12251=CARTESIAN_POINT('',(-12.6734811614264,1.,-27.146065193176));
#12252=CARTESIAN_POINT('',(-2.82031655086157,1.,-21.7212432813578));
#12253=CARTESIAN_POINT('',(-12.6734811614264,1.,-27.146065193176));
#12254=CARTESIAN_POINT('Origin',(-10.2318020630299,1.,-28.55576927791));
#12255=CARTESIAN_POINT('',(-10.2318020630299,0.,-28.55576927791));
#12256=CARTESIAN_POINT('',(-23.0752409010681,0.,-21.1406064074481));
#12257=CARTESIAN_POINT('',(-10.2318020630299,1.,-28.55576927791));
#12258=CARTESIAN_POINT('',(-23.0752409010681,1.,-21.1406064074481));
#12259=CARTESIAN_POINT('',(-10.2318020630299,1.,-28.55576927791));
#12260=CARTESIAN_POINT('Origin',(-10.2318020630299,1.,-31.509480158914));
#12261=CARTESIAN_POINT('',(-10.2318020630299,0.,-31.509480158914));
#12262=CARTESIAN_POINT('',(-10.2318020630299,0.,-4.20474007945699));
#12263=CARTESIAN_POINT('',(-10.2318020630299,1.,-31.509480158914));
#12264=CARTESIAN_POINT('',(-10.2318020630299,1.,-4.20474007945699));
#12265=CARTESIAN_POINT('',(-10.2318020630299,1.,-31.509480158914));
#12266=CARTESIAN_POINT('Origin',(-12.7318020630299,1.,-32.8858962968321));
#12267=CARTESIAN_POINT('',(-1.64372780677684,1.38777878078145E-16,-26.7811745589355));
#12268=CARTESIAN_POINT('',(-1.64372780677684,1.,-26.7811745589355));
#12269=CARTESIAN_POINT('Origin',(-18.6734811614264,1.,-27.146065193176));
#12270=CARTESIAN_POINT('',(-20.0856356785529,1.,-27.9235500998188));
#12271=CARTESIAN_POINT('',(-20.0856356785529,0.,-27.9235500998188));
#12272=CARTESIAN_POINT('',(-20.0856356785529,0.5,-27.9235500998188));
#12273=CARTESIAN_POINT('',(-18.6734811614264,1.,-27.146065193176));
#12274=CARTESIAN_POINT('',(-6.51815548892692,1.,-20.4537506262643));
#12275=CARTESIAN_POINT('',(-18.6734811614264,0.,-27.146065193176));
#12276=CARTESIAN_POINT('',(-18.6734811614264,1.,-27.146065193176));
#12277=CARTESIAN_POINT('',(-6.51815548892692,0.,-20.4537506262643));
#12278=CARTESIAN_POINT('Origin',(-16.2318020630299,1.,-28.5557692779099));
#12279=CARTESIAN_POINT('',(-16.2318020630299,0.,-28.5557692779099));
#12280=CARTESIAN_POINT('',(-26.8252409010681,0.,-22.4396445131247));
#12281=CARTESIAN_POINT('',(-16.2318020630299,1.,-28.5557692779099));
#12282=CARTESIAN_POINT('',(-26.8252409010681,1.,-22.4396445131247));
#12283=CARTESIAN_POINT('',(-16.2318020630299,1.,-28.5557692779099));
#12284=CARTESIAN_POINT('Origin',(-16.2318020630299,1.,-31.509480158914));
#12285=CARTESIAN_POINT('',(-16.2318020630299,0.,-31.509480158914));
#12286=CARTESIAN_POINT('',(-16.2318020630299,0.,-4.20474007945698));
#12287=CARTESIAN_POINT('',(-16.2318020630299,1.,-31.509480158914));
#12288=CARTESIAN_POINT('',(-16.2318020630299,1.,-4.20474007945698));
#12289=CARTESIAN_POINT('',(-16.2318020630299,1.,-31.509480158914));
#12290=CARTESIAN_POINT('Origin',(-18.7318020630299,1.,-32.8858962968321));
#12291=CARTESIAN_POINT('',(-17.5851194225966,1.38777878078145E-16,-32.2545713002869));
#12292=CARTESIAN_POINT('',(-17.5851194225966,1.,-32.2545713002869));
#12293=CARTESIAN_POINT('',(-17.5851194225966,0.5,-32.2545713002869));
#12294=CARTESIAN_POINT('',(-5.34156674484219,1.38777878078145E-16,-25.513681903842));
#12295=CARTESIAN_POINT('',(-5.34156674484219,1.,-25.513681903842));
#12296=CARTESIAN_POINT('Origin',(-6.2318020630299,1.,-26.2463682011514));
#12297=CARTESIAN_POINT('',(-3.7318020630299,0.,-27.6897438741255));
#12298=CARTESIAN_POINT('',(-6.2318020630299,0.,-26.2463682011514));
#12299=CARTESIAN_POINT('',(-20.0752409010681,0.,-18.2538550614999));
#12300=CARTESIAN_POINT('',(-3.7318020630299,1.,-27.6897438741255));
#12301=CARTESIAN_POINT('',(-3.7318020630299,1.,-27.6897438741255));
#12302=CARTESIAN_POINT('',(-6.2318020630299,1.,-26.2463682011514));
#12303=CARTESIAN_POINT('',(-20.0752409010681,1.,-18.2538550614999));
#12304=CARTESIAN_POINT('',(-6.2318020630299,1.,-26.2463682011514));
#12305=CARTESIAN_POINT('Origin',(-6.23180206302989,1.,-23.3584384404456));
#12306=CARTESIAN_POINT('',(-6.23180206302989,0.,-23.3584384404456));
#12307=CARTESIAN_POINT('',(-6.23180206302988,0.,-0.129219220222779));
#12308=CARTESIAN_POINT('',(-6.23180206302989,1.,-23.3584384404456));
#12309=CARTESIAN_POINT('',(-6.23180206302988,1.,-0.129219220222779));
#12310=CARTESIAN_POINT('',(-6.23180206302989,1.,-23.3584384404456));
#12311=CARTESIAN_POINT('Origin',(-3.6734811614264,1.,-21.9499127704694));
#12312=CARTESIAN_POINT('',(-3.6734811614264,0.,-21.9499127704694));
#12313=CARTESIAN_POINT('',(1.62876101781534,0.,-19.0306760894059));
#12314=CARTESIAN_POINT('',(-3.6734811614264,1.,-21.9499127704694));
#12315=CARTESIAN_POINT('',(1.62876101781534,1.,-19.0306760894059));
#12316=CARTESIAN_POINT('',(-3.6734811614264,1.,-21.9499127704694));
#12317=CARTESIAN_POINT('Origin',(-1.23180206302989,1.,-23.3596168552033));
#12318=CARTESIAN_POINT('',(-2.00000000000001,0.,-22.9160975695027));
#12319=CARTESIAN_POINT('',(-2.00000000000001,1.,-22.9160975695027));
#12320=CARTESIAN_POINT('',(-2.00000000000002,0.5,-22.9160975695027));
#12321=CARTESIAN_POINT('',(-16.3252409010681,0.,-14.6454158790648));
#12322=CARTESIAN_POINT('',(-16.3252409010681,1.,-14.6454158790648));
#12323=CARTESIAN_POINT('Origin',(-3.7318020630299,1.,-27.6897438741255));
#12324=CARTESIAN_POINT('',(-2.00000000000002,1.,-26.7362717512318));
#12325=CARTESIAN_POINT('',(-2.00000000000002,1.38777878078145E-16,-26.7362717512318));
#12326=CARTESIAN_POINT('',(-2.00000000000002,0.5,-26.7362717512318));
#12327=CARTESIAN_POINT('',(2.80534976190006,1.,-24.0906073669836));
#12328=CARTESIAN_POINT('',(2.80534976190006,1.38777878078145E-16,-24.0906073669836));
#12329=CARTESIAN_POINT('Origin',(-12.2318020630299,1.,-26.2463682011514));
#12330=CARTESIAN_POINT('',(-9.7318020630299,0.,-27.6897438741255));
#12331=CARTESIAN_POINT('',(-12.2318020630299,0.,-26.2463682011514));
#12332=CARTESIAN_POINT('',(-23.8252409010682,0.,-19.5528931671765));
#12333=CARTESIAN_POINT('',(-9.7318020630299,1.,-27.6897438741255));
#12334=CARTESIAN_POINT('',(-9.7318020630299,1.,-27.6897438741255));
#12335=CARTESIAN_POINT('',(-12.2318020630299,1.,-26.2463682011514));
#12336=CARTESIAN_POINT('',(-23.8252409010682,1.,-19.5528931671765));
#12337=CARTESIAN_POINT('',(-12.2318020630299,1.,-26.2463682011514));
#12338=CARTESIAN_POINT('Origin',(-12.2318020630299,1.,-23.3584384404456));
#12339=CARTESIAN_POINT('',(-12.2318020630299,0.,-23.3584384404456));
#12340=CARTESIAN_POINT('',(-12.2318020630299,0.,-0.129219220222777));
#12341=CARTESIAN_POINT('',(-12.2318020630299,1.,-23.3584384404456));
#12342=CARTESIAN_POINT('',(-12.2318020630299,1.,-0.129219220222777));
#12343=CARTESIAN_POINT('',(-12.2318020630299,1.,-23.3584384404456));
#12344=CARTESIAN_POINT('Origin',(-9.6734811614264,1.,-21.9499127704694));
#12345=CARTESIAN_POINT('',(-9.6734811614264,0.,-21.9499127704694));
#12346=CARTESIAN_POINT('',(-2.06907792025001,0.,-17.7631834343125));
#12347=CARTESIAN_POINT('',(-9.6734811614264,1.,-21.9499127704694));
#12348=CARTESIAN_POINT('',(-2.06907792025001,1.,-17.7631834343125));
#12349=CARTESIAN_POINT('',(-9.6734811614264,1.,-21.9499127704694));
#12350=CARTESIAN_POINT('Origin',(-7.2318020630299,1.,-23.3596168552033));
#12351=CARTESIAN_POINT('',(-7.2318020630299,0.,-23.3596168552033));
#12352=CARTESIAN_POINT('',(-20.0752409010681,0.,-15.9444539847414));
#12353=CARTESIAN_POINT('',(-7.2318020630299,1.,-23.3596168552033));
#12354=CARTESIAN_POINT('',(-20.0752409010681,1.,-15.9444539847414));
#12355=CARTESIAN_POINT('',(-7.2318020630299,1.,-23.3596168552033));
#12356=CARTESIAN_POINT('Origin',(-7.2318020630299,1.,-26.3133277362073));
#12357=CARTESIAN_POINT('',(-7.2318020630299,0.,-26.3133277362073));
#12358=CARTESIAN_POINT('',(-7.23180206302988,0.,-1.60666386810367));
#12359=CARTESIAN_POINT('',(-7.2318020630299,1.,-26.3133277362073));
#12360=CARTESIAN_POINT('',(-7.23180206302988,1.,-1.60666386810367));
#12361=CARTESIAN_POINT('',(-7.2318020630299,1.,-26.3133277362073));
#12362=CARTESIAN_POINT('Origin',(-9.7318020630299,1.,-27.6897438741255));
#12363=CARTESIAN_POINT('',(-0.892489176165283,1.38777878078145E-16,-22.8231147118902));
#12364=CARTESIAN_POINT('',(-0.892489176165283,1.,-22.8231147118902));
#12365=CARTESIAN_POINT('Origin',(-18.2318020630299,1.,-26.2463682011514));
#12366=CARTESIAN_POINT('',(-15.7318020630299,0.,-27.6897438741255));
#12367=CARTESIAN_POINT('',(-18.2318020630299,0.,-26.2463682011514));
#12368=CARTESIAN_POINT('',(-27.5752409010682,0.,-20.8519312728532));
#12369=CARTESIAN_POINT('',(-15.7318020630299,1.,-27.6897438741255));
#12370=CARTESIAN_POINT('',(-15.7318020630299,1.,-27.6897438741255));
#12371=CARTESIAN_POINT('',(-18.2318020630299,1.,-26.2463682011514));
#12372=CARTESIAN_POINT('',(-27.5752409010682,1.,-20.8519312728532));
#12373=CARTESIAN_POINT('',(-18.2318020630299,1.,-26.2463682011514));
#12374=CARTESIAN_POINT('Origin',(-18.2318020630299,1.,-23.3584384404456));
#12375=CARTESIAN_POINT('',(-18.2318020630299,0.,-23.3584384404456));
#12376=CARTESIAN_POINT('',(-18.2318020630299,0.,-0.129219220222775));
#12377=CARTESIAN_POINT('',(-18.2318020630299,1.,-23.3584384404456));
#12378=CARTESIAN_POINT('',(-18.2318020630299,1.,-0.129219220222775));
#12379=CARTESIAN_POINT('',(-18.2318020630299,1.,-23.3584384404456));
#12380=CARTESIAN_POINT('Origin',(-15.6734811614264,1.,-21.9499127704694));
#12381=CARTESIAN_POINT('',(-15.6734811614264,0.,-21.9499127704694));
#12382=CARTESIAN_POINT('',(-5.76691685831536,0.,-16.495690779219));
#12383=CARTESIAN_POINT('',(-15.6734811614264,1.,-21.9499127704694));
#12384=CARTESIAN_POINT('',(-5.76691685831536,1.,-16.495690779219));
#12385=CARTESIAN_POINT('',(-15.6734811614264,1.,-21.9499127704694));
#12386=CARTESIAN_POINT('Origin',(-13.2318020630299,1.,-23.3596168552033));
#12387=CARTESIAN_POINT('',(-13.2318020630299,0.,-23.3596168552033));
#12388=CARTESIAN_POINT('',(-23.8252409010681,0.,-17.2434920904181));
#12389=CARTESIAN_POINT('',(-13.2318020630299,1.,-23.3596168552033));
#12390=CARTESIAN_POINT('',(-23.8252409010681,1.,-17.2434920904181));
#12391=CARTESIAN_POINT('',(-13.2318020630299,1.,-23.3596168552033));
#12392=CARTESIAN_POINT('Origin',(-13.2318020630299,1.,-26.3133277362073));
#12393=CARTESIAN_POINT('',(-13.2318020630299,0.,-26.3133277362073));
#12394=CARTESIAN_POINT('',(-13.2318020630299,0.,-1.60666386810367));
#12395=CARTESIAN_POINT('',(-13.2318020630299,1.,-26.3133277362073));
#12396=CARTESIAN_POINT('',(-13.2318020630299,1.,-1.60666386810367));
#12397=CARTESIAN_POINT('',(-13.2318020630299,1.,-26.3133277362073));
#12398=CARTESIAN_POINT('Origin',(-15.7318020630299,1.,-27.6897438741255));
#12399=CARTESIAN_POINT('',(-4.59032811423063,1.38777878078145E-16,-21.5556220567967));
#12400=CARTESIAN_POINT('',(-4.59032811423063,1.,-21.5556220567967));
#12401=CARTESIAN_POINT('Origin',(-21.6734811614264,1.,-21.9499127704694));
#12402=CARTESIAN_POINT('',(-23.0856356785529,1.,-22.7273976771122));
#12403=CARTESIAN_POINT('',(-23.0856356785529,0.,-22.7273976771122));
#12404=CARTESIAN_POINT('',(-23.0856356785529,0.5,-22.7273976771122));
#12405=CARTESIAN_POINT('',(-21.6734811614264,1.,-21.9499127704694));
#12406=CARTESIAN_POINT('',(-9.46475579638071,1.,-15.2281981241255));
#12407=CARTESIAN_POINT('',(-21.6734811614264,0.,-21.9499127704694));
#12408=CARTESIAN_POINT('',(-21.6734811614264,1.,-21.9499127704694));
#12409=CARTESIAN_POINT('',(-9.46475579638071,0.,-15.2281981241255));
#12410=CARTESIAN_POINT('Origin',(-19.2318020630299,1.,-23.3596168552033));
#12411=CARTESIAN_POINT('',(-19.2318020630299,0.,-23.3596168552033));
#12412=CARTESIAN_POINT('',(-27.5752409010681,0.,-18.5425301960948));
#12413=CARTESIAN_POINT('',(-19.2318020630299,1.,-23.3596168552033));
#12414=CARTESIAN_POINT('',(-27.5752409010681,1.,-18.5425301960948));
#12415=CARTESIAN_POINT('',(-19.2318020630299,1.,-23.3596168552033));
#12416=CARTESIAN_POINT('Origin',(-19.2318020630299,1.,-26.3133277362073));
#12417=CARTESIAN_POINT('',(-19.2318020630299,0.,-26.3133277362073));
#12418=CARTESIAN_POINT('',(-19.2318020630299,0.,-1.60666386810367));
#12419=CARTESIAN_POINT('',(-19.2318020630299,1.,-26.3133277362073));
#12420=CARTESIAN_POINT('',(-19.2318020630299,1.,-1.60666386810367));
#12421=CARTESIAN_POINT('',(-19.2318020630299,1.,-26.3133277362073));
#12422=CARTESIAN_POINT('Origin',(-21.7318020630299,1.,-27.6897438741255));
#12423=CARTESIAN_POINT('',(-20.5851194225966,1.38777878078145E-16,-27.0584188775803));
#12424=CARTESIAN_POINT('',(-20.5851194225966,1.,-27.0584188775803));
#12425=CARTESIAN_POINT('',(-20.5851194225966,0.5,-27.0584188775803));
#12426=CARTESIAN_POINT('',(-8.28816705229598,1.38777878078145E-16,-20.2881294017033));
#12427=CARTESIAN_POINT('',(-8.28816705229598,1.,-20.2881294017033));
#12428=CARTESIAN_POINT('Origin',(-3.23180206302988,1.,-21.0502157784448));
#12429=CARTESIAN_POINT('',(-2.00000000000001,1.,-21.7613970311234));
#12430=CARTESIAN_POINT('',(-2.00000000000001,0.,-21.7613970311234));
#12431=CARTESIAN_POINT('',(-2.00000000000001,0.5,-21.7613970311235));
#12432=CARTESIAN_POINT('',(-3.23180206302988,1.,-21.0502157784448));
#12433=CARTESIAN_POINT('',(-17.0752409010681,1.,-13.0577026387933));
#12434=CARTESIAN_POINT('',(-3.23180206302988,0.,-21.0502157784448));
#12435=CARTESIAN_POINT('',(-3.23180206302988,1.,-21.0502157784448));
#12436=CARTESIAN_POINT('',(-17.0752409010681,0.,-13.0577026387933));
#12437=CARTESIAN_POINT('Origin',(-3.23180206302988,1.,-18.1622860177389));
#12438=CARTESIAN_POINT('',(-3.23180206302988,0.,-18.1622860177389));
#12439=CARTESIAN_POINT('',(-3.23180206302986,0.,2.46885699113053));
#12440=CARTESIAN_POINT('',(-3.23180206302988,1.,-18.1622860177389));
#12441=CARTESIAN_POINT('',(-3.23180206302986,1.,2.46885699113053));
#12442=CARTESIAN_POINT('',(-3.23180206302988,1.,-18.1622860177389));
#12443=CARTESIAN_POINT('Origin',(-0.673481161426381,1.,-16.7537603477628));
#12444=CARTESIAN_POINT('',(-2.00000000000001,0.,-17.4840971224289));
#12445=CARTESIAN_POINT('',(-2.00000000000001,1.,-17.4840971224289));
#12446=CARTESIAN_POINT('',(-2.00000000000001,0.5,-17.4840971224289));
#12447=CARTESIAN_POINT('',(2.3799996484269,0.,-15.0726162423606));
#12448=CARTESIAN_POINT('',(2.3799996484269,1.,-15.0726162423606));
#12449=CARTESIAN_POINT('Origin',(-9.23180206302988,1.,-21.0502157784448));
#12450=CARTESIAN_POINT('',(-6.73180206302988,0.,-22.4935914514189));
#12451=CARTESIAN_POINT('',(-9.23180206302988,0.,-21.0502157784448));
#12452=CARTESIAN_POINT('',(-20.8252409010681,0.,-14.3567407444699));
#12453=CARTESIAN_POINT('',(-6.73180206302988,1.,-22.4935914514189));
#12454=CARTESIAN_POINT('',(-6.73180206302988,1.,-22.4935914514189));
#12455=CARTESIAN_POINT('',(-9.23180206302988,1.,-21.0502157784448));
#12456=CARTESIAN_POINT('',(-20.8252409010681,1.,-14.3567407444699));
#12457=CARTESIAN_POINT('',(-9.23180206302988,1.,-21.0502157784448));
#12458=CARTESIAN_POINT('Origin',(-9.23180206302988,1.,-18.1622860177389));
#12459=CARTESIAN_POINT('',(-9.23180206302988,0.,-18.1622860177389));
#12460=CARTESIAN_POINT('',(-9.23180206302986,0.,2.46885699113053));
#12461=CARTESIAN_POINT('',(-9.23180206302988,1.,-18.1622860177389));
#12462=CARTESIAN_POINT('',(-9.23180206302986,1.,2.46885699113053));
#12463=CARTESIAN_POINT('',(-9.23180206302988,1.,-18.1622860177389));
#12464=CARTESIAN_POINT('Origin',(-6.67348116142638,1.,-16.7537603477628));
#12465=CARTESIAN_POINT('',(-6.67348116142638,0.,-16.7537603477628));
#12466=CARTESIAN_POINT('',(-1.31783928963845,0.,-13.8051235872671));
#12467=CARTESIAN_POINT('',(-6.67348116142638,1.,-16.7537603477628));
#12468=CARTESIAN_POINT('',(-1.31783928963845,1.,-13.8051235872671));
#12469=CARTESIAN_POINT('',(-6.67348116142638,1.,-16.7537603477628));
#12470=CARTESIAN_POINT('Origin',(-4.23180206302988,1.,-18.1634644324967));
#12471=CARTESIAN_POINT('',(-4.23180206302988,0.,-18.1634644324967));
#12472=CARTESIAN_POINT('',(-17.0752409010681,0.,-10.7483015620348));
#12473=CARTESIAN_POINT('',(-4.23180206302988,1.,-18.1634644324967));
#12474=CARTESIAN_POINT('',(-17.0752409010681,1.,-10.7483015620348));
#12475=CARTESIAN_POINT('',(-4.23180206302988,1.,-18.1634644324967));
#12476=CARTESIAN_POINT('Origin',(-4.23180206302988,1.,-21.1171753135007));
#12477=CARTESIAN_POINT('',(-4.23180206302988,0.,-21.1171753135007));
#12478=CARTESIAN_POINT('',(-4.23180206302986,0.,0.991412343249639));
#12479=CARTESIAN_POINT('',(-4.23180206302988,1.,-21.1171753135007));
#12480=CARTESIAN_POINT('',(-4.23180206302986,1.,0.991412343249639));
#12481=CARTESIAN_POINT('',(-4.23180206302988,1.,-21.1171753135007));
#12482=CARTESIAN_POINT('Origin',(-6.73180206302988,1.,-22.4935914514189));
#12483=CARTESIAN_POINT('',(-0.141250545553722,1.38777878078145E-16,-18.8650548648448));
#12484=CARTESIAN_POINT('',(-0.141250545553722,1.,-18.8650548648448));
#12485=CARTESIAN_POINT('Origin',(-15.2318020630299,1.,-21.0502157784448));
#12486=CARTESIAN_POINT('',(-12.7318020630299,0.,-22.4935914514189));
#12487=CARTESIAN_POINT('',(-15.2318020630299,0.,-21.0502157784448));
#12488=CARTESIAN_POINT('',(-24.5752409010681,0.,-15.6557788501466));
#12489=CARTESIAN_POINT('',(-12.7318020630299,1.,-22.4935914514189));
#12490=CARTESIAN_POINT('',(-12.7318020630299,1.,-22.4935914514189));
#12491=CARTESIAN_POINT('',(-15.2318020630299,1.,-21.0502157784448));
#12492=CARTESIAN_POINT('',(-24.5752409010681,1.,-15.6557788501466));
#12493=CARTESIAN_POINT('',(-15.2318020630299,1.,-21.0502157784448));
#12494=CARTESIAN_POINT('Origin',(-15.2318020630299,1.,-18.1622860177389));
#12495=CARTESIAN_POINT('',(-15.2318020630299,0.,-18.1622860177389));
#12496=CARTESIAN_POINT('',(-15.2318020630299,0.,2.46885699113054));
#12497=CARTESIAN_POINT('',(-15.2318020630299,1.,-18.1622860177389));
#12498=CARTESIAN_POINT('',(-15.2318020630299,1.,2.46885699113054));
#12499=CARTESIAN_POINT('',(-15.2318020630299,1.,-18.1622860177389));
#12500=CARTESIAN_POINT('Origin',(-12.6734811614264,1.,-16.7537603477628));
#12501=CARTESIAN_POINT('',(-12.6734811614264,0.,-16.7537603477628));
#12502=CARTESIAN_POINT('',(-5.0156782277038,0.,-12.5376309321736));
#12503=CARTESIAN_POINT('',(-12.6734811614264,1.,-16.7537603477628));
#12504=CARTESIAN_POINT('',(-5.0156782277038,1.,-12.5376309321736));
#12505=CARTESIAN_POINT('',(-12.6734811614264,1.,-16.7537603477628));
#12506=CARTESIAN_POINT('Origin',(-10.2318020630299,1.,-18.1634644324967));
#12507=CARTESIAN_POINT('',(-10.2318020630299,0.,-18.1634644324967));
#12508=CARTESIAN_POINT('',(-20.8252409010681,0.,-12.0473396677115));
#12509=CARTESIAN_POINT('',(-10.2318020630299,1.,-18.1634644324967));
#12510=CARTESIAN_POINT('',(-20.8252409010681,1.,-12.0473396677115));
#12511=CARTESIAN_POINT('',(-10.2318020630299,1.,-18.1634644324967));
#12512=CARTESIAN_POINT('Origin',(-10.2318020630299,1.,-21.1171753135007));
#12513=CARTESIAN_POINT('',(-10.2318020630299,0.,-21.1171753135007));
#12514=CARTESIAN_POINT('',(-10.2318020630299,0.,0.99141234324965));
#12515=CARTESIAN_POINT('',(-10.2318020630299,1.,-21.1171753135007));
#12516=CARTESIAN_POINT('',(-10.2318020630299,1.,0.99141234324965));
#12517=CARTESIAN_POINT('',(-10.2318020630299,1.,-21.1171753135007));
#12518=CARTESIAN_POINT('Origin',(-12.7318020630299,1.,-22.4935914514189));
#12519=CARTESIAN_POINT('',(-3.83908948361907,1.38777878078145E-16,-17.5975622097513));
#12520=CARTESIAN_POINT('',(-3.83908948361907,1.,-17.5975622097513));
#12521=CARTESIAN_POINT('Origin',(-21.2318020630299,1.,-21.0502157784448));
#12522=CARTESIAN_POINT('',(-18.7318020630299,0.,-22.4935914514189));
#12523=CARTESIAN_POINT('',(-21.2318020630299,0.,-21.0502157784448));
#12524=CARTESIAN_POINT('',(-28.3252409010682,0.,-16.9548169558232));
#12525=CARTESIAN_POINT('',(-18.7318020630299,1.,-22.4935914514189));
#12526=CARTESIAN_POINT('',(-18.7318020630299,1.,-22.4935914514189));
#12527=CARTESIAN_POINT('',(-21.2318020630299,1.,-21.0502157784448));
#12528=CARTESIAN_POINT('',(-28.3252409010682,1.,-16.9548169558232));
#12529=CARTESIAN_POINT('',(-21.2318020630299,1.,-21.0502157784448));
#12530=CARTESIAN_POINT('Origin',(-21.2318020630299,1.,-18.1622860177389));
#12531=CARTESIAN_POINT('',(-21.2318020630299,0.,-18.1622860177389));
#12532=CARTESIAN_POINT('',(-21.2318020630299,0.,2.46885699113055));
#12533=CARTESIAN_POINT('',(-21.2318020630299,1.,-18.1622860177389));
#12534=CARTESIAN_POINT('',(-21.2318020630299,1.,2.46885699113055));
#12535=CARTESIAN_POINT('',(-21.2318020630299,1.,-18.1622860177389));
#12536=CARTESIAN_POINT('Origin',(-18.6734811614264,1.,-16.7537603477628));
#12537=CARTESIAN_POINT('',(-18.6734811614264,0.,-16.7537603477628));
#12538=CARTESIAN_POINT('',(-8.71351716576916,0.,-11.2701382770802));
#12539=CARTESIAN_POINT('',(-18.6734811614264,1.,-16.7537603477628));
#12540=CARTESIAN_POINT('',(-8.71351716576916,1.,-11.2701382770802));
#12541=CARTESIAN_POINT('',(-18.6734811614264,1.,-16.7537603477628));
#12542=CARTESIAN_POINT('Origin',(-16.2318020630299,1.,-18.1634644324967));
#12543=CARTESIAN_POINT('',(-16.2318020630299,0.,-18.1634644324967));
#12544=CARTESIAN_POINT('',(-24.5752409010681,0.,-13.3463777733881));
#12545=CARTESIAN_POINT('',(-16.2318020630299,1.,-18.1634644324967));
#12546=CARTESIAN_POINT('',(-24.5752409010681,1.,-13.3463777733881));
#12547=CARTESIAN_POINT('',(-16.2318020630299,1.,-18.1634644324967));
#12548=CARTESIAN_POINT('Origin',(-16.2318020630299,1.,-21.1171753135007));
#12549=CARTESIAN_POINT('',(-16.2318020630299,0.,-21.1171753135007));
#12550=CARTESIAN_POINT('',(-16.2318020630299,0.,0.991412343249652));
#12551=CARTESIAN_POINT('',(-16.2318020630299,1.,-21.1171753135007));
#12552=CARTESIAN_POINT('',(-16.2318020630299,1.,0.991412343249652));
#12553=CARTESIAN_POINT('',(-16.2318020630299,1.,-21.1171753135007));
#12554=CARTESIAN_POINT('Origin',(-18.7318020630299,1.,-22.4935914514189));
#12555=CARTESIAN_POINT('',(-7.53692842168442,1.38777878078145E-16,-16.3300695546579));
#12556=CARTESIAN_POINT('',(-7.53692842168442,1.,-16.3300695546579));
#12557=CARTESIAN_POINT('Origin',(-22.2318020630299,1.,-18.1634644324967));
#12558=CARTESIAN_POINT('',(-23.3712454711869,1.,-17.5056064740708));
#12559=CARTESIAN_POINT('',(-23.3712454711869,0.,-17.5056064740708));
#12560=CARTESIAN_POINT('',(-23.3712454711869,0.,-17.5056064740708));
#12561=CARTESIAN_POINT('',(-22.2318020630299,1.,-18.1634644324967));
#12562=CARTESIAN_POINT('',(-28.3252409010681,1.,-14.6454158790648));
#12563=CARTESIAN_POINT('',(-22.2318020630299,0.,-18.1634644324967));
#12564=CARTESIAN_POINT('',(-22.2318020630299,1.,-18.1634644324967));
#12565=CARTESIAN_POINT('',(-28.3252409010681,0.,-14.6454158790648));
#12566=CARTESIAN_POINT('Origin',(-22.2318020630299,1.,-21.1171753135007));
#12567=CARTESIAN_POINT('',(-22.2318020630299,0.,-21.1171753135007));
#12568=CARTESIAN_POINT('',(-22.2318020630299,0.,0.991412343249654));
#12569=CARTESIAN_POINT('',(-22.2318020630299,1.,-21.1171753135007));
#12570=CARTESIAN_POINT('',(-22.2318020630299,1.,0.991412343249654));
#12571=CARTESIAN_POINT('',(-22.2318020630299,1.,-21.1171753135007));
#12572=CARTESIAN_POINT('Origin',(-24.7318020630299,1.,-22.4935914514189));
#12573=CARTESIAN_POINT('',(-23.5851194225966,1.38777878078145E-16,-21.8622664548737));
#12574=CARTESIAN_POINT('',(-23.5851194225966,1.,-21.8622664548737));
#12575=CARTESIAN_POINT('',(-23.5851194225966,0.5,-21.8622664548737));
#12576=CARTESIAN_POINT('',(-11.2347673597498,1.38777878078145E-16,-15.0625768995644));
#12577=CARTESIAN_POINT('',(-11.2347673597498,1.,-15.0625768995644));
#12578=CARTESIAN_POINT('Origin',(-6.23180206302987,1.,-15.8540633557382));
#12579=CARTESIAN_POINT('',(-3.73180206302987,0.,-17.2974390287123));
#12580=CARTESIAN_POINT('',(-6.23180206302987,0.,-15.8540633557382));
#12581=CARTESIAN_POINT('',(-17.8252409010681,0.,-9.16058832176329));
#12582=CARTESIAN_POINT('',(-3.73180206302987,1.,-17.2974390287123));
#12583=CARTESIAN_POINT('',(-3.73180206302987,1.,-17.2974390287123));
#12584=CARTESIAN_POINT('',(-6.23180206302987,1.,-15.8540633557382));
#12585=CARTESIAN_POINT('',(-17.8252409010681,1.,-9.16058832176329));
#12586=CARTESIAN_POINT('',(-6.23180206302987,1.,-15.8540633557382));
#12587=CARTESIAN_POINT('Origin',(-6.23180206302986,1.,-12.9661335950323));
#12588=CARTESIAN_POINT('',(-6.23180206302986,0.,-12.9661335950323));
#12589=CARTESIAN_POINT('',(-6.23180206302985,0.,5.06693320248384));
#12590=CARTESIAN_POINT('',(-6.23180206302986,1.,-12.9661335950323));
#12591=CARTESIAN_POINT('',(-6.23180206302985,1.,5.06693320248384));
#12592=CARTESIAN_POINT('',(-6.23180206302986,1.,-12.9661335950323));
#12593=CARTESIAN_POINT('Origin',(-3.67348116142637,1.,-11.5576079250562));
#12594=CARTESIAN_POINT('',(-3.67348116142637,0.,-11.5576079250562));
#12595=CARTESIAN_POINT('',(-0.566600659026886,0.,-9.84706374022179));
#12596=CARTESIAN_POINT('',(-3.67348116142637,1.,-11.5576079250562));
#12597=CARTESIAN_POINT('',(-0.566600659026886,1.,-9.84706374022179));
#12598=CARTESIAN_POINT('',(-3.67348116142637,1.,-11.5576079250562));
#12599=CARTESIAN_POINT('Origin',(-1.23180206302986,1.,-12.9673120097901));
#12600=CARTESIAN_POINT('',(-2.00000000000001,0.,-12.5237927240894));
#12601=CARTESIAN_POINT('',(-2.00000000000001,1.,-12.5237927240894));
#12602=CARTESIAN_POINT('',(-2.00000000000001,0.5,-12.5237927240894));
#12603=CARTESIAN_POINT('',(-14.0752409010681,0.,-5.55214913932818));
#12604=CARTESIAN_POINT('',(-14.0752409010681,1.,-5.55214913932818));
#12605=CARTESIAN_POINT('Origin',(-3.73180206302987,1.,-17.2974390287123));
#12606=CARTESIAN_POINT('',(-2.00000000000001,1.,-16.3439669058186));
#12607=CARTESIAN_POINT('',(-2.00000000000001,1.38777878078145E-16,-16.3439669058186));
#12608=CARTESIAN_POINT('',(-2.00000000000001,0.5,-16.3439669058186));
#12609=CARTESIAN_POINT('',(0.609988085057839,1.,-14.9069950177995));
#12610=CARTESIAN_POINT('',(0.609988085057839,1.38777878078145E-16,-14.9069950177995));
#12611=CARTESIAN_POINT('Origin',(-12.2318020630299,1.,-15.8540633557382));
#12612=CARTESIAN_POINT('',(-9.73180206302987,0.,-17.2974390287122));
#12613=CARTESIAN_POINT('',(-12.2318020630299,0.,-15.8540633557382));
#12614=CARTESIAN_POINT('',(-21.5752409010681,0.,-10.4596264274399));
#12615=CARTESIAN_POINT('',(-9.73180206302987,1.,-17.2974390287122));
#12616=CARTESIAN_POINT('',(-9.73180206302987,1.,-17.2974390287122));
#12617=CARTESIAN_POINT('',(-12.2318020630299,1.,-15.8540633557382));
#12618=CARTESIAN_POINT('',(-21.5752409010681,1.,-10.4596264274399));
#12619=CARTESIAN_POINT('',(-12.2318020630299,1.,-15.8540633557382));
#12620=CARTESIAN_POINT('Origin',(-12.2318020630299,1.,-12.9661335950323));
#12621=CARTESIAN_POINT('',(-12.2318020630299,0.,-12.9661335950323));
#12622=CARTESIAN_POINT('',(-12.2318020630298,0.,5.06693320248385));
#12623=CARTESIAN_POINT('',(-12.2318020630299,1.,-12.9661335950323));
#12624=CARTESIAN_POINT('',(-12.2318020630298,1.,5.06693320248385));
#12625=CARTESIAN_POINT('',(-12.2318020630299,1.,-12.9661335950323));
#12626=CARTESIAN_POINT('Origin',(-9.67348116142637,1.,-11.5576079250561));
#12627=CARTESIAN_POINT('',(-9.67348116142637,0.,-11.5576079250561));
#12628=CARTESIAN_POINT('',(-4.26443959709224,0.,-8.57957108512831));
#12629=CARTESIAN_POINT('',(-9.67348116142637,1.,-11.5576079250561));
#12630=CARTESIAN_POINT('',(-4.26443959709224,1.,-8.57957108512831));
#12631=CARTESIAN_POINT('',(-9.67348116142637,1.,-11.5576079250561));
#12632=CARTESIAN_POINT('Origin',(-7.23180206302986,1.,-12.96731200979));
#12633=CARTESIAN_POINT('',(-7.23180206302986,0.,-12.96731200979));
#12634=CARTESIAN_POINT('',(-17.8252409010681,0.,-6.85118724500483));
#12635=CARTESIAN_POINT('',(-7.23180206302986,1.,-12.96731200979));
#12636=CARTESIAN_POINT('',(-17.8252409010681,1.,-6.85118724500483));
#12637=CARTESIAN_POINT('',(-7.23180206302986,1.,-12.96731200979));
#12638=CARTESIAN_POINT('Origin',(-7.23180206302987,1.,-15.9210228907941));
#12639=CARTESIAN_POINT('',(-7.23180206302987,0.,-15.9210228907941));
#12640=CARTESIAN_POINT('',(-7.23180206302985,0.,3.58948855460296));
#12641=CARTESIAN_POINT('',(-7.23180206302987,1.,-15.9210228907941));
#12642=CARTESIAN_POINT('',(-7.23180206302985,1.,3.58948855460296));
#12643=CARTESIAN_POINT('',(-7.23180206302987,1.,-15.9210228907941));
#12644=CARTESIAN_POINT('Origin',(-9.73180206302987,1.,-17.2974390287122));
#12645=CARTESIAN_POINT('',(-3.08785085300751,1.38777878078145E-16,-13.639502362706));
#12646=CARTESIAN_POINT('',(-3.08785085300751,1.,-13.639502362706));
#12647=CARTESIAN_POINT('Origin',(-18.2318020630299,1.,-15.8540633557382));
#12648=CARTESIAN_POINT('',(-15.7318020630299,0.,-17.2974390287122));
#12649=CARTESIAN_POINT('',(-18.2318020630299,0.,-15.8540633557382));
#12650=CARTESIAN_POINT('',(-25.3252409010681,0.,-11.7586645331166));
#12651=CARTESIAN_POINT('',(-15.7318020630299,1.,-17.2974390287122));
#12652=CARTESIAN_POINT('',(-15.7318020630299,1.,-17.2974390287122));
#12653=CARTESIAN_POINT('',(-18.2318020630299,1.,-15.8540633557382));
#12654=CARTESIAN_POINT('',(-25.3252409010681,1.,-11.7586645331166));
#12655=CARTESIAN_POINT('',(-18.2318020630299,1.,-15.8540633557382));
#12656=CARTESIAN_POINT('Origin',(-18.2318020630299,1.,-12.9661335950323));
#12657=CARTESIAN_POINT('',(-18.2318020630299,0.,-12.9661335950323));
#12658=CARTESIAN_POINT('',(-18.2318020630299,0.,5.06693320248386));
#12659=CARTESIAN_POINT('',(-18.2318020630299,1.,-12.9661335950323));
#12660=CARTESIAN_POINT('',(-18.2318020630299,1.,5.06693320248386));
#12661=CARTESIAN_POINT('',(-18.2318020630299,1.,-12.9661335950323));
#12662=CARTESIAN_POINT('Origin',(-15.6734811614264,1.,-11.5576079250561));
#12663=CARTESIAN_POINT('',(-15.6734811614264,0.,-11.5576079250561));
#12664=CARTESIAN_POINT('',(-7.9622785351576,0.,-7.31207843003484));
#12665=CARTESIAN_POINT('',(-15.6734811614264,1.,-11.5576079250561));
#12666=CARTESIAN_POINT('',(-7.9622785351576,1.,-7.31207843003484));
#12667=CARTESIAN_POINT('',(-15.6734811614264,1.,-11.5576079250561));
#12668=CARTESIAN_POINT('Origin',(-13.2318020630299,1.,-12.96731200979));
#12669=CARTESIAN_POINT('',(-13.2318020630299,0.,-12.96731200979));
#12670=CARTESIAN_POINT('',(-21.5752409010681,0.,-8.15022535068149));
#12671=CARTESIAN_POINT('',(-13.2318020630299,1.,-12.96731200979));
#12672=CARTESIAN_POINT('',(-21.5752409010681,1.,-8.15022535068149));
#12673=CARTESIAN_POINT('',(-13.2318020630299,1.,-12.96731200979));
#12674=CARTESIAN_POINT('Origin',(-13.2318020630299,1.,-15.9210228907941));
#12675=CARTESIAN_POINT('',(-13.2318020630299,0.,-15.9210228907941));
#12676=CARTESIAN_POINT('',(-13.2318020630299,0.,3.58948855460296));
#12677=CARTESIAN_POINT('',(-13.2318020630299,1.,-15.9210228907941));
#12678=CARTESIAN_POINT('',(-13.2318020630299,1.,3.58948855460296));
#12679=CARTESIAN_POINT('',(-13.2318020630299,1.,-15.9210228907941));
#12680=CARTESIAN_POINT('Origin',(-15.7318020630299,1.,-17.2974390287122));
#12681=CARTESIAN_POINT('',(-6.78568979107286,1.38777878078145E-16,-12.3720097076125));
#12682=CARTESIAN_POINT('',(-6.78568979107286,1.,-12.3720097076125));
#12683=CARTESIAN_POINT('Origin',(-24.2318020630299,1.,-15.8540633557382));
#12684=CARTESIAN_POINT('',(-22.7582659004505,0.,-16.704809855864));
#12685=CARTESIAN_POINT('',(-22.7582659004505,1.,-16.704809855864));
#12686=CARTESIAN_POINT('',(-22.7582659004505,0.,-16.704809855864));
#12687=CARTESIAN_POINT('',(-21.7318020630299,0.,-17.2974390287122));
#12688=CARTESIAN_POINT('',(-29.0752409010681,0.,-13.0577026387933));
#12689=CARTESIAN_POINT('',(-21.7318020630299,1.,-17.2974390287122));
#12690=CARTESIAN_POINT('',(-21.7318020630299,1.,-17.2974390287122));
#12691=CARTESIAN_POINT('',(-29.0752409010681,1.,-13.0577026387933));
#12692=CARTESIAN_POINT('Origin',(-21.6734811614264,1.,-11.5576079250561));
#12693=CARTESIAN_POINT('',(-23.3725917284809,1.,-12.4930812068966));
#12694=CARTESIAN_POINT('',(-23.3725917284809,0.,-12.4930812068966));
#12695=CARTESIAN_POINT('',(-23.3725917284809,0.,-12.4930812068966));
#12696=CARTESIAN_POINT('',(-21.6734811614264,1.,-11.5576079250561));
#12697=CARTESIAN_POINT('',(-11.6601174732229,1.,-6.04458577494138));
#12698=CARTESIAN_POINT('',(-21.6734811614264,0.,-11.5576079250561));
#12699=CARTESIAN_POINT('',(-21.6734811614264,1.,-11.5576079250561));
#12700=CARTESIAN_POINT('',(-11.6601174732229,0.,-6.04458577494138));
#12701=CARTESIAN_POINT('Origin',(-19.2318020630299,1.,-12.96731200979));
#12702=CARTESIAN_POINT('',(-19.2318020630299,0.,-12.96731200979));
#12703=CARTESIAN_POINT('',(-25.3252409010681,0.,-9.44926345635815));
#12704=CARTESIAN_POINT('',(-19.2318020630299,1.,-12.96731200979));
#12705=CARTESIAN_POINT('',(-25.3252409010681,1.,-9.44926345635815));
#12706=CARTESIAN_POINT('',(-19.2318020630299,1.,-12.96731200979));
#12707=CARTESIAN_POINT('Origin',(-19.2318020630299,1.,-15.9210228907941));
#12708=CARTESIAN_POINT('',(-19.2318020630299,0.,-15.9210228907941));
#12709=CARTESIAN_POINT('',(-19.2318020630299,0.,3.58948855460296));
#12710=CARTESIAN_POINT('',(-19.2318020630299,1.,-15.9210228907941));
#12711=CARTESIAN_POINT('',(-19.2318020630299,1.,3.58948855460296));
#12712=CARTESIAN_POINT('',(-19.2318020630299,1.,-15.9210228907941));
#12713=CARTESIAN_POINT('Origin',(-21.7318020630299,1.,-17.2974390287122));
#12714=CARTESIAN_POINT('',(-10.4835287291382,1.38777878078145E-16,-11.1045170525191));
#12715=CARTESIAN_POINT('',(-10.4835287291382,1.,-11.1045170525191));
#12716=CARTESIAN_POINT('Origin',(-25.2318020630299,1.,-12.96731200979));
#12717=CARTESIAN_POINT('',(-27.2445451860412,0.,-11.8052542259099));
#12718=CARTESIAN_POINT('',(-27.2445451860412,1.,-11.8052542259099));
#12719=CARTESIAN_POINT('',(-27.2445451860412,0.,-11.8052542259099));
#12720=CARTESIAN_POINT('',(-27.315,0.,-11.764577120105));
#12721=CARTESIAN_POINT('',(-29.0752409010681,0.,-10.7483015620348));
#12722=CARTESIAN_POINT('',(-27.315,1.,-11.764577120105));
#12723=CARTESIAN_POINT('',(-27.315,0.5,-11.764577120105));
#12724=CARTESIAN_POINT('',(-29.0752409010681,1.,-10.7483015620348));
#12725=CARTESIAN_POINT('Origin',(-3.23180206302985,1.,-10.6579109330315));
#12726=CARTESIAN_POINT('',(-2.00000000000001,1.,-11.3690921857102));
#12727=CARTESIAN_POINT('',(-2.00000000000001,0.,-11.3690921857102));
#12728=CARTESIAN_POINT('',(-2.00000000000001,0.5,-11.3690921857102));
#12729=CARTESIAN_POINT('',(-3.23180206302985,1.,-10.6579109330315));
#12730=CARTESIAN_POINT('',(-14.8252409010681,1.,-3.96443589905666));
#12731=CARTESIAN_POINT('',(-3.23180206302985,0.,-10.6579109330315));
#12732=CARTESIAN_POINT('',(-3.23180206302985,1.,-10.6579109330315));
#12733=CARTESIAN_POINT('',(-14.8252409010681,0.,-3.96443589905666));
#12734=CARTESIAN_POINT('Origin',(-3.23180206302985,1.,-7.76998117232568));
#12735=CARTESIAN_POINT('',(-3.23180206302985,0.,-7.76998117232568));
#12736=CARTESIAN_POINT('',(-3.23180206302984,0.,7.66500941383716));
#12737=CARTESIAN_POINT('',(-3.23180206302985,1.,-7.76998117232568));
#12738=CARTESIAN_POINT('',(-3.23180206302984,1.,7.66500941383716));
#12739=CARTESIAN_POINT('',(-3.23180206302985,1.,-7.76998117232568));
#12740=CARTESIAN_POINT('Origin',(-0.673481161426353,1.,-6.36145550234952));
#12741=CARTESIAN_POINT('',(-2.00000000000001,0.,-7.09179227701561));
#12742=CARTESIAN_POINT('',(-2.00000000000001,1.,-7.09179227701561));
#12743=CARTESIAN_POINT('',(-2.00000000000001,0.5,-7.09179227701561));
#12744=CARTESIAN_POINT('',(0.184637971584669,0.,-5.88900389317643));
#12745=CARTESIAN_POINT('',(0.184637971584669,1.,-5.88900389317643));
#12746=CARTESIAN_POINT('Origin',(-9.23180206302985,1.,-10.6579109330315));
#12747=CARTESIAN_POINT('',(-6.73180206302986,0.,-12.1012866060056));
#12748=CARTESIAN_POINT('',(-9.23180206302985,0.,-10.6579109330315));
#12749=CARTESIAN_POINT('',(-18.5752409010681,0.,-5.26347400473332));
#12750=CARTESIAN_POINT('',(-6.73180206302986,1.,-12.1012866060056));
#12751=CARTESIAN_POINT('',(-6.73180206302986,1.,-12.1012866060056));
#12752=CARTESIAN_POINT('',(-9.23180206302985,1.,-10.6579109330315));
#12753=CARTESIAN_POINT('',(-18.5752409010681,1.,-5.26347400473332));
#12754=CARTESIAN_POINT('',(-9.23180206302985,1.,-10.6579109330315));
#12755=CARTESIAN_POINT('Origin',(-9.23180206302985,1.,-7.76998117232568));
#12756=CARTESIAN_POINT('',(-9.23180206302985,0.,-7.76998117232568));
#12757=CARTESIAN_POINT('',(-9.23180206302984,0.,7.66500941383716));
#12758=CARTESIAN_POINT('',(-9.23180206302985,1.,-7.76998117232568));
#12759=CARTESIAN_POINT('',(-9.23180206302984,1.,7.66500941383716));
#12760=CARTESIAN_POINT('',(-9.23180206302985,1.,-7.76998117232568));
#12761=CARTESIAN_POINT('Origin',(-6.67348116142635,1.,-6.36145550234952));
#12762=CARTESIAN_POINT('',(-6.67348116142635,0.,-6.36145550234952));
#12763=CARTESIAN_POINT('',(-3.51320096648068,0.,-4.62151123808297));
#12764=CARTESIAN_POINT('',(-6.67348116142635,1.,-6.36145550234952));
#12765=CARTESIAN_POINT('',(-3.51320096648068,1.,-4.62151123808297));
#12766=CARTESIAN_POINT('',(-6.67348116142635,1.,-6.36145550234952));
#12767=CARTESIAN_POINT('Origin',(-4.23180206302985,1.,-7.77115958708342));
#12768=CARTESIAN_POINT('',(-4.23180206302985,0.,-7.77115958708342));
#12769=CARTESIAN_POINT('',(-14.8252409010681,0.,-1.6550348222982));
#12770=CARTESIAN_POINT('',(-4.23180206302985,1.,-7.77115958708342));
#12771=CARTESIAN_POINT('',(-14.8252409010681,1.,-1.6550348222982));
#12772=CARTESIAN_POINT('',(-4.23180206302985,1.,-7.77115958708342));
#12773=CARTESIAN_POINT('Origin',(-4.23180206302985,1.,-10.7248704680875));
#12774=CARTESIAN_POINT('',(-4.23180206302985,0.,-10.7248704680875));
#12775=CARTESIAN_POINT('',(-4.23180206302984,0.,6.18756476595627));
#12776=CARTESIAN_POINT('',(-4.23180206302985,1.,-10.7248704680875));
#12777=CARTESIAN_POINT('',(-4.23180206302984,1.,6.18756476595627));
#12778=CARTESIAN_POINT('',(-4.23180206302985,1.,-10.7248704680875));
#12779=CARTESIAN_POINT('Origin',(-6.73180206302986,1.,-12.1012866060056));
#12780=CARTESIAN_POINT('',(-2.33661222239595,1.38777878078145E-16,-9.68144251566066));
#12781=CARTESIAN_POINT('',(-2.33661222239595,1.,-9.68144251566066));
#12782=CARTESIAN_POINT('Origin',(-15.2318020630299,1.,-10.6579109330315));
#12783=CARTESIAN_POINT('',(-12.7318020630299,0.,-12.1012866060056));
#12784=CARTESIAN_POINT('',(-15.2318020630299,0.,-10.6579109330315));
#12785=CARTESIAN_POINT('',(-22.3252409010681,0.,-6.56251211040998));
#12786=CARTESIAN_POINT('',(-12.7318020630299,1.,-12.1012866060056));
#12787=CARTESIAN_POINT('',(-12.7318020630299,1.,-12.1012866060056));
#12788=CARTESIAN_POINT('',(-15.2318020630299,1.,-10.6579109330315));
#12789=CARTESIAN_POINT('',(-22.3252409010681,1.,-6.56251211040998));
#12790=CARTESIAN_POINT('',(-15.2318020630299,1.,-10.6579109330315));
#12791=CARTESIAN_POINT('Origin',(-15.2318020630299,1.,-7.76998117232568));
#12792=CARTESIAN_POINT('',(-15.2318020630299,0.,-7.76998117232568));
#12793=CARTESIAN_POINT('',(-15.2318020630298,0.,7.66500941383716));
#12794=CARTESIAN_POINT('',(-15.2318020630299,1.,-7.76998117232568));
#12795=CARTESIAN_POINT('',(-15.2318020630298,1.,7.66500941383716));
#12796=CARTESIAN_POINT('',(-15.2318020630299,1.,-7.76998117232568));
#12797=CARTESIAN_POINT('Origin',(-12.6734811614264,1.,-6.36145550234952));
#12798=CARTESIAN_POINT('',(-12.6734811614264,0.,-6.36145550234952));
#12799=CARTESIAN_POINT('',(-7.21103990454604,0.,-3.3540185829895));
#12800=CARTESIAN_POINT('',(-12.6734811614264,1.,-6.36145550234952));
#12801=CARTESIAN_POINT('',(-7.21103990454604,1.,-3.3540185829895));
#12802=CARTESIAN_POINT('',(-12.6734811614264,1.,-6.36145550234952));
#12803=CARTESIAN_POINT('Origin',(-10.2318020630299,1.,-7.77115958708342));
#12804=CARTESIAN_POINT('',(-10.2318020630299,0.,-7.77115958708342));
#12805=CARTESIAN_POINT('',(-18.5752409010681,0.,-2.95407292797486));
#12806=CARTESIAN_POINT('',(-10.2318020630299,1.,-7.77115958708342));
#12807=CARTESIAN_POINT('',(-18.5752409010681,1.,-2.95407292797486));
#12808=CARTESIAN_POINT('',(-10.2318020630299,1.,-7.77115958708342));
#12809=CARTESIAN_POINT('Origin',(-10.2318020630299,1.,-10.7248704680875));
#12810=CARTESIAN_POINT('',(-10.2318020630299,0.,-10.7248704680875));
#12811=CARTESIAN_POINT('',(-10.2318020630298,0.,6.18756476595627));
#12812=CARTESIAN_POINT('',(-10.2318020630299,1.,-10.7248704680875));
#12813=CARTESIAN_POINT('',(-10.2318020630298,1.,6.18756476595627));
#12814=CARTESIAN_POINT('',(-10.2318020630299,1.,-10.7248704680875));
#12815=CARTESIAN_POINT('Origin',(-12.7318020630299,1.,-12.1012866060056));
#12816=CARTESIAN_POINT('',(-6.0344511604613,1.38777878078145E-16,-8.4139498605672));
#12817=CARTESIAN_POINT('',(-6.0344511604613,1.,-8.4139498605672));
#12818=CARTESIAN_POINT('Origin',(-21.2318020630299,1.,-10.6579109330315));
#12819=CARTESIAN_POINT('',(-18.7318020630299,0.,-12.1012866060056));
#12820=CARTESIAN_POINT('',(-21.2318020630299,0.,-10.6579109330315));
#12821=CARTESIAN_POINT('',(-26.0752409010681,0.,-7.86155021608665));
#12822=CARTESIAN_POINT('',(-18.7318020630299,1.,-12.1012866060056));
#12823=CARTESIAN_POINT('',(-18.7318020630299,1.,-12.1012866060056));
#12824=CARTESIAN_POINT('',(-21.2318020630299,1.,-10.6579109330315));
#12825=CARTESIAN_POINT('',(-26.0752409010681,1.,-7.86155021608665));
#12826=CARTESIAN_POINT('',(-21.2318020630299,1.,-10.6579109330315));
#12827=CARTESIAN_POINT('Origin',(-21.2318020630298,1.,-7.76998117232568));
#12828=CARTESIAN_POINT('',(-21.2318020630298,0.,-7.76998117232568));
#12829=CARTESIAN_POINT('',(-21.2318020630298,0.,7.66500941383717));
#12830=CARTESIAN_POINT('',(-21.2318020630298,1.,-7.76998117232568));
#12831=CARTESIAN_POINT('',(-21.2318020630298,1.,7.66500941383717));
#12832=CARTESIAN_POINT('',(-21.2318020630298,1.,-7.76998117232568));
#12833=CARTESIAN_POINT('Origin',(-18.6734811614264,1.,-6.36145550234952));
#12834=CARTESIAN_POINT('',(-18.6734811614264,0.,-6.36145550234952));
#12835=CARTESIAN_POINT('',(-10.9088788426114,0.,-2.08652592789604));
#12836=CARTESIAN_POINT('',(-18.6734811614264,1.,-6.36145550234952));
#12837=CARTESIAN_POINT('',(-10.9088788426114,1.,-2.08652592789604));
#12838=CARTESIAN_POINT('',(-18.6734811614264,1.,-6.36145550234952));
#12839=CARTESIAN_POINT('Origin',(-16.2318020630299,1.,-7.77115958708342));
#12840=CARTESIAN_POINT('',(-16.2318020630299,0.,-7.77115958708342));
#12841=CARTESIAN_POINT('',(-22.3252409010681,0.,-4.25311103365152));
#12842=CARTESIAN_POINT('',(-16.2318020630299,1.,-7.77115958708342));
#12843=CARTESIAN_POINT('',(-22.3252409010681,1.,-4.25311103365152));
#12844=CARTESIAN_POINT('',(-16.2318020630299,1.,-7.77115958708342));
#12845=CARTESIAN_POINT('Origin',(-16.2318020630299,1.,-10.7248704680875));
#12846=CARTESIAN_POINT('',(-16.2318020630299,0.,-10.7248704680875));
#12847=CARTESIAN_POINT('',(-16.2318020630298,0.,6.18756476595627));
#12848=CARTESIAN_POINT('',(-16.2318020630299,1.,-10.7248704680875));
#12849=CARTESIAN_POINT('',(-16.2318020630298,1.,6.18756476595627));
#12850=CARTESIAN_POINT('',(-16.2318020630299,1.,-10.7248704680875));
#12851=CARTESIAN_POINT('Origin',(-18.7318020630299,1.,-12.1012866060056));
#12852=CARTESIAN_POINT('',(-9.73229009852664,1.38777878078145E-16,-7.14645720547374));
#12853=CARTESIAN_POINT('',(-9.73229009852664,1.,-7.14645720547374));
#12854=CARTESIAN_POINT('Origin',(-27.2318020630299,1.,-10.6579109330315));
#12855=CARTESIAN_POINT('',(-25.7728207889765,1.,-11.5002541643489));
#12856=CARTESIAN_POINT('',(-25.7728207889765,0.,-11.5002541643489));
#12857=CARTESIAN_POINT('',(-25.7728207889765,0.,-11.5002541643489));
#12858=CARTESIAN_POINT('',(-27.2318020630299,1.,-10.6579109330315));
#12859=CARTESIAN_POINT('',(-29.8252409010681,1.,-9.16058832176329));
#12860=CARTESIAN_POINT('',(-27.2318020630299,0.,-10.6579109330315));
#12861=CARTESIAN_POINT('',(-27.2318020630299,1.,-10.6579109330315));
#12862=CARTESIAN_POINT('',(-29.8252409010681,0.,-9.16058832176329));
#12863=CARTESIAN_POINT('Origin',(-27.2318020630298,1.,-7.76998117232566));
#12864=CARTESIAN_POINT('',(-27.2318020630298,0.,-7.76998117232566));
#12865=CARTESIAN_POINT('',(-27.2318020630298,0.,7.66500941383718));
#12866=CARTESIAN_POINT('',(-27.2318020630298,1.,-7.76998117232566));
#12867=CARTESIAN_POINT('',(-27.2318020630298,1.,7.66500941383718));
#12868=CARTESIAN_POINT('',(-27.2318020630298,1.,-7.76998117232566));
#12869=CARTESIAN_POINT('Origin',(-24.6734811614264,1.,-6.3614555023495));
#12870=CARTESIAN_POINT('',(-24.6734811614264,0.,-6.3614555023495));
#12871=CARTESIAN_POINT('',(-14.6067177806767,0.,-0.819033272802563));
#12872=CARTESIAN_POINT('',(-24.6734811614264,1.,-6.3614555023495));
#12873=CARTESIAN_POINT('',(-14.6067177806767,1.,-0.819033272802563));
#12874=CARTESIAN_POINT('',(-24.6734811614264,1.,-6.3614555023495));
#12875=CARTESIAN_POINT('Origin',(-22.2318020630299,1.,-7.7711595870834));
#12876=CARTESIAN_POINT('',(-22.2318020630299,0.,-7.7711595870834));
#12877=CARTESIAN_POINT('',(-26.0752409010681,0.,-5.55214913932816));
#12878=CARTESIAN_POINT('',(-22.2318020630299,1.,-7.7711595870834));
#12879=CARTESIAN_POINT('',(-26.0752409010681,1.,-5.55214913932816));
#12880=CARTESIAN_POINT('',(-22.2318020630299,1.,-7.7711595870834));
#12881=CARTESIAN_POINT('Origin',(-22.2318020630299,1.,-10.7248704680874));
#12882=CARTESIAN_POINT('',(-22.2318020630299,0.,-10.7248704680874));
#12883=CARTESIAN_POINT('',(-22.2318020630298,0.,6.18756476595629));
#12884=CARTESIAN_POINT('',(-22.2318020630299,1.,-10.7248704680874));
#12885=CARTESIAN_POINT('',(-22.2318020630298,1.,6.18756476595629));
#12886=CARTESIAN_POINT('',(-22.2318020630299,1.,-10.7248704680874));
#12887=CARTESIAN_POINT('Origin',(-24.7318020630299,1.,-12.1012866060056));
#12888=CARTESIAN_POINT('',(-24.2819488531658,1.38777878078145E-16,-11.8536125189051));
#12889=CARTESIAN_POINT('',(-24.2819488531658,1.,-11.8536125189051));
#12890=CARTESIAN_POINT('',(-24.2819488531658,0.,-11.8536125189051));
#12891=CARTESIAN_POINT('',(-13.430129036592,1.38777878078145E-16,-5.87896455038026));
#12892=CARTESIAN_POINT('',(-13.430129036592,1.,-5.87896455038026));
#12893=CARTESIAN_POINT('Origin',(-6.23180206302984,1.,-5.46175851032492));
#12894=CARTESIAN_POINT('',(-3.73180206302984,0.,-6.905134183299));
#12895=CARTESIAN_POINT('',(-6.23180206302984,0.,-5.46175851032492));
#12896=CARTESIAN_POINT('',(-15.5752409010681,0.,-0.0673215820266981));
#12897=CARTESIAN_POINT('',(-3.73180206302984,1.,-6.905134183299));
#12898=CARTESIAN_POINT('',(-3.73180206302984,1.,-6.905134183299));
#12899=CARTESIAN_POINT('',(-6.23180206302984,1.,-5.46175851032492));
#12900=CARTESIAN_POINT('',(-15.5752409010681,1.,-0.0673215820266981));
#12901=CARTESIAN_POINT('',(-6.23180206302984,1.,-5.46175851032492));
#12902=CARTESIAN_POINT('Origin',(-6.23180206302984,1.,-2.57382874961905));
#12903=CARTESIAN_POINT('',(-6.23180206302984,0.,-2.57382874961905));
#12904=CARTESIAN_POINT('',(-6.23180206302983,0.,10.2630856251905));
#12905=CARTESIAN_POINT('',(-6.23180206302984,1.,-2.57382874961905));
#12906=CARTESIAN_POINT('',(-6.23180206302983,1.,10.2630856251905));
#12907=CARTESIAN_POINT('',(-6.23180206302984,1.,-2.57382874961905));
#12908=CARTESIAN_POINT('Origin',(-3.67348116142634,1.,-1.1653030796429));
#12909=CARTESIAN_POINT('',(-3.67348116142634,0.,-1.1653030796429));
#12910=CARTESIAN_POINT('',(-2.76196233586912,0.,-0.663451391037633));
#12911=CARTESIAN_POINT('',(-3.67348116142634,1.,-1.1653030796429));
#12912=CARTESIAN_POINT('',(-2.76196233586912,1.,-0.663451391037633));
#12913=CARTESIAN_POINT('',(-3.67348116142634,1.,-1.1653030796429));
#12914=CARTESIAN_POINT('Origin',(-1.23180206302984,1.,-2.5750071643768));
#12915=CARTESIAN_POINT('',(-2.,0.,-2.13148787867616));
#12916=CARTESIAN_POINT('',(-2.,1.,-2.13148787867616));
#12917=CARTESIAN_POINT('',(-2.,0.5,-2.13148787867617));
#12918=CARTESIAN_POINT('',(-11.8252409010681,0.,3.54111760040842));
#12919=CARTESIAN_POINT('',(-11.8252409010681,1.,3.54111760040842));
#12920=CARTESIAN_POINT('Origin',(-3.73180206302984,1.,-6.905134183299));
#12921=CARTESIAN_POINT('',(-2.00000000000001,1.,-5.95166206040531));
#12922=CARTESIAN_POINT('',(-2.00000000000001,1.38777878078145E-16,-5.95166206040531));
#12923=CARTESIAN_POINT('',(-2.00000000000001,0.5,-5.95166206040531));
#12924=CARTESIAN_POINT('',(-1.58537359178439,1.,-5.72338266861531));
#12925=CARTESIAN_POINT('',(-1.58537359178439,1.38777878078145E-16,-5.72338266861531));
#12926=CARTESIAN_POINT('Origin',(-12.2318020630298,1.,-5.46175851032492));
#12927=CARTESIAN_POINT('',(-9.73180206302984,0.,-6.905134183299));
#12928=CARTESIAN_POINT('',(-12.2318020630298,0.,-5.46175851032492));
#12929=CARTESIAN_POINT('',(-19.3252409010681,0.,-1.36635968770336));
#12930=CARTESIAN_POINT('',(-9.73180206302984,1.,-6.905134183299));
#12931=CARTESIAN_POINT('',(-9.73180206302984,1.,-6.905134183299));
#12932=CARTESIAN_POINT('',(-12.2318020630298,1.,-5.46175851032492));
#12933=CARTESIAN_POINT('',(-19.3252409010681,1.,-1.36635968770336));
#12934=CARTESIAN_POINT('',(-12.2318020630298,1.,-5.46175851032492));
#12935=CARTESIAN_POINT('Origin',(-12.2318020630298,1.,-2.57382874961905));
#12936=CARTESIAN_POINT('',(-12.2318020630298,0.,-2.57382874961905));
#12937=CARTESIAN_POINT('',(-12.2318020630298,0.,10.2630856251905));
#12938=CARTESIAN_POINT('',(-12.2318020630298,1.,-2.57382874961905));
#12939=CARTESIAN_POINT('',(-12.2318020630298,1.,10.2630856251905));
#12940=CARTESIAN_POINT('',(-12.2318020630298,1.,-2.57382874961905));
#12941=CARTESIAN_POINT('Origin',(-9.67348116142634,1.,-1.1653030796429));
#12942=CARTESIAN_POINT('',(-9.67348116142634,0.,-1.1653030796429));
#12943=CARTESIAN_POINT('',(-6.45980127393448,0.,0.60404126405583));
#12944=CARTESIAN_POINT('',(-9.67348116142634,1.,-1.1653030796429));
#12945=CARTESIAN_POINT('',(-6.45980127393448,1.,0.60404126405583));
#12946=CARTESIAN_POINT('',(-9.67348116142634,1.,-1.1653030796429));
#12947=CARTESIAN_POINT('Origin',(-7.23180206302984,1.,-2.5750071643768));
#12948=CARTESIAN_POINT('',(-7.23180206302984,0.,-2.5750071643768));
#12949=CARTESIAN_POINT('',(-15.5752409010681,0.,2.24207949473176));
#12950=CARTESIAN_POINT('',(-7.23180206302984,1.,-2.5750071643768));
#12951=CARTESIAN_POINT('',(-15.5752409010681,1.,2.24207949473176));
#12952=CARTESIAN_POINT('',(-7.23180206302984,1.,-2.5750071643768));
#12953=CARTESIAN_POINT('Origin',(-7.23180206302984,1.,-5.52871804538084));
#12954=CARTESIAN_POINT('',(-7.23180206302984,0.,-5.52871804538084));
#12955=CARTESIAN_POINT('',(-7.23180206302983,0.,8.78564097730958));
#12956=CARTESIAN_POINT('',(-7.23180206302984,1.,-5.52871804538084));
#12957=CARTESIAN_POINT('',(-7.23180206302983,1.,8.78564097730958));
#12958=CARTESIAN_POINT('',(-7.23180206302984,1.,-5.52871804538084));
#12959=CARTESIAN_POINT('Origin',(-9.73180206302984,1.,-6.905134183299));
#12960=CARTESIAN_POINT('',(-5.28321252984974,1.38777878078145E-16,-4.45589001352185));
#12961=CARTESIAN_POINT('',(-5.28321252984974,1.,-4.45589001352185));
#12962=CARTESIAN_POINT('Origin',(-18.2318020630298,1.,-5.46175851032491));
#12963=CARTESIAN_POINT('',(-15.7318020630298,0.,-6.90513418329898));
#12964=CARTESIAN_POINT('',(-18.2318020630298,0.,-5.46175851032491));
#12965=CARTESIAN_POINT('',(-23.0752409010681,0.,-2.66539779338001));
#12966=CARTESIAN_POINT('',(-15.7318020630298,1.,-6.90513418329898));
#12967=CARTESIAN_POINT('',(-15.7318020630298,1.,-6.90513418329898));
#12968=CARTESIAN_POINT('',(-18.2318020630298,1.,-5.46175851032491));
#12969=CARTESIAN_POINT('',(-23.0752409010681,1.,-2.66539779338001));
#12970=CARTESIAN_POINT('',(-18.2318020630298,1.,-5.46175851032491));
#12971=CARTESIAN_POINT('Origin',(-18.2318020630298,1.,-2.57382874961904));
#12972=CARTESIAN_POINT('',(-18.2318020630298,0.,-2.57382874961904));
#12973=CARTESIAN_POINT('',(-18.2318020630298,0.,10.2630856251905));
#12974=CARTESIAN_POINT('',(-18.2318020630298,1.,-2.57382874961904));
#12975=CARTESIAN_POINT('',(-18.2318020630298,1.,10.2630856251905));
#12976=CARTESIAN_POINT('',(-18.2318020630298,1.,-2.57382874961904));
#12977=CARTESIAN_POINT('Origin',(-15.6734811614263,1.,-1.16530307964288));
#12978=CARTESIAN_POINT('',(-15.6734811614263,0.,-1.16530307964288));
#12979=CARTESIAN_POINT('',(-10.1576402119998,0.,1.87153391914931));
#12980=CARTESIAN_POINT('',(-15.6734811614263,1.,-1.16530307964288));
#12981=CARTESIAN_POINT('',(-10.1576402119998,1.,1.87153391914931));
#12982=CARTESIAN_POINT('',(-15.6734811614263,1.,-1.16530307964288));
#12983=CARTESIAN_POINT('Origin',(-13.2318020630298,1.,-2.57500716437678));
#12984=CARTESIAN_POINT('',(-13.2318020630298,0.,-2.57500716437678));
#12985=CARTESIAN_POINT('',(-19.3252409010681,0.,0.943041389055121));
#12986=CARTESIAN_POINT('',(-13.2318020630298,1.,-2.57500716437678));
#12987=CARTESIAN_POINT('',(-19.3252409010681,1.,0.943041389055121));
#12988=CARTESIAN_POINT('',(-13.2318020630298,1.,-2.57500716437678));
#12989=CARTESIAN_POINT('Origin',(-13.2318020630298,1.,-5.52871804538082));
#12990=CARTESIAN_POINT('',(-13.2318020630298,0.,-5.52871804538082));
#12991=CARTESIAN_POINT('',(-13.2318020630298,0.,8.78564097730959));
#12992=CARTESIAN_POINT('',(-13.2318020630298,1.,-5.52871804538082));
#12993=CARTESIAN_POINT('',(-13.2318020630298,1.,8.78564097730959));
#12994=CARTESIAN_POINT('',(-13.2318020630298,1.,-5.52871804538082));
#12995=CARTESIAN_POINT('Origin',(-15.7318020630298,1.,-6.90513418329898));
#12996=CARTESIAN_POINT('',(-8.98105146791509,1.38777878078145E-16,-3.18839735842838));
#12997=CARTESIAN_POINT('',(-8.98105146791509,1.,-3.18839735842838));
#12998=CARTESIAN_POINT('Origin',(-24.2318020630298,1.,-5.46175851032491));
#12999=CARTESIAN_POINT('',(-21.7318020630298,0.,-6.90513418329898));
#13000=CARTESIAN_POINT('',(-24.2318020630298,0.,-5.46175851032491));
#13001=CARTESIAN_POINT('',(-26.8252409010681,0.,-3.96443589905667));
#13002=CARTESIAN_POINT('',(-21.7318020630298,1.,-6.90513418329898));
#13003=CARTESIAN_POINT('',(-21.7318020630298,1.,-6.90513418329898));
#13004=CARTESIAN_POINT('',(-24.2318020630298,1.,-5.46175851032491));
#13005=CARTESIAN_POINT('',(-26.8252409010681,1.,-3.96443589905667));
#13006=CARTESIAN_POINT('',(-24.2318020630298,1.,-5.46175851032491));
#13007=CARTESIAN_POINT('Origin',(-24.2318020630298,1.,-2.57382874961904));
#13008=CARTESIAN_POINT('',(-24.2318020630298,0.,-2.57382874961904));
#13009=CARTESIAN_POINT('',(-24.2318020630298,0.,10.2630856251905));
#13010=CARTESIAN_POINT('',(-24.2318020630298,1.,-2.57382874961904));
#13011=CARTESIAN_POINT('',(-24.2318020630298,1.,10.2630856251905));
#13012=CARTESIAN_POINT('',(-24.2318020630298,1.,-2.57382874961904));
#13013=CARTESIAN_POINT('Origin',(-21.6734811614263,1.,-1.16530307964288));
#13014=CARTESIAN_POINT('',(-21.6734811614263,0.,-1.16530307964288));
#13015=CARTESIAN_POINT('',(-13.8554791500652,0.,3.13902657424277));
#13016=CARTESIAN_POINT('',(-21.6734811614263,1.,-1.16530307964288));
#13017=CARTESIAN_POINT('',(-13.8554791500652,1.,3.13902657424277));
#13018=CARTESIAN_POINT('',(-21.6734811614263,1.,-1.16530307964288));
#13019=CARTESIAN_POINT('Origin',(-19.2318020630298,1.,-2.57500716437678));
#13020=CARTESIAN_POINT('',(-19.2318020630298,0.,-2.57500716437678));
#13021=CARTESIAN_POINT('',(-23.0752409010681,0.,-0.355996716621536));
#13022=CARTESIAN_POINT('',(-19.2318020630298,1.,-2.57500716437678));
#13023=CARTESIAN_POINT('',(-23.0752409010681,1.,-0.355996716621536));
#13024=CARTESIAN_POINT('',(-19.2318020630298,1.,-2.57500716437678));
#13025=CARTESIAN_POINT('Origin',(-19.2318020630298,1.,-5.52871804538082));
#13026=CARTESIAN_POINT('',(-19.2318020630298,0.,-5.52871804538082));
#13027=CARTESIAN_POINT('',(-19.2318020630298,0.,8.78564097730959));
#13028=CARTESIAN_POINT('',(-19.2318020630298,1.,-5.52871804538082));
#13029=CARTESIAN_POINT('',(-19.2318020630298,1.,8.78564097730959));
#13030=CARTESIAN_POINT('',(-19.2318020630298,1.,-5.52871804538082));
#13031=CARTESIAN_POINT('Origin',(-21.7318020630298,1.,-6.90513418329898));
#13032=CARTESIAN_POINT('',(-12.6788904059804,1.38777878078145E-16,-1.92090470333492));
#13033=CARTESIAN_POINT('',(-12.6788904059804,1.,-1.92090470333492));
#13034=CARTESIAN_POINT('Origin',(-25.2318020630298,1.,-2.57500716437678));
#13035=CARTESIAN_POINT('',(-27.315,1.,-1.37227227469179));
#13036=CARTESIAN_POINT('',(-27.315,0.,-1.37227227469179));
#13037=CARTESIAN_POINT('',(-27.315,0.5,-1.37227227469178));
#13038=CARTESIAN_POINT('',(-25.2318020630298,1.,-2.57500716437678));
#13039=CARTESIAN_POINT('',(-26.8252409010681,1.,-1.6550348222982));
#13040=CARTESIAN_POINT('',(-25.2318020630298,0.,-2.57500716437678));
#13041=CARTESIAN_POINT('',(-25.2318020630298,1.,-2.57500716437678));
#13042=CARTESIAN_POINT('',(-26.8252409010681,0.,-1.6550348222982));
#13043=CARTESIAN_POINT('Origin',(-25.2318020630298,1.,-5.52871804538082));
#13044=CARTESIAN_POINT('',(-25.2318020630298,0.,-5.52871804538082));
#13045=CARTESIAN_POINT('',(-25.2318020630298,0.,8.7856409773096));
#13046=CARTESIAN_POINT('',(-25.2318020630298,1.,-5.52871804538082));
#13047=CARTESIAN_POINT('',(-25.2318020630298,1.,8.7856409773096));
#13048=CARTESIAN_POINT('',(-25.2318020630298,1.,-5.52871804538082));
#13049=CARTESIAN_POINT('Origin',(-27.7318020630298,1.,-6.90513418329898));
#13050=CARTESIAN_POINT('',(-27.315,1.38777878078145E-16,-6.67565694895024));
#13051=CARTESIAN_POINT('',(-27.315,1.,-6.67565694895024));
#13052=CARTESIAN_POINT('',(-27.315,0.5,-6.67565694895025));
#13053=CARTESIAN_POINT('',(-16.3767293440458,1.38777878078145E-16,-0.653412048241457));
#13054=CARTESIAN_POINT('',(-16.3767293440458,1.,-0.653412048241457));
#13055=CARTESIAN_POINT('Origin',(-3.23180206302982,1.,-0.265606087618302));
#13056=CARTESIAN_POINT('',(-2.,1.,-0.976787340296912));
#13057=CARTESIAN_POINT('',(-2.,0.,-0.976787340296912));
#13058=CARTESIAN_POINT('',(-2.,0.5,-0.976787340296914));
#13059=CARTESIAN_POINT('',(-3.23180206302982,1.,-0.265606087618302));
#13060=CARTESIAN_POINT('',(-12.5752409010681,1.,5.12883084067992));
#13061=CARTESIAN_POINT('',(-3.23180206302982,0.,-0.265606087618302));
#13062=CARTESIAN_POINT('',(-3.23180206302982,1.,-0.265606087618302));
#13063=CARTESIAN_POINT('',(-12.5752409010681,0.,5.12883084067992));
#13064=CARTESIAN_POINT('Origin',(-3.23180206302982,1.,2.62232367308757));
#13065=CARTESIAN_POINT('',(-3.23180206302982,0.,2.62232367308757));
#13066=CARTESIAN_POINT('',(-3.23180206302981,0.,12.8611618365438));
#13067=CARTESIAN_POINT('',(-3.23180206302982,1.,2.62232367308757));
#13068=CARTESIAN_POINT('',(-3.23180206302981,1.,12.8611618365438));
#13069=CARTESIAN_POINT('',(-3.23180206302982,1.,2.62232367308757));
#13070=CARTESIAN_POINT('Origin',(-0.673481161426324,1.,4.03084934306372));
#13071=CARTESIAN_POINT('',(-2.,0.,3.30051256839762));
#13072=CARTESIAN_POINT('',(-2.,1.,3.30051256839762));
#13073=CARTESIAN_POINT('',(-2.,0.5,3.30051256839762));
#13074=CARTESIAN_POINT('',(-2.01072370525756,0.,3.2946084560077));
#13075=CARTESIAN_POINT('',(-2.01072370525756,1.,3.2946084560077));
#13076=CARTESIAN_POINT('Origin',(-9.23180206302982,1.,-0.265606087618302));
#13077=CARTESIAN_POINT('',(-6.73180206302983,0.,-1.70898176059238));
#13078=CARTESIAN_POINT('',(-9.23180206302982,0.,-0.265606087618302));
#13079=CARTESIAN_POINT('',(-16.3252409010681,0.,3.82979273500326));
#13080=CARTESIAN_POINT('',(-6.73180206302983,1.,-1.70898176059238));
#13081=CARTESIAN_POINT('',(-6.73180206302983,1.,-1.70898176059238));
#13082=CARTESIAN_POINT('',(-9.23180206302982,1.,-0.265606087618302));
#13083=CARTESIAN_POINT('',(-16.3252409010681,1.,3.82979273500326));
#13084=CARTESIAN_POINT('',(-9.23180206302982,1.,-0.265606087618302));
#13085=CARTESIAN_POINT('Origin',(-9.23180206302982,1.,2.62232367308757));
#13086=CARTESIAN_POINT('',(-9.23180206302982,0.,2.62232367308757));
#13087=CARTESIAN_POINT('',(-9.23180206302981,0.,12.8611618365438));
#13088=CARTESIAN_POINT('',(-9.23180206302982,1.,2.62232367308757));
#13089=CARTESIAN_POINT('',(-9.23180206302981,1.,12.8611618365438));
#13090=CARTESIAN_POINT('',(-9.23180206302982,1.,2.62232367308757));
#13091=CARTESIAN_POINT('Origin',(-6.67348116142632,1.,4.03084934306372));
#13092=CARTESIAN_POINT('',(-6.67348116142632,0.,4.03084934306372));
#13093=CARTESIAN_POINT('',(-5.70856264332292,0.,4.56210111110117));
#13094=CARTESIAN_POINT('',(-6.67348116142632,1.,4.03084934306372));
#13095=CARTESIAN_POINT('',(-5.70856264332292,1.,4.56210111110117));
#13096=CARTESIAN_POINT('',(-6.67348116142632,1.,4.03084934306372));
#13097=CARTESIAN_POINT('Origin',(-4.23180206302982,1.,2.62114525832982));
#13098=CARTESIAN_POINT('',(-4.23180206302982,0.,2.62114525832982));
#13099=CARTESIAN_POINT('',(-12.5752409010681,0.,7.43823191743839));
#13100=CARTESIAN_POINT('',(-4.23180206302982,1.,2.62114525832982));
#13101=CARTESIAN_POINT('',(-12.5752409010681,1.,7.43823191743839));
#13102=CARTESIAN_POINT('',(-4.23180206302982,1.,2.62114525832982));
#13103=CARTESIAN_POINT('Origin',(-4.23180206302982,1.,-0.332565622674217));
#13104=CARTESIAN_POINT('',(-4.23180206302982,0.,-0.332565622674217));
#13105=CARTESIAN_POINT('',(-4.23180206302981,0.,11.3837171886629));
#13106=CARTESIAN_POINT('',(-4.23180206302982,1.,-0.332565622674217));
#13107=CARTESIAN_POINT('',(-4.23180206302981,1.,11.3837171886629));
#13108=CARTESIAN_POINT('',(-4.23180206302982,1.,-0.332565622674217));
#13109=CARTESIAN_POINT('Origin',(-6.73180206302983,1.,-1.70898176059238));
#13110=CARTESIAN_POINT('',(-4.53197389923818,1.38777878078145E-16,-0.497830166476505));
#13111=CARTESIAN_POINT('',(-4.53197389923818,1.,-0.497830166476505));
#13112=CARTESIAN_POINT('Origin',(-15.2318020630298,1.,-0.265606087618284));
#13113=CARTESIAN_POINT('',(-12.7318020630298,0.,-1.70898176059236));
#13114=CARTESIAN_POINT('',(-15.2318020630298,0.,-0.265606087618284));
#13115=CARTESIAN_POINT('',(-20.0752409010681,0.,2.53075462932662));
#13116=CARTESIAN_POINT('',(-12.7318020630298,1.,-1.70898176059236));
#13117=CARTESIAN_POINT('',(-12.7318020630298,1.,-1.70898176059236));
#13118=CARTESIAN_POINT('',(-15.2318020630298,1.,-0.265606087618284));
#13119=CARTESIAN_POINT('',(-20.0752409010681,1.,2.53075462932662));
#13120=CARTESIAN_POINT('',(-15.2318020630298,1.,-0.265606087618284));
#13121=CARTESIAN_POINT('Origin',(-15.2318020630298,1.,2.62232367308759));
#13122=CARTESIAN_POINT('',(-15.2318020630298,0.,2.62232367308759));
#13123=CARTESIAN_POINT('',(-15.2318020630298,0.,12.8611618365438));
#13124=CARTESIAN_POINT('',(-15.2318020630298,1.,2.62232367308759));
#13125=CARTESIAN_POINT('',(-15.2318020630298,1.,12.8611618365438));
#13126=CARTESIAN_POINT('',(-15.2318020630298,1.,2.62232367308759));
#13127=CARTESIAN_POINT('Origin',(-12.6734811614263,1.,4.03084934306374));
#13128=CARTESIAN_POINT('',(-12.6734811614263,0.,4.03084934306374));
#13129=CARTESIAN_POINT('',(-9.40640158138827,0.,5.82959376619465));
#13130=CARTESIAN_POINT('',(-12.6734811614263,1.,4.03084934306374));
#13131=CARTESIAN_POINT('',(-9.40640158138827,1.,5.82959376619465));
#13132=CARTESIAN_POINT('',(-12.6734811614263,1.,4.03084934306374));
#13133=CARTESIAN_POINT('Origin',(-10.2318020630298,1.,2.62114525832984));
#13134=CARTESIAN_POINT('',(-10.2318020630298,0.,2.62114525832984));
#13135=CARTESIAN_POINT('',(-16.3252409010681,0.,6.13919381176175));
#13136=CARTESIAN_POINT('',(-10.2318020630298,1.,2.62114525832984));
#13137=CARTESIAN_POINT('',(-16.3252409010681,1.,6.13919381176175));
#13138=CARTESIAN_POINT('',(-10.2318020630298,1.,2.62114525832984));
#13139=CARTESIAN_POINT('Origin',(-10.2318020630298,1.,-0.332565622674199));
#13140=CARTESIAN_POINT('',(-10.2318020630298,0.,-0.332565622674199));
#13141=CARTESIAN_POINT('',(-10.2318020630298,0.,11.3837171886629));
#13142=CARTESIAN_POINT('',(-10.2318020630298,1.,-0.332565622674199));
#13143=CARTESIAN_POINT('',(-10.2318020630298,1.,11.3837171886629));
#13144=CARTESIAN_POINT('',(-10.2318020630298,1.,-0.332565622674199));
#13145=CARTESIAN_POINT('Origin',(-12.7318020630298,1.,-1.70898176059236));
#13146=CARTESIAN_POINT('',(-8.22981283730353,1.38777878078145E-16,0.769662488616971));
#13147=CARTESIAN_POINT('',(-8.22981283730353,1.,0.769662488616971));
#13148=CARTESIAN_POINT('Origin',(-21.2318020630298,1.,-0.265606087618284));
#13149=CARTESIAN_POINT('',(-18.7318020630298,0.,-1.70898176059236));
#13150=CARTESIAN_POINT('',(-21.2318020630298,0.,-0.265606087618284));
#13151=CARTESIAN_POINT('',(-23.8252409010681,0.,1.23171652364995));
#13152=CARTESIAN_POINT('',(-18.7318020630298,1.,-1.70898176059236));
#13153=CARTESIAN_POINT('',(-18.7318020630298,1.,-1.70898176059236));
#13154=CARTESIAN_POINT('',(-21.2318020630298,1.,-0.265606087618284));
#13155=CARTESIAN_POINT('',(-23.8252409010681,1.,1.23171652364995));
#13156=CARTESIAN_POINT('',(-21.2318020630298,1.,-0.265606087618284));
#13157=CARTESIAN_POINT('Origin',(-21.2318020630298,1.,2.62232367308759));
#13158=CARTESIAN_POINT('',(-21.2318020630298,0.,2.62232367308759));
#13159=CARTESIAN_POINT('',(-21.2318020630298,0.,12.8611618365438));
#13160=CARTESIAN_POINT('',(-21.2318020630298,1.,2.62232367308759));
#13161=CARTESIAN_POINT('',(-21.2318020630298,1.,12.8611618365438));
#13162=CARTESIAN_POINT('',(-21.2318020630298,1.,2.62232367308759));
#13163=CARTESIAN_POINT('Origin',(-18.6734811614263,1.,4.03084934306374));
#13164=CARTESIAN_POINT('',(-18.6734811614263,0.,4.03084934306374));
#13165=CARTESIAN_POINT('',(-13.1042405194536,0.,7.09708642128811));
#13166=CARTESIAN_POINT('',(-18.6734811614263,1.,4.03084934306374));
#13167=CARTESIAN_POINT('',(-13.1042405194536,1.,7.09708642128811));
#13168=CARTESIAN_POINT('',(-18.6734811614263,1.,4.03084934306374));
#13169=CARTESIAN_POINT('Origin',(-16.2318020630298,1.,2.62114525832984));
#13170=CARTESIAN_POINT('',(-16.2318020630298,0.,2.62114525832984));
#13171=CARTESIAN_POINT('',(-20.0752409010681,0.,4.84015570608509));
#13172=CARTESIAN_POINT('',(-16.2318020630298,1.,2.62114525832984));
#13173=CARTESIAN_POINT('',(-20.0752409010681,1.,4.84015570608509));
#13174=CARTESIAN_POINT('',(-16.2318020630298,1.,2.62114525832984));
#13175=CARTESIAN_POINT('Origin',(-16.2318020630298,1.,-0.332565622674199));
#13176=CARTESIAN_POINT('',(-16.2318020630298,0.,-0.332565622674199));
#13177=CARTESIAN_POINT('',(-16.2318020630298,0.,11.3837171886629));
#13178=CARTESIAN_POINT('',(-16.2318020630298,1.,-0.332565622674199));
#13179=CARTESIAN_POINT('',(-16.2318020630298,1.,11.3837171886629));
#13180=CARTESIAN_POINT('',(-16.2318020630298,1.,-0.332565622674199));
#13181=CARTESIAN_POINT('Origin',(-18.7318020630298,1.,-1.70898176059236));
#13182=CARTESIAN_POINT('',(-11.9276517753689,1.38777878078145E-16,2.03715514371043));
#13183=CARTESIAN_POINT('',(-11.9276517753689,1.,2.03715514371043));
#13184=CARTESIAN_POINT('Origin',(-27.2318020630298,1.,-0.265606087618284));
#13185=CARTESIAN_POINT('',(-24.7318020630298,0.,-1.70898176059236));
#13186=CARTESIAN_POINT('',(-27.2318020630298,0.,-0.265606087618284));
#13187=CARTESIAN_POINT('',(-27.5752409010681,0.,-0.0673215820267092));
#13188=CARTESIAN_POINT('',(-24.7318020630298,1.,-1.70898176059236));
#13189=CARTESIAN_POINT('',(-24.7318020630298,1.,-1.70898176059236));
#13190=CARTESIAN_POINT('',(-27.2318020630298,1.,-0.265606087618284));
#13191=CARTESIAN_POINT('',(-27.5752409010681,1.,-0.0673215820267092));
#13192=CARTESIAN_POINT('',(-27.2318020630298,1.,-0.265606087618284));
#13193=CARTESIAN_POINT('Origin',(-27.2318020630298,1.,2.62232367308759));
#13194=CARTESIAN_POINT('',(-27.2318020630298,0.,2.62232367308759));
#13195=CARTESIAN_POINT('',(-27.2318020630298,0.,12.8611618365438));
#13196=CARTESIAN_POINT('',(-27.2318020630298,1.,2.62232367308759));
#13197=CARTESIAN_POINT('',(-27.2318020630298,1.,12.8611618365438));
#13198=CARTESIAN_POINT('',(-27.2318020630298,1.,2.62232367308759));
#13199=CARTESIAN_POINT('Origin',(-24.6734811614263,1.,4.03084934306374));
#13200=CARTESIAN_POINT('',(-24.6734811614263,0.,4.03084934306374));
#13201=CARTESIAN_POINT('',(-16.802079457519,0.,8.36457907638158));
#13202=CARTESIAN_POINT('',(-24.6734811614263,1.,4.03084934306374));
#13203=CARTESIAN_POINT('',(-16.802079457519,1.,8.36457907638158));
#13204=CARTESIAN_POINT('',(-24.6734811614263,1.,4.03084934306374));
#13205=CARTESIAN_POINT('Origin',(-22.2318020630298,1.,2.62114525832984));
#13206=CARTESIAN_POINT('',(-22.2318020630298,0.,2.62114525832984));
#13207=CARTESIAN_POINT('',(-23.8252409010681,0.,3.54111760040843));
#13208=CARTESIAN_POINT('',(-22.2318020630298,1.,2.62114525832984));
#13209=CARTESIAN_POINT('',(-23.8252409010681,1.,3.54111760040843));
#13210=CARTESIAN_POINT('',(-22.2318020630298,1.,2.62114525832984));
#13211=CARTESIAN_POINT('Origin',(-22.2318020630298,1.,-0.332565622674199));
#13212=CARTESIAN_POINT('',(-22.2318020630298,0.,-0.332565622674199));
#13213=CARTESIAN_POINT('',(-22.2318020630298,0.,11.3837171886629));
#13214=CARTESIAN_POINT('',(-22.2318020630298,1.,-0.332565622674199));
#13215=CARTESIAN_POINT('',(-22.2318020630298,1.,11.3837171886629));
#13216=CARTESIAN_POINT('',(-22.2318020630298,1.,-0.332565622674199));
#13217=CARTESIAN_POINT('Origin',(-24.7318020630298,1.,-1.70898176059236));
#13218=CARTESIAN_POINT('',(-15.6254907134342,1.38777878078145E-16,3.30464779880389));
#13219=CARTESIAN_POINT('',(-15.6254907134342,1.,3.30464779880389));
#13220=CARTESIAN_POINT('Origin',(-6.23180206302981,1.,4.93054633508834));
#13221=CARTESIAN_POINT('',(-3.73180206302981,0.,3.48717066211426));
#13222=CARTESIAN_POINT('',(-6.23180206302981,0.,4.93054633508834));
#13223=CARTESIAN_POINT('',(-13.3252409010681,0.,9.0259451577099));
#13224=CARTESIAN_POINT('',(-3.73180206302981,1.,3.48717066211426));
#13225=CARTESIAN_POINT('',(-3.73180206302981,1.,3.48717066211426));
#13226=CARTESIAN_POINT('',(-6.23180206302981,1.,4.93054633508834));
#13227=CARTESIAN_POINT('',(-13.3252409010681,1.,9.0259451577099));
#13228=CARTESIAN_POINT('',(-6.23180206302981,1.,4.93054633508834));
#13229=CARTESIAN_POINT('Origin',(-6.23180206302981,1.,7.81847609579421));
#13230=CARTESIAN_POINT('',(-6.23180206302981,0.,7.81847609579421));
#13231=CARTESIAN_POINT('',(-6.2318020630298,0.,15.4592380478971));
#13232=CARTESIAN_POINT('',(-6.23180206302981,1.,7.81847609579421));
#13233=CARTESIAN_POINT('',(-6.2318020630298,1.,15.4592380478971));
#13234=CARTESIAN_POINT('',(-6.23180206302981,1.,7.81847609579421));
#13235=CARTESIAN_POINT('Origin',(-3.67348116142631,1.,9.22700176577036));
#13236=CARTESIAN_POINT('',(-3.67348116142631,0.,9.22700176577036));
#13237=CARTESIAN_POINT('',(-4.95732401271136,0.,8.52016095814652));
#13238=CARTESIAN_POINT('',(-3.67348116142631,1.,9.22700176577036));
#13239=CARTESIAN_POINT('',(-4.95732401271136,1.,8.52016095814652));
#13240=CARTESIAN_POINT('',(-3.67348116142631,1.,9.22700176577036));
#13241=CARTESIAN_POINT('Origin',(-1.23180206302981,1.,7.81729768103646));
#13242=CARTESIAN_POINT('',(-2.,0.,8.26081696673711));
#13243=CARTESIAN_POINT('',(-2.,1.,8.26081696673711));
#13244=CARTESIAN_POINT('',(-2.,0.5,8.26081696673711));
#13245=CARTESIAN_POINT('',(-9.57524090106807,0.,12.634384340145));
#13246=CARTESIAN_POINT('',(-9.57524090106807,1.,12.634384340145));
#13247=CARTESIAN_POINT('Origin',(-3.73180206302981,1.,3.48717066211426));
#13248=CARTESIAN_POINT('',(-2.,1.,4.44064278500793));
#13249=CARTESIAN_POINT('',(-2.,1.38777878078145E-16,4.44064278500793));
#13250=CARTESIAN_POINT('',(-2.,0.5,4.44064278500793));
#13251=CARTESIAN_POINT('',(-3.78073526862662,1.,3.46022968056885));
#13252=CARTESIAN_POINT('',(-3.78073526862662,1.38777878078145E-16,3.46022968056885));
#13253=CARTESIAN_POINT('Origin',(-12.2318020630298,1.,4.93054633508834));
#13254=CARTESIAN_POINT('',(-9.73180206302981,0.,3.48717066211426));
#13255=CARTESIAN_POINT('',(-12.2318020630298,0.,4.93054633508834));
#13256=CARTESIAN_POINT('',(-17.0752409010681,0.,7.72690705203324));
#13257=CARTESIAN_POINT('',(-9.73180206302981,1.,3.48717066211426));
#13258=CARTESIAN_POINT('',(-9.73180206302981,1.,3.48717066211426));
#13259=CARTESIAN_POINT('',(-12.2318020630298,1.,4.93054633508834));
#13260=CARTESIAN_POINT('',(-17.0752409010681,1.,7.72690705203324));
#13261=CARTESIAN_POINT('',(-12.2318020630298,1.,4.93054633508834));
#13262=CARTESIAN_POINT('Origin',(-12.2318020630298,1.,7.81847609579421));
#13263=CARTESIAN_POINT('',(-12.2318020630298,0.,7.81847609579421));
#13264=CARTESIAN_POINT('',(-12.2318020630298,0.,15.4592380478971));
#13265=CARTESIAN_POINT('',(-12.2318020630298,1.,7.81847609579421));
#13266=CARTESIAN_POINT('',(-12.2318020630298,1.,15.4592380478971));
#13267=CARTESIAN_POINT('',(-12.2318020630298,1.,7.81847609579421));
#13268=CARTESIAN_POINT('Origin',(-9.67348116142631,1.,9.22700176577036));
#13269=CARTESIAN_POINT('',(-9.67348116142631,0.,9.22700176577036));
#13270=CARTESIAN_POINT('',(-8.65516295077671,0.,9.78765361323998));
#13271=CARTESIAN_POINT('',(-9.67348116142631,1.,9.22700176577036));
#13272=CARTESIAN_POINT('',(-8.65516295077671,1.,9.78765361323998));
#13273=CARTESIAN_POINT('',(-9.67348116142631,1.,9.22700176577036));
#13274=CARTESIAN_POINT('Origin',(-7.23180206302981,1.,7.81729768103646));
#13275=CARTESIAN_POINT('',(-7.23180206302981,0.,7.81729768103646));
#13276=CARTESIAN_POINT('',(-13.3252409010681,0.,11.3353462344684));
#13277=CARTESIAN_POINT('',(-7.23180206302981,1.,7.81729768103646));
#13278=CARTESIAN_POINT('',(-13.3252409010681,1.,11.3353462344684));
#13279=CARTESIAN_POINT('',(-7.23180206302981,1.,7.81729768103646));
#13280=CARTESIAN_POINT('Origin',(-7.23180206302981,1.,4.86358680003242));
#13281=CARTESIAN_POINT('',(-7.23180206302981,0.,4.86358680003242));
#13282=CARTESIAN_POINT('',(-7.2318020630298,0.,13.9817934000162));
#13283=CARTESIAN_POINT('',(-7.23180206302981,1.,4.86358680003242));
#13284=CARTESIAN_POINT('',(-7.2318020630298,1.,13.9817934000162));
#13285=CARTESIAN_POINT('',(-7.23180206302981,1.,4.86358680003242));
#13286=CARTESIAN_POINT('Origin',(-9.73180206302981,1.,3.48717066211426));
#13287=CARTESIAN_POINT('',(-7.47857420669196,1.38777878078145E-16,4.72772233566232));
#13288=CARTESIAN_POINT('',(-7.47857420669196,1.,4.72772233566232));
#13289=CARTESIAN_POINT('Origin',(-18.2318020630298,1.,4.93054633508834));
#13290=CARTESIAN_POINT('',(-15.7318020630298,0.,3.48717066211426));
#13291=CARTESIAN_POINT('',(-18.2318020630298,0.,4.93054633508834));
#13292=CARTESIAN_POINT('',(-20.8252409010681,0.,6.42786894635658));
#13293=CARTESIAN_POINT('',(-15.7318020630298,1.,3.48717066211426));
#13294=CARTESIAN_POINT('',(-15.7318020630298,1.,3.48717066211426));
#13295=CARTESIAN_POINT('',(-18.2318020630298,1.,4.93054633508834));
#13296=CARTESIAN_POINT('',(-20.8252409010681,1.,6.42786894635658));
#13297=CARTESIAN_POINT('',(-18.2318020630298,1.,4.93054633508834));
#13298=CARTESIAN_POINT('Origin',(-18.2318020630298,1.,7.81847609579421));
#13299=CARTESIAN_POINT('',(-18.2318020630298,0.,7.81847609579421));
#13300=CARTESIAN_POINT('',(-18.2318020630298,0.,15.4592380478971));
#13301=CARTESIAN_POINT('',(-18.2318020630298,1.,7.81847609579421));
#13302=CARTESIAN_POINT('',(-18.2318020630298,1.,15.4592380478971));
#13303=CARTESIAN_POINT('',(-18.2318020630298,1.,7.81847609579421));
#13304=CARTESIAN_POINT('Origin',(-15.6734811614263,1.,9.22700176577036));
#13305=CARTESIAN_POINT('',(-15.6734811614263,0.,9.22700176577036));
#13306=CARTESIAN_POINT('',(-12.3530018888421,0.,11.0551462683334));
#13307=CARTESIAN_POINT('',(-15.6734811614263,1.,9.22700176577036));
#13308=CARTESIAN_POINT('',(-12.3530018888421,1.,11.0551462683334));
#13309=CARTESIAN_POINT('',(-15.6734811614263,1.,9.22700176577036));
#13310=CARTESIAN_POINT('Origin',(-13.2318020630298,1.,7.81729768103646));
#13311=CARTESIAN_POINT('',(-13.2318020630298,0.,7.81729768103646));
#13312=CARTESIAN_POINT('',(-17.0752409010681,0.,10.0363081287917));
#13313=CARTESIAN_POINT('',(-13.2318020630298,1.,7.81729768103646));
#13314=CARTESIAN_POINT('',(-17.0752409010681,1.,10.0363081287917));
#13315=CARTESIAN_POINT('',(-13.2318020630298,1.,7.81729768103646));
#13316=CARTESIAN_POINT('Origin',(-13.2318020630298,1.,4.86358680003242));
#13317=CARTESIAN_POINT('',(-13.2318020630298,0.,4.86358680003242));
#13318=CARTESIAN_POINT('',(-13.2318020630298,0.,13.9817934000162));
#13319=CARTESIAN_POINT('',(-13.2318020630298,1.,4.86358680003242));
#13320=CARTESIAN_POINT('',(-13.2318020630298,1.,13.9817934000162));
#13321=CARTESIAN_POINT('',(-13.2318020630298,1.,4.86358680003242));
#13322=CARTESIAN_POINT('Origin',(-15.7318020630298,1.,3.48717066211426));
#13323=CARTESIAN_POINT('',(-11.1764131447573,1.38777878078145E-16,5.99521499075578));
#13324=CARTESIAN_POINT('',(-11.1764131447573,1.,5.99521499075578));
#13325=CARTESIAN_POINT('Origin',(-24.2318020630298,1.,4.93054633508835));
#13326=CARTESIAN_POINT('',(-21.7318020630298,0.,3.48717066211427));
#13327=CARTESIAN_POINT('',(-24.2318020630298,0.,4.93054633508835));
#13328=CARTESIAN_POINT('',(-24.5752409010681,0.,5.12883084067992));
#13329=CARTESIAN_POINT('',(-21.7318020630298,1.,3.48717066211427));
#13330=CARTESIAN_POINT('',(-21.7318020630298,1.,3.48717066211427));
#13331=CARTESIAN_POINT('',(-24.2318020630298,1.,4.93054633508835));
#13332=CARTESIAN_POINT('',(-24.5752409010681,1.,5.12883084067992));
#13333=CARTESIAN_POINT('',(-24.2318020630298,1.,4.93054633508835));
#13334=CARTESIAN_POINT('Origin',(-24.2318020630298,1.,7.81847609579422));
#13335=CARTESIAN_POINT('',(-24.2318020630298,0.,7.81847609579422));
#13336=CARTESIAN_POINT('',(-24.2318020630298,0.,15.4592380478971));
#13337=CARTESIAN_POINT('',(-24.2318020630298,1.,7.81847609579422));
#13338=CARTESIAN_POINT('',(-24.2318020630298,1.,15.4592380478971));
#13339=CARTESIAN_POINT('',(-24.2318020630298,1.,7.81847609579422));
#13340=CARTESIAN_POINT('Origin',(-21.6734811614263,1.,9.22700176577037));
#13341=CARTESIAN_POINT('',(-21.6734811614263,0.,9.22700176577037));
#13342=CARTESIAN_POINT('',(-16.0508408269074,0.,12.3226389234269));
#13343=CARTESIAN_POINT('',(-21.6734811614263,1.,9.22700176577037));
#13344=CARTESIAN_POINT('',(-16.0508408269074,1.,12.3226389234269));
#13345=CARTESIAN_POINT('',(-21.6734811614263,1.,9.22700176577037));
#13346=CARTESIAN_POINT('Origin',(-19.2318020630298,1.,7.81729768103647));
#13347=CARTESIAN_POINT('',(-19.2318020630298,0.,7.81729768103647));
#13348=CARTESIAN_POINT('',(-20.8252409010681,0.,8.73727002311506));
#13349=CARTESIAN_POINT('',(-19.2318020630298,1.,7.81729768103647));
#13350=CARTESIAN_POINT('',(-20.8252409010681,1.,8.73727002311506));
#13351=CARTESIAN_POINT('',(-19.2318020630298,1.,7.81729768103647));
#13352=CARTESIAN_POINT('Origin',(-19.2318020630298,1.,4.86358680003242));
#13353=CARTESIAN_POINT('',(-19.2318020630298,0.,4.86358680003242));
#13354=CARTESIAN_POINT('',(-19.2318020630298,0.,13.9817934000162));
#13355=CARTESIAN_POINT('',(-19.2318020630298,1.,4.86358680003242));
#13356=CARTESIAN_POINT('',(-19.2318020630298,1.,13.9817934000162));
#13357=CARTESIAN_POINT('',(-19.2318020630298,1.,4.86358680003242));
#13358=CARTESIAN_POINT('Origin',(-21.7318020630298,1.,3.48717066211427));
#13359=CARTESIAN_POINT('',(-14.8742520828227,1.38777878078145E-16,7.26270764584924));
#13360=CARTESIAN_POINT('',(-14.8742520828227,1.,7.26270764584924));
#13361=CARTESIAN_POINT('Origin',(-25.2318020630298,1.,7.81729768103648));
#13362=CARTESIAN_POINT('',(-27.315,1.,9.02003257072148));
#13363=CARTESIAN_POINT('',(-27.315,0.,9.02003257072148));
#13364=CARTESIAN_POINT('',(-27.315,0.5,9.02003257072149));
#13365=CARTESIAN_POINT('',(-25.2318020630298,1.,7.81729768103648));
#13366=CARTESIAN_POINT('',(-24.5752409010681,1.,7.43823191743841));
#13367=CARTESIAN_POINT('',(-25.2318020630298,0.,7.81729768103648));
#13368=CARTESIAN_POINT('',(-25.2318020630298,1.,7.81729768103648));
#13369=CARTESIAN_POINT('',(-24.5752409010681,0.,7.43823191743841));
#13370=CARTESIAN_POINT('Origin',(-25.2318020630298,1.,4.86358680003244));
#13371=CARTESIAN_POINT('',(-25.2318020630298,0.,4.86358680003244));
#13372=CARTESIAN_POINT('',(-25.2318020630298,0.,13.9817934000162));
#13373=CARTESIAN_POINT('',(-25.2318020630298,1.,4.86358680003244));
#13374=CARTESIAN_POINT('',(-25.2318020630298,1.,13.9817934000162));
#13375=CARTESIAN_POINT('',(-25.2318020630298,1.,4.86358680003244));
#13376=CARTESIAN_POINT('Origin',(-27.7318020630298,1.,3.48717066211428));
#13377=CARTESIAN_POINT('',(-27.315,1.38777878078145E-16,3.71664789646301));
#13378=CARTESIAN_POINT('',(-27.315,1.,3.71664789646301));
#13379=CARTESIAN_POINT('',(-27.315,0.5,3.71664789646301));
#13380=CARTESIAN_POINT('',(-18.572091020888,1.38777878078145E-16,8.53020030094271));
#13381=CARTESIAN_POINT('',(-18.572091020888,1.,8.53020030094271));
#13382=CARTESIAN_POINT('Origin',(-3.23180206302979,1.,10.126698757795));
#13383=CARTESIAN_POINT('',(-2.,1.,9.41551750511636));
#13384=CARTESIAN_POINT('',(-2.,0.,9.41551750511636));
#13385=CARTESIAN_POINT('',(-2.,0.5,9.41551750511636));
#13386=CARTESIAN_POINT('',(-3.23180206302979,1.,10.126698757795));
#13387=CARTESIAN_POINT('',(-10.3252409010681,1.,14.2220975804165));
#13388=CARTESIAN_POINT('',(-3.23180206302979,0.,10.126698757795));
#13389=CARTESIAN_POINT('',(-3.23180206302979,1.,10.126698757795));
#13390=CARTESIAN_POINT('',(-10.3252409010681,0.,14.2220975804165));
#13391=CARTESIAN_POINT('Origin',(-3.23180206302979,1.,13.0146285185008));
#13392=CARTESIAN_POINT('',(-3.23180206302979,0.,13.0146285185008));
#13393=CARTESIAN_POINT('',(-3.23180206302979,0.,18.0573142592504));
#13394=CARTESIAN_POINT('',(-3.23180206302979,1.,13.0146285185008));
#13395=CARTESIAN_POINT('',(-3.23180206302979,1.,18.0573142592504));
#13396=CARTESIAN_POINT('',(-3.23180206302979,1.,13.0146285185008));
#13397=CARTESIAN_POINT('Origin',(-0.673481161426295,1.,14.423154188477));
#13398=CARTESIAN_POINT('',(-2.,0.,13.6928174138109));
#13399=CARTESIAN_POINT('',(-2.,1.,13.6928174138109));
#13400=CARTESIAN_POINT('',(-2.,0.5,13.6928174138109));
#13401=CARTESIAN_POINT('',(-4.2060853820998,0.,12.4782208051919));
#13402=CARTESIAN_POINT('',(-4.2060853820998,1.,12.4782208051919));
#13403=CARTESIAN_POINT('Origin',(-9.23180206302979,1.,10.126698757795));
#13404=CARTESIAN_POINT('',(-6.7318020630298,0.,8.68332308482088));
#13405=CARTESIAN_POINT('',(-9.23180206302979,0.,10.126698757795));
#13406=CARTESIAN_POINT('',(-14.0752409010681,0.,12.9230594747399));
#13407=CARTESIAN_POINT('',(-6.7318020630298,1.,8.68332308482088));
#13408=CARTESIAN_POINT('',(-6.7318020630298,1.,8.68332308482088));
#13409=CARTESIAN_POINT('',(-9.23180206302979,1.,10.126698757795));
#13410=CARTESIAN_POINT('',(-14.0752409010681,1.,12.9230594747399));
#13411=CARTESIAN_POINT('',(-9.23180206302979,1.,10.126698757795));
#13412=CARTESIAN_POINT('Origin',(-9.23180206302979,1.,13.0146285185008));
#13413=CARTESIAN_POINT('',(-9.23180206302979,0.,13.0146285185008));
#13414=CARTESIAN_POINT('',(-9.23180206302979,0.,18.0573142592504));
#13415=CARTESIAN_POINT('',(-9.23180206302979,1.,13.0146285185008));
#13416=CARTESIAN_POINT('',(-9.23180206302979,1.,18.0573142592504));
#13417=CARTESIAN_POINT('',(-9.23180206302979,1.,13.0146285185008));
#13418=CARTESIAN_POINT('Origin',(-6.6734811614263,1.,14.423154188477));
#13419=CARTESIAN_POINT('',(-6.6734811614263,0.,14.423154188477));
#13420=CARTESIAN_POINT('',(-7.90392432016515,0.,13.7457134602853));
#13421=CARTESIAN_POINT('',(-6.6734811614263,1.,14.423154188477));
#13422=CARTESIAN_POINT('',(-7.90392432016515,1.,13.7457134602853));
#13423=CARTESIAN_POINT('',(-6.6734811614263,1.,14.423154188477));
#13424=CARTESIAN_POINT('Origin',(-4.23180206302979,1.,13.0134501037431));
#13425=CARTESIAN_POINT('',(-4.23180206302979,0.,13.0134501037431));
#13426=CARTESIAN_POINT('',(-10.3252409010681,0.,16.531498657175));
#13427=CARTESIAN_POINT('',(-4.23180206302979,1.,13.0134501037431));
#13428=CARTESIAN_POINT('',(-10.3252409010681,1.,16.531498657175));
#13429=CARTESIAN_POINT('',(-4.23180206302979,1.,13.0134501037431));
#13430=CARTESIAN_POINT('Origin',(-4.23180206302979,1.,10.059739222739));
#13431=CARTESIAN_POINT('',(-4.23180206302979,0.,10.059739222739));
#13432=CARTESIAN_POINT('',(-4.23180206302979,0.,16.5798696113695));
#13433=CARTESIAN_POINT('',(-4.23180206302979,1.,10.059739222739));
#13434=CARTESIAN_POINT('',(-4.23180206302979,1.,16.5798696113695));
#13435=CARTESIAN_POINT('',(-4.23180206302979,1.,10.059739222739));
#13436=CARTESIAN_POINT('Origin',(-6.7318020630298,1.,8.68332308482088));
#13437=CARTESIAN_POINT('',(-6.72733557608041,1.38777878078145E-16,8.68578218270766));
#13438=CARTESIAN_POINT('',(-6.72733557608041,1.,8.68578218270766));
#13439=CARTESIAN_POINT('Origin',(-15.2318020630298,1.,10.126698757795));
#13440=CARTESIAN_POINT('',(-12.7318020630298,0.,8.68332308482089));
#13441=CARTESIAN_POINT('',(-15.2318020630298,0.,10.126698757795));
#13442=CARTESIAN_POINT('',(-17.8252409010681,0.,11.6240213690632));
#13443=CARTESIAN_POINT('',(-12.7318020630298,1.,8.68332308482089));
#13444=CARTESIAN_POINT('',(-12.7318020630298,1.,8.68332308482089));
#13445=CARTESIAN_POINT('',(-15.2318020630298,1.,10.126698757795));
#13446=CARTESIAN_POINT('',(-17.8252409010681,1.,11.6240213690632));
#13447=CARTESIAN_POINT('',(-15.2318020630298,1.,10.126698757795));
#13448=CARTESIAN_POINT('Origin',(-15.2318020630298,1.,13.0146285185008));
#13449=CARTESIAN_POINT('',(-15.2318020630298,0.,13.0146285185008));
#13450=CARTESIAN_POINT('',(-15.2318020630298,0.,18.0573142592504));
#13451=CARTESIAN_POINT('',(-15.2318020630298,1.,13.0146285185008));
#13452=CARTESIAN_POINT('',(-15.2318020630298,1.,18.0573142592504));
#13453=CARTESIAN_POINT('',(-15.2318020630298,1.,13.0146285185008));
#13454=CARTESIAN_POINT('Origin',(-12.6734811614263,1.,14.423154188477));
#13455=CARTESIAN_POINT('',(-12.6734811614263,0.,14.423154188477));
#13456=CARTESIAN_POINT('',(-11.6017632582305,0.,15.0132061153788));
#13457=CARTESIAN_POINT('',(-12.6734811614263,1.,14.423154188477));
#13458=CARTESIAN_POINT('',(-11.6017632582305,1.,15.0132061153788));
#13459=CARTESIAN_POINT('',(-12.6734811614263,1.,14.423154188477));
#13460=CARTESIAN_POINT('Origin',(-10.2318020630298,1.,13.0134501037431));
#13461=CARTESIAN_POINT('',(-10.2318020630298,0.,13.0134501037431));
#13462=CARTESIAN_POINT('',(-14.0752409010681,0.,15.2324605514983));
#13463=CARTESIAN_POINT('',(-10.2318020630298,1.,13.0134501037431));
#13464=CARTESIAN_POINT('',(-14.0752409010681,1.,15.2324605514983));
#13465=CARTESIAN_POINT('',(-10.2318020630298,1.,13.0134501037431));
#13466=CARTESIAN_POINT('Origin',(-10.2318020630298,1.,10.059739222739));
#13467=CARTESIAN_POINT('',(-10.2318020630298,0.,10.059739222739));
#13468=CARTESIAN_POINT('',(-10.2318020630298,0.,16.5798696113695));
#13469=CARTESIAN_POINT('',(-10.2318020630298,1.,10.059739222739));
#13470=CARTESIAN_POINT('',(-10.2318020630298,1.,16.5798696113695));
#13471=CARTESIAN_POINT('',(-10.2318020630298,1.,10.059739222739));
#13472=CARTESIAN_POINT('Origin',(-12.7318020630298,1.,8.68332308482089));
#13473=CARTESIAN_POINT('',(-10.4251745141458,1.38777878078145E-16,9.95327483780113));
#13474=CARTESIAN_POINT('',(-10.4251745141458,1.,9.95327483780113));
#13475=CARTESIAN_POINT('Origin',(-21.2318020630298,1.,10.126698757795));
#13476=CARTESIAN_POINT('',(-18.7318020630298,0.,8.68332308482089));
#13477=CARTESIAN_POINT('',(-21.2318020630298,0.,10.126698757795));
#13478=CARTESIAN_POINT('',(-21.5752409010681,0.,10.3249832633865));
#13479=CARTESIAN_POINT('',(-18.7318020630298,1.,8.68332308482089));
#13480=CARTESIAN_POINT('',(-18.7318020630298,1.,8.68332308482089));
#13481=CARTESIAN_POINT('',(-21.2318020630298,1.,10.126698757795));
#13482=CARTESIAN_POINT('',(-21.5752409010681,1.,10.3249832633865));
#13483=CARTESIAN_POINT('',(-21.2318020630298,1.,10.126698757795));
#13484=CARTESIAN_POINT('Origin',(-21.2318020630298,1.,13.0146285185008));
#13485=CARTESIAN_POINT('',(-21.2318020630298,0.,13.0146285185008));
#13486=CARTESIAN_POINT('',(-21.2318020630298,0.,18.0573142592504));
#13487=CARTESIAN_POINT('',(-21.2318020630298,1.,13.0146285185008));
#13488=CARTESIAN_POINT('',(-21.2318020630298,1.,18.0573142592504));
#13489=CARTESIAN_POINT('',(-21.2318020630298,1.,13.0146285185008));
#13490=CARTESIAN_POINT('Origin',(-18.6734811614263,1.,14.423154188477));
#13491=CARTESIAN_POINT('',(-18.6734811614263,0.,14.423154188477));
#13492=CARTESIAN_POINT('',(-15.2996021962959,0.,16.2806987704723));
#13493=CARTESIAN_POINT('',(-18.6734811614263,1.,14.423154188477));
#13494=CARTESIAN_POINT('',(-15.2996021962959,1.,16.2806987704723));
#13495=CARTESIAN_POINT('',(-18.6734811614263,1.,14.423154188477));
#13496=CARTESIAN_POINT('Origin',(-16.2318020630298,1.,13.0134501037431));
#13497=CARTESIAN_POINT('',(-16.2318020630298,0.,13.0134501037431));
#13498=CARTESIAN_POINT('',(-17.8252409010681,0.,13.9334224458217));
#13499=CARTESIAN_POINT('',(-16.2318020630298,1.,13.0134501037431));
#13500=CARTESIAN_POINT('',(-17.8252409010681,1.,13.9334224458217));
#13501=CARTESIAN_POINT('',(-16.2318020630298,1.,13.0134501037431));
#13502=CARTESIAN_POINT('Origin',(-16.2318020630298,1.,10.059739222739));
#13503=CARTESIAN_POINT('',(-16.2318020630298,0.,10.059739222739));
#13504=CARTESIAN_POINT('',(-16.2318020630298,0.,16.5798696113695));
#13505=CARTESIAN_POINT('',(-16.2318020630298,1.,10.059739222739));
#13506=CARTESIAN_POINT('',(-16.2318020630298,1.,16.5798696113695));
#13507=CARTESIAN_POINT('',(-16.2318020630298,1.,10.059739222739));
#13508=CARTESIAN_POINT('Origin',(-18.7318020630298,1.,8.68332308482089));
#13509=CARTESIAN_POINT('',(-14.1230134522111,1.38777878078145E-16,11.2207674928946));
#13510=CARTESIAN_POINT('',(-14.1230134522111,1.,11.2207674928946));
#13511=CARTESIAN_POINT('Origin',(-27.2318020630298,1.,10.126698757795));
#13512=CARTESIAN_POINT('',(-24.7318020630298,0.,8.6833230848209));
#13513=CARTESIAN_POINT('',(-27.2318020630298,0.,10.126698757795));
#13514=CARTESIAN_POINT('',(-25.3252409010681,0.,9.02594515770989));
#13515=CARTESIAN_POINT('',(-24.7318020630298,1.,8.6833230848209));
#13516=CARTESIAN_POINT('',(-24.7318020630298,1.,8.6833230848209));
#13517=CARTESIAN_POINT('',(-27.2318020630298,1.,10.126698757795));
#13518=CARTESIAN_POINT('',(-25.3252409010681,1.,9.02594515770989));
#13519=CARTESIAN_POINT('',(-27.2318020630298,1.,10.126698757795));
#13520=CARTESIAN_POINT('Origin',(-27.2318020630298,1.,13.0146285185008));
#13521=CARTESIAN_POINT('',(-27.2318020630298,0.,11.7995825406372));
#13522=CARTESIAN_POINT('',(-27.2318020630298,1.,11.7995825406372));
#13523=CARTESIAN_POINT('',(-27.2318020630298,0.,11.7995825406372));
#13524=CARTESIAN_POINT('',(-27.2318020630298,0.,18.0573142592504));
#13525=CARTESIAN_POINT('',(-27.2318020630298,1.,18.0573142592504));
#13526=CARTESIAN_POINT('Origin',(-22.2318020630298,1.,13.0134501037431));
#13527=CARTESIAN_POINT('',(-22.7489401206507,1.,13.3120199005187));
#13528=CARTESIAN_POINT('',(-22.7489401206507,0.,13.3120199005187));
#13529=CARTESIAN_POINT('',(-22.7489401206507,0.,13.3120199005187));
#13530=CARTESIAN_POINT('',(-22.2318020630298,1.,13.0134501037431));
#13531=CARTESIAN_POINT('',(-21.5752409010681,1.,12.634384340145));
#13532=CARTESIAN_POINT('',(-22.2318020630298,0.,13.0134501037431));
#13533=CARTESIAN_POINT('',(-22.2318020630298,1.,13.0134501037431));
#13534=CARTESIAN_POINT('',(-21.5752409010681,0.,12.634384340145));
#13535=CARTESIAN_POINT('Origin',(-22.2318020630298,1.,10.0597392227391));
#13536=CARTESIAN_POINT('',(-22.2318020630298,0.,10.0597392227391));
#13537=CARTESIAN_POINT('',(-22.2318020630298,0.,16.5798696113695));
#13538=CARTESIAN_POINT('',(-22.2318020630298,1.,10.0597392227391));
#13539=CARTESIAN_POINT('',(-22.2318020630298,1.,16.5798696113695));
#13540=CARTESIAN_POINT('',(-22.2318020630298,1.,10.0597392227391));
#13541=CARTESIAN_POINT('Origin',(-24.7318020630298,1.,8.6833230848209));
#13542=CARTESIAN_POINT('',(-17.8208523902764,1.38777878078145E-16,12.4882601479881));
#13543=CARTESIAN_POINT('',(-17.8208523902764,1.,12.4882601479881));
#13544=CARTESIAN_POINT('Origin',(-6.23180206302978,1.,15.3228511805016));
#13545=CARTESIAN_POINT('',(-3.73180206302978,0.,13.8794755075275));
#13546=CARTESIAN_POINT('',(-6.23180206302978,0.,15.3228511805016));
#13547=CARTESIAN_POINT('',(-11.0752409010681,0.,18.1192118974465));
#13548=CARTESIAN_POINT('',(-3.73180206302978,1.,13.8794755075275));
#13549=CARTESIAN_POINT('',(-3.73180206302978,1.,13.8794755075275));
#13550=CARTESIAN_POINT('',(-6.23180206302978,1.,15.3228511805016));
#13551=CARTESIAN_POINT('',(-11.0752409010681,1.,18.1192118974465));
#13552=CARTESIAN_POINT('',(-6.23180206302978,1.,15.3228511805016));
#13553=CARTESIAN_POINT('Origin',(-6.23180206302978,1.,18.2107809412075));
#13554=CARTESIAN_POINT('',(-6.23180206302978,0.,18.2107809412075));
#13555=CARTESIAN_POINT('',(-6.23180206302978,0.,20.6553904706037));
#13556=CARTESIAN_POINT('',(-6.23180206302978,1.,18.2107809412075));
#13557=CARTESIAN_POINT('',(-6.23180206302978,1.,20.6553904706037));
#13558=CARTESIAN_POINT('',(-6.23180206302978,1.,18.2107809412075));
#13559=CARTESIAN_POINT('Origin',(-3.67348116142628,1.,19.6193066111836));
#13560=CARTESIAN_POINT('',(-3.67348116142628,0.,19.6193066111836));
#13561=CARTESIAN_POINT('',(-7.15268568955359,0.,17.7037733073307));
#13562=CARTESIAN_POINT('',(-3.67348116142628,1.,19.6193066111836));
#13563=CARTESIAN_POINT('',(-7.15268568955359,1.,17.7037733073307));
#13564=CARTESIAN_POINT('',(-3.67348116142628,1.,19.6193066111836));
#13565=CARTESIAN_POINT('Origin',(-1.23180206302978,1.,18.2096025264497));
#13566=CARTESIAN_POINT('',(-1.99999999999999,0.,18.6531218121504));
#13567=CARTESIAN_POINT('',(-1.99999999999999,1.,18.6531218121504));
#13568=CARTESIAN_POINT('',(-1.99999999999999,0.5,18.6531218121504));
#13569=CARTESIAN_POINT('',(-7.32524090106806,0.,21.7276510798816));
#13570=CARTESIAN_POINT('',(-7.32524090106806,1.,21.7276510798816));
#13571=CARTESIAN_POINT('Origin',(-3.73180206302978,1.,13.8794755075275));
#13572=CARTESIAN_POINT('',(-2.,1.,14.8329476304212));
#13573=CARTESIAN_POINT('',(-2.,1.38777878078145E-16,14.8329476304212));
#13574=CARTESIAN_POINT('',(-2.,0.5,14.8329476304212));
#13575=CARTESIAN_POINT('',(-5.97609694546885,1.,12.643842029753));
#13576=CARTESIAN_POINT('',(-5.97609694546885,1.38777878078145E-16,12.643842029753));
#13577=CARTESIAN_POINT('Origin',(-12.2318020630298,1.,15.3228511805016));
#13578=CARTESIAN_POINT('',(-9.73180206302978,0.,13.8794755075275));
#13579=CARTESIAN_POINT('',(-12.2318020630298,0.,15.3228511805016));
#13580=CARTESIAN_POINT('',(-14.8252409010681,0.,16.8201737917698));
#13581=CARTESIAN_POINT('',(-9.73180206302978,1.,13.8794755075275));
#13582=CARTESIAN_POINT('',(-9.73180206302978,1.,13.8794755075275));
#13583=CARTESIAN_POINT('',(-12.2318020630298,1.,15.3228511805016));
#13584=CARTESIAN_POINT('',(-14.8252409010681,1.,16.8201737917698));
#13585=CARTESIAN_POINT('',(-12.2318020630298,1.,15.3228511805016));
#13586=CARTESIAN_POINT('Origin',(-12.2318020630298,1.,18.2107809412075));
#13587=CARTESIAN_POINT('',(-12.2318020630298,0.,18.2107809412075));
#13588=CARTESIAN_POINT('',(-12.2318020630298,0.,20.6553904706037));
#13589=CARTESIAN_POINT('',(-12.2318020630298,1.,18.2107809412075));
#13590=CARTESIAN_POINT('',(-12.2318020630298,1.,20.6553904706037));
#13591=CARTESIAN_POINT('',(-12.2318020630298,1.,18.2107809412075));
#13592=CARTESIAN_POINT('Origin',(-9.67348116142628,1.,19.6193066111836));
#13593=CARTESIAN_POINT('',(-9.67348116142628,0.,19.6193066111836));
#13594=CARTESIAN_POINT('',(-10.8505246276189,0.,18.9712659624241));
#13595=CARTESIAN_POINT('',(-9.67348116142628,1.,19.6193066111836));
#13596=CARTESIAN_POINT('',(-10.8505246276189,1.,18.9712659624241));
#13597=CARTESIAN_POINT('',(-9.67348116142628,1.,19.6193066111836));
#13598=CARTESIAN_POINT('Origin',(-7.23180206302978,1.,18.2096025264497));
#13599=CARTESIAN_POINT('',(-7.23180206302978,0.,18.2096025264497));
#13600=CARTESIAN_POINT('',(-11.0752409010681,0.,20.428612974205));
#13601=CARTESIAN_POINT('',(-7.23180206302978,1.,18.2096025264497));
#13602=CARTESIAN_POINT('',(-11.0752409010681,1.,20.428612974205));
#13603=CARTESIAN_POINT('',(-7.23180206302978,1.,18.2096025264497));
#13604=CARTESIAN_POINT('Origin',(-7.23180206302978,1.,15.2558916454457));
#13605=CARTESIAN_POINT('',(-7.23180206302978,0.,15.2558916454457));
#13606=CARTESIAN_POINT('',(-7.23180206302978,0.,19.1779458227228));
#13607=CARTESIAN_POINT('',(-7.23180206302978,1.,15.2558916454457));
#13608=CARTESIAN_POINT('',(-7.23180206302978,1.,19.1779458227228));
#13609=CARTESIAN_POINT('',(-7.23180206302978,1.,15.2558916454457));
#13610=CARTESIAN_POINT('Origin',(-9.73180206302978,1.,13.8794755075275));
#13611=CARTESIAN_POINT('',(-9.67393588353419,1.38777878078145E-16,13.9113346848465));
#13612=CARTESIAN_POINT('',(-9.67393588353419,1.,13.9113346848465));
#13613=CARTESIAN_POINT('Origin',(-18.2318020630298,1.,15.3228511805016));
#13614=CARTESIAN_POINT('',(-15.7318020630298,0.,13.8794755075275));
#13615=CARTESIAN_POINT('',(-18.2318020630298,0.,15.3228511805016));
#13616=CARTESIAN_POINT('',(-18.5752409010681,0.,15.5211356860932));
#13617=CARTESIAN_POINT('',(-15.7318020630298,1.,13.8794755075275));
#13618=CARTESIAN_POINT('',(-15.7318020630298,1.,13.8794755075275));
#13619=CARTESIAN_POINT('',(-18.2318020630298,1.,15.3228511805016));
#13620=CARTESIAN_POINT('',(-18.5752409010681,1.,15.5211356860932));
#13621=CARTESIAN_POINT('',(-18.2318020630298,1.,15.3228511805016));
#13622=CARTESIAN_POINT('Origin',(-18.2318020630298,1.,18.2107809412075));
#13623=CARTESIAN_POINT('',(-18.2318020630298,0.,18.2107809412075));
#13624=CARTESIAN_POINT('',(-18.2318020630298,0.,20.6553904706037));
#13625=CARTESIAN_POINT('',(-18.2318020630298,1.,18.2107809412075));
#13626=CARTESIAN_POINT('',(-18.2318020630298,1.,20.6553904706037));
#13627=CARTESIAN_POINT('',(-18.2318020630298,1.,18.2107809412075));
#13628=CARTESIAN_POINT('Origin',(-15.6734811614263,1.,19.6193066111836));
#13629=CARTESIAN_POINT('',(-15.6734811614263,0.,19.6193066111836));
#13630=CARTESIAN_POINT('',(-14.5483635656843,0.,20.2387586175176));
#13631=CARTESIAN_POINT('',(-15.6734811614263,1.,19.6193066111836));
#13632=CARTESIAN_POINT('',(-14.5483635656843,1.,20.2387586175176));
#13633=CARTESIAN_POINT('',(-15.6734811614263,1.,19.6193066111836));
#13634=CARTESIAN_POINT('Origin',(-13.2318020630298,1.,18.2096025264497));
#13635=CARTESIAN_POINT('',(-13.2318020630298,0.,18.2096025264497));
#13636=CARTESIAN_POINT('',(-14.8252409010681,0.,19.1295748685283));
#13637=CARTESIAN_POINT('',(-13.2318020630298,1.,18.2096025264497));
#13638=CARTESIAN_POINT('',(-14.8252409010681,1.,19.1295748685283));
#13639=CARTESIAN_POINT('',(-13.2318020630298,1.,18.2096025264497));
#13640=CARTESIAN_POINT('Origin',(-13.2318020630298,1.,15.2558916454457));
#13641=CARTESIAN_POINT('',(-13.2318020630298,0.,15.2558916454457));
#13642=CARTESIAN_POINT('',(-13.2318020630298,0.,19.1779458227228));
#13643=CARTESIAN_POINT('',(-13.2318020630298,1.,15.2558916454457));
#13644=CARTESIAN_POINT('',(-13.2318020630298,1.,19.1779458227228));
#13645=CARTESIAN_POINT('',(-13.2318020630298,1.,15.2558916454457));
#13646=CARTESIAN_POINT('Origin',(-15.7318020630298,1.,13.8794755075275));
#13647=CARTESIAN_POINT('',(-13.3717748215995,1.38777878078145E-16,15.1788273399399));
#13648=CARTESIAN_POINT('',(-13.3717748215995,1.,15.1788273399399));
#13649=CARTESIAN_POINT('Origin',(-24.2318020630298,1.,15.3228511805016));
#13650=CARTESIAN_POINT('',(-22.3937643371645,0.,14.2616596046926));
#13651=CARTESIAN_POINT('',(-22.3937643371645,1.,14.2616596046926));
#13652=CARTESIAN_POINT('',(-22.3937643371645,0.,14.2616596046926));
#13653=CARTESIAN_POINT('',(-21.7318020630298,0.,13.8794755075275));
#13654=CARTESIAN_POINT('',(-22.3252409010681,0.,14.2220975804165));
#13655=CARTESIAN_POINT('',(-21.7318020630298,1.,13.8794755075275));
#13656=CARTESIAN_POINT('',(-21.7318020630298,1.,13.8794755075275));
#13657=CARTESIAN_POINT('',(-22.3252409010681,1.,14.2220975804165));
#13658=CARTESIAN_POINT('Origin',(-24.2318020630298,1.,18.2107809412075));
#13659=CARTESIAN_POINT('',(-24.2318020630298,1.,18.1214554765963));
#13660=CARTESIAN_POINT('',(-24.2318020630298,0.,18.1214554765963));
#13661=CARTESIAN_POINT('',(-24.2318020630298,0.,18.1214554765963));
#13662=CARTESIAN_POINT('',(-24.2318020630298,1.,18.2107809412075));
#13663=CARTESIAN_POINT('',(-24.2318020630298,1.,20.6553904706037));
#13664=CARTESIAN_POINT('',(-24.2318020630298,0.,18.2107809412075));
#13665=CARTESIAN_POINT('',(-24.2318020630298,1.,18.2107809412075));
#13666=CARTESIAN_POINT('',(-24.2318020630298,0.,20.6553904706037));
#13667=CARTESIAN_POINT('Origin',(-21.6734811614263,1.,19.6193066111836));
#13668=CARTESIAN_POINT('',(-21.6734811614263,0.,19.6193066111836));
#13669=CARTESIAN_POINT('',(-18.2462025037497,0.,21.5062512726111));
#13670=CARTESIAN_POINT('',(-21.6734811614263,1.,19.6193066111836));
#13671=CARTESIAN_POINT('',(-18.2462025037497,1.,21.5062512726111));
#13672=CARTESIAN_POINT('',(-21.6734811614263,1.,19.6193066111836));
#13673=CARTESIAN_POINT('Origin',(-19.2318020630298,1.,18.2096025264497));
#13674=CARTESIAN_POINT('',(-19.2318020630298,0.,18.2096025264497));
#13675=CARTESIAN_POINT('',(-18.5752409010681,0.,17.8305367628517));
#13676=CARTESIAN_POINT('',(-19.2318020630298,1.,18.2096025264497));
#13677=CARTESIAN_POINT('',(-18.5752409010681,1.,17.8305367628517));
#13678=CARTESIAN_POINT('',(-19.2318020630298,1.,18.2096025264497));
#13679=CARTESIAN_POINT('Origin',(-19.2318020630298,1.,15.2558916454457));
#13680=CARTESIAN_POINT('',(-19.2318020630298,0.,15.2558916454457));
#13681=CARTESIAN_POINT('',(-19.2318020630298,0.,19.1779458227228));
#13682=CARTESIAN_POINT('',(-19.2318020630298,1.,15.2558916454457));
#13683=CARTESIAN_POINT('',(-19.2318020630298,1.,19.1779458227228));
#13684=CARTESIAN_POINT('',(-19.2318020630298,1.,15.2558916454457));
#13685=CARTESIAN_POINT('Origin',(-21.7318020630298,1.,13.8794755075275));
#13686=CARTESIAN_POINT('',(-17.0696137596649,1.38777878078145E-16,16.4463199950334));
#13687=CARTESIAN_POINT('',(-17.0696137596649,1.,16.4463199950334));
#13688=CARTESIAN_POINT('Origin',(-3.23180206302977,1.,20.5190036032082));
#13689=CARTESIAN_POINT('',(-1.99999999999999,1.,19.8078223505296));
#13690=CARTESIAN_POINT('',(-1.99999999999999,0.,19.8078223505296));
#13691=CARTESIAN_POINT('',(-1.99999999999999,0.5,19.8078223505296));
#13692=CARTESIAN_POINT('',(-3.23180206302977,1.,20.5190036032082));
#13693=CARTESIAN_POINT('',(-8.07524090106804,1.,23.3153643201531));
#13694=CARTESIAN_POINT('',(-3.23180206302977,0.,20.5190036032082));
#13695=CARTESIAN_POINT('',(-3.23180206302977,1.,20.5190036032082));
#13696=CARTESIAN_POINT('',(-8.07524090106804,0.,23.3153643201531));
#13697=CARTESIAN_POINT('Origin',(-3.23180206302976,1.,23.4069333639141));
#13698=CARTESIAN_POINT('',(-3.23180206302976,0.,23.4069333639141));
#13699=CARTESIAN_POINT('',(-3.23180206302976,0.,23.253466681957));
#13700=CARTESIAN_POINT('',(-3.23180206302976,1.,23.4069333639141));
#13701=CARTESIAN_POINT('',(-3.23180206302976,1.,23.253466681957));
#13702=CARTESIAN_POINT('',(-3.23180206302976,1.,23.4069333639141));
#13703=CARTESIAN_POINT('Origin',(-0.673481161426266,1.,24.8154590338902));
#13704=CARTESIAN_POINT('',(-1.99999999999999,0.,24.0851222592241));
#13705=CARTESIAN_POINT('',(-1.99999999999999,1.,24.0851222592241));
#13706=CARTESIAN_POINT('',(-1.99999999999999,0.5,24.0851222592241));
#13707=CARTESIAN_POINT('',(-6.40144705894203,0.,21.661833154376));
#13708=CARTESIAN_POINT('',(-6.40144705894203,1.,21.661833154376));
#13709=CARTESIAN_POINT('Origin',(-9.23180206302977,1.,20.5190036032082));
#13710=CARTESIAN_POINT('',(-6.73180206302977,0.,19.0756279302341));
#13711=CARTESIAN_POINT('',(-9.23180206302977,0.,20.5190036032082));
#13712=CARTESIAN_POINT('',(-11.825240901068,0.,22.0163262144765));
#13713=CARTESIAN_POINT('',(-6.73180206302977,1.,19.0756279302341));
#13714=CARTESIAN_POINT('',(-6.73180206302977,1.,19.0756279302341));
#13715=CARTESIAN_POINT('',(-9.23180206302977,1.,20.5190036032082));
#13716=CARTESIAN_POINT('',(-11.825240901068,1.,22.0163262144765));
#13717=CARTESIAN_POINT('',(-9.23180206302977,1.,20.5190036032082));
#13718=CARTESIAN_POINT('Origin',(-9.23180206302976,1.,23.4069333639141));
#13719=CARTESIAN_POINT('',(-9.23180206302976,0.,23.4069333639141));
#13720=CARTESIAN_POINT('',(-9.23180206302976,0.,23.253466681957));
#13721=CARTESIAN_POINT('',(-9.23180206302976,1.,23.4069333639141));
#13722=CARTESIAN_POINT('',(-9.23180206302976,1.,23.253466681957));
#13723=CARTESIAN_POINT('',(-9.23180206302976,1.,23.4069333639141));
#13724=CARTESIAN_POINT('Origin',(-6.67348116142627,1.,24.8154590338902));
#13725=CARTESIAN_POINT('',(-6.67348116142627,0.,24.8154590338902));
#13726=CARTESIAN_POINT('',(-10.0992859970074,0.,22.9293258094695));
#13727=CARTESIAN_POINT('',(-6.67348116142627,1.,24.8154590338902));
#13728=CARTESIAN_POINT('',(-10.0992859970074,1.,22.9293258094695));
#13729=CARTESIAN_POINT('',(-6.67348116142627,1.,24.8154590338902));
#13730=CARTESIAN_POINT('Origin',(-4.23180206302976,1.,23.4057549491563));
#13731=CARTESIAN_POINT('',(-4.23180206302976,0.,23.4057549491563));
#13732=CARTESIAN_POINT('',(-8.07524090106805,0.,25.6247653969116));
#13733=CARTESIAN_POINT('',(-4.23180206302976,1.,23.4057549491563));
#13734=CARTESIAN_POINT('',(-8.07524090106805,1.,25.6247653969116));
#13735=CARTESIAN_POINT('',(-4.23180206302976,1.,23.4057549491563));
#13736=CARTESIAN_POINT('Origin',(-4.23180206302977,1.,20.4520440681523));
#13737=CARTESIAN_POINT('',(-4.23180206302977,0.,20.4520440681523));
#13738=CARTESIAN_POINT('',(-4.23180206302976,0.,21.7760220340761));
#13739=CARTESIAN_POINT('',(-4.23180206302977,1.,20.4520440681523));
#13740=CARTESIAN_POINT('',(-4.23180206302976,1.,21.7760220340761));
#13741=CARTESIAN_POINT('',(-4.23180206302977,1.,20.4520440681523));
#13742=CARTESIAN_POINT('Origin',(-6.73180206302977,1.,19.0756279302341));
#13743=CARTESIAN_POINT('',(-8.92269725292263,1.38777878078145E-16,17.8693945318918));
#13744=CARTESIAN_POINT('',(-8.92269725292263,1.,17.8693945318918));
#13745=CARTESIAN_POINT('Origin',(-21.2318020630298,1.,20.5190036032082));
#13746=CARTESIAN_POINT('',(-18.7318020630298,0.,19.0756279302342));
#13747=CARTESIAN_POINT('',(-21.2318020630298,0.,20.5190036032082));
#13748=CARTESIAN_POINT('',(-19.3252409010681,0.,19.4182500031231));
#13749=CARTESIAN_POINT('',(-18.7318020630298,1.,19.0756279302342));
#13750=CARTESIAN_POINT('',(-18.7318020630298,1.,19.0756279302342));
#13751=CARTESIAN_POINT('',(-21.2318020630298,1.,20.5190036032082));
#13752=CARTESIAN_POINT('',(-19.3252409010681,1.,19.4182500031231));
#13753=CARTESIAN_POINT('',(-21.2318020630298,1.,20.5190036032082));
#13754=CARTESIAN_POINT('Origin',(-21.2318020630298,1.,23.4069333639141));
#13755=CARTESIAN_POINT('',(-21.2318020630298,0.,23.4069333639141));
#13756=CARTESIAN_POINT('',(-21.2318020630298,0.,23.2534666819571));
#13757=CARTESIAN_POINT('',(-21.2318020630298,1.,23.4069333639141));
#13758=CARTESIAN_POINT('',(-21.2318020630298,1.,23.2534666819571));
#13759=CARTESIAN_POINT('',(-21.2318020630298,1.,23.4069333639141));
#13760=CARTESIAN_POINT('Origin',(-18.6734811614263,1.,24.8154590338903));
#13761=CARTESIAN_POINT('',(-18.6734811614263,0.,24.8154590338903));
#13762=CARTESIAN_POINT('',(-17.4949638731381,0.,25.4643111196564));
#13763=CARTESIAN_POINT('',(-18.6734811614263,1.,24.8154590338903));
#13764=CARTESIAN_POINT('',(-17.4949638731381,1.,25.4643111196564));
#13765=CARTESIAN_POINT('',(-18.6734811614263,1.,24.8154590338903));
#13766=CARTESIAN_POINT('Origin',(-16.2318020630298,1.,23.4057549491563));
#13767=CARTESIAN_POINT('',(-16.2318020630298,0.,23.4057549491563));
#13768=CARTESIAN_POINT('',(-15.575240901068,0.,23.0266891855583));
#13769=CARTESIAN_POINT('',(-16.2318020630298,1.,23.4057549491563));
#13770=CARTESIAN_POINT('',(-15.575240901068,1.,23.0266891855583));
#13771=CARTESIAN_POINT('',(-16.2318020630298,1.,23.4057549491563));
#13772=CARTESIAN_POINT('Origin',(-16.2318020630298,1.,20.4520440681523));
#13773=CARTESIAN_POINT('',(-16.2318020630298,0.,20.4520440681523));
#13774=CARTESIAN_POINT('',(-16.2318020630298,0.,21.7760220340762));
#13775=CARTESIAN_POINT('',(-16.2318020630298,1.,20.4520440681523));
#13776=CARTESIAN_POINT('',(-16.2318020630298,1.,21.7760220340762));
#13777=CARTESIAN_POINT('',(-16.2318020630298,1.,20.4520440681523));
#13778=CARTESIAN_POINT('Origin',(-18.7318020630298,1.,19.0756279302342));
#13779=CARTESIAN_POINT('',(-16.3183751290533,1.38777878078145E-16,20.4043798420788));
#13780=CARTESIAN_POINT('',(-16.3183751290533,1.,20.4043798420788));
#13781=CARTESIAN_POINT('Origin',(-27.2318020630298,1.,20.5190036032082));
#13782=CARTESIAN_POINT('',(-25.078439959456,0.,19.2757594130472));
#13783=CARTESIAN_POINT('',(-25.078439959456,1.,19.2757594130472));
#13784=CARTESIAN_POINT('',(-25.078439959456,0.5,19.2757594130472));
#13785=CARTESIAN_POINT('',(-24.7318020630298,0.,19.0756279302342));
#13786=CARTESIAN_POINT('',(-23.0752409010681,0.,18.1192118974465));
#13787=CARTESIAN_POINT('',(-24.7318020630298,1.,19.0756279302342));
#13788=CARTESIAN_POINT('',(-24.7318020630298,1.,19.0756279302342));
#13789=CARTESIAN_POINT('',(-23.0752409010681,1.,18.1192118974465));
#13790=CARTESIAN_POINT('Origin',(-22.2318020630298,1.,23.4057549491563));
#13791=CARTESIAN_POINT('',(-22.578439959456,1.,23.6058864319694));
#13792=CARTESIAN_POINT('',(-22.578439959456,0.,23.6058864319694));
#13793=CARTESIAN_POINT('',(-22.578439959456,0.5,23.6058864319694));
#13794=CARTESIAN_POINT('',(-22.2318020630298,1.,23.4057549491563));
#13795=CARTESIAN_POINT('',(-19.325240901068,1.,21.7276510798816));
#13796=CARTESIAN_POINT('',(-22.2318020630298,0.,23.4057549491563));
#13797=CARTESIAN_POINT('',(-22.2318020630298,1.,23.4057549491563));
#13798=CARTESIAN_POINT('',(-19.325240901068,0.,21.7276510798816));
#13799=CARTESIAN_POINT('Origin',(-22.2318020630298,1.,20.4520440681523));
#13800=CARTESIAN_POINT('',(-22.2318020630298,0.,20.4520440681523));
#13801=CARTESIAN_POINT('',(-22.2318020630298,0.,21.7760220340762));
#13802=CARTESIAN_POINT('',(-22.2318020630298,1.,20.4520440681523));
#13803=CARTESIAN_POINT('',(-22.2318020630298,1.,21.7760220340762));
#13804=CARTESIAN_POINT('',(-22.2318020630298,1.,20.4520440681523));
#13805=CARTESIAN_POINT('Origin',(-24.7318020630298,1.,19.0756279302342));
#13806=CARTESIAN_POINT('',(-20.0162140671187,1.38777878078145E-16,21.6718724971722));
#13807=CARTESIAN_POINT('',(-20.0162140671187,1.,21.6718724971722));
#13808=CARTESIAN_POINT('Origin',(-6.23180206302975,1.,25.7151560259148));
#13809=CARTESIAN_POINT('',(-3.73180206302975,0.,24.2717803529408));
#13810=CARTESIAN_POINT('',(-6.23180206302975,0.,25.7151560259148));
#13811=CARTESIAN_POINT('',(-8.82524090106803,0.,27.2124786371831));
#13812=CARTESIAN_POINT('',(-3.73180206302975,1.,24.2717803529408));
#13813=CARTESIAN_POINT('',(-3.73180206302975,1.,24.2717803529408));
#13814=CARTESIAN_POINT('',(-6.23180206302975,1.,25.7151560259148));
#13815=CARTESIAN_POINT('',(-8.82524090106803,1.,27.2124786371831));
#13816=CARTESIAN_POINT('',(-6.23180206302975,1.,25.7151560259148));
#13817=CARTESIAN_POINT('Origin',(-6.23180206302975,1.,28.6030857866207));
#13818=CARTESIAN_POINT('',(-6.23180206302975,0.,28.6030857866207));
#13819=CARTESIAN_POINT('',(-6.23180206302975,0.,25.8515428933104));
#13820=CARTESIAN_POINT('',(-6.23180206302975,1.,28.6030857866207));
#13821=CARTESIAN_POINT('',(-6.23180206302975,1.,25.8515428933104));
#13822=CARTESIAN_POINT('',(-6.23180206302975,1.,28.6030857866207));
#13823=CARTESIAN_POINT('Origin',(-3.67348116142625,1.,30.0116114565969));
#13824=CARTESIAN_POINT('',(-3.67348116142625,0.,30.0116114565969));
#13825=CARTESIAN_POINT('',(-9.34804736639583,0.,26.8873856565148));
#13826=CARTESIAN_POINT('',(-3.67348116142625,1.,30.0116114565969));
#13827=CARTESIAN_POINT('',(-9.34804736639583,1.,26.8873856565148));
#13828=CARTESIAN_POINT('',(-3.67348116142625,1.,30.0116114565969));
#13829=CARTESIAN_POINT('Origin',(-1.23180206302975,1.,28.601907371863));
#13830=CARTESIAN_POINT('',(-1.99999999999999,0.,29.0454266575636));
#13831=CARTESIAN_POINT('',(-1.99999999999999,1.,29.0454266575636));
#13832=CARTESIAN_POINT('',(-1.99999999999999,0.5,29.0454266575636));
#13833=CARTESIAN_POINT('',(-5.07524090106804,0.,30.8209178196182));
#13834=CARTESIAN_POINT('',(-5.07524090106804,1.,30.8209178196182));
#13835=CARTESIAN_POINT('Origin',(-3.73180206302975,1.,24.2717803529408));
#13836=CARTESIAN_POINT('',(-1.99999999999999,1.,25.2252524758344));
#13837=CARTESIAN_POINT('',(-1.99999999999999,1.38777878078145E-16,25.2252524758344));
#13838=CARTESIAN_POINT('',(-1.99999999999999,0.5,25.2252524758344));
#13839=CARTESIAN_POINT('',(-8.17145862231107,1.,21.8274543789372));
#13840=CARTESIAN_POINT('',(-8.17145862231107,1.38777878078145E-16,21.8274543789372));
#13841=CARTESIAN_POINT('Origin',(-12.2318020630298,1.,25.7151560259148));
#13842=CARTESIAN_POINT('',(-9.73180206302975,0.,24.2717803529408));
#13843=CARTESIAN_POINT('',(-12.2318020630298,0.,25.7151560259148));
#13844=CARTESIAN_POINT('',(-12.575240901068,0.,25.9134405315064));
#13845=CARTESIAN_POINT('',(-9.73180206302975,1.,24.2717803529408));
#13846=CARTESIAN_POINT('',(-9.73180206302975,1.,24.2717803529408));
#13847=CARTESIAN_POINT('',(-12.2318020630298,1.,25.7151560259148));
#13848=CARTESIAN_POINT('',(-12.575240901068,1.,25.9134405315064));
#13849=CARTESIAN_POINT('',(-12.2318020630298,1.,25.7151560259148));
#13850=CARTESIAN_POINT('Origin',(-12.2318020630297,1.,28.6030857866207));
#13851=CARTESIAN_POINT('',(-12.2318020630297,0.,28.6030857866207));
#13852=CARTESIAN_POINT('',(-12.2318020630298,0.,25.8515428933104));
#13853=CARTESIAN_POINT('',(-12.2318020630297,1.,28.6030857866207));
#13854=CARTESIAN_POINT('',(-12.2318020630298,1.,25.8515428933104));
#13855=CARTESIAN_POINT('',(-12.2318020630297,1.,28.6030857866207));
#13856=CARTESIAN_POINT('Origin',(-9.67348116142625,1.,30.0116114565969));
#13857=CARTESIAN_POINT('',(-9.67348116142625,0.,30.0116114565969));
#13858=CARTESIAN_POINT('',(-13.0458863044612,0.,28.1548783116083));
#13859=CARTESIAN_POINT('',(-9.67348116142625,1.,30.0116114565969));
#13860=CARTESIAN_POINT('',(-13.0458863044612,1.,28.1548783116083));
#13861=CARTESIAN_POINT('',(-9.67348116142625,1.,30.0116114565969));
#13862=CARTESIAN_POINT('Origin',(-7.23180206302975,1.,28.601907371863));
#13863=CARTESIAN_POINT('',(-7.23180206302975,0.,28.601907371863));
#13864=CARTESIAN_POINT('',(-8.82524090106804,0.,29.5218797139416));
#13865=CARTESIAN_POINT('',(-7.23180206302975,1.,28.601907371863));
#13866=CARTESIAN_POINT('',(-8.82524090106804,1.,29.5218797139416));
#13867=CARTESIAN_POINT('',(-7.23180206302975,1.,28.601907371863));
#13868=CARTESIAN_POINT('Origin',(-7.23180206302975,1.,25.6481964908589));
#13869=CARTESIAN_POINT('',(-7.23180206302975,0.,25.6481964908589));
#13870=CARTESIAN_POINT('',(-7.23180206302975,0.,24.3740982454295));
#13871=CARTESIAN_POINT('',(-7.23180206302975,1.,25.6481964908589));
#13872=CARTESIAN_POINT('',(-7.23180206302975,1.,24.3740982454295));
#13873=CARTESIAN_POINT('',(-7.23180206302975,1.,25.6481964908589));
#13874=CARTESIAN_POINT('Origin',(-9.73180206302975,1.,24.2717803529408));
#13875=CARTESIAN_POINT('',(-11.8692975603764,1.38777878078145E-16,23.0949470340306));
#13876=CARTESIAN_POINT('',(-11.8692975603764,1.,23.0949470340306));
#13877=CARTESIAN_POINT('Origin',(-18.2318020630298,1.,25.7151560259149));
#13878=CARTESIAN_POINT('',(-15.7318020630298,0.,24.2717803529408));
#13879=CARTESIAN_POINT('',(-18.2318020630298,0.,25.7151560259149));
#13880=CARTESIAN_POINT('',(-16.325240901068,0.,24.6144024258298));
#13881=CARTESIAN_POINT('',(-15.7318020630298,1.,24.2717803529408));
#13882=CARTESIAN_POINT('',(-15.7318020630298,1.,24.2717803529408));
#13883=CARTESIAN_POINT('',(-18.2318020630298,1.,25.7151560259149));
#13884=CARTESIAN_POINT('',(-16.325240901068,1.,24.6144024258298));
#13885=CARTESIAN_POINT('',(-18.2318020630298,1.,25.7151560259149));
#13886=CARTESIAN_POINT('Origin',(-18.2318020630298,1.,28.6030857866207));
#13887=CARTESIAN_POINT('',(-18.2318020630298,0.,28.6030857866207));
#13888=CARTESIAN_POINT('',(-18.2318020630298,0.,25.8515428933104));
#13889=CARTESIAN_POINT('',(-18.2318020630298,1.,28.6030857866207));
#13890=CARTESIAN_POINT('',(-18.2318020630298,1.,25.8515428933104));
#13891=CARTESIAN_POINT('',(-18.2318020630298,1.,28.6030857866207));
#13892=CARTESIAN_POINT('Origin',(-15.6734811614263,1.,30.0116114565969));
#13893=CARTESIAN_POINT('',(-15.6734811614263,0.,30.0116114565969));
#13894=CARTESIAN_POINT('',(-16.7437252425265,0.,29.4223709667017));
#13895=CARTESIAN_POINT('',(-15.6734811614263,1.,30.0116114565969));
#13896=CARTESIAN_POINT('',(-16.7437252425265,1.,29.4223709667017));
#13897=CARTESIAN_POINT('',(-15.6734811614263,1.,30.0116114565969));
#13898=CARTESIAN_POINT('Origin',(-13.2318020630298,1.,28.601907371863));
#13899=CARTESIAN_POINT('',(-13.2318020630298,0.,28.601907371863));
#13900=CARTESIAN_POINT('',(-12.575240901068,0.,28.2228416082649));
#13901=CARTESIAN_POINT('',(-13.2318020630298,1.,28.601907371863));
#13902=CARTESIAN_POINT('',(-12.575240901068,1.,28.2228416082649));
#13903=CARTESIAN_POINT('',(-13.2318020630298,1.,28.601907371863));
#13904=CARTESIAN_POINT('Origin',(-13.2318020630298,1.,25.6481964908589));
#13905=CARTESIAN_POINT('',(-13.2318020630298,0.,25.6481964908589));
#13906=CARTESIAN_POINT('',(-13.2318020630298,0.,24.3740982454295));
#13907=CARTESIAN_POINT('',(-13.2318020630298,1.,25.6481964908589));
#13908=CARTESIAN_POINT('',(-13.2318020630298,1.,24.3740982454295));
#13909=CARTESIAN_POINT('',(-13.2318020630298,1.,25.6481964908589));
#13910=CARTESIAN_POINT('Origin',(-15.7318020630298,1.,24.2717803529408));
#13911=CARTESIAN_POINT('',(-15.5671364984418,1.38777878078145E-16,24.3624396891241));
#13912=CARTESIAN_POINT('',(-15.5671364984418,1.,24.3624396891241));
#13913=CARTESIAN_POINT('Origin',(-24.2318020630298,1.,25.7151560259149));
#13914=CARTESIAN_POINT('',(-22.078439959456,0.,24.4719118357538));
#13915=CARTESIAN_POINT('',(-22.078439959456,1.,24.4719118357538));
#13916=CARTESIAN_POINT('',(-22.078439959456,0.5,24.4719118357538));
#13917=CARTESIAN_POINT('',(-21.7318020630298,0.,24.2717803529408));
#13918=CARTESIAN_POINT('',(-20.0752409010681,0.,23.3153643201531));
#13919=CARTESIAN_POINT('',(-21.7318020630298,1.,24.2717803529408));
#13920=CARTESIAN_POINT('',(-21.7318020630298,1.,24.2717803529408));
#13921=CARTESIAN_POINT('',(-20.0752409010681,1.,23.3153643201531));
#13922=CARTESIAN_POINT('Origin',(-19.2318020630298,1.,28.601907371863));
#13923=CARTESIAN_POINT('',(-19.578439959456,1.,28.802038854676));
#13924=CARTESIAN_POINT('',(-19.578439959456,0.,28.802038854676));
#13925=CARTESIAN_POINT('',(-19.578439959456,0.5,28.802038854676));
#13926=CARTESIAN_POINT('',(-19.2318020630298,1.,28.601907371863));
#13927=CARTESIAN_POINT('',(-16.325240901068,1.,26.9238035025883));
#13928=CARTESIAN_POINT('',(-19.2318020630298,0.,28.601907371863));
#13929=CARTESIAN_POINT('',(-19.2318020630298,1.,28.601907371863));
#13930=CARTESIAN_POINT('',(-16.325240901068,0.,26.9238035025883));
#13931=CARTESIAN_POINT('Origin',(-19.2318020630298,1.,25.6481964908589));
#13932=CARTESIAN_POINT('',(-19.2318020630298,0.,25.6481964908589));
#13933=CARTESIAN_POINT('',(-19.2318020630298,0.,24.3740982454295));
#13934=CARTESIAN_POINT('',(-19.2318020630298,1.,25.6481964908589));
#13935=CARTESIAN_POINT('',(-19.2318020630298,1.,24.3740982454295));
#13936=CARTESIAN_POINT('',(-19.2318020630298,1.,25.6481964908589));
#13937=CARTESIAN_POINT('Origin',(-21.7318020630298,1.,24.2717803529408));
#13938=CARTESIAN_POINT('',(-19.2649754365071,1.38777878078145E-16,25.6299323442176));
#13939=CARTESIAN_POINT('',(-19.2649754365071,1.,25.6299323442176));
#13940=CARTESIAN_POINT('Origin',(-3.23180206302974,1.,30.9113084486215));
#13941=CARTESIAN_POINT('',(-1.99999999999999,1.,30.2001271959429));
#13942=CARTESIAN_POINT('',(-1.99999999999999,0.,30.2001271959429));
#13943=CARTESIAN_POINT('',(-1.99999999999999,0.5,30.2001271959429));
#13944=CARTESIAN_POINT('',(-3.23180206302974,1.,30.9113084486215));
#13945=CARTESIAN_POINT('',(-5.82524090106801,1.,32.4086310598897));
#13946=CARTESIAN_POINT('',(-3.23180206302974,0.,30.9113084486215));
#13947=CARTESIAN_POINT('',(-3.23180206302974,1.,30.9113084486215));
#13948=CARTESIAN_POINT('',(-5.82524090106801,0.,32.4086310598897));
#13949=CARTESIAN_POINT('Origin',(-3.23180206302973,1.,33.7992382093273));
#13950=CARTESIAN_POINT('',(-3.23180206302973,0.,33.7992382093273));
#13951=CARTESIAN_POINT('',(-3.23180206302974,0.,28.4496191046637));
#13952=CARTESIAN_POINT('',(-3.23180206302973,1.,33.7992382093273));
#13953=CARTESIAN_POINT('',(-3.23180206302974,1.,28.4496191046637));
#13954=CARTESIAN_POINT('',(-3.23180206302973,1.,33.7992382093273));
#13955=CARTESIAN_POINT('Origin',(-0.673481161426237,1.,35.2077638793035));
#13956=CARTESIAN_POINT('',(-1.99999999999999,0.,34.4774271046373));
#13957=CARTESIAN_POINT('',(-1.99999999999999,1.,34.4774271046373));
#13958=CARTESIAN_POINT('',(-1.99999999999999,0.5,34.4774271046373));
#13959=CARTESIAN_POINT('',(-8.59680873578427,0.,30.8454455035601));
#13960=CARTESIAN_POINT('',(-8.59680873578427,1.,30.8454455035601));
#13961=CARTESIAN_POINT('Origin',(-9.23180206302974,1.,30.9113084486215));
#13962=CARTESIAN_POINT('',(-6.73180206302974,0.,29.4679327756474));
#13963=CARTESIAN_POINT('',(-9.23180206302974,0.,30.9113084486215));
#13964=CARTESIAN_POINT('',(-9.57524090106802,0.,31.109592954213));
#13965=CARTESIAN_POINT('',(-6.73180206302974,1.,29.4679327756474));
#13966=CARTESIAN_POINT('',(-6.73180206302974,1.,29.4679327756474));
#13967=CARTESIAN_POINT('',(-9.23180206302974,1.,30.9113084486215));
#13968=CARTESIAN_POINT('',(-9.57524090106802,1.,31.109592954213));
#13969=CARTESIAN_POINT('',(-9.23180206302974,1.,30.9113084486215));
#13970=CARTESIAN_POINT('Origin',(-9.23180206302973,1.,33.7992382093273));
#13971=CARTESIAN_POINT('',(-9.23180206302973,0.,33.7992382093273));
#13972=CARTESIAN_POINT('',(-9.23180206302974,0.,28.4496191046637));
#13973=CARTESIAN_POINT('',(-9.23180206302973,1.,33.7992382093273));
#13974=CARTESIAN_POINT('',(-9.23180206302974,1.,28.4496191046637));
#13975=CARTESIAN_POINT('',(-9.23180206302973,1.,33.7992382093273));
#13976=CARTESIAN_POINT('Origin',(-6.67348116142624,1.,35.2077638793035));
#13977=CARTESIAN_POINT('',(-6.67348116142624,0.,35.2077638793035));
#13978=CARTESIAN_POINT('',(-12.2946476738496,0.,32.1129381586536));
#13979=CARTESIAN_POINT('',(-6.67348116142624,1.,35.2077638793035));
#13980=CARTESIAN_POINT('',(-12.2946476738496,1.,32.1129381586536));
#13981=CARTESIAN_POINT('',(-6.67348116142624,1.,35.2077638793035));
#13982=CARTESIAN_POINT('Origin',(-4.23180206302973,1.,33.7980597945696));
#13983=CARTESIAN_POINT('',(-4.23180206302973,0.,33.7980597945696));
#13984=CARTESIAN_POINT('',(-5.82524090106803,0.,34.7180321366482));
#13985=CARTESIAN_POINT('',(-4.23180206302973,1.,33.7980597945696));
#13986=CARTESIAN_POINT('',(-5.82524090106803,1.,34.7180321366482));
#13987=CARTESIAN_POINT('',(-4.23180206302973,1.,33.7980597945696));
#13988=CARTESIAN_POINT('Origin',(-4.23180206302974,1.,30.8443489135656));
#13989=CARTESIAN_POINT('',(-4.23180206302974,0.,30.8443489135656));
#13990=CARTESIAN_POINT('',(-4.23180206302974,0.,26.9721744567828));
#13991=CARTESIAN_POINT('',(-4.23180206302974,1.,30.8443489135656));
#13992=CARTESIAN_POINT('',(-4.23180206302974,1.,26.9721744567828));
#13993=CARTESIAN_POINT('',(-4.23180206302974,1.,30.8443489135656));
#13994=CARTESIAN_POINT('Origin',(-6.73180206302974,1.,29.4679327756474));
#13995=CARTESIAN_POINT('',(-11.1180589297649,1.38777878078145E-16,27.053006881076));
#13996=CARTESIAN_POINT('',(-11.1180589297649,1.,27.053006881076));
#13997=CARTESIAN_POINT('Origin',(-15.2318020630297,1.,30.9113084486215));
#13998=CARTESIAN_POINT('',(-12.7318020630297,0.,29.4679327756474));
#13999=CARTESIAN_POINT('',(-15.2318020630297,0.,30.9113084486215));
#14000=CARTESIAN_POINT('',(-13.325240901068,0.,29.8105548485364));
#14001=CARTESIAN_POINT('',(-12.7318020630297,1.,29.4679327756474));
#14002=CARTESIAN_POINT('',(-12.7318020630297,1.,29.4679327756474));
#14003=CARTESIAN_POINT('',(-15.2318020630297,1.,30.9113084486215));
#14004=CARTESIAN_POINT('',(-13.325240901068,1.,29.8105548485364));
#14005=CARTESIAN_POINT('',(-15.2318020630297,1.,30.9113084486215));
#14006=CARTESIAN_POINT('Origin',(-15.2318020630297,1.,33.7992382093273));
#14007=CARTESIAN_POINT('',(-15.2318020630297,0.,33.7992382093273));
#14008=CARTESIAN_POINT('',(-15.2318020630297,0.,28.4496191046637));
#14009=CARTESIAN_POINT('',(-15.2318020630297,1.,33.7992382093273));
#14010=CARTESIAN_POINT('',(-15.2318020630297,1.,28.4496191046637));
#14011=CARTESIAN_POINT('',(-15.2318020630297,1.,33.7992382093273));
#14012=CARTESIAN_POINT('Origin',(-12.6734811614262,1.,35.2077638793035));
#14013=CARTESIAN_POINT('',(-12.6734811614262,0.,35.2077638793035));
#14014=CARTESIAN_POINT('',(-15.992486611915,0.,33.3804308137471));
#14015=CARTESIAN_POINT('',(-12.6734811614262,1.,35.2077638793035));
#14016=CARTESIAN_POINT('',(-15.992486611915,1.,33.3804308137471));
#14017=CARTESIAN_POINT('',(-12.6734811614262,1.,35.2077638793035));
#14018=CARTESIAN_POINT('Origin',(-10.2318020630297,1.,33.7980597945696));
#14019=CARTESIAN_POINT('',(-10.2318020630297,0.,33.7980597945696));
#14020=CARTESIAN_POINT('',(-9.57524090106803,0.,33.4189940309715));
#14021=CARTESIAN_POINT('',(-10.2318020630297,1.,33.7980597945696));
#14022=CARTESIAN_POINT('',(-9.57524090106803,1.,33.4189940309715));
#14023=CARTESIAN_POINT('',(-10.2318020630297,1.,33.7980597945696));
#14024=CARTESIAN_POINT('Origin',(-10.2318020630297,1.,30.8443489135656));
#14025=CARTESIAN_POINT('',(-10.2318020630297,0.,30.8443489135656));
#14026=CARTESIAN_POINT('',(-10.2318020630297,0.,26.9721744567828));
#14027=CARTESIAN_POINT('',(-10.2318020630297,1.,30.8443489135656));
#14028=CARTESIAN_POINT('',(-10.2318020630297,1.,26.9721744567828));
#14029=CARTESIAN_POINT('',(-10.2318020630297,1.,30.8443489135656));
#14030=CARTESIAN_POINT('Origin',(-12.7318020630297,1.,29.4679327756474));
#14031=CARTESIAN_POINT('',(-14.8158978678302,1.38777878078145E-16,28.3204995361694));
#14032=CARTESIAN_POINT('',(-14.8158978678302,1.,28.3204995361694));
#14033=CARTESIAN_POINT('Origin',(-21.2318020630297,1.,30.9113084486215));
#14034=CARTESIAN_POINT('',(-19.078439959456,0.,29.6680642584604));
#14035=CARTESIAN_POINT('',(-19.078439959456,1.,29.6680642584604));
#14036=CARTESIAN_POINT('',(-19.078439959456,0.5,29.6680642584604));
#14037=CARTESIAN_POINT('',(-18.7318020630297,0.,29.4679327756474));
#14038=CARTESIAN_POINT('',(-17.075240901068,0.,28.5115167428597));
#14039=CARTESIAN_POINT('',(-18.7318020630297,1.,29.4679327756474));
#14040=CARTESIAN_POINT('',(-18.7318020630297,1.,29.4679327756474));
#14041=CARTESIAN_POINT('',(-17.075240901068,1.,28.5115167428597));
#14042=CARTESIAN_POINT('Origin',(-16.2318020630297,1.,33.7980597945696));
#14043=CARTESIAN_POINT('',(-16.578439959456,1.,33.9981912773826));
#14044=CARTESIAN_POINT('',(-16.578439959456,0.,33.9981912773826));
#14045=CARTESIAN_POINT('',(-16.578439959456,0.5,33.9981912773826));
#14046=CARTESIAN_POINT('',(-16.2318020630297,1.,33.7980597945696));
#14047=CARTESIAN_POINT('',(-13.325240901068,1.,32.1199559252949));
#14048=CARTESIAN_POINT('',(-16.2318020630297,0.,33.7980597945696));
#14049=CARTESIAN_POINT('',(-16.2318020630297,1.,33.7980597945696));
#14050=CARTESIAN_POINT('',(-13.325240901068,0.,32.1199559252949));
#14051=CARTESIAN_POINT('Origin',(-16.2318020630297,1.,30.8443489135656));
#14052=CARTESIAN_POINT('',(-16.2318020630297,0.,30.8443489135656));
#14053=CARTESIAN_POINT('',(-16.2318020630297,0.,26.9721744567828));
#14054=CARTESIAN_POINT('',(-16.2318020630297,1.,30.8443489135656));
#14055=CARTESIAN_POINT('',(-16.2318020630297,1.,26.9721744567828));
#14056=CARTESIAN_POINT('',(-16.2318020630297,1.,30.8443489135656));
#14057=CARTESIAN_POINT('Origin',(-18.7318020630297,1.,29.4679327756474));
#14058=CARTESIAN_POINT('',(-18.5137368058956,1.38777878078145E-16,29.5879921912629));
#14059=CARTESIAN_POINT('',(-18.5137368058956,1.,29.5879921912629));
#14060=CARTESIAN_POINT('Origin',(-6.23180206302972,1.,36.1074608713281));
#14061=CARTESIAN_POINT('',(-3.73180206302973,0.,34.664085198354));
#14062=CARTESIAN_POINT('',(-6.23180206302972,0.,36.1074608713281));
#14063=CARTESIAN_POINT('',(-6.57524090106801,0.,36.3057453769197));
#14064=CARTESIAN_POINT('',(-3.73180206302973,1.,34.664085198354));
#14065=CARTESIAN_POINT('',(-3.73180206302973,1.,34.664085198354));
#14066=CARTESIAN_POINT('',(-6.23180206302972,1.,36.1074608713281));
#14067=CARTESIAN_POINT('',(-6.57524090106801,1.,36.3057453769197));
#14068=CARTESIAN_POINT('',(-6.23180206302972,1.,36.1074608713281));
#14069=CARTESIAN_POINT('Origin',(-6.23180206302972,1.,38.995390632034));
#14070=CARTESIAN_POINT('',(-6.23180206302972,0.,38.995390632034));
#14071=CARTESIAN_POINT('',(-6.23180206302973,0.,31.047695316017));
#14072=CARTESIAN_POINT('',(-6.23180206302972,1.,38.995390632034));
#14073=CARTESIAN_POINT('',(-6.23180206302973,1.,31.047695316017));
#14074=CARTESIAN_POINT('',(-6.23180206302972,1.,38.995390632034));
#14075=CARTESIAN_POINT('Origin',(-3.67348116142622,1.,40.4039163020101));
#14076=CARTESIAN_POINT('',(-5.02258157610303,0.,39.6611468690368));
#14077=CARTESIAN_POINT('',(-5.02258157610303,1.,39.6611468690368));
#14078=CARTESIAN_POINT('',(-5.02258157610305,0.,39.6611468690368));
#14079=CARTESIAN_POINT('',(-11.5434090432381,0.,36.070998005699));
#14080=CARTESIAN_POINT('',(-11.5434090432381,1.,36.070998005699));
#14081=CARTESIAN_POINT('Origin',(-3.73180206302973,1.,34.664085198354));
#14082=CARTESIAN_POINT('',(-1.99999999999999,1.,35.6175573212477));
#14083=CARTESIAN_POINT('',(-1.99999999999999,1.38777878078145E-16,35.6175573212477));
#14084=CARTESIAN_POINT('',(-1.99999999999999,0.5,35.6175573212476));
#14085=CARTESIAN_POINT('',(-10.3668202991533,1.,31.0110667281213));
#14086=CARTESIAN_POINT('',(-10.3668202991533,1.38777878078145E-16,31.0110667281213));
#14087=CARTESIAN_POINT('Origin',(-12.2318020630297,1.,36.1074608713281));
#14088=CARTESIAN_POINT('',(-9.73180206302973,0.,34.664085198354));
#14089=CARTESIAN_POINT('',(-12.2318020630297,0.,36.1074608713281));
#14090=CARTESIAN_POINT('',(-10.325240901068,0.,35.006707271243));
#14091=CARTESIAN_POINT('',(-9.73180206302973,1.,34.664085198354));
#14092=CARTESIAN_POINT('',(-9.73180206302973,1.,34.664085198354));
#14093=CARTESIAN_POINT('',(-12.2318020630297,1.,36.1074608713281));
#14094=CARTESIAN_POINT('',(-10.325240901068,1.,35.006707271243));
#14095=CARTESIAN_POINT('',(-12.2318020630297,1.,36.1074608713281));
#14096=CARTESIAN_POINT('Origin',(-12.2318020630297,1.,38.995390632034));
#14097=CARTESIAN_POINT('',(-12.2318020630297,0.,38.995390632034));
#14098=CARTESIAN_POINT('',(-12.2318020630297,0.,31.047695316017));
#14099=CARTESIAN_POINT('',(-12.2318020630297,1.,38.995390632034));
#14100=CARTESIAN_POINT('',(-12.2318020630297,1.,31.047695316017));
#14101=CARTESIAN_POINT('',(-12.2318020630297,1.,38.995390632034));
#14102=CARTESIAN_POINT('Origin',(-9.67348116142622,1.,40.4039163020101));
#14103=CARTESIAN_POINT('',(-9.67348116142622,0.,40.4039163020101));
#14104=CARTESIAN_POINT('',(-15.2412479813034,0.,37.3384906607924));
#14105=CARTESIAN_POINT('',(-9.67348116142622,1.,40.4039163020101));
#14106=CARTESIAN_POINT('',(-15.2412479813034,1.,37.3384906607924));
#14107=CARTESIAN_POINT('',(-9.67348116142622,1.,40.4039163020101));
#14108=CARTESIAN_POINT('Origin',(-7.23180206302972,1.,38.9942122172762));
#14109=CARTESIAN_POINT('',(-7.23180206302972,0.,38.9942122172762));
#14110=CARTESIAN_POINT('',(-6.57524090106802,0.,38.6151464536782));
#14111=CARTESIAN_POINT('',(-7.23180206302972,1.,38.9942122172762));
#14112=CARTESIAN_POINT('',(-6.57524090106802,1.,38.6151464536782));
#14113=CARTESIAN_POINT('',(-7.23180206302972,1.,38.9942122172762));
#14114=CARTESIAN_POINT('Origin',(-7.23180206302972,1.,36.0405013362722));
#14115=CARTESIAN_POINT('',(-7.23180206302972,0.,36.0405013362722));
#14116=CARTESIAN_POINT('',(-7.23180206302973,0.,29.5702506681361));
#14117=CARTESIAN_POINT('',(-7.23180206302972,1.,36.0405013362722));
#14118=CARTESIAN_POINT('',(-7.23180206302973,1.,29.5702506681361));
#14119=CARTESIAN_POINT('',(-7.23180206302972,1.,36.0405013362722));
#14120=CARTESIAN_POINT('Origin',(-9.73180206302973,1.,34.664085198354));
#14121=CARTESIAN_POINT('',(-14.0646592372186,1.38777878078145E-16,32.2785593832148));
#14122=CARTESIAN_POINT('',(-14.0646592372186,1.,32.2785593832148));
#14123=CARTESIAN_POINT('Origin',(-18.2318020630297,1.,36.1074608713281));
#14124=CARTESIAN_POINT('',(-16.078439959456,0.,34.8642166811671));
#14125=CARTESIAN_POINT('',(-16.078439959456,1.,34.8642166811671));
#14126=CARTESIAN_POINT('',(-16.078439959456,0.5,34.8642166811671));
#14127=CARTESIAN_POINT('',(-15.7318020630297,0.,34.664085198354));
#14128=CARTESIAN_POINT('',(-14.075240901068,0.,33.7076691655664));
#14129=CARTESIAN_POINT('',(-15.7318020630297,1.,34.664085198354));
#14130=CARTESIAN_POINT('',(-15.7318020630297,1.,34.664085198354));
#14131=CARTESIAN_POINT('',(-14.075240901068,1.,33.7076691655664));
#14132=CARTESIAN_POINT('Origin',(-13.2318020630297,1.,38.9942122172762));
#14133=CARTESIAN_POINT('',(-13.578439959456,1.,39.1943437000893));
#14134=CARTESIAN_POINT('',(-13.578439959456,0.,39.1943437000893));
#14135=CARTESIAN_POINT('',(-13.578439959456,0.5,39.1943437000893));
#14136=CARTESIAN_POINT('',(-13.2318020630297,1.,38.9942122172762));
#14137=CARTESIAN_POINT('',(-10.325240901068,1.,37.3161083480015));
#14138=CARTESIAN_POINT('',(-13.2318020630297,0.,38.9942122172762));
#14139=CARTESIAN_POINT('',(-13.2318020630297,1.,38.9942122172762));
#14140=CARTESIAN_POINT('',(-10.325240901068,0.,37.3161083480015));
#14141=CARTESIAN_POINT('Origin',(-13.2318020630297,1.,36.0405013362722));
#14142=CARTESIAN_POINT('',(-13.2318020630297,0.,36.0405013362722));
#14143=CARTESIAN_POINT('',(-13.2318020630297,0.,29.5702506681361));
#14144=CARTESIAN_POINT('',(-13.2318020630297,1.,36.0405013362722));
#14145=CARTESIAN_POINT('',(-13.2318020630297,1.,29.5702506681361));
#14146=CARTESIAN_POINT('',(-13.2318020630297,1.,36.0405013362722));
#14147=CARTESIAN_POINT('Origin',(-15.7318020630297,1.,34.664085198354));
#14148=CARTESIAN_POINT('',(-17.762498175284,1.38777878078145E-16,33.5460520383083));
#14149=CARTESIAN_POINT('',(-17.762498175284,1.,33.5460520383083));
#14150=CARTESIAN_POINT('Origin',(-9.23180206302971,1.,41.3036132940347));
#14151=CARTESIAN_POINT('',(-6.73180206302971,0.,39.8602376210606));
#14152=CARTESIAN_POINT('',(-9.23180206302971,0.,41.3036132940347));
#14153=CARTESIAN_POINT('',(-7.325240901068,0.,40.2028596939496));
#14154=CARTESIAN_POINT('',(-6.73180206302971,1.,39.8602376210606));
#14155=CARTESIAN_POINT('',(-6.73180206302971,1.,39.8602376210606));
#14156=CARTESIAN_POINT('',(-9.23180206302971,1.,41.3036132940347));
#14157=CARTESIAN_POINT('',(-7.325240901068,1.,40.2028596939496));
#14158=CARTESIAN_POINT('',(-9.23180206302971,1.,41.3036132940347));
#14159=CARTESIAN_POINT('Origin',(-9.23180206302971,1.,44.1915430547406));
#14160=CARTESIAN_POINT('',(-9.23180206302971,0.,44.1915430547406));
#14161=CARTESIAN_POINT('',(-9.23180206302971,0.,33.6457715273703));
#14162=CARTESIAN_POINT('',(-9.23180206302971,1.,44.1915430547406));
#14163=CARTESIAN_POINT('',(-9.23180206302971,1.,33.6457715273703));
#14164=CARTESIAN_POINT('',(-9.23180206302971,1.,44.1915430547406));
#14165=CARTESIAN_POINT('Origin',(-6.67348116142621,1.,45.6000687247167));
#14166=CARTESIAN_POINT('',(-8.54777361599769,0.,44.5681461720566));
#14167=CARTESIAN_POINT('',(-8.54777361599769,1.,44.5681461720566));
#14168=CARTESIAN_POINT('',(-8.54777361599769,0.,44.5681461720566));
#14169=CARTESIAN_POINT('',(-14.4900093506919,0.,41.2965505078378));
#14170=CARTESIAN_POINT('',(-14.4900093506919,1.,41.2965505078378));
#14171=CARTESIAN_POINT('Origin',(-6.73180206302971,1.,39.8602376210606));
#14172=CARTESIAN_POINT('',(-6.30422280308739,1.,40.0956484185101));
#14173=CARTESIAN_POINT('',(-6.30422280308739,1.38777878078145E-16,40.0956484185101));
#14174=CARTESIAN_POINT('',(-6.30422280308739,0.,40.0956484185101));
#14175=CARTESIAN_POINT('',(-13.3134206066071,1.,36.2366192302601));
#14176=CARTESIAN_POINT('',(-13.3134206066071,1.38777878078145E-16,36.2366192302601));
#14177=CARTESIAN_POINT('Origin',(-15.2318020630297,1.,41.3036132940347));
#14178=CARTESIAN_POINT('',(-13.078439959456,0.,40.0603691038737));
#14179=CARTESIAN_POINT('',(-13.078439959456,1.,40.0603691038737));
#14180=CARTESIAN_POINT('',(-13.078439959456,0.5,40.0603691038737));
#14181=CARTESIAN_POINT('',(-12.7318020630297,0.,39.8602376210606));
#14182=CARTESIAN_POINT('',(-11.075240901068,0.,38.903821588273));
#14183=CARTESIAN_POINT('',(-12.7318020630297,1.,39.8602376210606));
#14184=CARTESIAN_POINT('',(-12.7318020630297,1.,39.8602376210606));
#14185=CARTESIAN_POINT('',(-11.075240901068,1.,38.903821588273));
#14186=CARTESIAN_POINT('Origin',(-10.2318020630297,1.,44.1903646399828));
#14187=CARTESIAN_POINT('',(-10.578439959456,1.,44.3904961227959));
#14188=CARTESIAN_POINT('',(-10.578439959456,0.,44.3904961227959));
#14189=CARTESIAN_POINT('',(-10.578439959456,0.5,44.3904961227959));
#14190=CARTESIAN_POINT('',(-10.2318020630297,1.,44.1903646399828));
#14191=CARTESIAN_POINT('',(-7.32524090106802,1.,42.5122607707082));
#14192=CARTESIAN_POINT('',(-10.2318020630297,0.,44.1903646399828));
#14193=CARTESIAN_POINT('',(-10.2318020630297,1.,44.1903646399828));
#14194=CARTESIAN_POINT('',(-7.32524090106802,0.,42.5122607707082));
#14195=CARTESIAN_POINT('Origin',(-10.2318020630297,1.,41.2366537589788));
#14196=CARTESIAN_POINT('',(-10.2318020630297,0.,41.2366537589788));
#14197=CARTESIAN_POINT('',(-10.2318020630297,0.,32.1683268794894));
#14198=CARTESIAN_POINT('',(-10.2318020630297,1.,41.2366537589788));
#14199=CARTESIAN_POINT('',(-10.2318020630297,1.,32.1683268794894));
#14200=CARTESIAN_POINT('',(-10.2318020630297,1.,41.2366537589788));
#14201=CARTESIAN_POINT('Origin',(-12.7318020630297,1.,39.8602376210606));
#14202=CARTESIAN_POINT('',(-17.0112595446724,1.38777878078145E-16,37.5041118853536));
#14203=CARTESIAN_POINT('',(-17.0112595446724,1.,37.5041118853536));
#14204=CARTESIAN_POINT('Origin',(-9.7318020630297,1.,45.0563900437673));
#14205=CARTESIAN_POINT('',(-8.06747389730242,1.,45.9727133022068));
#14206=CARTESIAN_POINT('',(-8.06747389730242,1.38777878078145E-16,45.9727133022068));
#14207=CARTESIAN_POINT('',(-8.06747389730242,0.,45.9727133022068));
#14208=CARTESIAN_POINT('',(-9.7318020630297,1.,45.0563900437673));
#14209=CARTESIAN_POINT('',(-16.2600209140609,1.,41.462171732399));
#14210=CARTESIAN_POINT('',(-9.7318020630297,0.,45.0563900437673));
#14211=CARTESIAN_POINT('',(-9.7318020630297,1.,45.0563900437673));
#14212=CARTESIAN_POINT('',(-16.2600209140609,1.38777878078145E-16,41.462171732399));
#14213=CARTESIAN_POINT('Origin',(-12.2318020630297,1.,46.4997657167414));
#14214=CARTESIAN_POINT('',(-10.078439959456,0.,45.2565215265803));
#14215=CARTESIAN_POINT('',(-10.078439959456,1.,45.2565215265803));
#14216=CARTESIAN_POINT('',(-10.078439959456,0.5,45.2565215265803));
#14217=CARTESIAN_POINT('',(-8.07524090106799,0.,44.0999740109796));
#14218=CARTESIAN_POINT('',(-8.07524090106799,1.,44.0999740109796));
#14219=CARTESIAN_POINT('Origin',(-4.30000000000001,0.,-43.9));
#14220=CARTESIAN_POINT('Origin',(-4.30000000000001,0.,-43.9));
#14221=CARTESIAN_POINT('Origin',(-4.30000000000001,1.,-43.9));
#14222=CARTESIAN_POINT('Origin',(-25.5328992755925,0.,-18.4886127875258));
#14223=CARTESIAN_POINT('',(-25.5328992755925,0.,-18.4886127875258));
#14224=CARTESIAN_POINT('',(-25.5328992755925,1.,-18.4886127875258));
#14225=CARTESIAN_POINT('Origin',(-25.5328992755925,0.,-18.4886127875258));
#14226=CARTESIAN_POINT('',(-25.5328992755925,0.,-18.4886127875258));
#14227=CARTESIAN_POINT('',(-25.5328992755925,1.,-18.4886127875258));
#14228=CARTESIAN_POINT('Origin',(-25.5328992755925,0.,-18.4886127875258));
#14229=CARTESIAN_POINT('',(-25.5328992755925,0.,-18.4886127875258));
#14230=CARTESIAN_POINT('',(-25.5328992755925,1.,-18.4886127875258));
#14231=CARTESIAN_POINT('Origin',(-25.5328992755925,0.,-18.4886127875258));
#14232=CARTESIAN_POINT('',(-25.5328992755925,0.,-18.4886127875258));
#14233=CARTESIAN_POINT('',(-25.5328992755925,1.,-18.4886127875258));
#14234=CARTESIAN_POINT('Origin',(-25.5328992755925,0.,-18.4886127875258));
#14235=CARTESIAN_POINT('',(-25.5328992755925,0.,-18.4886127875258));
#14236=CARTESIAN_POINT('',(-25.5328992755925,1.,-18.4886127875258));
#14237=CARTESIAN_POINT('Origin',(-25.815,0.,-15.));
#14238=CARTESIAN_POINT('Origin',(-25.815,1.,-15.));
#14239=CARTESIAN_POINT('Origin',(-25.815,0.,-15.));
#14240=CARTESIAN_POINT('Origin',(-25.815,0.,-15.));
#14241=CARTESIAN_POINT('Origin',(-25.815,0.,-15.));
#14242=CARTESIAN_POINT('Origin',(-25.815,1.,-15.));
#14243=CARTESIAN_POINT('Origin',(-27.315,0.,3.6201361598411E-15));
#14244=CARTESIAN_POINT('',(-27.315,0.,11.8377223398316));
#14245=CARTESIAN_POINT('',(-27.315,0.,1.76597986144537E-15));
#14246=CARTESIAN_POINT('',(-27.315,1.,11.8377223398316));
#14247=CARTESIAN_POINT('',(-27.315,0.,11.8377223398316));
#14248=CARTESIAN_POINT('',(-27.315,1.,1.76597986144537E-15));
#14249=CARTESIAN_POINT('Origin',(-27.315,0.,3.6201361598411E-15));
#14250=CARTESIAN_POINT('',(-27.315,0.,1.76597986144537E-15));
#14251=CARTESIAN_POINT('',(-27.315,1.,1.76597986144537E-15));
#14252=CARTESIAN_POINT('Origin',(-25.815,0.,15.));
#14253=CARTESIAN_POINT('',(-25.5328992755925,0.,18.4886127875258));
#14254=CARTESIAN_POINT('Origin',(-25.815,0.,15.));
#14255=CARTESIAN_POINT('',(-25.5328992755925,1.,18.4886127875258));
#14256=CARTESIAN_POINT('',(-25.5328992755925,0.,18.4886127875258));
#14257=CARTESIAN_POINT('Origin',(-25.815,1.,15.));
#14258=CARTESIAN_POINT('Origin',(-25.815,0.,15.));
#14259=CARTESIAN_POINT('Origin',(-25.815,0.,15.));
#14260=CARTESIAN_POINT('Origin',(-25.815,1.,15.));
#14261=CARTESIAN_POINT('Origin',(-1.99999999999998,0.,40.266819575083));
#14262=CARTESIAN_POINT('',(-1.99999999999998,1.,40.266819575083));
#14263=CARTESIAN_POINT('',(-1.99999999999998,0.,40.266819575083));
#14264=CARTESIAN_POINT('Origin',(-1.99999999999998,0.,40.266819575083));
#14265=CARTESIAN_POINT('',(-1.99999999999998,1.,40.266819575083));
#14266=CARTESIAN_POINT('',(-1.99999999999998,0.,40.266819575083));
#14267=CARTESIAN_POINT('Origin',(-1.99999999999998,0.,40.266819575083));
#14268=CARTESIAN_POINT('',(-1.99999999999998,1.,40.266819575083));
#14269=CARTESIAN_POINT('',(-1.99999999999998,0.,40.266819575083));
#14270=CARTESIAN_POINT('Origin',(-1.99999999999998,0.,40.266819575083));
#14271=CARTESIAN_POINT('',(-1.99999999999998,1.,40.266819575083));
#14272=CARTESIAN_POINT('',(-1.99999999999998,0.,40.266819575083));
#14273=CARTESIAN_POINT('Origin',(-1.99999999999998,0.,40.266819575083));
#14274=CARTESIAN_POINT('',(-1.99999999999998,1.,40.266819575083));
#14275=CARTESIAN_POINT('',(-1.99999999999998,0.,40.266819575083));
#14276=CARTESIAN_POINT('Origin',(-1.99999999999998,0.,40.266819575083));
#14277=CARTESIAN_POINT('',(-1.99999999999998,1.,40.266819575083));
#14278=CARTESIAN_POINT('',(-1.99999999999998,0.,40.266819575083));
#14279=CARTESIAN_POINT('Origin',(-1.99999999999998,0.,40.266819575083));
#14280=CARTESIAN_POINT('',(-1.99999999999998,1.,40.266819575083));
#14281=CARTESIAN_POINT('',(-1.99999999999998,0.,40.266819575083));
#14282=CARTESIAN_POINT('Origin',(-1.99999999999998,0.,40.266819575083));
#14283=CARTESIAN_POINT('',(-1.99999999999998,1.,40.266819575083));
#14284=CARTESIAN_POINT('',(-1.99999999999998,0.,40.266819575083));
#14285=CARTESIAN_POINT('Origin',(-1.99999999999998,0.,40.266819575083));
#14286=CARTESIAN_POINT('',(-1.99999999999998,1.,40.266819575083));
#14287=CARTESIAN_POINT('',(-1.99999999999998,0.,40.266819575083));
#14288=CARTESIAN_POINT('Origin',(-1.99999999999998,0.,40.266819575083));
#14289=CARTESIAN_POINT('',(-1.99999999999998,1.,40.266819575083));
#14290=CARTESIAN_POINT('',(-1.99999999999998,0.,40.266819575083));
#14291=CARTESIAN_POINT('Origin',(-1.99999999999998,0.,40.266819575083));
#14292=CARTESIAN_POINT('',(-1.99999999999998,1.,40.266819575083));
#14293=CARTESIAN_POINT('',(-1.99999999999998,0.,40.266819575083));
#14294=CARTESIAN_POINT('Origin',(-1.99999999999998,0.,40.266819575083));
#14295=CARTESIAN_POINT('',(-1.99999999999998,1.,40.266819575083));
#14296=CARTESIAN_POINT('',(-1.99999999999998,0.,40.266819575083));
#14297=CARTESIAN_POINT('Origin',(-1.99999999999998,0.,40.266819575083));
#14298=CARTESIAN_POINT('',(-1.99999999999998,1.,40.266819575083));
#14299=CARTESIAN_POINT('',(-1.99999999999998,0.,40.266819575083));
#14300=CARTESIAN_POINT('Origin',(-1.99999999999998,0.,40.266819575083));
#14301=CARTESIAN_POINT('',(-1.99999999999998,1.,40.266819575083));
#14302=CARTESIAN_POINT('',(-1.99999999999998,0.,40.266819575083));
#14303=CARTESIAN_POINT('Origin',(-4.3,0.,43.9));
#14304=CARTESIAN_POINT('Origin',(-4.3,1.,43.9));
#14305=CARTESIAN_POINT('Origin',(-4.3,0.,43.9));
#14306=CARTESIAN_POINT('Origin',(-25.5328992755925,0.,18.4886127875258));
#14307=CARTESIAN_POINT('',(-25.5328992755925,0.,18.4886127875258));
#14308=CARTESIAN_POINT('',(-25.5328992755925,1.,18.4886127875258));
#14309=CARTESIAN_POINT('Origin',(-25.5328992755925,0.,18.4886127875258));
#14310=CARTESIAN_POINT('',(-25.5328992755925,0.,18.4886127875258));
#14311=CARTESIAN_POINT('',(-25.5328992755925,1.,18.4886127875258));
#14312=CARTESIAN_POINT('Origin',(-25.5328992755925,0.,18.4886127875258));
#14313=CARTESIAN_POINT('',(-25.5328992755925,0.,18.4886127875258));
#14314=CARTESIAN_POINT('',(-25.5328992755925,1.,18.4886127875258));
#14315=CARTESIAN_POINT('Origin',(-25.5328992755925,0.,18.4886127875258));
#14316=CARTESIAN_POINT('',(-25.5328992755925,0.,18.4886127875258));
#14317=CARTESIAN_POINT('',(-25.5328992755925,1.,18.4886127875258));
#14318=CARTESIAN_POINT('Origin',(-25.5328992755925,0.,18.4886127875258));
#14319=CARTESIAN_POINT('',(-25.5328992755925,0.,18.4886127875258));
#14320=CARTESIAN_POINT('',(-25.5328992755925,1.,18.4886127875258));
#14321=CARTESIAN_POINT('Origin',(-14.6575,0.,23.1));
#14322=CARTESIAN_POINT('Origin',(-4.30000000000001,0.,-43.9));
#14323=CARTESIAN_POINT('',(-1.99999999999998,0.,40.266819575083));
#14324=CARTESIAN_POINT('Origin',(-4.3,0.,43.9));
#14325=CARTESIAN_POINT('',(-25.5328992755925,0.,18.4886127875258));
#14326=CARTESIAN_POINT('Origin',(-25.815,0.,15.));
#14327=CARTESIAN_POINT('',(-27.315,0.,1.76597986144537E-15));
#14328=CARTESIAN_POINT('Origin',(-25.815,0.,-15.));
#14329=CARTESIAN_POINT('',(-12.6734811614263,0.,24.8154590338902));
#14330=CARTESIAN_POINT('',(-10.2318020630298,0.,23.4057549491563));
#14331=CARTESIAN_POINT('',(-11.825240901068,0.,24.3257272912349));
#14332=CARTESIAN_POINT('',(-10.2318020630298,0.,20.4520440681523));
#14333=CARTESIAN_POINT('',(-10.2318020630298,0.,21.7760220340762));
#14334=CARTESIAN_POINT('',(-12.7318020630298,0.,19.0756279302341));
#14335=CARTESIAN_POINT('',(-12.620536190988,1.38777878078145E-16,19.1368871869853));
#14336=CARTESIAN_POINT('',(-15.2318020630298,0.,20.5190036032082));
#14337=CARTESIAN_POINT('',(-15.5752409010681,0.,20.7172881087998));
#14338=CARTESIAN_POINT('',(-15.2318020630298,0.,23.4069333639141));
#14339=CARTESIAN_POINT('',(-15.2318020630298,0.,23.253466681957));
#14340=CARTESIAN_POINT('',(-13.7971249350727,0.,24.1968184645629));
#14341=CARTESIAN_POINT('Origin',(-15.2318020630298,1.,20.5190036032082));
#14342=CARTESIAN_POINT('',(-12.7318020630298,1.,19.0756279302341));
#14343=CARTESIAN_POINT('',(-12.7318020630298,1.,19.0756279302341));
#14344=CARTESIAN_POINT('',(-15.2318020630298,1.,20.5190036032082));
#14345=CARTESIAN_POINT('',(-15.5752409010681,1.,20.7172881087998));
#14346=CARTESIAN_POINT('',(-15.2318020630298,1.,20.5190036032082));
#14347=CARTESIAN_POINT('Origin',(-15.2318020630298,1.,23.4069333639141));
#14348=CARTESIAN_POINT('',(-15.2318020630298,1.,23.4069333639141));
#14349=CARTESIAN_POINT('',(-15.2318020630298,1.,23.253466681957));
#14350=CARTESIAN_POINT('',(-15.2318020630298,1.,23.4069333639141));
#14351=CARTESIAN_POINT('Origin',(-12.6734811614263,1.,24.8154590338902));
#14352=CARTESIAN_POINT('',(-12.6734811614263,1.,24.8154590338902));
#14353=CARTESIAN_POINT('',(-13.7971249350727,1.,24.1968184645629));
#14354=CARTESIAN_POINT('',(-12.6734811614263,1.,24.8154590338902));
#14355=CARTESIAN_POINT('Origin',(-10.2318020630298,1.,23.4057549491563));
#14356=CARTESIAN_POINT('',(-10.2318020630298,1.,23.4057549491563));
#14357=CARTESIAN_POINT('',(-11.825240901068,1.,24.3257272912349));
#14358=CARTESIAN_POINT('',(-10.2318020630298,1.,23.4057549491563));
#14359=CARTESIAN_POINT('Origin',(-10.2318020630298,1.,20.4520440681523));
#14360=CARTESIAN_POINT('',(-10.2318020630298,1.,20.4520440681523));
#14361=CARTESIAN_POINT('',(-10.2318020630298,1.,21.7760220340762));
#14362=CARTESIAN_POINT('',(-10.2318020630298,1.,20.4520440681523));
#14363=CARTESIAN_POINT('Origin',(-12.7318020630298,1.,19.0756279302341));
#14364=CARTESIAN_POINT('',(-12.620536190988,1.,19.1368871869853));
#14365=CARTESIAN_POINT('Origin',(-25.815,0.,-15.));
#14366=CARTESIAN_POINT('Origin',(-25.815,1.,-15.));
#14367=CARTESIAN_POINT('Origin',(-4.30000000000001,0.,-43.9));
#14368=CARTESIAN_POINT('Origin',(-4.30000000000001,1.,-43.9));
#14369=CARTESIAN_POINT('Origin',(-25.5328992755925,0.,18.4886127875258));
#14370=CARTESIAN_POINT('',(-25.5328992755925,1.,18.4886127875258));
#14371=CARTESIAN_POINT('Origin',(-25.815,0.,15.));
#14372=CARTESIAN_POINT('Origin',(-25.815,1.,15.));
#14373=CARTESIAN_POINT('Origin',(-27.315,0.,3.6201361598411E-15));
#14374=CARTESIAN_POINT('',(-27.315,1.,1.76597986144537E-15));
#14375=CARTESIAN_POINT('Origin',(-1.99999999999998,0.,40.266819575083));
#14376=CARTESIAN_POINT('',(-1.99999999999998,1.,40.266819575083));
#14377=CARTESIAN_POINT('Origin',(-4.3,0.,43.9));
#14378=CARTESIAN_POINT('Origin',(-4.3,1.,43.9));
#14379=CARTESIAN_POINT('Origin',(-14.6575,1.,23.1));
#14380=CARTESIAN_POINT('Origin',(-14.6575,0.,23.1));
#14381=CARTESIAN_POINT('',(-2.7690758915882,0.,39.8817576760126));
#14382=CARTESIAN_POINT('',(-1.99999999999998,0.,39.4377315029769));
#14383=CARTESIAN_POINT('',(-2.82524090106802,0.,39.9141845593548));
#14384=CARTESIAN_POINT('',(-1.99999999999998,0.,40.266819575083));
#14385=CARTESIAN_POINT('',(-1.99999999999998,0.,40.266819575083));
#14386=CARTESIAN_POINT('Origin',(-4.3,0.,43.9));
#14387=CARTESIAN_POINT('Origin',(-14.6575,1.,23.1));
#14388=CARTESIAN_POINT('',(-1.99999999999998,1.,39.4377315029769));
#14389=CARTESIAN_POINT('',(-2.7690758915882,1.,39.8817576760126));
#14390=CARTESIAN_POINT('',(-2.82524090106802,1.,39.9141845593548));
#14391=CARTESIAN_POINT('',(-1.99999999999999,1.,40.266819575083));
#14392=CARTESIAN_POINT('Origin',(-4.3,1.,43.9));
#14393=CARTESIAN_POINT('',(-1.99999999999998,1.,40.266819575083));
#14394=CARTESIAN_POINT('Origin',(-4.3,0.,43.9));
#14395=CARTESIAN_POINT('',(-2.7690758915882,0.,39.8817576760126));
#14396=CARTESIAN_POINT('',(-1.99999999999998,0.,40.266819575083));
#14397=CARTESIAN_POINT('Origin',(-1.99999999999998,0.,40.266819575083));
#14398=CARTESIAN_POINT('',(-1.99999999999998,0.5,39.4377315029769));
#14399=CARTESIAN_POINT('Origin',(-1.23180206302972,1.,38.9942122172762));
#14400=UNCERTAINTY_MEASURE_WITH_UNIT(LENGTH_MEASURE(0.01),#14404,
'DISTANCE_ACCURACY_VALUE',
'Maximum model space distance between geometric entities at asserted c
onnectivities');
#14401=UNCERTAINTY_MEASURE_WITH_UNIT(LENGTH_MEASURE(0.01),#14404,
'DISTANCE_ACCURACY_VALUE',
'Maximum model space distance between geometric entities at asserted c
onnectivities');
#14402=(
GEOMETRIC_REPRESENTATION_CONTEXT(3)
GLOBAL_UNCERTAINTY_ASSIGNED_CONTEXT((#14400))
GLOBAL_UNIT_ASSIGNED_CONTEXT((#14404,#14406,#14407))
REPRESENTATION_CONTEXT('','3D')
);
#14403=(
GEOMETRIC_REPRESENTATION_CONTEXT(3)
GLOBAL_UNCERTAINTY_ASSIGNED_CONTEXT((#14401))
GLOBAL_UNIT_ASSIGNED_CONTEXT((#14404,#14406,#14407))
REPRESENTATION_CONTEXT('','3D')
);
#14404=(
LENGTH_UNIT()
NAMED_UNIT(*)
SI_UNIT(.MILLI.,.METRE.)
);
#14405=(
LENGTH_UNIT()
NAMED_UNIT(*)
SI_UNIT(.CENTI.,.METRE.)
);
#14406=(
NAMED_UNIT(*)
PLANE_ANGLE_UNIT()
SI_UNIT($,.RADIAN.)
);
#14407=(
NAMED_UNIT(*)
SI_UNIT($,.STERADIAN.)
SOLID_ANGLE_UNIT()
);
#14408=SHAPE_DEFINITION_REPRESENTATION(#14409,#14410);
#14409=PRODUCT_DEFINITION_SHAPE('',$,#14412);
#14410=SHAPE_REPRESENTATION('',(#9148),#14402);
#14411=PRODUCT_DEFINITION_CONTEXT('part definition',#14416,'design');
#14412=PRODUCT_DEFINITION('UpperSomething','UpperSomething',#14413,#14411);
#14413=PRODUCT_DEFINITION_FORMATION('',$,#14418);
#14414=PRODUCT_RELATED_PRODUCT_CATEGORY('UpperSomething',
'UpperSomething',(#14418));
#14415=APPLICATION_PROTOCOL_DEFINITION('international standard',
'automotive_design',2009,#14416);
#14416=APPLICATION_CONTEXT(
'Core Data for Automotive Mechanical Design Process');
#14417=PRODUCT_CONTEXT('part definition',#14416,'mechanical');
#14418=PRODUCT('UpperSomething','UpperSomething',$,(#14417));
#14419=PRESENTATION_STYLE_ASSIGNMENT((#14421));
#14420=PRESENTATION_STYLE_ASSIGNMENT((#14422));
#14421=SURFACE_STYLE_USAGE(.BOTH.,#14427);
#14422=SURFACE_STYLE_USAGE(.BOTH.,#14428);
#14423=SURFACE_STYLE_RENDERING_WITH_PROPERTIES($,#14435,(#14425));
#14424=SURFACE_STYLE_RENDERING_WITH_PROPERTIES($,#14436,(#14426));
#14425=SURFACE_STYLE_TRANSPARENT(0.);
#14426=SURFACE_STYLE_TRANSPARENT(0.);
#14427=SURFACE_SIDE_STYLE('',(#14429,#14423));
#14428=SURFACE_SIDE_STYLE('',(#14430,#14424));
#14429=SURFACE_STYLE_FILL_AREA(#14431);
#14430=SURFACE_STYLE_FILL_AREA(#14432);
#14431=FILL_AREA_STYLE('',(#14433));
#14432=FILL_AREA_STYLE('',(#14434));
#14433=FILL_AREA_STYLE_COLOUR('',#14435);
#14434=FILL_AREA_STYLE_COLOUR('',#14436);
#14435=COLOUR_RGB('',0.749019607843137,0.749019607843137,0.749019607843137);
#14436=COLOUR_RGB('',0.87843137254902,0.,0.);
ENDSEC;
END-ISO-10303-21;
